byte offset: 0
first index: 6603
index count: 38535
topology: trianglelist
format: DXGI_FORMAT_R16_UINT

1706 1707 1708
1709 1710 1711
1712 1713 1714
1715 1716 1717
1718 1719 1720
1721 1722 1719
1721 1723 1722
1724 1722 1723
1724 1723 1725
1726 1724 1725
1726 1725 1727
1726 1727 1728
1726 1728 1729
1729 1728 1730
1729 1730 1731
1732 1733 1734
1735 1736 1737
1738 1739 1740
1741 1742 1739
1741 1743 1742
1744 1742 1743
1744 1743 1745
1746 1744 1745
1746 1745 1747
1746 1747 1748
1746 1748 1749
1749 1748 1750
1749 1750 1751
1752 1753 1754
1755 1756 1757
1758 1759 1760
1761 1762 1763
1764 1765 1766
1767 1768 1769
1770 1771 1772
1773 1774 1775
1776 1777 1778
1779 1780 1781
1782 1783 1784
1785 1786 1787
1788 1789 1790
1791 1792 1793
1794 1795 1796
1797 1798 1799
1800 1801 1802
1803 1804 1805
1806 1807 1808
1809 1810 1811
1812 1813 1814
1815 1816 1817
1818 1819 1820
1821 1822 1823
1824 1825 1826
1827 1828 1829
1830 1831 1832
1833 1834 1835
1836 1837 1838
1839 1840 1841
1842 1843 1844
1845 1844 1846
1846 1844 1847
1848 1847 1844
1846 1847 1849
1850 1846 1849
1851 1846 1850
1852 1853 1848
1853 1852 1854
1853 1854 1855
1855 1854 1856
1855 1856 1857
1857 1856 1858
1857 1858 1859
1859 1858 1860
1859 1860 1861
1862 1861 1860
1862 1860 1863
1864 1862 1863
1864 1863 1865
1866 1864 1865
1866 1865 1867
1868 1866 1867
1868 1867 1869
1870 1868 1869
1871 1870 1869
1871 1869 1872
1873 1871 1872
1874 1875 1876
1877 1878 1879
1880 1881 1882
1883 1884 1885
1886 1887 1888
1889 1890 1887
1891 1887 1890
1891 1892 1887
1887 1892 1893
1894 1891 1890
1895 1894 1890
1896 1893 1897
1897 1898 1896
1897 1899 1898
1899 1900 1898
1899 1901 1900
1901 1902 1900
1901 1903 1902
1903 1904 1902
1903 1905 1904
1906 1904 1905
1906 1907 1904
1908 1907 1906
1908 1909 1907
1910 1909 1908
1910 1911 1909
1912 1911 1910
1912 1913 1911
1913 1912 1914
1915 1913 1914
1915 1916 1913
1916 1915 1917
1918 1919 1920
1921 1922 1923
1924 1925 1926
1925 1927 1928
1929 1928 1930
1929 1931 1928
1931 1932 1933
1931 1933 1934
1935 1936 1937
1938 1939 1940
1941 1942 1943
1944 1945 1946
1947 1948 1949
1950 1951 1952
1950 1952 1953
1954 1950 1953
1954 1955 1950
1956 1955 1954
1956 1954 1957
1958 1956 1957
1958 1959 1956
1960 1961 1962
1960 1962 1963
1964 1965 1966
1964 1966 1967
1966 1968 1967
1966 1969 1968
1970 1971 1972
1970 1972 1973
1974 1970 1973
1974 1975 1970
1976 1977 1975
1976 1978 1977
1977 1978 1979
1977 1979 1980
1981 1982 1983
1981 1983 1984
1985 1986 1987
1985 1988 1986
1989 1988 1990
1989 1990 1991
1992 1989 1991
1992 1993 1989
1994 1993 1992
1994 1992 1995
1996 1997 1998
1996 1998 1999
2000 2001 2002
2000 2003 2001
2001 2003 2004
2001 2004 2005
2006 2007 2008
2006 2008 2009
2010 2011 2012
2010 2012 2013
2014 2015 2016
2014 2016 2017
2018 2019 2020
2018 2020 2021
2022 2023 2024
2022 2024 2025
2025 2026 2022
2025 2027 2026
2028 2029 2030
2028 2031 2029
2032 2031 2028
2032 2028 2033
2033 2034 2032
2033 2035 2034
2034 2035 2036
2034 2036 2037
2037 2036 2038
2037 2038 2039
2039 2038 2040
2039 2040 2041
2042 2041 2040
2042 2043 2041
2043 2042 2044
2043 2044 2045
2045 2044 2046
2045 2046 2047
2046 2048 2047
2046 2049 2048
2048 2049 2050
2048 2050 2051
2051 2050 2052
2051 2052 2053
2053 2052 2054
2053 2054 2055
2055 2054 2056
2055 2056 2057
2058 2057 2056
2058 2056 2059
2060 2058 2059
2060 2061 2058
2062 2063 2064
2062 2064 2065
2066 2067 2068
2066 2068 2069
2070 2066 2069
2070 2069 2071
2072 2070 2071
2072 2071 2073
2074 2075 2076
2074 2076 2077
2078 2079 2080
2078 2080 2081
2082 2083 2084
2082 2085 2083
2085 2082 2086
2085 2087 2083
2088 2085 2086
2085 2089 2087
2090 2085 2088
2089 2085 2090
2091 2092 2093
2091 2094 2092
2094 2091 2095
2094 2096 2092
2097 2094 2095
2094 2098 2096
2099 2094 2097
2098 2094 2099
2100 2101 2102
2102 2101 2103
2101 2104 2103
2101 2105 2104
2102 2103 2106
2106 2103 2107
2108 2102 2106
2108 2106 2109
2110 2108 2109
2110 2109 2111
2112 2110 2111
2112 2111 2113
2114 2112 2113
2114 2113 2115
2116 2117 2118
2119 2117 2116
2120 2117 2119
2120 2121 2117
2119 2116 2122
2123 2119 2122
2122 2116 2124
2122 2124 2125
2124 2126 2125
2124 2127 2126
2127 2128 2126
2127 2129 2128
2129 2130 2128
2129 2131 2130
2132 2133 2134
2132 2134 2135
2136 2137 2138
2136 2139 2137
2139 2140 2137
2139 2141 2140
2141 2142 2140
2141 2143 2142
2143 2144 2142
2143 2145 2144
2145 2146 2144
2145 2147 2146
2148 2149 2150
2148 2151 2149
2151 2152 2149
2151 2153 2152
2153 2154 2152
2153 2155 2154
2155 2156 2154
2155 2157 2156
2157 2158 2156
2157 2159 2158
2160 2161 2162
2160 2162 2163
2164 2165 2166
2164 2166 2167
2168 2169 2170
2168 2170 2171
2172 2173 2174
2172 2174 2175
2176 2177 2178
2176 2178 2179
2180 2181 2182
2181 2183 2182
2182 2183 2184
2182 2184 2185
2181 2186 2183
2186 2187 2183
2188 2186 2181
2188 2189 2186
2190 2189 2188
2190 2191 2189
2192 2191 2190
2192 2193 2191
2194 2193 2192
2194 2195 2193
2196 2197 2198
2199 2196 2198
2200 2199 2198
2200 2198 2201
2199 2202 2196
2203 2202 2199
2202 2204 2196
2202 2205 2204
2204 2205 2206
2204 2206 2207
2207 2206 2208
2207 2208 2209
2209 2208 2210
2209 2210 2211
2212 2213 2214
2212 2214 2215
2216 2217 2218
2216 2218 2219
2219 2218 2220
2219 2220 2221
2221 2220 2222
2221 2222 2223
2223 2222 2224
2223 2224 2225
2225 2224 2226
2225 2226 2227
2228 2229 2230
2228 2230 2231
2231 2230 2232
2231 2232 2233
2233 2232 2234
2233 2234 2235
2235 2234 2236
2235 2236 2237
2237 2236 2238
2237 2238 2239
2240 2241 2242
2240 2242 2243
2244 2245 2246
2244 2246 2247
2248 2249 2250
2248 2250 2251
2252 2253 2254
2252 2254 2255
2256 2257 2258
2256 2258 2259
2260 2261 2262
2262 2263 2260
2264 2263 2262
2264 2265 2263
2264 2266 2265
2264 2262 2267
2267 2268 2264
2264 2268 2269
2270 2264 2269
2270 2271 2264
2264 2271 2272
2273 2268 2267
2273 2267 2274
2274 2267 2262
2274 2275 2273
2274 2262 2276
2276 2262 2277
2276 2277 2278
2278 2277 2279
2274 2276 2280
2276 2278 2280
2274 2281 2275
2274 2280 2281
2282 2275 2281
2282 2281 2280
2282 2283 2275
2279 2284 2278
2280 2278 2284
2282 2280 2285
2280 2284 2285
2286 2283 2282
2286 2287 2283
2286 2288 2287
2282 2285 2289
2282 2289 2286
2289 2285 2284
2286 2290 2288
2289 2290 2286
2290 2291 2288
2279 2292 2284
2292 2279 2293
2289 2284 2294
2294 2284 2292
2292 2293 2295
2296 2295 2293
2297 2292 2295
2294 2292 2297
2294 2298 2289
2289 2298 2290
2296 2299 2295
2297 2295 2299
2297 2300 2294
2294 2300 2298
2296 2301 2299
2301 2296 2302
2303 2297 2299
2297 2303 2300
2301 2302 2304
2305 2304 2302
2290 2298 2306
2298 2300 2307
2298 2307 2306
2300 2308 2307
2300 2303 2308
2290 2306 2309
2290 2309 2291
2306 2307 2310
2308 2310 2307
2311 2291 2309
2311 2312 2291
2313 2312 2311
2309 2306 2314
2309 2314 2311
2306 2310 2314
2313 2311 2315
2314 2315 2311
2316 2313 2315
2314 2317 2315
2310 2317 2314
2316 2315 2318
2317 2318 2315
2319 2316 2318
2319 2320 2316
2319 2321 2320
2322 2319 2318
2317 2322 2318
2323 2322 2317
2319 2324 2321
2322 2324 2319
2324 2322 2323
2324 2325 2321
2324 2326 2325
2324 2323 2326
2326 2327 2325
2310 2328 2317
2323 2317 2328
2326 2329 2327
2329 2326 2323
2330 2328 2310
2308 2330 2310
2323 2328 2331
2330 2331 2328
2330 2308 2332
2303 2332 2308
2333 2327 2329
2333 2334 2327
2335 2334 2333
2329 2323 2336
2323 2331 2336
2337 2331 2330
2330 2332 2337
2303 2338 2332
2303 2299 2338
2329 2336 2339
2329 2339 2333
2340 2336 2331
2340 2339 2336
2337 2340 2331
2335 2333 2341
2341 2342 2335
2333 2339 2343
2340 2343 2339
2333 2343 2341
2344 2337 2332
2338 2344 2332
2345 2338 2299
2338 2345 2344
2345 2299 2301
2301 2346 2345
2344 2345 2346
2301 2304 2346
2341 2347 2342
2347 2348 2342
2344 2349 2337
2349 2340 2337
2350 2346 2304
2350 2304 2305
2344 2346 2351
2349 2344 2351
2350 2351 2346
2349 2352 2340
2340 2352 2343
2341 2343 2353
2341 2353 2347
2354 2350 2305
2354 2305 2355
2354 2355 2356
2350 2357 2351
2357 2350 2354
2349 2351 2358
2352 2349 2358
2357 2358 2351
2343 2352 2359
2352 2358 2359
2343 2359 2353
2354 2356 2360
2360 2356 2361
2362 2359 2358
2357 2362 2358
2353 2359 2363
2362 2363 2359
2357 2354 2364
2364 2354 2360
2357 2365 2362
2365 2363 2362
2357 2364 2365
2353 2363 2366
2347 2353 2366
2360 2361 2367
2360 2367 2368
2367 2361 2369
2367 2369 2370
2368 2367 2370
2370 2369 2371
2364 2360 2372
2360 2368 2372
2373 2364 2372
2373 2365 2364
2368 2373 2372
2365 2374 2363
2374 2366 2363
2366 2374 2375
2376 2374 2365
2376 2365 2373
2375 2374 2376
2370 2371 2377
2378 2377 2371
2368 2370 2379
2377 2379 2370
2380 2366 2375
2347 2366 2380
2347 2380 2348
2375 2348 2380
2375 2381 2348
2375 2382 2381
2375 2383 2382
2375 2376 2383
2382 2383 2384
2384 2383 2376
2382 2384 2385
2384 2386 2385
2384 2376 2387
2373 2387 2376
2384 2388 2386
2388 2389 2386
2373 2390 2387
2368 2390 2373
2391 2390 2368
2387 2390 2391
2391 2368 2379
2384 2387 2392
2384 2392 2388
2387 2391 2392
2393 2391 2379
2377 2393 2379
2392 2391 2394
2393 2394 2391
2395 2393 2377
2378 2395 2377
2396 2395 2378
2396 2378 2397
2396 2397 2398
2396 2398 2399
2396 2399 2400
2396 2400 2401
2395 2402 2393
2396 2402 2395
2402 2394 2393
2401 2402 2396
2402 2403 2394
2401 2403 2402
2392 2394 2404
2404 2394 2403
2401 2405 2403
2404 2403 2405
2404 2406 2392
2406 2388 2392
2406 2407 2388
2388 2407 2389
2389 2407 2408
2389 2408 2409
2410 2409 2408
2410 2408 2411
2408 2412 2411
2407 2413 2408
2408 2413 2412
2407 2414 2413
2406 2414 2407
2415 2412 2413
2414 2415 2413
2415 2416 2412
2406 2417 2414
2414 2417 2415
2404 2418 2406
2406 2418 2417
2419 2416 2415
2419 2420 2416
2419 2421 2420
2415 2417 2422
2418 2422 2417
2415 2422 2419
2404 2423 2418
2418 2423 2422
2404 2405 2423
2419 2424 2421
2424 2425 2421
2426 2419 2422
2423 2426 2422
2426 2424 2419
2427 2423 2405
2427 2426 2423
2401 2427 2405
2427 2428 2426
2428 2427 2401
2428 2424 2426
2428 2401 2429
2424 2430 2425
2428 2430 2424
2431 2428 2429
2428 2431 2430
2431 2425 2430
2431 2429 2432
2431 2433 2425
2434 2435 2436
2434 2437 2435
2438 2437 2434
2437 2439 2435
2438 2440 2437
2440 2438 2441
2437 2442 2439
2442 2443 2439
2437 2440 2444
2437 2444 2442
2445 2442 2444
2440 2441 2446
2447 2446 2441
2440 2448 2444
2448 2445 2444
2440 2446 2448
2442 2449 2443
2445 2449 2442
2443 2449 2450
2450 2449 2445
2443 2450 2451
2450 2452 2451
2447 2453 2446
2454 2453 2447
2446 2455 2448
2446 2453 2455
2454 2456 2453
2456 2455 2453
2457 2456 2454
2450 2458 2452
2458 2459 2452
2450 2445 2460
2458 2450 2460
2448 2461 2445
2455 2461 2448
2445 2462 2460
2445 2461 2462
2458 2463 2459
2463 2464 2459
2458 2460 2465
2462 2465 2460
2458 2465 2466
2458 2466 2463
2462 2467 2465
2467 2466 2465
2461 2468 2462
2468 2467 2462
2455 2469 2461
2461 2469 2468
2470 2469 2455
2456 2470 2455
2463 2471 2464
2463 2466 2472
2463 2472 2471
2467 2473 2466
2473 2472 2466
2468 2474 2467
2474 2473 2467
2469 2475 2468
2475 2474 2468
2470 2476 2469
2469 2476 2475
2477 2470 2456
2477 2476 2470
2478 2464 2471
2478 2479 2464
2480 2471 2472
2480 2478 2471
2473 2481 2472
2481 2480 2472
2474 2482 2473
2482 2481 2473
2479 2478 2483
2479 2483 2484
2478 2480 2485
2478 2485 2483
2481 2486 2480
2486 2485 2480
2487 2484 2483
2487 2488 2484
2487 2489 2488
2483 2485 2490
2483 2490 2487
2491 2487 2490
2487 2492 2489
2491 2492 2487
2489 2492 2493
2491 2493 2492
2489 2493 2494
2493 2495 2494
2496 2490 2485
2486 2496 2485
2497 2486 2481
2482 2497 2481
2498 2491 2490
2496 2498 2490
2499 2496 2486
2497 2499 2486
2498 2496 2500
2499 2500 2496
2493 2501 2495
2491 2502 2493
2501 2493 2502
2495 2501 2503
2495 2503 2504
2503 2505 2504
2499 2497 2506
2507 2500 2499
2499 2506 2507
2508 2506 2497
2508 2497 2482
2509 2508 2482
2509 2482 2474
2475 2509 2474
2510 2506 2508
2511 2508 2509
2511 2510 2508
2512 2509 2475
2512 2511 2509
2510 2513 2506
2507 2506 2513
2514 2510 2511
2513 2510 2514
2475 2515 2512
2512 2515 2516
2475 2476 2515
2477 2515 2476
2516 2515 2477
2517 2511 2512
2514 2511 2517
2512 2516 2518
2517 2512 2518
2519 2517 2518
2516 2519 2518
2520 2514 2517
2519 2520 2517
2507 2513 2521
2521 2522 2507
2507 2522 2500
2523 2500 2522
2498 2500 2523
2513 2514 2524
2525 2521 2513
2525 2513 2524
2521 2526 2522
2525 2526 2521
2523 2522 2527
2527 2522 2526
2498 2523 2528
2527 2528 2523
2529 2524 2514
2520 2529 2514
2530 2525 2524
2529 2530 2524
2498 2528 2531
2498 2531 2491
2532 2491 2531
2528 2532 2531
2532 2502 2491
2525 2533 2526
2527 2526 2534
2533 2534 2526
2527 2535 2528
2534 2535 2527
2528 2536 2532
2536 2528 2535
2537 2502 2532
2537 2532 2536
2530 2538 2525
2538 2533 2525
2537 2539 2502
2501 2502 2539
2539 2540 2501
2537 2540 2539
2501 2540 2503
2534 2541 2535
2536 2535 2542
2542 2535 2541
2533 2543 2534
2543 2541 2534
2537 2536 2544
2536 2542 2545
2536 2545 2544
2542 2541 2546
2545 2542 2546
2547 2537 2544
2537 2547 2540
2540 2547 2548
2547 2544 2549
2545 2549 2544
2548 2547 2549
2540 2550 2503
2540 2548 2550
2551 2503 2550
2503 2551 2505
2551 2550 2552
2552 2550 2548
2553 2505 2551
2552 2553 2551
2553 2554 2505
2555 2554 2553
2545 2556 2549
2548 2549 2557
2557 2549 2556
2558 2556 2545
2559 2556 2558
2545 2546 2558
2559 2558 2546
2559 2546 2560
2560 2546 2541
2560 2541 2543
2561 2560 2543
2561 2559 2560
2561 2543 2562
2533 2562 2543
2533 2563 2562
2564 2562 2563
2538 2563 2533
2565 2563 2538
2564 2563 2565
2566 2565 2538
2566 2538 2530
2567 2566 2530
2567 2530 2529
2568 2567 2529
2568 2529 2520
2566 2567 2569
2569 2567 2568
2565 2566 2570
2566 2569 2570
2564 2565 2571
2565 2570 2571
2572 2568 2520
2572 2520 2519
2573 2572 2519
2516 2573 2519
2574 2571 2570
2575 2570 2569
2575 2574 2570
2564 2571 2576
2574 2576 2571
2569 2568 2577
2568 2572 2578
2568 2578 2577
2572 2579 2578
2580 2569 2577
2580 2575 2569
2581 2577 2578
2579 2581 2578
2581 2580 2577
2573 2582 2572
2572 2582 2579
2583 2582 2573
2579 2582 2583
2583 2573 2584
2584 2573 2516
2584 2516 2585
2516 2477 2585
2586 2583 2584
2586 2584 2585
2585 2477 2587
2477 2456 2587
2457 2587 2456
2585 2587 2588
2588 2587 2457
2586 2585 2588
2588 2457 2589
2590 2588 2589
2590 2586 2588
2591 2586 2590
2586 2591 2583
2591 2590 2592
2593 2591 2592
2594 2583 2591
2579 2583 2594
2593 2595 2591
2594 2591 2595
2596 2579 2594
2595 2596 2594
2597 2595 2593
2595 2597 2596
2597 2593 2598
2596 2599 2579
2579 2599 2581
2600 2596 2597
2600 2599 2596
2598 2601 2597
2600 2597 2601
2598 2602 2601
2599 2603 2581
2603 2580 2581
2600 2604 2599
2599 2604 2603
2605 2601 2602
2605 2602 2606
2607 2600 2601
2607 2604 2600
2607 2601 2605
2603 2608 2580
2608 2575 2580
2609 2605 2606
2609 2606 2610
2604 2611 2603
2611 2608 2603
2608 2612 2575
2612 2574 2575
2613 2607 2605
2613 2605 2609
2610 2614 2609
2610 2615 2614
2616 2614 2615
2616 2617 2614
2618 2614 2617
2609 2614 2619
2618 2619 2614
2609 2619 2613
2620 2619 2618
2621 2613 2619
2620 2621 2619
2622 2607 2613
2621 2622 2613
2623 2621 2620
2623 2620 2624
2622 2625 2607
2607 2625 2604
2604 2625 2611
2626 2622 2621
2626 2625 2622
2626 2621 2623
2626 2611 2625
2627 2623 2624
2626 2623 2627
2627 2624 2628
2629 2627 2628
2630 2611 2626
2626 2627 2630
2629 2631 2627
2630 2627 2631
2630 2632 2611
2611 2632 2608
2632 2612 2608
2633 2632 2630
2630 2631 2633
2629 2634 2631
2629 2635 2634
2634 2635 2636
2632 2637 2612
2633 2637 2632
2631 2638 2633
2631 2634 2638
2638 2637 2633
2634 2636 2639
2639 2636 2640
2637 2641 2612
2612 2641 2574
2641 2576 2574
2638 2642 2637
2637 2642 2641
2634 2643 2638
2634 2639 2643
2643 2642 2638
2641 2644 2576
2642 2644 2641
2643 2645 2642
2642 2645 2644
2646 2576 2644
2564 2576 2646
2644 2645 2647
2643 2647 2645
2644 2647 2646
2648 2643 2639
2643 2648 2647
2648 2639 2649
2650 2648 2649
2640 2650 2649
2639 2640 2649
2640 2651 2650
2652 2650 2651
2650 2652 2653
2654 2647 2648
2650 2654 2648
2655 2646 2647
2654 2655 2647
2650 2653 2656
2656 2653 2657
2658 2654 2650
2658 2650 2656
2654 2658 2659
2654 2659 2655
2655 2659 2660
2655 2661 2646
2655 2660 2661
2661 2564 2646
2661 2662 2564
2660 2662 2661
2564 2662 2562
2562 2662 2663
2660 2663 2662
2562 2663 2561
2664 2658 2656
2664 2659 2658
2656 2657 2665
2664 2656 2665
2657 2666 2665
2664 2665 2666
2657 2667 2666
2668 2666 2667
2664 2669 2659
2660 2659 2669
2666 2669 2664
2561 2663 2670
2660 2670 2663
2660 2669 2671
2660 2671 2670
2668 2672 2666
2672 2668 2673
2666 2674 2669
2674 2671 2669
2666 2672 2675
2666 2675 2674
2672 2673 2676
2676 2675 2672
2561 2670 2677
2670 2678 2677
2561 2677 2559
2678 2559 2677
2679 2670 2671
2670 2679 2678
2674 2680 2671
2679 2671 2680
2674 2681 2680
2674 2675 2681
2682 2679 2680
2678 2679 2682
2682 2680 2681
2673 2683 2676
2673 2684 2683
2683 2684 2685
2678 2686 2559
2559 2686 2556
2686 2687 2556
2557 2556 2687
2688 2686 2678
2686 2688 2687
2678 2682 2689
2688 2678 2689
2557 2687 2690
2690 2548 2557
2690 2691 2548
2552 2548 2691
2691 2692 2552
2552 2692 2553
2690 2693 2691
2691 2693 2692
2687 2694 2690
2690 2694 2693
2695 2687 2688
2687 2695 2694
2689 2696 2688
2695 2688 2696
2697 2689 2682
2689 2697 2696
2698 2693 2694
2698 2692 2693
2692 2699 2553
2555 2553 2699
2695 2700 2694
2698 2694 2700
2697 2682 2701
2681 2701 2682
2702 2696 2697
2701 2702 2697
2703 2695 2696
2695 2703 2700
2698 2704 2692
2692 2704 2699
2555 2699 2705
2555 2705 2706
2699 2704 2707
2699 2707 2705
2706 2705 2708
2707 2708 2705
2706 2708 2709
2709 2708 2710
2709 2710 2711
2710 2712 2711
2704 2698 2713
2704 2713 2707
2714 2698 2700
2714 2713 2698
2707 2715 2708
2715 2710 2708
2716 2707 2713
2716 2715 2707
2717 2714 2700
2718 2714 2717
2717 2700 2703
2719 2713 2714
2719 2716 2713
2718 2719 2714
2720 2716 2719
2720 2719 2718
2721 2715 2716
2720 2721 2716
2722 2717 2703
2722 2718 2717
2715 2723 2710
2721 2723 2715
2710 2723 2724
2724 2723 2721
2720 2725 2721
2724 2721 2725
2710 2724 2726
2710 2726 2712
2726 2724 2727
2727 2724 2725
2728 2712 2726
2726 2727 2728
2728 2729 2712
2728 2730 2729
2728 2731 2730
2727 2731 2728
2732 2730 2731
2732 2733 2730
2732 2734 2733
2732 2735 2734
2727 2736 2731
2736 2732 2731
2737 2735 2732
2736 2737 2732
2737 2738 2735
2727 2725 2739
2739 2736 2727
2740 2737 2736
2739 2740 2736
2741 2738 2737
2740 2741 2737
2741 2742 2738
2743 2741 2740
2739 2743 2740
2744 2742 2741
2743 2744 2741
2744 2745 2742
2746 2739 2725
2720 2746 2725
2747 2745 2744
2747 2748 2745
2746 2749 2739
2739 2749 2743
2720 2750 2746
2749 2746 2750
2744 2743 2751
2744 2751 2747
2743 2749 2752
2749 2750 2752
2743 2752 2751
2753 2748 2747
2753 2754 2748
2755 2747 2751
2755 2753 2747
2756 2754 2753
2756 2753 2755
2756 2757 2754
2758 2751 2752
2758 2755 2751
2759 2758 2752
2759 2752 2750
2755 2758 2760
2759 2760 2758
2756 2755 2761
2755 2760 2761
2762 2757 2756
2762 2763 2757
2764 2756 2761
2764 2762 2756
2765 2761 2760
2765 2764 2761
2766 2763 2762
2766 2767 2763
2762 2764 2768
2768 2764 2765
2762 2768 2766
2769 2767 2766
2769 2770 2767
2759 2771 2760
2771 2765 2760
2766 2768 2772
2766 2772 2769
2768 2773 2772
2774 2770 2769
2774 2775 2770
2769 2772 2776
2769 2776 2774
2773 2776 2772
2777 2775 2774
2776 2777 2774
2777 2778 2775
2776 2779 2777
2779 2776 2780
2773 2780 2776
2779 2780 2781
2782 2781 2780
2782 2780 2783
2773 2783 2780
2783 2784 2782
2768 2785 2773
2768 2765 2785
2785 2765 2786
2771 2786 2765
2773 2785 2787
2785 2786 2787
2773 2788 2783
2773 2787 2788
2783 2789 2784
2788 2789 2783
2790 2784 2789
2790 2791 2784
2685 2791 2790
2788 2792 2789
2792 2788 2787
2792 2790 2789
2793 2787 2786
2792 2787 2793
2794 2786 2771
2793 2786 2794
2793 2795 2792
2792 2795 2790
2685 2790 2796
2683 2685 2796
2797 2796 2790
2797 2790 2795
2798 2683 2796
2798 2796 2797
2676 2683 2798
2793 2799 2795
2799 2793 2794
2794 2771 2800
2759 2800 2771
2795 2801 2797
2795 2799 2801
2799 2794 2802
2800 2802 2794
2676 2798 2803
2676 2803 2675
2675 2803 2804
2798 2804 2803
2675 2804 2681
2681 2804 2701
2805 2798 2797
2798 2805 2804
2701 2804 2805
2805 2797 2801
2701 2805 2806
2806 2805 2801
2701 2806 2702
2799 2807 2801
2806 2801 2807
2799 2802 2807
2807 2702 2806
2808 2807 2802
2807 2808 2702
2808 2802 2809
2800 2809 2802
2808 2810 2702
2702 2810 2696
2703 2696 2810
2722 2703 2810
2808 2722 2810
2722 2808 2809
2722 2809 2811
2800 2811 2809
2722 2811 2718
2800 2812 2811
2812 2718 2811
2759 2812 2800
2812 2759 2750
2812 2813 2718
2812 2750 2813
2720 2718 2813
2720 2813 2750
2814 2815 2816
2815 2814 2817
2818 2815 2817
2818 2817 2819
2818 2819 2820
2818 2821 2815
2821 2818 2822
2818 2823 2822
2824 2823 2818
2824 2818 2825
2818 2826 2825
2827 2821 2822
2827 2828 2821
2828 2815 2821
2828 2827 2829
2828 2830 2815
2830 2831 2815
2830 2832 2831
2832 2833 2831
2828 2834 2830
2830 2834 2832
2828 2829 2835
2828 2835 2834
2836 2835 2829
2836 2834 2835
2836 2829 2837
2833 2832 2838
2834 2838 2832
2836 2839 2834
2834 2839 2838
2840 2836 2837
2840 2837 2841
2840 2841 2842
2836 2843 2839
2836 2840 2843
2843 2838 2839
2840 2842 2844
2843 2840 2844
2844 2842 2845
2833 2838 2846
2846 2847 2833
2843 2848 2838
2848 2846 2838
2846 2849 2847
2850 2847 2849
2851 2849 2846
2848 2851 2846
2848 2843 2852
2843 2844 2852
2850 2849 2853
2851 2853 2849
2851 2848 2854
2848 2852 2854
2850 2853 2855
2855 2856 2850
2857 2853 2851
2851 2854 2857
2855 2858 2856
2859 2856 2858
2844 2860 2852
2852 2861 2854
2852 2860 2861
2854 2861 2862
2854 2862 2857
2844 2863 2860
2844 2845 2863
2860 2864 2861
2862 2861 2864
2865 2863 2845
2865 2845 2866
2867 2865 2866
2863 2868 2860
2863 2865 2868
2860 2868 2864
2867 2869 2865
2868 2865 2869
2870 2869 2867
2868 2869 2871
2864 2868 2871
2870 2872 2869
2871 2869 2872
2873 2872 2870
2873 2870 2874
2873 2874 2875
2876 2872 2873
2871 2872 2876
2877 2871 2876
2873 2875 2878
2876 2873 2878
2878 2877 2876
2878 2875 2879
2878 2879 2880
2878 2880 2877
2880 2879 2881
2864 2871 2882
2877 2882 2871
2880 2881 2883
2883 2877 2880
2884 2864 2882
2862 2864 2884
2877 2885 2882
2884 2882 2885
2884 2886 2862
2857 2862 2886
2887 2883 2881
2887 2881 2888
2889 2887 2888
2883 2890 2877
2877 2890 2885
2891 2884 2885
2884 2891 2886
2857 2886 2892
2857 2892 2853
2883 2893 2890
2883 2887 2893
2894 2885 2890
2894 2890 2893
2891 2885 2894
2889 2895 2887
2895 2889 2896
2887 2897 2893
2894 2893 2897
2887 2895 2897
2898 2886 2891
2892 2886 2898
2899 2853 2892
2892 2898 2899
2899 2855 2853
2855 2899 2900
2898 2900 2899
2855 2900 2858
2895 2896 2901
2901 2896 2902
2898 2891 2903
2903 2891 2894
2904 2858 2900
2904 2859 2858
2898 2905 2900
2903 2905 2898
2904 2900 2905
2903 2894 2906
2894 2897 2906
2895 2907 2897
2895 2901 2907
2908 2859 2904
2908 2909 2859
2908 2910 2909
2904 2905 2911
2911 2908 2904
2903 2912 2905
2906 2912 2903
2911 2905 2912
2897 2913 2906
2906 2913 2912
2897 2907 2913
2908 2914 2910
2914 2915 2910
2916 2912 2913
2911 2912 2916
2907 2917 2913
2916 2913 2917
2911 2918 2908
2918 2914 2908
2911 2916 2919
2919 2916 2917
2911 2919 2918
2907 2920 2917
2901 2920 2907
2914 2921 2915
2914 2922 2921
2921 2923 2915
2921 2924 2923
2922 2924 2921
2924 2925 2923
2918 2926 2914
2914 2926 2922
2927 2926 2918
2927 2918 2919
2922 2926 2927
2919 2917 2928
2928 2917 2920
2920 2929 2928
2930 2919 2928
2930 2927 2919
2929 2930 2928
2924 2931 2925
2932 2925 2931
2922 2933 2924
2931 2924 2933
2934 2929 2920
2901 2934 2920
2901 2902 2934
2929 2934 2902
2929 2902 2935
2929 2935 2936
2929 2936 2937
2929 2937 2930
2936 2938 2937
2938 2930 2937
2936 2939 2938
2938 2939 2940
2938 2941 2930
2927 2930 2941
2938 2940 2942
2942 2940 2943
2927 2941 2944
2922 2927 2944
2945 2922 2944
2941 2945 2944
2945 2933 2922
2938 2946 2941
2938 2942 2946
2941 2946 2945
2947 2933 2945
2931 2933 2947
2946 2948 2945
2947 2945 2948
2949 2931 2947
2932 2931 2949
2950 2932 2949
2950 2951 2932
2950 2952 2951
2950 2953 2952
2950 2954 2953
2950 2955 2954
2949 2947 2956
2950 2949 2956
2956 2947 2948
2955 2950 2956
2956 2948 2957
2955 2956 2957
2946 2958 2948
2958 2957 2948
2955 2957 2959
2958 2959 2957
2958 2946 2960
2960 2946 2942
2960 2942 2961
2942 2943 2961
2943 2962 2961
2943 2963 2962
2410 2962 2963
2410 2964 2962
2962 2964 2965
2961 2962 2966
2962 2965 2966
2961 2966 2967
2960 2961 2967
2968 2966 2965
2967 2966 2968
2968 2965 2969
2960 2967 2970
2967 2968 2970
2958 2960 2971
2960 2970 2971
2972 2968 2969
2972 2969 2973
2972 2973 2974
2968 2975 2970
2971 2970 2975
2968 2972 2975
2958 2971 2976
2971 2975 2976
2958 2976 2959
2972 2974 2977
2977 2974 2978
2979 2975 2972
2976 2975 2979
2979 2972 2977
2980 2959 2976
2980 2976 2979
2955 2959 2980
2980 2979 2981
2981 2955 2980
2981 2979 2977
2981 2982 2955
2977 2978 2983
2981 2977 2983
2984 2982 2981
2981 2983 2984
2984 2983 2978
2984 2985 2982
2984 2978 2986
2987 2988 2989
2987 2989 2990
2991 2987 2990
2990 2989 2992
2991 2990 2993
2993 2994 2991
2990 2992 2995
2995 2992 2996
2990 2997 2993
2990 2995 2997
2998 2997 2995
2993 2999 2994
3000 2994 2999
2993 2997 3001
3001 2997 2998
2993 3001 2999
2995 2996 3002
2998 2995 3002
2996 3003 3002
3003 2998 3002
2996 3004 3003
3003 3004 3005
3000 2999 3006
3007 3000 3006
2999 3001 3008
2999 3008 3006
3007 3006 3009
3009 3006 3008
3010 3007 3009
3003 3005 3011
3011 3005 3012
3003 3013 2998
3011 3013 3003
3001 2998 3014
3008 3001 3014
2998 3013 3015
2998 3015 3014
3011 3012 3016
3016 3012 3017
3011 3018 3013
3015 3013 3018
3011 3019 3018
3011 3016 3019
3015 3018 3020
3020 3018 3019
3014 3015 3021
3021 3015 3020
3008 3014 3022
3014 3021 3022
3023 3008 3022
3009 3008 3023
3016 3017 3024
3016 3025 3019
3016 3024 3025
3020 3019 3026
3026 3019 3025
3021 3020 3027
3027 3020 3026
3022 3021 3028
3028 3021 3027
3023 3022 3029
3022 3028 3029
3030 3009 3023
3030 3023 3029
3031 3024 3017
3031 3017 3032
3033 3025 3024
3033 3024 3031
3026 3025 3034
3034 3025 3033
3027 3026 3035
3035 3026 3034
3032 3036 3031
3032 3037 3036
3031 3038 3033
3031 3036 3038
3034 3033 3039
3039 3033 3038
3040 3036 3037
3040 3037 3041
3040 3041 3042
3036 3043 3038
3036 3040 3043
3044 3043 3040
3040 3042 3045
3044 3040 3045
3042 3046 3045
3044 3045 3046
3042 3047 3046
3046 3047 3048
3049 3038 3043
3039 3038 3049
3050 3034 3039
3035 3034 3050
3051 3043 3044
3049 3043 3051
3052 3039 3049
3050 3039 3052
3051 3053 3049
3052 3049 3053
3046 3048 3054
3044 3046 3055
3054 3055 3046
3048 3056 3054
3048 3057 3056
3056 3057 3058
3052 3059 3050
3060 3052 3053
3052 3060 3059
3061 3050 3059
3061 3035 3050
3062 3035 3061
3062 3027 3035
3028 3027 3062
3063 3061 3059
3064 3062 3061
3064 3061 3063
3065 3028 3062
3065 3062 3064
3063 3059 3066
3060 3066 3059
3067 3064 3063
3066 3067 3063
3028 3065 3068
3065 3069 3068
3028 3068 3029
3030 3029 3068
3069 3030 3068
3070 3065 3064
3067 3070 3064
3065 3071 3069
3070 3071 3065
3072 3071 3070
3069 3071 3072
3073 3070 3067
3072 3070 3073
3060 3074 3066
3074 3060 3075
3060 3053 3075
3076 3075 3053
3051 3076 3053
3066 3077 3067
3078 3066 3074
3078 3077 3066
3074 3075 3079
3078 3074 3079
3076 3080 3075
3080 3079 3075
3051 3081 3076
3080 3076 3081
3082 3067 3077
3073 3067 3082
3083 3077 3078
3082 3077 3083
3051 3084 3081
3051 3044 3084
3085 3084 3044
3081 3084 3085
3085 3044 3055
3078 3079 3086
3080 3087 3079
3086 3079 3087
3080 3081 3088
3087 3080 3088
3081 3085 3089
3089 3088 3081
3090 3085 3055
3090 3089 3085
3083 3078 3091
3091 3078 3086
3090 3055 3092
3054 3092 3055
3092 3054 3093
3090 3092 3093
3054 3056 3093
3087 3088 3094
3089 3095 3088
3095 3094 3088
3086 3087 3096
3096 3087 3094
3090 3097 3089
3089 3098 3095
3089 3097 3098
3095 3099 3094
3098 3099 3095
3100 3097 3090
3090 3093 3100
3093 3101 3100
3100 3102 3097
3098 3097 3102
3101 3102 3100
3093 3056 3103
3093 3103 3101
3104 3103 3056
3056 3058 3104
3104 3105 3103
3105 3101 3103
3106 3104 3058
3105 3104 3106
3106 3058 3107
3108 3106 3107
3108 3109 3106
3110 3109 3108
3105 3106 3111
3111 3106 3109
3105 3112 3101
3112 3105 3111
3101 3113 3102
3114 3101 3112
3114 3113 3101
3113 3115 3102
3098 3102 3115
3112 3111 3116
3114 3112 3116
3113 3114 3117
3113 3117 3115
3114 3116 3118
3117 3114 3118
3119 3116 3111
3119 3118 3116
3111 3109 3120
3119 3111 3120
3121 3120 3109
3110 3121 3109
3121 3122 3120
3119 3120 3122
3110 3123 3121
3122 3121 3123
3110 3124 3123
3124 3125 3123
3124 3126 3125
3125 3126 3127
3122 3123 3128
3128 3123 3125
3119 3129 3118
3119 3122 3130
3129 3119 3130
3131 3122 3128
3131 3130 3122
3132 3118 3129
3117 3118 3132
3129 3130 3133
3134 3130 3131
3134 3133 3130
3135 3134 3131
3136 3133 3134
3135 3136 3134
3137 3131 3128
3135 3131 3137
3138 3129 3133
3132 3129 3138
3128 3125 3139
3137 3128 3139
3125 3140 3139
3140 3137 3139
3136 3141 3133
3138 3133 3141
3135 3137 3142
3140 3142 3137
3125 3143 3140
3125 3127 3143
3143 3144 3140
3144 3142 3140
3145 3143 3127
3143 3145 3144
3145 3127 3146
3145 3146 3147
3145 3147 3148
3144 3145 3148
3149 3148 3147
3149 3147 3150
3149 3150 3151
3149 3151 3152
3144 3148 3153
3153 3148 3149
3154 3149 3152
3153 3149 3154
3154 3152 3155
3144 3156 3142
3156 3144 3153
3157 3153 3154
3156 3153 3157
3158 3154 3155
3157 3154 3158
3158 3155 3159
3160 3157 3158
3156 3157 3160
3161 3158 3159
3160 3158 3161
3161 3159 3162
3163 3142 3156
3135 3142 3163
3164 3161 3162
3164 3162 3165
3163 3156 3166
3156 3160 3166
3135 3163 3167
3166 3167 3163
3161 3168 3160
3161 3164 3168
3160 3169 3166
3166 3169 3167
3160 3168 3169
3170 3164 3165
3170 3165 3171
3172 3168 3164
3172 3164 3170
3173 3170 3171
3173 3172 3170
3173 3171 3174
3175 3169 3168
3175 3168 3172
3176 3169 3175
3176 3167 3169
3172 3177 3175
3176 3175 3177
3173 3178 3172
3172 3178 3177
3179 3173 3174
3179 3174 3180
3181 3178 3173
3181 3173 3179
3182 3177 3178
3182 3178 3181
3183 3179 3180
3183 3180 3184
3179 3185 3181
3185 3182 3181
3179 3183 3185
3186 3183 3184
3186 3184 3187
3176 3177 3188
3188 3177 3182
3183 3189 3185
3183 3186 3189
3185 3189 3190
3191 3186 3187
3191 3187 3192
3186 3193 3189
3186 3191 3193
3190 3189 3193
3194 3191 3192
3193 3191 3194
3194 3192 3195
3193 3194 3196
3196 3197 3193
3190 3193 3197
3196 3198 3197
3199 3197 3198
3199 3200 3197
3190 3197 3200
3200 3199 3201
3185 3190 3202
3185 3202 3182
3202 3203 3182
3188 3182 3203
3190 3204 3202
3202 3204 3203
3190 3200 3205
3190 3205 3204
3200 3201 3206
3205 3200 3206
3207 3206 3201
3207 3201 3208
3209 3207 3208
3205 3206 3210
3210 3204 3205
3210 3206 3207
3211 3203 3204
3210 3211 3204
3212 3188 3203
3211 3212 3203
3211 3210 3213
3210 3207 3213
3209 3214 3207
3214 3209 3215
3216 3207 3214
3216 3213 3207
3214 3215 3217
3216 3214 3217
3218 3217 3215
3211 3213 3219
3219 3212 3211
3212 3220 3188
3176 3188 3220
3213 3216 3221
3213 3221 3219
3216 3217 3222
3221 3216 3222
3218 3223 3217
3223 3222 3217
3219 3224 3212
3220 3212 3224
3219 3221 3225
3219 3225 3224
3176 3220 3226
3226 3167 3176
3227 3223 3218
3227 3218 3228
3228 3229 3227
3228 3230 3229
3231 3229 3230
3223 3227 3232
3229 3232 3227
3225 3221 3233
3221 3222 3233
3223 3234 3222
3223 3232 3234
3222 3234 3235
3222 3235 3233
3232 3235 3234
3225 3233 3236
3237 3233 3235
3237 3236 3233
3232 3238 3235
3238 3237 3235
3236 3239 3225
3239 3224 3225
3229 3240 3232
3240 3238 3232
3237 3241 3236
3236 3241 3239
3239 3242 3224
3220 3224 3242
3243 3242 3239
3241 3243 3239
3220 3242 3244
3243 3244 3242
3220 3244 3226
3226 3244 3136
3243 3136 3244
3226 3136 3245
3226 3245 3167
3135 3167 3245
3135 3245 3136
3243 3141 3136
3246 3141 3243
3241 3246 3243
3246 3138 3141
3138 3246 3247
3241 3247 3246
3138 3247 3132
3241 3248 3247
3237 3248 3241
3132 3247 3249
3132 3249 3117
3248 3237 3250
3238 3250 3237
3251 3247 3248
3251 3249 3247
3248 3250 3251
3249 3251 3252
3252 3251 3250
3253 3117 3249
3249 3252 3253
3252 3254 3253
3253 3115 3117
3254 3115 3253
3250 3238 3255
3240 3255 3238
3250 3255 3256
3252 3250 3256
3240 3257 3255
3256 3255 3257
3258 3252 3256
3256 3257 3258
3259 3258 3257
3240 3260 3257
3259 3257 3260
3229 3260 3240
3254 3261 3115
3261 3098 3115
3098 3261 3099
3254 3099 3261
3258 3262 3252
3252 3262 3254
3254 3263 3099
3263 3094 3099
3263 3096 3094
3264 3254 3262
3264 3263 3254
3264 3262 3258
3264 3096 3263
3264 3258 3265
3259 3265 3258
3264 3266 3096
3266 3264 3265
3086 3096 3266
3259 3267 3265
3266 3265 3267
3268 3266 3267
3086 3266 3269
3268 3269 3266
3091 3086 3269
3270 3091 3269
3268 3270 3269
3259 3271 3267
3271 3268 3267
3272 3091 3270
3272 3083 3091
3273 3083 3272
3273 3082 3083
3274 3082 3273
3274 3073 3082
3272 3275 3273
3275 3274 3273
3270 3276 3272
3272 3276 3275
3268 3277 3270
3270 3277 3276
3278 3073 3274
3278 3072 3073
3279 3072 3278
3069 3072 3279
3268 3280 3277
3281 3276 3277
3281 3277 3280
3282 3275 3276
3282 3276 3281
3268 3283 3280
3271 3283 3268
3284 3283 3271
3284 3271 3259
3284 3259 3285
3259 3260 3285
3286 3285 3260
3229 3286 3260
3286 3229 3287
3231 3287 3229
3288 3287 3231
3286 3287 3288
3288 3231 3289
3290 3288 3289
3290 3289 3291
3291 3292 3290
3293 3290 3292
3286 3288 3294
3286 3294 3285
3294 3288 3290
3295 3285 3294
3295 3284 3285
3294 3290 3295
3295 3296 3284
3284 3296 3283
3290 3297 3295
3295 3297 3296
3293 3298 3290
3290 3298 3297
3299 3298 3293
3297 3298 3299
3299 3293 3300
3297 3299 3301
3301 3296 3297
3302 3299 3300
3302 3301 3299
3302 3300 3303
3304 3302 3303
3305 3283 3296
3283 3305 3280
3301 3306 3296
3305 3296 3306
3307 3280 3305
3307 3281 3280
3308 3305 3306
3301 3308 3306
3308 3307 3305
3302 3309 3301
3301 3309 3308
3304 3310 3302
3310 3309 3302
3311 3281 3307
3311 3282 3281
3312 3307 3308
3309 3312 3308
3312 3311 3307
3309 3313 3312
3310 3313 3309
3304 3314 3310
3304 3315 3314
3314 3315 3316
3317 3311 3312
3313 3317 3312
3318 3313 3310
3318 3310 3314
3313 3318 3317
3319 3282 3311
3317 3319 3311
3314 3316 3320
3320 3316 3321
3318 3322 3317
3322 3319 3317
3323 3318 3314
3323 3314 3320
3318 3323 3322
3319 3324 3282
3324 3275 3282
3320 3321 3325
3323 3320 3325
3322 3326 3319
3326 3324 3319
3324 3327 3275
3275 3327 3274
3328 3327 3324
3326 3328 3324
3274 3327 3329
3328 3329 3327
3330 3329 3328
3274 3329 3278
3278 3329 3330
3331 3328 3326
3330 3328 3331
3332 3326 3322
3331 3326 3332
3323 3333 3322
3332 3322 3333
3323 3334 3333
3323 3325 3334
3335 3332 3333
3334 3335 3333
3336 3331 3332
3335 3336 3332
3325 3337 3334
3334 3337 3335
3278 3330 3338
3279 3278 3338
3339 3279 3338
3330 3339 3338
3340 3330 3331
3336 3340 3331
3325 3341 3337
3321 3341 3325
3321 3342 3341
3342 3343 3341
3342 3344 3343
3345 3343 3344
3345 3346 3343
3347 3343 3346
3348 3341 3343
3347 3348 3343
3348 3337 3341
3348 3347 3349
3337 3348 3350
3348 3349 3350
3337 3350 3335
3350 3349 3351
3335 3350 3352
3350 3351 3352
3335 3352 3336
3353 3352 3351
3336 3352 3354
3353 3354 3352
3336 3354 3340
3354 3353 3355
3356 3340 3354
3354 3355 3356
3356 3357 3340
3340 3357 3330
3330 3357 3339
3355 3358 3356
3357 3356 3358
3357 3358 3339
3355 3359 3358
3358 3359 3360
3361 3339 3358
3358 3360 3361
3361 3362 3339
3339 3362 3279
3362 3069 3279
3362 3363 3069
3361 3363 3362
3069 3363 3030
3360 3364 3361
3361 3364 3363
3360 3365 3364
3364 3365 3010
3363 3366 3030
3363 3364 3366
3364 3010 3366
3030 3366 3009
3010 3009 3366
3367 3368 3369
3367 3369 3370
3371 3367 3370
3371 3370 3372
3373 3371 3372
3373 3372 3374
3375 3373 3374
3375 3374 3376
3377 3378 3379
3377 3379 3380
3380 3379 3381
3380 3381 3382
3382 3381 3383
3382 3383 3384
3384 3383 3385
3384 3385 3386
3387 3388 3389
3387 3389 3390
3390 3389 3391
3390 3391 3392
3392 3391 3393
3392 3393 3394
3394 3393 3395
3394 3395 3396
3396 3397 3398
3396 3398 3399
3400 3401 3387
3400 3402 3401
3399 3403 3404
3399 3404 3405
3405 3404 3406
3405 3406 3407
3407 3406 3408
3407 3408 3409
3409 3410 3400
3409 3408 3410
3411 3412 3413
3411 3414 3412
3415 3412 3414
3415 3416 3412
3416 3415 3417
3416 3417 3418
3417 3419 3418
3417 3420 3419
3421 3422 3423
3421 3423 3424
3421 3424 3425
3426 3421 3425
3426 3425 3427
3426 3427 3428
3429 3426 3428
3429 3428 3430
3429 3430 3431
3430 3432 3431
3433 3434 3435
3433 3435 3436
3437 3438 3439
3437 3439 3440
3441 3437 3440
3441 3440 3442
3443 3444 3445
3443 3445 3446
3447 3448 3449
3447 3449 3450
3451 3452 3453
3451 3453 3454
3455 3456 3457
3455 3458 3456
3458 3459 3456
3458 3460 3459
3461 3462 3463
3461 3463 3464
3465 3461 3464
3466 3467 3468
3466 3468 3469
3470 3469 3468
3470 3468 3471
3472 3470 3471
3471 3473 3472
3471 3474 3473
3475 3473 3474
3475 3476 3473
3476 3477 3473
3478 3479 3480
3478 3481 3479
3478 3482 3481
3481 3483 3479
3481 3484 3485
3485 3484 3486
3485 3486 3487
3488 3484 3489
3489 3490 3483
3490 3491 3483
3490 3492 3491
3493 3488 3489
3493 3494 3488
3493 3489 3495
3496 3497 3498
3496 3498 3499
3499 3498 3500
3498 3501 3500
3498 3502 3501
3503 3502 3498
3503 3504 3502
3501 3505 3500
3505 3506 3500
3501 3507 3505
3501 3508 3507
3509 3510 3511
3509 3511 3512
3513 3512 3511
3513 3511 3514
3514 3515 3513
3514 3516 3515
3515 3516 3517
3515 3517 3518
3519 3520 3521
3519 3522 3520
3519 3523 3522
3524 3523 3519
3524 3525 3523
3524 3526 3525
3527 3526 3524
3527 3528 3526
3527 3529 3528
3528 3529 3530
3531 3532 3533
3531 3533 3534
3535 3536 3537
3535 3538 3536
3539 3538 3535
3539 3540 3538
3541 3542 3543
3541 3543 3544
3545 3546 3547
3545 3547 3548
3549 3550 3551
3549 3551 3552
3553 3554 3555
3553 3555 3556
3556 3555 3557
3556 3557 3558
3559 3560 3561
3559 3562 3560
3563 3562 3559
3564 3565 3566
3564 3567 3565
3568 3565 3567
3568 3569 3565
3570 3569 3568
3569 3570 3571
3569 3571 3572
3573 3572 3571
3573 3571 3574
3574 3571 3575
3576 3577 3578
3576 3579 3577
3576 3580 3579
3579 3580 3581
3582 3580 3576
3582 3583 3580
3584 3583 3582
3584 3582 3585
3582 3576 3586
3587 3582 3586
3587 3586 3588
3589 3590 3591
3589 3592 3590
3593 3592 3589
3593 3594 3592
3595 3594 3593
3595 3596 3594
3597 3596 3595
3597 3598 3596
3599 3600 3601
3599 3602 3600
3602 3603 3600
3602 3604 3603
3604 3605 3603
3604 3606 3605
3606 3607 3605
3606 3608 3607
3609 3610 3611
3609 3612 3610
3612 3613 3610
3612 3614 3613
3614 3615 3613
3614 3616 3615
3616 3617 3615
3616 3618 3617
3618 3619 3620
3618 3621 3619
3622 3609 3623
3622 3623 3624
3621 3625 3626
3621 3627 3625
3627 3628 3625
3627 3629 3628
3629 3630 3628
3629 3631 3630
3631 3622 3632
3631 3632 3630
3633 3634 3635
3633 3635 3636
3637 3636 3635
3637 3635 3638
3638 3639 3637
3638 3640 3639
3639 3640 3641
3639 3641 3642
3643 3644 3645
3643 3646 3644
3643 3647 3646
3648 3647 3643
3648 3649 3647
3648 3650 3649
3651 3650 3648
3651 3652 3650
3651 3653 3652
3652 3653 3654
3655 3656 3657
3655 3657 3658
3659 3660 3661
3659 3662 3660
3663 3662 3659
3663 3664 3662
3665 3666 3667
3665 3667 3668
3669 3670 3671
3669 3671 3672
3673 3674 3675
3673 3675 3676
3677 3678 3679
3677 3679 3680
3680 3679 3681
3680 3681 3682
3683 3684 3685
3683 3686 3684
3687 3686 3683
3688 3689 3690
3688 3691 3689
3692 3689 3691
3692 3693 3689
3694 3693 3692
3693 3694 3695
3693 3695 3696
3697 3696 3695
3697 3695 3698
3698 3695 3699
3700 3701 3702
3700 3702 3703
3700 3703 3704
3703 3702 3705
3703 3706 3707
3706 3708 3707
3706 3709 3708
3710 3711 3707
3711 3705 3712
3712 3705 3713
3712 3713 3714
3715 3711 3710
3715 3710 3716
3715 3717 3711
3718 3719 3720
3718 3721 3719
3721 3722 3719
3719 3722 3723
3719 3723 3724
3725 3719 3724
3725 3724 3726
3723 3722 3727
3727 3722 3728
3723 3727 3729
3723 3729 3730
3731 3732 3733
3731 3734 3732
3735 3732 3734
3735 3736 3732
3736 3735 3737
3736 3737 3738
3737 3739 3738
3737 3740 3739
3741 3742 3743
3741 3743 3744
3741 3744 3745
3746 3741 3745
3746 3745 3747
3746 3747 3748
3749 3746 3748
3749 3748 3750
3749 3750 3751
3750 3752 3751
3753 3754 3755
3753 3755 3756
3757 3758 3759
3757 3759 3760
3761 3757 3760
3761 3760 3762
3763 3764 3765
3763 3765 3766
3767 3768 3769
3767 3769 3770
3771 3772 3773
3771 3773 3774
3775 3776 3777
3775 3778 3776
3778 3779 3776
3778 3780 3779
3781 3782 3783
3781 3783 3784
3785 3781 3784
3786 3787 3788
3786 3788 3789
3790 3789 3788
3790 3788 3791
3792 3790 3791
3791 3793 3792
3791 3794 3793
3795 3793 3794
3795 3796 3793
3796 3797 3793
3798 3799 3800
3798 3800 3801
3798 3801 3802
3801 3803 3802
3804 3798 3802
3804 3802 3805
3806 3804 3805
3806 3807 3804
3804 3808 3798
3809 3808 3804
3809 3810 3808
3811 3812 3813
3814 3813 3812
3814 3815 3813
3814 3816 3815
3814 3812 3817
3818 3817 3812
3819 3816 3814
3819 3820 3816
3818 3821 3817
3821 3818 3822
3823 3814 3817
3823 3819 3814
3817 3821 3824
3824 3821 3822
3817 3824 3823
3820 3819 3825
3826 3820 3825
3826 3825 3827
3828 3826 3827
3827 3829 3828
3827 3830 3829
3830 3831 3829
3830 3832 3831
3830 3833 3832
3832 3833 3834
3833 3830 3835
3830 3827 3835
3833 3835 3836
3827 3825 3837
3827 3837 3835
3825 3819 3838
3825 3838 3837
3839 3836 3835
3839 3840 3836
3835 3837 3841
3835 3841 3839
3842 3840 3839
3842 3843 3840
3819 3844 3838
3819 3823 3844
3845 3837 3838
3845 3841 3837
3846 3839 3841
3846 3842 3839
3843 3842 3847
3843 3847 3848
3823 3849 3844
3823 3824 3849
3850 3838 3844
3850 3845 3838
3851 3841 3845
3851 3846 3841
3852 3842 3846
3852 3847 3842
3853 3848 3847
3853 3854 3848
3849 3824 3855
3824 3822 3855
3845 3850 3856
3845 3856 3851
3857 3846 3851
3857 3852 3846
3847 3852 3858
3847 3858 3853
3854 3853 3859
3854 3859 3860
3861 3859 3853
3861 3853 3858
3862 3860 3859
3861 3862 3859
3862 3863 3860
3864 3863 3862
3864 3862 3865
3865 3862 3866
3861 3866 3862
3865 3866 3867
3866 3868 3867
3866 3869 3868
3869 3866 3861
3869 3870 3868
3871 3861 3858
3869 3861 3871
3869 3872 3870
3872 3869 3871
3871 3858 3873
3873 3858 3852
3873 3852 3857
3871 3873 3874
3874 3873 3857
3875 3874 3857
3871 3874 3876
3872 3871 3876
3876 3874 3875
3870 3872 3877
3870 3877 3878
3879 3872 3876
3876 3875 3879
3879 3877 3872
3880 3877 3879
3875 3880 3879
3881 3878 3877
3880 3881 3877
3880 3882 3881
3881 3883 3878
3882 3883 3881
3875 3857 3884
3875 3884 3885
3884 3857 3851
3884 3851 3856
3856 3885 3884
3875 3886 3880
3875 3885 3886
3887 3880 3886
3886 3885 3887
3880 3888 3882
3887 3888 3880
3889 3888 3887
3882 3888 3889
3856 3890 3885
3890 3856 3850
3891 3887 3885
3889 3887 3891
3891 3885 3892
3890 3892 3885
3890 3850 3893
3844 3893 3850
3844 3849 3893
3889 3891 3894
3894 3891 3892
3890 3895 3892
3895 3890 3893
3893 3849 3896
3849 3855 3896
3897 3896 3855
3893 3896 3898
3895 3893 3898
3898 3896 3897
3894 3892 3899
3895 3899 3892
3895 3898 3900
3898 3897 3900
3897 3855 3901
3901 3855 3822
3901 3822 3902
3903 3901 3902
3903 3904 3901
3904 3897 3901
3904 3905 3897
3897 3905 3906
3897 3906 3900
3895 3900 3907
3895 3907 3899
3900 3906 3908
3900 3908 3907
3906 3909 3908
3908 3909 3910
3907 3908 3911
3907 3911 3899
3908 3910 3911
3912 3899 3911
3910 3912 3911
3910 3913 3912
3912 3894 3899
3913 3914 3912
3894 3912 3914
3913 3915 3914
3894 3914 3916
3889 3894 3916
3915 3917 3914
3916 3914 3917
3915 3918 3917
3919 3889 3916
3882 3889 3919
3920 3882 3919
3919 3916 3921
3917 3921 3916
3920 3919 3921
3922 3917 3918
3922 3918 3923
3924 3917 3922
3917 3924 3921
3924 3922 3925
3926 3924 3925
3921 3924 3926
3921 3926 3927
3920 3921 3927
3927 3926 3928
3920 3927 3928
3920 3929 3882
3882 3929 3883
3929 3930 3883
3931 3883 3930
3920 3928 3932
3932 3928 3933
3932 3933 3934
3920 3932 3935
3932 3934 3935
3920 3935 3929
3934 3936 3935
3935 3936 3929
3934 3937 3936
3929 3936 3938
3937 3938 3936
3929 3938 3930
3937 3939 3938
3939 3940 3938
3938 3940 3930
3939 3941 3940
3942 3940 3941
3943 3942 3941
3940 3942 3944
3944 3942 3943
3940 3944 3930
3945 3930 3944
3944 3943 3946
3946 3945 3944
3946 3943 3947
3946 3947 3948
3946 3948 3949
3946 3949 3945
3950 3949 3948
3948 3951 3950
3950 3951 3952
3950 3953 3949
3953 3945 3949
3950 3952 3954
3953 3950 3954
3954 3952 3955
3954 3955 3956
3956 3957 3954
3953 3954 3957
3956 3958 3957
3959 3953 3957
3953 3959 3945
3958 3960 3957
3959 3957 3960
3958 3961 3960
3958 3962 3961
3963 3961 3962
3963 3964 3961
3964 3963 3965
3964 3965 3966
3964 3966 3967
3961 3968 3960
3964 3968 3961
3959 3960 3969
3968 3969 3960
3964 3970 3968
3969 3968 3970
3970 3964 3971
3972 3970 3971
3972 3973 3970
3969 3970 3974
3975 3973 3972
3975 3976 3973
3976 3975 3977
3975 3978 3977
3979 3977 3978
3980 3969 3974
3959 3969 3981
3980 3981 3969
3945 3959 3981
3982 3981 3980
3945 3981 3982
3982 3980 3931
3945 3982 3930
3931 3930 3982
3983 3984 3985
3984 3983 3986
3987 3984 3986
3988 3987 3986
3988 3989 3987
3990 3989 3988
3990 3991 3989
3991 3990 3992
3992 3993 3991
3994 3991 3993
3994 3995 3991
3996 3995 3994
3992 3997 3993
3993 3998 3994
3997 3998 3993
3996 3994 3999
4000 3994 3998
4000 3999 3994
4001 3999 4000
4002 3996 3999
4001 4002 3999
4001 4003 4002
4002 4004 3996
4004 4002 4003
4004 4003 4005
4000 3998 4006
4007 3998 3997
4007 4006 3998
4007 3997 4008
4009 4008 3997
4009 3997 3992
3992 4010 4009
3992 4011 4010
4012 4011 3992
4013 4006 4007
4000 4006 4014
4014 4001 4000
4013 4015 4006
4014 4006 4015
4013 4016 4015
4013 4017 4016
4015 4016 4018
4015 4018 4019
4014 4015 4019
4019 4018 4020
4019 4021 4014
4019 4020 4021
4014 4021 4001
4022 4021 4020
4022 4001 4021
4022 4020 4023
4023 4024 4022
4022 4025 4001
4025 4022 4024
4001 4025 4003
4025 4024 4026
4024 4027 4026
4028 4025 4026
4027 4028 4026
4028 4003 4025
4027 4029 4028
4028 4029 4003
4027 4030 4029
4029 4031 4003
4031 4005 4003
4032 4005 4031
4033 4032 4031
4030 4034 4029
4029 4034 4031
4030 4035 4034
4034 4035 4036
4034 4037 4031
4034 4036 4037
4037 4033 4031
4036 4038 4037
4037 4038 4033
4036 4039 4038
4038 4039 4040
4033 4038 4040
4032 4041 4005
4042 4041 4032
4041 4043 4005
4041 4044 4043
4042 4044 4041
4043 4044 4045
4043 4045 4046
4033 4040 4047
4047 4040 4048
4047 4048 4049
4048 4050 4049
4049 4050 4051
4033 4047 4052
4047 4049 4052
4049 4051 4053
4052 4049 4053
4033 4052 4054
4033 4054 4032
4051 4055 4053
4051 4056 4055
4057 4053 4055
4054 4052 4058
4052 4053 4058
4057 4059 4053
4058 4053 4059
4060 4059 4057
4032 4054 4061
4054 4058 4061
4060 4062 4059
4063 4062 4060
4064 4058 4059
4061 4058 4064
4064 4059 4062
4032 4061 4065
4042 4032 4065
4061 4066 4065
4066 4042 4065
4061 4064 4067
4061 4067 4066
4067 4068 4066
4064 4069 4067
4067 4069 4068
4062 4070 4064
4064 4070 4069
4063 4071 4062
4062 4071 4070
4072 4071 4063
4072 4063 4073
4074 4072 4073
4075 4070 4071
4075 4071 4072
4076 4069 4070
4076 4070 4075
4077 4075 4072
4077 4072 4074
4076 4075 4077
4078 4077 4074
4078 4074 4079
4080 4078 4079
4081 4068 4069
4081 4069 4076
4076 4077 4082
4082 4077 4078
4076 4082 4083
4076 4083 4081
4080 4084 4078
4085 4084 4080
4085 4086 4084
4084 4086 4087
4082 4078 4088
4083 4082 4088
4078 4084 4089
4078 4089 4088
4084 4087 4089
4090 4088 4089
4083 4088 4090
4091 4089 4087
4090 4089 4091
4091 4087 4092
4092 4087 4093
4093 4094 4092
4094 4091 4092
4093 4095 4094
4096 4090 4091
4094 4096 4091
4097 4083 4090
4096 4097 4090
4098 4094 4095
4096 4094 4098
4098 4095 4099
4100 4099 4095
4098 4099 4101
4098 4101 4102
4096 4098 4103
4103 4098 4102
4103 4097 4096
4103 4102 4104
4097 4105 4083
4081 4083 4105
4103 4106 4097
4105 4097 4106
4104 4107 4103
4107 4106 4103
4108 4107 4104
4081 4105 4109
4109 4068 4081
4105 4106 4110
4110 4109 4105
4108 4111 4107
4112 4111 4108
4111 4112 4113
4107 4114 4106
4110 4106 4114
4111 4114 4107
4111 4113 4115
4115 4113 4116
4115 4116 4117
4111 4118 4114
4115 4118 4111
4115 4117 4119
4119 4118 4115
4117 4120 4119
4119 4121 4118
4110 4114 4122
4118 4122 4114
4123 4118 4121
4118 4123 4122
4123 4121 4124
4125 4110 4122
4110 4125 4109
4126 4122 4123
4125 4122 4126
4127 4123 4124
4126 4123 4127
4127 4124 4128
4129 4109 4125
4109 4129 4068
4130 4068 4129
4129 4125 4131
4131 4125 4126
4130 4129 4131
4128 4132 4127
4128 4133 4132
4134 4126 4127
4131 4126 4134
4134 4127 4132
4135 4132 4133
4135 4133 4136
4132 4137 4134
4132 4135 4137
4138 4131 4134
4138 4134 4137
4139 4135 4136
4139 4136 4140
4141 4131 4138
4130 4131 4141
4142 4137 4135
4142 4135 4139
4143 4139 4140
4142 4139 4143
4143 4140 4144
4145 4138 4137
4145 4141 4138
4145 4137 4142
4146 4143 4144
4146 4144 4147
4148 4143 4146
4148 4149 4143
4142 4143 4149
4149 4148 4150
4151 4142 4149
4149 4150 4151
4151 4145 4142
4151 4150 4046
4151 4046 4045
4045 4145 4151
4145 4152 4141
4045 4152 4145
4152 4130 4141
4153 4152 4045
4152 4153 4130
4153 4045 4044
4042 4153 4044
4130 4153 4042
4130 4042 4154
4130 4154 4068
4066 4154 4042
4154 4066 4068
4155 4156 4157
4155 4157 4158
4159 4160 4161
4159 4161 4162
4163 4164 4165
4163 4166 4164
4164 4166 4167
4164 4167 4168
4168 4167 4169
4168 4169 4170
4169 4171 4170
4169 4172 4171
4172 4173 4171
4172 4174 4173
4175 4173 4174
4175 4174 4176
4177 4178 4179
4177 4179 4180
4181 4182 4183
4181 4184 4182
4182 4184 4185
4182 4185 4186
4187 4188 4189
4187 4189 4190
4191 4192 4193
4191 4194 4192
4195 4192 4194
4195 4194 4196
4197 4195 4196
4197 4196 4198
4199 4200 4201
4199 4202 4200
4203 4200 4202
4203 4202 4204
4205 4203 4204
4205 4204 4206
4207 4205 4206
4207 4208 4205
4209 4210 4211
4209 4212 4210
4212 4213 4210
4212 4214 4213
4215 4213 4214
4215 4214 4216
4217 4218 4219
4217 4219 4220
4221 4222 4223
4221 4223 4224
4225 4226 4227
4225 4227 4228
4229 4230 4231
4229 4231 4232
4233 4234 4235
4233 4235 4236
4233 4236 4237
4233 4237 4238
4236 4235 4239
4237 4236 4240
4236 4239 4240
4235 4241 4239
4240 4239 4242
4239 4241 4243
4239 4243 4242
4237 4240 4244
4240 4242 4245
4244 4240 4245
4235 4246 4241
4244 4246 4237
4244 4241 4246
4247 4246 4235
4237 4246 4247
4247 4235 4248
4237 4247 4249
4250 4241 4244
4250 4243 4241
4244 4245 4250
4245 4242 4251
4242 4243 4252
4242 4252 4251
4253 4243 4250
4253 4252 4243
4250 4245 4254
4245 4251 4254
4250 4254 4253
4252 4255 4251
4254 4251 4255
4256 4252 4253
4252 4256 4255
4254 4257 4253
4256 4253 4257
4254 4258 4257
4254 4255 4258
4258 4259 4257
4259 4256 4257
4255 4260 4258
4258 4260 4259
4256 4261 4255
4255 4261 4260
4259 4262 4256
4256 4262 4261
4260 4261 4263
4262 4264 4261
4260 4265 4259
4266 4262 4259
4260 4263 4267
4260 4267 4265
4267 4263 4268
4264 4269 4268
4262 4270 4264
4266 4270 4262
4264 4270 4269
4269 4270 4266
4269 4266 4271
4265 4267 4272
4265 4272 4271
4267 4268 4272
4272 4273 4271
4272 4274 4273
4268 4274 4272
4268 4275 4274
4276 4269 4271
4269 4277 4268
4276 4278 4269
4269 4278 4277
4279 4280 4281
4279 4281 4282
4283 4284 4285
4283 4285 4286
4287 4288 4289
4287 4290 4288
4291 4290 4287
4291 4292 4290
4292 4291 4293
4292 4293 4294
4295 4294 4293
4295 4296 4294
4295 4297 4296
4295 4298 4297
4299 4297 4298
4299 4298 4300
4300 4301 4299
4300 4302 4301
4302 4303 4301
4302 4304 4303
4305 4306 4307
4305 4307 4308
4308 4307 4309
4308 4309 4310
4310 4309 4311
4310 4311 4312
4312 4311 4313
4312 4313 4314
4315 4314 4313
4315 4313 4316
4317 4315 4316
4317 4316 4318
4319 4317 4318
4319 4318 4320
4321 4319 4320
4321 4320 4322
4323 4324 4325
4323 4326 4324
4327 4324 4326
4327 4328 4324
4329 4330 4331
4329 4332 4330
4333 4330 4332
4333 4334 4330
4335 4336 4337
4335 4338 4336
4339 4338 4335
4339 4340 4338
4340 4339 4341
4340 4341 4342
4343 4342 4341
4343 4344 4342
4343 4345 4344
4343 4346 4345
4347 4345 4346
4347 4346 4348
4348 4349 4347
4348 4350 4349
4350 4351 4349
4350 4352 4351
4353 4354 4355
4353 4355 4356
4356 4355 4357
4356 4357 4358
4358 4357 4359
4358 4359 4360
4360 4359 4361
4360 4361 4362
4363 4362 4361
4363 4361 4364
4365 4363 4364
4365 4364 4366
4367 4365 4366
4367 4366 4368
4369 4367 4368
4369 4368 4370
4371 4372 4373
4371 4374 4372
4375 4372 4374
4375 4376 4372
4377 4378 4379
4377 4380 4378
4381 4378 4380
4381 4382 4378
4383 4384 4385
4383 4385 4386
4386 4385 4387
4386 4387 4388
4389 4390 4391
4389 4392 4390
4393 4390 4392
4393 4392 4394
4395 4393 4394
4395 4394 4396
4397 4395 4396
4397 4396 4398
4399 4397 4398
4399 4398 4400
4399 4400 4401
4402 4403 4404
4402 4404 4405
4405 4404 4406
4405 4406 4407
4408 4409 4410
4408 4411 4409
4411 4412 4409
4411 4413 4412
4414 4415 4416
4414 4417 4415
4418 4415 4417
4418 4417 4419
4420 4421 4422
4420 4422 4423
4424 4425 4426
4424 4426 4427
4428 4429 4430
4428 4430 4431
4432 4431 4430
4432 4430 4433
4433 4430 4434
4435 4436 4437
4435 4437 4438
4439 4440 4441
4439 4441 4442
4443 4439 4442
4443 4444 4439
4439 4444 4445
4446 4447 4448
4446 4448 4449
4450 4451 4452
4450 4452 4453
4454 4455 4456
4454 4456 4457
4457 4456 4458
4457 4458 4459
4460 4461 4462
4460 4463 4461
4464 4461 4463
4464 4463 4465
4466 4464 4465
4466 4465 4467
4468 4466 4467
4468 4467 4469
4470 4468 4469
4470 4469 4471
4470 4471 4472
4473 4474 4475
4473 4475 4476
4476 4475 4477
4476 4477 4478
4479 4480 4481
4479 4482 4480
4482 4483 4480
4482 4484 4483
4485 4486 4487
4485 4488 4486
4489 4486 4488
4489 4488 4490
4491 4492 4493
4491 4493 4494
4495 4496 4497
4495 4497 4498
4499 4500 4501
4499 4501 4502
4503 4502 4501
4503 4501 4504
4504 4501 4505
4506 4507 4508
4506 4508 4509
4510 4511 4512
4510 4512 4513
4514 4510 4513
4514 4515 4510
4510 4515 4516
4517 4518 4519
4517 4519 4520
4521 4522 4523
4521 4523 4524
4525 4526 4527
4525 4527 4528
4528 4527 4529
4528 4529 4530
4530 4529 4531
4530 4531 4532
4532 4531 4533
4532 4533 4534
4534 4533 4535
4534 4535 4536
4537 4538 4539
4537 4539 4540
4540 4539 4541
4540 4541 4542
4542 4541 4543
4542 4543 4544
4545 4546 4547
4545 4548 4546
4548 4549 4550
4548 4550 4551
4552 4553 4546
4552 4554 4553
4555 4556 4557
4555 4557 4558
4558 4557 4559
4558 4559 4560
4560 4559 4561
4560 4561 4562
4563 4564 4565
4563 4565 4566
4567 4568 4565
4567 4569 4568
4570 4571 4572
4570 4572 4573
4574 4575 4576
4574 4576 4577
4577 4576 4578
4577 4578 4579
4579 4578 4580
4579 4580 4581
4581 4580 4582
4581 4582 4583
4583 4582 4584
4583 4584 4585
4586 4587 4588
4587 4589 4588
4588 4589 4590
4588 4590 4591
4592 4589 4587
4592 4593 4589
4592 4594 4593
4593 4594 4595
4593 4595 4596
4597 4598 4587
4587 4598 4599
4600 4587 4599
4598 4601 4599
4598 4602 4601
4600 4599 4603
4600 4603 4604
4603 4605 4604
4603 4606 4605
4607 4608 4609
4607 4609 4610
4609 4611 4610
4610 4611 4612
4610 4613 4607
4610 4614 4613
4615 4613 4614
4615 4616 4613
4615 4617 4616
4615 4614 4618
4618 4619 4615
4618 4620 4619
4621 4622 4623
4621 4623 4624
4625 4626 4627
4625 4627 4628
4629 4630 4631
4629 4631 4632
4633 4634 4635
4633 4635 4636
4637 4638 4639
4637 4639 4640
4641 4642 4643
4641 4643 4644
4645 4646 4647
4645 4647 4648
4649 4650 4651
4649 4651 4652
4653 4654 4655
4653 4655 4656
4657 4658 4659
4657 4659 4660
4661 4662 4663
4661 4664 4662
4662 4664 4665
4664 4666 4665
4664 4661 4667
4664 4667 4668
4669 4668 4667
4669 4667 4670
4669 4670 4671
4669 4672 4668
4672 4669 4673
4672 4673 4674
4675 4676 4677
4675 4677 4678
4679 4680 4681
4679 4681 4682
4683 4684 4685
4683 4685 4686
4687 4688 4689
4687 4689 4690
4691 4692 4693
4691 4693 4694
4695 4696 4697
4695 4697 4698
4699 4700 4701
4699 4701 4702
4703 4704 4705
4703 4705 4706
4707 4708 4709
4707 4709 4710
4711 4712 4713
4711 4713 4714
4715 4716 4717
4715 4717 4718
4719 4715 4718
4718 4720 4719
4721 4720 4718
4721 4718 4722
4722 4723 4721
4722 4724 4723
4724 4725 4723
4724 4726 4725
4727 4725 4726
4727 4728 4725
4729 4730 4731
4729 4731 4732
4729 4732 4733
4733 4734 4729
4735 4729 4734
4735 4734 4736
4737 4735 4736
4737 4738 4735
4739 4738 4737
4739 4740 4738
4739 4741 4740
4739 4742 4741
4743 4744 4745
4743 4746 4744
4746 4747 4744
4746 4748 4747
4748 4749 4747
4748 4750 4749
4751 4752 4753
4751 4753 4754
4755 4751 4754
4755 4754 4756
4757 4758 4759
4757 4759 4760
4761 4757 4760
4761 4760 4762
4763 4761 4762
4763 4762 4764
4765 4763 4764
4765 4764 4766
4767 4768 4769
4767 4769 4770
4771 4767 4770
4771 4770 4772
4773 4774 4775
4773 4776 4774
4776 4777 4774
4776 4778 4777
4779 4780 4781
4779 4782 4780
4783 4782 4779
4782 4783 4784
4785 4782 4784
4785 4786 4782
4786 4785 4787
4786 4787 4788
4788 4787 4789
4788 4789 4790
4791 4790 4789
4791 4789 4792
4793 4794 4795
4793 4796 4794
4793 4797 4796
4797 4793 4798
4799 4798 4793
4799 4800 4798
4801 4800 4799
4801 4799 4802
4803 4801 4802
4803 4802 4804
4803 4804 4805
4803 4805 4806
4807 4808 4809
4807 4809 4810
4810 4809 4811
4810 4811 4812
4812 4811 4813
4812 4813 4814
4815 4816 4817
4815 4818 4816
4819 4818 4815
4819 4820 4818
4821 4822 4823
4821 4824 4822
4825 4824 4821
4825 4826 4824
4827 4826 4825
4827 4828 4826
4829 4828 4827
4829 4830 4828
4831 4832 4833
4831 4834 4832
4835 4834 4831
4835 4836 4834
4837 4838 4839
4837 4839 4840
4840 4839 4841
4840 4841 4842
4843 4844 4845
4843 4845 4846
4846 4847 4843
4846 4845 4848
4846 4848 4849
4845 4850 4848
4849 4851 4846
4846 4851 4847
4849 4852 4851
4851 4852 4853
4851 4853 4854
4847 4851 4854
4847 4854 4855
4845 4856 4850
4856 4857 4850
4845 4858 4856
4858 4857 4856
4859 4858 4845
4859 4860 4858
4858 4861 4857
4862 4861 4858
4862 4863 4861
4847 4864 4865
4847 4865 4866
4866 4865 4867
4866 4867 4868
4869 4847 4866
4869 4870 4847
4871 4866 4868
4871 4869 4866
4869 4871 4872
4870 4869 4873
4869 4872 4873
4870 4873 4874
4873 4872 4875
4873 4875 4876
4876 4875 4877
4873 4876 4878
4878 4876 4877
4879 4873 4878
4879 4878 4880
4878 4877 4881
4882 4878 4881
4882 4881 4883
4884 4885 4886
4884 4886 4887
4887 4886 4888
4887 4888 4889
4890 4891 4892
4890 4892 4893
4893 4892 4894
4893 4894 4895
4896 4897 4898
4896 4898 4899
4899 4898 4900
4899 4900 4901
4902 4903 4904
4902 4905 4903
4905 4902 4906
4905 4907 4903
4905 4908 4907
4903 4907 4909
4908 4905 4910
4905 4906 4910
4908 4910 4852
4910 4911 4852
4910 4912 4911
4906 4912 4910
4906 4913 4912
4903 4909 4914
4914 4909 4915
4903 4914 4916
4916 4914 4915
4917 4903 4916
4917 4916 4918
4916 4915 4919
4920 4916 4919
4920 4919 4921
4906 4922 4923
4906 4924 4922
4924 4925 4922
4924 4868 4925
4926 4868 4924
4927 4924 4906
4926 4924 4927
4927 4906 4928
4927 4929 4926
4928 4930 4927
4927 4930 4929
4928 4931 4930
4930 4932 4929
4930 4933 4932
4933 4934 4932
4930 4935 4933
4935 4934 4933
4936 4935 4930
4936 4937 4935
4935 4938 4934
4939 4938 4935
4939 4940 4938
4941 4942 4943
4941 4944 4942
4944 4945 4942
4944 4946 4945
4947 4948 4949
4947 4950 4948
4950 4951 4948
4950 4952 4951
4953 4954 4955
4953 4956 4954
4956 4957 4954
4956 4958 4957
4959 4960 4961
4959 4962 4960
4962 4963 4960
4962 4964 4963
4965 4966 4967
4965 4968 4966
4968 4969 4966
4968 4970 4969
4971 4972 4973
4971 4974 4972
4974 4975 4972
4974 4976 4975
4977 4978 4979
4977 4979 4980
4980 4979 4981
4980 4981 4982
4983 4984 4985
4983 4985 4986
4986 4985 4987
4986 4987 4988
4989 4990 4991
4989 4991 4992
4992 4991 4993
4992 4993 4994
4995 4996 4997
4998 4996 4995
4998 4995 4999
4998 4999 5000
4998 5000 5001
5001 5000 5002
5003 5004 5005
5005 5006 5003
5005 5007 5006
5007 5008 5006
5007 5009 5008
5009 5010 5008
5011 5012 5013
5013 5014 5011
5014 5015 5011
5014 5016 5015
5016 5017 5015
5016 5018 5017
5019 5020 5021
5019 5021 5022
5023 5024 5025
5025 5024 5026
5025 5026 5027
5025 5027 5028
5025 5028 5029
5029 5028 5030
5029 5030 5031
5031 5030 5032
5031 5032 5033
5033 5032 5034
5033 5034 5035
5035 5034 5036
5035 5036 5037
5037 5036 5038
5037 5038 5039
5039 5038 5040
5039 5040 5041
5041 5040 5042
5041 5042 5043
5043 5042 5044
5043 5044 5045
5045 5044 5046
5045 5046 5047
5047 5046 5048
5047 5048 5049
5049 5048 5050
5049 5050 5051
5051 5050 5052
5051 5052 5053
5053 5052 5054
5053 5054 5055
5055 5054 5056
5055 5056 5057
5057 5056 5058
5057 5058 5059
5059 5058 5060
5059 5060 5061
5059 5061 5062
5063 5061 5060
5063 5064 5061
5065 5064 5063
5066 5064 5065
5065 5063 5067
5065 5067 5068
5024 5067 5063
5024 5063 5026
5069 5070 5071
5071 5070 5072
5071 5072 5073
5071 5073 5074
5071 5074 5075
5075 5074 5076
5075 5076 5077
5077 5076 5078
5077 5078 5079
5079 5078 5080
5079 5080 5081
5081 5080 5082
5081 5082 5083
5083 5082 5084
5083 5084 5085
5085 5084 5086
5085 5086 5087
5087 5086 5088
5087 5088 5089
5089 5088 5090
5089 5090 5091
5091 5090 5092
5091 5092 5093
5093 5092 5094
5093 5094 5095
5095 5094 5096
5095 5096 5097
5097 5096 5098
5097 5098 5099
5099 5098 5100
5099 5100 5101
5101 5100 5102
5101 5102 5103
5103 5102 5104
5103 5104 5105
5105 5104 5106
5105 5106 5107
5105 5107 5108
5109 5107 5106
5109 5110 5107
5111 5110 5109
5112 5110 5111
5111 5109 5113
5111 5113 5114
5070 5113 5109
5070 5109 5072
5115 5116 5117
5115 5117 5118
5119 5120 5121
5121 5120 5122
5121 5122 5123
5123 5122 5124
5123 5124 5125
5125 5124 5126
5125 5126 5127
5127 5126 5128
5127 5128 5129
5129 5128 5130
5129 5130 5131
5131 5130 5132
5131 5132 5133
5133 5132 5134
5133 5134 5135
5135 5134 5136
5135 5136 5137
5137 5136 5138
5139 5140 5141
5139 5141 5142
5143 5144 5145
5143 5145 5146
5147 5148 5149
5147 5149 5150
5150 5149 5151
5150 5151 5152
5153 5154 5155
5153 5155 5156
5157 5158 5159
5157 5159 5160
5160 5159 5161
5160 5161 5162
5163 5164 5165
5163 5165 5166
5167 5168 5169
5167 5170 5168
5171 5170 5167
5171 5172 5170
5173 5174 5175
5173 5175 5176
5177 5178 5179
5177 5179 5180
5180 5179 5181
5180 5181 5182
5183 5184 5185
5183 5185 5186
5187 5188 5189
5187 5190 5188
5190 5191 5188
5190 5192 5191
5192 5193 5191
5192 5194 5193
5194 5195 5193
5194 5196 5195
5196 5197 5195
5196 5198 5197
5199 5200 5201
5199 5202 5200
5202 5203 5200
5202 5204 5203
5204 5205 5203
5204 5206 5205
5206 5207 5205
5206 5208 5207
5209 5210 5207
5209 5211 5210
5212 5210 5213
5212 5213 5214
5215 5216 5217
5215 5217 5218
5219 5217 5220
5219 5220 5221
5218 5222 5223
5218 5223 5224
5225 5226 5227
5225 5228 5226
5228 5229 5226
5228 5230 5229
5230 5231 5229
5230 5232 5231
5233 5234 5235
5233 5236 5234
5236 5237 5234
5236 5238 5237
5238 5239 5237
5238 5240 5239
5240 5241 5239
5240 5242 5241
5242 5243 5241
5242 5244 5243
5245 5246 5247
5245 5247 5248
5248 5247 5249
5248 5249 5250
5250 5249 5251
5250 5251 5252
5252 5251 5253
5252 5253 5254
5254 5253 5255
5254 5255 5256
5257 5258 5259
5257 5259 5260
5260 5259 5261
5260 5261 5262
5262 5261 5263
5262 5263 5264
5265 5266 5267
5265 5267 5268
5268 5267 5269
5268 5269 5270
5270 5269 5271
5270 5271 5272
5273 5274 5275
5273 5276 5274
5277 5278 5276
5277 5276 5279
5280 5281 5274
5280 5282 5281
5283 5284 5285
5283 5285 5286
5286 5285 5287
5286 5287 5288
5288 5287 5289
5288 5289 5290
5290 5289 5291
5290 5291 5292
5292 5291 5293
5292 5293 5294
5295 5296 5297
5295 5297 5298
5298 5297 5299
5298 5299 5300
5300 5299 5301
5300 5301 5302
5302 5301 5303
5302 5303 5304
5304 5303 5305
5304 5305 5306
5306 5305 5307
5306 5307 5308
5306 5308 5309
5306 5309 5310
5309 5311 5310
5310 5311 5312
5313 5310 5312
5313 5312 5314
5313 5314 5315
5316 5313 5315
5317 5313 5316
5317 5316 5318
5319 5317 5318
5319 5318 5320
5321 5319 5320
5321 5320 5322
5323 5321 5322
5323 5322 5324
5325 5323 5324
5325 5324 5326
5327 5328 5329
5328 5330 5329
5328 5331 5330
5330 5331 5332
5330 5332 5333
5333 5332 5334
5333 5334 5335
5336 5337 5338
5337 5336 5339
5340 5337 5339
5340 5341 5337
5342 5341 5340
5342 5343 5341
5341 5343 5344
5343 5342 5345
5344 5343 5346
5343 5345 5346
5344 5346 5347
5348 5347 5346
5349 5346 5345
5348 5346 5349
5349 5345 5350
5351 5348 5349
5350 5351 5349
5350 5352 5351
5352 5353 5351
5352 5354 5353
5353 5354 5355
5355 5356 5353
5357 5358 5359
5358 5360 5359
5360 5361 5359
5361 5362 5359
5362 5363 5359
5363 5364 5359
5364 5365 5359
5365 5366 5359
5366 5367 5359
5367 5368 5359
5369 5359 5370
5370 5359 5371
5371 5359 5372
5372 5359 5373
5373 5359 5374
5374 5359 5375
5375 5359 5376
5376 5359 5377
5377 5359 5378
5378 5359 5379
5380 5381 5382
5380 5382 5383
5380 5383 5384
5380 5384 5385
5386 5380 5385
5386 5387 5380
5388 5380 5387
5388 5389 5380
5380 5389 5390
5380 5390 5391
5380 5391 5392
5380 5392 5393
5380 5394 5395
5380 5396 5394
5380 5397 5396
5380 5398 5397
5399 5398 5380
5399 5380 5400
5401 5400 5380
5401 5380 5402
5380 5403 5402
5380 5404 5403
5380 5405 5404
5380 5406 5405
5407 5408 5409
5409 5408 5410
5409 5410 5411
5410 5412 5411
5410 5413 5412
5413 5414 5412
5413 5415 5414
5416 5417 5418
5418 5417 5419
5419 5417 5420
5420 5417 5421
5421 5417 5422
5422 5417 5423
5423 5417 5424
5424 5417 5425
5425 5417 5426
5426 5417 5427
5428 5429 5417
5429 5430 5417
5430 5431 5417
5431 5432 5417
5432 5433 5417
5433 5434 5417
5434 5435 5417
5435 5436 5417
5436 5437 5417
5437 5438 5417
5439 5440 5441
5439 5442 5440
5442 5443 5440
5442 5444 5443
5444 5445 5443
5444 5446 5445
5446 5447 5445
5446 5448 5447
5448 5449 5447
5448 5450 5449
5449 5450 5451
5450 5452 5451
5450 5453 5452
5450 5454 5453
5454 5455 5453
5456 5455 5454
5457 5456 5454
5457 5458 5456
5457 5459 5458
5457 5460 5459
5461 5460 5457
5461 5462 5460
5463 5462 5461
5463 5464 5462
5465 5464 5463
5465 5466 5464
5467 5466 5465
5467 5468 5466
5469 5468 5467
5469 5470 5468
5471 5472 5473
5473 5472 5474
5473 5474 5475
5474 5476 5475
5474 5477 5476
5477 5478 5476
5477 5479 5478
5480 5481 5482
5482 5483 5480
5484 5483 5482
5484 5482 5485
5486 5484 5485
5486 5485 5487
5485 5488 5487
5487 5489 5486
5488 5490 5487
5487 5490 5489
5488 5491 5490
5492 5490 5491
5493 5489 5490
5492 5493 5490
5493 5494 5489
5495 5493 5492
5494 5493 5495
5494 5495 5496
5496 5495 5497
5496 5497 5498
5497 5499 5498
5499 5497 5500
5501 5502 5503
5502 5504 5503
5502 5505 5504
5504 5505 5506
5504 5506 5507
5507 5506 5508
5507 5508 5509
5510 5511 5512
5510 5512 5513
5513 5512 5514
5513 5514 5515
5515 5514 5516
5515 5516 5517
5517 5516 5518
5517 5518 5519
5519 5518 5520
5519 5520 5521
5522 5523 5524
5522 5524 5525
5525 5524 5526
5525 5526 5527
5527 5526 5528
5527 5528 5529
5530 5531 5532
5530 5533 5531
5533 5530 5534
5533 5534 5535
5536 5537 5531
5536 5538 5537
5539 5540 5541
5539 5541 5542
5542 5541 5543
5542 5543 5544
5544 5543 5545
5544 5545 5546
5547 5548 5549
5547 5549 5550
5551 5549 5552
5551 5552 5553
5554 5553 5552
5554 5555 5553
5556 5557 5558
5556 5558 5559
5559 5558 5560
5559 5560 5561
5561 5560 5562
5561 5562 5563
5563 5562 5564
5563 5564 5565
5565 5564 5566
5565 5566 5567
5568 5569 5570
5568 5571 5569
5571 5572 5569
5571 5573 5572
5573 5574 5572
5573 5575 5574
5575 5576 5574
5575 5577 5576
5577 5578 5576
5577 5579 5578
5580 5581 5582
5580 5583 5581
5583 5584 5581
5583 5585 5584
5585 5586 5584
5585 5587 5586
5588 5589 5590
5588 5590 5591
5591 5592 5588
5591 5593 5592
5594 5590 5595
5594 5595 5596
5597 5598 5599
5597 5600 5598
5600 5601 5598
5600 5602 5601
5602 5603 5601
5602 5604 5603
5605 5606 5607
5605 5607 5608
5609 5610 5607
5609 5611 5610
5612 5610 5611
5612 5611 5613
5614 5615 5616
5614 5617 5615
5617 5618 5615
5617 5619 5618
5619 5620 5618
5619 5621 5620
5621 5622 5620
5621 5623 5622
5623 5624 5622
5623 5625 5624
5626 5627 5628
5626 5629 5627
5630 5627 5629
5631 5629 5626
5630 5629 5632
5631 5633 5629
5632 5629 5633
5634 5633 5631
5632 5633 5635
5632 5635 5636
5634 5637 5633
5635 5633 5637
5638 5637 5634
5639 5636 5635
5635 5637 5639
5639 5640 5636
5639 5641 5640
5638 5642 5637
5642 5639 5637
5643 5642 5638
5639 5644 5641
5642 5644 5639
5643 5645 5642
5645 5644 5642
5644 5646 5641
5646 5647 5641
5648 5647 5646
5643 5649 5645
5643 5650 5649
5645 5651 5644
5644 5651 5646
5652 5651 5645
5646 5651 5652
5652 5645 5649
5648 5646 5653
5646 5652 5653
5648 5653 5654
5653 5655 5654
5653 5652 5655
5655 5652 5649
5655 5649 5656
5656 5649 5650
5656 5650 5657
5658 5659 5660
5658 5660 5661
5662 5658 5661
5661 5660 5663
5662 5661 5664
5665 5662 5664
5665 5664 5666
5664 5667 5666
5661 5663 5668
5664 5661 5668
5664 5669 5667
5664 5668 5669
5669 5670 5667
5669 5671 5670
5671 5669 5668
5671 5672 5670
5671 5673 5672
5674 5668 5663
5671 5668 5674
5673 5671 5674
5674 5663 5675
5673 5674 5676
5676 5674 5675
5676 5675 5677
5678 5679 5680
5678 5680 5681
5678 5681 5682
5683 5682 5681
5683 5681 5684
5684 5685 5683
5684 5686 5685
5686 5687 5685
5686 5688 5687
5688 5689 5687
5688 5690 5689
5690 5691 5689
5690 5692 5691
5692 5693 5691
5692 5694 5693
5694 5695 5693
5694 5696 5695
5696 5697 5695
5696 5698 5697
5699 5700 5701
5699 5702 5700
5702 5703 5700
5702 5704 5703
5704 5705 5703
5704 5706 5705
5706 5707 5705
5706 5708 5707
5709 5710 5711
5709 5712 5710
5712 5713 5710
5712 5714 5713
5714 5715 5713
5714 5716 5715
5716 5717 5715
5716 5718 5717
5718 5719 5717
5718 5720 5719
5720 5721 5719
5720 5722 5721
5721 5722 5723
5721 5723 5724
5724 5723 5725
5724 5725 5726
5726 5725 5727
5728 5729 5730
5728 5730 5731
5731 5730 5732
5731 5732 5733
5733 5732 5734
5733 5734 5735
5735 5734 5736
5735 5736 5737
5737 5736 5738
5737 5738 5739
5739 5738 5740
5739 5740 5741
5741 5740 5742
5741 5742 5743
5743 5742 5744
5743 5744 5745
5745 5744 5746
5745 5746 5747
5747 5746 5748
5747 5748 5749
5750 5751 5752
5750 5753 5751
5754 5753 5750
5754 5755 5753
5756 5755 5754
5756 5757 5755
5758 5757 5756
5758 5759 5757
5760 5759 5758
5760 5761 5759
5762 5761 5760
5762 5763 5761
5764 5763 5762
5764 5765 5763
5766 5765 5764
5766 5764 5767
5768 5765 5766
5768 5769 5765
5768 5770 5769
5771 5770 5768
5771 5768 5772
5773 5770 5771
5773 5774 5770
5775 5776 5777
5775 5777 5778
5779 5780 5781
5779 5781 5782
5781 5783 5782
5781 5784 5783
5783 5784 5785
5783 5785 5786
5786 5785 5787
5786 5787 5788
5788 5787 5789
5788 5789 5790
5791 5792 5793
5791 5794 5792
5795 5794 5791
5795 5796 5794
5797 5796 5795
5797 5798 5796
5799 5798 5797
5799 5800 5798
5801 5802 5803
5801 5803 5804
5805 5801 5804
5805 5804 5806
5807 5805 5806
5807 5806 5808
5809 5807 5808
5809 5808 5810
5810 5811 5809
5810 5812 5811
5811 5812 5813
5811 5813 5814
5815 5814 5813
5815 5816 5814
5817 5816 5815
5817 5818 5816
5817 5819 5818
5817 5820 5819
5819 5820 5821
5819 5821 5822
5821 5823 5822
5821 5824 5823
5823 5824 5825
5823 5825 5826
5825 5827 5826
5825 5828 5827
5827 5828 5829
5827 5829 5830
5831 5830 5829
5831 5832 5830
5833 5832 5831
5833 5834 5832
5835 5834 5833
5835 5836 5834
5837 5836 5835
5837 5838 5836
5839 5838 5837
5839 5840 5838
5841 5840 5839
5841 5842 5840
5841 5843 5842
5841 5844 5843
5844 5845 5843
5844 5846 5845
5846 5847 5845
5846 5848 5847
5848 5849 5847
5848 5850 5849
5851 5852 5853
5854 5851 5853
5854 5853 5855
5856 5854 5855
5856 5855 5857
5858 5856 5857
5858 5857 5859
5860 5858 5859
5860 5861 5858
5862 5861 5860
5862 5863 5861
5864 5863 5862
5864 5865 5863
5866 5865 5864
5866 5867 5865
5868 5867 5866
5868 5869 5867
5870 5869 5868
5870 5871 5869
5872 5871 5870
5872 5873 5871
5874 5873 5872
5874 5875 5873
5876 5875 5874
5876 5877 5875
5878 5877 5876
5878 5879 5877
5880 5879 5878
5880 5881 5879
5882 5881 5880
5882 5883 5881
5884 5883 5882
5884 5885 5883
5886 5885 5884
5886 5887 5885
5888 5887 5886
5888 5889 5887
5890 5889 5888
5890 5891 5889
5892 5891 5890
5892 5893 5891
5892 5894 5893
5892 5895 5894
5895 5896 5894
5895 5897 5896
5897 5898 5896
5899 5900 5901
5899 5901 5902
5903 5899 5902
5903 5902 5904
5905 5903 5904
5905 5904 5906
5907 5905 5906
5907 5906 5908
5909 5907 5908
5909 5910 5907
5911 5910 5909
5911 5912 5910
5911 5913 5912
5911 5914 5913
5913 5914 5915
5913 5915 5916
5917 5916 5915
5917 5918 5916
5919 5918 5917
5919 5920 5918
5921 5920 5919
5921 5922 5920
5923 5922 5921
5923 5924 5922
5925 5924 5923
5925 5926 5924
5927 5926 5925
5927 5925 5928
5928 5929 5927
5928 5930 5929
5929 5930 5931
5929 5931 5932
5931 5933 5932
5931 5934 5933
5934 5935 5933
5934 5936 5935
5936 5937 5935
5936 5938 5937
5938 5939 5937
5938 5940 5939
5941 5939 5940
5941 5942 5939
5941 5943 5942
5941 5944 5943
5944 5945 5943
5944 5946 5945
5946 5947 5945
5946 5948 5947
5949 5950 5951
5952 5949 5951
5952 5951 5953
5954 5952 5953
5954 5953 5955
5956 5954 5955
5956 5955 5957
5956 5957 5958
5956 5958 5959
5959 5958 5960
5959 5960 5961
5961 5960 5962
5961 5962 5963
5963 5962 5964
5963 5964 5965
5965 5964 5966
5965 5966 5967
5967 5966 5968
5967 5968 5969
5969 5968 5970
5969 5970 5971
5971 5970 5972
5971 5972 5973
5973 5972 5974
5973 5974 5975
5975 5974 5976
5975 5976 5977
5977 5976 5978
5977 5978 5979
5979 5978 5980
5979 5980 5981
5981 5980 5982
5981 5982 5983
5983 5982 5984
5983 5984 5985
5985 5984 5986
5985 5986 5987
5987 5986 5988
5987 5988 5989
5989 5988 5990
5989 5990 5991
5990 5992 5991
5990 5993 5992
5993 5994 5992
5993 5995 5994
5995 5996 5994
5997 5998 5999
5997 6000 5998
5997 6001 6000
5997 6002 6001
6002 6003 6001
6002 6004 6003
6004 6005 6003
6004 6006 6005
6006 6007 6005
6006 6008 6007
6009 6007 6008
6009 6008 6010
6010 6011 6009
6010 6012 6011
6013 6011 6012
6013 6012 6014
6015 6013 6014
6015 6014 6016
6017 6015 6016
6017 6018 6015
6019 6018 6017
6019 6020 6018
6021 6020 6019
6021 6019 6022
6023 6024 6025
6023 6026 6024
6027 6024 6026
6027 6028 6024
6029 6028 6027
6029 6030 6028
6031 6030 6029
6031 6032 6030
6033 6032 6031
6033 6034 6032
6034 6033 6035
6034 6035 6036
6037 6036 6035
6037 6038 6036
6038 6037 6039
6038 6039 6040
6039 6041 6040
6039 6042 6041
6043 6041 6042
6043 6044 6041
6044 6043 6045
6044 6045 6046
6047 6048 6049
6047 6049 6050
6050 6049 6051
6050 6051 6052
6052 6051 6053
6052 6053 6054
6054 6053 6055
6054 6055 6056
6056 6055 6057
6056 6057 6058
6058 6057 6059
6058 6059 6060
6060 6059 6061
6060 6061 6062
6062 6061 6063
6062 6063 6064
6063 6065 6064
6063 6066 6065
6065 6066 6067
6065 6067 6068
6068 6067 6069
6068 6069 6070
6069 6071 6070
6072 6073 6074
6072 6074 6075
6076 6077 6078
6076 6079 6077
6080 6079 6076
6080 6081 6079
6082 6081 6080
6082 6083 6081
6084 6083 6082
6084 6085 6083
6086 6085 6084
6086 6087 6085
6088 6087 6086
6088 6089 6087
6090 6089 6088
6090 6091 6089
6092 6091 6090
6092 6090 6093
6094 6092 6093
6094 6093 6095
6096 6094 6095
6096 6097 6094
6098 6097 6096
6098 6099 6097
6100 6099 6098
6101 6102 6103
6101 6103 6104
6105 6106 6107
6105 6107 6108
6108 6107 6109
6108 6109 6110
6109 6111 6110
6109 6112 6111
6112 6113 6111
6112 6114 6113
6113 6114 6115
6113 6115 6116
6116 6115 6117
6116 6117 6118
6118 6117 6119
6118 6119 6120
6120 6119 6121
6120 6121 6122
6122 6121 6123
6122 6123 6124
6123 6125 6124
6123 6126 6125
6125 6126 6127
6125 6127 6128
6127 6129 6128
6127 6130 6129
6130 6131 6129
6130 6132 6131
6133 6134 6135
6133 6135 6136
6137 6133 6136
6137 6136 6138
6139 6137 6138
6139 6138 6140
6141 6139 6140
6141 6140 6142
6143 6141 6142
6143 6142 6144
6145 6143 6144
6145 6144 6146
6147 6145 6146
6147 6146 6148
6149 6147 6148
6149 6148 6150
6151 6149 6150
6151 6150 6152
6153 6151 6152
6153 6154 6151
6155 6154 6153
6155 6156 6154
6157 6156 6155
6157 6155 6158
6159 6157 6158
6159 6158 6160
6161 6162 6163
6163 6164 6161
6165 6161 6164
6165 6164 6166
6167 6165 6166
6167 6168 6165
6168 6169 6165
6170 6165 6169
6171 6161 6165
6170 6171 6165
6171 6172 6161
6173 6172 6171
6174 6171 6170
6173 6171 6174
6174 6170 6175
6176 6173 6174
6174 6175 6177
6176 6174 6178
6174 6177 6178
6179 6176 6178
6177 6179 6178
6177 6180 6179
6181 6179 6180
6179 6182 6176
6181 6183 6179
6183 6182 6179
6184 6183 6181
6185 6182 6183
6184 6185 6183
6186 6182 6185
6184 6187 6185
6187 6186 6185
6184 6188 6187
6189 6187 6188
6190 6186 6187
6189 6190 6187
6190 6191 6186
6192 6191 6190
6193 6190 6189
6193 6192 6190
6193 6194 6192
6195 6194 6193
6196 6194 6195
6196 6197 6194
6196 6198 6197
6196 6199 6198
6200 6198 6199
6200 6199 6201
6202 6203 6204
6202 6205 6203
6206 6205 6202
6206 6202 6207
6208 6206 6207
6208 6209 6206
6210 6209 6208
6210 6211 6209
6212 6213 6214
6212 6215 6213
6216 6215 6212
6216 6212 6217
6218 6216 6217
6218 6219 6216
6220 6219 6218
6220 6221 6219
6222 6221 6220
6223 6221 6222
6223 6222 6224
6225 6223 6224
6226 6221 6223
6226 6223 6227
6228 6226 6227
6228 6227 6229
6230 6228 6229
6230 6229 6231
6232 6230 6231
6232 6231 6233
6232 6233 6234
6234 6233 6235
6232 6234 6236
6237 6232 6236
6238 6239 6240
6239 6238 6241
6242 6241 6238
6242 6238 6243
6244 6242 6243
6245 6244 6243
6246 6245 6243
6243 6238 6247
6248 6246 6243
6243 6247 6249
6248 6243 6249
6249 6247 6250
6248 6249 6251
6249 6250 6251
6248 6251 6252
6253 6251 6250
6254 6252 6251
6253 6254 6251
6254 6255 6252
6254 6253 6256
6255 6254 6256
6255 6256 6257
6258 6257 6256
6256 6253 6259
6258 6256 6260
6256 6259 6260
6261 6258 6260
6260 6259 6262
6261 6260 6262
6263 6262 6259
6261 6262 6264
6262 6263 6264
6261 6264 6265
6264 6263 6266
6267 6265 6264
6264 6266 6268
6267 6264 6268
6268 6266 6269
6270 6267 6268
6270 6268 6269
6270 6269 6271
6272 6270 6271
6273 6272 6271
6273 6271 6274
6273 6274 6275
6273 6275 6276
6277 6276 6275
6277 6275 6278
6279 6280 6281
6279 6281 6282
6283 6279 6282
6283 6282 6284
6285 6283 6284
6285 6284 6286
6287 6288 6289
6287 6289 6290
6291 6287 6290
6291 6290 6292
6293 6291 6292
6293 6292 6294
6295 6293 6294
6296 6295 6294
6296 6297 6295
6298 6297 6296
6299 6296 6294
6299 6300 6296
6301 6300 6299
6301 6302 6300
6303 6302 6301
6303 6304 6302
6303 6305 6304
6305 6306 6304
6303 6307 6305
6308 6307 6303
6309 6310 6311
6310 6312 6311
6313 6314 6315
6316 6315 6314
6317 6318 6319
6317 6319 6320
6321 6322 6323
6321 6323 6324
6325 6326 6327
6325 6328 6326
6329 6328 6325
6329 6330 6328
6331 6330 6329
6331 6332 6330
6333 6332 6331
6333 6334 6332
6335 6334 6333
6335 6336 6334
6337 6336 6335
6337 6338 6336
6339 6338 6337
6339 6340 6338
6341 6340 6339
6342 6340 6341
6342 6343 6340
6344 6343 6342
6344 6345 6343
6346 6345 6344
6346 6347 6345
6348 6347 6346
6348 6349 6347
6350 6351 6352
6350 6353 6351
6354 6353 6350
6354 6355 6353
6356 6355 6354
6356 6357 6355
6356 6358 6357
6356 6359 6358
6359 6356 6360
6361 6359 6360
6362 6363 6364
6362 6364 6365
6365 6366 6362
6365 6367 6366
6368 6369 6370
6368 6370 6371
6371 6372 6368
6371 6373 6372
6373 6374 6372
6375 6376 6377
6375 6377 6378
6379 6375 6378
6379 6378 6380
6381 6379 6380
6381 6380 6382
6381 6382 6383
6381 6383 6384
6385 6381 6384
6386 6385 6384
6387 6388 6389
6387 6390 6388
6390 6387 6391
6390 6391 6392
6393 6394 6395
6393 6396 6394
6396 6393 6397
6396 6397 6398
6398 6397 6399
6400 6401 6402
6400 6402 6403
6403 6402 6404
6403 6404 6405
6406 6405 6404
6406 6407 6405
6408 6407 6406
6408 6406 6409
6409 6410 6408
6409 6411 6410
6410 6411 6412
6410 6412 6413
6413 6412 6414
6413 6414 6415
6416 6415 6414
6416 6417 6415
6418 6417 6416
6418 6416 6419
6418 6419 6420
6418 6420 6421
6421 6420 6422
6421 6422 6423
6423 6422 6424
6425 6426 6427
6427 6426 6428
6427 6428 6429
6429 6428 6430
6429 6430 6431
6431 6430 6432
6431 6432 6433
6433 6432 6434
6433 6434 6435
6436 6435 6434
6436 6437 6435
6438 6436 6434
6436 6438 6439
6440 6437 6436
6436 6439 6441
6440 6436 6441
6441 6439 6442
6440 6441 6443
6441 6442 6443
6440 6443 6444
6442 6445 6443
6445 6444 6443
6445 6446 6444
6442 6447 6445
6448 6446 6445
6447 6449 6445
6448 6445 6449
6448 6449 6450
6447 6451 6449
6450 6449 6451
6450 6451 6452
6452 6453 6450
6453 6454 6450
6450 6454 6405
6448 6450 6455
6450 6405 6455
6455 6407 6448
6407 6455 6405
6456 6457 6458
6459 6456 6458
6460 6459 6458
6460 6461 6459
6460 6462 6461
6461 6462 6463
6463 6462 6464
6463 6464 6465
6464 6466 6465
6464 6467 6466
6467 6468 6466
6469 6470 6471
6471 6470 6472
6471 6472 6473
6470 6474 6472
6472 6475 6473
6476 6472 6474
6472 6476 6475
6475 6476 6477
6478 6475 6477
6476 6474 6479
6478 6477 6480
6481 6476 6479
6481 6479 6482
6483 6481 6482
6477 6484 6480
6484 6485 6480
6484 6486 6485
6487 6486 6484
6477 6487 6484
6487 6488 6486
6476 6489 6477
6481 6489 6476
6490 6477 6489
6490 6487 6477
6481 6490 6489
6491 6488 6487
6491 6487 6490
6492 6488 6491
6481 6493 6490
6493 6491 6490
6483 6493 6481
6494 6492 6491
6493 6494 6491
6483 6494 6493
6494 6495 6492
6496 6495 6494
6483 6496 6494
6496 6497 6495
6497 6496 6483
6497 6483 6498
6499 6498 6483
6499 6483 6500
6500 6501 6499
6500 6502 6501
6501 6502 6503
6501 6503 6504
6503 6505 6504
6503 6506 6505
6506 6507 6505
6506 6508 6507
6509 6507 6508
6509 6510 6507
6511 6510 6509
6511 6512 6510
6513 6512 6511
6513 6514 6512
6513 6515 6514
6513 6516 6515
6515 6516 6517
6515 6517 6518
6518 6517 6519
6518 6519 6520
6520 6519 6521
6522 6523 6524
6524 6525 6522
6525 6526 6522
6524 6527 6525
6528 6526 6525
6527 6529 6525
6528 6525 6529
6527 6530 6529
6528 6529 6531
6528 6531 6532
6533 6532 6531
6534 6529 6530
6535 6534 6530
6536 6534 6535
6536 6535 6537
6538 6536 6537
6538 6539 6536
6536 6539 6540
6534 6541 6529
6529 6541 6531
6541 6534 6536
6536 6540 6542
6541 6536 6542
6543 6542 6540
6543 6544 6533
6545 6531 6541
6545 6541 6542
6543 6545 6542
6543 6533 6545
6533 6531 6545
6546 6547 6548
6549 6547 6546
6549 6550 6547
6551 6550 6549
6551 6552 6550
6553 6552 6551
6553 6554 6552
6555 6554 6553
6555 6553 6556
6555 6556 6557
6555 6557 6558
6559 6555 6558
6558 6557 6560
6561 6559 6558
6558 6560 6562
6561 6558 6562
6562 6560 6563
6564 6561 6562
6562 6563 6565
6564 6562 6565
6566 6565 6563
6567 6564 6565
6566 6567 6565
6568 6567 6566
6567 6569 6564
6570 6569 6567
6570 6567 6568
6568 6566 6571
6568 6572 6570
6573 6568 6571
6568 6574 6572
6573 6575 6568
6575 6574 6568
6576 6577 6578
6577 6576 6579
6576 6580 6579
6581 6582 6583
6581 6583 6584
6585 6586 6587
6585 6587 6588
6589 6585 6588
6589 6590 6585
6591 6590 6589
6591 6592 6590
6593 6592 6591
6593 6591 6594
6595 6593 6594
6595 6594 6596
6595 6596 6597
6595 6597 6598
6599 6600 6601
6600 6602 6601
6602 6603 6601
6602 6604 6603
6605 6604 6602
6605 6606 6604
6605 6607 6606
6607 6605 6608
6605 6609 6608
6610 6611 6612
6611 6613 6612
6614 6613 6611
6615 6614 6611
6616 6615 6611
6615 6616 6617
6617 6616 6618
6616 6619 6618
6619 6620 6618
6621 6622 6623
6621 6624 6622
6625 6624 6621
6625 6626 6624
6627 6626 6625
6627 6628 6626
6629 6628 6627
6629 6630 6628
6631 6630 6629
6631 6632 6630
6633 6632 6631
6633 6634 6632
6635 6634 6633
6635 6636 6634
6637 6636 6635
6637 6638 6636
6639 6638 6637
6639 6640 6638
6641 6640 6639
6641 6642 6640
6643 6642 6641
6643 6644 6642
6645 6644 6643
6645 6646 6644
6647 6646 6645
6647 6648 6646
6649 6650 6651
6649 6651 6652
6652 6651 6653
6652 6653 6654
6654 6653 6655
6654 6655 6656
6656 6655 6657
6656 6657 6658
6658 6657 6659
6658 6659 6660
6660 6659 6661
6660 6661 6662
6662 6661 6663
6662 6663 6664
6664 6663 6665
6664 6665 6666
6666 6665 6667
6666 6667 6668
6668 6667 6669
6668 6669 6670
6670 6669 6671
6670 6671 6672
6672 6671 6673
6672 6673 6674
6674 6673 6675
6674 6675 6676
6677 6678 6679
6677 6679 6680
6680 6679 6681
6680 6681 6682
6682 6681 6683
6682 6683 6684
6684 6683 6685
6684 6685 6686
6686 6685 6687
6686 6687 6688
6688 6687 6689
6688 6689 6690
6690 6689 6691
6690 6691 6692
6692 6691 6693
6692 6693 6694
6694 6693 6695
6694 6695 6696
6696 6695 6697
6696 6697 6698
6698 6697 6699
6698 6699 6700
6700 6699 6701
6700 6701 6702
6702 6701 6703
6702 6703 6704
6705 6706 6707
6705 6708 6706
6709 6708 6705
6709 6710 6708
6711 6710 6709
6711 6712 6710
6713 6712 6711
6713 6714 6712
6715 6714 6713
6715 6716 6714
6717 6716 6715
6717 6718 6716
6719 6718 6717
6719 6720 6718
6721 6720 6719
6721 6722 6720
6723 6722 6721
6723 6724 6722
6725 6724 6723
6725 6726 6724
6727 6726 6725
6727 6728 6726
6729 6728 6727
6729 6730 6728
6731 6730 6729
6731 6732 6730
6733 6734 6735
6733 6736 6734
6737 6736 6733
6737 6738 6736
6739 6738 6737
6739 6740 6738
6741 6740 6739
6741 6742 6740
6743 6742 6741
6743 6744 6742
6745 6744 6743
6745 6746 6744
6747 6746 6745
6747 6748 6746
6749 6748 6747
6749 6750 6748
6751 6750 6749
6751 6752 6750
6753 6752 6751
6753 6754 6752
6755 6754 6753
6755 6756 6754
6757 6756 6755
6757 6758 6756
6759 6758 6757
6759 6760 6758
6761 6760 6759
6761 6762 6760
6763 6762 6761
6763 6764 6762
6765 6764 6763
6765 6766 6764
6767 6766 6765
6767 6768 6766
6769 6768 6767
6769 6770 6768
6771 6770 6769
6771 6772 6770
6773 6772 6771
6773 6774 6772
6775 6774 6773
6775 6776 6774
6777 6776 6775
6777 6778 6776
6779 6778 6777
6779 6780 6778
6781 6780 6779
6781 6782 6780
6783 6782 6781
6783 6784 6782
6785 6784 6783
6785 6786 6784
6787 6786 6785
6787 6788 6786
6789 6788 6787
6789 6790 6788
6791 6790 6789
6791 6792 6790
6793 6792 6791
6793 6794 6792
6795 6794 6793
6795 6796 6794
6795 6797 6796
6798 6796 6797
6799 6798 6797
6799 6800 6798
6801 6800 6799
6802 6803 6804
6802 6804 6805
6805 6804 6806
6805 6806 6807
6807 6806 6808
6809 6810 6811
6809 6812 6810
6812 6809 6813
6812 6813 6814
6815 6814 6813
6815 6816 6814
6817 6818 6819
6817 6820 6818
6820 6821 6818
6820 6822 6821
6823 6824 6825
6823 6825 6826
6826 6827 6823
6826 6828 6827
6828 6829 6827
6828 6830 6829
6830 6831 6829
6830 6832 6831
6832 6833 6831
6832 6834 6833
6835 6833 6834
6835 6834 6836
6836 6837 6835
6838 6839 6840
6838 6841 6839
6842 6839 6841
6843 6841 6838
6842 6841 6844
6845 6842 6844
6845 6844 6846
6844 6841 6847
6843 6847 6841
6844 6847 6848
6846 6844 6848
6843 6849 6847
6849 6848 6847
6843 6850 6849
6851 6850 6843
6851 6852 6850
6853 6852 6851
6853 6851 6854
6854 6855 6853
6854 6856 6855
6857 6855 6856
6857 6858 6855
6859 6858 6857
6859 6857 6860
6861 6859 6860
6861 6860 6862
6863 6861 6862
6863 6862 6864
6865 6863 6864
6865 6866 6863
6866 6865 6867
6866 6867 6868
6869 6868 6867
6869 6870 6868
6871 6872 6873
6871 6873 6874
6875 6871 6874
6875 6874 6876
6877 6875 6876
6877 6876 6878
6876 6879 6878
6879 6880 6878
6881 6880 6879
6881 6879 6882
6883 6884 6885
6883 6885 6886
6887 6883 6886
6885 6888 6886
6889 6888 6885
6889 6890 6888
6891 6890 6889
6892 6888 6890
6893 6889 6885
6894 6893 6885
6894 6895 6893
6892 6890 6896
6897 6892 6896
6897 6898 6892
6896 6890 6899
6890 6891 6899
6896 6899 6897
6899 6900 6897
6898 6897 6901
6900 6901 6897
6898 6901 6902
6902 6903 6898
6902 6904 6903
6902 6905 6904
6906 6905 6902
6891 6907 6899
6899 6907 6900
6908 6902 6901
6900 6909 6901
6901 6909 6908
6908 6910 6902
6910 6911 6902
6910 6912 6911
6908 6913 6910
6913 6914 6910
6910 6914 6915
6913 6916 6914
6917 6914 6916
6917 6916 6918
6919 6918 6916
6919 6920 6918
6908 6921 6913
6921 6908 6922
6909 6922 6908
6923 6921 6922
6909 6924 6922
6924 6923 6922
6909 6925 6924
6900 6925 6909
6926 6923 6924
6926 6924 6925
6926 6927 6923
6900 6928 6925
6926 6925 6928
6926 6928 6929
6930 6927 6926
6926 6929 6930
6930 6931 6927
6932 6931 6930
6932 6930 6933
6929 6933 6930
6929 6934 6933
6900 6935 6928
6907 6935 6900
6929 6928 6936
6936 6928 6935
6929 6936 6937
6929 6938 6934
6929 6937 6938
6938 6939 6934
6940 6939 6938
6937 6940 6938
6940 6941 6939
6940 6942 6941
6936 6935 6943
6943 6937 6936
6907 6944 6935
6944 6943 6935
6940 6945 6942
6945 6946 6942
6947 6940 6937
6947 6945 6940
6907 6948 6944
6907 6891 6948
6945 6949 6946
6945 6947 6950
6945 6950 6949
6951 6949 6950
6952 6946 6949
6951 6952 6949
6952 6953 6946
6953 6952 6954
6951 6954 6952
6953 6954 6955
6954 6956 6955
6947 6957 6950
6957 6947 6937
6954 6958 6956
6956 6958 6959
6951 6960 6954
6960 6958 6954
6961 6951 6950
6957 6961 6950
6957 6937 6962
6943 6962 6937
6958 6963 6959
6960 6964 6958
6958 6964 6963
6965 6960 6951
6964 6960 6965
6961 6966 6951
6965 6951 6966
6967 6966 6961
6967 6965 6966
6957 6968 6961
6967 6961 6968
6962 6969 6957
6957 6969 6968
6943 6970 6962
6962 6970 6969
6943 6971 6970
6944 6971 6943
6972 6970 6971
6972 6969 6970
6944 6973 6971
6972 6971 6973
6944 6948 6973
6974 6973 6948
6972 6973 6974
6974 6948 6975
6975 6976 6974
6977 6976 6975
6975 6948 6891
6972 6974 6978
6976 6978 6974
6972 6979 6969
6979 6972 6978
6975 6891 6980
6980 6977 6975
6980 6891 6981
6891 6889 6981
6969 6979 6982
6969 6982 6968
6980 6983 6977
6980 6981 6983
6981 6889 6984
6893 6984 6889
6981 6985 6983
6981 6984 6985
6983 6985 6986
6977 6983 6986
6985 6987 6986
6985 6984 6987
6977 6986 6988
6989 6987 6984
6989 6984 6893
6990 6977 6988
6991 6989 6893
6992 6991 6893
6991 6993 6989
6994 6993 6991
6994 6995 6993
6993 6995 6996
6993 6996 6997
6990 6998 6977
6977 6998 6976
6999 6998 6990
6999 6976 6998
6999 6990 7000
6999 7001 6976
6976 7001 7002
7003 7002 7001
7004 7002 7003
6976 7002 6978
7004 7005 7002
7002 7005 6978
7006 7005 7004
7007 6978 7005
6979 6978 7007
7006 7008 7005
7007 7005 7008
7008 7006 7009
7010 6979 7007
7010 6982 6979
7007 7008 7011
7008 7009 7011
7010 7007 7011
6982 7010 7012
7012 7010 7011
7009 7013 7011
7012 7011 7013
7009 7014 7013
6982 7012 7015
6968 6982 7015
6968 7015 6967
7016 7013 7014
7016 7014 7017
7013 7018 7012
7018 7015 7012
7013 7016 7018
7019 6967 7015
7018 7019 7015
7020 7016 7017
7020 7017 7021
7020 7021 7022
7023 7018 7016
7023 7016 7020
7023 7019 7018
7024 7020 7022
7023 7020 7024
7025 7024 7022
7019 7026 6967
6967 7026 6965
7023 7027 7019
7026 7019 7027
7026 7028 6965
6964 6965 7028
7023 7029 7027
7029 7023 7024
7026 7027 7030
7026 7030 7028
7029 7030 7027
6964 7028 7031
7030 7031 7028
6964 7031 6963
7029 7032 7030
7030 7032 7031
7032 7029 7024
7032 6963 7031
7025 7033 7024
7032 7024 7033
7032 7033 6963
7033 7025 6959
7033 6959 6963
7034 7035 7036
7034 7037 7035
7038 7037 7034
7038 7039 7037
7037 7040 7035
7041 7037 7039
7041 7042 7037
7037 7042 7040
7042 7043 7040
7041 7044 7042
7042 7044 7043
7045 7044 7041
7045 7046 7044
7043 7044 7046
7046 7045 7047
7046 7047 7048
7049 7048 7047
7043 7046 7050
7050 7046 7048
7050 7048 7051
7049 7052 7048
7052 7051 7048
7053 7052 7049
7053 7049 7054
7055 7052 7053
7055 7056 7052
7052 7056 7051
7057 7051 7056
7057 7056 7058
7057 7058 7059
7060 7057 7059
7060 7059 7061
7062 7057 7060
7057 7063 7051
7062 7063 7057
7063 7064 7051
7065 7063 7062
7063 7066 7064
7065 7066 7063
7066 7043 7064
7065 7067 7066
7066 7067 7043
7068 7067 7065
7043 7067 7069
7068 7069 7067
7043 7069 7040
7070 7069 7068
7071 7040 7069
7070 7071 7069
7071 7072 7040
7071 7073 7072
7071 7074 7073
7074 7071 7070
7074 7070 7075
7076 7077 7078
7076 7079 7077
7079 7080 7077
7079 7081 7080
7082 7080 7081
7082 7083 7080
7083 7082 7084
7083 7084 7085
7084 7086 7085
7084 7087 7086
7086 7087 7088
7089 7090 7091
7089 7092 7090
7093 7092 7089
7093 7089 7094
7095 7093 7094
7095 7096 7093
7097 7096 7095
7097 7095 7098
7099 7097 7098
7099 7100 7097
7101 7100 7099
7101 7099 7102
7103 7104 7105
7103 7106 7104
7107 7106 7103
7107 7103 7108
7109 7107 7108
7109 7108 7110
7111 7109 7110
7111 7112 7109
7113 7112 7111
7113 7114 7112
7115 7114 7113
7115 7116 7114
7117 7116 7115
7117 7118 7116
7119 7120 7121
7119 7121 7122
7121 7123 7122
7121 7124 7123
7125 7126 7127
7125 7127 7128
7127 7129 7128
7127 7130 7129
7131 7132 7133
7131 7134 7132
7135 7134 7131
7135 7136 7134
7137 7136 7135
7137 7138 7136
7139 7138 7137
7139 7137 7140
7141 7139 7140
7141 7140 7142
7143 7141 7142
7143 7144 7141
7145 7144 7143
7145 7143 7146
7147 7148 7149
7150 7147 7149
7151 7150 7149
7150 7151 7152
7153 7154 7155
7153 7156 7154
7153 7157 7156
7154 7156 7158
7154 7158 7159
7160 7161 7162
7161 7160 7163
7164 7161 7163
7164 7165 7161
7164 7163 7166
7167 7168 7169
7169 7168 7170
7168 7171 7170
7168 7172 7171
7171 7172 7173
7171 7173 7174
7173 7175 7174
7175 7173 7176
7177 7178 7179
7178 7177 7180
7178 7180 7181
7181 7180 7182
7181 7182 7183
7184 7183 7182
7185 7186 7187
7185 7188 7186
7188 7189 7186
7188 7190 7189
7191 7189 7190
7191 7190 7192
7192 7193 7191
7192 7194 7193
7194 7195 7193
7194 7196 7195
7197 7195 7196
7197 7196 7198
7198 7199 7197
7198 7200 7199
7201 7199 7200
7201 7200 7202
7203 7201 7202
7203 7202 7204
7204 7205 7203
7204 7206 7205
7207 7205 7206
7207 7206 7208
7209 7207 7208
7209 7208 7210
7210 7211 7209
7210 7212 7211
7213 7214 7215
7213 7216 7214
7217 7214 7216
7217 7216 7218
7219 7217 7218
7219 7218 7220
7220 7221 7219
7220 7222 7221
7223 7221 7222
7223 7222 7224
7225 7223 7224
7225 7224 7226
7226 7227 7225
7226 7228 7227
7229 7227 7228
7229 7228 7230
7231 7229 7230
7231 7230 7232
7232 7233 7231
7232 7234 7233
7234 7235 7233
7234 7236 7235
7236 7237 7235
7236 7238 7237
7238 7239 7237
7238 7240 7239
7241 7242 7243
7241 7243 7244
7244 7245 7241
7244 7246 7245
7247 7245 7246
7247 7248 7245
7249 7248 7247
7249 7250 7248
7251 7250 7249
7251 7252 7250
7253 7252 7251
7253 7251 7254
7255 7253 7254
7255 7254 7256
7257 7255 7256
7257 7258 7255
7259 7258 7257
7259 7260 7258
7259 7261 7260
7259 7262 7261
7263 7261 7262
7263 7262 7264
7264 7262 7265
7266 7263 7264
7266 7267 7263
7264 7265 7268
7268 7265 7269
7268 7269 7270
7268 7270 7271
7264 7268 7272
7268 7271 7272
7264 7272 7266
7272 7271 7273
7272 7273 6846
7266 7272 6846
7274 7267 7266
7266 6846 7274
7274 7275 7267
6846 6848 7274
7276 7274 6848
6849 7276 6848
7276 7277 7274
7278 7279 7280
7278 7281 7279
7278 7282 7281
7282 7283 7281
7282 7284 7283
7284 7285 7283
7284 7286 7285
7287 7285 7286
7287 7288 7285
7288 7287 7289
7288 7289 7290
7291 7292 7293
7291 7294 7292
7294 7295 7292
7292 7295 7296
7297 7298 7299
7299 7298 7300
7299 7300 7301
7299 7301 7302
7303 7304 7305
7306 7303 7305
7306 7307 7303
7307 7306 7308
7307 7308 7309
7310 7311 7312
7310 7313 7311
7310 7314 7313
7313 7314 7315
7313 7315 7316
7317 7318 7319
7318 7320 7319
7320 7321 7319
7321 7320 7322
7323 7324 7325
7323 7326 7324
7326 7327 7324
7326 7328 7327
7328 7329 7327
7330 7331 7332
7330 7332 7333
7333 7334 7330
7333 7335 7334
7336 7334 7335
7336 7335 7337
7338 7339 7340
7338 7340 7341
7341 7340 7342
7341 7342 7343
7344 7345 7346
7344 7347 7345
7347 7344 7348
7347 7348 7349
7349 7348 7350
7349 7350 7351
7351 7350 7352
7351 7352 7353
7353 7352 7354
7353 7354 7355
7356 7355 7354
7356 7357 7355
7357 7356 7358
7359 7360 7361
7359 7361 7362
7363 7362 7361
7364 7359 7362
7363 7365 7362
7366 7365 7363
7366 7367 7365
7365 7368 7362
7364 7362 7368
7365 7369 7368
7367 7369 7365
7364 7368 7370
7370 7368 7369
7364 7370 7371
7372 7364 7371
7372 7371 7373
7374 7372 7373
7374 7375 7372
7375 7374 7376
7375 7376 7377
7378 7377 7376
7378 7376 7379
7380 7378 7379
7380 7381 7378
7382 7381 7380
7382 7383 7381
7384 7383 7382
7384 7385 7383
7386 7385 7384
7386 7384 7387
7387 7388 7386
7387 7389 7388
7390 7388 7389
7390 7389 7391
7392 7393 7394
7392 7395 7393
7395 7392 7396
7397 7395 7396
7398 7397 7396
7398 7399 7397
7399 7400 7397
7399 7401 7400
7402 7400 7401
7402 7403 7400
7404 7405 7406
7405 7404 7407
7405 7407 7408
7409 7405 7408
7409 7408 7410
7408 7411 7410
7408 7412 7411
7407 7404 7413
7407 7413 7414
7414 7413 7415
7416 7414 7415
7404 7417 7413
7415 7413 7418
7413 7417 7418
7418 7417 7419
7420 7416 7415
7420 7415 7418
7421 7416 7420
7421 7422 7416
7423 7422 7421
7424 7420 7418
7424 7418 7419
7424 7421 7420
7404 7425 7417
7425 7404 7426
7425 7426 7427
7428 7424 7419
7424 7428 7421
7421 7428 7429
7423 7421 7430
7421 7429 7430
7431 7423 7430
7431 7430 7429
7431 7432 7423
7431 7429 7433
7429 7434 7433
7435 7433 7434
7436 7435 7434
7436 7434 7437
7438 7436 7437
7429 7439 7434
7434 7439 7437
7428 7440 7429
7429 7440 7439
7438 7437 7441
7441 7442 7438
7443 7441 7437
7443 7437 7439
7441 7444 7442
7443 7444 7441
7440 7428 7445
7428 7419 7445
7442 7444 7446
7442 7446 7447
7448 7447 7446
7448 7449 7447
7450 7449 7448
7450 7451 7449
7452 7451 7450
7453 7452 7450
7454 7452 7453
7455 7450 7448
7453 7450 7455
7446 7456 7448
7455 7448 7456
7457 7446 7444
7446 7457 7456
7454 7453 7458
7458 7459 7454
7457 7444 7460
7460 7444 7443
7460 7443 7461
7461 7443 7439
7462 7457 7460
7460 7461 7462
7456 7457 7463
7462 7463 7457
7461 7439 7464
7464 7439 7440
7465 7462 7461
7464 7465 7461
7456 7463 7466
7455 7456 7466
7467 7463 7462
7465 7467 7462
7464 7440 7468
7440 7445 7468
7466 7463 7469
7467 7469 7463
7455 7466 7470
7466 7469 7471
7471 7470 7466
7455 7470 7472
7472 7453 7455
7472 7470 7473
7471 7473 7470
7474 7453 7472
7472 7473 7474
7474 7458 7453
7474 7475 7458
7458 7475 7459
7473 7476 7474
7474 7476 7475
7471 7477 7473
7473 7477 7476
7459 7475 7478
7479 7459 7478
7475 7476 7480
7480 7476 7477
7478 7475 7480
7471 7481 7477
7480 7477 7481
7469 7481 7471
7482 7479 7478
7482 7483 7479
7484 7483 7482
7485 7478 7480
7480 7481 7485
7485 7482 7478
7481 7486 7485
7486 7482 7485
7484 7482 7487
7486 7487 7482
7487 7488 7484
7469 7489 7481
7481 7489 7486
7469 7490 7489
7490 7486 7489
7469 7467 7490
7486 7491 7487
7487 7491 7488
7492 7490 7467
7492 7467 7465
7490 7493 7486
7486 7493 7491
7492 7493 7490
7494 7488 7491
7494 7491 7493
7494 7495 7488
7494 7493 7496
7496 7493 7492
7492 7497 7496
7498 7495 7494
7496 7498 7494
7496 7497 7498
7498 7499 7495
7498 7500 7499
7498 7501 7500
7497 7501 7498
7502 7501 7497
7501 7503 7500
7502 7503 7501
7502 7504 7503
7492 7505 7497
7505 7492 7465
7505 7465 7506
7464 7506 7465
7507 7497 7505
7507 7505 7506
7464 7508 7506
7507 7506 7508
7464 7468 7508
7509 7508 7468
7509 7507 7508
7509 7468 7445
7507 7510 7497
7502 7497 7510
7509 7511 7507
7510 7507 7511
7512 7509 7445
7512 7511 7509
7512 7513 7511
7513 7514 7511
7510 7511 7514
7502 7510 7514
7512 7445 7419
7515 7512 7419
7513 7512 7515
7515 7419 7516
7417 7516 7419
7517 7513 7515
7517 7515 7516
7417 7518 7516
7417 7425 7518
7519 7516 7518
7519 7517 7516
7425 7520 7518
7521 7520 7425
7522 7520 7521
7521 7425 7523
7524 7517 7519
7517 7524 7513
7524 7519 7525
7525 7526 7524
7513 7524 7526
7525 7527 7526
7527 7525 7528
7527 7528 7529
7527 7529 7530
7527 7530 7531
7513 7526 7532
7533 7526 7527
7526 7533 7532
7513 7532 7534
7513 7534 7514
7535 7514 7534
7535 7502 7514
7536 7534 7532
7535 7534 7536
7537 7536 7532
7533 7537 7532
7536 7537 7538
7535 7536 7538
7537 7539 7538
7537 7533 7539
7535 7538 7540
7533 7541 7539
7533 7527 7542
7533 7542 7541
7542 7527 7543
7542 7543 7544
7535 7545 7502
7545 7535 7540
7502 7545 7504
7545 7540 7546
7547 7504 7545
7547 7545 7546
7541 7542 7548
7542 7549 7548
7541 7548 7550
7551 7550 7548
7551 7552 7550
7553 7550 7552
7553 7552 7554
7555 7556 7557
7555 7557 7558
7559 7555 7558
7559 7558 7560
7561 7562 7563
7561 7563 7564
7563 7565 7564
7563 7566 7565
7567 7568 7569
7567 7569 7570
7571 7567 7570
7571 7570 7572
7573 7571 7572
7573 7572 7574
7575 7573 7574
7575 7574 7576
7577 7575 7576
7577 7576 7578
7579 7577 7578
7579 7580 7577
7581 7582 7583
7581 7583 7584
7585 7581 7584
7585 7584 7586
7587 7585 7586
7587 7586 7588
7589 7587 7588
7589 7588 7590
7591 7589 7590
7591 7590 7592
7593 7591 7592
7593 7592 7594
7595 7593 7594
7595 7594 7596
7597 7598 7599
7597 7599 7600
7601 7597 7600
7601 7600 7602
7603 7604 7605
7603 7605 7606
7607 7603 7606
7607 7606 7608
7609 7610 7611
7609 7611 7612
7613 7609 7612
7613 7612 7614
7615 7613 7614
7615 7614 7616
7617 7615 7616
7617 7616 7618
7619 7617 7618
7619 7618 7620
7621 7619 7620
7621 7620 7622
7623 7621 7622
7623 7624 7621
7625 7626 7627
7628 7626 7625
7629 7626 7628
7630 7629 7628
7631 7632 7633
7631 7633 7634
7635 7631 7634
7635 7636 7631
7635 7634 7637
7638 7639 7640
7640 7641 7638
7642 7641 7640
7643 7641 7642
7644 7645 7646
7645 7647 7646
7647 7648 7646
7647 7649 7648
7649 7650 7648
7649 7651 7650
7651 7652 7650
7652 7653 7650
7654 7655 7656
7656 7657 7654
7656 7658 7657
7658 7659 7657
7658 7660 7659
7661 7659 7660
7662 7663 7664
7662 7664 7665
7665 7664 7666
7665 7666 7667
7668 7667 7666
7668 7669 7667
7669 7668 7670
7669 7670 7671
7671 7670 7672
7671 7672 7673
7674 7673 7672
7674 7675 7673
7675 7674 7676
7675 7676 7677
7678 7677 7676
7678 7679 7677
7680 7679 7678
7680 7681 7679
7681 7680 7682
7681 7682 7683
7684 7683 7682
7684 7685 7683
7686 7685 7684
7686 7687 7685
7687 7686 7688
7687 7688 7689
7690 7691 7692
7690 7692 7693
7694 7693 7692
7694 7695 7693
7696 7695 7694
7696 7697 7695
7697 7696 7698
7697 7698 7699
7700 7699 7698
7700 7701 7699
7702 7701 7700
7702 7703 7701
7703 7702 7704
7703 7704 7705
7706 7705 7704
7706 7707 7705
7708 7707 7706
7708 7709 7707
7709 7708 7710
7709 7710 7711
7711 7710 7712
7711 7712 7713
7713 7712 7714
7713 7714 7715
7715 7714 7716
7715 7716 7717
7718 7719 7720
7718 7721 7719
7721 7718 7722
7721 7722 7723
7724 7723 7722
7724 7722 7725
7726 7724 7725
7726 7725 7727
7728 7726 7727
7728 7727 7729
7730 7728 7729
7730 7731 7728
7732 7731 7730
7732 7733 7731
7734 7733 7732
7734 7732 7735
7736 7734 7735
7736 7735 7737
7736 7737 7738
7736 7738 7739
7740 7739 7738
7740 7741 7739
7741 7742 7739
7743 7741 7740
7743 7740 7744
7741 7745 7742
7745 7746 7742
7745 7747 7746
7745 7748 7747
7741 7749 7745
7745 7749 7748
7741 7743 7749
7749 7750 7748
7749 7367 7750
7743 7367 7749
7751 7743 7744
7743 7751 7367
7751 7744 7752
7367 7751 7369
7753 7369 7751
7370 7369 7753
7753 7751 7754
7755 7756 7757
7755 7757 7758
7755 7758 7759
7759 7758 7760
7759 7760 7761
7761 7760 7762
7761 7762 7763
7764 7763 7762
7764 7762 7765
7765 7766 7764
7765 7767 7766
7768 7769 7770
7768 7770 7771
7772 7768 7771
7772 7771 7773
7770 7774 7771
7770 7775 7774
7771 7776 7773
7771 7774 7776
7777 7774 7775
7777 7775 7778
7779 7776 7774
7779 7774 7777
7780 7779 7777
7778 7781 7777
7780 7777 7781
7778 7782 7781
7783 7773 7776
7783 7784 7773
7783 7785 7784
7782 7786 7781
7786 7780 7781
7787 7785 7783
7787 7788 7785
7789 7787 7783
7783 7776 7790
7789 7783 7790
7790 7776 7791
7792 7789 7790
7790 7791 7793
7792 7790 7793
7793 7791 7780
7792 7793 7794
7793 7780 7794
7795 7792 7794
7795 7794 7796
7780 7796 7794
7797 7795 7796
7780 7798 7796
7786 7798 7780
7797 7796 7799
7799 7796 7798
7800 7797 7799
7800 7799 7801
7799 7802 7801
7799 7803 7802
7799 7798 7803
7804 7798 7786
7804 7805 7798
7782 7804 7786
7806 7805 7804
7782 7807 7804
7806 7804 7808
7808 7804 7807
7808 7807 7809
7810 7811 7812
7810 7812 7813
7812 7814 7813
7815 7813 7814
7816 7817 7818
7819 7817 7816
7819 7816 7820
7821 7819 7820
7821 7822 7819
7823 7824 7825
7825 7824 7826
7827 7825 7826
7827 7828 7825
7829 7830 7831
7829 7831 7832
7829 7832 7833
7832 7834 7833
7832 7835 7834
7836 7837 7838
7839 7836 7838
7839 7840 7836
7841 7840 7839
7841 7839 7842
7842 7843 7841
7842 7844 7843
7845 7843 7844
7845 7846 7843
7847 7846 7845
7847 7848 7846
7849 7850 7851
7849 7852 7850
7849 7853 7852
7850 7852 7854
7855 7850 7854
7856 7857 7858
7856 7859 7857
7860 7859 7856
7859 7861 7857
7860 7862 7859
7863 7862 7860
7859 7864 7861
7862 7864 7859
7864 7865 7861
7864 7866 7865
7866 7864 7862
7867 7866 7862
7866 7868 7865
7863 7869 7862
7869 7867 7862
7870 7869 7863
7870 7871 7869
7866 7872 7868
7867 7872 7866
7873 7868 7872
7871 7874 7869
7869 7874 7867
7871 7875 7874
7876 7874 7875
7873 7872 7877
7877 7872 7867
7878 7873 7877
7876 7879 7874
7879 7867 7874
7880 7879 7876
7880 7881 7879
7879 7882 7867
7881 7882 7879
7877 7867 7882
7881 7883 7882
7878 7877 7884
7884 7877 7882
7883 7885 7882
7882 7885 7884
7885 7878 7884
7883 7886 7885
7885 7887 7878
7886 7887 7885
7886 7888 7887
7889 7890 7891
7891 7890 7892
7891 7892 7893
7892 7894 7893
7893 7894 7895
7893 7895 7896
7895 7897 7896
7895 7898 7897
7898 7899 7897
7898 7900 7899
7900 7901 7899
7900 7902 7901
7902 7903 7901
7904 7905 7906
7906 7905 7907
7905 7908 7907
7909 7910 7911
7912 7909 7911
7912 7913 7909
7914 7913 7912
7914 7915 7913
7916 7915 7914
7916 7917 7915
7918 7917 7916
7918 7916 7919
7920 7918 7919
7920 7919 7921
7920 7921 7922
7923 7920 7922
7924 7925 7926
7925 7927 7926
7928 7926 7927
7929 7930 7931
7929 7932 7930
7932 7933 7930
7932 7934 7933
7934 7935 7933
7936 7937 7938
7936 7938 7939
7940 7936 7939
7939 7938 7941
7940 7939 7942
7943 7940 7942
7939 7941 7944
7942 7939 7944
7941 7945 7944
7942 7944 7945
7946 7942 7945
7941 7947 7945
7943 7942 7948
7948 7942 7946
7949 7943 7948
7949 7948 7950
7947 7951 7945
7945 7951 7946
7947 7952 7951
7950 7948 7953
7948 7946 7953
7950 7953 7954
7955 7954 7953
7956 7951 7952
7946 7951 7956
7956 7952 7957
7955 7953 7958
7958 7953 7946
7959 7955 7958
7959 7958 7960
7958 7946 7961
7960 7958 7961
7961 7946 7956
7960 7961 7962
7963 7956 7957
7963 7961 7956
7963 7957 7964
7962 7961 7965
7961 7963 7965
7965 7963 7964
7962 7965 7966
7965 7964 7967
7966 7965 7967
7966 7967 7968
7969 7970 7971
7972 7969 7971
7972 7973 7969
7974 7973 7972
7974 7975 7973
7976 7975 7974
7976 7977 7975
7978 7977 7976
7978 7976 7979
7978 7979 7980
7981 7978 7980
7981 7980 7982
7983 7981 7982
7984 7985 7986
7985 7987 7986
7986 7987 7988
7989 7990 7991
7989 7991 7992
7992 7991 7993
7994 7989 7992
7994 7995 7989
7996 7995 7994
7992 7993 7997
7998 7997 7993
7999 7994 7992
7999 7992 7997
7999 7996 7994
7998 8000 7997
8000 7999 7997
8001 8000 7998
8001 8002 8000
8003 8002 8001
8000 8004 7999
8002 8004 8000
7999 8005 7996
8004 8005 7999
8003 8006 8002
8007 8006 8003
8002 8008 8004
8008 8005 8004
8006 8008 8002
8007 8009 8006
8009 8007 8010
8009 8010 8011
8012 8009 8011
8006 8013 8008
8009 8013 8006
8012 8014 8009
8009 8014 8013
8015 8014 8012
8013 8016 8008
8008 8016 8005
8015 8017 8014
8018 8017 8015
8014 8019 8013
8013 8019 8016
8014 8017 8019
8018 8020 8017
8021 8020 8018
8021 8022 8020
8020 8022 8023
8017 8020 8024
8020 8023 8024
8017 8024 8019
8024 8023 8025
8019 8024 8026
8024 8025 8026
8019 8026 8016
8026 8025 8027
8016 8026 8028
8026 8027 8028
8016 8028 8005
8029 8028 8027
8005 8028 8029
8029 8027 8030
7996 8005 8029
8031 8029 8030
7996 8029 8032
8031 8032 8029
8033 8034 8035
8033 8036 8034
8036 8037 8034
8036 8038 8037
8038 8039 8037
8040 8041 8042
8042 8041 8043
8042 8043 8044
8042 8044 8045
8045 8044 8046
8045 8046 8047
8046 8048 8047
8046 8049 8048
8049 8050 8048
8049 8051 8050
8051 8052 8050
8051 8053 8052
8053 8054 8052
8055 8056 8057
8057 8056 8058
8058 8056 8059
8060 8061 8062
8060 8062 8063
8064 8060 8063
8062 8065 8063
8062 8066 8065
8064 8063 8067
8065 8067 8063
8068 8064 8067
8066 8069 8065
8066 8070 8069
8068 8067 8071
8072 8068 8071
8065 8073 8067
8069 8073 8065
8070 8074 8069
8070 8075 8074
8072 8071 8076
8077 8072 8076
8077 8076 8078
8076 8079 8078
8076 8080 8079
8071 8080 8076
8080 8081 8079
8067 8082 8071
8071 8082 8080
8067 8073 8082
8080 8083 8081
8082 8083 8080
8083 8084 8081
8073 8085 8082
8082 8085 8083
8083 8086 8084
8085 8086 8083
8085 8087 8086
8088 8084 8086
8073 8089 8085
8089 8087 8085
8069 8089 8073
8074 8089 8069
8088 8086 8090
8090 8086 8087
8091 8088 8090
8091 8090 8092
8093 8092 8090
8093 8090 8087
8074 8094 8089
8089 8094 8087
8095 8093 8087
8093 8095 8096
8095 8097 8096
8098 8094 8074
8075 8098 8074
8075 8099 8098
8094 8100 8087
8095 8087 8100
8098 8100 8094
8095 8101 8097
8101 8095 8100
8101 8100 8098
8099 8101 8098
8101 8102 8097
8099 8103 8101
8101 8103 8102
8104 8105 8106
8105 8107 8106
8108 8107 8105
8108 8105 8109
8108 8110 8107
8111 8108 8109
8112 8111 8109
8108 8113 8110
8114 8110 8113
8114 8113 8115
8116 8114 8115
8116 8117 8114
8116 8118 8117
8116 8119 8118
8119 8120 8118
8119 8121 8120
8121 8122 8120
8121 8123 8122
8124 8125 8126
8126 8125 8127
8128 8126 8127
8128 8129 8126
8128 8127 8130
8131 8129 8128
8132 8129 8131
8128 8130 8133
8134 8133 8130
8134 8135 8133
8136 8135 8134
8136 8134 8137
8136 8137 8138
8136 8138 8139
8139 8138 8140
8139 8140 8141
8141 8140 8142
8141 8142 8143
8144 8145 8146
8144 8146 8147
8148 8149 8150
8148 8150 8151
8152 8153 8154
8152 8154 8155
8156 8157 8158
8156 8159 8157
8160 8159 8156
8160 8161 8159
8162 8161 8160
8162 8163 8161
8164 8163 8162
8164 8165 8163
8166 8165 8164
8166 8167 8165
8168 8167 8166
8168 8169 8167
8170 8169 8168
8170 8171 8169
8172 8173 8174
8172 8174 8175
8175 8174 8176
8175 8176 8177
8177 8176 8178
8177 8178 8179
8179 8178 8180
8179 8180 8181
8181 8180 8182
8181 8182 8183
8183 8182 8184
8183 8184 8185
8185 8184 8186
8185 8186 8187
8188 8189 8190
8188 8190 8191
8192 8193 8194
8192 8194 8195
8196 8197 8198
8198 8197 8199
8200 8198 8199
8200 8201 8198
8200 8199 8202
8203 8201 8200
8204 8201 8203
8200 8202 8205
8206 8205 8202
8206 8207 8205
8208 8207 8206
8208 8206 8209
8208 8209 8210
8208 8210 8211
8211 8210 8212
8211 8212 8213
8213 8212 8214
8213 8214 8215
8216 8217 8218
8217 8219 8218
8220 8219 8217
8220 8217 8221
8220 8222 8219
8223 8220 8221
8224 8223 8221
8220 8225 8222
8226 8222 8225
8226 8225 8227
8228 8226 8227
8228 8229 8226
8228 8230 8229
8228 8231 8230
8231 8232 8230
8231 8233 8232
8233 8234 8232
8233 8235 8234
8236 8237 8238
8236 8238 8239
8240 8241 8242
8240 8242 8243
8244 8245 8246
8244 8246 8247
8248 8249 8250
8248 8250 8251
8252 8248 8251
8252 8251 8253
8254 8252 8253
8254 8253 8255
8256 8254 8255
8256 8255 8257
8258 8256 8257
8258 8257 8259
8260 8258 8259
8260 8259 8261
8262 8260 8261
8262 8261 8263
8264 8265 8266
8264 8267 8265
8267 8268 8265
8267 8269 8268
8269 8270 8268
8269 8271 8270
8271 8272 8270
8271 8273 8272
8273 8274 8272
8273 8275 8274
8275 8276 8274
8275 8277 8276
8277 8278 8276
8277 8279 8278
8280 8281 8282
8280 8282 8283
8284 8285 8286
8284 8286 8287
8288 8289 8290
8288 8291 8289
8292 8291 8288
8292 8288 8293
8294 8292 8293
8294 8295 8292
8296 8295 8294
8296 8294 8297
8298 8296 8297
8298 8299 8296
8300 8299 8298
8300 8298 8301
8302 8300 8301
8302 8301 8303
8302 8303 8304
8302 8304 8305
8304 8306 8305
8304 8307 8306
8306 8307 8308
8306 8308 8309
8308 8310 8309
8308 8311 8310
8311 8312 8310
8311 8313 8312
8313 8314 8312
8313 8315 8314
8315 8316 8314
8315 8317 8316
8317 8318 8316
8317 8319 8318
8319 8320 8318
8319 8321 8320
8321 8322 8320
8321 8323 8322
8322 8323 8324
8322 8324 8325
8324 8326 8325
8324 8327 8326
8327 8328 8326
8327 8329 8328
8329 8330 8328
8329 8331 8330
8332 8333 8334
8332 8334 8335
8336 8332 8335
8336 8335 8337
8338 8336 8337
8338 8337 8339
8340 8338 8339
8340 8339 8341
8342 8340 8341
8342 8341 8343
8344 8342 8343
8344 8343 8345
8346 8344 8345
8346 8347 8344
8346 8348 8347
8346 8349 8348
8349 8350 8348
8349 8351 8350
8351 8352 8350
8351 8353 8352
8353 8354 8352
8353 8355 8354
8354 8355 8356
8354 8356 8357
8356 8358 8357
8356 8359 8358
8358 8359 8360
8358 8360 8361
8360 8362 8361
8360 8363 8362
8362 8363 8364
8362 8364 8365
8364 8366 8365
8364 8367 8366
8367 8368 8366
8367 8369 8368
8369 8370 8368
8369 8371 8370
8370 8371 8372
8370 8372 8373
8372 8374 8373
8372 8375 8374
8376 8377 8378
8376 8379 8377
8377 8379 8380
8377 8380 8381
8382 8383 8384
8382 8385 8383
8386 8385 8382
8386 8382 8387
8388 8389 8390
8388 8391 8389
8392 8391 8388
8392 8388 8393
8394 8395 8396
8394 8396 8397
8397 8396 8398
8397 8398 8399
8400 8401 8402
8400 8403 8401
8401 8403 8404
8401 8404 8405
8406 8407 8408
8406 8409 8407
8410 8409 8406
8410 8406 8411
8412 8413 8414
8412 8415 8413
8413 8415 8416
8413 8416 8417
8416 8418 8419
8416 8420 8418
8418 8420 8421
8418 8421 8422
8423 8424 8425
8423 8426 8424
8424 8426 8427
8424 8427 8428
8429 8430 8431
8429 8432 8430
8433 8432 8429
8433 8429 8434
8435 8433 8434
8435 8436 8433
8437 8436 8435
8437 8435 8438
8439 8437 8438
8439 8440 8437
8441 8440 8439
8441 8439 8442
8443 8441 8442
8443 8444 8441
8445 8444 8443
8445 8443 8446
8447 8448 8449
8447 8450 8448
8451 8450 8447
8451 8447 8452
8453 8454 8455
8453 8456 8454
8454 8456 8457
8454 8457 8458
8459 8460 8461
8459 8462 8460
8463 8462 8459
8463 8459 8464
8465 8466 8467
8465 8468 8466
8466 8468 8469
8466 8469 8470
8471 8472 8473
8471 8474 8472
8475 8474 8471
8475 8471 8476
8477 8478 8479
8477 8480 8478
8481 8480 8477
8481 8482 8480
8483 8482 8481
8483 8484 8482
8485 8484 8483
8485 8486 8484
8487 8486 8485
8487 8488 8486
8489 8488 8487
8489 8490 8488
8491 8490 8489
8491 8492 8490
8493 8492 8491
8493 8494 8492
8495 8494 8493
8495 8496 8494
8497 8496 8495
8497 8498 8496
8499 8498 8497
8499 8500 8498
8501 8500 8499
8501 8502 8500
8487 8503 8489
8489 8504 8491
8489 8503 8504
8491 8505 8493
8491 8504 8505
8493 8506 8495
8493 8505 8506
8507 8495 8506
8507 8508 8495
8487 8509 8503
8485 8509 8487
8504 8503 8510
8509 8510 8503
8505 8504 8511
8504 8510 8511
8506 8505 8512
8505 8511 8512
8485 8513 8509
8483 8513 8485
8509 8514 8510
8513 8514 8509
8506 8512 8515
8515 8507 8506
8511 8510 8516
8514 8516 8510
8512 8511 8517
8515 8512 8517
8511 8516 8518
8511 8518 8517
8483 8519 8513
8483 8520 8519
8483 8521 8520
8519 8522 8513
8513 8522 8514
8519 8523 8522
8523 8519 8520
8522 8524 8514
8523 8524 8522
8514 8525 8516
8514 8524 8525
8518 8516 8526
8525 8526 8516
8520 8521 8527
8521 8528 8527
8529 8527 8528
8529 8530 8527
8530 8531 8527
8520 8527 8531
8530 8532 8531
8533 8531 8532
8533 8520 8531
8533 8532 8534
8533 8535 8520
8523 8520 8535
8534 8536 8533
8534 8537 8536
8537 8538 8536
8536 8538 8539
8539 8538 8540
8533 8536 8541
8541 8535 8533
8536 8539 8541
8535 8542 8523
8523 8542 8524
8541 8543 8535
8543 8541 8539
8539 8540 8544
8544 8540 8545
8544 8545 8546
8547 8544 8546
8547 8539 8544
8547 8546 8548
8542 8549 8524
8524 8549 8525
8535 8550 8542
8543 8550 8535
8543 8539 8551
8551 8539 8547
8551 8552 8543
8552 8550 8543
8547 8552 8551
8553 8547 8548
8547 8553 8552
8553 8548 8554
8553 8554 8555
8550 8556 8542
8552 8556 8550
8556 8549 8542
8557 8552 8553
8552 8557 8556
8555 8558 8553
8558 8557 8553
8557 8559 8556
8559 8557 8558
8556 8559 8549
8560 8558 8555
8559 8558 8560
8560 8555 8561
8562 8560 8561
8559 8560 8562
8562 8561 8563
8564 8562 8563
8564 8563 8565
8559 8562 8566
8549 8559 8566
8566 8562 8564
8549 8566 8567
8525 8549 8567
8525 8567 8526
8567 8566 8568
8567 8568 8526
8566 8564 8568
8569 8526 8568
8518 8526 8569
8569 8568 8570
8570 8568 8564
8518 8569 8571
8571 8569 8570
8517 8518 8571
8572 8517 8571
8515 8517 8572
8570 8564 8573
8571 8570 8574
8574 8570 8573
8564 8575 8573
8564 8576 8575
8573 8575 8577
8573 8577 8578
8574 8573 8578
8578 8577 8579
8578 8579 8580
8574 8578 8580
8581 8571 8574
8581 8572 8571
8579 8582 8580
8582 8579 8583
8582 8583 8584
8574 8580 8585
8585 8581 8574
8580 8582 8585
8582 8584 8586
8586 8584 8587
8585 8582 8588
8588 8581 8585
8586 8588 8582
8589 8572 8581
8588 8589 8581
8586 8587 8590
8586 8590 8591
8590 8587 8592
8590 8592 8593
8591 8590 8593
8591 8593 8594
8586 8595 8588
8595 8586 8591
8595 8596 8588
8588 8596 8589
8596 8595 8591
8597 8591 8594
8598 8597 8594
8599 8597 8598
8599 8600 8597
8599 8601 8600
8601 8599 8602
8597 8603 8591
8596 8591 8603
8604 8603 8597
8603 8605 8596
8596 8606 8589
8589 8606 8607
8589 8607 8608
8589 8608 8572
8515 8572 8608
8609 8608 8607
8609 8515 8608
8515 8609 8507
8601 8507 8609
8610 8601 8609
8603 8610 8611
8610 8609 8612
8610 8612 8611
8601 8613 8507
8601 8602 8613
8507 8613 8614
8614 8613 8602
8507 8614 8508
8614 8602 8615
8614 8616 8508
8616 8614 8615
8616 8615 8617
8618 8619 8620
8621 8619 8618
8622 8623 8624
8624 8623 8625
8624 8625 8626
8627 8628 8629
8630 8628 8627
8631 8630 8627
8632 8633 8634
8634 8633 8635
8636 8637 8638
8636 8638 8639
8640 8636 8639
8640 8639 8641
8642 8640 8641
8642 8641 8643
8644 8642 8643
8644 8643 8645
8646 8644 8645
8646 8645 8647
8648 8646 8647
8648 8647 8649
8650 8648 8649
8650 8649 8651
8652 8650 8651
8652 8651 8653
8654 8652 8653
8654 8653 8655
8656 8654 8655
8656 8655 8657
8658 8656 8657
8658 8657 8659
8660 8658 8659
8660 8659 8661
8646 8648 8662
8648 8650 8663
8648 8663 8662
8650 8652 8664
8650 8664 8663
8652 8654 8665
8652 8665 8664
8666 8665 8654
8666 8654 8667
8646 8662 8668
8644 8646 8668
8663 8669 8662
8668 8662 8669
8664 8670 8663
8663 8670 8669
8665 8671 8664
8664 8671 8670
8644 8668 8672
8642 8644 8672
8668 8669 8673
8672 8668 8673
8665 8674 8671
8674 8665 8666
8666 8667 8675
8667 8676 8675
8676 8677 8675
8676 8678 8677
8677 8679 8675
8666 8675 8679
8677 8680 8679
8681 8679 8680
8681 8666 8679
8681 8680 8682
8682 8683 8681
8682 8684 8683
8682 8685 8684
8685 8686 8684
8684 8686 8687
8687 8686 8688
8681 8689 8666
8674 8666 8689
8690 8689 8681
8690 8681 8691
8692 8690 8691
8693 8692 8691
8684 8687 8693
8694 8684 8693
8687 8688 8695
8695 8688 8696
8695 8696 8697
8698 8695 8697
8698 8687 8695
8698 8697 8699
8700 8693 8687
8693 8700 8701
8702 8687 8698
8700 8687 8702
8703 8698 8699
8703 8699 8704
8703 8704 8705
8698 8706 8702
8702 8706 8700
8698 8703 8706
8706 8707 8700
8700 8707 8708
8707 8709 8708
8707 8710 8709
8689 8709 8710
8689 8710 8674
8707 8711 8710
8710 8711 8674
8706 8712 8707
8707 8712 8711
8713 8706 8703
8706 8713 8712
8705 8714 8703
8714 8713 8703
8674 8711 8715
8674 8715 8671
8671 8715 8670
8712 8716 8711
8711 8716 8715
8713 8717 8712
8717 8713 8714
8712 8717 8716
8718 8714 8705
8717 8714 8718
8718 8705 8719
8720 8718 8719
8717 8718 8720
8720 8719 8721
8722 8720 8721
8722 8721 8723
8717 8720 8724
8716 8717 8724
8724 8720 8722
8670 8715 8725
8715 8716 8725
8716 8724 8726
8725 8716 8726
8670 8725 8727
8670 8727 8669
8673 8669 8727
8726 8724 8728
8724 8722 8728
8725 8726 8729
8725 8729 8727
8726 8728 8729
8730 8727 8729
8673 8727 8730
8731 8729 8728
8730 8729 8731
8731 8728 8732
8732 8728 8722
8730 8731 8733
8733 8731 8732
8673 8730 8734
8734 8730 8733
8735 8673 8734
8672 8673 8735
8736 8672 8735
8642 8672 8736
8642 8736 8737
8642 8737 8738
8736 8735 8739
8739 8735 8734
8739 8737 8736
8739 8734 8740
8740 8734 8733
8737 8741 8738
8741 8742 8738
8743 8742 8741
8743 8741 8744
8741 8745 8744
8741 8746 8745
8737 8746 8741
8747 8745 8746
8747 8746 8737
8747 8748 8745
8739 8749 8737
8749 8739 8740
8747 8737 8749
8748 8747 8750
8748 8750 8751
8751 8750 8752
8750 8753 8752
8753 8754 8752
8747 8755 8750
8755 8747 8749
8750 8755 8753
8755 8749 8756
8756 8753 8755
8749 8740 8757
8756 8749 8757
8757 8740 8758
8758 8740 8733
8759 8756 8757
8759 8757 8758
8758 8733 8760
8733 8732 8760
8753 8761 8754
8761 8762 8754
8761 8763 8762
8764 8763 8761
8764 8761 8753
8764 8765 8763
8756 8766 8753
8766 8756 8759
8766 8764 8753
8764 8766 8759
8767 8765 8764
8764 8759 8767
8767 8768 8765
8767 8769 8768
8770 8767 8759
8759 8758 8770
8770 8758 8760
8771 8767 8770
8769 8767 8771
8760 8771 8770
8772 8769 8771
8760 8772 8771
8772 8773 8769
8760 8774 8772
8774 8773 8772
8760 8732 8774
8774 8775 8773
8732 8722 8774
8722 8775 8774
8722 8776 8775
8777 8778 8779
8780 8777 8779
8780 8779 8781
8782 8780 8781
8782 8781 8783
8784 8785 8786
8784 8786 8787
8788 8784 8787
8788 8787 8789
8790 8788 8789
8791 8792 8793
8791 8793 8794
8794 8793 8795
8794 8795 8796
8797 8798 8799
8797 8800 8798
8800 8797 8801
8800 8801 8802
8803 8804 8805
8803 8805 8806
8806 8805 8807
8806 8807 8808
8808 8807 8809
8808 8809 8810
8810 8809 8811
8810 8811 8812
8812 8811 8813
8812 8813 8814
8815 8816 8817
8815 8817 8818
8819 8815 8818
8819 8818 8820
8821 8819 8820
8821 8820 8822
8823 8821 8822
8823 8824 8821
8823 8825 8824
8823 8826 8825
8827 8828 8829
8827 8829 8830
8831 8827 8830
8831 8830 8832
8833 8831 8832
8833 8832 8834
8835 8833 8834
8835 8836 8833
8837 8836 8835
8837 8838 8836
8839 8840 8841
8839 8841 8842
8839 8842 8843
8844 8845 8846
8844 8846 8847
8848 8849 8850
8851 8849 8848
8851 8848 8852
8853 8854 8855
8853 8855 8856
8853 8856 8857
8858 8859 8860
8858 8861 8859
8861 8862 8859
8863 8864 8865
8863 8865 8866
8867 8868 8869
8868 8870 8869
8871 8872 8873
8871 8873 8874
8875 8876 8877
8875 8877 8878
8879 8880 8881
8879 8881 8882
8883 8884 8885
8883 8886 8884
8886 8887 8884
8886 8888 8887
8888 8889 8887
8888 8890 8889
8890 8891 8889
8890 8892 8891
8892 8893 8891
8892 8894 8893
8895 8896 8897
8895 8898 8896
8899 8898 8895
8899 8900 8898
8901 8900 8899
8901 8902 8900
8903 8902 8901
8903 8901 8904
8903 8904 8905
8903 8905 8906
8907 8908 8909
8907 8910 8908
8911 8910 8907
8911 8912 8910
8913 8912 8911
8913 8914 8912
8915 8914 8913
8915 8913 8916
8917 8915 8916
8917 8916 8918
8919 8920 8921
8919 8922 8920
8919 8923 8922
8924 8925 8926
8924 8926 8927
8928 8929 8930
8931 8928 8930
8931 8932 8928
8933 8934 8935
8933 8936 8934
8933 8937 8936
8938 8939 8940
8938 8940 8941
8941 8940 8942
8943 8944 8945
8943 8946 8944
8947 8948 8949
8949 8948 8950
8951 8952 8953
8951 8953 8954
8955 8956 8957
8955 8957 8958
8959 8960 8961
8959 8961 8962
8963 8964 8965
8963 8966 8964
8964 8966 8967
8964 8967 8968
8967 8969 8968
8970 8971 8972
8970 8973 8971
8971 8973 8974
8971 8974 8975
8974 8976 8975
8977 8978 8979
8977 8979 8980
8981 8977 8980
8979 8982 8980
8979 8983 8982
8981 8980 8984
8982 8984 8980
8985 8981 8984
8983 8986 8982
8983 8987 8986
8985 8984 8988
8989 8985 8988
8982 8990 8984
8986 8990 8982
8987 8991 8986
8987 8992 8991
8989 8988 8993
8994 8989 8993
8994 8993 8995
8993 8996 8995
8993 8997 8996
8988 8997 8993
8997 8998 8996
8984 8999 8988
8988 8999 8997
8984 8990 8999
8997 9000 8998
8999 9000 8997
9000 9001 8998
8990 9002 8999
8999 9002 9000
9000 9003 9001
9002 9003 9000
9004 9001 9003
8990 9005 9002
8986 9005 8990
8991 9005 8986
9004 9003 9006
9007 9004 9006
9007 9006 9008
9009 9008 9006
9002 9010 9003
9006 9003 9010
9005 9010 9002
9009 9006 9010
8991 9011 9005
9005 9011 9010
9012 9009 9010
9011 9012 9010
9013 9011 8991
9013 9012 9011
8992 9013 8991
8992 9014 9013
9013 9014 9015
9013 9015 9016
9012 9013 9016
9016 9015 9017
9016 9017 9018
9012 9019 9009
9012 9016 9019
9019 9016 9018
9009 9019 9020
9019 9018 9020
9021 9022 9023
9021 9023 9024
9025 9024 9023
9026 9021 9024
9026 9027 9021
9028 9027 9026
9026 9029 9028
9025 9030 9024
9030 9026 9024
9031 9030 9025
9030 9032 9026
9026 9032 9029
9031 9033 9030
9033 9032 9030
9034 9033 9031
9033 9035 9032
9035 9029 9032
9034 9036 9033
9036 9035 9033
9037 9036 9034
9036 9038 9035
9038 9029 9035
9037 9039 9036
9039 9038 9036
9040 9039 9037
9040 9041 9039
9041 9040 9042
9041 9042 9043
9044 9041 9043
9039 9045 9038
9041 9045 9039
9044 9046 9041
9041 9046 9045
9047 9046 9044
9045 9048 9038
9038 9048 9029
9047 9049 9046
9050 9049 9047
9046 9051 9045
9045 9051 9048
9046 9049 9051
9050 9052 9049
9053 9052 9050
9053 9054 9052
9052 9054 9055
9049 9052 9056
9052 9055 9056
9049 9056 9051
9056 9055 9057
9051 9056 9058
9056 9057 9058
9051 9058 9048
9058 9057 9059
9048 9058 9060
9058 9059 9060
9048 9060 9029
9061 9060 9059
9029 9060 9061
9061 9059 9062
9028 9029 9061
9063 9061 9062
9028 9061 9064
9063 9064 9061
9065 9066 9067
9066 9068 9067
9066 9069 9068
9066 9070 9069
9066 9071 9070
9072 9073 9074
9073 9072 9075
9073 9075 9076
9073 9076 9077
9073 9077 9078
9079 9080 9081
9079 9081 9082
9083 9084 9085
9083 9085 9086
9087 9088 9089
9087 9089 9090
9091 9092 9093
9091 9093 9094
9095 9096 9097
9095 9098 9096
9096 9098 9099
9096 9099 9100
9101 9102 9103
9101 9104 9102
9105 9104 9101
9105 9101 9106
9107 9108 9109
9107 9109 9110
9111 9112 9113
9111 9113 9114
9115 9116 9117
9115 9117 9118
9118 9119 9115
9118 9117 9120
9118 9121 9119
9122 9119 9121
9118 9120 9123
9123 9121 9118
9122 9121 9124
9123 9125 9121
9124 9121 9125
9126 9122 9124
9126 9127 9122
9128 9127 9126
9128 9126 9129
9129 9130 9128
9129 9131 9130
9131 9132 9130
9133 9126 9124
9134 9129 9126
9134 9126 9133
9124 9125 9135
9133 9124 9135
9136 9133 9135
9137 9131 9129
9137 9129 9134
9133 9138 9134
9138 9133 9136
9134 9139 9137
9134 9138 9139
9131 9137 9140
9139 9140 9137
9131 9141 9132
9142 9131 9140
9142 9141 9131
9139 9143 9140
9143 9142 9140
9138 9144 9139
9144 9143 9139
9138 9136 9145
9138 9145 9144
9132 9141 9146
9132 9146 9147
9141 9148 9146
9148 9149 9146
9150 9149 9148
9150 9151 9149
9141 9152 9148
9152 9150 9148
9152 9153 9150
9154 9151 9150
9153 9154 9150
9154 9155 9151
9156 9155 9154
9156 9157 9155
9158 9157 9156
9158 9159 9157
9160 9158 9156
9161 9156 9154
9153 9161 9154
9160 9156 9162
9161 9162 9156
9163 9160 9162
9161 9163 9162
9163 9164 9160
9163 9165 9164
9166 9163 9161
9163 9167 9165
9167 9163 9166
9165 9167 9168
9165 9168 9169
9167 9170 9168
9167 9171 9170
9167 9166 9171
9171 9172 9170
9166 9161 9173
9161 9153 9173
9171 9174 9172
9174 9175 9172
9171 9166 9176
9171 9176 9174
9166 9173 9176
9174 9177 9175
9176 9177 9174
9177 9178 9175
9173 9179 9176
9176 9179 9177
9177 9180 9178
9179 9180 9177
9180 9181 9178
9173 9182 9179
9182 9173 9153
9179 9183 9180
9183 9179 9182
9180 9184 9181
9184 9185 9181
9180 9183 9186
9180 9186 9184
9184 9187 9185
9187 9188 9185
9184 9186 9189
9184 9189 9187
9183 9190 9186
9186 9190 9189
9191 9189 9190
9183 9182 9192
9190 9183 9192
9182 9153 9193
9192 9182 9193
9187 9194 9188
9194 9195 9188
9187 9189 9196
9196 9189 9191
9187 9196 9194
9193 9153 9197
9197 9153 9152
9194 9198 9195
9199 9195 9198
9194 9200 9198
9194 9196 9200
9199 9198 9201
9201 9198 9200
9201 9202 9199
9200 9202 9201
9202 9203 9199
9204 9200 9196
9200 9204 9202
9196 9191 9205
9204 9196 9205
9206 9193 9197
9192 9193 9206
9202 9207 9203
9207 9208 9203
9191 9209 9205
9204 9205 9209
9207 9210 9208
9210 9211 9208
9210 9212 9211
9212 9213 9211
9212 9214 9213
9212 9215 9214
9214 9216 9213
9214 9217 9216
9217 9214 9215
9217 9218 9216
9219 9212 9210
9212 9219 9215
9220 9210 9207
9219 9210 9220
9217 9221 9218
9221 9222 9218
9217 9215 9223
9221 9217 9223
9220 9207 9224
9224 9207 9202
9224 9202 9225
9204 9225 9202
9226 9219 9220
9215 9219 9226
9227 9220 9224
9227 9224 9225
9204 9228 9225
9204 9209 9228
9226 9220 9229
9227 9229 9220
9229 9230 9226
9215 9226 9231
9230 9231 9226
9215 9232 9223
9215 9231 9232
9227 9233 9229
9229 9233 9230
9225 9234 9227
9227 9234 9233
9228 9235 9225
9225 9235 9234
9232 9236 9223
9221 9223 9236
9237 9221 9236
9221 9237 9222
9232 9238 9236
9238 9237 9236
9239 9238 9232
9238 9239 9240
9238 9240 9237
9241 9222 9237
9240 9241 9237
9241 9242 9222
9240 9243 9241
9240 9244 9243
9240 9245 9244
9239 9245 9240
9245 9246 9244
9245 9247 9246
9239 9247 9245
9247 9248 9246
9247 9249 9248
9239 9249 9247
9249 9250 9248
9249 9251 9250
9252 9251 9249
9239 9252 9249
9253 9252 9239
9252 9254 9251
9255 9254 9252
9253 9255 9252
9255 9256 9254
9257 9256 9255
9257 9258 9256
9259 9258 9257
9260 9257 9255
9260 9255 9253
9261 9259 9257
9261 9257 9260
9262 9253 9239
9239 9232 9262
9262 9232 9231
9262 9231 9263
9263 9253 9262
9230 9263 9231
9263 9264 9253
9230 9264 9263
9264 9265 9253
9265 9260 9253
9230 9266 9264
9266 9265 9264
9267 9259 9261
9267 9268 9259
9266 9230 9269
9233 9269 9230
9270 9267 9261
9270 9271 9267
9233 9272 9269
9272 9233 9234
9273 9271 9270
9273 9274 9271
9274 9273 9275
9274 9275 9276
9275 9277 9276
9269 9272 9278
9272 9234 9279
9279 9278 9272
9269 9278 9280
9266 9269 9280
9281 9279 9234
9281 9234 9235
9235 9282 9281
9235 9228 9282
9283 9282 9228
9283 9228 9209
9284 9283 9209
9285 9282 9283
9284 9285 9283
9284 9209 9286
9191 9286 9209
9191 9287 9286
9287 9284 9286
9191 9288 9287
9191 9190 9288
9288 9190 9192
9192 9289 9288
9289 9287 9288
9206 9289 9192
9290 9287 9289
9206 9290 9289
9284 9287 9291
9290 9291 9287
9285 9292 9282
9293 9285 9284
9292 9285 9293
9284 9291 9294
9293 9284 9294
9291 9290 9295
9294 9291 9295
9290 9206 9296
9290 9296 9295
9293 9294 9297
9294 9295 9297
9298 9293 9297
9292 9293 9298
9282 9292 9299
9282 9299 9281
9295 9300 9297
9298 9297 9300
9292 9298 9301
9292 9301 9299
9299 9302 9281
9301 9302 9299
9281 9302 9279
9303 9279 9302
9301 9303 9302
9304 9303 9301
9298 9305 9301
9298 9300 9305
9305 9304 9301
9303 9306 9279
9279 9306 9278
9307 9306 9303
9304 9307 9303
9306 9308 9278
9306 9307 9308
9308 9307 9304
9278 9308 9280
9308 9309 9280
9309 9266 9280
9308 9304 9310
9310 9309 9308
9266 9309 9311
9266 9311 9265
9310 9312 9309
9312 9311 9309
9311 9313 9265
9265 9313 9260
9313 9314 9260
9311 9314 9313
9260 9314 9261
9315 9314 9311
9312 9315 9311
9314 9316 9261
9315 9316 9314
9316 9270 9261
9317 9316 9315
9316 9317 9270
9318 9315 9312
9317 9315 9318
9319 9312 9310
9318 9312 9319
9270 9317 9320
9320 9273 9270
9319 9310 9321
9304 9321 9310
9322 9317 9318
9322 9320 9317
9320 9323 9273
9323 9320 9322
9323 9275 9273
9324 9318 9319
9324 9319 9321
9324 9322 9318
9304 9325 9321
9305 9325 9304
9305 9326 9325
9300 9326 9305
9323 9322 9327
9323 9328 9275
9328 9323 9327
9327 9329 9328
9322 9324 9330
9327 9322 9330
9324 9321 9331
9330 9324 9331
9321 9325 9332
9321 9332 9331
9325 9326 9333
9325 9333 9332
9332 9333 9334
9328 9335 9275
9275 9335 9277
9327 9330 9336
9327 9336 9329
9331 9332 9337
9332 9334 9337
9338 9337 9334
9339 9337 9338
9331 9337 9339
9330 9331 9339
9336 9330 9339
9336 9339 9340
9329 9336 9340
9340 9339 9338
9328 9341 9335
9329 9341 9328
9277 9335 9342
9277 9342 9343
9329 9340 9344
9340 9338 9344
9345 9329 9344
9338 9345 9344
9329 9346 9341
9345 9346 9329
9335 9341 9347
9335 9347 9342
9341 9346 9348
9348 9346 9345
9341 9348 9347
9342 9349 9343
9347 9350 9342
9350 9349 9342
9349 9351 9343
9351 9352 9343
9351 9353 9352
9354 9351 9349
9350 9354 9349
9355 9350 9347
9348 9355 9347
9356 9353 9351
9354 9356 9351
9357 9354 9350
9355 9357 9350
9356 9358 9353
9353 9358 9359
9356 9354 9360
9357 9360 9354
9361 9359 9358
9361 9362 9359
9363 9358 9356
9356 9360 9363
9363 9361 9358
9364 9362 9361
9364 9365 9362
9366 9361 9363
9366 9364 9361
9367 9363 9360
9367 9366 9363
9368 9360 9357
9368 9367 9360
9369 9365 9364
9369 9370 9365
9371 9364 9366
9371 9369 9364
9371 9366 9367
9372 9370 9369
9371 9372 9369
9372 9373 9370
9374 9373 9372
9374 9372 9375
9371 9375 9372
9376 9374 9375
9377 9371 9367
9371 9377 9375
9376 9375 9378
9378 9375 9377
9378 9379 9376
9380 9377 9367
9378 9377 9380
9380 9367 9368
9378 9381 9379
9381 9378 9380
9382 9379 9381
9382 9383 9379
9384 9383 9382
9380 9385 9381
9381 9385 9382
9368 9386 9380
9380 9386 9385
9387 9385 9386
9382 9385 9388
9385 9387 9388
9386 9368 9389
9389 9368 9357
9389 9357 9355
9390 9382 9388
9384 9382 9390
9387 9391 9388
9390 9388 9391
9392 9386 9389
9387 9386 9392
9393 9392 9389
9387 9392 9393
9394 9389 9355
9393 9389 9394
9394 9355 9348
9395 9394 9348
9393 9394 9395
9348 9345 9395
9345 9396 9395
9396 9393 9395
9345 9397 9396
9338 9397 9345
9398 9390 9391
9387 9399 9391
9399 9398 9391
9400 9398 9399
9398 9401 9390
9400 9401 9398
9401 9384 9390
9402 9387 9393
9387 9402 9399
9403 9402 9393
9403 9393 9396
9402 9403 9399
9396 9397 9404
9396 9404 9403
9403 9405 9399
9405 9403 9404
9405 9400 9399
9397 9406 9404
9405 9404 9406
9338 9406 9397
9401 9407 9384
9408 9384 9407
9338 9409 9406
9338 9334 9409
9405 9406 9410
9406 9409 9410
9411 9407 9401
9400 9411 9401
9412 9408 9407
9411 9412 9407
9412 9413 9408
9413 9412 9414
9412 9415 9414
9412 9411 9415
9120 9414 9415
9411 9416 9415
9120 9415 9416
9411 9400 9416
9416 9123 9120
9405 9417 9400
9417 9405 9410
9400 9418 9416
9416 9418 9123
9400 9417 9418
9418 9419 9123
9417 9419 9418
9419 9125 9123
9419 9420 9125
9135 9125 9420
9417 9421 9419
9421 9420 9419
9417 9422 9421
9410 9422 9417
9422 9420 9421
9135 9420 9423
9136 9135 9423
9420 9424 9423
9422 9424 9420
9424 9136 9423
9410 9425 9422
9425 9424 9422
9409 9425 9410
9424 9426 9136
9425 9426 9424
9409 9427 9425
9425 9427 9426
9427 9409 9334
9136 9426 9428
9428 9426 9427
9136 9428 9145
9427 9334 9429
9428 9427 9429
9145 9428 9430
9430 9428 9429
9145 9430 9144
9431 9429 9334
9430 9429 9431
9431 9334 9333
9144 9430 9432
9432 9430 9431
9433 9431 9333
9432 9431 9433
9433 9333 9326
9300 9433 9326
9434 9433 9300
9434 9432 9433
9295 9434 9300
9434 9295 9296
9144 9432 9435
9144 9435 9143
9432 9434 9436
9434 9296 9436
9432 9436 9435
9435 9437 9143
9435 9436 9437
9143 9437 9142
9436 9296 9438
9436 9438 9437
9206 9438 9296
9206 9197 9438
9437 9439 9142
9437 9438 9439
9439 9141 9142
9152 9141 9439
9438 9197 9440
9197 9152 9440
9438 9440 9439
9440 9152 9439
9441 9442 9443
9444 9441 9443
9444 9445 9441
9445 9446 9441
9447 9445 9444
9447 9444 9448
9449 9447 9448
9445 9450 9446
9450 9451 9446
9452 9445 9447
9452 9450 9445
9449 9453 9447
9453 9452 9447
9450 9454 9451
9454 9455 9451
9456 9450 9452
9456 9454 9450
9457 9454 9456
9454 9458 9455
9457 9458 9454
9459 9455 9458
9457 9459 9458
9459 9460 9455
9461 9456 9452
9453 9461 9452
9462 9453 9449
9462 9449 9463
9464 9460 9459
9464 9465 9460
9466 9457 9456
9461 9466 9456
9467 9461 9453
9467 9453 9462
9463 9468 9462
9463 9469 9468
9470 9464 9459
9457 9470 9459
9471 9465 9464
9471 9472 9465
9473 9466 9461
9473 9461 9467
9462 9474 9467
9462 9468 9474
9469 9475 9468
9469 9476 9475
9475 9476 9477
9475 9477 9478
9479 9475 9478
9479 9478 9480
9481 9468 9475
9479 9481 9475
9482 9468 9481
9482 9474 9468
9482 9481 9479
9483 9467 9474
9483 9473 9467
9479 9480 9484
9480 9485 9484
9486 9479 9484
9487 9479 9486
9487 9482 9479
9488 9474 9482
9488 9482 9487
9488 9483 9474
9488 9487 9489
9488 9489 9490
9483 9488 9491
9488 9490 9491
9492 9473 9483
9483 9491 9492
9493 9491 9490
9493 9490 9494
9493 9494 9495
9492 9496 9473
9496 9466 9473
9497 9492 9491
9497 9491 9493
9496 9498 9466
9466 9498 9457
9499 9457 9498
9496 9499 9498
9499 9470 9457
9492 9500 9496
9496 9500 9499
9492 9497 9500
9501 9470 9499
9500 9501 9499
9497 9502 9500
9500 9502 9501
9493 9503 9497
9497 9503 9502
9493 9495 9504
9493 9504 9503
9495 9505 9504
9495 9506 9505
9506 9507 9505
9501 9508 9470
9470 9508 9464
9508 9471 9464
9502 9509 9501
9509 9508 9501
9510 9502 9503
9502 9510 9509
9504 9511 9503
9510 9503 9511
9507 9512 9505
9507 9513 9512
9505 9512 9514
9508 9515 9471
9509 9515 9508
9504 9505 9516
9504 9516 9511
9505 9514 9517
9505 9517 9516
9516 9517 9511
9517 9514 9518
9517 9518 9519
9520 9517 9519
9520 9511 9517
9521 9511 9520
9521 9510 9511
9510 9521 9522
9510 9522 9509
9522 9515 9509
9522 9523 9515
9515 9523 9524
9515 9524 9471
9524 9472 9471
9524 9525 9472
9526 9525 9524
9527 9528 9529
9530 9527 9529
9530 9531 9527
9530 9532 9531
9532 9533 9531
9532 9534 9533
9534 9535 9533
9534 9536 9535
9536 9537 9535
9536 9538 9537
9538 9539 9537
9538 9540 9539
9540 9541 9539
9540 9542 9541
9542 9543 9541
9542 9544 9543
9544 9545 9543
9545 9546 9543
9545 9547 9546
9545 9548 9547
9548 9549 9547
9548 9550 9549
9550 9551 9549
9550 9552 9551
9553 9549 9551
9552 9554 9551
9554 9553 9551
9552 9555 9554
9554 9556 9553
9555 9557 9554
9554 9557 9556
9558 9559 9560
9561 9558 9560
9561 9560 9562
9563 9561 9562
9563 9562 9564
9565 9563 9564
9565 9564 9566
9567 9565 9566
9567 9566 9568
9569 9567 9568
9570 9569 9568
9571 9570 9568
9568 9572 9571
9573 9571 9572
9574 9571 9573
9574 9573 9575
9575 9576 9574
9577 9576 9575
9576 9577 9578
9578 9579 9576
9580 9579 9578
9581 9579 9580
9581 9582 9579
9583 9582 9581
9583 9584 9582
9585 9584 9583
9585 9583 9586
9586 9587 9585
9586 9588 9587
9588 9589 9587
9588 9590 9589
9591 9592 9593
9594 9592 9591
9595 9594 9591
9595 9596 9594
9595 9597 9596
9597 9598 9596
9597 9599 9598
9598 9599 9600
9600 9601 9598
9601 9602 9598
9601 9603 9602
9602 9603 9604
9602 9604 9605
9605 9604 9606
9606 9604 9607
9607 9608 9606
9608 9607 9609
9609 9607 9610
9610 9611 9609
9612 9611 9610
9612 9610 9613
9612 9613 9614
9612 9614 9615
9614 9616 9615
9614 9617 9616
9618 9616 9617
9618 9619 9616
9620 9619 9618
9620 9621 9619
9622 9623 9624
9622 9624 9625
9625 9624 9626
9627 9622 9625
9627 9628 9622
9627 9629 9628
9630 9627 9625
9631 9627 9630
9627 9631 9629
9630 9625 9632
9625 9626 9632
9632 9626 9633
9632 9633 9634
9630 9632 9634
9634 9633 9635
9634 9635 9636
9637 9634 9636
9630 9634 9637
9637 9636 9638
9639 9637 9638
9629 9631 9640
9629 9640 9641
9639 9642 9637
9642 9630 9637
9639 9643 9642
9630 9642 9643
9639 9644 9643
9643 9644 9645
9643 9645 9646
9647 9643 9646
9630 9643 9647
9647 9646 9648
9649 9631 9630
9647 9649 9630
9649 9647 9648
9649 9640 9631
9649 9648 9650
9651 9649 9650
9649 9651 9640
9651 9650 9652
9651 9653 9640
9641 9640 9653
9641 9653 9654
9655 9651 9652
9651 9655 9653
9655 9652 9656
9657 9654 9653
9657 9653 9655
9658 9655 9656
9657 9655 9658
9658 9656 9659
9658 9659 9660
9658 9660 9661
9661 9657 9658
9661 9660 9662
9657 9663 9654
9661 9663 9657
9664 9654 9663
9664 9663 9665
9661 9665 9663
9666 9664 9665
9661 9662 9667
9661 9667 9665
9662 9668 9667
9665 9667 9668
9662 9669 9668
9666 9665 9670
9665 9668 9670
9671 9670 9668
9669 9672 9668
9672 9671 9668
9669 9673 9672
9672 9673 9674
9675 9666 9670
9671 9675 9670
9675 9676 9666
9675 9677 9676
9675 9678 9677
9671 9678 9675
9678 9679 9677
9678 9680 9679
9681 9680 9678
9671 9681 9678
9681 9682 9680
9672 9674 9683
9683 9674 9684
9683 9684 9685
9686 9683 9685
9687 9672 9683
9686 9687 9683
9687 9671 9672
9686 9688 9687
9687 9689 9671
9688 9689 9687
9689 9681 9671
9688 9690 9689
9691 9682 9681
9689 9691 9681
9690 9691 9689
9691 9692 9682
9690 9693 9691
9693 9692 9691
9693 9694 9692
9695 9696 9697
9695 9697 9698
9699 9700 9701
9699 9702 9700
9703 9702 9699
9703 9699 9704
9705 9703 9704
9705 9706 9703
9707 9706 9705
9707 9708 9706
9709 9710 9711
9709 9711 9712
9713 9714 9715
9713 9715 9716
9716 9715 9717
9716 9717 9718
9717 9719 9718
9717 9720 9719
9719 9720 9721
9719 9721 9722
9721 9723 9722
9721 9724 9723
9723 9724 9725
9723 9725 9726
9727 9728 9729
9727 9729 9730
9731 9732 9733
9731 9733 9734
9735 9736 9737
9735 9737 9738
9739 9735 9738
9739 9740 9735
9741 9740 9739
9741 9739 9742
9743 9741 9742
9743 9742 9744
9745 9746 9747
9745 9747 9748
9749 9750 9751
9749 9752 9750
9752 9753 9750
9752 9754 9753
9753 9754 9755
9753 9755 9756
9755 9757 9756
9755 9758 9757
9757 9758 9759
9757 9759 9760
9759 9761 9760
9759 9762 9761
9763 9764 9765
9763 9765 9766
9767 9768 9769
9767 9770 9768
9770 9771 9768
9767 9772 9770
9767 9773 9772
9770 9774 9771
9774 9775 9771
9773 9776 9772
9773 9777 9776
9776 9777 9778
9779 9770 9772
9779 9774 9770
9774 9780 9775
9781 9775 9780
9782 9772 9776
9782 9779 9772
9776 9778 9783
9782 9776 9783
9774 9779 9784
9774 9784 9780
9781 9780 9785
9785 9780 9784
9786 9781 9785
9779 9782 9787
9779 9787 9784
9786 9785 9788
9789 9786 9788
9785 9784 9790
9788 9785 9790
9778 9791 9783
9778 9792 9791
9793 9791 9792
9782 9783 9794
9787 9782 9794
9784 9787 9795
9784 9795 9790
9783 9791 9796
9783 9796 9794
9793 9797 9791
9797 9796 9791
9787 9794 9798
9795 9787 9798
9799 9797 9793
9799 9793 9800
9801 9799 9800
9794 9796 9802
9794 9802 9798
9797 9803 9796
9804 9797 9799
9804 9803 9797
9801 9805 9799
9805 9804 9799
9806 9802 9796
9806 9796 9803
9798 9802 9807
9807 9802 9806
9808 9806 9803
9808 9803 9804
9809 9805 9801
9809 9801 9810
9811 9809 9810
9798 9807 9812
9795 9798 9812
9807 9806 9813
9813 9806 9808
9814 9812 9807
9814 9807 9813
9815 9795 9812
9814 9815 9812
9811 9816 9809
9817 9816 9811
9815 9818 9795
9790 9795 9818
9790 9818 9819
9788 9790 9819
9820 9809 9816
9817 9821 9816
9821 9820 9816
9822 9821 9817
9822 9817 9823
9821 9822 9824
9825 9821 9824
9821 9825 9820
9825 9824 9826
9825 9826 9827
9825 9827 9828
9827 9829 9828
9820 9830 9809
9830 9805 9809
9825 9831 9820
9828 9831 9825
9832 9831 9828
9829 9833 9828
9832 9828 9833
9829 9834 9833
9833 9834 9835
9833 9835 9836
9832 9833 9836
9836 9835 9837
9838 9820 9831
9830 9820 9838
9830 9839 9805
9805 9839 9804
9840 9839 9830
9840 9804 9839
9840 9830 9838
9841 9840 9838
9840 9808 9804
9808 9840 9841
9838 9831 9842
9832 9842 9831
9841 9838 9842
9836 9837 9843
9836 9843 9844
9837 9845 9843
9846 9843 9845
9844 9843 9846
9846 9845 9847
9847 9848 9846
9848 9849 9846
9848 9850 9849
9849 9850 9851
9832 9852 9842
9852 9841 9842
9832 9836 9853
9836 9844 9853
9832 9853 9854
9832 9854 9852
9854 9853 9844
9855 9846 9849
9844 9846 9855
9849 9851 9856
9856 9851 9857
9856 9857 9858
9856 9858 9859
9856 9860 9849
9855 9849 9860
9856 9859 9861
9856 9861 9860
9861 9859 9862
9860 9861 9863
9861 9862 9863
9855 9860 9864
9860 9863 9864
9862 9865 9863
9865 9864 9863
9862 9866 9865
9865 9866 9867
9855 9864 9868
9844 9855 9868
9844 9868 9869
9854 9844 9869
9865 9870 9864
9865 9867 9871
9870 9865 9871
9864 9872 9868
9864 9870 9872
9868 9873 9869
9868 9872 9873
9874 9854 9869
9874 9869 9873
9867 9875 9871
9867 9876 9875
9875 9876 9877
9870 9871 9878
9872 9870 9878
9875 9878 9871
9873 9872 9879
9872 9878 9879
9854 9874 9880
9854 9880 9852
9852 9880 9841
9874 9873 9881
9873 9879 9881
9880 9874 9882
9874 9881 9882
9841 9880 9883
9880 9882 9883
9841 9883 9884
9808 9841 9884
9813 9808 9884
9883 9813 9884
9883 9885 9813
9882 9885 9883
9814 9813 9885
9882 9886 9885
9881 9886 9882
9886 9814 9885
9879 9887 9881
9881 9887 9886
9886 9888 9814
9888 9815 9814
9879 9889 9887
9878 9889 9879
9890 9886 9887
9890 9888 9886
9889 9890 9887
9888 9891 9815
9891 9888 9890
9891 9818 9815
9878 9892 9889
9875 9892 9878
9889 9893 9890
9892 9893 9889
9891 9890 9894
9894 9890 9893
9891 9895 9818
9895 9891 9894
9895 9819 9818
9892 9875 9896
9875 9877 9896
9892 9897 9893
9892 9896 9897
9898 9896 9877
9898 9897 9896
9898 9877 9899
9900 9898 9899
9895 9901 9819
9901 9788 9819
9902 9893 9897
9894 9893 9902
9898 9903 9897
9902 9897 9903
9900 9904 9898
9904 9903 9898
9895 9894 9905
9901 9895 9905
9906 9894 9902
9906 9902 9903
9906 9905 9894
9901 9907 9788
9789 9788 9907
9908 9789 9907
9901 9905 9909
9907 9901 9909
9906 9909 9905
9908 9907 9910
9907 9909 9910
9910 9911 9908
9906 9903 9912
9904 9912 9903
9906 9913 9909
9913 9910 9909
9913 9906 9912
9910 9914 9911
9913 9914 9910
9915 9911 9914
9915 9914 9916
9916 9914 9913
9917 9915 9916
9913 9912 9918
9918 9912 9904
9916 9913 9918
9917 9916 9919
9919 9916 9918
9919 9920 9917
9919 9921 9920
9922 9921 9919
9918 9904 9923
9919 9918 9923
9922 9919 9923
9900 9923 9904
9900 9922 9923
9924 9925 9926
9924 9926 9927
9927 9928 9924
9924 9928 9929
9930 9924 9929
9930 9929 9931
9932 9927 9926
9932 9926 9933
9931 9929 9934
9931 9934 9935
9933 9936 9932
9933 9937 9936
9938 9936 9937
9935 9934 9939
9935 9939 9940
9940 9939 9941
9940 9941 9942
9943 9942 9941
9944 9927 9932
9932 9936 9945
9932 9945 9944
9936 9946 9945
9938 9947 9936
9936 9947 9946
9938 9948 9947
9946 9947 9948
9938 9949 9948
9944 9950 9927
9928 9927 9950
9951 9944 9945
9950 9944 9951
9949 9952 9948
9949 9953 9952
9946 9948 9954
9954 9948 9952
9955 9952 9953
9955 9953 9956
9955 9956 9957
9951 9945 9958
9946 9958 9945
9954 9952 9959
9955 9959 9952
9955 9957 9960
9961 9960 9957
9955 9962 9959
9960 9962 9955
9946 9954 9963
9954 9959 9964
9954 9964 9963
9946 9965 9958
9946 9963 9965
9966 9959 9962
9966 9964 9959
9961 9967 9960
9960 9968 9962
9968 9960 9967
9962 9968 9969
9962 9969 9966
9961 9970 9967
9961 9971 9970
9971 9972 9970
9970 9972 9973
9970 9973 9974
9974 9967 9970
9974 9973 9975
9968 9967 9976
9974 9976 9967
9969 9968 9976
9977 9974 9975
9976 9974 9977
9977 9975 9978
9978 9979 9977
9976 9977 9980
9980 9977 9979
9969 9976 9980
9980 9979 9981
9981 9969 9980
9981 9982 9969
9966 9969 9982
9983 9982 9981
9983 9981 9984
9983 9984 9985
9986 9985 9984
9986 9987 9985
9983 9988 9982
9987 9986 9989
9966 9982 9990
9988 9990 9982
9964 9966 9990
9989 9991 9987
9989 9992 9991
9987 9991 9993
9988 9994 9990
9995 9994 9988
9964 9990 9996
9996 9990 9994
9987 9993 9997
9987 9997 9998
9997 9999 9998
9997 10000 9999
9993 10000 9997
10000 10001 9999
10000 10002 10001
10002 9995 10003
9993 10004 10000
10002 10000 10004
10005 9964 9996
10005 9963 9964
9995 10002 10006
10002 10004 10006
10007 9995 10006
10008 10006 10004
10008 10004 10009
10004 9993 10010
10004 10010 10009
10010 10011 10009
10010 9993 10012
10013 10010 10012
10013 10012 10014
9963 10005 10015
9963 10015 9965
9965 10015 10016
9965 10016 9958
9958 10016 10017
9958 10017 9951
10018 10015 10005
10019 10016 10015
10019 10015 10018
10020 10017 10016
10020 10016 10019
10018 10005 10021
10021 10005 9996
10021 9996 10022
9996 9994 10022
10023 10022 9994
9995 10023 9994
9995 10024 10023
9995 10025 10024
10026 9951 10017
10017 10020 10027
10017 10027 10026
10026 10028 9951
9950 9951 10028
10022 10029 10021
10023 10030 10022
10022 10030 10029
10023 10031 10030
10023 10024 10031
10031 10029 10030
10032 10021 10029
10032 10018 10021
10031 10033 10029
10032 10029 10033
10024 10034 10031
10034 10033 10031
10024 10035 10034
10035 10024 10025
10035 10025 10036
10037 10036 10025
10037 10038 10036
10013 10038 10037
10034 10039 10033
10040 10033 10039
10032 10033 10040
10040 10039 10041
10041 10042 10040
10032 10040 10042
10041 10043 10042
10032 10042 10044
10044 10018 10032
10044 10019 10018
10019 10044 10045
10042 10045 10044
10019 10045 10020
10046 10042 10043
10042 10046 10045
10046 10043 10047
10048 10046 10047
10048 10049 10046
10045 10046 10049
10049 10048 10050
10051 10020 10045
10045 10049 10051
10051 10027 10020
10049 10050 10052
10053 10052 10050
10054 10051 10049
10054 10049 10052
10055 10027 10051
10054 10055 10051
10056 10055 10054
10055 10057 10027
10026 10027 10057
10054 10052 10058
10054 10058 10056
10052 10059 10058
10058 10059 10056
10053 10060 10052
10052 10060 10059
10056 10061 10055
10061 10057 10055
10026 10057 10062
10062 10028 10026
10063 10060 10053
10063 10053 10064
10065 10063 10064
10061 10066 10057
10066 10062 10057
10066 10067 10062
10062 10068 10028
10068 10062 10067
9950 10028 10068
9950 10068 10069
9928 9950 10069
10070 10069 10068
10068 10067 10070
10070 10071 10069
10071 9928 10069
10061 10072 10066
10067 10066 10072
10073 10071 10070
10067 10073 10070
10071 10074 9928
10073 10075 10071
10074 10071 10075
10076 9928 10074
10076 10074 10077
10076 9929 9928
10074 10075 10078
10077 10074 10078
10067 10079 10073
10075 10073 10080
10080 10073 10079
10081 10067 10072
10081 10079 10067
10078 10075 10082
10075 10080 10082
10076 10083 9929
10076 10077 10084
10084 10083 10076
9929 10083 10085
9929 10085 9934
10084 10086 10083
10085 10083 10086
10087 9934 10085
10087 9939 9934
10085 10086 10088
10088 10087 10085
9939 10087 10089
9939 10089 9941
10089 10090 9941
9943 9941 10090
9943 10090 10091
9943 10091 10092
10092 10091 10093
10092 10093 10094
10094 10093 10095
10094 10095 10096
10095 10097 10096
10095 10098 10097
10098 10099 10097
10100 10091 10090
10091 10101 10093
10091 10100 10101
10093 10102 10095
10093 10101 10102
10100 10090 10103
10089 10103 10090
10104 10100 10103
10101 10100 10104
10105 10103 10089
10104 10103 10105
10095 10106 10098
10095 10102 10106
10105 10089 10107
10107 10089 10087
10107 10087 10108
10088 10108 10087
10105 10107 10109
10105 10109 10110
10110 10104 10105
10107 10111 10109
10107 10108 10111
10112 10111 10108
10112 10108 10088
10113 10112 10088
10110 10114 10104
10113 10088 10086
10115 10104 10114
10115 10114 10116
10101 10104 10115
10113 10086 10117
10113 10117 10118
10118 10117 10119
10086 10084 10117
10117 10084 10119
10118 10119 10120
10116 10121 10115
10121 10101 10115
10116 10122 10121
10121 10102 10101
10123 10121 10122
10124 10102 10121
10123 10124 10121
10124 10106 10102
10124 10123 10125
10106 10124 10126
10124 10125 10126
10127 10119 10084
10127 10084 10077
10120 10119 10128
10120 10128 10129
10106 10126 10130
10130 10098 10106
10131 10126 10125
10131 10125 10132
10132 10133 10131
10134 10131 10133
10126 10131 10135
10134 10135 10131
10126 10135 10130
10135 10134 10136
10130 10137 10098
10137 10130 10135
10098 10137 10099
10136 10138 10135
10137 10135 10138
10138 10099 10137
10136 10139 10138
10138 10140 10099
10139 10140 10138
9992 10014 10141
10142 10143 10144
10142 10145 10143
10142 10146 10145
10142 10147 10146
10146 10147 10148
10149 10147 10142
10149 10142 10150
10150 10142 10151
10147 10152 10148
10147 10153 10152
10147 10149 10153
10152 10154 10148
10153 10154 10152
10153 10155 10154
10155 10153 10156
10153 10149 10156
10157 10149 10150
10149 10157 10156
10157 10150 10158
10159 10158 10150
10159 10150 10160
10161 10148 10162
10161 10163 10148
10161 10162 10164
10161 10165 10163
10166 10164 10162
10167 10163 10165
10166 10168 10164
10168 10166 10156
10167 10165 10169
10168 10156 10170
10170 10156 10171
10170 10171 10172
10169 10173 10167
10174 10172 10171
10174 10175 10172
10174 10176 10175
10174 10177 10176
10169 10178 10173
10177 10179 10176
10180 10173 10178
10180 10178 10181
10180 10151 10173
10180 10181 10182
10183 10177 10151
10177 10183 10179
10180 10184 10151
10183 10151 10184
10179 10183 10185
10185 10183 10184
10179 10185 10186
10180 10182 10187
10184 10180 10187
10185 10184 10188
10184 10187 10188
10189 10186 10185
10189 10190 10186
10185 10188 10191
10191 10188 10187
10185 10191 10189
10192 10187 10182
10191 10187 10192
10192 10182 10193
10194 10190 10189
10194 10195 10190
10196 10195 10194
10197 10189 10191
10192 10197 10191
10197 10194 10189
10198 10192 10193
10192 10198 10197
10198 10193 10199
10200 10198 10199
10197 10198 10200
10200 10199 10201
10202 10194 10197
10197 10200 10202
10196 10194 10203
10202 10203 10194
10201 10204 10200
10201 10205 10204
10200 10206 10202
10203 10202 10206
10200 10204 10206
10196 10203 10207
10203 10206 10207
10196 10207 10208
10207 10209 10208
10210 10204 10205
10210 10206 10204
10210 10205 10211
10207 10212 10209
10212 10213 10209
10207 10206 10214
10210 10214 10206
10207 10214 10212
10215 10210 10211
10215 10214 10210
10215 10211 10216
10212 10217 10213
10217 10212 10214
10217 10218 10213
10215 10219 10214
10217 10214 10219
10216 10220 10215
10220 10219 10215
10216 10221 10220
10217 10222 10218
10222 10223 10218
10219 10224 10217
10222 10217 10224
10221 10225 10220
10221 10226 10225
10220 10227 10219
10219 10227 10224
10228 10227 10220
10228 10220 10225
10224 10227 10228
10224 10228 10229
10230 10224 10229
10222 10224 10230
10231 10229 10228
10231 10228 10225
10232 10225 10226
10231 10225 10232
10233 10222 10230
10233 10230 10229
10233 10234 10222
10222 10234 10223
10232 10226 10235
10236 10232 10235
10226 10237 10235
10238 10235 10237
10238 10239 10235
10239 10236 10235
10239 10238 10240
10236 10239 10240
10238 10241 10240
10229 10242 10233
10234 10233 10242
10223 10234 10243
10223 10243 10244
10245 10244 10243
10245 10243 10246
10247 10245 10246
10240 10241 10248
10249 10236 10240
10240 10248 10249
10241 10250 10248
10241 10251 10250
10250 10251 10252
10250 10252 10253
10254 10253 10252
10255 10248 10250
10256 10249 10248
10255 10256 10248
10257 10250 10253
10257 10255 10250
10254 10258 10253
10253 10259 10257
10253 10258 10259
10254 10260 10258
10254 10261 10260
10258 10262 10259
10258 10260 10262
10257 10259 10263
10263 10259 10262
10264 10255 10257
10257 10263 10264
10261 10265 10260
10261 10266 10265
10260 10267 10262
10260 10265 10267
10265 10268 10267
10269 10265 10266
10265 10269 10268
10269 10266 10270
10263 10262 10271
10267 10271 10262
10272 10269 10270
10272 10270 10273
10272 10273 10274
10275 10264 10263
10271 10275 10263
10275 10276 10264
10271 10277 10275
10267 10278 10271
10277 10271 10278
10278 10267 10268
10277 10278 10279
10276 10280 10264
10264 10280 10255
10276 10281 10280
10256 10255 10280
10282 10279 10278
10278 10268 10282
10282 10283 10279
10281 10284 10280
10256 10280 10284
10281 10285 10284
10284 10286 10256
10256 10286 10249
10287 10284 10285
10284 10287 10286
10287 10285 10288
10289 10249 10286
10249 10289 10236
10290 10287 10288
10290 10288 10291
10292 10290 10291
10287 10293 10286
10287 10290 10293
10289 10286 10293
10292 10294 10290
10294 10293 10290
10295 10294 10292
10295 10296 10294
10294 10297 10293
10296 10297 10294
10297 10289 10293
10296 10298 10297
10298 10299 10297
10297 10300 10289
10297 10299 10300
10289 10301 10236
10300 10301 10289
10236 10301 10302
10301 10303 10302
10299 10304 10300
10300 10304 10301
10301 10305 10303
10304 10305 10301
10305 10306 10303
10299 10307 10304
10304 10307 10305
10305 10307 10306
10299 10308 10307
10306 10307 10308
10306 10308 10309
10236 10310 10232
10310 10231 10232
10310 10311 10231
10312 10311 10310
10311 10313 10231
10312 10313 10311
10312 10314 10313
10313 10229 10231
10314 10315 10313
10313 10315 10229
10314 10316 10315
10316 10317 10315
10315 10317 10229
10316 10318 10317
10319 10229 10317
10317 10320 10319
10317 10321 10320
10321 10317 10318
10321 10322 10320
10321 10318 10323
10322 10321 10323
10229 10319 10242
10322 10323 10324
10319 10320 10325
10319 10325 10242
10326 10322 10324
10326 10324 10327
10328 10326 10327
10326 10328 10329
10330 10242 10325
10330 10331 10242
10234 10242 10331
10234 10331 10332
10332 10331 10330
10234 10332 10243
10333 10243 10332
10333 10246 10243
10332 10330 10334
10334 10333 10332
10335 10330 10325
10336 10334 10330
10336 10330 10335
10336 10337 10334
10336 10335 10338
10334 10337 10339
10340 10338 10335
10334 10339 10341
10334 10341 10333
10342 10341 10339
10343 10246 10333
10341 10343 10333
10342 10344 10341
10341 10344 10343
10344 10342 10345
10344 10345 10346
10343 10344 10346
10346 10345 10347
10343 10348 10246
10247 10246 10348
10343 10346 10349
10349 10348 10343
10346 10347 10350
10350 10349 10346
10350 10347 10351
10352 10247 10348
10349 10352 10348
10352 10353 10247
10353 10352 10354
10349 10354 10352
10353 10354 10355
10356 10355 10354
10349 10357 10354
10350 10357 10349
10356 10354 10358
10358 10354 10357
10358 10359 10356
10350 10351 10360
10360 10351 10361
10362 10357 10350
10358 10357 10362
10362 10350 10360
10363 10358 10362
10363 10362 10360
10358 10364 10359
10363 10364 10358
10360 10361 10365
10363 10360 10365
10359 10364 10366
10359 10366 10367
10364 10363 10368
10364 10368 10366
10365 10368 10363
10369 10367 10366
10369 10370 10367
10369 10371 10370
10365 10372 10368
10361 10372 10365
10361 10373 10372
10374 10372 10373
10374 10373 10375
10375 10376 10374
10375 10377 10376
10369 10378 10371
10377 10379 10376
10378 10380 10371
10377 10381 10379
10378 10382 10380
10382 10378 10383
10384 10380 10382
10381 10385 10379
10381 10386 10385
10385 10386 10384
10384 10382 10387
10387 10382 10383
10385 10384 10387
10383 10385 10387
10388 10379 10385
10383 10388 10385
10389 10379 10388
10388 10383 10390
10390 10383 10391
10390 10391 10392
10393 10389 10388
10388 10390 10393
10394 10389 10393
10394 10393 10395
10390 10395 10393
10396 10394 10395
10396 10395 10397
10390 10392 10398
10390 10398 10395
10399 10395 10398
10400 10398 10392
10400 10401 10398
10402 10403 10404
10402 10405 10406
10405 10407 10406
10405 10408 10407
10402 10409 10405
10409 10402 10410
10405 10409 10411
10412 10409 10410
10412 10411 10409
10405 10411 10413
10405 10413 10414
10415 10410 10403
10412 10410 10415
10416 10413 10411
10411 10412 10416
10416 10417 10413
10413 10417 10418
10413 10418 10419
10416 10412 10420
10412 10415 10421
10420 10412 10421
10422 10421 10415
10420 10421 10422
10422 10415 10423
10403 10423 10415
10420 10422 10424
10403 10425 10423
10424 10426 10420
10425 10403 10427
10424 10428 10426
10425 10427 10429
10430 10426 10428
10430 10428 10431
10429 10427 10432
10429 10432 10433
10434 10433 10432
10430 10431 10435
10434 10432 10436
10430 10435 10437
10438 10434 10436
10435 10439 10437
10435 10440 10439
10439 10441 10437
10438 10436 10442
10442 10436 10441
10443 10439 10440
10443 10440 10444
10439 10445 10441
10442 10441 10445
10439 10446 10445
10442 10445 10446
10439 10443 10446
10438 10442 10447
10442 10446 10447
10438 10447 10448
10449 10443 10444
10449 10444 10450
10451 10446 10443
10447 10446 10451
10451 10443 10449
10452 10451 10449
10448 10447 10453
10447 10451 10453
10452 10453 10451
10448 10453 10454
10453 10455 10454
10456 10449 10450
10452 10449 10456
10456 10450 10457
10456 10457 10458
10453 10459 10455
10452 10459 10453
10460 10455 10459
10456 10458 10461
10461 10452 10456
10462 10461 10458
10460 10459 10463
10463 10459 10452
10463 10065 10460
10461 10464 10452
10463 10452 10464
10463 10465 10065
10465 10463 10464
10065 10465 10063
10462 10466 10461
10464 10461 10466
10465 10464 10467
10464 10466 10467
10465 10467 10468
10465 10468 10063
10468 10467 10466
10469 10466 10462
10468 10466 10469
10469 10462 10470
10469 10470 10340
10469 10340 10471
10468 10469 10471
10340 10335 10471
10063 10468 10472
10468 10471 10472
10063 10472 10060
10471 10335 10473
10335 10325 10473
10473 10325 10320
10471 10473 10474
10474 10472 10471
10474 10473 10320
10475 10060 10472
10474 10475 10472
10320 10475 10474
10475 10059 10060
10320 10476 10475
10059 10475 10476
10320 10322 10476
10059 10476 10056
10322 10056 10476
10322 10477 10056
10322 10326 10477
10061 10056 10477
10326 10478 10477
10061 10477 10478
10326 10329 10478
10061 10478 10072
10072 10478 10329
10479 10072 10329
10479 10081 10072
10480 10479 10329
10081 10479 10481
10480 10482 10479
10482 10481 10479
10480 10483 10482
10483 10481 10482
10480 10484 10483
10483 10484 10485
10483 10485 10486
10483 10486 10481
10487 10486 10485
10487 10485 10488
10486 10487 10489
10486 10489 10481
10081 10481 10490
10490 10481 10489
10079 10081 10490
10490 10489 10491
10079 10490 10492
10492 10490 10491
10492 10491 10493
10080 10079 10492
10080 10492 10493
10080 10493 10494
10082 10080 10494
10082 10494 10495
10496 10082 10495
10078 10082 10496
10496 10495 10497
10498 10078 10496
10077 10078 10498
10498 10496 10499
10077 10498 10500
10500 10498 10499
10496 10497 10501
10499 10496 10501
10077 10500 10502
10502 10500 10503
10502 10127 10077
10500 10499 10504
10503 10500 10504
10505 10499 10501
10505 10504 10499
10497 10506 10501
10506 10505 10501
10497 10507 10506
10497 10508 10507
10508 10509 10507
10508 10510 10509
10507 10509 10511
10507 10511 10506
10511 10512 10506
10512 10505 10506
10511 10513 10512
10504 10505 10514
10512 10514 10505
10515 10512 10513
10515 10514 10512
10516 10515 10513
10504 10514 10517
10503 10504 10517
10515 10518 10514
10518 10517 10514
10516 10519 10515
10518 10515 10519
10518 10520 10517
10503 10517 10520
10521 10519 10516
10521 10516 10522
10521 10522 10523
10518 10519 10524
10524 10520 10518
10524 10519 10521
10524 10525 10520
10524 10521 10526
10525 10524 10526
10521 10523 10527
10526 10521 10527
10528 10527 10523
10528 10523 10529
10530 10528 10529
10526 10527 10531
10531 10527 10528
10530 10532 10528
10533 10532 10530
10534 10520 10525
10534 10503 10520
10535 10526 10531
10525 10526 10535
10531 10528 10536
10536 10528 10532
10535 10531 10537
10536 10537 10531
10525 10535 10538
10538 10535 10537
10525 10538 10539
10538 10537 10540
10525 10539 10541
10525 10541 10534
10537 10542 10540
10541 10543 10534
10541 10544 10543
10543 10503 10534
10537 10545 10542
10536 10545 10537
10546 10542 10545
10547 10543 10544
10547 10544 10548
10549 10547 10548
10550 10503 10543
10550 10543 10547
10551 10550 10547
10502 10503 10550
10551 10502 10550
10545 10536 10552
10536 10532 10552
10546 10545 10553
10545 10552 10553
10554 10546 10553
10549 10555 10547
10551 10547 10555
10549 10556 10555
10556 10551 10555
10549 10557 10556
10558 10556 10557
10559 10552 10532
10533 10559 10532
10554 10553 10560
10561 10554 10560
10553 10552 10562
10559 10562 10552
10553 10562 10560
10533 10563 10559
10533 10564 10563
10559 10565 10562
10560 10562 10565
10559 10563 10565
10561 10560 10566
10560 10565 10566
10567 10563 10564
10567 10564 10568
10563 10569 10565
10566 10565 10569
10563 10567 10569
10561 10566 10570
10566 10569 10570
10561 10570 10571
10572 10567 10568
10572 10568 10573
10567 10574 10569
10570 10569 10574
10567 10572 10574
10575 10571 10570
10570 10574 10575
10575 10576 10571
10573 10577 10572
10573 10578 10577
10579 10572 10577
10579 10577 10578
10579 10574 10572
10579 10578 10580
10581 10574 10579
10580 10581 10579
10575 10574 10581
10580 10582 10581
10581 10582 10583
10584 10583 10576
10584 10576 10575
10581 10583 10584
10575 10581 10584
10585 10586 10587
10585 10587 10588
10588 10587 10589
10588 10589 10590
10589 10591 10590
10592 10591 10589
10592 10589 10593
10592 10593 10594
10592 10594 10595
10595 10594 10596
10595 10596 10597
10598 10597 10596
10598 10596 10599
10599 10600 10601
10599 10602 10600
10602 10603 10600
10602 10604 10603
10604 10605 10603
10604 10606 10605
10606 10607 10605
10606 10608 10607
10607 10608 10609
10608 10610 10609
10608 10611 10610
10612 10610 10611
10612 10611 10613
10614 10615 10616
10614 10616 10617
10617 10616 10618
10619 10614 10617
10617 10618 10619
10619 10618 10620
10619 10621 10614
10619 10620 10622
10619 10622 10621
10622 10620 10623
10624 10621 10622
10622 10623 10624
10624 10623 10625
10624 10626 10621
10624 10625 10627
10627 10626 10624
10628 10627 10625
10627 10629 10626
10627 10630 10629
10629 10631 10626
10628 10632 10627
10627 10632 10630
10632 10628 10633
10632 10633 10630
10630 10633 10634
10629 10635 10631
10635 10629 10630
10631 10635 10636
10630 10634 10637
10637 10634 10638
10639 10635 10630
10639 10630 10637
10637 10638 10640
10640 10638 10641
10637 10642 10639
10637 10640 10642
10640 10641 10643
10643 10641 10644
10643 10644 10645
10645 10640 10643
10645 10644 10646
10645 10647 10640
10647 10642 10640
10645 10646 10648
10648 10647 10645
10648 10646 10649
10648 10649 10650
10650 10649 10651
10648 10652 10647
10652 10648 10650
10653 10647 10652
10653 10642 10647
10652 10650 10654
10655 10642 10653
10650 10651 10656
10656 10654 10650
10656 10651 10657
10656 10658 10654
10656 10657 10659
10659 10658 10656
10659 10657 10660
10659 10660 10658
10661 10642 10655
10639 10642 10661
10661 10655 10662
10655 10663 10662
10664 10662 10663
10664 10665 10662
10662 10665 10666
10662 10666 10661
10665 10667 10666
10639 10661 10668
10668 10661 10666
10668 10635 10639
10667 10669 10666
10668 10666 10669
10667 10670 10669
10668 10671 10635
10669 10671 10668
10635 10671 10636
10670 10672 10669
10669 10672 10671
10670 10673 10672
10673 10674 10672
10636 10671 10675
10671 10672 10675
10672 10674 10675
10676 10636 10675
10675 10674 10677
10677 10676 10675
10678 10679 10680
10681 10679 10678
10681 10682 10679
10682 10681 10683
10684 10682 10683
10684 10683 10685
10684 10685 10686
10686 10685 10687
10685 10683 10688
10685 10688 10689
10689 10688 10690
10690 10688 10691
10691 10692 10690
10690 10692 10693
10691 10694 10692
10695 10694 10691
10696 10694 10695
10696 10695 10697
10696 10697 10698
10698 10697 10699
10700 10701 10702
10700 10702 10703
10703 10702 10704
10700 10703 10705
10700 10705 10706
10703 10704 10707
10707 10704 10708
10706 10705 10709
10706 10709 10710
10709 10711 10710
10712 10705 10703
10712 10703 10707
10707 10708 10713
10714 10713 10708
10715 10709 10705
10715 10705 10712
10709 10716 10711
10715 10716 10709
10707 10713 10717
10707 10717 10712
10714 10718 10713
10718 10717 10713
10719 10718 10714
10712 10720 10715
10712 10717 10720
10719 10721 10718
10722 10721 10719
10718 10723 10717
10721 10723 10718
10711 10716 10724
10711 10724 10725
10726 10725 10724
10715 10727 10716
10720 10727 10715
10717 10728 10720
10717 10723 10728
10716 10729 10724
10716 10727 10729
10726 10724 10730
10730 10724 10729
10720 10731 10727
10728 10731 10720
10732 10726 10730
10732 10733 10726
10734 10733 10732
10727 10735 10729
10727 10731 10735
10730 10729 10736
10737 10732 10730
10737 10730 10736
10734 10732 10738
10738 10732 10737
10739 10729 10735
10739 10736 10729
10731 10740 10735
10740 10739 10735
10741 10736 10739
10741 10737 10736
10742 10734 10738
10742 10743 10734
10744 10743 10742
10731 10745 10740
10728 10745 10731
10740 10746 10739
10746 10741 10739
10747 10740 10745
10747 10746 10740
10748 10745 10728
10747 10745 10748
10744 10742 10749
10750 10744 10749
10748 10728 10751
10723 10751 10728
10723 10752 10751
10721 10752 10723
10753 10749 10742
10750 10749 10754
10754 10749 10753
10755 10750 10754
10755 10756 10750
10754 10757 10755
10758 10757 10754
10754 10753 10758
10758 10759 10757
10758 10760 10759
10758 10761 10760
10760 10761 10762
10753 10742 10763
10763 10742 10738
10758 10753 10764
10761 10758 10764
10765 10761 10764
10762 10761 10766
10765 10766 10761
10762 10766 10767
10766 10768 10767
10766 10769 10768
10765 10769 10766
10769 10770 10768
10771 10764 10753
10763 10771 10753
10763 10738 10772
10738 10737 10772
10773 10763 10772
10773 10772 10737
10773 10771 10763
10774 10771 10773
10773 10737 10741
10741 10774 10773
10771 10775 10764
10765 10764 10775
10774 10775 10771
10769 10776 10770
10769 10777 10776
10770 10776 10778
10779 10778 10776
10777 10779 10776
10779 10780 10778
10780 10779 10781
10781 10779 10782
10781 10782 10783
10782 10784 10783
10765 10775 10785
10785 10775 10774
10765 10786 10769
10769 10786 10777
10765 10787 10786
10765 10785 10787
10787 10777 10786
10788 10782 10779
10777 10788 10779
10782 10789 10784
10789 10790 10784
10789 10791 10790
10789 10792 10791
10789 10782 10793
10788 10793 10782
10789 10794 10792
10789 10793 10794
10795 10792 10794
10793 10795 10794
10795 10796 10792
10788 10797 10793
10793 10797 10795
10777 10798 10788
10788 10798 10797
10796 10795 10799
10796 10799 10800
10795 10797 10801
10795 10801 10799
10802 10800 10799
10801 10802 10799
10802 10803 10800
10797 10804 10801
10797 10798 10804
10777 10805 10798
10787 10805 10777
10798 10805 10806
10798 10806 10804
10804 10807 10801
10801 10807 10802
10803 10802 10808
10803 10808 10809
10810 10805 10787
10810 10806 10805
10806 10811 10804
10804 10811 10807
10802 10807 10812
10802 10812 10808
10813 10809 10808
10812 10813 10808
10813 10814 10809
10815 10814 10813
10815 10816 10814
10817 10816 10815
10787 10818 10810
10787 10785 10818
10785 10774 10818
10807 10811 10819
10807 10819 10812
10812 10820 10813
10815 10813 10820
10812 10819 10821
10812 10821 10820
10817 10815 10822
10815 10820 10823
10822 10815 10823
10824 10820 10821
10824 10823 10820
10817 10822 10825
10817 10825 10826
10826 10825 10827
10826 10827 10828
10827 10829 10828
10827 10830 10829
10831 10825 10822
10827 10825 10831
10830 10827 10832
10827 10831 10832
10830 10832 10833
10822 10823 10834
10831 10822 10834
10835 10823 10824
10835 10834 10823
10836 10831 10834
10832 10831 10836
10836 10834 10835
10833 10832 10837
10832 10836 10837
10833 10837 10838
10839 10838 10837
10836 10839 10837
10839 10840 10838
10836 10841 10839
10835 10841 10836
10840 10839 10842
10842 10839 10841
10840 10842 10722
10722 10842 10721
10843 10721 10842
10842 10841 10843
10843 10752 10721
10835 10844 10841
10843 10841 10844
10845 10752 10843
10843 10844 10845
10845 10751 10752
10835 10846 10844
10845 10844 10846
10835 10824 10846
10846 10824 10821
10847 10751 10845
10845 10846 10847
10847 10748 10751
10846 10821 10848
10847 10846 10848
10819 10848 10821
10849 10748 10847
10847 10848 10849
10849 10747 10748
10819 10850 10848
10811 10850 10819
10848 10851 10849
10851 10747 10849
10848 10850 10851
10811 10852 10850
10852 10851 10850
10806 10852 10811
10810 10852 10806
10810 10853 10852
10852 10853 10851
10818 10853 10810
10851 10854 10747
10853 10854 10851
10747 10854 10746
10818 10855 10853
10853 10855 10854
10855 10746 10854
10774 10855 10818
10855 10856 10746
10774 10856 10855
10746 10856 10741
10741 10856 10774
10857 10858 10859
10857 10860 10858
10860 10857 10861
10857 10862 10861
10863 10862 10857
10863 10864 10862
10864 10865 10862
10864 10866 10865
10866 10867 10865
10866 10868 10867
10868 10869 10867
10868 10870 10869
10871 10869 10870
10872 10865 10867
10867 10869 10873
10867 10873 10872
10871 10874 10869
10873 10869 10874
10862 10865 10875
10872 10875 10865
10871 10876 10874
10871 10877 10876
10877 10878 10876
10877 10879 10878
10879 10880 10878
10879 10881 10880
10880 10881 10882
10880 10882 10883
10883 10882 10884
10885 10874 10876
10876 10878 10886
10876 10886 10885
10878 10880 10887
10878 10887 10886
10885 10888 10874
10873 10874 10888
10889 10888 10885
10886 10889 10885
10890 10873 10888
10889 10890 10888
10880 10883 10891
10880 10891 10887
10890 10892 10873
10892 10872 10873
10883 10884 10893
10894 10891 10883
10894 10883 10893
10895 10893 10884
10895 10884 10896
10897 10895 10896
10898 10895 10897
10893 10895 10899
10898 10899 10895
10893 10899 10894
10899 10898 10900
10891 10894 10901
10901 10894 10899
10900 10902 10899
10901 10899 10902
10900 10903 10902
10904 10902 10903
10902 10904 10905
10902 10905 10901
10891 10901 10906
10906 10901 10905
10906 10887 10891
10906 10905 10907
10906 10908 10887
10907 10908 10906
10907 10909 10908
10908 10886 10887
10910 10908 10909
10908 10911 10886
10910 10911 10908
10911 10910 10912
10886 10911 10889
10911 10912 10889
10913 10889 10912
10913 10890 10889
10890 10913 10914
10890 10914 10892
10892 10914 10915
10892 10915 10916
10892 10916 10872
10917 10916 10915
10918 10872 10916
10917 10918 10916
10918 10875 10872
10919 10918 10917
10875 10918 10920
10919 10920 10918
10875 10920 10921
10862 10875 10921
10919 10922 10920
10919 10923 10922
10923 10924 10922
10923 10925 10924
10920 10922 10926
10926 10921 10920
10922 10924 10926
10927 10862 10921
10926 10927 10921
10927 10926 10928
10927 10861 10862
10925 10929 10924
10925 10930 10929
10931 10926 10924
10931 10928 10926
10927 10932 10861
10927 10928 10932
10930 10933 10929
10930 10934 10933
10934 10935 10933
10936 10933 10935
10934 10937 10935
10938 10935 10937
10929 10933 10939
10936 10939 10933
10940 10924 10929
10929 10939 10940
10938 10941 10935
10941 10936 10935
10940 10942 10924
10931 10924 10942
10943 10940 10939
10943 10942 10940
10938 10944 10941
10938 10945 10944
10946 10939 10936
10943 10939 10946
10931 10942 10947
10943 10947 10942
10944 10948 10941
10941 10948 10936
10945 10949 10944
10950 10944 10949
10950 10949 10951
10945 10952 10949
10952 10951 10949
10952 10953 10951
10954 10951 10953
10944 10955 10948
10950 10955 10944
10956 10948 10955
10956 10955 10950
10936 10948 10957
10956 10957 10948
10954 10958 10951
10959 10958 10954
10936 10957 10960
10946 10936 10960
10959 10961 10958
10961 10959 10962
10961 10962 10963
10964 10963 10962
10965 10963 10964
10965 10966 10963
10966 10961 10963
10966 10965 10967
10958 10961 10968
10966 10968 10961
10967 10969 10966
10968 10966 10969
10967 10970 10969
10971 10969 10970
10969 10971 10972
10958 10968 10973
10973 10951 10958
10968 10969 10974
10969 10972 10974
10973 10968 10974
10975 10974 10972
10973 10974 10975
10975 10972 10976
10973 10977 10951
10975 10977 10973
10950 10951 10977
10978 10975 10976
10975 10978 10977
10978 10950 10977
10978 10976 10979
10978 10980 10950
10980 10978 10979
10980 10979 10981
10980 10981 10982
10956 10950 10980
10980 10982 10956
10983 10956 10982
10983 10957 10956
10984 10957 10983
10984 10960 10957
10985 10960 10984
10985 10946 10960
10986 10946 10985
10986 10943 10946
10987 10943 10986
10987 10947 10943
10947 10987 10988
10947 10988 10989
10989 10988 10990
10989 10991 10947
10931 10947 10991
10989 10990 10992
10991 10989 10992
10992 10993 10991
10994 10931 10991
10993 10994 10991
10994 10928 10931
10990 10995 10992
10990 10996 10995
10996 10997 10995
10996 10998 10997
10999 10992 10995
10997 10999 10995
10992 11000 10993
10999 11000 10992
10998 11001 10997
11002 10997 11001
10998 11003 11001
11003 11004 11001
11002 11001 11004
11003 11005 11004
10997 11006 10999
11002 11006 10997
11000 10999 11007
11007 10999 11006
11008 10993 11000
11000 11007 11008
11007 11006 11009
11009 11006 11002
11005 11010 11004
11005 11011 11010
11012 11008 11007
11009 11012 11007
11012 11013 11008
11009 11014 11012
11015 11008 11013
11016 11014 11009
11009 11002 11016
11016 11017 11014
11018 11017 11016
11018 11016 11002
11018 11019 11017
11002 11004 11020
11018 11002 11020
11021 11020 11004
11021 11018 11020
11021 11004 11010
11010 11022 11021
11023 11019 11018
11021 11023 11018
11023 11021 11022
11023 11024 11019
11025 11024 11023
11023 11022 11025
11025 11026 11024
11027 11026 11025
11027 11025 11028
11022 11028 11025
11027 11028 11029
11027 11029 11030
11029 11031 11030
11010 11032 11022
11032 11010 11011
11032 11011 11033
11032 11033 11034
11032 11034 11035
11035 11022 11032
11036 11035 11034
11022 11037 11028
11035 11037 11022
11029 11028 11037
11036 11038 11035
11037 11035 11038
11039 11038 11036
11029 11037 11040
11037 11038 11040
11039 11041 11038
11040 11038 11041
11041 11039 11042
11040 11043 11029
11029 11043 11031
11041 11042 11044
11045 11044 11042
11046 11044 11045
11040 11041 11047
11047 11041 11044
11040 11047 11043
11046 11048 11044
11047 11044 11048
11043 11047 11048
11048 11046 11049
11031 11043 11050
11043 11048 11050
11050 11048 11049
11031 11050 11051
11050 11049 11052
11051 11050 11052
11053 11054 11055
11053 11055 11056
11053 11056 11057
11053 11057 11058
11057 11059 11058
11060 11053 11058
11060 11061 11053
11061 11062 11053
11059 11063 11058
11059 11064 11063
11063 11064 11065
11058 11063 11066
11063 11065 11066
11058 11066 11060
11065 11067 11066
11067 11060 11066
11068 11061 11060
11067 11068 11060
11068 11069 11061
11070 11061 11069
11070 11071 11061
11072 11073 11059
11072 11059 11074
11072 11075 11073
11072 11074 11076
11077 11073 11075
11078 11076 11074
11077 11075 11079
11079 11067 11077
11078 11080 11076
11079 11081 11067
11081 11082 11067
11081 11083 11082
11080 11078 11084
11085 11082 11083
11085 11083 11086
11085 11086 11087
11085 11087 11088
11080 11084 11089
11088 11087 11090
11091 11089 11084
11091 11092 11089
11091 11084 11062
11091 11093 11092
11094 11062 11088
11088 11090 11094
11091 11062 11095
11094 11095 11062
11090 11096 11094
11096 11095 11094
11090 11097 11096
11091 11098 11093
11095 11098 11091
11099 11096 11097
11099 11097 11100
11096 11101 11095
11095 11101 11098
11096 11102 11101
11102 11098 11101
11096 11099 11102
11103 11093 11098
11102 11103 11098
11103 11104 11093
11105 11099 11100
11105 11100 11106
11107 11105 11106
11108 11102 11099
11103 11102 11108
11108 11099 11105
11109 11104 11103
11103 11108 11109
11109 11110 11104
11111 11110 11109
11108 11111 11109
11111 11112 11110
11113 11108 11105
11108 11113 11111
11107 11114 11105
11113 11105 11114
11112 11111 11115
11112 11115 11116
11111 11113 11117
11114 11117 11113
11111 11117 11115
11107 11118 11114
11114 11118 11117
11107 11119 11118
11118 11119 11120
11121 11116 11115
11121 11115 11117
11121 11122 11116
11118 11120 11123
11123 11120 11124
11118 11125 11117
11121 11117 11125
11118 11123 11125
11126 11122 11121
11126 11121 11125
11126 11127 11122
11123 11124 11128
11128 11125 11123
11128 11124 11129
11126 11125 11130
11128 11130 11125
11127 11126 11131
11131 11126 11130
11127 11131 11132
11128 11129 11133
11133 11129 11134
11130 11128 11135
11133 11135 11128
11131 11130 11136
11130 11135 11136
11132 11131 11137
11132 11137 11138
11139 11131 11136
11135 11139 11136
11139 11137 11131
11135 11140 11139
11141 11140 11135
11133 11141 11135
11142 11139 11140
11142 11137 11139
11143 11138 11137
11142 11143 11137
11144 11141 11133
11144 11140 11141
11133 11134 11145
11144 11133 11145
11143 11146 11138
11147 11146 11143
11138 11146 11148
11149 11148 11146
11149 11146 11150
11150 11146 11147
11150 11151 11149
11147 11151 11150
11149 11151 11152
11140 11144 11153
11145 11153 11144
11134 11154 11145
11134 11155 11154
11156 11154 11155
11156 11157 11154
11158 11157 11156
11151 11159 11152
11160 11151 11147
11151 11160 11159
11152 11159 11161
11152 11161 11162
11161 11163 11162
11161 11164 11163
11165 11163 11164
11166 11161 11159
11167 11159 11160
11166 11159 11167
11168 11164 11161
11168 11161 11166
11165 11164 11169
11164 11168 11170
11164 11170 11169
11165 11169 11171
11165 11171 11172
11169 11170 11173
11169 11173 11171
11168 11174 11170
11174 11173 11170
11175 11168 11166
11168 11175 11174
11172 11171 11176
11172 11176 11177
11171 11173 11178
11171 11178 11176
11176 11178 11179
11180 11177 11176
11176 11179 11180
11180 11181 11177
11174 11182 11173
11178 11173 11182
11183 11181 11180
11183 11184 11181
11183 11185 11184
11186 11174 11175
11182 11174 11186
11186 11175 11187
11182 11186 11188
11178 11182 11189
11188 11189 11182
11189 11179 11178
11188 11190 11189
11187 11175 11191
11175 11166 11191
11187 11191 11192
11167 11191 11166
11193 11189 11190
11189 11193 11179
11193 11190 11194
11192 11191 11195
11167 11195 11191
11192 11195 11196
11195 11167 11197
11167 11160 11197
11198 11196 11195
11195 11197 11198
11198 11199 11196
11200 11197 11160
11160 11147 11200
11201 11199 11198
11201 11202 11199
11203 11202 11201
11198 11197 11204
11198 11204 11201
11200 11204 11197
11203 11201 11205
11205 11201 11204
11206 11203 11205
11206 11205 11207
11205 11204 11208
11207 11205 11208
11208 11204 11200
11207 11208 11209
11209 11208 11210
11208 11200 11211
11208 11211 11210
11200 11147 11212
11211 11200 11212
11147 11213 11212
11212 11213 11214
11210 11211 11215
11211 11212 11215
11212 11214 11216
11215 11212 11216
11216 11214 11217
11210 11215 11218
11215 11216 11218
11216 11217 11218
11210 11218 11219
11217 11219 11218
11217 11220 11219
11147 11143 11221
11221 11143 11142
11221 11142 11222
11223 11221 11222
11222 11142 11224
11223 11222 11224
11223 11224 11225
11224 11142 11140
11225 11224 11226
11224 11140 11226
11225 11226 11227
11227 11226 11228
11226 11140 11228
11227 11228 11229
11230 11228 11140
11228 11230 11231
11228 11231 11232
11232 11229 11228
11232 11231 11233
11232 11234 11229
11233 11234 11232
11140 11153 11230
11233 11235 11234
11230 11236 11231
11230 11153 11236
11237 11235 11233
11237 11238 11235
11239 11238 11237
11237 11240 11239
11241 11236 11153
11241 11153 11242
11145 11242 11153
11145 11243 11242
11243 11241 11242
11145 11154 11243
11244 11243 11154
11244 11154 11157
11243 11245 11241
11245 11243 11244
11246 11236 11241
11247 11241 11245
11247 11246 11241
11247 11245 11248
11247 11249 11246
11245 11250 11248
11251 11246 11249
11245 11252 11250
11245 11244 11252
11253 11250 11252
11254 11244 11157
11252 11244 11254
11253 11252 11255
11252 11254 11255
11255 11256 11253
11255 11257 11256
11254 11257 11255
11257 11258 11256
11254 11157 11259
11158 11259 11157
11254 11260 11257
11260 11254 11259
11257 11261 11258
11261 11257 11260
11261 11262 11258
11263 11259 11158
11260 11259 11263
11263 11158 11264
11264 11265 11263
11260 11263 11265
11264 11266 11265
11267 11265 11266
11260 11265 11268
11261 11260 11268
11267 11269 11265
11269 11268 11265
11269 11267 11270
11261 11271 11262
11271 11272 11262
11273 11261 11268
11269 11273 11268
11273 11271 11261
11274 11273 11269
11274 11271 11273
11269 11270 11275
11274 11269 11275
11271 11276 11272
11274 11276 11271
11270 11277 11275
11270 11278 11277
11275 11279 11274
11275 11277 11279
11276 11274 11279
11280 11277 11278
11280 11278 11281
11280 11281 11282
11276 11279 11283
11272 11276 11283
11272 11283 11284
11285 11284 11283
11285 11286 11284
11286 11285 11287
11286 11287 11288
11280 11282 11289
11288 11287 11290
11289 11282 11291
11288 11290 11292
11289 11291 11293
11293 11294 11289
11295 11293 11291
11292 11290 11296
11292 11296 11297
11296 11295 11297
11295 11298 11293
11298 11294 11293
11296 11298 11295
11294 11298 11296
11299 11296 11290
11294 11296 11299
11300 11299 11290
11299 11301 11294
11301 11302 11294
11301 11303 11302
11304 11299 11300
11299 11304 11301
11305 11304 11300
11305 11306 11304
11301 11304 11306
11307 11306 11305
11307 11308 11306
11301 11309 11303
11301 11306 11309
11310 11309 11306
11311 11303 11309
11311 11309 11312
11313 11314 11315
11316 11315 11314
11315 11316 11317
11315 11317 11318
11318 11319 11315
11318 11320 11319
11320 11321 11319
11320 11322 11321
11323 11321 11322
11323 11324 11321
11325 11324 11323
11326 11317 11316
11325 11327 11324
11327 11328 11324
11325 11329 11327
11325 11330 11329
11330 11331 11329
11330 11332 11331
11331 11332 11333
11331 11333 11334
11335 11331 11334
11336 11334 11333
11336 11337 11334
11337 11335 11334
11337 11336 11338
11329 11331 11339
11335 11339 11331
11327 11329 11340
11329 11339 11340
11327 11341 11328
11327 11340 11341
11342 11328 11341
11342 11341 11340
11342 11343 11328
11339 11344 11340
11342 11340 11344
11345 11343 11342
11346 11343 11345
11345 11342 11347
11344 11347 11342
11346 11345 11348
11346 11348 11349
11346 11349 11350
11351 11350 11349
11351 11352 11350
11344 11353 11347
11352 11351 11326
11339 11354 11344
11354 11353 11344
11354 11355 11353
11335 11354 11339
11356 11355 11354
11335 11356 11354
11356 11357 11355
11356 11358 11357
11356 11359 11358
11359 11356 11335
11360 11358 11359
11352 11326 11361
11326 11316 11361
11352 11361 11362
11362 11361 11316
11362 11316 11314
11363 11352 11362
11359 11335 11364
11337 11364 11335
11360 11359 11365
11364 11365 11359
11362 11314 11366
11366 11314 11367
11368 11363 11362
11362 11366 11368
11367 11369 11366
11369 11368 11366
11367 11370 11369
11369 11370 11371
11369 11371 11372
11363 11368 11373
11369 11373 11368
11369 11374 11373
11363 11373 11375
11373 11376 11375
11373 11377 11376
11378 11379 11380
11379 11381 11380
11379 11382 11381
11383 11381 11382
11383 11382 11384
11384 11385 11383
11386 11384 11382
11384 11387 11385
11386 11388 11384
11388 11387 11384
11385 11387 11389
11385 11389 11390
11391 11390 11389
11391 11392 11390
11392 11391 11393
11392 11393 11394
11395 11391 11389
11395 11393 11391
11387 11396 11389
11395 11389 11396
11388 11397 11387
11387 11397 11396
11388 11398 11397
11398 11396 11397
11386 11399 11388
11388 11399 11398
11398 11400 11396
11395 11396 11400
11401 11394 11393
11401 11402 11394
11403 11402 11401
11403 11401 11404
11404 11405 11403
11393 11406 11401
11406 11404 11401
11395 11407 11393
11393 11407 11406
11407 11395 11408
11395 11400 11408
11400 11398 11409
11409 11398 11399
11404 11410 11405
11411 11405 11410
11412 11406 11407
11407 11408 11412
11408 11400 11413
11400 11409 11413
11412 11408 11414
11408 11413 11414
11409 11399 11415
11413 11409 11416
11416 11409 11415
11417 11414 11413
11413 11416 11417
11418 11415 11399
11386 11418 11399
11418 11419 11415
11420 11419 11418
11416 11415 11421
11421 11415 11419
11412 11414 11422
11417 11423 11414
11423 11422 11414
11424 11423 11417
11425 11417 11416
11424 11417 11425
11421 11426 11416
11425 11416 11426
11427 11412 11422
11412 11427 11406
11423 11428 11422
11424 11428 11423
11429 11406 11427
11406 11429 11404
11427 11422 11430
11428 11430 11422
11429 11427 11431
11430 11431 11427
11432 11404 11429
11432 11410 11404
11433 11429 11431
11432 11429 11433
11434 11432 11433
11432 11435 11410
11432 11434 11435
11410 11435 11436
11435 11434 11436
11410 11436 11437
11411 11410 11437
11438 11411 11437
11438 11439 11411
11338 11439 11438
11338 11438 11440
11337 11338 11440
11440 11364 11337
11440 11441 11364
11364 11441 11365
11440 11442 11441
11440 11438 11442
11442 11365 11441
11438 11437 11443
11438 11443 11442
11444 11437 11436
11444 11443 11437
11442 11445 11365
11445 11360 11365
11445 11446 11360
11445 11251 11446
11442 11447 11445
11445 11447 11251
11442 11443 11447
11251 11447 11246
11448 11447 11443
11448 11443 11444
11447 11449 11246
11447 11448 11449
11246 11449 11236
11449 11231 11236
11448 11231 11449
11231 11448 11444
11436 11450 11444
11231 11444 11450
11436 11434 11450
11231 11450 11233
11233 11450 11434
11233 11434 11451
11233 11451 11237
11452 11451 11434
11434 11433 11452
11237 11451 11453
11452 11453 11451
11237 11453 11240
11454 11240 11453
11452 11454 11453
11452 11433 11455
11433 11431 11455
11456 11240 11454
11457 11240 11456
11452 11455 11458
11452 11458 11454
11459 11454 11458
11460 11455 11431
11430 11460 11431
11458 11455 11461
11458 11461 11459
11460 11461 11455
11460 11430 11462
11428 11462 11430
11461 11460 11463
11460 11462 11463
11461 11463 11464
11464 11459 11461
11456 11454 11465
11465 11454 11459
11462 11428 11466
11424 11466 11428
11467 11463 11462
11467 11464 11463
11462 11466 11468
11467 11462 11468
11469 11468 11466
11470 11466 11424
11469 11466 11470
11468 10860 11467
11468 11469 10860
11469 11471 10860
11469 11472 11471
11472 11469 11470
11472 11470 11473
10861 11467 10860
11474 11473 11470
11467 11475 11464
10861 11475 11467
11470 11424 11476
11474 11470 11476
11424 11477 11476
11474 11476 11477
11424 11425 11477
11474 11477 11478
11425 11479 11477
11478 11477 11479
11478 11479 11480
11425 11426 11479
11481 11480 11479
11481 11479 11426
11481 11482 11480
11481 11483 11482
11484 11475 10861
11484 10861 10932
11481 11426 11485
11421 11485 11426
11481 11486 11483
11486 11481 11485
11487 11483 11486
11485 11421 11488
11421 11419 11488
11486 11485 11489
11485 11488 11489
11487 11486 11490
11489 11490 11486
11491 11475 11484
11491 11464 11475
11464 11491 11459
11492 11491 11484
11459 11491 11492
11493 11488 11419
11420 11493 11419
11420 11494 11493
11420 11495 11494
11496 11494 11495
11496 11495 11497
11497 11498 11496
11493 11499 11488
11499 11493 11500
11498 11497 11501
11498 11501 11502
11497 11503 11501
11488 11499 11504
11488 11504 11489
11489 11504 11490
11499 11500 11505
11504 11499 11505
11506 11505 11500
11505 11506 11507
11504 11505 11508
11505 11507 11508
11508 11490 11504
11508 11507 11509
11508 11510 11490
11510 11508 11509
11487 11490 11510
11510 11509 11511
11487 11510 11512
11512 11510 11511
11513 11514 11386
11386 11514 11515
11515 11516 11386
11515 11514 11517
11518 11517 11514
11518 11519 11517
11515 11517 11520
11520 11521 11515
11520 11522 11521
11517 11519 11523
11519 11524 11523
11524 11525 11523
11524 11526 11525
11517 11523 11503
11503 11520 11517
11527 11503 11523
11502 11527 11526
11528 11522 11520
11503 11528 11520
11528 11529 11522
11497 11528 11503
11497 11529 11528
11530 11531 11532
11530 11533 11531
11533 11534 11531
11533 11535 11534
11534 11535 11536
11537 11534 11536
11537 11538 11534
11537 11539 11538
11537 11540 11539
11540 11541 11539
11540 11542 11541
11543 11541 11542
11543 11544 11541
11544 11545 11546
11544 11546 11547
11547 11546 11548
11547 11548 11549
11549 11548 11550
11549 11550 11551
11551 11550 11552
11551 11552 11553
11552 11554 11553
11553 11554 11555
11553 11555 11556
11557 11556 11555
11557 11558 11556
11559 11560 11561
11559 11561 11562
11562 11563 11559
11564 11562 11561
11564 11561 11565
11457 11564 11565
11562 11566 11563
11564 11566 11562
11457 11567 11564
11564 11567 11566
11457 11456 11567
11567 11456 11566
11465 11566 11456
11568 11563 11566
11465 11568 11566
11568 11569 11563
11570 11568 11465
11465 11459 11570
11459 11492 11570
11571 11569 11568
11570 11571 11568
11571 11572 11569
11573 11571 11570
11573 11572 11571
11573 11570 11492
11573 11574 11572
11575 11573 11492
11492 11484 11575
10932 11575 11484
11576 11574 11573
11575 11576 11573
11576 11577 11574
10932 11578 11575
11578 11576 11575
10928 11578 10932
11579 11577 11576
11578 11579 11576
11579 11580 11577
10928 11581 11578
11581 11579 11578
10928 11582 11581
10928 10994 11582
10994 11583 11582
11581 11584 11579
11582 11584 11581
11579 11585 11580
11584 11585 11579
11582 11586 11584
11583 11586 11582
11587 11585 11584
11587 11584 11586
11580 11585 11588
11588 11585 11587
10994 11589 11583
10993 11589 10994
11580 11588 11590
11580 11590 11591
11591 11590 11592
11591 11592 11593
11590 11594 11592
11590 11588 11594
11594 11588 11595
11595 11588 11587
11594 11595 11596
11586 11597 11587
11595 11587 11597
11598 11596 11595
11598 11595 11597
11599 11596 11598
11586 11600 11597
11583 11600 11586
11598 11597 11601
11601 11597 11600
11599 11598 11602
11601 11602 11598
11601 11600 11603
11583 11603 11600
11604 11599 11602
11604 11605 11599
11604 11606 11605
11601 11607 11602
11607 11601 11603
11607 11604 11602
11607 11603 11608
11609 11603 11583
11609 11608 11603
11607 11610 11604
11608 11610 11607
11604 11611 11606
11610 11611 11604
11612 11609 11583
11589 11612 11583
11613 11606 11611
11613 11614 11606
11615 11614 11613
11610 11616 11611
11616 11613 11611
11615 11613 11617
11618 11615 11617
11608 11619 11610
11619 11616 11610
11616 11620 11613
11620 11617 11613
11619 11621 11616
11620 11616 11621
11589 11622 11612
10993 11622 11589
11608 11623 11619
11623 11621 11619
11608 11624 11623
11623 11625 11621
11608 11626 11624
11608 11609 11626
11626 11609 11612
11626 11612 11627
11622 11627 11612
11622 11628 11627
11621 11625 11629
11015 11628 11622
10993 11630 11622
11015 11622 11630
11008 11630 10993
11015 11630 11008
11621 11629 11631
11620 11621 11631
11632 11631 11629
11631 11633 11620
11620 11633 11617
11632 11634 11631
11631 11634 11633
11635 11634 11632
11636 11617 11633
11618 11617 11636
11635 11637 11634
11638 11637 11635
11634 11639 11633
11636 11633 11639
11634 11637 11639
11618 11636 11640
11618 11640 11641
11636 11639 11642
11637 11642 11639
11636 11642 11640
11638 11643 11637
11637 11643 11642
11644 11641 11640
11644 11645 11641
11640 11642 11646
11643 11646 11642
11640 11646 11644
11638 11647 11643
11643 11647 11646
11638 11648 11647
11649 11645 11644
11649 11650 11645
11644 11646 11651
11647 11651 11646
11644 11651 11649
11652 11647 11648
11647 11652 11651
11652 11648 11653
11650 11649 11654
11650 11654 11655
11656 11654 11649
11656 11655 11654
11656 11649 11651
11656 11657 11655
11658 11656 11651
11657 11656 11658
11652 11658 11651
11657 11658 11659
11658 11660 11659
11661 11652 11653
11652 11661 11658
11658 11661 11660
11661 11653 11660
11662 11663 11664
11662 11665 11663
11665 11666 11663
11667 11665 11662
11665 11667 11666
11667 11668 11666
11667 11662 11669
11667 11670 11668
11667 11669 11670
11670 11671 11668
11672 11670 11669
11670 11672 11671
11672 11673 11671
11672 11669 11674
11672 11675 11673
11675 11672 11674
11676 11673 11675
11675 11674 11677
11675 11677 11678
11677 11674 11679
11676 11675 11680
11675 11678 11680
11680 11681 11676
11680 11678 11681
11678 11682 11681
11677 11679 11683
11683 11678 11677
11679 11684 11683
11678 11685 11682
11685 11686 11682
11687 11678 11683
11687 11685 11678
11685 11688 11686
11688 11689 11686
11685 11687 11690
11685 11690 11688
11688 11691 11689
11691 11692 11689
11691 11693 11692
11693 11691 11688
11693 11694 11692
11693 11688 11695
11695 11688 11690
11693 11696 11694
11696 11693 11695
11696 11697 11694
11696 11698 11697
11698 11699 11697
11696 11695 11700
11700 11698 11696
11701 11700 11695
11701 11695 11690
11700 11702 11698
11703 11701 11690
11698 11704 11699
11704 11698 11702
11704 11705 11699
11704 11702 11706
11704 11707 11705
11707 11704 11706
11707 11708 11705
11707 11706 11708
11709 11703 11690
11687 11709 11690
11709 11710 11703
11703 11710 11711
11712 11711 11710
11712 11710 11713
11710 11714 11713
11710 11709 11714
11713 11714 11715
11687 11716 11709
11716 11714 11709
11716 11687 11683
11715 11714 11717
11716 11717 11714
11715 11717 11718
11716 11683 11719
11717 11716 11719
11683 11684 11719
11718 11717 11720
11717 11719 11720
11718 11720 11721
11721 11720 11722
11684 11723 11719
11719 11723 11720
11720 11723 11722
11724 11723 11684
11723 11725 11722
11725 11723 11724
11726 11727 11728
11729 11726 11728
11729 11728 11730
11730 11731 11729
11732 11731 11730
11732 11733 11731
11732 11734 11733
11734 11735 11733
11733 11736 11731
11733 11737 11736
11737 11738 11736
11738 11739 11736
11739 11738 11740
11738 11741 11740
11739 11740 11742
11743 11739 11742
11744 11743 11742
11744 11745 11743
11744 11746 11745
11746 11747 11745
11748 11749 11750
11751 11748 11750
11748 11752 11749
11751 11753 11748
11754 11749 11752
11754 11755 11749
11755 11754 11756
11755 11756 11757
11751 11758 11753
11751 11759 11758
11760 11757 11756
11760 11761 11757
11760 11762 11761
11760 11763 11762
11764 11762 11763
11764 11763 11765
11758 11759 11766
11765 11766 11764
11758 11766 11767
11765 11767 11766
11768 11769 11770
11769 11771 11770
11768 11772 11769
11769 11773 11771
11768 11774 11772
11768 11775 11774
11774 11775 11776
11774 11776 11777
11778 11771 11773
11778 11779 11771
11777 11776 11780
11777 11780 11781
11782 11781 11780
11782 11780 11783
11784 11779 11778
11784 11778 11785
11786 11782 11783
11784 11785 11786
11786 11783 11787
11784 11786 11787
11788 11789 11790
11791 11788 11790
11788 11792 11789
11791 11793 11788
11794 11789 11792
11794 11795 11789
11795 11794 11796
11795 11796 11797
11791 11798 11793
11791 11799 11798
11800 11797 11796
11800 11801 11797
11800 11802 11801
11800 11803 11802
11804 11802 11803
11804 11803 11805
11798 11799 11806
11805 11806 11804
11798 11806 11807
11805 11807 11806
11808 11809 11810
11809 11811 11810
11808 11812 11809
11809 11813 11811
11808 11814 11812
11808 11815 11814
11814 11815 11816
11814 11816 11817
11818 11811 11813
11818 11819 11811
11817 11816 11820
11817 11820 11821
11822 11821 11820
11822 11820 11823
11824 11819 11818
11824 11818 11825
11826 11822 11823
11824 11825 11826
11826 11823 11827
11824 11826 11827
11828 11829 11830
11831 11828 11830
11832 11831 11830
11833 11832 11830
11834 11833 11830
11835 11834 11830
11836 11835 11830
11837 11836 11830
11838 11837 11830
11839 11838 11830
11829 11840 11830
11840 11839 11830
11841 11840 11829
11842 11839 11840
11841 11843 11840
11843 11842 11840
11844 11845 11846
11847 11846 11845
11844 11848 11845
11847 11845 11849
11850 11848 11844
11851 11847 11849
11850 11852 11848
11851 11849 11853
11854 11851 11853
11854 11853 11855
11856 11852 11850
11856 11857 11852
11858 11857 11856
11859 11854 11855
11860 11858 11856
11859 11855 11861
11860 11862 11858
11863 11859 11861
11860 11864 11862
11860 11865 11864
11860 11866 11865
11867 11866 11860
11867 11868 11866
11869 11859 11863
11859 11869 11870
11859 11870 11871
11872 11859 11871
11872 11871 11873
11874 11868 11867
11874 11872 11873
11874 11875 11868
11874 11873 11875
11876 11877 11878
11876 11879 11877
11878 11877 11880
11877 11879 11880
11881 11882 11883
11884 11883 11882
11881 11883 11885
11884 11886 11883
11887 11881 11885
11888 11886 11884
11887 11885 11889
11888 11890 11886
11891 11890 11888
11891 11892 11890
11893 11887 11889
11893 11889 11894
11895 11893 11894
11896 11892 11891
11897 11893 11895
11896 11898 11892
11897 11895 11899
11900 11898 11896
11897 11899 11901
11897 11901 11902
11897 11902 11903
11904 11897 11903
11904 11903 11905
11906 11900 11896
11896 11907 11906
11896 11908 11907
11909 11908 11896
11909 11910 11908
11911 11904 11905
11911 11910 11909
11911 11905 11912
11911 11912 11910
11913 11914 11915
11913 11916 11914
11917 11915 11914
11916 11917 11914
11918 11919 11920
11921 11918 11920
11918 11922 11919
11922 11918 11923
11922 11924 11919
11921 11925 11918
11923 11918 11925
11922 11926 11924
11926 11927 11924
11921 11928 11925
11921 11929 11928
11928 11929 11930
11922 11923 11931
11931 11926 11922
11926 11932 11927
11926 11933 11932
11932 11934 11927
11932 11935 11934
11935 11932 11933
11935 10558 11934
11935 11936 10558
10558 11936 10556
11931 11937 11926
11926 11937 11933
11931 11938 11937
11933 11937 11938
11939 11931 11923
11931 11939 11938
11936 11935 11940
11935 11933 11940
11941 10556 11936
10556 11941 10551
11936 11940 11942
11941 11936 11942
11933 11943 11940
11943 11942 11940
11944 10551 11941
11942 11944 11941
11933 11938 11945
11933 11945 11943
11944 11946 10551
10551 11946 10502
10502 11946 10127
11942 11947 11944
11943 11947 11942
11948 11944 11947
11948 11947 11949
11949 11947 11943
11949 11943 11950
11950 11943 11945
11950 11945 11951
11951 11945 11938
11951 11938 11952
11952 11938 11939
11952 11939 11953
11954 11953 11939
11954 11955 11953
11954 11956 11955
11939 11923 11954
11954 11957 11956
11957 11954 11923
11958 11956 11957
11957 11923 11959
11923 11925 11959
11928 11959 11925
11958 11957 11960
11959 11960 11957
11961 11958 11960
11928 11962 11959
11959 11962 11960
11961 11960 11963
11962 11963 11960
11963 11964 11961
11962 11928 11965
11928 11930 11965
11963 11966 11964
11967 11964 11966
11968 11967 11966
11962 11969 11963
11969 11966 11963
11962 11965 11969
11968 11966 11970
11969 11970 11966
11965 11970 11969
11970 11971 11968
11930 11972 11965
11965 11972 11970
11972 11971 11970
11930 11973 11972
11972 11974 11971
11973 11974 11972
11946 11944 11975
11975 11944 11976
11975 11976 11977
11975 11978 11946
11978 11975 11977
10127 11946 11978
11978 11977 11979
10127 11978 11980
10127 11980 10119
11979 11981 11978
11981 11980 11978
11979 11982 11981
11983 10119 11980
11981 11983 11980
11983 10128 10119
11982 11984 11981
11982 11985 11984
11981 11986 11983
10128 11983 11986
11981 11984 11986
11984 11987 11986
11985 11988 11984
11984 11988 11987
11985 11989 11988
10128 11986 11990
11987 11990 11986
10129 10128 11990
10129 11990 11991
11989 11992 11988
11987 11988 11992
11989 11993 11992
11991 11990 11994
11987 11994 11990
11991 11994 11995
11996 11995 11994
11993 11997 11992
11993 11998 11997
11987 11992 11999
11997 11999 11992
12000 11994 11987
11996 11994 12000
12000 11987 11999
11996 12000 12001
12001 12000 11999
11996 12001 12002
12003 11997 11998
11997 12003 12004
12003 11998 12005
12003 12005 12006
11997 12007 11999
12001 11999 12007
11997 12004 12007
12004 12001 12007
12002 12001 12008
12004 12008 12001
12004 12009 12008
12002 12008 12010
12010 12008 12009
12010 12009 12011
12012 12011 12009
12003 12006 12013
12013 12004 12003
12013 12006 12014
12013 12015 12004
12004 12015 12009
12013 12014 12016
12016 12015 12013
12016 12014 12017
12012 12009 12018
12019 12012 12018
12020 12009 12015
12016 12020 12015
12020 12018 12009
12016 12017 12021
12020 12016 12021
12019 12018 12022
12022 12023 12019
12018 12020 12024
12020 12021 12024
12018 12024 12022
12025 12021 12017
12024 12021 12025
12025 12017 12026
12026 12027 12025
12028 12025 12027
12024 12025 12029
12028 12029 12025
12029 12022 12024
12029 12028 12030
12022 12031 12023
12029 12031 12022
12030 12031 12029
12032 12023 12031
12030 12032 12031
12033 10274 12034
10272 10274 12033
12033 12034 12035
12035 12034 12036
12037 10272 12033
12038 12033 12035
12037 12033 12038
12039 10272 12037
12039 10269 10272
10268 10269 12039
12040 12037 12038
12039 12037 12040
12035 12041 12038
12040 12038 12041
12035 12036 12042
12035 12042 12041
12043 12042 12036
12043 12041 12042
12043 12036 12044
10268 12039 12045
12039 12040 12045
12046 12040 12041
12043 12046 12041
12044 12047 12043
12044 12048 12047
10268 12045 12049
12049 10282 10268
12045 12040 12050
12046 12050 12040
12045 12050 12049
12046 12043 12051
12047 12051 12043
12050 12046 12051
12048 12052 12047
12047 12052 12051
12048 12053 12052
12049 12054 10282
12050 12054 12049
12050 12051 12055
12052 12055 12051
12050 12055 12054
12056 12052 12053
12052 12056 12055
12056 12054 12055
12056 10282 12054
12056 12053 12057
10283 10282 12056
10283 12056 12057
12058 12059 11185
11183 12058 11185
12058 12060 12059
12060 12061 12059
12062 12058 11183
12063 12060 12058
12062 12063 12058
12064 12062 11183
12064 11183 11180
11179 12064 11180
12065 12063 12062
12064 12065 12062
12060 12063 12066
12065 12066 12063
12060 12067 12061
12060 12066 12067
12068 12061 12067
12068 12067 12066
12068 12069 12061
11179 12070 12064
12064 12070 12065
12071 12066 12065
12068 12066 12071
12069 12068 12072
12069 12072 12073
11179 12074 12070
12074 11179 11193
12070 12075 12065
12071 12065 12075
12070 12074 12075
12071 12076 12068
12072 12068 12076
12075 12076 12071
12073 12072 12077
12072 12076 12077
12073 12077 12078
12074 11193 12079
12075 12074 12079
12075 12080 12076
12077 12076 12080
12075 12079 12080
12081 12078 12077
12077 12080 12081
12081 12080 12079
12081 12079 11193
12081 12082 12078
11194 12081 11193
11194 12082 12081
12083 12084 12085
12086 12084 12083
12085 12084 12087
12088 12084 12086
12087 12084 12089
12090 12084 12088
12089 12084 12091
12092 12084 12090
12091 12084 12093
12094 12084 12092
12093 12084 12095
12096 12084 12094
12095 12084 12097
12098 12084 12096
12097 12084 12099
12099 12084 12098
12100 12101 12102
12103 12101 12100
12102 12101 12104
12105 12101 12103
12104 12101 12106
12107 12101 12105
12106 12101 12108
12109 12101 12107
12108 12101 12110
12111 12101 12109
12110 12101 12112
12113 12101 12111
12112 12101 12114
12115 12101 12113
12114 12101 12116
12116 12101 12115
12117 12118 12119
12117 12119 12120
12117 12121 12118
12117 12120 12122
12117 12123 12121
12117 12122 12124
12117 12125 12123
12117 12124 12125
12126 12127 12128
12129 12127 12126
12128 12127 12130
12131 12127 12129
12130 12127 12132
12133 12127 12131
12132 12127 12134
12135 12127 12133
12134 12127 12136
12137 12127 12135
12136 12127 12138
12139 12127 12137
12138 12127 12140
12141 12127 12139
12140 12127 12142
12142 12127 12141
12143 12144 12145
12146 12144 12143
12145 12144 12147
12148 12144 12146
12147 12144 12149
12150 12144 12148
12149 12144 12151
12152 12144 12150
12151 12144 12153
12154 12144 12152
12153 12144 12155
12156 12144 12154
12155 12144 12157
12158 12144 12156
12157 12144 12159
12159 12144 12158
12160 12161 12162
12163 12161 12160
12162 12161 12164
12165 12161 12163
12164 12161 12166
12167 12161 12165
12166 12161 12168
12169 12161 12167
12168 12161 12170
12171 12161 12169
12170 12161 12172
12173 12161 12171
12172 12161 12174
12175 12161 12173
12174 12161 12176
12176 12161 12175
12177 12178 12179
12180 12178 12177
12179 12178 12181
12182 12178 12180
12181 12178 12183
12184 12178 12182
12183 12178 12185
12186 12178 12184
12185 12178 12187
12188 12178 12186
12187 12178 12189
12190 12178 12188
12189 12178 12191
12192 12178 12190
12191 12178 12193
12193 12178 12192
12194 12195 12196
12197 12194 12196
12195 12198 12196
12199 12197 12196
12198 12200 12196
12201 12199 12196
12200 12202 12196
12203 12201 12196
12202 12204 12196
12205 12203 12196
12204 12206 12196
12207 12205 12196
12206 12208 12196
12209 12207 12196
12208 12210 12196
12210 12209 12196
12211 12212 12213
12214 12211 12213
12212 12215 12213
12216 12214 12213
12215 12217 12213
12218 12216 12213
12217 12219 12213
12220 12218 12213
12219 12221 12213
12222 12220 12213
12221 12223 12213
12224 12222 12213
12223 12225 12213
12226 12224 12213
12225 12227 12213
12227 12226 12213
12228 12229 12230
12231 12228 12230
12229 12232 12230
12233 12231 12230
12232 12234 12230
12235 12233 12230
12234 12236 12230
12237 12235 12230
12236 12238 12230
12239 12237 12230
12238 12240 12230
12241 12239 12230
12240 12242 12230
12243 12241 12230
12242 12244 12230
12244 12243 12230
12245 12246 12247
12248 12245 12247
12246 12249 12247
12250 12248 12247
12249 12251 12247
12252 12250 12247
12251 12253 12247
12254 12252 12247
12253 12255 12247
12256 12254 12247
12255 12257 12247
12258 12256 12247
12257 12259 12247
12260 12258 12247
12259 12261 12247
12261 12260 12247
12262 12263 12264
12263 12262 12265
12266 12262 12264
12262 12267 12265
12266 12268 12262
12262 12268 12267
12269 12268 12266
12267 12268 12270
12271 12268 12269
12270 12268 12272
12273 12268 12271
12272 12268 12274
12275 12268 12273
12274 12268 12276
12277 12268 12275
12276 12268 12277
12278 12279 12280
12278 12280 12281
12282 12279 12278
12281 12280 12283
12282 12284 12279
12281 12283 12285
12286 12284 12282
12285 12283 12287
12286 12288 12284
12285 12287 12289
12290 12288 12286
12289 12287 12291
12290 12292 12288
12289 12291 12293
12294 12292 12290
12293 12291 12295
12294 12296 12292
12293 12295 12297
12298 12296 12294
12297 12295 12299
12298 12300 12296
12297 12299 12301
12302 12300 12298
12301 12299 12303
12302 12304 12300
12301 12303 12305
12306 12304 12302
12305 12303 12307
12306 12308 12304
12305 12307 12309
12309 12308 12306
12309 12307 12308
12310 12311 12312
12310 12312 12313
12312 12314 12313
12315 12310 12313
12311 12316 12312
12316 12314 12312
12311 12317 12316
12315 12313 12318
12313 12314 12318
12319 12315 12318
12317 12320 12316
12320 12314 12316
12317 12321 12320
12319 12318 12322
12318 12314 12322
12323 12319 12322
12321 12324 12320
12324 12314 12320
12321 12325 12324
12325 12323 12326
12323 12322 12326
12322 12314 12326
12325 12326 12324
12326 12314 12324
12327 12328 12329
12329 12328 12330
12327 12329 12331
12332 12328 12327
12331 12329 12333
12333 12329 12330
12331 12333 12334
12332 12335 12328
12328 12335 12330
12336 12335 12332
12334 12333 12337
12337 12333 12330
12334 12337 12338
12336 12339 12335
12335 12339 12330
12340 12339 12336
12338 12337 12341
12341 12337 12330
12338 12341 12342
12342 12343 12340
12340 12343 12339
12339 12343 12330
12342 12341 12343
12343 12341 12330
12344 12345 12346
12344 12347 12345
12348 12347 12344
12346 12345 12349
12346 12349 12350
12348 12351 12347
12352 12351 12348
12347 12353 12345
12345 12353 12349
12351 12353 12347
12349 12353 12354
12350 12349 12354
12355 12353 12351
12352 12355 12351
12350 12354 12356
12357 12355 12352
12356 12354 12358
12354 12353 12358
12356 12358 12359
12357 12360 12355
12360 12353 12355
12361 12360 12357
12359 12358 12362
12358 12353 12362
12359 12362 12363
12361 12364 12360
12364 12353 12360
12365 12364 12361
12363 12362 12366
12362 12353 12366
12363 12366 12367
12365 12368 12364
12368 12353 12364
12366 12353 12369
12367 12366 12369
12370 12353 12368
12371 12368 12365
12371 12370 12368
12367 12369 12372
12373 12370 12371
12372 12369 12374
12369 12353 12374
12372 12374 12375
12373 12376 12370
12376 12353 12370
12377 12376 12373
12375 12374 12378
12374 12353 12378
12375 12378 12379
12377 12380 12376
12380 12353 12376
12381 12380 12377
12379 12378 12382
12378 12353 12382
12379 12382 12383
12383 12384 12381
12381 12384 12380
12384 12353 12380
12383 12382 12384
12382 12353 12384
12385 12386 12387
12385 12387 12388
12389 12386 12385
12388 12387 12390
12389 12391 12386
12388 12390 12392
12393 12391 12389
12392 12390 12394
12393 12395 12391
12392 12394 12396
12397 12395 12393
12396 12394 12398
12397 12399 12395
12396 12398 12400
12401 12399 12397
12400 12398 12402
12401 12403 12399
12400 12402 12404
12405 12403 12401
12404 12402 12406
12405 12407 12403
12404 12406 12408
12409 12407 12405
12408 12406 12410
12409 12411 12407
12408 12410 12412
12413 12411 12409
12412 12410 12414
12413 12415 12411
12412 12414 12416
12416 12415 12413
12416 12414 12415
12417 12418 12419
12417 12419 12420
12421 12418 12417
12420 12419 12422
12421 12423 12418
12420 12422 12424
12425 12423 12421
12424 12422 12426
12425 12427 12423
12424 12426 12428
12429 12427 12425
12428 12426 12430
12429 12431 12427
12428 12430 12432
12433 12431 12429
12432 12430 12434
12433 12435 12431
12432 12434 12436
12437 12435 12433
12436 12434 12438
12437 12439 12435
12436 12438 12440
12441 12439 12437
12440 12438 12442
12441 12443 12439
12440 12442 12444
12445 12443 12441
12444 12442 12446
12445 12447 12443
12444 12446 12448
12448 12447 12445
12448 12446 12447
12449 12450 12451
12449 12451 12452
12450 12453 12451
12454 12449 12452
12450 12455 12453
12454 12452 12456
12455 12457 12453
12458 12454 12456
12455 12459 12457
12458 12456 12460
12459 12461 12457
12462 12458 12460
12459 12463 12461
12462 12460 12464
12463 12465 12461
12466 12462 12464
12463 12467 12465
12466 12464 12468
12467 12469 12465
12470 12466 12468
12467 12471 12469
12470 12468 12472
12471 12473 12469
12474 12470 12472
12471 12475 12473
12474 12472 12476
12475 12477 12473
12478 12474 12476
12475 12479 12477
12478 12476 12480
12479 12478 12480
12479 12480 12477
12481 12482 12483
12481 12483 12484
12482 12485 12483
12486 12481 12484
12482 12487 12485
12486 12484 12488
12487 12489 12485
12490 12486 12488
12487 12491 12489
12490 12488 12492
12491 12493 12489
12494 12490 12492
12491 12495 12493
12494 12492 12496
12495 12497 12493
12498 12494 12496
12495 12499 12497
12498 12496 12500
12499 12501 12497
12502 12498 12500
12499 12503 12501
12502 12500 12504
12503 12505 12501
12506 12502 12504
12503 12507 12505
12506 12504 12508
12507 12509 12505
12510 12506 12508
12507 12511 12509
12510 12508 12512
12511 12510 12512
12511 12512 12509
12513 12514 12515
12513 12515 12516
12514 12513 12517
12516 12515 12518
12514 12517 12519
12516 12518 12520
12521 12519 12517
12520 12518 12522
12521 12523 12519
12520 12522 12524
12523 12521 12525
12524 12522 12526
12523 12525 12527
12524 12526 12528
12529 12527 12525
12528 12526 12530
12529 12531 12527
12528 12530 12532
12533 12531 12529
12534 12532 12530
12533 12535 12531
12534 12536 12532
12536 12535 12533
12536 12534 12535
12537 12538 12539
12537 12539 12540
12538 12541 12539
12540 12542 12537
12538 12543 12541
12540 12544 12542
12543 12545 12541
12546 12542 12544
12543 12547 12545
12546 12544 12548
12547 12549 12545
12548 12550 12546
12547 12551 12549
12548 12552 12550
12551 12553 12549
12554 12550 12552
12551 12555 12553
12554 12552 12556
12557 12553 12555
12558 12554 12556
12557 12555 12559
12558 12556 12560
12559 12560 12557
12559 12558 12560
