byte offset: 0
first index: 0
index count: 22809
topology: trianglelist
format: DXGI_FORMAT_R16_UINT

0 1 2
3 4 5
6 7 4
8 4 7
8 9 4
9 10 4
9 11 10
12 11 9
13 9 8
12 9 13
13 8 14
15 12 13
16 13 14
15 13 16
16 14 17
18 16 17
19 15 16
18 19 16
19 20 15
21 20 19
21 19 22
22 19 18
23 21 22
23 24 21
25 24 23
22 18 26
23 22 26
25 23 27
23 26 28
27 23 28
29 25 27
29 30 25
27 28 31
29 27 31
26 32 28
28 32 31
26 33 32
18 33 26
34 30 29
34 35 30
31 32 36
33 36 32
31 36 37
38 31 37
38 29 31
39 29 38
39 34 29
33 40 36
41 34 39
42 35 34
41 42 34
42 43 35
44 43 42
45 40 33
45 46 40
18 45 33
47 46 45
48 42 41
44 42 48
48 41 49
50 44 48
51 45 18
47 45 51
51 18 52
53 51 52
54 48 49
50 48 54
54 49 55
56 54 55
57 50 54
58 47 51
53 58 51
58 59 47
60 58 53
56 61 54
57 54 61
62 61 56
63 59 58
60 63 58
63 64 59
65 63 60
66 57 61
62 66 61
66 67 57
68 66 62
69 64 63
65 69 63
69 70 64
71 69 65
71 70 69
72 67 66
68 72 66
72 73 67
74 72 68
75 73 72
74 75 72
75 76 73
77 76 75
78 75 74
77 75 78
78 74 79
80 78 79
81 77 78
80 81 78
81 82 77
83 81 80
84 82 81
83 84 81
84 85 82
86 84 83
87 85 84
86 87 84
87 88 85
89 88 87
90 87 86
89 87 90
90 86 91
92 90 91
93 89 90
92 93 90
94 93 92
93 95 89
94 96 93
96 95 93
96 97 95
98 99 100
101 102 103
104 105 106
107 108 109
110 109 108
110 111 109
112 108 113
108 112 114
108 114 115
116 111 115
115 114 117
116 115 118
115 117 118
116 118 119
119 118 117
116 119 120
119 117 121
122 120 119
121 122 119
122 123 120
121 124 122
125 123 122
125 122 124
125 126 123
125 124 127
126 125 128
127 128 125
126 128 129
127 130 128
131 129 128
130 131 128
130 132 131
131 133 129
131 132 134
133 131 135
131 134 135
133 135 136
135 137 136
134 138 135
135 138 137
134 139 138
138 140 137
141 138 139
138 141 140
141 139 142
141 143 140
142 144 141
141 144 143
142 145 144
144 146 143
147 144 145
144 147 146
147 145 148
147 149 146
150 147 148
147 150 149
150 148 151
150 152 149
151 152 150
149 152 153
149 153 154
152 155 153
154 156 149
152 157 155
151 158 152
158 157 152
159 158 151
160 159 151
161 157 158
161 158 159
160 162 159
163 162 160
154 164 156
164 165 156
164 166 165
166 167 165
168 157 161
168 169 157
161 159 170
162 170 159
163 171 162
171 163 172
173 161 170
173 168 161
162 174 170
171 174 162
173 170 174
171 172 175
176 175 172
171 177 174
177 171 175
177 175 178
176 179 175
178 175 179
179 176 180
178 179 181
179 180 182
182 181 179
182 183 181
182 180 184
182 185 183
182 184 186
182 186 185
186 184 187
188 185 186
186 187 189
188 186 189
190 189 187
188 189 190
191 192 193
191 193 194
191 194 195
191 195 196
197 196 195
197 198 196
197 199 198
197 200 199
199 200 201
199 201 202
202 201 203
202 203 204
204 203 205
204 205 206
207 206 205
207 208 206
209 208 207
209 210 208
210 209 211
212 213 214
215 212 214
212 215 216
215 214 217
216 215 218
218 215 217
216 218 219
218 217 220
221 219 218
220 221 218
220 222 221
221 222 223
221 224 219
221 223 225
225 224 221
225 223 226
225 226 227
226 228 227
226 229 228
228 229 230
227 231 225
225 231 224
232 227 228
227 232 231
231 233 224
232 234 231
231 234 233
224 233 235
224 235 236
237 236 235
237 238 236
238 237 239
238 239 240
241 240 239
241 242 240
243 242 241
243 244 242
245 244 243
245 246 244
245 247 246
245 248 247
249 247 248
250 245 243
248 245 250
241 251 243
250 243 251
252 241 239
241 252 251
253 239 237
252 239 253
249 248 254
255 249 254
253 237 256
256 237 235
255 254 257
255 257 258
258 257 259
259 257 254
259 254 260
260 254 248
260 248 261
250 261 248
250 262 261
251 262 250
251 263 262
263 251 252
263 252 264
264 252 253
264 253 265
265 253 256
265 256 266
266 256 267
256 235 267
267 235 233
266 267 268
267 233 269
266 268 270
271 270 268
271 272 270
272 271 273
272 273 274
269 233 234
275 274 273
275 276 274
269 234 277
278 276 275
279 277 234
279 280 277
232 279 234
281 278 275
280 281 275
279 281 280
282 278 281
279 232 283
232 228 283
279 284 281
279 283 284
282 281 285
284 285 281
286 284 283
284 286 285
287 282 285
286 287 285
287 288 282
228 289 283
286 283 289
228 290 289
228 230 290
230 291 290
230 292 291
290 293 289
293 286 289
290 291 293
286 294 287
293 294 286
288 287 295
294 295 287
294 293 296
296 293 291
294 297 295
294 296 297
288 295 298
298 299 288
300 288 299
301 295 297
302 297 296
302 301 297
298 295 303
301 303 295
296 291 304
296 305 302
296 304 305
301 302 306
302 305 307
302 307 306
304 308 305
308 307 305
291 309 304
304 309 308
301 306 310
303 301 310
307 311 306
310 306 311
291 312 309
291 292 312
312 292 313
309 312 313
314 313 292
314 292 315
314 315 316
303 310 317
310 311 318
317 310 318
317 319 303
298 303 319
319 320 298
298 320 299
309 313 321
322 313 314
321 313 322
323 309 321
323 308 309
321 322 324
323 321 324
317 318 325
317 326 319
325 326 317
319 327 320
327 319 326
325 318 328
328 318 311
329 308 323
323 324 330
329 323 330
329 331 308
308 331 307
307 332 311
331 332 307
328 311 333
332 333 311
325 334 326
325 328 335
334 325 335
336 328 333
335 328 336
334 337 326
327 326 337
338 331 329
331 339 332
338 339 331
340 338 329
329 330 340
332 341 333
332 339 342
332 342 341
333 341 343
333 343 336
342 343 341
344 339 338
344 342 339
340 345 338
344 338 345
346 340 330
345 340 346
346 330 347
324 347 330
324 348 347
348 324 322
345 346 349
348 322 350
351 345 349
344 345 351
351 349 352
351 352 353
351 354 344
354 342 344
351 353 355
351 355 354
355 353 356
354 357 342
342 357 343
355 358 354
358 357 354
355 356 359
355 359 358
359 356 360
357 361 343
358 361 357
359 360 362
362 360 363
364 358 359
364 359 362
365 364 362
362 363 366
365 362 366
367 366 363
368 358 364
368 361 358
365 368 364
367 369 366
369 365 366
369 367 370
371 369 370
369 371 365
371 370 372
373 365 371
371 372 373
365 374 368
373 374 365
361 368 375
375 368 374
376 373 372
374 373 376
372 377 376
372 378 377
374 376 379
375 374 379
379 376 377
377 378 380
381 380 378
379 377 382
382 377 380
375 379 382
361 375 383
361 383 343
383 336 343
381 384 380
382 380 384
375 382 385
385 383 375
384 385 382
336 383 386
385 386 383
381 387 384
387 381 388
389 387 388
389 384 387
389 388 390
384 391 385
386 385 391
389 391 384
389 392 391
386 391 392
336 386 393
335 336 393
394 389 390
389 394 392
386 392 395
393 386 395
393 396 335
334 335 396
393 397 396
393 395 397
334 396 397
392 398 395
394 398 392
397 395 398
394 390 399
399 390 400
334 397 401
334 401 337
402 394 399
394 402 398
400 403 399
402 399 403
400 404 403
401 397 405
397 398 405
398 402 406
403 406 402
398 406 405
404 407 403
403 407 406
404 408 407
401 405 409
409 405 406
337 401 409
408 410 407
408 411 410
407 412 406
409 406 412
407 410 412
413 409 412
410 413 412
411 414 410
410 414 413
411 415 414
416 414 415
416 413 414
416 415 417
337 409 418
413 418 409
337 418 419
337 419 327
420 418 413
418 420 419
327 419 421
327 421 320
420 413 422
416 422 413
419 420 423
423 420 422
419 423 421
424 416 417
424 417 425
416 426 422
423 422 426
416 424 426
427 424 425
427 425 428
429 426 424
423 426 429
429 424 427
428 430 427
428 431 430
432 427 430
432 429 427
431 433 430
433 432 430
431 434 433
423 429 435
421 423 435
436 435 429
436 429 432
421 435 437
436 437 435
438 433 434
438 434 439
421 437 440
320 421 440
320 440 299
437 441 440
440 441 299
442 441 437
436 442 437
436 443 442
442 444 441
443 444 442
443 445 444
299 441 446
447 445 443
436 448 443
443 448 449
299 446 450
300 299 450
446 451 450
451 300 450
446 452 451
451 453 300
451 452 454
453 451 455
451 454 455
453 455 456
455 454 457
456 455 458
455 457 458
456 458 459
458 460 459
457 461 458
458 461 460
457 462 461
463 461 462
460 461 464
463 464 461
460 464 465
466 464 463
464 467 465
466 468 464
464 468 467
468 466 469
468 470 467
468 469 471
468 471 470
472 471 469
473 470 471
472 474 471
473 471 474
474 472 475
476 473 474
474 475 476
476 477 473
476 475 478
479 477 476
476 478 479
479 480 477
478 481 479
481 480 479
481 482 480
478 483 481
484 482 481
485 481 483
484 481 485
485 483 486
484 485 487
485 486 487
488 489 490
491 490 489
491 492 490
493 492 491
493 494 492
494 493 495
494 495 496
497 496 495
498 496 497
498 497 499
500 499 497
500 501 499
501 500 502
501 502 503
503 502 504
503 504 505
505 504 506
505 506 507
508 507 506
496 498 509
496 509 510
511 496 510
512 511 510
510 509 513
512 510 514
510 513 514
515 512 514
515 514 516
517 515 516
514 513 518
514 518 516
516 518 519
517 516 520
516 519 520
521 517 520
521 520 522
523 521 522
520 519 524
520 524 522
523 522 525
522 524 526
522 526 525
527 523 525
527 528 523
529 528 527
166 527 525
166 525 526
166 526 167
530 167 526
530 526 524
524 531 530
524 519 531
519 532 531
519 533 532
533 534 532
533 513 534
513 535 534
513 536 535
536 537 535
536 498 537
538 537 498
538 498 539
540 538 539
540 539 541
542 540 541
542 541 543
544 542 543
544 543 545
546 544 545
546 545 547
546 547 508
548 549 550
550 549 551
552 550 551
553 552 551
553 554 552
554 553 555
555 556 554
557 553 551
553 557 555
549 558 551
557 551 558
559 556 555
555 557 560
555 560 559
561 557 558
561 560 557
559 562 556
562 563 556
564 563 562
564 562 565
565 562 559
565 559 566
567 566 559
567 559 560
316 567 560
316 560 561
314 316 561
314 561 558
314 558 568
322 314 568
350 322 568
569 568 558
350 568 569
549 569 558
549 350 569
549 570 350
571 572 573
571 573 574
575 571 574
575 576 571
577 574 573
575 574 577
577 573 578
575 577 579
580 575 579
576 575 581
580 581 575
576 581 582
583 582 581
584 581 580
585 584 580
586 584 585
584 586 587
583 581 588
584 588 581
588 589 583
584 587 590
584 590 588
590 587 591
588 592 589
590 592 588
590 591 593
590 593 592
594 593 591
595 589 592
593 595 592
595 596 589
597 596 595
594 598 593
594 597 598
595 598 597
593 598 595
599 600 601
599 601 602
602 601 603
154 599 602
602 603 604
604 603 605
154 602 606
606 602 604
604 605 607
605 608 607
154 606 609
154 609 164
609 166 164
609 527 166
529 527 609
606 529 609
606 610 529
606 604 610
610 604 607
607 608 611
611 608 612
610 607 613
607 611 613
613 611 614
610 613 615
613 614 615
610 615 616
611 612 617
611 617 614
612 618 617
619 616 615
619 620 616
621 620 619
622 615 614
622 619 615
619 622 623
621 619 624
619 623 624
625 621 624
624 623 626
625 624 626
627 625 626
626 623 628
629 627 626
626 628 630
629 626 630
630 628 631
632 629 630
630 631 633
632 630 633
634 633 631
635 632 633
634 635 633
635 636 632
634 637 635
637 636 635
634 638 637
637 639 636
638 640 637
640 639 637
641 642 643
644 641 643
643 645 644
643 646 645
644 645 647
648 641 644
644 647 648
648 649 641
650 649 648
648 647 651
650 648 652
648 651 652
653 650 652
654 652 651
653 652 654
654 651 655
656 653 654
655 656 654
656 657 653
655 658 656
659 657 656
659 656 658
659 658 660
659 661 657
659 660 662
663 661 659
659 662 663
663 664 661
665 663 662
664 663 665
666 667 668
666 668 669
670 666 669
670 669 671
669 668 672
671 669 673
669 672 673
671 673 674
672 675 673
675 674 673
672 676 675
675 677 674
678 675 676
679 677 675
678 679 675
679 680 677
681 679 678
682 680 679
681 682 679
682 683 680
684 682 681
685 683 682
684 685 682
685 686 683
685 684 687
686 685 688
685 687 688
686 688 689
688 690 689
687 691 688
688 691 690
687 692 691
693 691 692
694 690 691
693 694 691
694 695 690
696 694 693
697 695 694
696 697 694
697 698 695
699 697 696
700 698 697
699 700 697
700 701 698
700 699 702
701 700 703
700 702 703
701 703 704
703 705 704
706 703 702
703 706 705
706 702 707
706 708 705
708 706 707
709 710 711
709 712 710
712 709 713
712 714 710
712 713 715
716 715 713
712 717 714
717 712 715
716 718 715
719 718 716
717 715 720
718 720 715
719 721 718
721 719 722
718 723 720
721 723 718
717 720 724
724 720 723
721 722 725
725 722 726
721 727 723
725 727 721
725 726 728
728 726 729
717 724 730
714 717 730
724 723 731
731 723 727
725 732 727
728 732 725
730 724 733
733 724 731
733 731 734
731 727 735
732 735 727
735 734 731
728 729 736
728 737 732
737 728 736
729 738 736
729 739 738
738 739 740
732 741 735
741 732 737
742 737 736
742 736 738
738 740 743
743 740 744
741 737 745
742 745 737
735 741 746
745 746 741
735 746 747
735 747 734
747 748 734
745 749 746
750 734 748
745 751 749
751 745 742
742 738 752
752 738 743
751 753 749
753 754 749
751 742 755
755 742 752
756 751 755
756 753 751
755 752 757
757 756 755
757 758 756
753 756 759
753 759 760
756 761 759
762 753 760
756 763 761
762 760 764
763 765 761
764 750 762
763 766 765
757 766 767
764 768 750
766 769 765
757 770 766
770 757 752
766 771 769
770 771 766
771 772 769
773 750 768
773 768 774
771 775 772
775 776 772
777 750 773
750 777 734
774 778 773
777 773 778
774 779 778
734 777 780
777 778 781
734 780 733
779 782 778
781 778 782
779 783 782
781 782 784
785 733 780
785 780 784
730 733 785
782 783 786
783 787 786
786 787 788
789 730 785
714 730 789
790 714 789
789 785 791
791 785 784
790 789 791
792 784 782
782 786 792
786 788 793
792 786 793
793 788 794
790 795 714
796 714 795
795 797 796
797 798 796
799 797 795
790 799 795
799 800 797
801 800 799
802 801 799
790 802 799
793 794 803
804 793 803
803 794 805
803 805 806
806 804 803
806 807 804
802 808 801
808 809 801
808 810 809
811 809 810
802 812 808
812 810 808
790 813 802
802 813 812
804 814 793
792 793 814
792 814 815
804 815 814
804 816 815
792 815 817
804 818 816
792 817 784
804 807 818
791 784 817
818 807 819
790 791 820
790 820 813
791 817 821
791 821 820
817 822 821
823 820 821
822 823 821
823 813 820
822 824 823
823 824 825
813 823 826
823 825 826
813 826 812
827 826 825
812 826 827
827 825 828
812 827 829
812 829 810
830 827 828
831 830 828
832 829 827
830 832 827
829 833 810
811 810 833
832 834 829
829 835 833
836 833 835
834 832 836
837 811 833
836 837 833
837 838 811
839 838 837
839 840 838
841 840 839
841 842 840
841 843 842
841 844 843
837 845 839
837 836 845
841 839 845
832 846 836
836 846 845
846 847 845
845 848 841
846 849 847
841 850 844
850 841 848
850 851 844
850 848 852
853 846 832
846 853 849
853 832 830
854 853 830
831 854 830
853 854 855
853 855 849
849 855 856
849 856 857
852 858 857
857 856 859
857 859 860
852 857 860
859 861 860
861 852 860
859 862 861
863 861 862
861 864 852
864 850 852
863 865 861
865 864 861
863 866 865
863 867 866
868 866 867
864 869 850
850 869 851
869 870 851
869 871 870
864 871 869
870 871 872
865 873 864
864 873 871
872 871 873
866 873 865
866 872 873
874 872 866
868 875 866
874 866 875
868 876 875
876 874 875
868 877 876
876 878 874
879 876 877
878 876 879
879 877 880
878 879 881
882 879 880
881 879 883
882 883 879
881 883 884
885 883 882
884 883 885
886 818 887
887 818 888
818 889 888
818 819 889
831 888 889
890 889 819
891 831 889
890 891 889
831 891 892
892 891 890
831 892 893
892 890 894
892 895 893
896 892 894
892 896 895
896 894 897
898 896 897
896 899 895
898 900 896
896 900 899
900 898 901
899 900 902
900 901 902
899 902 903
902 904 903
901 905 902
902 905 904
901 906 905
905 907 904
906 908 905
905 908 907
906 909 908
908 910 907
909 911 908
908 911 910
909 912 911
911 913 910
912 914 911
911 914 913
912 915 914
914 916 913
915 917 914
914 917 916
915 918 917
917 919 916
918 920 917
917 920 919
918 921 920
920 922 919
921 922 920
923 924 925
923 926 924
927 926 923
926 928 924
927 929 926
926 930 928
929 930 926
930 931 928
929 932 930
930 933 931
932 933 930
933 934 931
932 935 933
933 936 934
935 936 933
936 937 934
935 938 936
936 939 937
938 939 936
939 940 937
938 941 939
939 942 940
941 942 939
942 943 940
941 944 942
942 945 943
944 945 942
945 946 943
944 947 945
945 948 946
947 948 945
948 949 946
947 950 948
948 951 949
950 951 948
951 952 949
950 953 951
953 952 951
954 955 956
954 956 957
957 956 958
959 954 957
959 960 954
961 960 959
957 958 962
958 963 962
958 964 963
964 965 963
966 957 962
966 959 957
966 962 963
961 959 967
967 959 966
965 968 963
965 969 968
970 963 968
969 970 968
966 963 971
970 971 963
972 961 967
972 973 961
967 966 974
974 966 971
975 967 974
975 972 967
976 973 972
976 977 973
978 977 976
974 971 979
975 974 979
980 976 972
980 972 975
978 976 981
981 976 980
971 970 982
971 982 979
975 979 983
980 975 983
984 978 981
984 985 978
986 979 982
986 983 979
987 985 984
987 988 985
989 988 987
970 990 982
991 986 982
990 991 982
990 970 992
969 992 970
992 969 993
994 992 993
994 993 995
992 996 990
996 992 994
990 997 991
997 990 996
998 986 991
998 991 997
999 994 995
999 995 1000
1001 996 994
1001 997 996
1001 994 999
1002 999 1000
1002 1000 1003
1001 1004 997
998 997 1004
1005 1001 999
1005 999 1002
1001 1005 1004
998 1006 986
983 986 1006
1007 1002 1003
1007 1003 1008
1009 1007 1008
1010 1005 1002
1010 1002 1007
998 1004 1011
1006 998 1011
1004 1005 1012
1005 1010 1012
1004 1012 1011
983 1006 1013
980 983 1013
1009 1014 1007
1014 1010 1007
1012 1010 1015
1014 1015 1010
1011 1012 1015
1009 1016 1014
1016 1015 1014
1009 1017 1016
1018 1016 1017
1006 1011 1019
1013 1006 1019
1020 980 1013
981 980 1020
1011 1015 1021
1019 1011 1021
1018 1022 1016
1022 1018 1023
1016 1024 1015
1021 1015 1024
1022 1024 1016
1020 1013 1025
1013 1019 1025
1026 981 1020
1026 1020 1025
1026 984 981
1019 1027 1025
1026 1025 1027
1028 984 1026
1028 1026 1027
1028 987 984
1019 1021 1029
1019 1029 1027
1029 1021 1030
1021 1024 1030
1027 1029 1031
1029 1030 1031
1024 1032 1030
1031 1030 1032
1027 1031 1033
1028 1027 1033
1034 987 1028
989 987 1034
1024 1035 1032
1022 1035 1024
1033 1031 1036
1031 1032 1036
1037 1028 1033
1034 1028 1037
1038 989 1034
1038 1039 989
1040 1039 1038
1037 1033 1041
1033 1036 1041
1042 1034 1037
1042 1038 1034
1042 1037 1041
1040 1038 1043
1042 1043 1038
1044 1040 1043
1044 1045 1040
1046 1045 1044
1042 1041 1047
1036 1047 1041
1042 1048 1043
1048 1044 1043
1048 1042 1047
1036 1049 1047
1048 1047 1050
1050 1047 1049
1036 1051 1049
1036 1032 1051
1032 1052 1051
1032 1035 1052
1049 1051 1053
1053 1051 1052
1050 1049 1054
1049 1053 1054
1052 1035 1055
1055 1035 1022
1055 1022 1056
1022 1023 1056
1056 1023 1057
1052 1055 1058
1059 1055 1056
1052 1058 1060
1053 1052 1060
1060 1058 1061
1054 1053 1062
1062 1053 1060
1063 1050 1054
1054 1062 1064
1063 1065 1050
1065 1048 1050
1066 1065 1063
1065 1067 1048
1048 1067 1044
1067 1068 1044
1068 1069 1044
1068 1070 1069
1046 1044 1069
1070 1071 1069
1071 1046 1069
1071 1072 1046
1070 1073 1071
1074 1072 1071
1073 1075 1071
1074 1071 1075
1073 1076 1075
1077 1074 1075
1076 1077 1075
1077 1078 1074
1076 1079 1077
1080 1078 1077
1079 1081 1077
1080 1077 1081
1079 1082 1081
1083 1080 1081
1083 1081 1084
1085 1083 1084
1082 1086 1081
1082 1087 1086
1087 1088 1086
1089 1090 1091
1092 1091 1090
1092 1093 1091
1094 1093 1092
1094 1095 1093
1096 1095 1094
1096 1097 1095
1098 1097 1096
1098 1099 1097
1100 1099 1098
1100 1101 1099
1101 1100 1102
1102 1103 1101
1102 1104 1103
1104 1105 1103
1104 612 1105
1103 1105 1106
1103 1106 1107
1103 1107 1108
1103 1108 1101
1101 1108 1109
1101 1109 1099
1099 1109 1110
1099 1110 1097
1097 1110 1111
1097 1111 1095
1095 1111 1112
1095 1112 1093
1093 1112 1113
1093 1113 1114
1115 1114 1113
1116 1117 1118
1119 1117 1116
1119 1120 1117
1121 1120 1119
1121 1122 1120
1123 1122 1121
1123 1121 1124
1124 1125 1123
1124 1126 1125
1127 1126 1124
1127 1128 1126
1126 1129 1125
1126 1128 1130
1126 1131 1129
1126 1130 1131
1131 1132 1129
1130 1133 1131
1131 1133 1132
1130 1134 1133
1135 1132 1133
1133 1134 1136
1135 1133 1137
1133 1136 1137
1138 1135 1137
1139 1137 1136
1138 1137 1140
1139 1140 1137
1141 1138 1140
1141 1140 1139
1141 1142 1138
1141 1139 1143
1144 1142 1141
1145 1141 1143
1144 1141 1145
1145 1143 1146
1147 1144 1145
1148 1145 1146
1147 1145 1149
1148 1149 1145
1150 1149 1148
1151 1147 1149
1150 1152 1149
1151 1149 1152
1153 1152 1150
1154 1151 1152
1153 1154 1152
1154 1155 1151
1156 1155 1154
1157 1154 1153
1156 1154 1157
1157 1153 1158
1159 1156 1157
1160 1157 1158
1159 1157 1161
1160 1161 1157
1161 1162 1159
1161 1160 1162
1163 1162 1164
1165 1163 1164
1165 1164 1166
1167 1165 1166
1167 1166 1168
1169 1167 1168
1169 1168 1170
1171 1169 1170
1171 1170 1172
1173 1171 1172
1173 1172 1174
1175 1173 1174
1175 1174 1176
1177 1175 1176
1177 1176 1178
1178 1179 1177
1178 1180 1179
1181 1179 1180
1180 1182 1181
1181 1182 1183
1183 1184 1181
1184 1183 1185
1184 1185 1186
1186 1185 1187
1186 1187 1188
1189 1190 1191
1189 1191 1192
1192 1191 1193
1194 1189 1192
1192 1193 1195
1195 1193 1196
1194 1192 1197
1197 1192 1195
1197 1195 1198
1195 1196 1199
1198 1195 1199
1199 1196 1200
1198 1199 1201
1199 1200 1202
1201 1199 1202
1202 1200 1203
1201 1202 1204
1202 1203 1205
1204 1202 1205
1205 1203 1206
1204 1205 1207
1205 1206 1208
1207 1205 1208
1208 1206 1209
1207 1208 1210
1208 1209 1211
1210 1208 1211
1211 1209 1212
1210 1211 1213
1211 1212 1214
1213 1211 1214
1213 1214 1215
1214 1212 1216
1215 1214 1217
1214 1216 1217
1215 1217 1218
1219 1218 1217
1220 1217 1216
1219 1217 1220
1220 1216 1221
1222 1219 1220
1222 1220 1221
1223 1224 1225
1223 1225 1226
1226 1225 1227
1228 1223 1226
1228 1229 1223
1230 1228 1226
1226 1227 1231
1230 1226 1231
1231 1227 1232
1233 1230 1231
1231 1232 1234
1233 1231 1234
1234 1232 1235
1233 1234 1236
1234 1235 1236
1233 1236 1237
1238 1236 1235
1239 1237 1236
1238 1239 1236
1239 1240 1237
1241 1239 1238
1242 1240 1239
1241 1242 1239
1242 1243 1240
1244 1243 1242
1241 1245 1242
1244 1242 1245
1241 1246 1245
1247 1244 1245
1246 1247 1245
1246 1248 1247
1247 1249 1244
1247 1248 1250
1249 1247 1251
1247 1250 1251
1249 1251 1252
1253 1251 1250
1254 1252 1251
1253 1254 1251
1254 1255 1252
1256 1255 1254
1253 1257 1254
1256 1254 1257
1253 1258 1257
1259 1256 1257
1258 1259 1257
1258 1260 1259
1259 1261 1256
1262 1259 1260
1263 1261 1259
1262 1263 1259
1263 1264 1261
1265 1264 1263
1266 1263 1262
1265 1263 1266
1266 1262 1267
1268 1265 1266
1268 1266 1267
1269 1270 1271
1269 1271 1272
1273 1272 1271
1274 1269 1272
1273 1275 1272
1275 1273 1276
1274 1272 1277
1272 1275 1278
1272 1278 1277
1275 1276 1279
1278 1275 1279
1274 1277 1280
1274 1280 1281
1276 1282 1279
1276 1283 1282
1281 1280 1284
1281 1284 1285
1283 1286 1282
1283 614 1286
1285 1284 1287
1285 1287 1288
1288 1287 1289
1288 1289 1290
1290 1289 1291
1290 1291 1292
1291 1293 1292
1280 1294 1284
1280 1194 1294
1284 1294 1295
1284 1295 1287
1277 1194 1280
1287 1295 1296
1287 1296 1289
1277 1297 1194
1289 1296 1298
1289 1298 1291
1277 1278 1297
1298 1299 1291
1291 1299 1293
1298 1300 1299
1299 1300 1301
1293 1299 1302
1299 1301 1302
1293 1302 1303
1304 1303 1302
1305 1302 1301
1304 1302 1305
1305 1301 1306
1307 1304 1305
1308 1305 1306
1307 1305 1308
1308 1306 1309
1310 1307 1308
1310 1308 1309
1311 1312 1297
1313 1312 1311
1313 1314 1312
1311 1297 1315
1315 1297 1278
1316 1314 1313
1316 1317 1314
1315 1278 1318
1278 1279 1318
1279 1319 1318
1279 1282 1319
1320 1318 1319
1320 1315 1318
1321 1315 1320
1321 1311 1315
1322 1311 1321
1322 1313 1311
1323 1313 1322
1323 1316 1313
1324 1316 1323
1325 1317 1316
1324 1325 1316
1325 1326 1317
1327 1325 1324
1328 1326 1325
1327 1328 1325
1328 1329 1326
1330 1328 1327
1331 1329 1328
1330 1331 1328
1331 1332 1329
1333 1332 1331
1334 1331 1330
1333 1331 1334
1334 1330 1335
1336 1334 1335
1337 1333 1334
1336 1337 1334
1337 1338 1333
1339 1337 1336
1340 1338 1337
1339 1340 1337
1340 1341 1338
1342 1340 1339
1343 1341 1340
1342 1343 1340
1343 1344 1341
1345 1344 1343
1343 1342 1346
1345 1343 1347
1343 1346 1347
1348 1345 1347
1346 1349 1347
1348 1347 1349
1346 1350 1349
1351 1348 1349
1351 1349 1350
1352 1353 1354
1352 1354 1355
1356 1352 1355
1356 1355 1357
1358 1356 1357
1358 1357 1359
1360 1358 1359
1360 1359 1361
1362 1360 1361
1362 1361 1363
1364 1362 1363
1364 1365 1362
1366 1365 1364
1366 1367 1365
1368 1367 1366
1368 1369 1367
1370 1369 1368
1370 1371 1369
1372 1371 1370
1372 1373 1371
1374 1373 1372
1374 1375 1373
1376 1375 1374
1377 1370 1368
1378 1370 1377
1378 1372 1370
1377 1368 1379
1379 1368 1380
1379 1380 1381
1381 1380 1364
1381 1364 1382
1382 1364 1383
1382 1383 1384
1383 1385 1384
1386 1372 1378
1386 1374 1372
1387 1374 1386
1387 1386 1388
1376 1374 1387
1389 1387 1388
1390 1376 1387
1389 1390 1387
1390 1391 1376
1392 1391 1390
1393 1390 1389
1392 1390 1393
1393 1389 1394
1395 1392 1393
1395 1393 1394
1359 1396 1385
1397 1385 1396
1359 1398 1396
1357 1398 1359
1397 1396 1399
1357 1400 1398
1355 1400 1357
1355 1401 1400
1354 1401 1355
1354 1402 1401
1403 1402 1354
1402 1403 169
1401 1402 1404
1402 169 1404
1400 1401 1405
1401 1404 1405
1404 169 1406
1405 1404 1406
1406 169 168
1407 1406 168
1405 1406 1407
1407 168 173
1400 1405 1408
1408 1405 1407
1398 1400 1408
1409 1407 173
1408 1407 1410
1409 173 1411
173 174 1411
1411 174 1412
1413 1409 1411
1411 1412 1414
1413 1411 1414
1414 1412 1415
1413 1414 1416
1414 1415 1416
1413 1416 1417
1416 1415 1418
1419 1417 1416
1416 1418 1420
1419 1416 1420
1420 1418 1421
1422 1419 1420
1420 1421 1423
1422 1420 1423
1424 1423 1421
1424 1422 1423
1425 1426 1427
1425 1427 1428
1428 1429 1425
1430 1425 1429
1427 1431 1428
1427 1432 1431
1430 1429 1433
1433 1434 1430
1435 1434 1433
1432 1436 1431
1432 1437 1436
1436 1437 1438
1435 1433 1439
1440 1435 1439
1440 1439 1441
1442 1440 1441
1442 1441 1443
1441 1444 1443
1441 1445 1444
1445 1441 1439
1446 1445 1439
1433 1446 1439
1433 1447 1446
1429 1447 1433
1448 1447 1429
1448 1429 1428
1428 1449 1448
1428 1431 1449
1431 1450 1449
1431 1436 1450
1436 1451 1450
1436 1452 1451
1436 1438 1452
1452 1453 1451
1438 1454 1452
1452 1454 1453
1438 1455 1454
1454 1456 1453
1455 1457 1454
1454 1458 1456
1455 1459 1457
1458 1460 1456
1459 1461 1457
1458 1461 1460
1459 1462 1461
1461 1463 1460
1462 1463 1461
1463 1464 1465
1463 1466 1464
1467 1465 1464
1466 1468 1464
1467 1464 1468
1466 1469 1468
1470 1467 1468
1469 1471 1468
1470 1468 1471
1469 1472 1471
1473 1470 1471
1472 1474 1471
1473 1471 1474
1472 1475 1474
1476 1473 1474
1475 1476 1474
1475 1477 1476
1476 1478 1473
1476 1477 1479
1478 1476 1480
1476 1479 1480
1478 1480 1481
1480 1482 1481
1479 1483 1480
1480 1483 1482
1479 1484 1483
1484 1485 1483
1483 1486 1482
1483 1485 1486
1484 1487 1485
1488 1486 1485
1487 1489 1485
1488 1485 1490
1491 1488 1490
1492 1485 1489
1490 1485 1492
1493 1492 1489
1491 1490 1494
1444 1491 1494
1494 1490 1495
1492 1495 1490
1494 1495 1496
1444 1494 1496
1444 1496 1497
1492 1493 1498
1498 1493 1499
1498 1499 1500
1492 1498 1501
1502 1492 1501
1503 1498 1500
1503 1501 1498
1504 1503 1500
1505 1502 1501
1503 1505 1501
1505 1506 1502
1497 1506 1505
1503 1504 1507
1507 1504 1508
1507 1508 1509
1510 1509 1508
1505 1503 1511
1497 1505 1512
1505 1511 1512
1513 1497 1512
1514 1512 1511
1513 1512 1514
1515 1513 1514
1514 1511 1516
1517 1515 1514
1516 1517 1514
1518 1515 1517
1517 1519 1518
1516 1520 1517
1517 1520 1519
1516 1521 1520
1522 1520 1521
1519 1520 1523
1522 1523 1520
1519 1523 1524
1525 1523 1522
1523 1526 1524
1525 1527 1523
1523 1527 1526
1528 1527 1525
1526 1527 1529
1528 1529 1527
1526 1529 1530
1529 1528 1531
1529 1532 1530
1529 1531 1533
1529 1533 1532
1534 1533 1531
1535 1532 1533
1534 1536 1533
1535 1533 1536
1537 1536 1534
1538 1535 1536
1537 1538 1536
1538 1539 1535
1538 1537 1540
1541 1539 1538
1541 1538 1542
1538 1540 1543
1540 1544 1543
1544 1545 1543
1545 1546 1543
1545 1547 1546
1547 1548 1546
1548 1547 1549
1548 1549 1550
1549 1551 1550
1551 1552 1550
1552 1551 1553
1552 1553 1554
1555 1554 1553
1555 1556 1554
1556 1555 1557
1558 1556 1557
1558 1557 1559
1560 1558 1559
1561 1560 1559
1561 1562 1560
1563 1562 1561
1563 1561 1564
1565 1563 1564
1562 1563 1566
1565 1566 1563
1562 1566 1567
1568 1562 1567
1568 1567 1569
1570 1568 1569
1570 1569 1571
1572 1570 1571
1573 1569 1567
1573 1574 1569
1574 1571 1569
1575 1573 1567
1575 1567 1566
1574 1576 1571
1577 1575 1566
1565 1577 1566
1577 1578 1575
1579 1578 1577
1576 1580 1571
1572 1571 1580
1581 1572 1580
1576 1582 1580
1581 1580 1582
1581 1583 1572
1581 1582 1584
1585 1583 1581
1581 1584 1586
1579 1577 1587
1587 1577 1565
1585 1581 1588
1581 1586 1588
1589 1585 1588
1586 1589 1588
1589 1590 1585
1586 1591 1589
1589 1592 1590
1591 1593 1589
1589 1594 1592
1591 1595 1593
1596 1593 1595
1596 1595 1597
1598 1596 1597
1598 1597 1599
1592 1594 1600
1592 1600 1601
1600 1602 1601
1600 1603 1602
1603 1604 1602
1605 1598 1599
1605 1599 1606
1605 1606 1607
1605 1607 1608
1607 1609 1608
1607 1610 1609
1610 1611 1609
1610 1612 1611
1613 1611 1612
1613 1612 1614
1615 1613 1614
1615 1614 1616
1617 1615 1616
1616 1614 1618
1614 1619 1618
1618 1619 1620
1617 1616 1621
1621 1622 1617
1616 1618 1623
1618 1620 1623
1616 1623 1621
1443 1623 1620
1443 1621 1623
1443 1620 1442
1622 1621 1624
1443 1624 1621
1624 1625 1622
1624 1443 1444
1625 1624 1444
1444 1626 1625
1497 1626 1444
1627 1628 1629
1630 1627 1629
1630 1629 1631
1632 1630 1631
1632 1633 1630
1632 1634 1633
1632 1635 1634
1636 1634 1635
1636 1637 1634
1636 1638 1637
1636 1639 1638
1638 1639 1640
1638 1640 1641
1640 1642 1641
1640 1643 1642
1643 1644 1642
1644 1645 1642
1644 1646 1645
1646 1647 1645
1646 1648 1647
1648 1649 1647
1648 1650 1649
1648 1651 1650
1651 1652 1650
1652 1651 1653
1653 1651 1654
1652 1653 1655
1653 1654 1656
1655 1653 1657
1657 1653 1656
1655 1657 1658
1657 1656 1659
1658 1657 1659
1659 1660 1658
1656 1661 1659
1659 1662 1660
1659 1661 1663
1659 1663 1662
1661 1664 1663
1557 1662 1663
1665 1663 1664
1665 1664 1666
1557 1663 1667
1667 1663 1665
1559 1557 1667
1668 1665 1666
1668 1666 1669
1670 1668 1669
1671 1667 1665
1559 1667 1671
1671 1665 1668
1670 1672 1668
1672 1671 1668
1673 1559 1671
1672 1673 1671
1673 1674 1559
1564 1674 1673
1675 1672 1670
1673 1672 1675
1564 1673 1675
1675 1670 1676
1677 1675 1676
1677 1678 1675
1678 1564 1675
1679 1678 1677
1678 1680 1564
1565 1564 1680
1679 1681 1678
1681 1680 1678
1681 1679 1682
1683 1565 1680
1681 1683 1680
1681 1682 1684
1683 1681 1684
1685 1684 1682
1685 1682 1686
1683 1687 1565
1587 1565 1687
1683 1684 1688
1688 1684 1685
1689 1687 1683
1689 1587 1687
1689 1683 1688
1690 1685 1686
1690 1686 1691
1692 1690 1691
1689 1693 1587
1693 1579 1587
1693 1694 1579
1688 1685 1695
1695 1685 1690
1696 1689 1688
1693 1689 1696
1696 1688 1695
1694 1693 1697
1693 1696 1697
1694 1697 1698
1697 1699 1698
1697 1700 1699
1696 1700 1697
1700 1701 1699
1702 1696 1695
1702 1695 1690
1696 1702 1700
1700 1703 1701
1702 1703 1700
1703 1704 1701
1705 1702 1690
1692 1705 1690
1705 1692 1706
1703 1707 1704
1707 1708 1704
1702 1709 1703
1705 1709 1702
1709 1707 1703
1705 1706 1710
1710 1706 1711
1712 1709 1705
1709 1712 1707
1712 1705 1710
1707 1713 1708
1712 1713 1707
1713 1714 1708
1713 1715 1714
1712 1716 1713
1716 1715 1713
1716 1712 1710
1716 1717 1715
1716 1710 1718
1717 1716 1718
1710 1711 1718
1717 1718 1719
1711 1719 1718
1711 1720 1719
1721 1722 1723
1723 1722 1724
1723 1724 1725
1724 1542 1725
1724 1541 1542
1726 1727 1728
1726 1729 1727
1730 1729 1726
1730 1731 1729
1732 1731 1730
1732 1733 1731
1734 1733 1732
1734 1735 1733
1736 1735 1734
1736 1737 1735
1738 1737 1736
1738 1739 1737
1740 1739 1738
1740 1741 1739
1742 1741 1740
1742 1740 1743
1744 1742 1743
1744 1743 1745
1746 1744 1745
1746 1747 1744
1748 1747 1746
1748 1749 1747
1750 1749 1748
1750 1748 1751
1752 1750 1751
1752 1751 1753
1754 1752 1753
1755 1756 1757
1755 1758 1756
1759 1758 1755
1759 1760 1758
1761 1760 1759
1761 1762 1760
1763 1762 1761
1763 1764 1762
1765 1764 1763
1765 1766 1764
1767 1766 1765
1767 1768 1766
1769 1768 1767
1769 1770 1768
1771 1770 1769
1771 1772 1770
1773 1772 1771
1773 1771 1774
1775 1773 1774
1775 1776 1773
1777 1776 1775
1777 1778 1776
1779 1778 1777
1779 1780 1778
1781 1780 1779
1781 1779 1782
1783 1781 1782
1784 1785 1786
1784 1787 1785
1787 1784 1788
1787 1788 1789
1789 1788 1790
1789 1790 1791
1791 1790 1792
1791 1792 1793
1793 1792 1794
1793 1794 1795
1795 1794 1796
1795 1796 1797
1798 1797 1796
1798 1799 1797
1800 1799 1798
1800 1801 1799
1801 1800 1802
1801 1802 1803
1804 1805 1806
1804 1806 1807
1808 1807 1806
1808 1806 1809
1808 1809 1810
1804 1807 1811
1808 1811 1807
1804 1811 1812
1808 1813 1811
1808 1814 1813
1808 1810 1815
1808 1815 1814
1815 1810 1816
1815 1817 1814
1815 1816 1818
1815 1818 1817
1818 1816 1819
1818 1820 1817
1818 1819 1821
1818 1821 1820
1821 1819 1822
1821 1823 1820
1821 1822 1824
1821 1824 1823
1825 1824 1822
1823 1824 1826
1825 1826 1824
1823 1826 1827
1828 1826 1825
1827 1826 1829
1828 1829 1826
1830 1829 1828
1827 1829 1831
1830 1832 1829
1831 1829 1832
1831 1832 1833
1834 1835 1836
1834 1837 1835
1838 1837 1834
1838 1839 1837
1837 1840 1835
1839 1841 1837
1837 1841 1840
1839 1842 1841
1840 1841 1843
1843 1841 1842
1840 1843 1844
1843 1842 1845
1844 1843 1846
1844 1846 1847
1847 1846 1848
1848 1846 1849
1846 1850 1849
1846 1843 1850
1843 1845 1850
1851 1850 1845
1852 1853 1854
1854 1853 1855
1854 1855 1856
1853 1857 1855
1853 1858 1857
1855 1857 1859
1856 1855 1860
1855 1859 1860
1856 1860 1861
1860 1859 1862
1861 1860 1863
1860 1862 1863
1861 1863 1864
1863 1862 1865
1864 1863 1866
1863 1865 1866
1864 1866 1867
1868 1866 1865
1869 1867 1866
1868 1869 1866
1869 1870 1867
1871 1870 1869
1872 1869 1868
1871 1869 1872
1872 1868 1873
1874 1871 1872
1875 1872 1873
1874 1872 1875
1875 1873 1876
1875 1877 1874
1874 1877 1878
1879 1878 1877
1880 1875 1876
1875 1880 1877
1880 1876 1881
1879 1877 1882
1880 1882 1877
1883 1880 1881
1880 1883 1882
1883 1881 1884
1885 1883 1884
1886 1879 1882
1883 1886 1882
1886 1887 1879
1888 1887 1886
1885 1889 1883
1883 1889 1886
1888 1886 1890
1890 1886 1889
1891 1889 1885
1890 1889 1891
1891 1885 1892
1891 1892 1893
1888 1890 1894
1891 1894 1890
1888 1894 1895
1891 1893 1896
1891 1896 1894
1897 1895 1894
1896 1897 1894
1897 1898 1895
1893 1899 1896
1896 1899 1897
1893 1900 1899
1899 1900 1901
1898 1897 1902
1902 1897 1899
1898 1902 1903
1904 1903 1902
1899 1901 1905
1902 1899 1905
1904 1902 1906
1906 1902 1905
1907 1905 1901
1906 1905 1907
1907 1901 1908
1907 1908 1909
1904 1906 1910
1910 1906 1907
1904 1910 1911
1912 1911 1910
1907 1909 1913
1910 1907 1913
1913 1909 1914
1912 1910 1915
1913 1915 1910
1913 1914 1916
1913 1916 1915
1916 1914 1917
1912 1915 1918
1916 1918 1915
1912 1918 1919
1916 1917 1920
1916 1920 1918
1920 1917 1921
1919 1918 1922
1919 1922 1923
1924 1923 1922
1925 1918 1920
1925 1922 1918
1924 1922 1926
1922 1925 1926
1927 1924 1926
1920 1921 1928
1920 1928 1925
1921 1929 1928
1921 1930 1929
1929 1930 1931
1932 1925 1928
1929 1932 1928
1925 1933 1926
1932 1933 1925
1927 1926 1934
1933 1934 1926
1935 1927 1934
1935 1936 1927
1937 1936 1935
1938 1937 1935
1938 1939 1937
1938 1940 1939
1940 1941 1939
1929 1931 1942
1932 1929 1942
1933 1932 1943
1932 1942 1943
1933 1943 1944
1943 1945 1944
1943 1946 1945
1947 1946 1943
1947 1943 1942
1931 1948 1942
1942 1948 1947
1931 1949 1948
1950 1948 1949
1951 1947 1948
1950 1951 1948
1951 1952 1947
1953 1952 1951
1954 1951 1950
1953 1951 1954
1954 1950 1955
1954 1955 1956
1953 1954 1957
1954 1956 1957
1953 1957 1958
1957 1959 1958
1956 1960 1957
1957 1960 1959
1956 1961 1960
1960 1961 1962
1959 1960 1963
1960 1962 1963
1959 1963 1964
1965 1963 1962
1966 1964 1963
1965 1966 1963
1966 1967 1964
1968 1966 1965
1969 1967 1966
1968 1969 1966
1969 1970 1967
1971 1969 1968
1972 1970 1969
1971 1972 1969
1972 1973 1970
1974 1973 1972
1975 1972 1971
1974 1972 1975
1975 1971 1976
1974 1975 1977
1975 1976 1977
1978 1979 1980
1978 1980 1981
1981 1980 1982
1981 1982 1983
1983 1982 1984
1985 1981 1983
1983 1984 1986
1986 1984 1987
1985 1983 1988
1988 1983 1986
1986 1987 1989
1989 1987 1990
1991 1985 1988
1988 1986 1992
1992 1986 1989
1991 1988 1993
1993 1988 1992
1993 1994 1991
1993 1992 1995
1995 1992 1989
1993 1996 1994
1995 1996 1993
1996 1997 1994
1994 1997 1998
1994 1998 1999
1998 2000 1999
1998 2001 2000
2001 2002 2000
2001 2003 2002
2003 2004 2002
2003 2005 2004
2006 2004 2005
2006 2007 2004
2008 2007 2006
1995 2009 1996
2010 2009 1995
2010 2011 2009
1995 1989 2010
2012 2011 2010
2012 2013 2011
2010 1989 2014
2010 2014 2012
1989 1990 2014
2015 2013 2012
2015 2012 2014
2015 2016 2013
2017 2014 1990
2015 2014 2017
2017 1990 2018
2019 2016 2015
2019 2015 2017
2019 2020 2016
2021 2020 2019
2021 2022 2020
2023 2022 2021
2024 2017 2018
2019 2017 2024
2021 2019 2024
2024 2018 2025
2026 2024 2025
2021 2024 2026
2026 2025 2027
2028 2026 2027
2028 2021 2026
2028 2027 2029
2023 2021 2030
2028 2030 2021
2030 2031 2023
2030 2032 2031
2028 2032 2030
2032 2033 2031
2034 2028 2029
2028 2034 2032
2034 2029 2035
2036 2034 2035
2032 2037 2033
2034 2037 2032
2038 2033 2037
2038 2039 2033
2038 2040 2039
2034 2041 2037
2036 2041 2034
2038 2037 2041
2042 2041 2036
2038 2041 2042
2043 2038 2042
2042 2036 2044
2044 2043 2042
2044 2045 2043
2043 2045 2046
2038 2047 2040
2043 2047 2038
2047 2048 2040
2047 2049 2048
2049 2047 2043
2049 2050 2048
2043 2046 2051
2049 2043 2051
2049 2052 2050
2052 2049 2051
2052 2053 2050
2046 2054 2051
2052 2051 2054
2046 2055 2054
2052 2056 2053
2056 2052 2054
2057 2054 2055
2056 2054 2057
2057 2055 2058
2057 2058 2059
2053 2056 2060
2053 2060 2061
2062 2061 2060
2056 2057 2063
2056 2063 2060
2057 2059 2064
2057 2064 2063
2064 2059 2065
2062 2060 2066
2066 2067 2062
2060 2063 2068
2068 2063 2064
2060 2068 2066
2064 2065 2069
2068 2064 2069
2069 2065 2070
2066 2068 2071
2072 2068 2069
2066 2073 2067
2066 2071 2073
2073 2074 2067
2075 2073 2071
2069 2070 2076
2072 2069 2076
2076 2070 2077
2078 2072 2076
2076 2077 2078
2078 2079 2072
2078 2077 2080
2081 2079 2078
2078 2080 2082
2081 2078 2082
2082 2080 2083
2084 2081 2082
2082 2083 2085
2084 2082 2085
2085 2083 2086
2084 2085 2087
2085 2086 2087
2084 2087 2088
2089 2088 2087
2087 2086 2090
2090 2086 2091
2089 2087 2092
2087 2090 2092
2093 2089 2092
2090 2093 2092
2093 2094 2089
2095 2094 2093
2090 2091 2096
2091 2097 2096
2096 2097 2098
2095 2093 2099
2100 2095 2099
2090 2101 2093
2090 2096 2101
2099 2093 2101
2096 2098 2102
2101 2096 2102
2102 2098 2103
2099 2101 2104
2101 2102 2104
2102 2103 2105
2105 2103 2106
2102 2107 2104
2099 2104 2107
2102 2105 2107
2100 2099 2108
2099 2107 2108
2105 2106 2109
2107 2105 2109
2107 2109 2110
2108 2107 2111
2109 2112 2110
2100 2108 2113
2108 2111 2113
2100 2113 2114
2113 2111 2115
2106 2116 2109
2109 2116 2112
2106 2117 2116
2116 2118 2112
2114 2113 2119
2113 2115 2119
2114 2119 2120
2119 2121 2120
2117 2122 2116
2116 2122 2118
2117 2123 2122
2118 2122 2124
2122 2123 2124
2115 2125 2119
2119 2125 2121
2115 2126 2125
2125 2126 2127
2121 2125 2128
2125 2127 2128
2121 2128 2129
2130 2129 2128
2131 2128 2127
2130 2128 2131
2131 2127 2132
2133 2131 2132
2134 2130 2131
2133 2134 2131
2134 2135 2130
2136 2135 2134
2137 2134 2133
2136 2134 2137
2137 2133 2138
2136 2137 2139
2137 2138 2139
2140 1981 2141
1985 2142 2140
2142 2143 2140
2144 2145 2146
2144 2146 2147
2147 2148 2144
2147 2149 2148
2149 2150 2148
2149 2151 2150
2151 2152 2150
2151 2153 2152
2153 2154 2152
2153 2155 2154
2155 2156 2154
2155 2157 2156
2156 2157 2158
2156 2158 2159
2159 2158 2160
2159 2160 2161
2161 2160 2162
2161 2162 2163
2161 2163 2164
2157 2165 2166
2157 2166 2167
2165 2157 2168
2167 2166 2169
2165 2168 2170
2167 2169 2171
2171 2169 2172
2171 2172 2173
2170 2168 2174
2170 2174 2175
2175 2174 2176
2175 2176 2177
2177 2176 2178
2177 2178 2179
2179 2178 2180
2179 2180 2181
2181 2180 2182
2181 2182 2183
2184 2185 2186
2187 2185 2184
2187 2188 2185
2188 2187 2189
2188 2189 2190
2191 2188 2190
2189 2192 2190
2190 2193 2191
2189 2194 2192
2195 2191 2193
2195 2193 2196
2195 2196 2197
2194 2198 2192
2194 2199 2198
2199 2200 2198
2199 2201 2200
2201 2202 2200
2201 2203 2202
2202 2203 2204
2202 2204 2205
2205 2204 2206
2205 2206 2207
2206 2208 2207
2206 2209 2208
2206 2210 2209
2211 2212 2213
2211 2213 2214
2215 2211 2214
2215 2214 2216
2214 2213 2217
2216 2214 2218
2214 2217 2218
2216 2218 2219
2217 2220 2218
2220 2219 2218
2217 2221 2220
2220 2222 2219
2221 2223 2220
2221 2224 2223
2224 2225 2223
2225 2226 2223
2223 2226 2227
2223 2227 2220
2220 2227 2222
2222 2227 2228
2229 2230 2231
2229 2232 2230
2232 2229 2233
2232 2233 2234
2234 2233 2235
2234 2235 2236
2236 2235 2237
2236 2237 2238
2238 2237 2239
2238 2239 2240
2241 2240 2239
2241 2242 2240
2243 2242 2241
2243 2244 2242
2245 2244 2243
2245 2246 2244
2246 2245 2247
2246 2247 2248
2249 2248 2247
2236 2250 2234
2251 2236 2238
2236 2251 2250
2252 2238 2240
2251 2238 2252
2242 2253 2240
2252 2240 2253
2254 2242 2244
2242 2254 2253
2246 2255 2244
2254 2244 2255
2248 2256 2246
2246 2256 2255
2257 2234 2250
2257 2232 2234
2248 2258 2256
2258 2248 2249
2259 2258 2249
2259 2249 2260
2261 2259 2260
2232 2257 2262
2232 2262 2230
2230 2262 2263
2230 2263 2264
2257 2265 2262
2262 2265 2263
2266 2257 2250
2257 2266 2265
2267 2264 2263
2267 2268 2264
2266 2250 2269
2269 2250 2251
2270 2268 2267
2270 2271 2268
2271 2270 2272
2269 2251 2273
2273 2251 2252
2270 2274 2272
2274 2275 2272
2273 2252 2276
2253 2276 2252
2274 2277 2275
2277 2278 2275
2253 2279 2276
2254 2279 2253
2254 2280 2279
2255 2280 2254
2255 2281 2280
2256 2281 2255
2256 2282 2281
2258 2282 2256
2258 2283 2282
2259 2283 2258
2274 2284 2277
2274 2285 2284
2270 2285 2274
2284 2286 2277
2286 2278 2277
2270 2287 2285
2287 2270 2267
2286 2288 2278
2288 2289 2278
2290 2289 2288
2290 2291 2289
2292 2291 2290
2287 2267 2293
2263 2293 2267
2288 2286 2294
2288 2294 2290
2295 2292 2290
2296 2292 2295
2263 2297 2293
2265 2297 2263
2298 2290 2294
2298 2295 2290
2299 2296 2295
2299 2300 2296
2301 2300 2299
2302 2299 2295
2302 2295 2298
2301 2299 2303
2302 2303 2299
2265 2304 2297
2266 2304 2265
2301 2303 2305
2301 2305 2306
2266 2307 2304
2307 2266 2269
2306 2305 2308
2306 2308 2309
2309 2308 2310
2309 2310 2311
2312 2308 2305
2310 2308 2312
2303 2313 2305
2312 2305 2313
2311 2310 2314
2311 2314 2315
2316 2315 2314
2310 2312 2317
2317 2314 2310
2318 2316 2314
2319 2316 2318
2303 2320 2313
2302 2320 2303
2321 2312 2313
2317 2312 2321
2317 2322 2314
2318 2314 2322
2317 2323 2322
2318 2322 2323
2319 2318 2324
2324 2325 2319
2326 2320 2302
2326 2302 2298
2320 2327 2313
2321 2313 2327
2317 2328 2323
2317 2321 2328
2324 2318 2329
2318 2323 2329
2324 2330 2325
2330 2331 2325
2330 2332 2331
2333 2330 2324
2324 2329 2333
2320 2334 2327
2326 2334 2320
2335 2331 2332
2336 2331 2335
2337 2336 2335
2337 2335 2338
2338 2339 2337
2332 2330 2340
2333 2340 2330
2338 2335 2341
2335 2332 2341
2338 2342 2339
2342 2343 2339
2338 2341 2344
2344 2342 2338
2342 2345 2343
2345 2346 2343
2341 2332 2347
2344 2341 2347
2344 2348 2342
2345 2342 2348
2345 2349 2346
2349 2350 2346
2345 2348 2351
2351 2349 2345
2349 2352 2350
2352 2353 2350
2351 2354 2349
2354 2352 2349
2355 2354 2351
2356 2351 2348
2355 2351 2356
2357 2348 2344
2356 2348 2357
2352 2358 2353
2359 2353 2358
2354 2360 2352
2360 2354 2355
2358 2352 2360
2359 2358 2361
2362 2359 2361
2358 2360 2363
2363 2361 2358
2362 2361 2364
2364 2365 2362
2357 2344 2366
2344 2347 2366
2367 2357 2366
2347 2367 2366
2360 2355 2368
2363 2360 2368
2363 2369 2361
2364 2361 2369
2364 2370 2365
2371 2365 2370
2370 2364 2372
2364 2369 2372
2369 2363 2373
2363 2368 2373
2371 2370 2374
2370 2372 2374
2375 2371 2374
2375 2376 2371
2377 2376 2375
2372 2369 2378
2369 2373 2378
2374 2372 2379
2372 2378 2379
2377 2375 2380
2381 2377 2380
2374 2379 2382
2375 2374 2382
2368 2383 2373
2373 2384 2378
2373 2383 2384
2378 2385 2379
2378 2384 2385
2379 2386 2382
2379 2385 2386
2387 2375 2382
2382 2386 2387
2388 2380 2375
2388 2375 2387
2368 2389 2383
2355 2389 2368
2385 2390 2386
2386 2391 2387
2386 2390 2391
2392 2385 2384
2385 2392 2390
2387 2393 2388
2387 2391 2393
2394 2380 2388
2388 2393 2395
2388 2395 2394
2395 2396 2394
2396 2397 2394
2394 2397 2380
2381 2380 2397
2398 2381 2397
2396 2398 2397
2398 2399 2381
2400 2399 2398
2396 2400 2398
2400 2401 2399
2400 2402 2401
2400 2403 2402
2396 2403 2400
2403 2404 2402
2403 2405 2404
2405 2261 2404
2406 2403 2396
2406 2405 2403
2407 2405 2406
2405 2408 2261
2407 2408 2405
2261 2408 2259
2259 2408 2407
2396 2409 2406
2409 2407 2406
2259 2407 2410
2259 2410 2283
2396 2411 2409
2409 2411 2412
2395 2411 2396
2412 2411 2395
2413 2412 2395
2413 2395 2393
2413 2393 2391
2409 2414 2407
2415 2414 2409
2415 2409 2412
2416 2407 2414
2416 2410 2407
2415 2416 2414
2410 2417 2283
2418 2410 2416
2418 2417 2410
2283 2417 2419
2283 2419 2282
2420 2417 2418
2420 2419 2417
2282 2419 2421
2282 2421 2281
2422 2419 2420
2422 2421 2419
2281 2421 2423
2281 2423 2280
2424 2421 2422
2424 2423 2421
2280 2423 2425
2280 2425 2279
2426 2423 2424
2426 2425 2423
2427 2424 2422
2426 2424 2427
2427 2422 2428
2420 2428 2422
2420 2429 2428
2418 2429 2420
2418 2430 2429
2426 2427 2431
2430 2418 2416
2279 2425 2432
2279 2432 2276
2425 2426 2433
2433 2426 2431
2425 2433 2432
2434 2276 2432
2434 2273 2276
2432 2433 2435
2432 2435 2434
2433 2431 2436
2435 2433 2436
2431 2437 2436
2431 2438 2437
2439 2273 2434
2439 2269 2273
2307 2269 2439
2440 2439 2434
2440 2434 2435
2439 2441 2307
2439 2440 2441
2437 2438 2442
2437 2442 2443
2442 2438 2444
2444 2445 2442
2443 2442 2445
2446 2445 2444
2445 2446 2430
2307 2441 2447
2307 2447 2304
2448 2304 2447
2448 2297 2304
2449 2297 2448
2449 2293 2297
2450 2293 2449
2450 2287 2293
2287 2450 2451
2287 2451 2285
2449 2452 2450
2451 2450 2452
2448 2453 2449
2449 2453 2452
2447 2454 2448
2448 2454 2453
2441 2455 2447
2447 2455 2454
2285 2451 2456
2285 2456 2284
2454 2457 2453
2452 2453 2457
2451 2452 2458
2458 2456 2451
2441 2459 2455
2440 2459 2441
2460 2454 2455
2454 2460 2457
2452 2457 2461
2452 2461 2458
2440 2462 2459
2462 2440 2435
2463 2455 2459
2460 2455 2463
2459 2462 2464
2463 2459 2464
2462 2435 2465
2435 2436 2465
2466 2462 2465
2462 2466 2464
2464 2466 2467
2468 2465 2436
2466 2465 2468
2467 2466 2468
2468 2436 2437
2463 2464 2469
2464 2467 2469
2470 2468 2437
2467 2468 2470
2467 2470 2471
2470 2437 2472
2471 2470 2472
2437 2443 2472
2467 2471 2473
2467 2473 2474
2467 2474 2469
2463 2469 2475
2460 2463 2475
2476 2472 2443
2471 2472 2476
2469 2474 2477
2469 2477 2475
2476 2443 2478
2443 2479 2478
2443 2480 2479
2443 2445 2480
2481 2480 2445
2445 2430 2481
2430 2482 2481
2483 2480 2481
2483 2479 2480
2482 2483 2481
2482 2484 2483
2485 2484 2482
2486 2484 2485
2487 2484 2486
2430 2488 2482
2430 2416 2488
2415 2488 2416
2482 2488 2415
2482 2415 2489
2485 2482 2489
2489 2415 2412
2489 2412 2490
2490 2485 2489
2491 2490 2412
2485 2490 2491
2485 2491 2492
2491 2412 2413
2492 2491 2413
2487 2486 2493
2479 2487 2493
2485 2494 2486
2485 2492 2494
2492 2413 2495
2413 2391 2495
2496 2495 2391
2496 2492 2495
2496 2391 2390
2492 2497 2494
2498 2486 2494
2390 2499 2496
2390 2392 2499
2392 2500 2499
2496 2501 2492
2492 2501 2497
2392 2502 2500
2392 2384 2502
2503 2500 2502
2502 2384 2503
2503 2504 2500
2384 2383 2503
2505 2504 2503
2503 2383 2505
2505 2506 2504
2383 2389 2505
2507 2501 2496
2507 2496 2508
2508 2509 2507
2497 2501 2510
2510 2501 2507
2497 2510 2511
2505 2389 2512
2512 2506 2505
2507 2509 2513
2514 2513 2509
2515 2510 2507
2515 2511 2510
2515 2507 2513
2506 2516 2514
2514 2516 2513
2389 2517 2512
2355 2517 2389
2512 2518 2506
2506 2518 2516
2513 2516 2519
2513 2519 2515
2515 2520 2511
2521 2520 2515
2521 2515 2519
2522 2517 2355
2522 2355 2356
2523 2512 2517
2518 2512 2523
2522 2523 2517
2524 2519 2516
2518 2524 2516
2525 2522 2356
2525 2356 2357
2367 2525 2357
2525 2526 2522
2526 2523 2522
2518 2523 2527
2527 2524 2518
2523 2528 2527
2523 2526 2528
2526 2525 2529
2525 2367 2529
2524 2530 2519
2531 2530 2524
2530 2521 2519
2532 2524 2527
2532 2527 2528
2531 2524 2532
2526 2533 2528
2526 2529 2533
2534 2532 2528
2534 2531 2532
2533 2534 2528
2530 2535 2521
2531 2535 2530
2531 2536 2535
2531 2537 2536
2534 2538 2531
2531 2538 2537
2539 2534 2533
2539 2538 2534
2529 2540 2533
2539 2533 2540
2529 2541 2540
2529 2367 2541
2367 2542 2541
2347 2542 2367
2332 2542 2347
2332 2543 2542
2543 2541 2542
2332 2340 2543
2543 2544 2541
2340 2544 2543
2541 2545 2540
2541 2544 2545
2546 2539 2540
2546 2540 2545
2539 2547 2538
2546 2547 2539
2340 2548 2544
2333 2548 2340
2544 2549 2545
2544 2548 2549
2333 2550 2548
2550 2333 2329
2545 2549 2551
2545 2551 2546
2548 2552 2549
2548 2550 2552
2552 2551 2549
2550 2329 2553
2553 2552 2550
2553 2329 2323
2553 2323 2554
2554 2323 2328
2553 2555 2552
2555 2553 2554
2554 2328 2556
2556 2328 2321
2552 2557 2551
2552 2555 2557
2555 2554 2558
2558 2554 2556
2557 2555 2559
2555 2558 2559
2560 2551 2557
2557 2559 2560
2556 2321 2561
2561 2321 2327
2561 2327 2562
2562 2327 2334
2556 2561 2563
2563 2561 2562
2558 2556 2564
2556 2563 2564
2564 2563 2565
2558 2564 2566
2558 2566 2559
2564 2565 2566
2566 2567 2559
2560 2559 2567
2565 2567 2566
2560 2568 2551
2546 2551 2568
2562 2334 2569
2569 2334 2326
2563 2562 2570
2565 2563 2570
2569 2570 2562
2560 2567 2571
2568 2560 2571
2546 2568 2572
2568 2573 2572
2546 2572 2547
2547 2572 2573
2565 2574 2567
2571 2567 2574
2568 2571 2575
2568 2575 2573
2571 2574 2576
2575 2571 2576
2577 2574 2565
2576 2574 2577
2565 2570 2578
2577 2565 2578
2575 2576 2579
2573 2575 2579
2578 2570 2580
2569 2580 2570
2578 2580 2581
2581 2577 2578
2582 2576 2577
2579 2576 2582
2579 2582 2583
2584 2580 2569
2581 2580 2584
2573 2579 2585
2583 2585 2579
2581 2586 2577
2586 2582 2577
2587 2586 2581
2587 2582 2586
2584 2569 2588
2569 2326 2588
2589 2588 2326
2326 2298 2589
2589 2298 2294
2589 2590 2588
2590 2584 2588
2589 2294 2591
2591 2590 2589
2286 2591 2294
2581 2584 2592
2587 2581 2592
2286 2593 2591
2284 2593 2286
2594 2592 2584
2590 2594 2584
2593 2595 2591
2591 2595 2590
2596 2593 2284
2593 2596 2595
2596 2284 2456
2597 2590 2595
2597 2594 2590
2596 2597 2595
2594 2598 2592
2598 2587 2592
2599 2596 2456
2458 2599 2456
2600 2594 2597
2600 2598 2594
2596 2601 2597
2599 2601 2596
2597 2601 2602
2599 2602 2601
2597 2602 2600
2458 2603 2599
2599 2603 2602
2458 2461 2603
2602 2604 2600
2602 2603 2604
2461 2605 2603
2603 2605 2604
2605 2461 2457
2606 2598 2600
2600 2604 2606
2605 2457 2607
2460 2607 2457
2605 2608 2604
2604 2608 2606
2607 2608 2605
2606 2609 2598
2598 2609 2587
2610 2609 2606
2606 2608 2610
2611 2587 2609
2610 2611 2609
2608 2612 2610
2612 2611 2610
2611 2613 2587
2587 2613 2582
2583 2582 2613
2611 2583 2613
2612 2583 2611
2608 2614 2612
2607 2614 2608
2583 2612 2615
2614 2615 2612
2607 2616 2614
2614 2616 2615
2583 2615 2617
2583 2617 2585
2607 2618 2616
2460 2618 2607
2460 2475 2618
2475 2616 2618
2475 2477 2616
2619 2615 2616
2619 2616 2477
2617 2615 2619
2474 2619 2477
2617 2620 2585
2620 2573 2585
2474 2621 2619
2622 2621 2474
2617 2619 2623
2617 2623 2620
2621 2623 2619
2620 2624 2573
2547 2573 2624
2538 2547 2624
2538 2624 2537
2624 2620 2625
2624 2625 2537
2625 2620 2623
2625 2626 2537
2622 2627 2621
2471 2627 2622
2621 2628 2623
2625 2623 2628
2627 2628 2621
2625 2629 2626
2629 2625 2628
2629 2535 2626
2627 2630 2628
2629 2628 2630
2627 2631 2630
2629 2630 2631
2471 2632 2627
2627 2632 2631
2633 2632 2471
2631 2632 2633
2633 2471 2476
2629 2634 2535
2629 2631 2634
2535 2634 2635
2535 2635 2521
2634 2631 2636
2634 2636 2635
2631 2633 2636
2521 2635 2637
2637 2635 2636
2521 2637 2638
2637 2511 2638
2476 2639 2633
2476 2640 2639
2639 2640 2479
2633 2641 2636
2637 2636 2641
2633 2639 2641
2637 2642 2511
2642 2637 2641
2642 2498 2511
2639 2479 2643
2479 2493 2643
2639 2644 2641
2639 2643 2644
2642 2641 2644
2643 2493 2645
2643 2645 2644
2642 2644 2645
2645 2493 2486
2498 2646 2486
2642 2646 2498
2642 2645 2646
2486 2646 2645
2647 2648 2649
2648 2650 2649
2648 2651 2650
2651 2652 2650
2651 2653 2652
2653 2654 2652
2653 2655 2654
2655 2656 2654
2655 2657 2656
2658 2656 2657
2658 2659 2656
2658 2660 2659
2658 2661 2660
2661 2662 2660
2661 2663 2662
2663 2664 2662
2663 2665 2664
2666 2662 2664
2664 2665 2667
2664 2667 2668
2666 2664 2669
2668 2669 2664
2667 2670 2668
2667 2671 2670
2672 2670 2671
2668 2673 2669
2674 2673 2668
2674 2668 2670
2669 2673 2675
2675 2673 2674
2669 2676 2666
2676 2669 2675
2672 2677 2670
2678 2674 2670
2677 2678 2670
2672 2679 2677
2672 2680 2679
2679 2680 2681
2675 2674 2682
2678 2682 2674
2683 2678 2677
2683 2677 2679
2678 2684 2682
2683 2684 2678
2685 2675 2682
2685 2686 2675
2686 2676 2675
2682 2687 2685
2682 2684 2687
2688 2687 2684
2683 2688 2684
2689 2688 2683
2686 2690 2676
2689 2683 2691
2691 2683 2679
2692 2689 2691
2693 2676 2690
2693 2690 2694
2676 2693 2695
2676 2695 2666
2695 2693 2696
2666 2695 2697
2695 2696 2697
2666 2697 2698
2696 2699 2697
2699 2698 2697
2696 2700 2699
2699 2701 2698
2699 2700 2702
2701 2699 2703
2699 2702 2703
2701 2703 2704
2703 2702 2705
2704 2703 2706
2703 2705 2706
2704 2706 2707
2706 2705 2708
2707 2706 2709
2706 2708 2709
2707 2709 2710
2708 2711 2709
2712 2710 2709
2709 2711 2712
2713 2714 2715
2715 2714 2716
2715 2716 2717
2715 2717 2718
2719 2717 2716
2720 2718 2717
2719 2721 2717
2720 2717 2721
2719 2722 2721
2720 2721 2722
2719 2723 2722
2720 2722 2724
2725 2720 2724
2723 2726 2722
2726 2724 2722
2726 2727 2724
2723 2728 2726
2726 2729 2727
2728 2730 2726
2726 2730 2729
2728 2731 2730
2732 2730 2731
2733 2729 2730
2732 2733 2730
2733 2734 2729
2733 2735 2734
2732 2736 2733
2733 2736 2735
2732 2737 2736
2738 2736 2737
2739 2735 2736
2738 2739 2736
2739 2740 2735
2741 2740 2739
2742 2739 2738
2741 2739 2742
2742 2738 2743
2742 2744 2741
2743 2745 2742
2742 2745 2744
2743 2746 2745
2747 2745 2746
2748 2744 2745
2747 2748 2745
2748 2749 2744
2748 2750 2749
2747 2751 2748
2748 2751 2750
2747 2752 2751
2751 2753 2750
2752 2754 2751
2751 2754 2753
2752 2755 2754
2756 2754 2755
2757 2753 2754
2756 2757 2754
2757 2758 2753
2757 2759 2758
2756 2760 2757
2757 2760 2759
2756 2761 2760
2760 2761 2762
2759 2760 2763
2760 2762 2763
2759 2763 2764
2765 2764 2763
2766 2763 2762
2765 2763 2766
2766 2762 2767
2768 2765 2766
2768 2766 2767
2769 2770 2771
2771 2770 2772
2771 2772 2773
2774 2773 2772
2774 2775 2773
2776 2775 2774
2776 2774 2777
2778 2776 2777
2778 2779 2776
2780 2779 2778
2780 2781 2779
2782 2781 2780
2782 2783 2781
2783 2784 2781
2785 2783 2782
2784 2783 2786
2784 2786 2787
2785 2788 2783
2783 2789 2786
2783 2788 2789
2788 2790 2789
2791 2788 2785
2788 2791 2790
2791 2785 2792
2793 2791 2792
2786 2789 2794
2789 2790 2794
2793 2795 2791
2796 2795 2793
2791 2795 2797
2791 2797 2790
2796 2798 2795
2798 2797 2795
2799 2798 2796
2787 2786 2800
2786 2794 2800
2799 2801 2798
2802 2801 2799
2802 2803 2801
2804 2803 2802
2805 2798 2801
2803 2805 2801
2798 2806 2797
2805 2806 2798
2804 2807 2803
2808 2807 2804
2806 2809 2797
2790 2797 2809
2806 2810 2809
2790 2809 2811
2806 2812 2810
2806 2805 2812
2790 2811 2813
2790 2813 2794
2794 2813 2814
2794 2814 2800
2805 2815 2812
2800 2814 2816
2805 2817 2815
2803 2817 2805
2807 2817 2803
2818 2815 2817
2807 2818 2817
2818 2819 2815
2818 2820 2819
2818 2821 2820
2821 2818 2807
2821 2822 2820
2800 2816 2823
2787 2800 2823
2824 2823 2816
2824 2787 2823
2824 2816 2825
2826 2787 2824
2827 2826 2824
2821 2807 2828
2808 2828 2807
2829 2828 2808
2829 2830 2828
2830 2821 2828
2831 2830 2829
2830 2832 2821
2821 2832 2822
2832 2833 2822
2831 2834 2830
2834 2832 2830
2832 2835 2833
2834 2835 2832
2833 2835 2836
2836 2835 2834
2833 2836 2837
2836 2838 2837
2839 2834 2831
2836 2834 2839
2839 2831 2840
2841 2839 2840
2841 2842 2839
2842 2836 2839
2843 2842 2841
2836 2844 2838
2842 2844 2836
2843 2845 2842
2845 2844 2842
2846 2845 2843
2847 2838 2844
2845 2847 2844
2847 2848 2838
2849 2848 2847
2846 2850 2845
2850 2847 2845
2851 2850 2846
2851 2846 2852
2853 2851 2852
2850 2854 2847
2849 2847 2854
2851 2854 2850
2855 2849 2854
2851 2855 2854
2855 2856 2849
2855 2857 2856
2855 2858 2857
2859 2857 2858
2860 2855 2851
2860 2858 2855
2859 2858 2861
2862 2859 2861
2863 2860 2851
2853 2863 2851
2864 2858 2860
2864 2861 2858
2864 2860 2863
2862 2861 2865
2861 2864 2865
2866 2863 2853
2864 2863 2866
2867 2865 2864
2867 2864 2866
2868 2867 2866
2869 2862 2865
2868 2869 2865
2869 2870 2862
2871 2870 2869
2866 2853 2872
2868 2866 2872
2853 2873 2872
2873 2868 2872
2873 2874 2868
2875 2868 2874
2868 2875 2869
2871 2869 2876
2876 2869 2875
2877 2871 2876
2876 2875 2878
2877 2876 2879
2879 2876 2878
2880 2877 2879
2879 2878 2881
2880 2879 2882
2882 2879 2881
2883 2880 2882
2882 2881 2884
2883 2882 2885
2885 2882 2884
2886 2883 2885
2885 2884 2887
2886 2885 2888
2888 2885 2887
2889 2886 2888
2888 2887 2890
2889 2888 2891
2891 2888 2890
2892 2889 2891
2891 2890 2893
2892 2891 2893
2894 2895 2896
2895 2897 2896
2895 2898 2897
2895 2899 2898
2900 2897 2898
2901 2898 2899
2900 2898 2902
2901 2902 2898
2900 2902 2903
2903 2902 2901
2900 2903 2904
2905 2903 2901
2906 2905 2901
2904 2903 2907
2907 2903 2905
2907 2905 2908
2904 2907 2909
2907 2908 2910
2909 2907 2911
2907 2910 2911
2909 2911 2912
2913 2912 2911
2914 2911 2910
2913 2911 2914
2914 2910 2915
2914 2915 2916
2913 2914 2917
2914 2916 2917
2913 2917 2918
2919 2918 2917
2920 2917 2916
2919 2917 2920
2920 2916 2921
2922 2920 2921
2923 2919 2920
2922 2923 2920
2923 2924 2919
2923 2922 2925
2924 2923 2926
2923 2925 2926
2924 2926 2927
2928 2927 2926
2929 2926 2925
2928 2926 2929
2929 2925 2930
2929 2930 2931
2928 2929 2932
2929 2931 2932
2928 2932 2933
2932 2934 2933
2931 2935 2932
2932 2935 2934
2931 2936 2935
2937 2934 2935
2938 2935 2936
2937 2935 2938
2938 2936 2939
2938 2939 2940
2937 2938 2941
2938 2940 2941
2937 2941 2942
2941 2943 2942
2940 2944 2941
2941 2944 2943
2940 2945 2944
2946 2943 2944
2947 2944 2945
2946 2944 2947
2947 2945 2948
2949 2946 2947
2949 2947 2948
2950 2951 2952
2950 2952 2953
2952 2954 2953
2955 2950 2953
2955 2953 2956
2957 2955 2956
2957 2956 2958
2959 2957 2958
2959 2960 2957
2961 2960 2959
2961 2962 2960
2963 2962 2961
2963 2964 2962
2965 2964 2963
2965 2966 2964
2966 2965 2967
2966 2967 2968
2969 2968 2967
2969 2970 2968
2971 2970 2969
2972 2966 2968
2966 2972 2973
2974 2973 2972
2974 2975 2973
2976 2975 2974
2977 2978 2979
2977 2980 2978
2981 2980 2977
2980 2982 2978
2981 2983 2980
2980 2984 2982
2983 2984 2980
2983 2985 2984
2984 2986 2982
2987 2984 2985
2984 2988 2986
2987 2988 2984
2988 2989 2986
2990 2988 2987
2988 2991 2989
2990 2991 2988
2991 2992 2989
2993 2991 2990
2991 2994 2992
2993 2994 2991
2994 2995 2992
2996 2994 2993
2994 2997 2995
2996 2997 2994
2997 2998 2995
2999 2997 2996
2997 3000 2998
2999 3000 2997
3000 3001 2998
3002 3000 2999
3000 3003 3001
3003 3004 3001
3002 3005 3000
3005 3003 3000
3002 3006 3005
3006 3003 3005
3002 3007 3006
3007 3008 3006
3007 3009 3008
3008 3009 3010
3003 3011 3004
3006 3011 3003
3008 3011 3006
3011 3012 3004
3011 3013 3012
3008 3013 3011
3013 3014 3012
3013 3015 3014
3008 3015 3013
3015 3016 3014
3008 3010 3017
3017 3010 3018
3017 3018 3019
3019 3018 3020
3019 3020 3021
3021 3020 3022
3021 3022 3023
3023 3022 3024
3023 3024 3025
3025 3024 3026
3025 3026 3027
3027 3026 3028
3027 3028 3029
3008 3030 3015
3030 3031 3015
3030 3032 3031
3015 3031 3016
3031 3032 3033
3016 3031 3034
3031 3033 3034
3016 3034 3035
3036 3035 3034
3034 3033 3037
3036 3034 3038
3034 3037 3038
3039 3036 3038
3037 3040 3038
3037 3041 3040
3042 3040 3041
3039 3038 3043
3040 3043 3038
3039 3043 3044
3044 3043 3040
3045 3044 3040
3039 3044 3046
3047 3044 3045
3048 3047 3045
3047 3049 3044
3049 3046 3044
3049 3047 3050
3049 3051 3046
3051 3052 3046
3053 3052 3051
3049 3050 3054
3054 3051 3049
3053 3051 3055
3054 3055 3051
3056 3053 3055
3054 3056 3055
3053 3056 3057
3050 3058 3054
3054 3058 3056
3050 3059 3058
3057 3056 3060
3057 3060 3061
3060 3062 3061
3060 3063 3062
3063 3064 3062
3063 3065 3064
3064 3065 3066
3058 3067 3056
3059 3068 3058
3058 3068 3067
3059 3069 3068
3068 3069 3070
3067 3068 3071
3068 3070 3071
3067 3071 3072
3071 3073 3072
3070 3074 3071
3071 3074 3073
3070 3075 3074
3074 3075 3076
3073 3074 3077
3074 3076 3077
3073 3077 3078
3077 3079 3078
3076 3080 3077
3077 3080 3079
3076 3081 3080
3080 3082 3079
3081 3083 3080
3080 3083 3082
3081 3084 3083
3083 3084 3085
3082 3083 3086
3083 3085 3086
3082 3086 3087
3088 3086 3085
3088 3087 3086
3089 3090 3091
3089 3092 3090
3092 3093 3090
3094 3092 3089
3092 3095 3093
3094 3096 3092
3096 3095 3092
3096 3097 3095
3098 3096 3094
3099 3097 3096
3098 3099 3096
3100 3099 3098
3099 3101 3097
3100 3101 3099
3100 3098 3102
3100 3103 3101
2074 3100 3102
3100 2075 3103
2074 3104 3100
3100 3104 2075
2073 3104 2074
2075 3104 2073
3105 3106 3107
3105 3108 3106
3105 3109 3108
3108 3110 3106
3109 3111 3108
3109 3112 3111
3113 3112 3109
3111 3114 3108
3108 3114 3110
3111 3115 3114
3114 3116 3110
3116 3117 3110
3116 3118 3117
3115 3119 3114
3114 3119 3116
3115 3120 3119
3116 3121 3118
3119 3121 3116
3121 3122 3118
3121 3123 3122
3120 3124 3119
3119 3124 3121
3124 3123 3121
3120 3125 3124
3125 3126 3124
3124 3126 3123
3125 3127 3126
3128 3126 3127
3129 3123 3126
3128 3129 3126
3129 3130 3123
3131 3129 3128
3132 3130 3129
3131 3132 3129
3132 3133 3130
3134 3132 3131
3135 3133 3132
3134 3135 3132
3135 3136 3133
3137 3135 3134
3138 3136 3135
3137 3138 3135
3138 3139 3136
3140 3138 3137
3141 3139 3138
3140 3141 3138
3141 3142 3139
3143 3141 3140
3144 3142 3141
3143 3144 3141
3144 3145 3142
3146 3144 3143
3147 3145 3144
3146 3147 3144
3147 3148 3145
3149 3147 3146
3150 3148 3147
3149 3150 3147
3150 3151 3148
3152 3150 3149
3153 3151 3150
3152 3153 3150
3153 3154 3151
3153 3152 3155
3156 3154 3153
3153 3155 3157
3156 3153 3157
3157 3155 3158
3159 3156 3157
3157 3158 3160
3159 3157 3160
3160 3158 3161
3162 3159 3160
3160 3161 3163
3162 3160 3163
3164 3163 3161
3165 3162 3163
3164 3165 3163
3165 3166 3162
3165 3164 3167
3168 3166 3165
3165 3167 3169
3168 3165 3169
3170 3169 3167
3170 3168 3169
3171 3172 3173
3174 3173 3172
3174 3175 3173
3176 3175 3174
3176 3174 3177
3178 3176 3177
3178 3177 3179
3180 3178 3179
3180 3179 3181
3182 3180 3181
3182 3181 3183
3184 3182 3183
3184 3185 3182
3186 3185 3184
3186 3184 3187
3187 3188 3186
3187 3189 3188
3190 3188 3189
3190 3191 3188
3190 3192 3191
3190 3193 3192
3194 3192 3193
3194 3193 3195
3196 3194 3195
3196 3197 3194
3198 3197 3196
3198 3196 3199
3200 3198 3199
3200 3201 3198
3202 3201 3200
3202 3200 3203
3204 3202 3203
3204 3203 3205
3206 3204 3205
3206 3205 3207
3208 3209 3210
3209 3211 3210
3209 3212 3211
3213 3211 3212
3211 3213 3214
3215 3214 3213
3215 3213 3216
3217 3215 3216
3217 3216 3218
3217 3218 3219
3217 3219 3220
3219 3221 3220
3219 3222 3221
3222 3223 3221
3222 3224 3223
3224 3225 3223
3224 3226 3225
3227 3225 3226
3227 3226 3228
3229 3227 3228
3229 3228 3230
3231 3229 3230
3231 3230 3232
3233 3231 3232
3228 3234 3230
3230 3234 3232
3233 3232 3235
3236 3233 3235
3228 3237 3234
3238 3237 3228
3232 3239 3235
3236 3235 3240
3239 3240 3235
3232 3234 3241
3232 3241 3239
3236 3240 3242
3236 3242 3243
2681 3243 3242
3237 3244 3234
3234 3244 3241
3239 3245 3240
3245 3242 3240
2681 3242 3246
2679 2681 3246
2691 2679 3246
3247 3246 3242
3247 2691 3246
3245 3247 3242
2692 2691 3247
3248 2692 3247
3245 3248 3247
3248 3249 2692
3250 3249 3248
3245 3251 3248
3245 3239 3251
3250 3248 3251
3239 3252 3251
3252 3250 3251
3239 3241 3252
3252 3253 3250
3254 3252 3241
3254 3253 3252
3254 3255 3253
3254 3256 3255
3244 3254 3241
3254 3257 3256
3257 3254 3244
3258 3256 3257
3259 3257 3244
3257 3259 3260
3258 3257 3261
3257 3260 3261
3258 3261 3262
3261 3260 3263
3261 3263 3262
3263 3264 3262
3237 3265 3244
3237 3266 3265
3237 3267 3266
3238 3267 3237
3268 3266 3267
3269 3267 3238
3268 3267 3269
3269 3238 3270
3271 3269 3270
3272 3268 3269
3272 3273 3268
3271 3274 3269
3272 3269 3274
3275 3273 3272
3273 3275 3276
3277 3274 3271
3277 3271 3278
3213 3277 3278
3274 3279 3272
3279 3275 3272
3274 3277 3279
3275 3279 3280
3281 3279 3277
3276 3275 3282
3275 3280 3282
3276 3282 3283
3282 3280 3284
3213 3285 3277
3281 3277 3285
3213 3212 3285
3281 3285 3212
3281 3212 3284
3284 3212 3209
3286 3283 3282
3286 3287 3283
3288 3287 3286
3288 3289 3287
3290 3289 3288
3286 3282 3291
3282 3284 3291
3288 3286 3291
3284 3292 3291
3284 3209 3292
3288 3291 3292
3209 3293 3292
3293 3288 3292
3209 3294 3293
3290 3288 3295
3293 3295 3288
3294 3296 3293
3294 3297 3296
3298 3290 3295
3298 3299 3290
3300 3295 3293
3300 3293 3296
3300 3298 3295
3301 3296 3297
3301 3300 3296
3301 3297 3302
3303 3299 3298
3300 3303 3298
3303 3304 3299
3305 3304 3303
3306 3303 3300
3301 3306 3300
3302 3307 3301
3302 3308 3307
3301 3309 3306
3301 3307 3309
3307 3310 3309
3311 3303 3306
3305 3303 3311
3311 3306 3312
3313 3311 3312
3308 3314 3307
3307 3314 3310
3308 3315 3314
3314 3316 3310
3317 3305 3311
3313 3317 3311
3317 3318 3305
3317 3319 3318
3315 3320 3314
3314 3320 3316
3315 3321 3320
3320 3322 3316
3313 3323 3317
3317 3323 3319
3313 3324 3323
3325 3319 3323
3321 3326 3320
3320 3326 3322
3321 3327 3326
3326 3328 3322
3327 3328 3326
3329 3323 3324
3325 3323 3329
3329 3324 3330
3331 3325 3329
3332 3329 3330
3331 3329 3332
3332 3330 3333
3334 3332 3333
3335 3331 3332
3334 3335 3332
3335 3336 3331
3334 3337 3335
3335 3337 3336
3338 3339 3340
3338 3340 3341
3342 3338 3341
3341 3340 3343
3341 3343 3344
3343 3345 3344
3343 3346 3345
3345 3346 3347
3345 3347 3348
3348 3347 3349
3348 3349 3350
3350 3349 3351
3350 3351 3352
3351 3353 3352
3351 3354 3353
3354 3355 3353
3349 3356 3351
3356 3354 3351
3349 3357 3356
3347 3357 3349
3347 3358 3357
3346 3358 3347
3346 3359 3358
3360 3359 3346
3360 3346 3361
3362 3360 3361
3362 3363 3360
3364 3363 3362
3365 3364 3362
3356 3366 3354
3366 3367 3354
3366 3368 3367
3354 3367 3355
3367 3368 3369
3355 3367 3370
3367 3369 3370
3355 3370 3371
3369 3372 3370
3369 3373 3372
3372 3373 3374
3370 3375 3371
3370 3372 3375
3375 3376 3371
3372 3374 3377
3375 3372 3377
3377 3374 3378
3376 3375 3379
3376 3379 3380
3377 3378 3381
3381 3378 3382
3375 3377 3383
3375 3383 3379
3384 3383 3377
3384 3377 3381
3384 3379 3383
3385 3380 3379
3384 3385 3379
3385 3386 3380
3381 3382 3387
3384 3381 3387
3387 3382 3388
3385 3384 3389
3384 3387 3390
3386 3385 3391
3385 3389 3391
3386 3391 3392
3391 3389 3393
3390 3387 3394
3387 3388 3394
3390 3394 3395
3394 3396 3395
3392 3391 3397
3391 3393 3397
3392 3397 3398
3397 3399 3398
3388 3400 3394
3394 3400 3396
3388 3401 3400
3400 3401 3402
3393 3403 3397
3397 3403 3399
3393 3404 3403
3396 3400 3405
3400 3402 3405
3396 3405 3406
3405 3407 3406
3408 3399 3403
3404 3408 3403
3408 3409 3399
3404 3410 3408
3402 3411 3405
3405 3411 3407
3402 3412 3411
3411 3412 3413
3414 3409 3408
3410 3414 3408
3410 3415 3414
3414 3416 3409
3414 3415 3417
3416 3414 3418
3414 3417 3418
3416 3418 3419
3417 3420 3418
3420 3419 3418
3417 3407 3420
3420 3421 3419
3422 3421 3420
3407 3422 3420
3422 3423 3421
3407 3424 3422
3407 3411 3424
3411 3413 3424
3413 3425 3424
3422 3424 3425
3413 3426 3425
3426 3427 3425
3426 3428 3427
3427 3428 3429
3423 3422 3430
3422 3425 3430
3425 3427 3430
3423 3430 3431
3427 3431 3430
3427 3432 3431
3427 3429 3433
3432 3427 3433
3433 3429 3434
3432 3433 3435
3433 3434 3436
3435 3433 3436
3435 3436 3437
3436 3434 3438
3439 3437 3436
3436 3438 3439
3439 3440 3437
3441 3440 3439
3438 3442 3439
3441 3439 3442
3438 3443 3442
3442 3443 3444
3441 3442 3445
3442 3444 3445
3441 3445 3446
3445 3444 3447
3446 3445 3448
3445 3447 3448
3446 3448 3449
3448 3450 3449
3447 3451 3448
3448 3451 3450
3447 3452 3451
3451 3453 3450
3452 3454 3451
3451 3454 3453
3452 3455 3454
3456 3453 3454
3456 3454 3455
3457 3458 3459
3460 3457 3459
3460 3459 3461
3462 3460 3461
3462 3461 3463
3464 3462 3463
3464 3463 3465
3466 3464 3465
3466 3465 3467
3468 3466 3467
3468 3469 3466
3468 3470 3469
3470 3471 3469
3472 3471 3470
3473 3474 3475
3473 3475 3476
3473 3476 3477
3473 3477 3478
3477 3479 3478
3475 3480 3476
3475 3481 3480
3481 3482 3480
3480 3482 3483
3476 3480 3484
3480 3483 3484
3476 3484 3477
3483 3485 3484
3485 3477 3484
3483 3486 3485
3487 3485 3486
3477 3488 3479
3485 3488 3477
3487 3489 3485
3488 3485 3489
3490 3489 3487
3490 3491 3489
3479 3488 3492
3488 3489 3492
3492 3489 3491
3479 3492 3493
3492 3491 3494
3493 3492 3494
3494 3491 3495
3493 3494 3496
3494 3495 3497
3496 3494 3497
3496 3497 3498
3497 3495 3499
3498 3497 3500
3497 3499 3500
3498 3500 3501
3500 3502 3501
3499 3503 3500
3500 3503 3502
3499 3504 3503
3503 3505 3502
3504 3506 3503
3503 3506 3505
3504 3507 3506
3506 3507 3508
3505 3506 3509
3506 3508 3509
3505 3509 3510
3509 3508 3511
3510 3509 3512
3509 3511 3512
3510 3512 3513
3512 3511 3514
3513 3512 3515
3512 3514 3515
3513 3515 3516
3515 3514 3517
3516 3515 3518
3515 3517 3518
3516 3518 3519
3518 3517 3520
3519 3518 3521
3518 3520 3521
3519 3521 3522
3521 3523 3522
3520 3524 3521
3521 3524 3523
3520 3525 3524
3524 3525 3526
3523 3524 3527
3524 3526 3527
3523 3527 3528
3527 3526 3529
3528 3527 3530
3527 3529 3530
3528 3530 3531
3530 3529 3532
3531 3530 3533
3530 3532 3533
3531 3533 3534
3533 3532 3535
3534 3533 3536
3533 3535 3536
3534 3536 3537
3536 3538 3537
3535 3539 3536
3536 3539 3538
3535 3540 3539
3541 3538 3539
3541 3539 3540
3542 3543 3544
3542 3545 3543
3546 3545 3542
3546 3547 3545
3548 3547 3546
3548 3549 3547
3550 3549 3548
3550 3548 3551
3552 3550 3551
3552 3551 3553
3554 3552 3553
3554 3555 3552
3556 3555 3554
3556 3557 3555
3558 3557 3556
3558 3559 3557
3560 3559 3558
3560 3561 3559
3562 3561 3560
3562 3563 3561
3564 3563 3562
3564 3565 3563
3566 3565 3564
3566 3567 3565
3568 3567 3566
3568 3569 3567
3570 3569 3568
3570 3571 3569
3572 3571 3570
3572 3573 3571
3574 3573 3572
3574 3575 3573
3576 3575 3574
3576 3574 3577
3578 3576 3577
3579 3580 3581
3579 3581 3582
3583 3579 3582
3582 3581 3584
3585 3582 3584
3583 3582 3585
3585 3584 3586
3587 3586 3584
3587 3588 3586
3587 3589 3588
3590 3585 3586
3591 3586 3588
3591 3590 3586
3589 3592 3588
3592 3591 3588
3593 3592 3589
3593 3589 3594
3593 3594 3595
3591 3592 3596
3596 3592 3593
3591 3596 3597
3590 3591 3597
3590 3597 3598
3596 3593 3599
3600 3590 3598
3590 3601 3585
3600 3601 3590
3601 3583 3585
3599 3593 3602
3593 3595 3602
3599 3602 3603
3602 3604 3603
3600 3605 3601
3601 3605 3583
3600 3606 3605
3595 3607 3602
3602 3607 3604
3595 3608 3607
3607 3609 3604
3583 3605 3610
3610 3605 3606
3583 3610 3611
3610 3606 3612
3613 3611 3610
3608 3614 3607
3607 3614 3609
3608 3615 3614
3616 3610 3612
3613 3610 3616
3616 3612 3617
3618 3613 3616
3619 3609 3614
3619 3614 3615
3619 3620 3609
3619 3615 3621
3620 3619 3622
3623 3619 3621
3619 3623 3622
3624 3616 3617
3618 3616 3624
3624 3617 3625
3626 3624 3625
3627 3618 3624
3626 3627 3624
3627 3628 3618
3627 3626 3629
3630 3628 3627
3627 3629 3631
3630 3627 3631
3632 3631 3629
3633 3630 3631
3632 3633 3631
3633 3634 3630
3632 3635 3633
3635 3634 3633
3632 3636 3635
3635 3637 3634
3638 3635 3636
3639 3637 3635
3638 3639 3635
3639 3640 3637
3638 3641 3639
3641 3640 3639
3641 3642 3640
3638 3643 3641
3644 3642 3641
3643 3645 3641
3644 3641 3645
3643 3646 3645
3647 3645 3646
3648 3644 3645
3647 3648 3645
3648 3649 3644
3648 3650 3649
3647 3651 3648
3648 3651 3650
3647 3652 3651
3651 3653 3650
3652 3654 3651
3651 3654 3653
3652 3655 3654
3656 3653 3654
3657 3654 3655
3656 3654 3657
3657 3655 3658
3659 3657 3658
3660 3656 3657
3659 3660 3657
3660 3661 3656
3659 3662 3660
3660 3662 3661
3663 3664 3665
3663 3665 3666
3667 3663 3666
3665 3668 3666
3665 3669 3668
3666 3668 3670
3667 3666 3671
3666 3670 3671
3672 3667 3671
3671 3670 3673
3672 3671 3674
3671 3673 3674
3675 3672 3674
3673 3676 3674
3675 3674 3676
3673 3677 3676
3678 3675 3676
3679 3676 3677
3678 3676 3679
3679 3677 3680
3681 3679 3680
3682 3678 3679
3681 3682 3679
3682 3683 3678
3684 3682 3681
3685 3683 3682
3684 3685 3682
3685 3686 3683
3685 3684 3687
3688 3686 3685
3685 3687 3688
3688 3689 3686
3687 3690 3688
3690 3689 3688
3690 3691 3689
3687 3692 3690
3693 3691 3690
3694 3690 3692
3693 3690 3694
3694 3692 3695
3694 3696 3693
3695 3697 3694
3694 3697 3696
3695 3698 3697
3697 3699 3696
3698 3700 3697
3697 3700 3699
3698 3701 3700
3700 3702 3699
3701 3703 3700
3700 3703 3702
3701 3704 3703
3703 3705 3702
3704 3706 3703
3703 3706 3705
3704 3707 3706
3706 3708 3705
3707 3709 3706
3706 3709 3708
3707 3710 3709
3709 3711 3708
3710 3712 3709
3709 3712 3711
3710 3713 3712
3712 3714 3711
3713 3715 3712
3712 3715 3714
3713 3716 3715
3715 3717 3714
3716 3717 3715
3718 3719 3720
3719 3721 3720
3720 3721 3722
3721 3723 3722
3722 3723 3724
3723 3725 3724
3724 3725 3726
3725 3727 3726
3726 3727 3728
3726 3729 3724
3729 3730 3724
3726 3728 3731
3726 3732 3729
3731 3732 3726
3728 3733 3731
3728 3734 3733
3733 3734 3735
3736 3731 3733
3736 3733 3737
3733 3735 3737
3736 3738 3731
3731 3738 3732
3739 3737 3735
3739 3735 3740
3741 3739 3740
3741 3742 3739
3741 3743 3742
3741 3744 3743
3744 3745 3743
3744 3746 3745
3747 3745 3746
3745 3747 3748
3738 3749 3732
3732 3749 3750
3729 3732 3750
3751 3750 3749
3752 3751 3749
3752 3749 3753
3752 3753 3754
3752 3754 3755
3756 3755 3754
3756 3754 3757
3756 3757 3758
3756 3758 3759
3758 3760 3759
3758 3761 3760
3761 3762 3760
3761 3763 3762
3764 3762 3763
3764 3763 3748
3765 3766 3767
3765 3767 3768
3769 3765 3768
3769 3768 3770
3768 3767 3771
3770 3768 3772
3768 3771 3772
3770 3772 3773
3772 3774 3773
3771 3775 3772
3772 3775 3774
3771 3776 3775
3775 3776 3777
3774 3775 3778
3775 3777 3778
3774 3778 3779
3778 3777 3780
3779 3778 3781
3778 3780 3781
3779 3781 3782
3781 3780 3783
3782 3781 3784
3781 3783 3784
3782 3784 3785
3784 3783 3786
3785 3784 3787
3784 3786 3787
3785 3787 3788
3787 3789 3788
3786 3790 3787
3787 3790 3789
3786 3791 3790
3790 3791 3792
3789 3790 3793
3790 3792 3793
3789 3793 3794
3793 3795 3794
3792 3796 3793
3793 3796 3795
3792 3797 3796
3796 3797 3798
3795 3796 3799
3796 3798 3799
3795 3799 3800
3799 3798 3801
3800 3799 3802
3799 3801 3802
3800 3802 3803
3802 3801 3804
3804 3801 3805
3806 3804 3805
3807 3804 3806
3803 3802 3808
3802 3804 3808
3803 3808 3809
3808 3810 3809
3807 3811 3804
3811 3808 3804
3808 3811 3810
3812 3811 3807
3810 3811 3813
3812 3813 3811
3810 3813 3814
3815 3813 3812
3814 3813 3816
3815 3816 3813
3814 3816 3817
3818 3816 3815
3817 3816 3818
3817 3818 3819
3818 3815 3820
3818 3821 3819
3822 3818 3820
3818 3822 3821
3822 3820 3823
3822 3824 3821
3825 3822 3823
3822 3826 3824
3825 3826 3822
3824 3826 3827
3827 3826 3825
3824 3827 3828
3827 3825 3829
3827 3830 3828
3831 3827 3829
3827 3831 3830
3831 3829 3832
3833 3830 3831
3833 3831 3832
3834 3835 3836
3836 3835 3837
3836 3837 3838
3837 3839 3838
3837 3840 3839
3839 3840 3841
3839 3841 3842
3842 3841 3843
3842 3843 3844
3844 3843 3845
3844 3845 3846
3845 3847 3846
3845 3848 3847
3847 3848 3849
3847 3849 3850
3849 3851 3850
3849 3852 3851
3853 3851 3852
3853 3854 3851
3855 3856 3857
3855 3858 3856
3859 3856 3858
3859 3858 3860
3860 3861 3859
3860 3862 3861
3863 3861 3862
3863 3864 3861
3863 3865 3864
3863 3866 3865
3865 3866 3867
3865 3867 3868
3867 3869 3868
3867 3870 3869
3870 3871 3869
3870 3872 3871
3872 3873 3871
3872 3874 3873
3874 3875 3873
3874 3876 3875
3876 3877 3875
3876 3878 3877
3878 3879 3877
3878 3880 3879
3880 3881 3879
3880 3882 3881
3882 3883 3881
3882 3884 3883
3884 3885 3883
3884 3886 3885
3886 3887 3885
3886 3888 3887
3888 3889 3887
3888 3890 3889
3890 3891 3889
3890 3892 3891
3892 3893 3891
3892 3894 3893
3894 3895 3893
3894 3896 3895
3896 3897 3895
3896 3898 3897
3898 3899 3897
3898 3900 3899
3900 3901 3899
3900 3902 3901
3902 3903 3901
3904 3905 3906
3907 3905 3904
3908 3905 3907
3908 3909 3905
3910 3909 3908
3910 3911 3909
3912 3911 3910
3912 3913 3911
3914 3913 3912
3914 3915 3913
3916 3915 3914
3916 3914 3917
3918 3917 3914
3918 3914 3919
3919 3914 3912
3919 3912 3920
3910 3920 3912
3910 3921 3920
3921 3910 3908
3921 3908 3922
3923 3922 3908
3923 3908 3907
3924 3923 3907
3924 3925 3923
3907 3904 3924
3926 3925 3924
3904 3927 3924
3926 3924 3927
3904 3928 3927
3929 3926 3927
3928 3930 3927
3929 3927 3930
3928 3931 3930
3932 3929 3930
3930 3931 3933
3932 3930 3934
3930 3933 3934
3935 3932 3934
3934 3933 3936
3935 3934 3937
3934 3936 3937
3938 3935 3937
3936 3938 3937
3938 3939 3935
3936 3940 3938
3941 3939 3938
3940 3941 3938
3940 3942 3941
3941 3943 3939
3941 3942 3944
3945 3943 3941
3941 3944 3945
3945 3946 3943
3945 3944 3947
3948 3946 3945
3945 3947 3948
3948 3949 3946
3948 3947 3950
3951 3949 3948
3948 3950 3951
3951 3952 3949
3953 3952 3951
3951 3950 3954
3951 3954 3953
3954 3955 3953
3954 3956 3955
3955 3956 3957
3955 3957 3958
3958 3957 3959
3958 3959 3960
3959 3961 3960
3959 3962 3961
3961 3962 3963
3961 3963 3964
3965 3964 3963
3966 3967 3968
3969 3966 3968
3969 3968 3970
3971 3969 3970
3971 3970 3972
3973 3971 3972
3973 3972 3974
3975 3973 3974
3975 3974 3976
3977 3975 3976
3977 3976 3978
3979 3977 3978
3979 3978 3980
3981 3979 3980
3981 3980 3982
3983 3981 3982
3983 3982 3984
3985 3983 3984
3985 3984 3986
3987 3985 3986
3987 3986 3988
3989 3987 3988
3989 3988 3990
3991 3989 3990
3991 3990 3992
3993 3991 3992
3993 3992 3994
3995 3993 3994
3995 3994 3996
3997 3995 3996
3997 3996 3998
3999 3997 3998
3999 3998 4000
4001 3999 4000
4001 4000 4002
4003 4004 4005
4006 4005 4004
4006 4007 4005
4008 4007 4006
4008 4009 4007
4010 4009 4008
4010 4008 4011
4012 4010 4011
4012 4011 4013
4014 4012 4013
4014 4015 4012
4016 4015 4014
4016 4014 4017
4018 4016 4017
4018 4017 4019
4020 4018 4019
4020 4021 4018
4022 4021 4020
4022 4020 4023
4024 4022 4023
4024 4023 4025
4026 4024 4025
4026 4027 4024
4028 4027 4026
4028 4026 4029
4030 4028 4029
4030 4029 4031
4032 4030 4031
4032 4033 4030
4034 4033 4032
4034 4032 4035
4036 4034 4035
4036 4035 4037
4038 4036 4037
4039 4040 4041
4039 4042 4040
4043 4042 4039
4044 4040 4042
4044 4042 4045
4045 4042 4043
4043 4039 4046
4045 4043 4047
4048 4043 4046
4043 4049 4047
4048 4050 4043
4043 4050 4049
4051 4050 4048
4049 4050 4052
4051 4052 4050
4053 4052 4051
4049 4052 4054
4054 4052 4053
4053 4051 4055
4054 4053 4056
4057 4053 4055
4053 4058 4056
4057 4059 4053
4053 4059 4058
4060 4059 4057
4058 4059 4061
4060 4061 4059
4062 4061 4060
4058 4061 4063
4063 4061 4062
4062 4060 4064
4063 4062 4065
4066 4062 4064
4062 4067 4065
4066 4068 4062
4062 4068 4067
4069 4068 4066
4067 4068 4070
4069 4070 4068
4067 4070 4071
4070 4069 4072
4071 4070 4073
4070 4072 4073
4071 4073 4074
4073 4075 4074
4072 4076 4073
4073 4076 4075
4072 4077 4076
4076 4078 4075
4079 4076 4077
4076 4080 4078
4079 4080 4076
4080 4081 4078
4082 4080 4079
4080 4082 4081
4082 4079 4083
4082 4084 4081
4085 4082 4083
4082 4085 4084
4085 4083 4086
4085 4087 4084
4088 4085 4086
4085 4088 4087
4088 4086 4089
4088 4090 4087
4091 4088 4089
4088 4091 4090
4091 4089 4092
4091 4093 4090
4094 4091 4092
4091 4094 4093
4094 4092 4095
4094 4096 4093
4097 4094 4095
4094 4097 4096
4097 4095 4098
4097 4099 4096
4099 4097 4098
4100 4101 4102
4101 4103 4102
4104 4102 4103
4104 4103 4105
4103 4106 4105
4101 4107 4103
4103 4107 4106
4101 4108 4107
4107 4109 4106
4108 4110 4107
4107 4110 4109
4108 4111 4110
4110 4112 4109
4111 4113 4110
4110 4113 4112
4111 4114 4113
4113 4115 4112
4114 4116 4113
4113 4116 4115
4114 4117 4116
4116 4118 4115
4117 4119 4116
4116 4119 4118
4117 4120 4119
4119 4121 4118
4120 4122 4119
4119 4122 4121
4120 4123 4122
4122 4124 4121
4123 4125 4122
4122 4125 4124
4123 4126 4125
4125 4126 4127
4124 4125 4128
4125 4127 4128
4124 4128 4129
4130 4128 4127
4131 4129 4128
4130 4132 4128
4131 4128 4132
4132 4133 4131
4134 4132 4130
4132 4135 4133
4134 4135 4132
4135 4136 4133
4137 4135 4134
4135 4137 4136
4137 4134 4138
4137 4139 4136
4140 4137 4138
4137 4141 4139
4140 4141 4137
4141 4142 4139
4143 4141 4140
4141 4144 4142
4143 4144 4141
4144 4145 4142
4146 4144 4143
4144 4147 4145
4146 4147 4144
4147 4148 4145
4149 4147 4146
4147 4150 4148
4149 4150 4147
4150 4151 4148
4151 4150 4149
4152 4153 4154
4155 4152 4154
4155 4156 4152
4157 4155 4154
4157 4154 4158
4157 4158 4159
4160 4159 4158
4161 4157 4159
4161 4155 4157
4161 4162 4155
4155 4163 4156
4162 4163 4155
4163 4164 4156
4162 4165 4163
4163 4166 4164
4165 4166 4163
4165 4167 4166
4168 4164 4166
4167 4169 4166
4168 4166 4169
4167 4170 4169
4171 4168 4169
4170 4171 4169
4171 4172 4168
4173 4172 4171
4170 4174 4171
4174 4173 4171
4173 4175 4172
4174 4176 4173
4173 4177 4175
4173 4176 4178
4173 4179 4177
4173 4178 4179
4180 4177 4179
4178 4181 4179
4180 4179 4181
4178 4182 4181
4183 4180 4181
4182 4183 4181
4183 4184 4180
4182 4185 4183
4186 4184 4183
4185 4187 4183
4186 4183 4187
4185 4188 4187
4186 4187 4189
4188 4189 4187
4188 4190 4189
4186 4189 4191
4189 4190 4192
4191 4189 4193
4189 4192 4193
4191 4193 4194
4193 4195 4194
4192 4196 4193
4193 4196 4195
4192 4197 4196
4196 4198 4195
4197 4199 4196
4196 4199 4198
4197 4200 4199
4199 4201 4198
4200 4202 4199
4199 4202 4201
4200 4203 4202
4204 4201 4202
4203 4204 4202
4204 4205 4201
4203 4206 4204
4204 4207 4205
4208 4204 4206
4204 4208 4207
4208 4206 4209
4208 4210 4207
4211 4208 4209
4208 4212 4210
4211 4212 4208
4212 4213 4210
4214 4212 4211
4212 4215 4213
4214 4215 4212
4215 4216 4213
4214 4217 4215
4215 4217 4216
4214 4218 4217
4217 4219 4216
4218 4220 4217
4217 4220 4219
4218 4221 4220
4220 4221 4222
4219 4220 4223
4220 4222 4223
4219 4223 4224
4223 4222 4225
4224 4223 4226
4223 4225 4226
4224 4226 4227
4226 4225 4228
4227 4226 4229
4226 4228 4229
4227 4229 4230
4231 4229 4228
4231 4230 4229
4232 4233 4234
4233 4235 4234
4233 4236 4235
4236 4237 4235
4236 4238 4237
4237 4238 4239
4237 4239 4240
4240 4239 4241
4242 4237 4240
4242 4243 4237
4242 4240 4244
4240 4241 4244
4242 4244 4245
4241 4246 4244
4246 4245 4244
4241 4247 4246
4246 4248 4245
4246 4247 4249
4248 4246 4250
4246 4249 4250
4248 4250 4251
4250 4252 4251
4249 4253 4250
4250 4253 4252
4249 4254 4253
4252 4253 4255
4253 4254 4255
4256 4257 4258
4256 4258 4259
4260 4256 4259
4260 4259 4261
4262 4260 4261
4262 4261 4263
4264 4262 4263
4264 4263 4265
4266 4264 4265
4267 4263 4261
4267 4261 4268
4259 4268 4261
4259 4269 4268
4259 4270 4269
4259 4258 4270
4263 4267 4271
4263 4271 4265
4272 4270 4258
4272 4258 4273
4274 4272 4273
4274 4275 4272
4274 4276 4275
4274 4277 4276
4278 4276 4277
4278 4279 4276
4280 4279 4278
4280 4281 4279
4282 4281 4280
4282 4283 4281
4284 4283 4282
4271 4285 4265
4271 4286 4285
4266 4265 4285
4287 4285 4286
4288 4266 4285
4287 4288 4285
4288 4289 4266
4290 4289 4288
4291 4288 4287
4290 4288 4291
4291 4287 4292
4293 4290 4291
4294 4291 4292
4293 4291 4294
4294 4292 4295
4296 4293 4294
4294 4295 4297
4296 4294 4298
4294 4297 4298
4299 4296 4298
4300 4298 4297
4299 4298 4301
4300 4301 4298
4301 4302 4299
4303 4301 4300
4301 4303 4302
4303 4300 4304
4305 4302 4303
4306 4303 4304
4305 4303 4307
4306 4307 4303
4307 4308 4305
4309 4307 4306
4307 4309 4308
4309 4306 4310
4311 4309 4310
4312 4308 4309
4311 4312 4309
4312 4313 4308
4314 4312 4311
4315 4313 4312
4314 4315 4312
4315 4316 4313
4317 4315 4314
4318 4316 4315
4317 4318 4315
4317 4319 4318
4318 4320 4316
4319 4320 4318
4317 4321 4319
4319 4322 4320
4319 4323 4322
4319 4321 4324
4319 4325 4323
4319 4324 4325
4326 4323 4325
4325 4324 4327
4324 4328 4327
4327 4328 4329
4326 4325 4330
4325 4327 4330
4331 4326 4330
4327 4329 4332
4330 4327 4332
4332 4329 4333
4331 4330 4334
4330 4332 4334
4335 4331 4334
4332 4333 4336
4334 4332 4336
4335 4334 4337
4334 4336 4337
4338 4335 4337
4333 4339 4336
4333 4340 4339
4340 4341 4339
4340 4342 4341
4342 4343 4341
4342 4344 4343
4344 4345 4343
4338 4337 4346
4347 4338 4346
4348 4337 4336
4348 4346 4337
4349 4348 4336
4346 4348 4350
4347 4346 4351
4346 4350 4351
4352 4347 4351
4350 4353 4351
4352 4351 4353
4350 4354 4353
4355 4352 4353
4353 4354 4356
4355 4353 4357
4353 4356 4357
4358 4355 4357
4357 4356 4359
4358 4357 4360
4357 4359 4360
4361 4358 4360
4359 4362 4360
4361 4360 4362
4359 4363 4362
4364 4361 4362
4362 4363 4364
4365 4366 4367
4365 4368 4366
4369 4368 4365
4368 4370 4366
4370 4371 4366
4370 4368 4372
4369 4373 4368
4368 4374 4372
4373 4369 4375
4374 4376 4372
4373 4375 4377
4374 4378 4376
4379 4376 4378
4377 4375 4380
4379 4378 4381
4381 4378 4377
4381 4377 4380
4382 4379 4381
4380 4383 4381
4382 4381 4383
4380 4384 4383
4385 4383 4384
4386 4382 4383
4385 4386 4383
4386 4387 4382
4388 4387 4386
4386 4385 4389
4388 4386 4390
4386 4389 4390
4391 4388 4390
4389 4392 4390
4391 4390 4392
4389 4393 4392
4394 4391 4392
4393 4395 4392
4394 4392 4395
4393 4396 4395
4395 4397 4394
4396 4398 4395
4395 4398 4397
4396 4399 4398
4400 4397 4398
4398 4399 4401
4400 4398 4402
4398 4401 4402
4403 4400 4402
4403 4404 4400
4405 4404 4403
4402 4401 4406
4402 4406 4403
4405 4403 4407
4407 4408 4405
4409 4403 4406
4409 4407 4403
4410 4409 4406
4406 4411 4410
4412 4407 4409
4406 4413 4411
4413 4406 4401
4414 4411 4413
4401 4415 4413
4414 4413 4415
4401 4416 4415
4417 4414 4415
4418 4415 4416
4417 4415 4418
4418 4416 4419
4420 4417 4418
4421 4418 4419
4420 4418 4421
4421 4419 4422
4423 4420 4421
4424 4421 4422
4423 4421 4424
4424 4422 4425
4426 4424 4425
4427 4423 4424
4426 4427 4424
4427 4428 4423
4429 4428 4427
4430 4427 4426
4429 4427 4430
4430 4426 4431
4432 4429 4430
4433 4430 4431
4432 4430 4433
4433 4431 4434
4435 4432 4433
4436 4433 4434
4435 4433 4436
4436 4434 4437
4438 4435 4436
4436 4437 4439
4438 4436 4440
4436 4439 4440
4441 4438 4440
4439 4442 4440
4441 4440 4442
4439 4443 4442
4444 4441 4442
4442 4443 4445
4444 4442 4445
4446 4444 4445
4447 4448 4449
4450 4447 4449
4451 4447 4450
4451 4450 4452
4453 4451 4452
4453 4454 4451
4455 4454 4453
4455 4456 4454
4457 4456 4455
4453 4452 4458
4453 4458 4459
4455 4453 4459
4452 4460 4458
4452 4450 4460
4455 4459 4461
4450 4462 4460
4463 4455 4461
4457 4455 4463
4463 4461 4464
4450 4465 4462
4465 4466 4462
4450 4449 4465
4467 4457 4463
4467 4463 4464
4467 4468 4457
4467 4464 4469
4470 4468 4467
4470 4467 4469
4465 4471 4466
4471 4472 4466
4473 4465 4449
4473 4471 4465
4471 4474 4472
4471 4475 4474
4471 4473 4475
4472 4474 4476
4476 4474 4475
4472 4476 4477
4477 4476 4478
4477 4478 4479
4479 4478 4480
4479 4480 4481
4482 4481 4480
4482 4483 4481
4412 4483 4482
4484 4478 4476
4480 4478 4484
4484 4476 4485
4485 4476 4475
4480 4484 4486
4486 4482 4480
4485 4475 4487
4486 4488 4482
4473 4487 4475
4473 4489 4487
4490 4489 4473
4490 4473 4449
4449 4491 4490
4449 4492 4491
4492 4493 4491
4492 4494 4493
4494 4495 4493
4494 4496 4495
4496 4497 4495
4482 4488 4408
4482 4408 4498
4412 4482 4498
4407 4498 4408
4412 4498 4407
4499 4500 4501
4499 4501 4502
4502 4501 4503
4502 4503 4504
4504 4503 4505
4504 4505 4506
4507 4506 4505
4508 4509 4510
4508 4511 4509
4512 4511 4508
4512 4513 4511
4514 4513 4512
4514 4512 4515
4516 4514 4515
4516 4517 4514
4518 4517 4516
4518 4519 4517
4520 4519 4518
4520 4521 4519
4522 4521 4520
4522 4523 4521
4524 4523 4522
4524 4525 4523
4526 4525 4524
4526 4527 4525
4528 4529 4530
4528 4531 4529
4528 4532 4531
4532 4533 4531
4528 4534 4532
4535 4534 4528
4536 4534 4535
4532 4534 4536
4532 4537 4533
4538 4533 4537
4538 4537 4539
4540 4538 4539
4541 4537 4532
4539 4537 4541
4540 4539 4542
4543 4540 4542
4536 4535 4544
4544 4535 4545
4532 4536 4546
4541 4532 4546
4539 4541 4547
4542 4539 4547
4544 4545 4548
4548 4545 4549
4550 4536 4544
4546 4536 4550
4550 4544 4551
4551 4544 4548
4546 4550 4552
4553 4546 4552
4553 4541 4546
4541 4553 4554
4541 4554 4547
4551 4548 4555
4547 4554 4556
4557 4547 4556
4557 4556 4558
4559 4557 4558
4560 4559 4558
4560 4561 4559
4562 4561 4560
4562 4560 4563
4562 4563 4564
4562 4564 4565
4565 4564 4566
4565 4566 4567
4567 4566 4568
4567 4568 4569
4570 4569 4568
4570 4568 4571
4570 4571 4572
4570 4572 4573
4573 4572 4574
4573 4574 4575
4574 4576 4575
4574 4577 4576
4576 4577 4578
4576 4578 4579
4580 4579 4578
4581 4580 4582
4583 4580 4581
4581 4582 4584
4583 4581 4585
4581 4584 4585
4583 4585 4586
4587 4586 4585
4588 4585 4584
4587 4585 4588
4588 4584 4589
4590 4587 4588
4591 4588 4589
4590 4588 4591
4591 4589 4592
4591 4592 4593
4590 4591 4594
4591 4593 4594
4590 4594 4595
4594 4596 4595
4593 4597 4594
4594 4597 4596
4593 4598 4597
4597 4599 4596
4598 4600 4597
4597 4600 4599
4598 4601 4600
4602 4599 4600
4603 4600 4601
4602 4600 4603
4603 4601 4604
4603 4604 4605
4602 4603 4606
4603 4605 4606
4602 4606 4607
4608 4606 4605
4607 4606 4608
4608 4605 4609
4607 4608 4610
4608 4609 4543
4610 4608 4611
4608 4543 4611
4610 4611 4612
4543 4542 4611
4611 4613 4612
4611 4542 4613
4542 4547 4613
4614 4615 4616
4617 4614 4616
4617 4616 4618
4617 4618 4619
4617 4619 4620
4620 4619 4621
4620 4621 4622
4623 4622 4621
4623 4624 4622
4625 4624 4623
4625 4626 4624
4624 4626 4627
4628 4627 4626
4626 4625 4629
4628 4626 4630
4626 4629 4630
4630 4549 4628
4629 4631 4630
4630 4631 4549
4629 4632 4631
4548 4549 4631
4555 4631 4632
4555 4548 4631
4633 4634 4635
4634 4636 4635
4634 4637 4636
4637 4638 4636
4637 4639 4638
4639 4640 4638
4639 4641 4640
4642 4640 4641
4642 4643 4640
4644 4643 4642
4644 4645 4643
4644 4646 4645
4644 4647 4646
4647 4648 4646
4647 4649 4648
4648 4649 4650
4648 4650 4651
4651 4650 4652
4651 4652 4653
4652 4654 4653
4654 4655 4653
4655 4656 4653
4657 4658 4659
4658 4660 4659
4660 4661 4659
4662 4663 4664
4662 4664 4665
4662 4665 4666
4667 4662 4666
4667 4668 4662
4669 4668 4667
4669 4670 4668
4671 4670 4669
4671 4672 4670
4673 4672 4671
4673 4671 4674
4674 4675 4673
4674 4676 4675
4676 4677 4675
4676 4678 4677
4679 4677 4678
4679 4678 4680
4681 4679 4680
4681 4680 4682
4683 4681 4682
4683 4684 4681
4685 4684 4683
4686 4687 4688
4686 4688 4689
4688 4690 4689
4688 4691 4690
4691 4688 4692
4691 4692 4693
4691 4693 4694
4690 4691 4695
4691 4694 4695
4690 4695 4696
4697 4696 4695
4698 4695 4694
4697 4695 4698
4698 4694 4699
4698 4699 4700
4697 4698 4701
4698 4700 4701
4697 4701 4702
4701 4703 4702
4700 4704 4701
4701 4704 4703
4700 4705 4704
4703 4704 4706
4706 4704 4705
4706 4705 4707
4703 4706 4708
4706 4707 4709
4708 4706 4710
4706 4709 4710
4708 4710 4711
4712 4711 4710
4713 4710 4709
4712 4710 4713
4713 4709 4714
4715 4712 4713
4716 4713 4714
4715 4713 4716
4716 4714 4717
4718 4715 4716
4719 4716 4717
4718 4716 4719
4719 4717 4720
4718 4719 4721
4719 4720 4721
4722 4723 4724
4722 4725 4723
4722 4726 4725
4726 4727 4725
4727 4728 4725
4728 4729 4725
4728 4730 4729
4728 4731 4730
4727 4732 4728
4728 4732 4731
4727 4733 4732
4734 4732 4733
4735 4731 4732
4734 4735 4732
4735 4736 4731
4735 4737 4736
4734 4738 4735
4735 4738 4737
4734 4739 4738
4738 4740 4737
4739 4741 4738
4738 4741 4740
4739 4742 4741
4743 4740 4741
4742 4743 4741
4743 4744 4740
4742 4745 4743
4743 4746 4744
4745 4747 4743
4743 4747 4746
4745 4748 4747
4749 4746 4747
4750 4747 4748
4749 4747 4750
4750 4748 4751
4752 4750 4751
4753 4749 4750
4752 4753 4750
4753 4754 4749
4755 4754 4753
4756 4753 4752
4755 4753 4756
4756 4752 4757
4756 4758 4755
4757 4758 4756
4759 4760 4761
4762 4759 4761
4762 4763 4759
4764 4759 4763
4764 4763 4765
4766 4765 4763
4766 4763 4762
4766 4762 4767
4761 4768 4762
4767 4762 4768
4761 4769 4768
4767 4768 4770
4771 4768 4769
4772 4770 4768
4771 4772 4768
4772 4773 4770
4772 4771 4774
4775 4773 4772
4772 4774 4776
4775 4772 4776
4776 4774 4777
4775 4776 4778
4776 4777 4778
4779 4778 4777
4775 4778 4780
4780 4778 4779
4780 4779 4781
4779 4777 4782
4783 4781 4779
4779 4782 4784
4782 4785 4784
4784 4785 4786
4783 4779 4787
4779 4784 4787
4784 4786 4788
4787 4784 4788
4789 4783 4787
4787 4788 4789
4789 4790 4783
4791 4790 4789
4788 4786 4792
4792 4786 4793
4792 4793 4794
4792 4794 4795
4796 4792 4795
4788 4792 4797
4789 4788 4797
4797 4792 4796
4789 4797 4798
4791 4789 4798
4798 4797 4796
4791 4798 4799
4798 4796 4799
4791 4799 4800
4801 4799 4796
4802 4800 4799
4801 4802 4799
4802 4803 4800
4804 4802 4801
4805 4803 4802
4804 4805 4802
4805 4806 4803
4807 4805 4804
4808 4806 4805
4807 4808 4805
4808 4809 4806
4810 4809 4808
4811 4808 4807
4810 4808 4811
4811 4807 4812
4811 4812 4813
4810 4811 4814
4811 4813 4814
4810 4814 4815
4816 4815 4814
4817 4814 4813
4816 4814 4817
4816 4817 4818
4817 4813 4819
4819 4818 4817
4816 4818 4820
4819 4821 4818
4822 4820 4818
4823 4818 4821
4822 4818 4824
4823 4824 4818
4824 4823 4825
4826 4822 4824
4824 4825 4827
4826 4824 4827
4827 4825 4828
4826 4827 4829
4827 4828 4829
4826 4829 4830
4829 4828 4831
4830 4829 4832
4829 4831 4832
4830 4832 4833
4832 4831 4834
4833 4832 4835
4832 4834 4835
4833 4835 4836
4835 4834 4837
4836 4835 4838
4835 4837 4838
4836 4838 4839
4838 4837 4840
4839 4838 4841
4838 4840 4841
4839 4841 4842
4841 4840 4843
4842 4841 4843
4844 4845 4846
4847 4844 4846
4847 4848 4844
4849 4844 4848
4850 4848 4847
4849 4848 4850
4851 4849 4850
4850 4847 4852
4853 4851 4850
4854 4850 4852
4853 4850 4854
4854 4852 4855
4856 4853 4854
4857 4854 4855
4856 4854 4857
4857 4855 4858
4859 4856 4857
4860 4857 4858
4859 4857 4860
4860 4858 4861
4862 4859 4860
4863 4860 4861
4862 4860 4863
4863 4861 4864
4865 4862 4863
4866 4863 4864
4865 4863 4866
4866 4864 4867
4868 4865 4866
4869 4866 4867
4868 4866 4869
4869 4867 4870
4871 4868 4869
4872 4869 4870
4871 4869 4872
4872 4870 4873
4874 4871 4872
4875 4872 4873
4874 4872 4875
4876 4874 4875
4875 4873 4877
4876 4875 4878
4878 4875 4877
4878 4877 4879
4880 4878 4879
4880 4879 4881
4882 4880 4881
617 4883 4884
617 4884 614
614 4884 4885
614 4885 1286
1286 4885 4886
1286 4886 4887
1282 1286 4887
4887 4886 4888
1282 4887 4889
4887 4888 4890
4889 4887 4890
4890 4888 4891
4889 4890 4892
4890 4891 4893
4892 4890 4893
4893 4891 4894
4892 4893 4895
4893 4894 4896
4895 4893 4896
4896 4894 4897
4895 4896 4898
4896 4897 4899
4898 4896 4899
4898 4899 4900
4899 4897 4901
4900 4899 4902
4899 4901 4902
4900 4902 4903
4902 4904 4903
4901 4905 4902
4902 4905 4904
4901 4906 4905
4905 4906 4907
4904 4905 4908
4905 4907 4908
4904 4908 4909
4908 4910 4909
4907 4911 4908
4908 4911 4910
4907 4912 4911
4911 4912 4913
4910 4911 4914
4911 4913 4914
4910 4914 4915
4916 4914 4913
4916 4915 4914
4917 4918 4919
4917 4919 4920
4921 4917 4920
4922 4920 4919
4922 4923 4920
4923 4921 4920
4921 4924 4917
4923 4925 4921
4926 4924 4921
4921 4925 4927
4926 4921 4928
4921 4927 4928
4929 4926 4928
4927 4929 4928
4929 4930 4926
4927 4931 4929
4932 4930 4929
4929 4931 4933
4932 4929 4934
4929 4933 4934
4935 4932 4934
4934 4933 4936
4935 4934 4937
4934 4936 4937
4937 4936 4938
4939 4935 4937
4937 4938 4940
4939 4937 4940
4941 4940 4938
4942 4939 4940
4941 4942 4940
4942 4943 4939
4941 4944 4942
4944 4943 4942
4941 4945 4944
4944 4946 4943
4947 4944 4945
4948 4946 4944
4947 4948 4944
4948 4949 4946
4950 4948 4947
4951 4949 4948
4950 4951 4948
4951 4952 4949
4953 4951 4950
4954 4952 4951
4953 4954 4951
4954 4955 4952
4954 4953 4956
4955 4954 4956
4957 4958 4959
4958 4960 4959
4958 4961 4960
4962 436 432
4962 432 4963
4964 4962 4963
433 4963 432
4964 4963 4965
433 4965 4963
4965 4966 4964
433 438 4965
4965 4967 4966
438 4967 4965
4968 4966 4967
438 4969 4967
439 4969 438
439 4970 4969
4968 4967 4971
4971 4967 4969
4972 4968 4971
4970 4973 4969
4971 4969 4973
4972 4971 4973
4970 4974 4973
4972 4973 4974
4975 1361 1397
4976 4975 1397
4976 4977 4975
4978 4976 1397
4978 1397 1399
4979 4977 4976
4979 4980 4977
4981 4976 4978
4981 4979 4976
4982 4980 4979
4982 4983 4980
4984 4979 4981
4984 4982 4979
4985 4982 4984
4986 4983 4982
4985 4986 4982
4986 4987 4983
4988 4986 4985
4989 4987 4986
4988 4989 4986
4989 4990 4987
4991 4989 4988
4992 4990 4989
4991 4992 4989
4992 4993 4990
4994 4993 4992
4995 4992 4991
4994 4992 4995
4995 4991 4996
4997 4995 4996
4998 4994 4995
4997 4998 4995
4998 4999 4994
5000 4999 4998
5001 4998 4997
5000 4998 5002
5001 4997 5003
5004 5000 5002
5005 5001 5003
5004 5002 5006
5005 5003 5007
5008 5004 5006
5008 5006 5009
5010 5005 5007
5010 5007 5011
5012 5010 5011
5013 5008 5009
5012 5013 5010
5013 5014 5008
5015 5013 5012
5015 5014 5013
3729 3750 5016
5017 3729 5016
5017 5016 5018
3729 5017 3730
5019 5017 5018
5020 3730 5017
5019 5020 5017
5020 5021 3730
5020 5022 5021
5019 5023 5020
5020 5023 5022
5019 5024 5023
5025 5022 5023
5026 5023 5024
5025 5023 5026
5026 5024 5027
5028 5026 5027
5029 5025 5026
5028 5029 5026
5029 5030 5025
5029 5031 5030
5028 5032 5029
5029 5032 5031
5028 5033 5032
5032 5034 5031
5033 5035 5032
5032 5035 5034
5033 5036 5035
5037 5034 5035
5038 5035 5036
5037 5035 5038
5038 5036 5039
5040 5037 5038
5041 5038 5039
5040 5038 5041
5041 5039 5042
5043 5041 5042
5044 5040 5041
5043 5044 5041
5044 5045 5040
5044 5046 5045
5043 5047 5044
5044 5047 5046
5043 5048 5047
5047 5049 5046
5048 5050 5047
5047 5050 5049
5048 5051 5050
5050 5052 5049
5051 5052 5050
5053 5054 5055
5054 5056 5055
5054 5053 5057
5058 5056 5054
5054 5057 5059
5058 5054 5059
5057 5060 5059
5060 5058 5059
5057 5061 5060
5061 5062 5060
5060 5063 5058
5062 5063 5060
5061 5064 5062
5062 5065 5063
5062 5064 5066
5067 5065 5062
5062 5066 5068
5067 5062 5068
5068 5066 5069
5070 5067 5068
5068 5069 5071
5070 5068 5071
5069 5072 5071
5072 5070 5071
5069 5073 5072
5072 5074 5070
5072 5073 5075
5076 5074 5072
5072 5075 5077
5076 5072 5077
5077 5075 5078
5076 5077 5079
5077 5078 5079
5076 5079 5080
5079 5078 5081
5080 5079 5082
5079 5081 5082
5080 5082 5083
5084 5082 5081
5082 5085 5083
5084 5086 5082
5082 5086 5085
5087 5086 5084
5085 5086 5088
5087 5088 5086
5085 5088 5089
5090 5088 5087
5091 5089 5088
5090 5091 5088
5092 5093 5094
5093 5095 5094
5092 5094 5096
5095 5096 5094
5093 5097 5095
5095 5098 5096
5095 5097 5099
5100 5098 5095
5095 5099 5101
5100 5095 5101
5101 5099 5102
5103 5100 5101
5101 5102 5104
5103 5101 5104
5104 5102 447
449 5103 5104
5104 447 5105
449 5104 5105
447 443 5105
443 449 5105
752 743 5106
5107 5106 743
770 752 5106
770 5106 5107
5107 743 5108
743 744 5108
744 5109 5108
5109 5107 5108
744 5110 5109
5110 5111 5109
5110 5112 5111
5112 5113 5111
5113 5114 5111
5111 5115 5109
5109 5115 5107
5114 5116 5111
5111 5116 5115
5117 5116 5114
770 5107 5118
770 5118 771
5118 775 771
5119 5118 5107
5119 5107 5115
5118 5119 775
5120 5115 5116
5117 5120 5116
5120 5119 5115
5119 5121 775
5119 5120 5121
5117 5121 5120
775 5121 776
5117 5122 5121
5121 5123 776
5121 5122 5123
5124 5125 4981
5124 4981 4978
5124 5126 5125
5126 5124 5127
5126 5128 5125
5124 4978 5129
5127 5124 5129
5129 4978 1399
5126 5130 5128
5131 5128 5130
5126 5127 5132
5130 5126 5132
5131 5130 5133
5134 5131 5133
5130 5132 5135
5133 5130 5135
5134 5133 5136
5137 5134 5136
5129 1399 5138
5139 5138 1399
5127 5140 5132
5140 5135 5132
5127 5141 5140
5140 5142 5135
5127 5143 5141
5133 5135 5144
5144 5135 5142
5144 5136 5133
5144 5142 5145
5144 5145 5146
5127 5147 5143
5127 5129 5147
5147 5148 5143
5146 5149 5144
5144 5149 5136
5146 5150 5149
5129 5151 5147
5147 5151 5148
5151 5152 5148
5129 5138 5151
5151 5153 5152
5138 5153 5151
5153 5154 5152
5149 5155 5136
5137 5136 5155
5155 5156 5137
5150 5157 5149
5149 5157 5155
5150 5158 5157
5159 5157 5158
5159 5160 5157
5155 5157 5160
5161 5160 5159
5138 5162 5153
5139 5162 5138
1398 5162 5139
5162 5163 5153
5162 1398 5163
5153 5163 5154
1398 1408 5163
5163 1410 5154
5163 1408 1410
5155 5160 5164
5155 5164 5156
5160 5161 5165
5160 5165 5164
5165 5156 5164
5165 5161 5166
5165 5167 5156
5165 5166 5168
5168 5167 5165
5168 5166 5169
5168 5170 5167
5168 5169 5171
5170 5168 5171
5171 5169 5172
5170 5171 5173
5171 5172 5174
5173 5171 5174
5173 5174 5175
5174 5172 5176
5174 5177 5175
5174 5176 5178
5174 5178 5177
5179 5178 5176
5177 5178 5179
5180 1410 5181
5180 5181 5182
5183 5180 5182
5182 5181 5184
5183 5182 5185
5182 5184 5186
5185 5182 5186
5187 5186 5184
5185 5186 5188
5187 5189 5186
5189 5188 5186
5189 5190 5188
5191 5189 5187
5192 5190 5189
5191 5192 5189
5192 5193 5190
5191 5194 5192
5194 5193 5192
5191 5195 5194
5194 5196 5193
5197 5194 5195
5198 5196 5194
5197 5198 5194
5198 5199 5196
5200 5199 5198
5198 5197 5201
5200 5198 5202
5198 5201 5202
5203 5200 5202
5201 5204 5202
5203 5202 5204
5201 5205 5204
5204 5205 5206
5203 5204 5207
5204 5206 5207
5203 5207 5208
5207 5206 5209
5208 5207 5210
5207 5209 5210
5208 5210 5211
5210 5209 5212
5211 5210 5213
5210 5212 5213
5211 5213 5214
5215 5213 5212
5216 5214 5213
5215 5216 5213
5216 5217 5214
5216 5218 5217
5219 5216 5215
5216 5219 5218
5219 5215 5220
5219 5221 5218
5221 5219 5220
5222 5223 5224
5222 5224 1065
1066 5222 1065
5225 5223 5222
5226 5222 1066
5225 5222 5226
5226 1066 5227
5228 5226 5227
5229 5225 5226
5228 5229 5226
5229 5230 5225
5231 5230 5229
5232 5229 5228
5231 5229 5232
5232 5228 5233
5234 5232 5233
5235 5231 5232
5234 5235 5232
5235 5236 5231
5235 5234 5237
5236 5235 5238
5235 5237 5238
5236 5238 5239
5238 5240 5239
5237 5241 5238
5238 5241 5240
5237 5242 5241
5243 5240 5241
5244 5241 5242
5243 5241 5244
5244 5242 5245
5246 5243 5244
5247 5244 5245
5246 5244 5247
5247 5245 5248
5249 5246 5247
5250 5247 5248
5249 5247 5250
5250 5248 5251
5252 5250 5251
5253 5249 5250
5252 5253 5250
5253 5254 5249
5252 5255 5253
5255 5254 5253
5252 5256 5255
5255 5257 5254
5256 5258 5255
5258 5257 5255
5259 5260 5261
5260 5262 5261
5263 5261 5262
5264 5263 5262
5264 5262 5265
5265 1061 5264
5265 5266 1061
1060 1061 5266
1062 1060 5266
5263 5267 5261
5268 1062 5266
5267 5269 5261
5259 5261 5269
5267 5270 5269
5268 5271 1062
5271 1064 1062
5272 5271 5268
5271 5273 1064
5272 5274 5271
5274 5273 5271
5275 5274 5272
5274 5276 5273
5275 5277 5274
5277 5276 5274
5277 5275 5259
5277 5278 5276
5278 5277 5279
5277 5259 5279
5278 5279 5280
5281 5280 5279
5281 5279 5282
5282 5279 5259
5283 5281 5282
5282 5259 5284
5283 5282 5285
5285 5282 5284
5286 5283 5285
5285 5284 5287
5286 5285 5288
5287 5288 5285
5288 5289 5286
5287 5290 5288
5288 5291 5289
5290 5291 5288
5291 5292 5289
5290 5293 5291
5291 5294 5292
5293 5294 5291
5294 5295 5292
5293 5296 5294
5294 5297 5295
5297 5294 5296
5297 5298 5295
5297 5296 5299
5297 5300 5298
5300 5297 5299
5300 5299 5301
5300 5302 5298
5303 5300 5301
5300 5304 5302
5303 5304 5300
5305 5302 5304
5306 5304 5303
5305 5304 5306
5306 5303 5307
5308 5305 5306
5309 5306 5307
5308 5306 5309
5309 5307 5310
5311 5308 5309
5311 5309 5310
5312 5259 5269
5312 5269 5313
5270 5313 5269
5270 5314 5313
5315 5312 5313
5313 5314 5316
5315 5313 5317
5313 5316 5317
5318 5315 5317
5316 5318 5317
5318 5319 5315
5316 5320 5318
5321 5319 5318
5320 5322 5318
5321 5318 5322
5320 5323 5322
5324 5321 5322
5323 5324 5322
5324 5325 5321
5323 5326 5324
5327 5325 5324
5326 5327 5324
5327 5328 5325
5326 5329 5327
5330 5328 5327
5331 5327 5329
5330 5327 5331
5331 5329 5332
5333 5330 5331
5334 5331 5332
5333 5331 5334
5334 5332 5335
5336 5333 5334
5336 5334 5335
5337 5338 5339
5339 5338 5340
5337 5339 5341
5342 5337 5341
5339 5340 5343
5343 5340 5344
5342 5341 5345
5339 5346 5341
5346 5345 5341
5339 5347 5346
5348 5347 5339
5348 5339 5343
5346 5349 5345
5350 5348 5343
5345 5349 5351
5342 5345 5352
5345 5351 5352
5342 5352 5353
5354 5352 5351
5350 5343 5355
5343 5344 5355
5356 5350 5355
5357 5353 5352
5354 5357 5352
5357 5358 5353
5357 5354 5359
5344 5360 5355
5356 5355 5360
5344 5361 5360
5358 5357 5362
5357 5359 5362
5358 5362 5363
5362 5359 5364
5365 5356 5360
5361 5365 5360
5365 5366 5356
5361 5367 5365
5363 5362 5368
5362 5364 5368
5363 5368 5369
5368 5364 5370
5371 5366 5365
5367 5371 5365
5371 5372 5366
5367 5373 5371
5374 5372 5371
5369 5368 5375
5368 5370 5375
5369 5375 5376
5375 5377 5376
5373 5378 5371
5374 5371 5378
5373 5379 5378
5380 5374 5378
5380 5378 5379
5370 5381 5375
5375 5381 5377
5370 5382 5381
1057 5377 5381
5381 5382 1059
1057 5381 5383
5381 1059 5383
1056 1057 5383
1059 1056 5383
5384 5385 5386
5387 5384 5386
5387 5388 5384
5389 5385 5384
5388 5389 5384
5389 5390 5385
5388 5391 5389
5392 5390 5389
5391 5392 5389
5392 5393 5390
5391 5394 5392
5395 5393 5392
5394 5395 5392
5395 5396 5393
5394 5397 5395
5398 5396 5395
5397 5398 5395
5398 5399 5396
5397 5400 5398
5401 5399 5398
5400 5401 5398
5401 5402 5399
5400 5403 5401
5404 5402 5401
5403 5404 5401
5404 5405 5402
5403 5406 5404
5407 5405 5404
5406 5407 5404
5408 5409 5410
5411 5410 5409
5408 5412 5409
5412 5408 5413
5411 5409 5414
5411 5414 5415
5411 5415 5416
5416 5415 5417
5416 5417 5418
5419 5418 5417
5419 5420 5418
5421 5420 5419
5421 5419 5422
5421 5422 5423
5422 5424 5423
5419 5424 5422
5419 5425 5424
5425 5419 5417
5425 5417 5426
5415 5426 5417
5415 5427 5426
5414 5427 5415
5414 5428 5427
5409 5428 5414
5409 5429 5428
5429 5409 5412
5429 5412 5430
5430 5412 5431
5430 5431 5432
5412 5413 5431
5433 5432 5431
5413 5433 5431
5433 5434 5432
5413 5435 5433
5436 5434 5433
5435 5436 5433
5436 5437 5434
5435 5438 5436
5439 5437 5436
5438 5439 5436
5439 5440 5437
5438 5441 5439
5442 5440 5439
5441 5442 5439
5442 5443 5440
5441 5444 5442
5445 5443 5442
5444 5445 5442
5444 5446 5445
5445 5447 5443
5445 5446 5448
5447 5445 5449
5445 5448 5449
5447 5449 5450
5449 5451 5450
5448 5452 5449
5449 5452 5451
5448 5453 5452
5452 5453 5454
5451 5452 5455
5452 5454 5455
5451 5455 5456
5455 5454 5457
5456 5455 5458
5455 5457 5458
5456 5458 5459
5457 5460 5458
5458 5461 5459
5460 5462 5458
5458 5462 5461
5463 5464 5465
5466 5465 5464
5463 5465 5467
5463 5467 5468
5463 5468 5469
5468 5470 5469
5468 5471 5470
5471 5472 5470
5473 5468 5467
5471 5468 5473
5473 5467 5474
5467 5475 5474
5467 5465 5475
5471 5473 5476
5471 5477 5472
5477 5471 5476
5477 5476 5478
5479 5472 5477
5480 5477 5478
5475 5465 5481
5475 5481 5482
5479 5477 5483
5480 5483 5477
5479 5483 5484
5480 5484 5483
5479 5484 5485
5480 5486 5484
5484 5487 5485
5486 5488 5484
5484 5488 5487
5486 5489 5488
5488 5490 5487
5489 5491 5488
5488 5491 5490
5489 5492 5491
5493 5490 5491
5494 5491 5492
5493 5491 5494
5494 5492 5495
5494 5495 5496
5493 5494 5497
5494 5496 5497
5493 5497 5498
5497 5499 5498
5496 5500 5497
5497 5500 5499
5496 5501 5500
5500 5502 5499
5501 5503 5500
5500 5503 5502
5501 5504 5503
5505 5502 5503
5504 5506 5503
5505 5503 5506
5504 5507 5506
5508 5505 5506
5509 5506 5507
5508 5506 5509
5509 5507 5510
5511 5508 5509
5512 5509 5510
5511 5509 5513
5512 5513 5509
5514 5511 5513
5513 5512 5515
5514 5513 5515
5466 5516 5465
5465 5516 5481
5466 5517 5516
5466 5518 5517
5516 5519 5481
5516 5517 5519
5518 5520 5517
5518 5521 5520
5522 5481 5519
5522 5482 5481
5482 5522 5523
5522 5524 5523
5517 5525 5519
5525 5522 5519
5517 5520 5525
5526 5525 5520
5521 5527 5520
5526 5520 5527
5521 5528 5527
5529 5527 5528
5525 5530 5522
5522 5530 5524
5530 5525 5526
5529 5531 5527
5531 5526 5527
5529 5532 5531
5524 5530 5533
5530 5526 5533
5534 5533 5526
5524 5533 5535
5534 5535 5533
5534 5536 5535
5534 5537 5536
5531 5538 5526
5534 5526 5538
5539 5538 5531
5532 5539 5531
5540 5539 5532
5540 5532 5541
5542 5540 5541
5543 5534 5538
5534 5544 5537
5543 5544 5534
5545 5537 5544
5546 5537 5545
5547 5546 5545
5547 5548 5546
5549 5548 5547
5550 5544 5543
5545 5544 5550
5550 5543 5551
5542 5550 5551
5552 5545 5550
5542 5552 5550
5552 5547 5545
5542 5553 5552
5553 5547 5552
5542 5554 5553
5554 5555 5553
5554 5556 5555
5556 5557 5555
5556 5558 5557
5558 5559 5557
5558 5560 5559
5560 5561 5559
5560 5562 5561
5563 5557 5559
5561 5563 5559
5563 5564 5557
5564 5555 5557
5564 5565 5555
5553 5555 5565
5561 5566 5563
5562 5567 5561
5567 5566 5561
5562 5568 5567
5567 5569 5566
5568 5570 5567
5570 5569 5567
5553 5565 5571
5553 5571 5547
5571 5572 5547
5549 5547 5572
5573 5572 5571
5573 5549 5572
5573 5571 5565
5573 5574 5549
5573 5575 5574
5565 5576 5573
5573 5576 5575
5565 5577 5576
5576 5578 5575
5577 5579 5576
5576 5579 5578
5577 5580 5579
5579 5581 5578
5580 5582 5579
5579 5582 5581
5580 5583 5582
5584 5582 5583
5585 5581 5582
5584 5585 5582
5585 5586 5581
5584 5587 5585
5585 5587 5586
5588 5589 5590
5591 5589 5588
5591 5588 5592
5593 5591 5592
5593 5592 5594
5595 5593 5594
5595 5594 5596
5597 5595 5596
5597 5596 5598
5599 5597 5598
5600 5594 5592
5600 5601 5594
5601 5596 5594
5602 5600 5592
5602 5592 5588
5601 5603 5596
5603 5598 5596
5604 5602 5588
5603 5605 5598
5604 5588 5606
5607 5604 5606
5588 5590 5606
5605 5608 5598
5605 5609 5608
5599 5598 5608
5607 5606 5610
5590 5610 5606
5590 5611 5610
5612 5607 5610
5609 5613 5608
5613 5599 5608
5609 5614 5613
5613 5615 5599
5614 5616 5613
5616 5615 5613
5611 5617 5610
5612 5610 5617
5611 5618 5617
5619 5612 5617
5618 5619 5617
5619 5620 5612
5620 5619 5621
5618 5622 5619
5622 5621 5619
5620 5621 5623
5622 5624 5621
5621 5624 5625
5621 5626 5623
5621 5625 5627
5621 5627 5626
5627 5625 5628
5626 5627 5629
5627 5628 5629
5626 5629 5630
5631 5630 5629
5632 5629 5628
5631 5629 5632
5632 5628 5633
5634 5632 5633
5631 5632 5635
5634 5635 5632
5631 5635 5636
5635 5634 5637
5636 5635 5637
5638 5639 5640
5639 5641 5640
5639 5638 5642
5643 5641 5639
5639 5642 5644
5643 5639 5644
5644 5642 5645
5646 5643 5644
5644 5645 5647
5646 5644 5647
5648 5647 5645
5649 5646 5647
5648 5649 5647
5649 5650 5646
5651 5650 5649
5652 5649 5648
5651 5649 5652
5652 5648 5653
5654 5652 5653
5655 5651 5652
5654 5655 5652
5655 5656 5651
5655 5654 5657
5658 5656 5655
5655 5657 5659
5658 5655 5659
5659 5657 5660
5661 5658 5659
5659 5660 5662
5661 5659 5662
5663 5662 5660
5664 5661 5662
5663 5664 5662
5664 5665 5661
5664 5663 5666
5667 5665 5664
5664 5666 5668
5667 5664 5668
5669 5668 5666
5670 5667 5668
5669 5670 5668
5670 5671 5667
5672 5671 5670
5670 5669 5673
5672 5670 5674
5670 5673 5674
5675 5672 5674
5673 5676 5674
5675 5674 5676
5673 5677 5676
5678 5675 5676
5676 5677 5679
5678 5676 5680
5676 5679 5680
5681 5678 5680
5680 5679 5682
5681 5680 5683
5680 5682 5683
5684 5681 5683
5682 5685 5683
5684 5683 5685
5682 5686 5685
5687 5684 5685
5688 5685 5686
5688 5687 5685
5689 5690 5691
5692 5689 5691
5693 5689 5692
5689 5694 5690
5694 5689 5693
5694 5693 5695
5694 5696 5690
5697 5694 5695
5694 5698 5696
5697 5698 5694
5698 5699 5696
5700 5698 5697
5698 5700 5699
5700 5697 5701
5702 5700 5701
5700 5703 5699
5702 5704 5700
5700 5704 5703
5705 5704 5702
5703 5704 5706
5705 5706 5704
5703 5706 5707
5706 5705 5708
5706 5709 5707
5706 5708 5710
5706 5710 5709
5711 5712 5713
5714 5713 5712
5711 5715 5712
5716 5715 5711
5714 5712 5717
5718 5714 5717
5716 5719 5715
5719 5716 5720
5715 5721 5712
5717 5712 5721
5715 5722 5721
5722 5715 5719
5717 5721 5723
5722 5719 5724
5725 5717 5723
5718 5717 5726
5725 5726 5717
5726 5727 5718
5728 5726 5725
5719 5720 5729
5729 5724 5719
5730 5729 5720
5729 5731 5724
5726 5732 5727
5728 5732 5726
5733 5727 5732
5732 5728 5734
5730 5735 5729
5731 5729 5735
5735 5730 5736
5731 5735 5737
5733 5732 5738
5732 5734 5738
5739 5733 5738
5735 5736 5740
5737 5735 5740
5740 5736 5741
5737 5740 5742
5740 5741 5743
5744 5742 5740
5744 5740 5743
5734 5745 5738
5739 5738 5745
5734 5746 5745
5739 5745 5747
5746 5747 5745
