byte offset: 0
first index: 49194
index count: 35676
topology: trianglelist
format: DXGI_FORMAT_R16_UINT

13183 13184 13185
13186 13183 13187
13186 13187 13188
13188 13187 13189
13188 13189 13190
13191 13192 13189
13191 13189 13193
13194 13191 13193
13194 13193 13195
13196 13194 13195
13196 13195 13197
13198 13196 13197
13198 13199 13196
13200 13199 13198
13200 13198 13201
13201 13202 13200
13201 13203 13202
13203 13204 13202
13203 13205 13204
13204 13205 13206
13204 13206 13207
13208 13207 13206
13208 13209 13207
13210 13209 13208
13210 13211 13209
13212 13211 13210
13212 13210 13213
13214 13212 13213
13215 13216 13217
13218 13219 13220
13221 13222 13223
13224 13221 13225
13224 13226 13221
13227 13226 13224
13227 13228 13226
13229 13228 13230
13229 13231 13228
13232 13231 13229
13232 13233 13231
13234 13233 13232
13234 13235 13233
13236 13235 13234
13236 13234 13237
13238 13236 13237
13238 13239 13236
13239 13238 13240
13239 13240 13241
13241 13240 13242
13241 13242 13243
13242 13244 13243
13242 13245 13244
13246 13244 13245
13246 13245 13247
13248 13246 13247
13248 13247 13249
13250 13248 13249
13250 13251 13248
13252 13251 13250
13253 13254 13255
13256 13257 13258
13257 13256 13259
13257 13259 13260
13259 13261 13260
13261 13259 13262
13263 13261 13262
13264 13261 13263
13263 13262 13265
13266 13264 13263
13266 13263 13267
13263 13265 13267
13266 13267 13268
13267 13265 13268
13269 13266 13268
13268 13270 13269
13265 13270 13268
13265 13271 13270
13271 13272 13270
13271 13273 13272
13272 13273 13274
13272 13274 13275
13275 13274 13276
13274 13277 13276
13274 13278 13277
13277 13278 13279
13277 13279 13280
13280 13281 13277
13282 13281 13280
13279 13283 13280
13282 13280 13283
13279 13284 13283
13285 13282 13283
13284 13285 13283
13285 13286 13282
13287 13286 13285
13288 13285 13284
13287 13285 13288
13288 13284 13289
13290 13287 13288
13288 13289 13291
13288 13291 13290
13292 13293 13294
13293 13292 13295
13293 13295 13296
13295 13297 13296
13297 13295 13298
13299 13297 13298
13300 13297 13299
13299 13298 13301
13302 13300 13299
13302 13299 13303
13299 13301 13303
13302 13303 13304
13303 13301 13304
13305 13302 13304
13304 13306 13305
13301 13306 13304
13301 13307 13306
13307 13308 13306
13307 13309 13308
13308 13309 13310
13308 13310 13311
13311 13310 13312
13310 13313 13312
13310 13314 13313
13313 13314 13315
13313 13315 13316
13316 13317 13313
13318 13317 13316
13315 13319 13316
13318 13316 13319
13315 13320 13319
13321 13318 13319
13320 13321 13319
13321 13322 13318
13323 13322 13321
13324 13321 13320
13323 13321 13324
13324 13320 13325
13326 13323 13324
13324 13325 13327
13324 13327 13326
13328 13329 13330
13329 13328 13331
13329 13331 13332
13331 13333 13332
13333 13331 13334
13335 13333 13334
13336 13333 13335
13335 13334 13337
13338 13336 13335
13338 13335 13339
13335 13337 13339
13338 13339 13340
13339 13337 13340
13340 13341 13338
13340 13342 13341
13337 13342 13340
13337 13343 13342
13343 13344 13342
13343 13345 13344
13344 13345 13346
13344 13346 13347
13347 13346 13348
13346 13349 13348
13346 13350 13349
13349 13350 13351
13349 13351 13352
13352 13353 13349
13354 13353 13352
13351 13355 13352
13354 13352 13355
13351 13356 13355
13357 13354 13355
13356 13357 13355
13357 13358 13354
13359 13358 13357
13360 13357 13356
13359 13357 13360
13360 13356 13361
13362 13359 13360
13360 13361 13363
13360 13363 13362
13364 13365 13366
13364 13367 13365
13368 13367 13364
13368 13369 13367
13369 13368 13370
13369 13370 13371
13371 13370 13372
13369 13373 13367
13369 13374 13373
13374 13369 13371
13367 13373 13375
13367 13375 13365
13374 13371 13376
13377 13365 13375
13376 13371 13378
13371 13372 13378
13376 13378 13379
13378 13380 13379
13377 13381 13365
13381 13382 13365
13381 13377 13383
13381 13384 13382
13372 13385 13378
13378 13385 13380
13372 13386 13385
13385 13386 13387
13381 13383 13388
13384 13381 13388
13384 13388 13389
13388 13383 13390
13391 13389 13388
13391 13388 13390
13392 13391 13390
13380 13385 13393
13385 13387 13393
13380 13393 13394
13393 13387 13395
13394 13393 13396
13393 13395 13396
13394 13396 13397
13396 13398 13397
13395 13399 13396
13396 13399 13398
13395 13400 13399
13399 13401 13398
13400 13401 13399
13402 13403 13404
13402 13405 13403
13405 13402 13406
13405 13407 13403
13405 13408 13407
13409 13403 13407
13408 13405 13410
13405 13406 13410
13408 13410 13411
13412 13411 13410
13409 13413 13403
13413 13414 13403
13415 13413 13409
13413 13416 13414
13417 13410 13406
13412 13410 13417
13417 13406 13418
13419 13412 13417
13419 13417 13418
13415 13420 13413
13420 13416 13413
13420 13415 13421
13420 13422 13416
13420 13421 13423
13422 13420 13423
13423 13421 13424
13422 13423 13425
13423 13424 13426
13425 13423 13426
13426 13424 13427
13425 13426 13428
13426 13427 13429
13428 13426 13429
13427 13430 13429
13428 13429 13431
13429 13430 13431
13432 13433 13434
13432 13434 13435
13435 13434 13436
13435 13436 13437
13436 13438 13437
13436 13439 13438
13438 13439 13440
13438 13440 13441
13441 13440 13442
13441 13442 13443
13442 13444 13443
13442 13445 13444
13444 13445 13446
13444 13446 13447
13447 13446 13448
13447 13448 13449
13450 13451 13452
13450 13452 13453
13453 13452 13454
13453 13454 13455
13455 13454 13456
13455 13456 13457
13456 13458 13457
13456 13459 13458
13458 13459 13460
13458 13460 13461
13461 13460 13462
13461 13462 13463
13462 13464 13463
13462 13465 13464
13464 13465 13466
13464 13466 13432
13467 13468 13469
13467 13469 13470
13471 13467 13470
13471 13470 13472
13470 13473 13472
13469 13474 13470
13470 13474 13473
13469 13475 13474
13476 13473 13474
13475 13477 13474
13476 13474 13477
13475 13478 13477
13479 13476 13477
13478 13479 13477
13479 13480 13476
13478 13481 13479
13482 13480 13479
13481 13483 13479
13482 13479 13483
13481 13484 13483
13485 13482 13483
13484 13485 13483
13485 13486 13482
13484 13487 13485
13488 13486 13485
13487 13489 13485
13488 13485 13489
13487 13490 13489
13491 13488 13489
13490 13491 13489
13491 13492 13488
13490 13493 13491
13494 13495 13496
13494 13496 13497
13498 13494 13497
13498 13497 13499
13497 13500 13499
13496 13501 13497
13497 13501 13500
13496 13502 13501
13503 13500 13501
13502 13504 13501
13503 13501 13504
13502 13505 13504
13506 13503 13504
13505 13506 13504
13506 13507 13503
13505 13508 13506
13509 13507 13506
13508 13510 13506
13509 13506 13510
13508 13511 13510
13512 13509 13510
13511 13512 13510
13512 13513 13509
13511 13514 13512
13515 13513 13512
13514 13516 13512
13515 13512 13516
13514 13517 13516
13518 13515 13516
13517 13518 13516
13518 13519 13515
13517 13520 13518
13521 13522 13523
13521 13523 13524
13525 13526 13527
13525 13528 13526
13529 13528 13525
13529 13530 13528
13531 13530 13529
13531 13532 13530
13533 13534 13535
13533 13535 13536
13537 13536 13535
13537 13538 13536
13539 13540 13541
13542 13539 13541
13542 13541 13543
13544 13542 13543
13544 13543 13545
13546 13544 13545
13546 13545 13547
13548 13546 13547
13549 13548 13547
13549 13547 13550
13551 13549 13550
13551 13550 13552
13553 13551 13552
13553 13552 13554
13555 13553 13554
13555 13554 13556
13557 13555 13556
13557 13556 13558
13557 13558 13559
13557 13559 13560
13561 13559 13558
13562 13557 13560
13561 13558 13563
13562 13560 13564
13565 13561 13563
13566 13562 13564
13565 13563 13567
13566 13564 13568
13569 13566 13568
13569 13568 13570
13571 13569 13570
13571 13570 13572
13573 13565 13567
13573 13567 13574
13575 13571 13572
13575 13572 13576
13575 13576 13577
13578 13575 13577
13579 13573 13574
13579 13580 13573
13580 13579 13581
13579 13582 13581
13583 13581 13582
13582 13579 13584
13579 13585 13584
13579 13586 13585
13586 13587 13585
13586 13588 13587
13588 13589 13587
13588 13590 13589
13591 13589 13590
13591 13592 13589
13591 13593 13592
13594 13583 13582
13583 13594 13595
13596 13583 13595
13595 13594 13597
13596 13595 13598
13599 13596 13598
13599 13598 13600
13595 13597 13601
13602 13599 13600
13602 13600 13603
13604 13601 13597
13604 13597 13605
13606 13602 13603
13606 13607 13602
13606 13608 13607
13606 13609 13608
13609 13610 13608
13597 13611 13605
13597 13612 13611
13611 13612 13613
13611 13613 13614
13613 13615 13614
13613 13616 13615
13616 13617 13615
13616 13618 13617
13619 13620 13621
13619 13621 13622
13623 13619 13622
13623 13622 13624
13625 13623 13624
13625 13624 13626
13627 13625 13626
13627 13626 13628
13627 13628 13629
13627 13629 13630
13629 13631 13630
13629 13632 13631
13631 13632 13633
13631 13633 13634
13634 13633 13635
13634 13635 13636
13636 13635 13637
13636 13637 13638
13638 13637 13639
13638 13639 13640
13639 13641 13640
13639 13642 13641
13642 13643 13641
13642 13644 13643
13644 13645 13643
13644 13646 13645
13646 13647 13645
13646 13648 13647
13648 13649 13647
13648 13650 13649
13650 13651 13649
13650 13652 13651
13652 13653 13651
13652 13654 13653
13654 13655 13653
13654 13656 13655
13656 13657 13655
13656 13658 13657
13658 13659 13657
13658 13660 13659
13660 13661 13659
13660 13662 13661
13663 13661 13662
13663 13664 13661
13665 13664 13663
13665 13666 13664
13667 13666 13665
13667 13668 13666
13669 13668 13667
13669 13667 13670
13671 13672 13673
13671 13673 13674
13675 13671 13674
13675 13676 13671
13677 13675 13674
13673 13678 13674
13677 13674 13678
13673 13679 13678
13678 13679 13680
13681 13677 13678
13678 13680 13682
13681 13678 13682
13682 13680 13683
13681 13682 13684
13682 13683 13684
13681 13684 13685
13683 13686 13684
13686 13685 13684
13683 13687 13686
13686 13688 13685
13686 13687 13689
13688 13686 13690
13686 13689 13690
13688 13690 13691
13690 13689 13692
13691 13690 13693
13690 13692 13693
13691 13693 13694
13693 13692 13695
13694 13693 13696
13693 13695 13696
13694 13696 13697
13696 13695 13698
13697 13696 13699
13696 13698 13699
13697 13699 13700
13699 13698 13701
13699 13702 13700
13699 13701 13703
13699 13703 13702
13703 13701 13704
13702 13703 13705
13703 13704 13705
13702 13705 13706
13705 13704 13707
13706 13705 13708
13705 13707 13708
13706 13708 13709
13708 13707 13710
13708 13711 13709
13708 13710 13712
13708 13712 13711
13712 13710 13713
13711 13712 13714
13712 13713 13714
13711 13714 13715
13714 13713 13716
13715 13714 13717
13714 13716 13717
13715 13717 13718
13717 13716 13719
13718 13717 13720
13717 13719 13720
13718 13720 13721
13719 13722 13720
13722 13721 13720
13719 13723 13722
13722 13724 13721
13723 13725 13722
13725 13724 13722
13723 13726 13725
13725 13727 13724
13726 13728 13725
13728 13727 13725
13726 13729 13728
13728 13730 13727
13731 13732 13733
13731 13733 13734
13734 13733 13735
13736 13731 13734
13736 13737 13731
13738 13736 13734
13734 13735 13739
13738 13734 13739
13739 13735 13740
13738 13739 13741
13739 13740 13741
13738 13741 13742
13740 13743 13741
13743 13742 13741
13740 13744 13743
13743 13745 13742
13743 13744 13746
13745 13743 13747
13743 13746 13747
13745 13747 13748
13747 13746 13749
13748 13747 13750
13747 13749 13750
13748 13750 13751
13750 13749 13752
13751 13750 13753
13750 13752 13753
13751 13753 13754
13753 13752 13755
13754 13753 13756
13753 13755 13756
13754 13756 13757
13756 13755 13758
13756 13759 13757
13756 13758 13760
13756 13760 13759
13760 13758 13761
13759 13760 13762
13760 13761 13762
13759 13762 13763
13762 13761 13764
13763 13762 13765
13762 13764 13765
13763 13765 13766
13765 13764 13767
13765 13768 13766
13765 13767 13769
13765 13769 13768
13769 13767 13770
13768 13769 13771
13769 13770 13771
13768 13771 13772
13771 13770 13773
13772 13771 13774
13771 13773 13774
13772 13774 13775
13774 13773 13776
13775 13774 13777
13774 13776 13777
13775 13777 13778
13776 13779 13777
13779 13778 13777
13776 13780 13779
13779 13781 13778
13780 13782 13779
13782 13781 13779
13780 13783 13782
13782 13784 13781
13783 13785 13782
13785 13784 13782
13783 13786 13785
13785 13787 13784
13788 13789 13790
13788 13790 13791
13792 13793 13794
13792 13794 13795
13796 13797 13798
13796 13798 13799
13800 13801 13802
13800 13802 13803
13804 13805 13806
13804 13806 13807
13808 13809 13810
13808 13810 13811
13812 13813 13814
13812 13814 13815
13816 13817 13818
13816 13818 13819
13820 13821 13822
13820 13822 13823
13824 13825 13826
13824 13826 13827
13828 13829 13830
13828 13830 13831
13828 13831 13832
13833 13828 13832
13830 13834 13831
13830 13835 13834
13831 13836 13832
13831 13834 13836
13835 13837 13834
13835 13838 13837
13838 13839 13837
13838 13840 13839
13837 13839 13841
13834 13837 13842
13837 13841 13842
13834 13842 13836
13842 13841 13843
13842 13843 13844
13836 13842 13844
13844 13843 13845
13832 13836 13846
13836 13844 13846
13844 13845 13847
13846 13844 13847
13847 13845 13848
13832 13846 13849
13833 13832 13849
13847 13848 13850
13850 13848 13851
13846 13847 13852
13849 13846 13852
13852 13847 13850
13850 13851 13853
13854 13853 13851
13854 13855 13853
13849 13852 13856
13833 13849 13856
13852 13850 13857
13857 13850 13853
13856 13852 13857
13855 13858 13853
13857 13853 13858
13855 13859 13858
13856 13857 13860
13860 13857 13858
13833 13856 13860
13859 13861 13858
13860 13858 13861
13833 13860 13861
13859 13862 13861
13862 13833 13861
13862 13863 13833
13864 13865 13866
13864 13867 13865
13864 13868 13867
13869 13868 13864
13865 13867 13870
13865 13870 13871
13867 13868 13872
13867 13872 13870
13871 13870 13873
13871 13873 13874
13874 13873 13875
13874 13875 13876
13873 13877 13875
13870 13878 13873
13873 13878 13877
13870 13872 13878
13878 13879 13877
13878 13880 13879
13872 13880 13878
13880 13881 13879
13868 13882 13872
13872 13882 13880
13880 13883 13881
13882 13883 13880
13883 13884 13881
13868 13885 13882
13869 13885 13868
13883 13886 13884
13886 13887 13884
13882 13888 13883
13885 13888 13882
13888 13886 13883
13886 13889 13887
13890 13887 13889
13890 13889 13891
13885 13892 13888
13869 13892 13885
13888 13893 13886
13893 13889 13886
13892 13893 13888
13891 13889 13894
13893 13894 13889
13891 13894 13895
13892 13896 13893
13896 13894 13893
13869 13896 13892
13895 13894 13897
13896 13897 13894
13869 13897 13896
13895 13897 13898
13898 13897 13869
13898 13869 13899
13900 13901 13902
13900 13902 13903
13904 13900 13903
13904 13903 13905
13906 13904 13905
13906 13905 13907
13908 13906 13907
13908 13909 13906
13910 13906 13909
13911 13904 13906
13911 13912 13904
13911 13913 13912
13913 13914 13912
13913 13915 13914
13916 13911 13906
13910 13916 13906
13917 13916 13910
13917 13918 13916
13918 13917 13919
13918 13920 13916
13918 13921 13920
13921 13922 13920
13921 13923 13922
13923 13924 13922
13923 13925 13924
13918 13919 13926
13926 13919 13927
13928 13918 13926
13928 13929 13918
13930 13929 13928
13930 13928 13931
13932 13930 13931
13932 13933 13930
13926 13927 13934
13934 13927 13935
13936 13928 13926
13936 13926 13934
13937 13928 13936
13937 13936 13938
13939 13937 13938
13939 13938 13940
13934 13935 13941
13942 13934 13941
13943 13941 13935
13942 13941 13944
13945 13942 13944
13943 13946 13941
13946 13944 13941
13946 13943 13947
13945 13944 13948
13949 13945 13948
13949 13948 13950
13946 13951 13944
13951 13952 13944
13951 13953 13952
13953 13954 13952
13953 13955 13954
13946 13947 13956
13956 13947 13957
13958 13946 13956
13959 13958 13956
13958 13959 13960
13961 13958 13960
13962 13961 13960
13962 13963 13961
13956 13957 13964
13965 13956 13964
13966 13964 13957
13965 13964 13967
13966 13968 13964
13968 13967 13964
13969 13965 13967
13969 13970 13965
13971 13970 13969
13966 13972 13968
13966 13973 13972
13968 13974 13967
13974 13969 13967
13975 13972 13973
13975 13973 13976
13968 13972 13977
13968 13977 13974
13977 13972 13975
13974 13978 13969
13977 13978 13974
13971 13969 13979
13978 13979 13969
13980 13971 13979
13980 13981 13971
13982 13980 13979
13978 13982 13979
13982 13983 13980
13982 13984 13983
13978 13985 13982
13982 13985 13984
13977 13986 13978
13978 13986 13985
13984 13985 13987
13987 13985 13986
13984 13987 13988
13987 13986 13989
13986 13990 13989
13986 13977 13990
13977 13975 13990
13991 13975 13976
13991 13976 13992
13975 13991 13993
13994 13975 13993
13995 13994 13993
13996 13995 13993
13997 13995 13996
13997 13996 13998
13992 13999 13991
13992 14000 13999
13991 13999 14001
13991 14001 14002
14003 13999 14000
14003 14000 14004
14005 13999 14003
14005 14001 13999
14006 14001 14005
14002 14001 14007
14006 14008 14001
14009 14008 14006
14009 14010 14008
14002 14007 14011
14011 14007 14012
14011 14012 14013
14014 14003 14004
14014 14004 14015
14016 14003 14014
14017 14014 14015
14017 14015 14018
14016 14014 14019
14019 14014 14017
14020 14016 14019
14020 14021 14016
14022 14021 14020
14022 14023 14021
14019 14017 14024
14025 14019 14024
14025 14026 14019
14027 14026 14025
14027 14025 14028
14018 14029 14017
14018 14030 14029
14030 14031 14029
14030 14032 14031
14033 14031 14032
14033 14034 14031
14031 14034 14035
14029 14036 14017
14036 14037 14017
14037 14036 14038
14037 14038 14039
14039 14038 14040
14039 14040 14041
14029 14031 14042
14031 14035 14043
14031 14043 14042
14043 14035 14044
14042 14043 14045
14043 14044 14046
14046 14044 14047
14046 14047 14048
14042 14045 14049
14049 14045 14050
14049 14050 14051
14052 14053 14054
14052 14055 14053
14056 14055 14052
14056 14057 14055
14058 14057 14056
14058 14059 14057
14060 14059 14058
14060 14058 14061
14062 14061 14058
14058 14056 14063
14063 14056 14064
14063 14064 14065
14065 14064 14066
14065 14066 14067
14068 14058 14063
14062 14058 14068
14069 14062 14068
14069 14068 14070
14070 14071 14069
14070 14068 14072
14070 14072 14073
14073 14072 14074
14073 14074 14075
14075 14074 14076
14075 14076 14077
14070 14078 14071
14078 14079 14071
14080 14078 14070
14080 14070 14081
14082 14080 14081
14082 14083 14080
14084 14083 14082
14084 14082 14085
14078 14086 14079
14086 14087 14079
14088 14078 14080
14088 14086 14078
14089 14088 14080
14089 14090 14088
14091 14090 14089
14091 14092 14090
14086 14093 14087
14094 14093 14086
14095 14087 14093
14094 14096 14093
14097 14096 14094
14095 14093 14098
14098 14093 14096
14098 14099 14095
14097 14100 14096
14101 14100 14097
14101 14102 14100
14098 14096 14103
14103 14096 14104
14103 14104 14105
14105 14104 14106
14105 14106 14107
14098 14108 14099
14108 14109 14099
14108 14098 14110
14111 14108 14110
14112 14111 14110
14113 14112 14110
14114 14112 14113
14114 14113 14115
14108 14116 14109
14117 14109 14116
14118 14116 14108
14118 14108 14119
14117 14116 14120
14120 14116 14118
14121 14118 14119
14121 14119 14122
14123 14121 14122
14117 14120 14124
14117 14124 14125
14126 14125 14124
14126 14127 14125
14128 14127 14126
14128 14129 14127
14129 14128 14130
14129 14130 14131
14132 14131 14130
14132 14133 14131
14134 14133 14132
14134 14135 14133
14136 14132 14130
14137 14134 14132
14136 14130 14138
14128 14138 14130
14139 14136 14138
14128 14140 14138
14141 14128 14126
14139 14138 14142
14143 14139 14142
14143 14142 14144
14140 14145 14138
14140 14146 14145
14146 14147 14145
14146 14148 14147
14149 14141 14126
14141 14149 14150
14151 14141 14150
14152 14151 14150
14152 14153 14151
14154 14126 14124
14154 14124 14155
14120 14155 14124
14156 14154 14155
14156 14157 14154
14158 14157 14156
14120 14159 14155
14159 14156 14155
14120 14118 14159
14118 14160 14159
14159 14160 14156
14118 14121 14160
14158 14156 14161
14160 14161 14156
14160 14121 14162
14123 14162 14121
14163 14158 14161
14163 14164 14158
14160 14165 14161
14165 14163 14161
14160 14162 14165
14165 14166 14163
14165 14167 14166
14165 14162 14167
14167 14162 14123
14167 14123 14168
14169 14170 14171
14169 14171 14172
14173 14169 14172
14173 14172 14174
14175 14173 14174
14175 14174 14176
14177 14175 14176
14177 14178 14175
14179 14175 14178
14180 14173 14175
14180 14181 14173
14180 14182 14181
14182 14183 14181
14182 14184 14183
14185 14180 14175
14179 14185 14175
14186 14185 14179
14186 14187 14185
14187 14186 14135
14185 14187 14188
14187 14135 14134
14187 14189 14188
14189 14190 14188
14189 14191 14190
14191 14192 14190
14191 14193 14192
14194 14187 14134
14194 14195 14187
14137 14194 14134
14196 14195 14194
14197 14194 14137
14196 14194 14198
14199 14196 14198
14199 14200 14196
14197 14137 14201
14202 14197 14201
14202 14201 14203
14204 14205 14206
14207 14204 14206
14208 14204 14207
14207 14206 14209
14209 14206 14210
14209 14210 14211
14209 14211 14212
14211 14213 14212
14212 14213 14214
14215 14212 14214
14209 14212 14215
14216 14215 14214
14207 14209 14217
14209 14215 14217
14218 14215 14216
14219 14218 14216
14218 14219 14220
14218 14220 14221
14215 14222 14217
14218 14222 14215
14218 14221 14223
14223 14222 14218
14223 14221 14224
14225 14207 14217
14225 14217 14222
14223 14226 14222
14225 14222 14226
14223 14224 14227
14223 14227 14226
14228 14207 14225
14208 14207 14228
14224 14229 14227
14224 14230 14229
14229 14230 14231
14229 14231 14232
14232 14231 14233
14232 14233 14234
14235 14232 14234
14234 14233 14236
14237 14229 14232
14235 14237 14232
14229 14238 14227
14237 14238 14229
14227 14238 14239
14237 14239 14238
14227 14239 14226
14234 14236 14240
14235 14234 14240
14240 14236 14241
14241 14236 14242
14243 14226 14239
14243 14225 14226
14235 14240 14244
14244 14240 14241
14242 14245 14241
14242 14246 14245
14247 14225 14243
14228 14225 14247
14235 14244 14248
14248 14244 14241
14246 14249 14245
14246 14250 14249
14250 14251 14249
14249 14251 14252
14253 14249 14252
14249 14253 14245
14253 14252 14254
14245 14255 14241
14253 14255 14245
14256 14253 14254
14253 14256 14255
14256 14254 14257
14248 14241 14258
14255 14258 14241
14259 14235 14248
14258 14259 14248
14260 14255 14256
14255 14260 14258
14261 14256 14257
14260 14256 14261
14262 14261 14257
14262 14263 14261
14263 14260 14261
14264 14263 14262
14260 14265 14258
14258 14265 14259
14264 14266 14263
14264 14267 14266
14263 14268 14260
14260 14268 14265
14266 14268 14263
14269 14265 14268
14269 14259 14265
14270 14268 14266
14269 14268 14270
14267 14271 14266
14270 14266 14271
14272 14271 14267
14272 14267 14273
14274 14272 14273
14275 14270 14271
14275 14271 14272
14274 14276 14272
14276 14275 14272
14277 14276 14274
14277 14278 14276
14279 14276 14278
14279 14278 14280
14281 14279 14280
14282 14279 14281
14282 14283 14279
14284 14279 14283
14285 14270 14275
14285 14269 14270
14276 14286 14275
14279 14286 14276
14286 14285 14275
14287 14286 14279
14286 14287 14285
14284 14288 14279
14287 14279 14288
14289 14269 14285
14287 14289 14285
14284 14290 14288
14284 14291 14290
14292 14287 14288
14292 14288 14290
14287 14292 14289
14291 14293 14290
14293 14292 14290
14291 14294 14293
14289 14295 14269
14295 14259 14269
14292 14296 14289
14296 14295 14289
14294 14297 14293
14294 14298 14297
14293 14299 14292
14292 14299 14296
14297 14299 14293
14298 14300 14297
14298 14301 14300
14297 14302 14299
14300 14302 14297
14299 14303 14296
14299 14302 14303
14301 14304 14300
14301 14305 14304
14305 14306 14304
14305 14307 14306
14300 14308 14302
14304 14308 14300
14303 14309 14296
14296 14309 14295
14302 14247 14303
14302 14308 14247
14247 14243 14303
14303 14243 14309
14308 14228 14247
14309 14243 14239
14304 14310 14308
14308 14310 14228
14306 14310 14304
14310 14208 14228
14309 14239 14311
14295 14309 14311
14237 14311 14239
14295 14311 14312
14312 14311 14237
14295 14312 14259
14312 14237 14235
14259 14312 14235
14306 14313 14310
14310 14313 14208
14306 14314 14313
14314 14208 14313
14306 14315 14314
14316 14315 14306
14316 14306 14317
14318 14315 14316
14318 14319 14315
14320 14319 14318
14315 14321 14314
14315 14319 14321
14314 14322 14208
14321 14322 14314
14320 14323 14319
14324 14323 14320
14319 14325 14321
14319 14323 14325
14324 14326 14323
14327 14326 14324
14208 14322 14328
14208 14328 14204
14321 14329 14322
14325 14329 14321
14323 14330 14325
14323 14326 14330
14327 14331 14326
14332 14331 14327
14326 14331 14333
14326 14333 14330
14330 14334 14325
14325 14334 14329
14322 14329 14335
14322 14335 14328
14332 14336 14331
14333 14331 14336
14332 14337 14336
14332 14338 14337
14339 14337 14338
14339 14340 14337
14340 14341 14337
14337 14341 14342
14329 14334 14343
14329 14343 14335
14333 14336 14344
14344 14336 14337
14337 14342 14345
14346 14345 14342
14346 14347 14345
14344 14337 14348
14337 14345 14348
14347 14349 14345
14347 14350 14349
14349 14350 14351
14345 14352 14348
14345 14349 14352
14348 14353 14344
14348 14352 14353
14344 14354 14333
14344 14353 14354
14349 14351 14355
14352 14349 14355
14353 14352 14356
14352 14355 14356
14357 14355 14351
14356 14355 14357
14358 14357 14351
14353 14356 14359
14354 14353 14359
14333 14354 14360
14333 14360 14330
14330 14360 14334
14361 14357 14358
14361 14358 14362
14356 14357 14363
14359 14356 14363
14357 14361 14363
14360 14354 14364
14354 14359 14364
14334 14360 14365
14360 14364 14365
14334 14365 14343
14362 14366 14361
14362 14367 14366
14361 14368 14363
14361 14366 14368
14366 14367 14369
14368 14366 14369
14367 14370 14369
14359 14363 14371
14368 14371 14363
14369 14370 14372
14370 14373 14372
14359 14371 14374
14364 14359 14374
14368 14369 14375
14372 14375 14369
14368 14376 14371
14376 14374 14371
14375 14376 14368
14375 14377 14376
14372 14373 14378
14373 14379 14378
14380 14378 14379
14381 14378 14380
14372 14382 14375
14382 14372 14378
14381 14382 14378
14377 14375 14382
14383 14382 14381
14383 14377 14382
14377 14383 14384
14376 14385 14374
14385 14376 14377
14374 14385 14386
14377 14384 14387
14387 14384 14388
14385 14377 14389
14386 14385 14389
14377 14387 14389
14386 14389 14387
14387 14388 14390
14386 14387 14390
14390 14388 14391
14390 14391 14392
14386 14390 14392
14392 14391 14393
14374 14386 14394
14364 14374 14394
14392 14393 14395
14395 14393 14396
14386 14392 14397
14394 14386 14397
14397 14392 14395
14364 14394 14398
14394 14397 14398
14364 14398 14365
14365 14398 14399
14397 14399 14398
14365 14399 14343
14397 14395 14400
14397 14400 14399
14343 14399 14401
14401 14399 14400
14343 14401 14335
14402 14400 14395
14402 14395 14396
14401 14400 14402
14403 14402 14396
14403 14401 14402
14403 14396 14404
14335 14401 14405
14403 14405 14401
14406 14403 14404
14403 14406 14405
14406 14404 14407
14406 14407 14408
14408 14409 14406
14409 14410 14406
14406 14410 14405
14410 14409 14411
14335 14405 14412
14412 14405 14410
14335 14412 14328
14413 14410 14411
14413 14411 14414
14415 14413 14414
14416 14412 14410
14416 14410 14413
14416 14413 14415
14412 14416 14328
14416 14415 14417
14417 14418 14416
14328 14416 14418
14328 14418 14204
14204 14418 14419
14420 14421 14422
14420 14422 14423
14423 14422 14424
14423 14424 14425
14424 14426 14425
14424 14427 14426
14428 14429 14430
14428 14431 14429
14431 14432 14429
14431 14433 14432
14432 14433 14434
14432 14434 14435
14436 14437 14438
14437 14436 14439
14437 14439 14440
14441 14439 14436
14440 14439 14442
14440 14442 14443
14441 14444 14439
14442 14439 14444
14445 14444 14441
14443 14442 14446
14443 14446 14447
14447 14446 14448
14449 14448 14446
14449 14450 14448
14451 14450 14449
14452 14451 14449
14442 14444 14453
14446 14442 14453
14444 14445 14453
14446 14453 14454
14454 14453 14445
14449 14446 14454
14445 14455 14454
14449 14454 14455
14445 14456 14455
14452 14449 14457
14452 14457 14458
14449 14455 14459
14449 14459 14457
14455 14456 14459
14458 14457 14460
14460 14457 14459
14458 14460 14461
14461 14460 14462
14461 14462 14463
14462 14464 14463
14464 14462 14465
14460 14459 14466
14466 14459 14456
14462 14460 14466
14456 14467 14466
14462 14466 14467
14456 14468 14467
14469 14467 14468
14469 14462 14467
14470 14462 14469
14465 14462 14470
14465 14470 14471
14471 14470 14472
14473 14474 14475
14475 14476 14473
14475 14477 14476
14478 14473 14476
14477 14479 14476
14477 14480 14479
14478 14476 14481
14479 14481 14476
14482 14478 14481
14480 14483 14479
14480 14484 14483
14484 14485 14483
14486 14483 14485
14486 14485 14487
14486 14487 14488
14489 14486 14488
14479 14490 14481
14483 14490 14479
14481 14490 14482
14483 14491 14490
14491 14482 14490
14486 14491 14483
14482 14491 14492
14486 14492 14491
14482 14492 14493
14489 14494 14486
14489 14495 14494
14486 14496 14492
14486 14494 14496
14492 14496 14493
14495 14497 14494
14497 14496 14494
14495 14498 14497
14498 14499 14497
14498 14500 14499
14500 14501 14499
14501 14502 14499
14497 14503 14496
14503 14493 14496
14499 14503 14497
14493 14503 14504
14499 14504 14503
14493 14504 14505
14506 14505 14504
14506 14504 14499
14507 14506 14499
14502 14507 14499
14502 14508 14507
14508 14509 14507
14510 14511 14512
14510 14512 14513
14514 14510 14513
14514 14515 14510
14516 14515 14514
14512 14517 14513
14517 14514 14513
14512 14518 14517
14517 14519 14514
14514 14519 14520
14516 14514 14521
14514 14520 14521
14522 14516 14521
14521 14520 14523
14522 14521 14524
14524 14521 14523
14525 14526 14527
14525 14527 14528
14529 14530 14531
14529 14532 14530
14532 14533 14530
14532 14534 14533
14534 14535 14533
14534 14536 14535
14536 14537 14535
14534 14532 14538
14536 14534 14539
14534 14538 14539
14537 14536 14540
14536 14539 14540
14541 14532 14529
14541 14538 14532
14537 14540 14542
14542 14543 14537
14542 14544 14543
14545 14543 14544
14546 14540 14539
14547 14539 14538
14547 14546 14539
14548 14542 14540
14546 14548 14540
14549 14538 14541
14549 14547 14538
14542 14550 14544
14548 14550 14542
14551 14541 14529
14529 14552 14551
14529 14553 14552
14554 14551 14552
14551 14555 14541
14555 14549 14541
14554 14556 14551
14556 14555 14551
14557 14556 14554
14557 14558 14556
14559 14558 14557
14556 14560 14555
14560 14556 14558
14555 14561 14549
14560 14561 14555
14558 14559 14562
14562 14559 14563
14560 14558 14564
14558 14562 14564
14562 14563 14565
14565 14563 14566
14567 14549 14561
14547 14549 14567
14560 14568 14561
14568 14560 14564
14564 14562 14569
14562 14565 14569
14547 14567 14570
14546 14547 14570
14567 14561 14571
14568 14571 14561
14572 14570 14567
14573 14567 14571
14572 14574 14570
14573 14571 14575
14546 14570 14576
14574 14576 14570
14548 14546 14576
14574 14577 14576
14578 14575 14571
14568 14578 14571
14578 14579 14575
14580 14579 14578
14548 14576 14581
14581 14576 14577
14581 14577 14582
14550 14548 14581
14583 14581 14582
14550 14581 14583
14583 14582 14584
14584 14585 14583
14586 14550 14583
14585 14586 14583
14586 14585 14587
14550 14586 14544
14586 14587 14588
14544 14586 14588
14589 14588 14587
14544 14588 14590
14545 14544 14590
14589 14591 14588
14591 14590 14588
14592 14545 14590
14591 14592 14590
14592 14593 14545
14594 14593 14592
14591 14594 14592
14594 14595 14593
14589 14596 14591
14591 14596 14594
14589 14597 14596
14598 14595 14594
14598 14594 14596
14598 14599 14595
14597 14600 14596
14598 14596 14600
14597 14601 14600
14601 14602 14600
14599 14598 14603
14599 14603 14604
14605 14604 14603
14602 14606 14600
14602 14607 14606
14606 14607 14608
14606 14608 14609
14600 14610 14598
14606 14610 14600
14610 14603 14598
14611 14606 14609
14610 14606 14611
14612 14611 14609
14603 14610 14613
14610 14611 14613
14612 14614 14611
14611 14614 14613
14615 14614 14612
14605 14603 14616
14603 14613 14616
14617 14605 14616
14613 14617 14616
14617 14618 14605
14615 14619 14614
14615 14620 14619
14614 14621 14613
14613 14621 14617
14614 14619 14621
14617 14622 14618
14622 14623 14618
14622 14624 14623
14621 14625 14617
14619 14625 14621
14625 14622 14617
14620 14626 14619
14626 14625 14619
14626 14620 14627
14622 14628 14624
14629 14624 14628
14622 14625 14630
14626 14630 14625
14628 14622 14630
14631 14626 14627
14630 14626 14631
14627 14632 14631
14629 14628 14633
14634 14629 14633
14628 14630 14635
14630 14631 14635
14628 14635 14633
14632 14636 14631
14636 14635 14631
14636 14632 14637
14638 14633 14635
14636 14638 14635
14639 14636 14637
14636 14639 14638
14639 14637 14640
14634 14633 14641
14638 14641 14633
14639 14642 14638
14642 14641 14638
14639 14640 14643
14643 14642 14639
14643 14644 14642
14643 14640 14645
14646 14643 14645
14643 14646 14644
14634 14641 14647
14642 14647 14641
14644 14647 14642
14647 14648 14634
14647 14649 14648
14644 14649 14647
14650 14651 14644
14652 14651 14650
14652 14650 14653
14650 14654 14653
14654 14655 14653
14656 14650 14644
14654 14650 14656
14654 14657 14655
14657 14658 14655
14659 14656 14644
14659 14644 14660
14660 14661 14659
14661 14662 14659
14659 14662 14663
14659 14663 14656
14662 14664 14663
14665 14654 14656
14665 14656 14663
14657 14654 14665
14664 14666 14663
14666 14665 14663
14664 14667 14666
14657 14665 14668
14665 14666 14668
14669 14666 14667
14666 14669 14668
14670 14669 14667
14671 14657 14668
14657 14671 14658
14670 14672 14669
14670 14673 14672
14668 14669 14674
14671 14668 14674
14669 14672 14674
14658 14671 14675
14675 14671 14674
14658 14675 14676
14675 14677 14676
14678 14672 14673
14678 14673 14679
14674 14672 14680
14675 14674 14680
14672 14678 14680
14675 14681 14677
14681 14675 14680
14682 14678 14679
14682 14679 14683
14680 14678 14684
14681 14680 14684
14678 14682 14684
14677 14681 14685
14685 14681 14684
14677 14685 14686
14685 14687 14686
14682 14683 14688
14683 14689 14688
14684 14682 14690
14685 14684 14690
14682 14688 14690
14685 14691 14687
14691 14685 14690
14692 14687 14691
14689 14693 14688
14689 14694 14693
14694 14695 14693
14693 14695 14696
14690 14688 14697
14691 14690 14697
14688 14693 14697
14698 14693 14696
14698 14697 14693
14696 14699 14698
14691 14697 14700
14692 14691 14700
14697 14698 14700
14699 14701 14698
14700 14698 14701
14699 14702 14701
14703 14701 14702
14704 14692 14700
14700 14701 14704
14704 14705 14692
14706 14705 14704
14703 14707 14701
14707 14704 14701
14706 14704 14708
14707 14708 14704
14566 14706 14708
14566 14708 14709
14707 14709 14708
14565 14566 14709
14703 14710 14707
14707 14710 14709
14565 14709 14710
14703 14711 14710
14565 14710 14712
14712 14710 14711
14712 14711 14713
14565 14712 14569
14714 14712 14713
14714 14569 14712
14715 14714 14713
14714 14715 14580
14714 14580 14716
14569 14714 14716
14580 14578 14716
14716 14578 14568
14569 14716 14717
14716 14568 14717
14564 14569 14717
14568 14564 14717
14718 14719 14720
14718 14720 14721
14721 14722 14718
14721 14723 14722
14723 14724 14722
14721 14720 14725
14723 14721 14726
14721 14725 14726
14723 14727 14724
14727 14728 14724
14728 14729 14724
14728 14730 14729
14731 14729 14730
14731 14730 14732
14728 14732 14730
14731 14732 14733
14733 14734 14731
14733 14735 14734
14736 14734 14735
14728 14737 14732
14728 14738 14737
14738 14728 14739
14727 14739 14728
14739 14740 14738
14741 14727 14723
14739 14727 14741
14739 14742 14740
14739 14741 14742
14743 14740 14742
14741 14743 14742
14743 14744 14740
14745 14744 14743
14745 14743 14746
14746 14743 14747
14741 14747 14743
14746 14747 14748
14741 14723 14749
14747 14741 14749
14723 14726 14749
14748 14747 14750
14750 14747 14749
14750 14749 14726
14748 14750 14751
14725 14750 14726
14751 14750 14752
14725 14752 14750
14751 14752 14753
14752 14725 14754
14752 14754 14755
14756 14752 14755
14756 14755 14757
14757 14755 14758
14757 14758 14759
14760 14759 14758
14725 14761 14754
14725 14720 14761
14755 14754 14762
14755 14762 14758
14720 14763 14761
14720 14764 14763
14761 14763 14765
14754 14761 14766
14754 14766 14762
14761 14765 14766
14762 14767 14758
14766 14767 14762
14768 14766 14765
14766 14768 14767
14768 14765 14769
14760 14758 14770
14770 14758 14767
14760 14770 14771
14760 14771 14772
14770 14767 14773
14771 14770 14773
14773 14767 14768
14771 14773 14774
14775 14774 14773
14773 14768 14775
14775 14776 14774
14777 14768 14769
14777 14775 14768
14777 14776 14775
14777 14769 14778
14776 14777 14779
14777 14778 14780
14779 14777 14780
14779 14780 14781
14778 14782 14780
14782 14781 14780
14782 14783 14781
14783 14782 14784
14783 14784 14785
14785 14784 14786
14787 14788 14789
14788 14790 14789
14788 14791 14790
14790 14791 14792
14790 14792 14793
14793 14792 14794
14793 14794 14795
14795 14794 14796
14795 14796 14797
14797 14796 14798
14797 14798 14799
14800 14799 14798
14800 14798 14801
14800 14801 14802
14800 14802 14803
14802 14804 14803
14802 14805 14804
14804 14805 14806
14804 14806 14807
14808 14807 14806
14808 14809 14807
14809 14808 14810
14809 14810 14811
14811 14810 14812
14811 14812 14813
14813 14812 14814
14813 14814 14815
14816 14815 14814
14816 14817 14815
14818 14817 14816
14818 14816 14819
14820 14818 14819
14820 14821 14818
14820 14822 14821
14820 14823 14822
14823 14824 14822
14823 14825 14824
14825 14826 14824
14825 14827 14826
14828 14826 14827
14829 14830 14831
14829 14832 14830
14833 14832 14829
14833 14834 14832
14835 14834 14833
14835 14836 14834
14837 14836 14835
14837 14838 14836
14839 14840 14841
14839 14841 14842
14842 14841 14843
14842 14843 14844
14845 14844 14843
14845 14843 14846
14845 14846 14847
14845 14847 14848
14849 14850 14851
14849 14852 14850
14853 14852 14849
14852 14854 14850
14852 14855 14854
14853 14856 14852
14856 14855 14852
14857 14856 14853
14856 14858 14855
14857 14859 14856
14859 14858 14856
14860 14859 14857
14859 14861 14858
14860 14862 14859
14862 14861 14859
14862 14863 14861
14850 14864 14865
14850 14865 14866
14867 14850 14866
14867 14866 14868
14866 14865 14869
14868 14866 14870
14866 14869 14870
14868 14870 14871
14872 14871 14870
14872 14862 14873
14874 14870 14869
14872 14870 14874
14872 14874 14862
14874 14869 14875
14874 14876 14862
14874 14875 14876
14877 14878 14879
14877 14879 14880
14881 14877 14880
14880 14879 14882
14881 14880 14883
14884 14881 14883
14880 14882 14885
14885 14883 14880
14885 14882 14886
14885 14886 14887
14887 14886 14888
14885 14889 14883
14887 14889 14885
14888 14890 14887
14887 14890 14889
14891 14883 14889
14884 14883 14891
14888 14892 14890
14892 14888 14893
14894 14889 14890
14891 14889 14894
14892 14893 14895
14896 14895 14893
14897 14890 14892
14894 14890 14897
14892 14895 14898
14897 14892 14898
14894 14899 14891
14897 14900 14894
14894 14900 14899
14891 14901 14884
14891 14899 14901
14902 14901 14899
14902 14899 14903
14903 14899 14900
14903 14900 14904
14897 14905 14900
14905 14904 14900
14898 14905 14897
14905 14906 14904
14907 14906 14905
14898 14907 14905
14907 14908 14906
14908 14907 14909
14910 14907 14898
14909 14907 14910
14910 14911 14909
14898 14895 14910
14910 14912 14911
14895 14912 14910
14913 14911 14912
14895 14914 14912
14896 14914 14895
14913 14912 14915
14915 14912 14914
14916 14914 14896
14915 14914 14916
14916 14896 14917
14918 14916 14917
14915 14916 14918
14918 14917 14919
14913 14915 14920
14915 14918 14920
14913 14920 14921
14922 14918 14919
14922 14920 14918
14922 14919 14923
14921 14920 14924
14922 14924 14920
14921 14924 14925
14925 14924 14926
14923 14927 14922
14923 14928 14927
14924 14929 14926
14926 14929 14930
14929 14931 14930
14932 14931 14929
14933 14924 14922
14924 14933 14929
14933 14922 14927
14932 14929 14934
14934 14929 14933
14935 14932 14934
14936 14927 14928
14936 14928 14937
14927 14938 14933
14934 14933 14938
14927 14936 14938
14935 14934 14939
14934 14938 14939
14940 14935 14939
14941 14936 14937
14941 14937 14942
14943 14938 14936
14938 14943 14939
14943 14936 14941
14940 14939 14944
14939 14943 14944
14944 14945 14940
14941 14942 14946
14942 14947 14946
14948 14943 14941
14943 14948 14944
14948 14941 14946
14944 14949 14945
14949 14944 14948
14950 14945 14949
14947 14951 14946
14947 14952 14951
14953 14951 14952
14948 14946 14954
14949 14948 14954
14946 14951 14954
14955 14950 14949
14955 14949 14954
14950 14955 14956
14953 14957 14951
14958 14957 14953
14951 14959 14954
14959 14955 14954
14951 14957 14959
14955 14960 14956
14960 14955 14959
14961 14956 14960
14959 14957 14962
14960 14959 14962
14963 14961 14960
14960 14962 14963
14963 14964 14961
14958 14965 14957
14957 14965 14962
14963 14966 14964
14967 14964 14966
14968 14967 14966
14962 14969 14963
14962 14965 14969
14966 14963 14969
14958 14970 14965
14965 14970 14969
14971 14970 14958
14971 14972 14970
14966 14969 14973
14969 14970 14973
14966 14973 14968
14970 14972 14973
14968 14974 14975
14974 14976 14975
14974 14968 14977
14977 14972 14978
14978 14972 14979
14978 14979 14980
14974 14981 14976
14981 14982 14976
14974 14977 14983
14977 14978 14983
14974 14983 14981
14978 14980 14984
14983 14978 14984
14984 14980 14985
14982 14981 14986
14982 14986 14987
14981 14983 14988
14983 14984 14988
14986 14981 14988
14984 14985 14989
14989 14988 14984
14989 14985 14990
14987 14986 14991
14992 14987 14991
14993 14986 14988
14989 14993 14988
14993 14991 14986
14989 14990 14994
14994 14993 14989
14992 14991 14995
14992 14995 14996
14997 14991 14993
14994 14997 14993
14997 14995 14991
14990 14998 14994
14997 14994 14998
14990 14999 14998
14998 14999 15000
14996 14995 15001
15002 14996 15001
14995 14997 15003
15003 14997 14998
15001 14995 15003
14998 15000 15004
15004 15003 14998
15005 15002 15001
15005 15006 15002
15005 15007 15006
15008 15001 15003
15004 15008 15003
15008 15005 15001
15000 15009 15004
15009 15008 15004
15000 15010 15009
15010 15011 15009
15010 15012 15011
15013 15011 15012
15009 15014 15008
15014 15005 15008
15011 15014 15009
15005 15015 15007
15014 15015 15005
15015 15016 15007
15016 15017 15007
15017 15016 15018
15016 15019 15018
15015 15014 15020
15016 15015 15020
15011 15020 15014
15016 15021 15019
15020 15021 15016
15011 15021 15020
15019 15021 15022
15013 15023 15011
15011 15023 15021
15022 15021 15024
15023 15024 15021
15022 15024 15025
15026 15025 15024
15027 15023 15013
15023 15027 15024
15027 15013 15028
15029 15027 15028
15026 15024 15030
15030 15024 15027
15029 15031 15027
15030 15027 15031
15032 15031 15029
15026 15030 15033
15026 15033 15034
15030 15031 15035
15032 15035 15031
15030 15035 15033
15036 15035 15032
15036 15033 15035
15036 15032 15037
15038 15034 15033
15036 15038 15033
15038 15039 15034
15040 15036 15037
15040 15037 15041
15042 15039 15038
15043 15039 15042
15042 15044 15043
15036 15045 15038
15042 15038 15045
15040 15045 15036
15046 15040 15041
15041 15047 15046
15042 15048 15044
15045 15048 15042
15049 15045 15040
15046 15049 15040
15047 15050 15046
15047 15051 15050
15044 15048 15052
15044 15052 15053
15052 15054 15053
15045 15055 15048
15049 15055 15045
15048 15055 15056
15048 15056 15052
15056 15055 15049
15057 15049 15046
15057 15046 15050
15056 15049 15057
15052 15058 15054
15056 15058 15052
15059 15054 15058
15059 15058 14901
15056 15060 15058
14901 15058 15060
15057 15060 15056
14901 15060 14884
15057 15061 15060
15061 14884 15060
15050 15061 15057
15061 15062 14884
15050 15063 15061
15063 15062 15061
15051 15063 15050
15063 15064 15062
15051 15065 15063
15064 15063 15065
15064 15065 15066
15067 15068 15069
15067 15070 15068
15070 15067 15071
15070 15072 15068
15070 15071 15073
15073 15071 15074
15070 15075 15072
15073 15075 15070
15073 15074 15076
15076 15074 15077
15077 15074 15078
15077 15078 15079
15080 15079 15078
15080 15081 15079
15077 15079 15081
15080 15082 15081
15082 15080 15083
15082 15083 15084
15085 15084 15083
15077 15081 15086
15077 15086 15087
15087 15088 15077
15076 15077 15088
15088 15087 15089
15090 15073 15076
15088 15090 15076
15088 15089 15091
15088 15091 15090
15092 15091 15089
15090 15091 15092
15092 15089 15093
15094 15092 15093
15094 15095 15092
15095 15096 15092
15090 15092 15096
15095 15097 15096
15090 15098 15073
15096 15098 15090
15073 15098 15075
15097 15099 15096
15099 15098 15096
15099 15075 15098
15097 15100 15099
15072 15075 15099
15100 15101 15099
15072 15099 15101
15100 15102 15101
15101 15103 15072
15101 15104 15103
15105 15104 15101
15105 15106 15104
15106 15107 15104
15106 15108 15107
15109 15107 15108
15072 15103 15110
15072 15110 15111
15104 15112 15103
15104 15107 15112
15111 15110 15113
15111 15113 15114
15110 15115 15113
15103 15116 15110
15103 15112 15116
15110 15116 15115
15112 15107 15117
15116 15112 15117
15118 15115 15116
15116 15117 15118
15118 15119 15115
15109 15120 15107
15120 15117 15107
15109 15121 15120
15109 15122 15121
15120 15123 15117
15121 15123 15120
15123 15118 15117
15121 15124 15123
15125 15123 15124
15123 15125 15118
15125 15124 15126
15127 15119 15118
15127 15118 15125
15127 15125 15126
15127 15128 15119
15126 15129 15127
15127 15130 15128
15129 15130 15127
15129 15131 15130
15128 15130 15132
15132 15130 15131
15132 15131 15133
15133 15134 15132
15133 15135 15134
15136 15134 15135
15137 15138 15139
15139 15138 15140
15139 15140 15141
15140 15142 15141
15140 15143 15142
15143 15144 15142
15143 15145 15144
15145 15146 15144
15145 15147 15146
15147 15148 15146
15147 15149 15148
15150 15148 15149
15150 15151 15148
15150 15152 15151
15150 15153 15152
15153 15154 15152
15153 15155 15154
15155 15156 15154
15155 15157 15156
15158 15156 15157
15158 15157 15159
15159 15160 15158
15159 15161 15160
15161 15162 15160
15161 15163 15162
15163 15164 15162
15163 15165 15164
15164 15165 15166
15164 15166 15167
15168 15167 15166
15168 15169 15167
15170 15169 15168
15170 15168 15171
15170 15171 15172
15170 15172 15173
15173 15172 15174
15173 15174 15175
15175 15174 15176
15175 15176 15177
15178 15177 15176
15179 15180 15181
15179 15181 15182
15183 15179 15182
15183 15182 15184
15185 15183 15184
15185 15184 15186
15187 15185 15186
15187 15186 15188
15189 15190 15191
15189 15192 15190
15192 15193 15190
15192 15194 15193
15195 15193 15194
15195 15196 15193
15195 15197 15196
15195 15198 15197
15199 15200 15201
15199 15201 15202
15203 15199 15202
15202 15201 15204
15202 15204 15205
15203 15202 15206
15206 15202 15205
15207 15203 15206
15206 15205 15208
15207 15206 15209
15209 15206 15208
15210 15207 15209
15209 15208 15211
15210 15209 15212
15212 15209 15211
15212 15211 15213
15201 15214 15215
15201 15216 15214
15217 15216 15201
15217 15218 15216
15216 15219 15214
15218 15220 15216
15216 15220 15219
15218 15221 15220
15222 15220 15221
15222 15223 15212
15224 15219 15220
15222 15224 15220
15222 15212 15224
15224 15225 15219
15224 15212 15226
15224 15226 15225
15227 15228 15229
15227 15229 15230
15230 15229 15231
15230 15231 15232
15232 15231 15233
15232 15233 15234
15234 15233 15235
15234 15235 15236
15237 15230 15232
15238 15232 15234
15237 15232 15238
15239 15227 15230
15239 15230 15237
15240 15234 15236
15238 15234 15240
15241 15237 15238
15242 15239 15237
15242 15237 15241
15243 15238 15240
15241 15238 15243
15244 15242 15241
15244 15241 15245
15245 15241 15243
15245 15243 15246
15246 15243 15247
15243 15240 15247
15246 15247 15248
15247 15240 15249
15240 15236 15249
15248 15247 15250
15247 15249 15250
15248 15250 15251
15252 15239 15242
15253 15252 15242
15253 15242 15254
15255 15252 15253
15252 15256 15239
15256 15227 15239
15255 15257 15252
15257 15256 15252
15258 15257 15255
15256 15259 15227
15259 15260 15227
15259 15261 15260
15258 15262 15257
15263 15262 15258
15263 15250 15262
15257 15264 15256
15264 15259 15256
15262 15264 15257
15265 15261 15259
15264 15265 15259
15265 15266 15261
15250 15267 15262
15262 15267 15264
15267 15265 15264
15250 15249 15267
15268 15266 15265
15267 15268 15265
15249 15268 15267
15268 15269 15266
15249 15236 15268
15236 15269 15268
15236 15270 15269
15271 15272 15273
15271 15274 15272
15275 15274 15271
15275 15276 15274
15276 15275 15277
15276 15277 15278
15279 15278 15277
15279 15280 15278
15276 15281 15274
15282 15276 15278
15276 15282 15281
15274 15283 15272
15274 15281 15283
15280 15284 15278
15282 15278 15284
15282 15285 15281
15281 15286 15283
15281 15285 15286
15287 15282 15284
15282 15287 15285
15285 15288 15286
15285 15289 15288
15287 15289 15285
15287 15290 15289
15291 15290 15287
15287 15284 15292
15291 15287 15292
15293 15292 15284
15280 15293 15284
15294 15291 15292
15293 15294 15292
15294 15295 15291
15283 15286 15296
15286 15297 15296
15286 15298 15297
15296 15297 15299
15283 15296 15300
15272 15283 15300
15296 15299 15301
15300 15296 15301
15301 15299 15302
15272 15300 15303
15304 15272 15303
15304 15303 15305
15300 15301 15306
15303 15300 15306
15301 15302 15307
15306 15301 15307
15307 15302 15308
15307 15308 15294
15305 15303 15309
15303 15306 15309
15305 15309 15310
15311 15307 15294
15306 15307 15311
15309 15306 15311
15311 15294 15293
15310 15309 15312
15309 15311 15312
15312 15311 15293
15310 15312 15313
15312 15293 15280
15313 15312 15280
15313 15280 15314
15315 15316 15317
15315 15318 15316
15319 15316 15318
15320 15318 15315
15320 15315 15321
15318 15320 15322
15319 15318 15323
15318 15322 15323
15323 15322 15324
15325 15319 15323
15323 15324 15326
15325 15323 15326
15327 15326 15324
15328 15325 15326
15327 15328 15326
15328 15329 15325
15328 15327 15330
15329 15328 15331
15328 15330 15331
15329 15331 15332
15331 15330 15333
15332 15331 15334
15331 15333 15334
15332 15334 15335
15336 15334 15333
15337 15335 15334
15336 15337 15334
15337 15338 15335
15337 15336 15339
15338 15337 15340
15337 15339 15340
15338 15340 15341
15342 15340 15339
15343 15341 15340
15342 15343 15340
15343 15344 15341
15342 15345 15343
15346 15344 15343
15345 15347 15343
15347 15346 15343
15348 15349 15350
15351 15348 15350
15350 15352 15351
15352 15353 15351
15354 15353 15352
15354 15352 15355
15354 15355 15356
15357 15355 15352
15355 15358 15356
15355 15357 15359
15358 15355 15359
15360 15359 15357
15358 15359 15361
15360 15361 15359
15362 15358 15361
15360 15363 15361
15363 15362 15361
15364 15365 15366
15365 15367 15366
15365 15368 15367
15368 15369 15367
15368 15365 15370
15365 15371 15370
15368 15370 15372
15373 15368 15372
15368 15374 15369
15373 15374 15368
15375 15369 15374
15375 15374 15373
15375 15376 15369
15375 15373 15377
15378 15376 15375
15377 15378 15375
15378 15379 15376
15377 15380 15378
15381 15379 15378
15380 15381 15378
15381 15382 15379
15380 15383 15381
15384 15382 15381
15383 15384 15381
15385 15386 15387
15386 15388 15387
15386 15389 15388
15388 15390 15387
15391 15388 15389
15391 15390 15388
15391 15389 15392
15392 15393 15391
15391 15394 15390
15393 15394 15391
15392 15395 15393
15393 15396 15394
15393 15395 15397
15398 15396 15393
15393 15397 15399
15398 15393 15399
15400 15398 15399
15399 15397 15401
15400 15399 15402
15399 15401 15402
15403 15400 15402
15401 15404 15402
15403 15402 15404
15401 15405 15404
15406 15403 15404
15405 15407 15404
15406 15404 15407
15405 15408 15407
15409 15406 15407
15408 15410 15407
15409 15407 15410
15408 15411 15410
15410 15412 15409
15410 15411 15413
15410 15413 15412
15413 15414 15412
15415 15416 15417
15416 15418 15417
15416 15419 15418
15420 15418 15419
15419 15421 15420
15420 15422 15418
15422 15423 15418
15423 15422 15424
15420 15424 15422
15423 15424 15425
15421 15426 15420
15420 15426 15424
15421 15427 15426
15427 15428 15426
15428 15424 15426
15427 15429 15428
15425 15424 15430
15428 15430 15424
15425 15430 15431
15429 15432 15428
15432 15430 15428
15429 15433 15432
15434 15431 15430
15432 15434 15430
15434 15435 15431
15435 15434 15436
15436 15434 15432
15435 15436 15437
15436 15438 15437
15432 15433 15439
15436 15432 15439
15433 15440 15439
15436 15441 15438
15441 15436 15439
15440 15442 15439
15441 15439 15442
15438 15441 15443
15443 15441 15442
15438 15443 15444
15443 15445 15444
15442 15440 15446
15443 15442 15446
15440 15447 15446
15443 15448 15445
15448 15443 15446
15449 15445 15448
15447 15450 15446
15448 15446 15450
15451 15450 15447
15449 15448 15452
15452 15448 15450
15449 15452 15453
15449 15453 15454
15453 15455 15454
15452 15450 15456
15451 15456 15450
15453 15452 15456
15457 15456 15451
15453 15456 15457
15457 15451 15458
15459 15457 15458
15459 15460 15457
15460 15453 15457
15460 15459 15461
15453 15462 15455
15460 15462 15453
15463 15460 15461
15463 15462 15460
15455 15462 15463
15455 15463 15464
15465 15463 15461
15463 15466 15464
15466 15463 15465
15466 15465 15467
15466 15467 15468
15467 15469 15468
15470 15471 15472
15473 15472 15471
15472 15473 15474
15475 15472 15474
15475 15474 15476
15477 15475 15476
15477 15478 15475
15479 15478 15477
15479 15480 15478
15481 15478 15480
15480 15479 15482
15481 15480 15483
15480 15482 15483
15481 15483 15484
15484 15483 15485
15482 15485 15483
15482 15486 15485
15485 15486 15487
15485 15487 15488
15489 15490 15491
15491 15490 15492
15490 15493 15492
15491 15492 15494
15492 15493 15495
15494 15492 15496
15492 15495 15496
15494 15496 15497
15496 15498 15497
15495 15499 15496
15496 15499 15498
15495 15500 15499
15499 15500 15501
15498 15499 15502
15499 15501 15502
15498 15502 15503
15504 15503 15502
15502 15501 15505
15504 15502 15506
15502 15505 15506
15507 15504 15506
15505 15508 15506
15507 15506 15508
15505 15509 15508
15508 15510 15507
15508 15509 15511
15510 15508 15511
15512 15510 15511
15513 15514 15515
15516 15515 15514
15515 15516 15517
15516 15514 15518
15516 15519 15517
15520 15516 15518
15516 15520 15519
15520 15518 15521
15520 15522 15519
15523 15520 15521
15520 15523 15522
15523 15521 15524
15525 15522 15523
15526 15523 15524
15525 15523 15526
15526 15524 15527
15526 15528 15525
15527 15529 15526
15526 15529 15528
15527 15530 15529
15529 15531 15528
15530 15532 15529
15529 15532 15531
15530 15533 15532
15532 15534 15531
15533 15535 15532
15532 15535 15534
15533 15536 15535
15537 15534 15535
15535 15536 15538
15537 15535 15538
15539 15537 15538
15540 15541 15542
15541 15543 15542
15541 15544 15543
15545 15543 15544
15545 15546 15543
15546 15545 15547
15543 15546 15548
15546 15547 15549
15548 15546 15549
15548 15549 15550
15551 15549 15547
15552 15550 15549
15551 15552 15549
15552 15553 15550
15551 15554 15552
15554 15553 15552
15551 15555 15554
15554 15555 15556
15554 15557 15553
15554 15556 15558
15557 15554 15558
15558 15556 15559
15558 15559 15560
15561 15560 15559
15562 15558 15560
15557 15558 15562
15561 15563 15560
15560 15563 15562
15564 15563 15561
15565 15564 15561
15565 15566 15564
15565 15567 15566
15567 15568 15566
15567 15569 15568
15568 15569 15570
15564 15571 15563
15566 15571 15564
15563 15572 15562
15571 15572 15563
15566 15573 15571
15568 15573 15566
15562 15574 15557
15574 15562 15572
15568 15570 15575
15576 15568 15575
15575 15570 15577
15578 15575 15577
15578 15576 15575
15579 15578 15577
15578 15579 15580
15578 15580 15581
15581 15580 15582
15568 15583 15573
15576 15583 15568
15581 15584 15578
15578 15584 15576
15581 15582 15585
15585 15582 15586
15581 15587 15584
15587 15581 15585
15583 15588 15573
15589 15583 15576
15583 15589 15588
15573 15588 15590
15573 15590 15571
15571 15590 15572
15588 15591 15590
15590 15591 15572
15589 15592 15588
15592 15591 15588
15589 15576 15593
15592 15589 15593
15594 15592 15593
15595 15594 15593
15595 15593 15576
15584 15595 15576
15596 15595 15584
15596 15594 15595
15587 15596 15584
15596 15587 15597
15587 15585 15597
15591 15598 15572
15598 15574 15572
15574 15598 15599
15557 15574 15599
15600 15598 15591
15598 15600 15599
15557 15599 15601
15557 15601 15602
15601 15599 15603
15602 15601 15603
15600 15603 15599
15602 15603 15604
15605 15604 15603
15600 15605 15603
15605 15606 15604
15600 15591 15607
15605 15600 15607
15607 15591 15592
15608 15606 15605
15609 15606 15608
15610 15609 15608
15605 15607 15611
15608 15605 15611
15607 15592 15612
15611 15607 15612
15594 15612 15592
15608 15611 15613
15611 15612 15613
15610 15608 15614
15608 15613 15614
15615 15613 15612
15594 15615 15612
15616 15610 15614
15616 15617 15610
15618 15614 15613
15615 15618 15613
15618 15616 15614
15619 15617 15616
15619 15620 15617
15621 15620 15619
15618 15615 15622
15594 15622 15615
15623 15616 15618
15623 15619 15616
15618 15622 15623
15621 15619 15624
15625 15621 15624
15619 15623 15626
15623 15622 15626
15619 15626 15624
15625 15624 15627
15624 15626 15627
15586 15625 15627
15594 15628 15622
15622 15628 15626
15586 15627 15629
15585 15586 15629
15597 15585 15629
15627 15626 15630
15627 15630 15629
15630 15626 15628
15597 15629 15630
15594 15631 15628
15630 15628 15631
15631 15597 15630
15594 15596 15631
15596 15597 15631
15632 15633 15634
15632 15634 15635
15632 15635 15636
15636 15637 15632
15638 15637 15636
15638 15639 15637
15640 15637 15639
15640 15639 15641
15642 15639 15638
15643 15641 15639
15642 15644 15639
15643 15639 15644
15644 15642 15645
15644 15646 15643
15644 15645 15647
15644 15647 15646
15645 15648 15647
15647 15649 15646
15648 15650 15647
15647 15650 15649
15648 15651 15650
15652 15650 15651
15649 15650 15653
15652 15653 15650
15649 15653 15654
15653 15655 15654
15652 15656 15653
15653 15656 15655
15652 15657 15656
15658 15655 15656
15658 15656 15657
15658 15659 15655
15658 15657 15660
15661 15659 15658
15661 15658 15660
15662 15661 15660
15663 15664 15665
15663 15666 15664
15667 15666 15663
15668 15664 15666
15668 15669 15664
15669 15668 15670
15668 15671 15670
15671 15668 15672
15668 15673 15672
15673 15668 15666
15673 15674 15672
15673 15675 15674
15667 15676 15666
15673 15666 15676
15675 15673 15677
15676 15677 15673
15675 15677 15678
15678 15677 15679
15680 15679 15677
15681 15676 15667
15676 15681 15677
15680 15677 15681
15681 15667 15682
15680 15681 15683
15683 15681 15682
15683 15682 15684
15685 15686 15687
15687 15686 15688
15687 15688 15689
15688 15686 15690
15688 15691 15689
15692 15688 15690
15688 15693 15691
15692 15693 15688
15694 15691 15693
15695 15693 15692
15694 15693 15695
15695 15692 15696
15697 15694 15695
15698 15695 15696
15697 15695 15699
15698 15699 15695
15700 15697 15699
15701 15699 15698
15700 15699 15701
15701 15698 15702
15701 15703 15700
15704 15701 15702
15701 15705 15703
15704 15705 15701
15703 15705 15706
15707 15705 15704
15706 15705 15707
15708 15706 15707
15709 15710 15711
15709 15711 15712
15709 15712 15713
15712 15714 15713
15712 15715 15714
15712 15716 15715
15717 15712 15711
15712 15718 15716
15717 15718 15712
15716 15718 15719
15717 15720 15718
15718 15720 15719
15717 15721 15720
15722 15719 15720
15720 15721 15723
15724 15722 15720
15720 15723 15724
15724 15725 15722
15723 15726 15724
15726 15725 15724
15726 15727 15725
15726 15728 15727
15729 15728 15726
15726 15730 15729
15731 15732 15733
15731 15733 15734
15735 15731 15734
15735 15736 15731
15737 15735 15734
15734 15733 15738
15733 15739 15738
15739 15740 15738
15737 15734 15741
15734 15738 15741
15742 15737 15741
15738 15740 15743
15741 15738 15743
15740 15744 15743
15743 15744 15745
15742 15741 15746
15741 15743 15746
15747 15742 15746
15743 15745 15748
15746 15743 15748
15748 15745 15749
15747 15746 15750
15746 15748 15750
15751 15747 15750
15748 15749 15752
15750 15748 15752
15752 15749 15753
15751 15750 15754
15750 15752 15754
15755 15751 15754
15752 15753 15756
15754 15752 15756
15756 15753 15757
15756 15757 15758
15755 15754 15759
15754 15756 15759
15759 15756 15758
15760 15755 15759
15759 15758 15761
15760 15759 15761
15762 15763 15764
15762 15764 15765
15766 15762 15765
15766 15767 15762
15768 15766 15765
15764 15769 15765
15768 15765 15769
15764 15770 15769
15771 15768 15769
15772 15769 15770
15771 15769 15772
15772 15770 15773
15774 15771 15772
15774 15772 15773
15771 15774 15775
15775 15776 15771
15777 15776 15775
15778 15777 15775
15779 15778 15775
15775 15780 15779
15775 15781 15780
15781 15775 15782
15782 15775 15774
15782 15783 15781
15782 15784 15783
15784 15785 15783
15782 15774 15786
15786 15784 15782
15787 15774 15773
15787 15786 15774
15786 15787 15788
15789 15787 15773
15789 15788 15787
15789 15773 15790
15791 15789 15790
15791 15792 15789
15789 15792 15788
15786 15793 15784
15786 15788 15793
15784 15793 15794
15788 15794 15793
15784 15795 15785
15784 15794 15795
15785 15795 15796
15785 15796 15797
15796 15798 15797
15799 15798 15796
15800 15795 15794
15800 15796 15795
15788 15801 15794
15800 15794 15801
15796 15800 15802
15796 15802 15799
15803 15801 15788
15803 15788 15792
15800 15801 15804
15802 15800 15804
15803 15804 15801
15799 15802 15805
15802 15804 15806
15805 15802 15806
15799 15805 15807
15808 15799 15807
15809 15808 15807
15809 15810 15808
15811 15807 15805
15811 15809 15807
15812 15810 15809
15812 15813 15810
15814 15809 15811
15814 15812 15809
15811 15815 15814
15816 15812 15814
15815 15816 15814
15817 15813 15812
15816 15817 15812
15817 15818 15813
15817 15819 15818
15819 15817 15816
15819 15820 15818
15819 15821 15820
15819 15822 15821
15823 15811 15805
15811 15823 15815
15824 15815 15823
15823 15805 15825
15824 15823 15825
15805 15806 15825
15826 15825 15806
15824 15825 15826
15827 15826 15806
15827 15806 15804
15828 15827 15804
15803 15828 15804
15829 15828 15803
15829 15803 15792
15830 15827 15828
15829 15830 15828
15830 15829 15831
15829 15792 15832
15831 15829 15832
15791 15832 15792
15833 15832 15791
15833 15834 15832
15831 15832 15834
15835 15834 15833
15835 15836 15834
15836 15831 15834
15836 15837 15831
15837 15838 15831
15830 15839 15827
15839 15826 15827
15830 15831 15840
15838 15840 15831
15839 15830 15840
15841 15840 15838
15839 15840 15841
15841 15838 15842
15839 15843 15826
15843 15839 15841
15843 15824 15826
15844 15841 15842
15843 15841 15844
15844 15842 15845
15846 15844 15845
15846 15843 15844
15846 15845 15847
15848 15846 15847
15848 15847 15849
15846 15850 15843
15843 15850 15824
15850 15846 15848
15824 15850 15851
15850 15848 15851
15824 15851 15852
15824 15852 15815
15851 15853 15852
15852 15854 15815
15852 15853 15854
15855 15815 15854
15815 15855 15816
15856 15855 15854
15816 15855 15856
15856 15854 15853
15848 15857 15851
15851 15857 15853
15816 15856 15858
15819 15816 15858
15856 15859 15858
15859 15819 15858
15856 15853 15860
15860 15859 15856
15860 15853 15861
15857 15861 15853
15860 15862 15859
15862 15860 15861
15859 15863 15819
15862 15863 15859
15819 15863 15864
15819 15864 15822
15862 15865 15863
15864 15863 15865
15862 15861 15866
15865 15862 15866
15822 15864 15867
15822 15867 15868
15864 15865 15869
15864 15869 15867
15868 15867 15870
15868 15870 15871
15869 15865 15872
15865 15866 15872
15867 15869 15873
15867 15873 15870
15869 15872 15873
15874 15866 15861
15857 15874 15861
15875 15871 15870
15875 15876 15871
15877 15872 15866
15874 15877 15866
15878 15873 15872
15877 15878 15872
15879 15870 15873
15879 15875 15870
15878 15879 15873
15857 15880 15874
15880 15877 15874
15881 15876 15875
15881 15882 15876
15883 15878 15877
15880 15883 15877
15884 15879 15878
15883 15884 15878
15885 15875 15879
15885 15881 15875
15884 15885 15879
15886 15880 15857
15848 15886 15857
15887 15882 15881
15887 15888 15882
15889 15888 15887
15890 15883 15880
15880 15886 15890
15890 15886 15891
15892 15886 15848
15892 15891 15886
15892 15848 15849
15890 15893 15883
15891 15893 15890
15893 15884 15883
15894 15887 15881
15894 15881 15885
15889 15887 15895
15887 15894 15895
15896 15889 15895
15897 15885 15884
15893 15897 15884
15897 15894 15885
15892 15849 15898
15891 15892 15898
15899 15898 15849
15898 15899 15891
15849 15900 15899
15891 15901 15893
15901 15897 15893
15894 15897 15902
15894 15902 15895
15901 15902 15897
15901 15891 15903
15903 15891 15899
15904 15902 15901
15895 15902 15904
15904 15901 15903
15900 15905 15899
15905 15900 15906
15905 15906 15907
15908 15903 15899
15908 15904 15903
15905 15908 15899
15895 15904 15909
15909 15904 15908
15896 15895 15909
15907 15896 15910
15907 15910 15905
15908 15905 15910
15909 15908 15910
15896 15909 15910
15911 15912 15913
15911 15914 15912
15915 15914 15911
15914 15916 15912
15915 15917 15914
15918 15917 15915
15914 15919 15916
15917 15919 15914
15916 15919 15920
15919 15921 15920
15921 15922 15920
15921 15923 15922
15918 15924 15917
15925 15924 15918
15926 15924 15925
15917 15927 15919
15919 15927 15921
15924 15927 15917
15926 15928 15924
15929 15928 15926
15924 15930 15927
15928 15930 15924
15927 15930 15931
15927 15931 15921
15921 15932 15923
15933 15923 15932
15928 15934 15930
15930 15934 15931
15929 15935 15928
15935 15934 15928
15921 15931 15936
15921 15936 15932
15937 15933 15932
15936 15937 15932
15937 15938 15933
15939 15935 15929
15939 15929 15940
15939 15941 15935
15941 15942 15935
15935 15942 15934
15942 15941 15943
15934 15944 15931
15934 15942 15944
15942 15943 15944
15936 15931 15944
15944 15943 15945
15936 15944 15946
15945 15946 15944
15937 15936 15946
15947 15946 15945
15947 15937 15946
15948 15937 15947
15948 15947 15949
15937 15948 15938
15950 15948 15949
15951 15938 15948
15950 15951 15948
15951 15952 15938
15953 15952 15951
15954 15951 15950
15953 15951 15954
15954 15950 15955
15956 15953 15954
15957 15954 15955
15956 15954 15957
15957 15955 15958
15959 15956 15957
15960 15957 15958
15959 15957 15960
15960 15958 15961
15960 15962 15959
15963 15960 15961
15960 15963 15962
15963 15961 15964
15965 15962 15963
15966 15963 15964
15965 15963 15966
15966 15964 15967
15968 15966 15967
15969 15965 15966
15968 15969 15966
15969 15970 15965
15971 15970 15969
15972 15969 15968
15971 15969 15972
15972 15968 15973
15972 15974 15971
15975 15972 15973
15972 15976 15974
15975 15976 15972
15976 15977 15974
15978 15976 15975
15976 15979 15977
15978 15979 15976
15979 15980 15977
15981 15979 15978
15979 15982 15980
15981 15982 15979
15983 15980 15982
15981 15983 15982
15981 15984 15983
15983 15985 15980
15983 15984 15986
15985 15983 15987
15983 15986 15987
15985 15987 15988
15987 15986 15989
15990 15988 15987
15990 15987 15989
15990 15989 15991
15990 15991 15992
15993 15994 15995
15993 15996 15994
15996 15997 15994
15996 15998 15997
15999 15998 15996
16000 15999 15996
16000 16001 15999
16002 16000 15996
16003 15996 15993
16002 15996 16003
16003 15993 16004
16002 16003 16005
16005 16003 16004
16005 16004 16006
16002 16005 16007
16008 16005 16006
16009 16007 16005
16008 16009 16005
16009 16010 16007
16011 16010 16009
16012 16009 16008
16011 16009 16012
16012 16008 16013
16013 16014 16012
16014 16011 16012
16013 16015 16014
16014 16015 16016
16014 16017 16011
16017 16018 16011
16014 16016 16019
16017 16014 16019
16019 16016 16020
16018 16017 16021
16017 16019 16021
16018 16021 16022
16022 16021 16023
16019 16023 16021
16022 16023 16024
16019 16020 16025
16019 16025 16023
16025 16020 16026
16025 16026 16027
16027 16023 16025
16027 16026 16028
16024 16023 16029
16027 16029 16023
16024 16029 16030
16030 16029 16031
16031 16029 16027
16030 16031 16032
16027 16028 16033
16031 16027 16033
16034 16033 16028
16032 16031 16035
16035 16031 16033
16034 16036 16033
16035 16033 16036
16034 16037 16036
16037 16034 16038
16037 16038 16039
16037 16040 16036
16040 16035 16036
16032 16035 16041
16032 16041 16042
16039 16043 16037
16037 16043 16040
16035 16040 16044
16041 16035 16044
16044 16040 16043
16045 16042 16041
16041 16044 16045
16039 16046 16043
16039 16047 16046
16047 16048 16046
16043 16046 16048
16047 16049 16048
16048 16049 16050
16044 16043 16051
16043 16048 16051
16045 16044 16051
16048 16050 16052
16048 16052 16051
16052 16050 16053
16054 16051 16052
16045 16051 16054
16045 16055 16042
16042 16055 16056
16056 16055 16057
16057 16055 16058
16058 16059 16057
16060 16055 16045
16060 16045 16054
16055 16060 16058
16052 16053 16061
16054 16052 16061
16062 16060 16054
16062 16054 16061
16058 16060 16062
16061 16053 16063
16061 16063 16062
16053 16064 16063
16065 16063 16064
16065 16066 16063
16066 16062 16063
16067 16066 16065
16066 16068 16062
16058 16062 16068
16058 16068 16069
16070 16068 16066
16067 16070 16066
16070 16069 16068
16067 16071 16070
16071 16069 16070
16067 16072 16071
16073 16069 16071
16073 16074 16069
16074 16073 16075
16073 16076 16075
16058 16069 16077
16058 16077 16059
16077 16078 16059
16077 16079 16078
16069 16080 16077
16080 16079 16077
16069 16074 16080
16080 16081 16079
16080 16074 16081
16074 16082 16081
16082 16083 16081
16074 16084 16082
16084 16074 16085
16085 16074 16075
16075 16086 16085
16075 16087 16086
16088 16087 16075
16088 16075 16089
16076 16089 16075
16076 16090 16089
16091 16089 16090
16091 16092 16089
16093 16089 16092
16093 16092 16094
16092 16095 16094
16092 16096 16095
16096 16092 16097
16098 16092 16091
16092 16098 16097
16098 16099 16097
16100 16096 16097
16101 16100 16097
16098 16102 16099
16103 16101 16097
16103 16104 16101
16105 16103 16097
16099 16105 16097
16105 16106 16103
16107 16106 16105
16099 16107 16105
16108 16107 16099
16107 16109 16106
16110 16109 16107
16108 16110 16107
16108 16111 16110
16111 16108 16112
16113 16111 16112
16114 16113 16112
16115 16099 16102
16108 16099 16116
16116 16099 16115
16117 16115 16102
16117 16102 16118
16117 16119 16115
16119 16116 16115
16117 16120 16119
16120 16121 16119
16121 16116 16119
16120 16122 16121
16123 16121 16122
16121 16124 16116
16108 16116 16124
16123 16124 16121
16108 16125 16112
16108 16124 16125
16123 16126 16124
16127 16126 16123
16125 16128 16112
16128 16114 16112
16124 16129 16125
16124 16126 16129
16125 16129 16128
16127 16130 16126
16129 16126 16130
16131 16130 16127
16129 16130 16132
16128 16129 16132
16131 16133 16130
16132 16130 16133
16134 16133 16131
16128 16135 16114
16136 16114 16135
16128 16132 16137
16135 16128 16137
16134 16138 16133
16139 16138 16134
16140 16132 16133
16140 16133 16138
16139 16140 16138
16137 16132 16140
16136 16135 16141
16135 16137 16141
16139 16142 16140
16143 16142 16139
16144 16142 16143
16137 16140 16145
16142 16145 16140
16141 16137 16145
16142 16146 16145
16144 16146 16142
16145 16146 16141
16144 16147 16146
16141 16146 16147
16144 16148 16147
16136 16141 16149
16141 16147 16149
16150 16136 16149
16151 16147 16148
16149 16147 16151
16151 16148 16152
16150 16149 16153
16149 16151 16153
16154 16150 16153
16154 16153 16155
16151 16155 16153
16156 16154 16155
16157 16151 16152
16151 16157 16155
16157 16152 16158
16159 16157 16158
16159 16155 16157
16159 16158 16160
16161 16159 16160
16161 16160 16162
16163 16161 16162
16156 16155 16164
16159 16164 16155
16164 16159 16161
16165 16156 16164
16165 16164 16166
16164 16161 16166
16167 16165 16166
16161 16167 16166
16163 16168 16161
16161 16168 16167
16168 16163 16169
16167 16168 16170
16168 16169 16170
16167 16170 16171
16170 16172 16171
16169 16173 16170
16170 16173 16172
16169 16174 16173
16173 16174 16175
16176 16172 16173
16173 16175 16177
16176 16173 16177
16176 16177 16178
16177 16175 16179
16177 16179 16178
16176 16178 16180
16179 16181 16178
16179 16182 16181
16178 16181 16183
16178 16183 16184
16185 16178 16184
16180 16178 16185
16180 16185 16186
16187 16188 16189
16187 16189 16190
16191 16187 16190
16189 16192 16190
16189 16193 16192
16191 16190 16194
16195 16191 16194
16195 16194 16196
16194 16197 16196
16190 16198 16194
16190 16192 16198
16194 16198 16197
16193 16199 16192
16198 16192 16199
16193 16200 16199
16197 16198 16201
16198 16199 16201
16197 16201 16202
16201 16203 16202
16204 16199 16200
16204 16201 16199
16204 16203 16201
16204 16200 16205
16206 16203 16204
16207 16204 16205
16206 16204 16207
16208 16206 16207
16207 16205 16209
16208 16207 16210
16210 16207 16209
16210 16209 16211
16212 16213 16214
16215 16214 16213
16215 16216 16214
16214 16216 16217
16218 16217 16216
16219 16216 16215
16218 16216 16219
16219 16215 16220
16221 16218 16219
16222 16219 16220
16221 16219 16222
16222 16220 16223
16224 16221 16222
16225 16222 16223
16224 16222 16225
16225 16223 16226
16227 16224 16225
16228 16225 16226
16227 16225 16228
16228 16226 16229
16230 16227 16228
16229 16231 16228
16230 16228 16231
16229 16232 16231
16233 16230 16231
16231 16232 16234
16233 16231 16235
16231 16234 16235
16235 16236 16233
16237 16235 16234
16235 16238 16236
16237 16238 16235
16239 16236 16238
16240 16238 16237
16239 16238 16240
16240 16237 16241
16242 16239 16240
16243 16240 16241
16242 16240 16244
16243 16244 16240
16244 16245 16242
16245 16246 16242
16247 16244 16243
16248 16247 16243
16249 16246 16245
16249 16250 16246
16244 16251 16245
16247 16251 16244
16252 16245 16251
16252 16251 16247
16252 16249 16245
16248 16253 16247
16252 16247 16253
16248 16254 16253
16250 16249 16255
16250 16255 16256
16249 16252 16257
16249 16257 16255
16253 16254 16258
16254 16259 16258
16258 16259 16260
16252 16253 16261
16252 16261 16257
16253 16258 16261
16258 16260 16262
16261 16258 16262
16262 16260 16263
16256 16255 16264
16256 16264 16265
16255 16257 16266
16266 16257 16261
16255 16266 16264
16261 16262 16267
16266 16261 16267
16262 16263 16268
16267 16262 16268
16265 16264 16269
16265 16269 16270
16264 16266 16271
16271 16266 16267
16264 16271 16269
16272 16270 16269
16272 16273 16270
16269 16274 16272
16269 16271 16274
16271 16275 16274
16271 16267 16276
16271 16276 16275
16267 16268 16276
16276 16277 16275
16276 16268 16277
16263 16277 16268
16263 16278 16277
16279 16280 16281
16279 16282 16280
16280 16282 16283
16282 16284 16283
16285 16282 16279
16282 16286 16284
16285 16286 16282
16287 16284 16286
16288 16286 16285
16287 16286 16288
16288 16285 16289
16290 16287 16288
16291 16288 16289
16290 16288 16291
16291 16289 16292
16291 16293 16290
16294 16291 16292
16291 16295 16293
16294 16295 16291
16295 16294 16296
16297 16298 16299
16297 16300 16298
16300 16301 16298
16300 16302 16301
16301 16302 16303
16301 16303 16304
16305 16304 16303
16305 16303 16306
16307 16305 16306
16307 16306 16308
16309 16307 16308
16310 16311 16312
16310 16312 16313
16314 16310 16313
16313 16312 16315
16314 16313 16316
16316 16313 16315
16316 16317 16314
16316 16315 16318
16319 16317 16316
16319 16316 16318
16320 16321 16322
16320 16322 16323
16322 16324 16323
16322 16325 16324
16326 16324 16325
16326 16325 16327
16328 16326 16327
16329 16326 16328
16329 16330 16326
16330 16324 16326
16329 16331 16330
16330 16332 16324
16331 16332 16330
16323 16324 16332
16331 16333 16332
16323 16332 16334
16334 16332 16333
16320 16323 16334
16334 16333 16335
16320 16334 16336
16336 16334 16335
16336 16337 16320
16336 16335 16338
16338 16337 16336
16338 16339 16337
16340 16341 16342
16340 16342 16343
16343 16344 16340
16343 16342 16345
16343 16346 16344
16345 16346 16343
16347 16344 16346
16345 16348 16346
16349 16348 16345
16349 16350 16348
16347 16346 16351
16351 16346 16348
16352 16347 16351
16350 16353 16348
16351 16348 16353
16352 16351 16353
16350 16354 16353
16352 16353 16355
16354 16355 16353
16356 16357 16358
16356 16359 16357
16357 16359 16360
16357 16360 16361
16360 16362 16361
16360 16363 16362
16364 16362 16363
16364 16363 16365
16366 16364 16365
16366 16365 16367
16368 16366 16367
16368 16367 16369
16370 16368 16369
16370 16369 16371
16372 16373 16374
16372 16375 16373
16376 16375 16372
16375 16377 16373
16376 16378 16375
16375 16379 16377
16379 16375 16378
16379 16378 16380
16379 16381 16377
16382 16379 16380
16379 16382 16381
16382 16380 16383
16384 16382 16383
16385 16381 16382
16384 16385 16382
16385 16386 16381
16387 16385 16384
16386 16385 16387
16387 16384 16388
16386 16387 16389
16390 16387 16388
16389 16387 16390
16389 16390 16391
16392 16393 16394
16392 16394 16395
16396 16395 16394
16397 16396 16394
16396 16398 16395
16399 16392 16395
16398 16399 16395
16398 16400 16399
16399 16401 16392
16399 16400 16402
16401 16399 16403
16399 16402 16403
16401 16403 16404
16405 16404 16403
16406 16403 16402
16405 16403 16406
16406 16402 16407
16408 16405 16406
16409 16406 16407
16408 16406 16409
16409 16407 16410
16411 16408 16409
16411 16409 16410
16411 16410 16412
16413 16414 16415
16413 16416 16414
16417 16416 16413
16417 16413 16418
16419 16416 16417
16416 16420 16414
16414 16420 16421
16421 16420 16422
16419 16423 16416
16416 16423 16420
16424 16423 16419
16420 16425 16422
16423 16425 16420
16425 16426 16422
16425 16427 16426
16424 16428 16423
16423 16428 16425
16429 16428 16424
16425 16430 16427
16428 16430 16425
16430 16431 16427
16429 16432 16428
16428 16432 16430
16433 16432 16429
16430 16434 16431
16432 16434 16430
16434 16435 16431
16433 16436 16432
16432 16436 16434
16437 16436 16433
16434 16438 16435
16436 16438 16434
16438 16439 16435
16438 16440 16439
16437 16441 16436
16436 16441 16438
16441 16440 16438
16442 16441 16437
16441 16443 16440
16442 16443 16441
16444 16445 16446
16444 16447 16445
16448 16447 16444
16448 16444 16449
16450 16447 16448
16445 16447 16451
16450 16451 16447
16445 16451 16452
16453 16451 16450
16454 16452 16451
16453 16454 16451
16454 16455 16452
16456 16454 16453
16456 16455 16454
16453 16457 16456
16457 16453 16458
16459 16457 16458
16457 16459 16460
16461 16457 16460
16457 16461 16462
16457 16462 16463
16463 16464 16457
16464 16456 16457
16464 16463 16465
16464 16465 16466
16466 16465 16467
16468 16455 16456
16464 16469 16456
16468 16456 16469
16470 16469 16464
16470 16464 16466
16470 16468 16469
16471 16455 16468
16471 16472 16455
16473 16472 16471
16466 16467 16474
16466 16475 16470
16466 16474 16475
16470 16476 16468
16476 16470 16475
16477 16471 16468
16477 16468 16476
16478 16473 16471
16478 16471 16477
16467 16479 16474
16467 16480 16479
16479 16480 16481
16482 16479 16481
16483 16475 16474
16483 16474 16479
16476 16475 16484
16483 16484 16475
16485 16477 16476
16485 16476 16484
16479 16482 16486
16479 16486 16483
16483 16487 16484
16484 16487 16485
16486 16487 16483
16488 16478 16477
16488 16477 16485
16489 16478 16488
16485 16490 16488
16490 16489 16488
16491 16486 16482
16492 16491 16482
16491 16492 16493
16487 16494 16485
16485 16494 16490
16494 16487 16495
16490 16494 16495
16486 16496 16487
16487 16496 16495
16489 16497 16478
16497 16473 16478
16497 16498 16473
16499 16498 16497
16499 16497 16500
16500 16497 16489
16500 16489 16501
16489 16502 16501
16490 16503 16489
16489 16503 16502
16490 16495 16504
16504 16503 16490
16505 16502 16503
16504 16505 16503
16505 16506 16502
16504 16495 16507
16495 16496 16507
16508 16505 16504
16504 16507 16508
16508 16507 16509
16510 16506 16505
16508 16510 16505
16510 16511 16506
16512 16511 16510
16512 16510 16508
16512 16513 16511
16514 16513 16512
16514 16515 16513
16512 16508 16516
16508 16509 16516
16516 16514 16512
16496 16517 16507
16509 16507 16517
16518 16517 16496
16518 16496 16486
16491 16518 16486
16519 16517 16518
16509 16517 16519
16509 16519 16520
16519 16518 16521
16521 16518 16491
16521 16520 16519
16509 16522 16516
16516 16522 16514
16521 16491 16523
16491 16493 16523
16523 16493 16524
16521 16523 16525
16523 16524 16525
16521 16525 16526
16521 16526 16520
16527 16525 16524
16526 16525 16527
16527 16524 16528
16527 16528 16529
16528 16530 16529
16529 16530 16531
16529 16531 16532
16526 16527 16533
16520 16526 16533
16529 16533 16527
16529 16532 16534
16532 16535 16534
16532 16536 16535
16536 16537 16535
16536 16538 16537
16537 16538 16539
16535 16540 16534
16537 16540 16535
16537 16539 16541
16541 16539 16542
16541 16542 16543
16543 16542 16544
16543 16544 16545
16546 16545 16544
16546 16547 16545
16548 16547 16546
16549 16543 16545
16547 16549 16545
16550 16541 16543
16549 16550 16543
16551 16537 16541
16550 16551 16541
16537 16552 16540
16551 16552 16537
16553 16550 16549
16554 16551 16550
16553 16554 16550
16555 16552 16551
16554 16555 16551
16540 16552 16556
16555 16556 16552
16557 16556 16555
16540 16556 16558
16558 16556 16557
16534 16540 16558
16559 16555 16554
16557 16555 16559
16534 16558 16560
16529 16534 16560
16549 16561 16553
16549 16547 16561
16562 16554 16553
16559 16554 16562
16558 16557 16563
16560 16558 16563
16564 16529 16560
16529 16564 16533
16565 16560 16563
16564 16560 16565
16564 16566 16533
16520 16533 16566
16567 16565 16563
16557 16567 16563
16568 16564 16565
16564 16568 16566
16567 16568 16565
16566 16569 16520
16568 16569 16566
16568 16567 16570
16568 16570 16569
16571 16520 16569
16571 16569 16570
16509 16520 16571
16509 16571 16522
16522 16571 16570
16557 16572 16567
16567 16572 16570
16522 16570 16573
16573 16570 16572
16514 16522 16573
16574 16572 16557
16573 16572 16574
16574 16557 16559
16575 16574 16559
16573 16574 16575
16575 16559 16562
16514 16573 16576
16576 16573 16575
16577 16575 16562
16575 16577 16576
16577 16578 16576
16579 16514 16576
16579 16576 16578
16579 16515 16514
16577 16562 16580
16578 16577 16580
16562 16553 16580
16580 16553 16561
16581 16515 16579
16578 16581 16579
16515 16581 16582
16578 16582 16581
16582 16583 16515
16578 16580 16584
16580 16561 16584
16585 16578 16584
16582 16578 16585
16586 16584 16561
16586 16585 16584
16586 16582 16585
16547 16586 16561
16583 16582 16587
16587 16588 16583
16587 16589 16588
16548 16589 16587
16547 16590 16586
16548 16590 16547
16586 16591 16582
16591 16587 16582
16590 16591 16586
16548 16592 16590
16548 16587 16592
16590 16592 16591
16592 16587 16591
16593 16594 16595
16593 16595 16596
16597 16593 16596
16596 16595 16598
16597 16596 16599
16600 16597 16599
16600 16599 16601
16602 16600 16601
16596 16598 16603
16599 16596 16603
16598 16604 16603
16603 16604 16605
16605 16604 16606
16605 16606 16607
16599 16603 16608
16601 16599 16608
16603 16605 16608
16602 16601 16609
16610 16602 16609
16611 16610 16609
16605 16607 16612
16612 16607 16613
16612 16613 16614
16614 16613 16615
16605 16612 16616
16616 16612 16614
16608 16605 16617
16605 16616 16617
16601 16608 16618
16608 16617 16618
16611 16609 16619
16620 16611 16619
16620 16619 16621
16619 16622 16621
16619 16623 16622
16609 16623 16619
16624 16622 16623
16601 16625 16609
16609 16625 16623
16625 16601 16626
16601 16618 16626
16623 16625 16626
16624 16623 16627
16623 16626 16627
16628 16624 16627
16628 16627 16629
16626 16629 16627
16629 16630 16628
16618 16631 16626
16626 16631 16629
16618 16617 16631
16629 16632 16630
16631 16632 16629
16617 16632 16631
16633 16630 16632
16616 16632 16617
16632 16634 16633
16616 16634 16632
16635 16633 16634
16634 16616 16614
16635 16634 16614
16636 16635 16614
16636 16637 16635
16614 16615 16636
16638 16637 16636
16639 16636 16615
16638 16636 16639
16639 16615 16640
16641 16639 16640
16642 16638 16639
16641 16642 16639
16642 16643 16638
16644 16642 16641
16645 16643 16642
16644 16645 16642
16645 16646 16643
16647 16645 16644
16648 16646 16645
16647 16648 16645
16648 16649 16646
16648 16647 16650
16651 16649 16648
16648 16650 16651
16651 16652 16649
16653 16651 16650
16654 16652 16651
16653 16654 16651
16654 16655 16652
16656 16655 16654
16657 16654 16653
16656 16654 16657
16657 16653 16658
16659 16657 16658
16660 16656 16657
16659 16660 16657
16660 16661 16656
16660 16659 16662
16663 16661 16660
16660 16662 16664
16663 16660 16664
16664 16662 16665
16666 16663 16664
16664 16665 16667
16666 16664 16667
16667 16665 16668
16669 16666 16667
16667 16668 16670
16669 16667 16670
16670 16668 16671
16669 16670 16672
16670 16671 16672
16669 16672 16673
16671 16674 16672
16674 16673 16672
16671 16675 16674
16674 16676 16673
16677 16674 16675
16678 16676 16674
16677 16678 16674
16679 16678 16677
16679 16680 16678
16681 16682 16683
16681 16684 16682
16685 16684 16681
16682 16684 16686
16682 16686 16687
16685 16688 16684
16689 16688 16685
16689 16690 16688
16688 16690 16691
16684 16688 16692
16684 16692 16686
16688 16691 16692
16687 16686 16693
16692 16693 16686
16687 16693 16694
16691 16695 16692
16692 16695 16693
16691 16696 16695
16695 16696 16697
16698 16694 16693
16698 16693 16695
16698 16695 16697
16698 16699 16694
16700 16698 16697
16701 16699 16698
16700 16701 16698
16702 16701 16700
16701 16703 16699
16702 16704 16701
16704 16703 16701
16704 16705 16703
16706 16707 16708
16706 16709 16707
16709 16706 16710
16711 16707 16709
16711 16712 16707
16709 16710 16713
16713 16710 16714
16715 16711 16709
16715 16709 16713
16716 16712 16711
16716 16711 16715
16716 16717 16712
16713 16714 16718
16715 16713 16718
16718 16714 16719
16718 16719 16720
16721 16720 16719
16715 16718 16722
16722 16718 16720
16716 16715 16723
16723 16715 16722
16724 16717 16716
16724 16725 16717
16724 16726 16725
16724 16727 16726
16728 16727 16724
16729 16724 16716
16728 16724 16729
16729 16716 16723
16730 16728 16729
16723 16722 16731
16729 16723 16731
16730 16729 16732
16729 16731 16732
16733 16730 16732
16734 16731 16722
16734 16732 16731
16720 16734 16722
16733 16732 16735
16734 16735 16732
16720 16736 16734
16736 16735 16734
16737 16733 16735
16736 16737 16735
16737 16738 16733
16739 16738 16737
16720 16740 16736
16721 16740 16720
16721 16741 16740
16742 16737 16736
16740 16742 16736
16742 16739 16737
16741 16742 16740
16739 16742 16743
16741 16743 16742
16741 16744 16743
16739 16743 16745
16743 16744 16746
16745 16743 16747
16743 16746 16747
16745 16747 16748
16746 16749 16747
16749 16748 16747
16746 16750 16749
16749 16751 16748
16752 16749 16750
16751 16749 16752
16752 16750 16753
16751 16752 16754
16755 16752 16753
16754 16752 16756
16755 16756 16752
16754 16756 16757
16756 16755 16758
16757 16756 16759
16756 16758 16759
16757 16759 16760
16759 16758 16761
16760 16759 16762
16759 16761 16762
16760 16762 16763
16762 16761 16764
16763 16762 16765
16762 16764 16765
16763 16765 16766
16765 16764 16767
16766 16765 16768
16765 16767 16768
16766 16768 16769
16770 16769 16768
16767 16770 16768
16767 16771 16770
16772 16770 16771
16773 16774 16775
16773 16775 16776
16775 16777 16776
16776 16777 16778
16779 16773 16776
16776 16778 16780
16779 16776 16780
16781 16780 16778
16782 16779 16780
16781 16782 16780
16782 16783 16779
16784 16782 16781
16785 16783 16782
16784 16785 16782
16785 16786 16783
16785 16784 16787
16788 16786 16785
16785 16787 16789
16788 16785 16789
16789 16790 16788
16791 16792 16793
16791 16793 16794
16794 16793 16795
16794 16795 16796
16795 16797 16796
16795 16798 16797
16799 16797 16798
16799 16800 16797
16801 16800 16799
16801 16802 16800
16803 16802 16801
16804 16805 16806
16804 16807 16805
16808 16807 16804
16807 16809 16805
16808 16810 16807
16810 16809 16807
16810 16808 16811
16810 16812 16809
16813 16810 16811
16813 16812 16810
16814 16815 16816
16814 16817 16815
16815 16817 16818
16815 16818 16819
16820 16819 16818
16820 16821 16819
16822 16821 16820
16823 16822 16820
16823 16820 16824
16824 16820 16818
16823 16824 16825
16824 16818 16826
16825 16824 16826
16817 16826 16818
16825 16826 16827
16817 16828 16826
16828 16827 16826
16814 16828 16817
16828 16829 16827
16814 16830 16828
16830 16829 16828
16830 16814 16831
16830 16832 16829
16832 16830 16831
16832 16831 16833
16834 16835 16836
16834 16837 16835
16837 16834 16838
16837 16839 16835
16837 16838 16840
16839 16837 16840
16841 16840 16838
16839 16840 16842
16843 16839 16842
16843 16842 16844
16841 16845 16840
16845 16842 16840
16846 16845 16841
16844 16842 16847
16845 16847 16842
16846 16847 16845
16844 16847 16848
16846 16849 16847
16848 16847 16849
16850 16851 16852
16850 16852 16853
16852 16854 16853
16852 16855 16854
16854 16855 16856
16854 16856 16857
16858 16857 16856
16858 16859 16857
16860 16859 16858
16860 16861 16859
16862 16861 16860
16862 16863 16861
16864 16863 16862
16864 16865 16863
16866 16867 16868
16866 16868 16869
16870 16866 16869
16869 16868 16871
16870 16869 16872
16869 16871 16873
16873 16872 16869
16873 16874 16872
16873 16871 16875
16876 16874 16873
16873 16875 16876
16876 16877 16874
16878 16877 16876
16879 16876 16875
16878 16876 16879
16879 16875 16880
16881 16878 16879
16880 16881 16879
16881 16882 16878
16880 16883 16881
16884 16882 16881
16883 16884 16881
16883 16885 16884
16886 16887 16888
16886 16889 16887
16890 16887 16889
16891 16887 16890
16890 16889 16892
16893 16889 16886
16892 16889 16893
16892 16893 16894
16893 16886 16895
16893 16896 16894
16895 16897 16893
16893 16897 16896
16895 16898 16897
16899 16897 16898
16900 16896 16897
16899 16900 16897
16900 16901 16896
16902 16900 16899
16903 16901 16900
16902 16903 16900
16903 16904 16901
16905 16903 16902
16905 16904 16903
16905 16906 16904
16907 16908 16909
16907 16909 16910
16910 16909 16911
16912 16913 16914
16914 16913 16915
16914 16915 16916
16917 16918 16919
16920 16918 16917
16920 16921 16918
16920 16922 16921
16923 16922 16920
16920 16924 16923
16924 16925 16923
16923 16925 16926
16924 16927 16925
16925 16928 16926
16925 16927 16929
16928 16925 16929
16929 16927 16930
16928 16929 16931
16932 16928 16931
16932 16931 16933
16929 16930 16934
16931 16929 16934
16933 16931 16935
16931 16934 16935
16933 16935 16936
16937 16936 16935
16930 16938 16934
16938 16935 16934
16930 16939 16938
16937 16935 16940
16938 16940 16935
16938 16939 16941
16940 16938 16941
16937 16940 16942
16940 16941 16942
16942 16943 16937
16944 16943 16942
16939 16945 16941
16945 16942 16941
16945 16944 16942
16939 16946 16945
16946 16947 16945
16948 16944 16945
16947 16948 16945
16948 16947 16949
16948 16949 16950
16949 16951 16950
16949 16952 16951
16951 16952 16953
16954 16955 16956
16955 16957 16956
16958 16956 16957
16957 16955 16959
16959 16955 16960
16958 16957 16961
16962 16958 16961
16963 16959 16960
16963 16960 16964
16965 16957 16959
16965 16961 16957
16965 16959 16963
16964 16966 16963
16964 16967 16966
16965 16963 16968
16968 16963 16966
16965 16969 16961
16969 16965 16968
16962 16961 16970
16969 16970 16961
16971 16962 16970
16971 16972 16962
16969 16973 16970
16971 16970 16973
16969 16968 16974
16973 16969 16974
16975 16966 16967
16966 16975 16976
16975 16967 16977
16968 16966 16978
16974 16968 16978
16966 16976 16978
16979 16975 16977
16976 16975 16979
16979 16977 16980
16979 16980 16981
16982 16979 16981
16983 16982 16981
16976 16979 16984
16982 16984 16979
16983 16985 16982
16985 16983 16986
16982 16987 16984
16985 16987 16982
16974 16978 16988
16989 16978 16976
16989 16988 16978
16989 16976 16990
16976 16991 16990
16976 16984 16991
16992 16991 16984
16987 16992 16984
16987 16993 16992
16994 16993 16987
16988 16989 16995
16994 16987 16996
16985 16996 16987
16997 16994 16996
16998 16997 16996
16999 16988 16995
16999 16995 17000
17001 16999 17000
16988 16999 17002
17001 17002 16999
16988 17002 16974
16973 16974 17002
16996 16985 17003
16985 16986 17003
16998 16996 17004
16996 17003 17004
17005 16998 17004
16986 17006 17003
17004 17003 17006
17005 17004 17006
16986 17007 17006
17008 17006 17007
17009 17005 17006
17008 17009 17006
17009 17010 17005
17011 17009 17008
17012 17010 17009
17011 17012 17009
17012 17013 17010
17014 17012 17011
17012 17015 17013
17014 17015 17012
17014 17016 17015
17015 17017 17013
17016 17017 17015
17016 17018 17017
17018 17016 17019
17020 17021 17016
17016 17022 17020
17016 17023 17022
17024 17023 17016
17025 17022 17023
17024 17026 17023
17026 17025 17023
17024 17027 17026
17026 17028 17025
17029 17026 17027
17026 17030 17028
17029 17030 17026
17030 17031 17028
17032 17030 17029
17030 17032 17031
17032 17029 17033
17034 17032 17033
17031 17032 17035
17031 17035 17036
17036 17035 17037
17036 17037 17038
17038 17037 17039
17032 17040 17035
17034 17040 17032
17037 17035 17040
17041 17040 17034
17037 17040 17041
17041 17034 17042
17042 17043 17041
17043 17037 17041
17042 17044 17043
17037 17045 17039
17043 17045 17037
17045 17046 17039
17045 17047 17046
17045 17048 17047
17043 17048 17045
17048 17049 17047
17050 17049 17048
17051 17049 17050
17052 17051 17050
17043 17044 17053
17043 17053 17048
17050 17048 17053
17044 17054 17053
17054 17055 17053
17055 17056 17053
17050 17053 17056
17056 17055 17057
17056 17057 17058
17058 17050 17056
17059 17058 17057
17052 17050 17060
17058 17060 17050
17059 17061 17058
17061 17059 17062
17052 17060 17063
17063 17064 17052
17065 17060 17058
17065 17058 17061
17061 17062 17066
17066 17062 17067
17068 17061 17066
17068 17065 17061
17069 17060 17065
17069 17063 17060
17070 17064 17063
17070 17071 17064
17072 17071 17070
17063 17073 17070
17063 17069 17073
17072 17070 17073
17066 17067 17074
17068 17066 17074
17075 17069 17065
17075 17065 17068
17076 17073 17069
17076 17069 17075
17077 17074 17067
17078 17077 17067
17079 17074 17077
17068 17074 17080
17079 17080 17074
17068 17080 17075
17081 17080 17079
17075 17080 17082
17081 17082 17080
17075 17082 17076
17083 17082 17081
17083 17076 17082
17083 17081 17084
17085 17073 17076
17072 17073 17085
17083 17086 17076
17085 17076 17086
17087 17083 17084
17087 17084 17088
17087 17088 17089
17083 17090 17086
17090 17085 17086
17083 17087 17090
17091 17072 17085
17090 17091 17085
17087 17089 17092
17092 17090 17087
17091 17093 17072
17093 17094 17072
17095 17094 17093
17095 17093 17096
17091 17096 17093
17097 17091 17090
17092 17097 17090
17098 17092 17089
17099 17098 17089
17098 17099 17100
17098 17100 17101
17102 17098 17101
17098 17103 17092
17102 17103 17098
17103 17097 17092
17104 17103 17102
17097 17105 17091
17091 17105 17096
17103 17106 17097
17106 17105 17097
17104 17106 17103
17106 17096 17105
17106 17107 17096
17107 17106 17104
17108 17096 17107
17095 17096 17108
17109 17095 17108
17109 17108 17110
17111 17109 17110
17112 17110 17108
17108 17107 17112
17113 17111 17110
17112 17113 17110
17112 17107 17114
17113 17112 17114
17107 17104 17115
17107 17115 17114
17115 17104 17116
17117 17116 17104
17117 17118 17116
17117 17119 17118
17117 17120 17119
17119 17120 17121
17113 17122 17111
17122 17123 17111
17114 17115 17124
17115 17116 17124
17125 17114 17124
17113 17114 17126
17126 17114 17125
17116 17127 17124
17127 17125 17124
17116 17128 17127
17128 17116 17129
17122 17130 17123
17131 17130 17122
17123 17130 17132
17132 17130 17131
17133 17122 17113
17133 17113 17126
17131 17122 17133
17134 17133 17126
17131 17133 17134
17127 17135 17125
17128 17135 17127
17132 17131 17136
17137 17132 17136
17138 17137 17136
17139 17137 17138
17131 17140 17136
17138 17136 17140
17134 17126 17141
17126 17125 17141
17125 17142 17141
17142 17134 17141
17135 17143 17125
17125 17143 17142
17144 17142 17143
17144 17143 17145
17131 17146 17140
17131 17134 17146
17142 17147 17134
17148 17134 17147
17148 17146 17134
17149 17140 17146
17149 17146 17148
17140 17149 17150
17138 17140 17150
17135 17151 17143
17143 17152 17145
17143 17151 17153
17154 17151 17135
17128 17154 17135
17151 17155 17153
17155 17156 17153
17154 17157 17151
17151 17157 17155
17158 17157 17154
17155 17157 17158
17155 17158 17159
17156 17155 17159
17160 17156 17159
17161 17154 17128
17161 17128 17162
17128 17129 17162
17163 17161 17162
17129 17164 17162
17163 17162 17164
17129 17165 17164
17164 17165 17166
17164 17166 17167
17166 17168 17167
17166 17169 17168
17169 17170 17168
17169 17171 17170
17170 17171 17172
17173 17163 17164
17173 17174 17163
17175 17174 17173
17175 17173 17176
17175 17176 17177
17175 17177 17178
17177 17179 17178
17177 17180 17179
17181 17179 17180
17181 17180 17182
17183 17181 17182
17183 17184 17181
17183 17185 17184
17186 17187 17188
17186 17189 17187
17186 17190 17189
17186 17191 17190
17192 17190 17191
17193 17190 17192
17193 17192 17194
17186 17195 17191
17186 17196 17195
17197 17195 17196
17186 17198 17196
17199 17194 17192
17192 17191 17200
17199 17192 17200
17195 17201 17191
17191 17202 17200
17191 17201 17202
17197 17203 17195
17195 17203 17201
17199 17200 17204
17202 17204 17200
17205 17203 17197
17201 17203 17205
17206 17197 17196
17207 17206 17196
17207 17196 17208
17206 17207 17209
17210 17206 17209
17210 17211 17206
17206 17211 17197
17211 17210 17212
17197 17211 17212
17210 17213 17212
17213 17214 17212
17205 17197 17215
17197 17212 17215
17212 17214 17216
17212 17217 17215
17212 17216 17217
17214 17218 17216
17216 17218 17217
17218 17214 17219
17218 17220 17217
17221 17217 17220
17222 17215 17217
17221 17222 17217
17222 17205 17215
17223 17222 17221
17218 17219 17224
17225 17218 17224
17224 17219 17226
17223 17227 17222
17227 17205 17222
17228 17227 17223
17225 17224 17229
17229 17230 17225
17224 17226 17231
17229 17224 17231
17227 17232 17205
17201 17205 17232
17228 17233 17227
17233 17232 17227
17234 17233 17228
17235 17201 17232
17233 17235 17232
17235 17202 17201
17229 17236 17230
17237 17230 17236
17238 17231 17226
17239 17238 17226
17238 17239 17240
17229 17231 17241
17238 17241 17231
17241 17236 17229
17242 17235 17233
17234 17242 17233
17202 17235 17243
17242 17243 17235
17242 17234 17244
17242 17244 17243
17245 17244 17234
17238 17246 17241
17246 17238 17240
17245 17247 17244
17248 17247 17245
17241 17249 17236
17246 17249 17241
17202 17243 17250
17202 17250 17204
17244 17251 17243
17251 17244 17247
17248 17252 17247
17253 17252 17248
17253 17254 17252
17250 17243 17255
17251 17255 17243
17256 17251 17247
17247 17252 17256
17251 17256 17255
17252 17254 17257
17256 17252 17257
17257 17254 17258
17259 17204 17250
17250 17255 17259
17255 17256 17260
17256 17257 17260
17257 17258 17261
17257 17261 17260
17262 17261 17258
17255 17260 17263
17261 17263 17260
17259 17255 17263
17264 17261 17262
17261 17264 17263
17264 17262 17265
17266 17264 17265
17266 17265 17267
17266 17267 17268
17269 17266 17268
17270 17269 17268
17264 17271 17263
17259 17263 17271
17271 17272 17259
17264 17273 17271
17266 17273 17264
17272 17271 17273
17272 17274 17259
17259 17274 17204
17274 17199 17204
17274 17275 17199
17272 17275 17274
17266 17276 17273
17272 17273 17276
17275 17277 17199
17199 17277 17194
17277 17278 17194
17278 17279 17194
17277 17280 17278
17280 17277 17281
17275 17281 17277
17280 17281 17282
17283 17282 17281
17272 17284 17275
17281 17275 17284
17285 17272 17276
17285 17284 17272
17283 17281 17286
17281 17284 17286
17287 17283 17286
17284 17287 17286
17284 17285 17287
17287 17288 17283
17289 17285 17276
17266 17289 17276
17266 17290 17289
17289 17291 17285
17291 17287 17285
17290 17291 17289
17288 17287 17292
17291 17292 17287
17288 17292 17293
17292 17294 17293
17291 17295 17292
17292 17295 17294
17295 17291 17296
17290 17296 17291
17294 17295 17297
17297 17295 17296
17294 17297 17298
17299 17298 17297
17296 17299 17297
17296 17300 17299
17290 17300 17296
17300 17301 17299
17302 17301 17300
17303 17302 17300
17304 17302 17303
17290 17305 17300
17303 17300 17305
17306 17305 17290
17307 17303 17305
17307 17305 17306
17304 17303 17308
17307 17308 17303
17309 17306 17290
17266 17309 17290
17269 17309 17266
17269 17306 17309
17307 17310 17308
17311 17307 17306
17307 17311 17310
17304 17308 17312
17312 17308 17310
17304 17312 17313
17312 17310 17314
17314 17310 17315
17316 17315 17310
17316 17310 17311
17317 17304 17313
17311 17306 17318
17269 17318 17306
17311 17319 17316
17319 17311 17318
17319 17320 17316
17319 17321 17320
17317 17322 17304
17322 17323 17304
17324 17318 17269
17319 17318 17324
17319 17325 17321
17325 17319 17324
17321 17325 17326
17321 17326 17327
17327 17326 17328
17326 17329 17328
17326 17330 17329
17317 17331 17322
17317 17332 17331
17324 17269 17333
17270 17333 17269
17325 17324 17334
17326 17325 17334
17334 17324 17333
17330 17326 17335
17326 17334 17335
17336 17335 17334
17330 17335 17337
17337 17335 17336
17337 17336 17338
17338 17336 17339
17336 17340 17339
17336 17341 17340
17342 17333 17270
17334 17333 17342
17336 17334 17342
17341 17336 17342
17342 17270 17343
17341 17342 17343
17344 17345 17346
17347 17344 17346
17348 17347 17346
17348 17346 17349
17349 17350 17348
17349 17351 17350
17352 17348 17350
17352 17353 17348
17353 17347 17348
17353 17352 17354
17353 17354 17355
17356 17355 17354
17356 17357 17355
17358 17357 17356
17359 17353 17355
17357 17359 17355
17353 17360 17347
17359 17360 17353
17347 17361 17344
17360 17361 17347
17344 17361 17362
17362 17361 17360
17344 17362 17363
17362 17364 17363
17365 17360 17359
17362 17360 17365
17362 17366 17364
17366 17367 17364
17362 17368 17366
17368 17362 17365
17368 17365 17369
17365 17370 17369
17365 17359 17371
17365 17371 17370
17357 17371 17359
17372 17370 17371
17357 17372 17371
17373 17372 17357
17358 17373 17357
17373 17374 17372
17358 17375 17373
17375 17374 17373
17358 17376 17375
17375 17377 17374
17376 17378 17375
17378 17377 17375
17379 17380 17381
17380 17382 17381
17381 17382 17383
17380 17384 17382
17380 17385 17384
17382 17386 17383
17386 17387 17383
17382 17388 17386
17382 17384 17388
17385 17389 17384
17385 17390 17389
17386 17391 17387
17388 17391 17386
17384 17392 17388
17384 17389 17392
17390 17393 17389
17390 17394 17393
17395 17387 17391
17395 17396 17387
17397 17395 17391
17388 17398 17391
17397 17391 17398
17392 17398 17388
17399 17397 17398
17399 17398 17400
17392 17400 17398
17401 17399 17400
17389 17402 17392
17402 17400 17392
17389 17393 17402
17401 17400 17403
17402 17403 17400
17404 17401 17403
17393 17405 17402
17405 17403 17402
17404 17403 17406
17405 17406 17403
17406 17407 17404
17393 17408 17405
17394 17408 17393
17394 17409 17408
17410 17406 17405
17408 17410 17405
17406 17411 17407
17410 17411 17406
17411 17412 17407
17409 17413 17408
17409 17414 17413
17408 17415 17410
17413 17415 17408
17414 17416 17413
17416 17415 17413
17414 17417 17416
17418 17411 17410
17415 17418 17410
17411 17419 17412
17418 17419 17411
17419 17420 17412
17417 17421 17416
17417 17422 17421
17416 17423 17415
17415 17423 17418
17421 17423 17416
17424 17419 17418
17423 17424 17418
17419 17425 17420
17424 17425 17419
17425 17426 17420
17422 17427 17421
17422 17428 17427
17429 17427 17428
17421 17430 17423
17423 17430 17424
17427 17430 17421
17431 17425 17424
17430 17431 17424
17425 17432 17426
17431 17432 17425
17433 17432 17431
17432 17434 17426
17430 17435 17431
17427 17435 17430
17435 17433 17431
17429 17436 17427
17436 17435 17427
17432 17437 17434
17433 17437 17432
17438 17436 17429
17438 17429 17439
17438 17439 17440
17436 17441 17435
17435 17441 17433
17442 17436 17438
17442 17441 17436
17438 17440 17443
17443 17442 17438
17444 17441 17442
17444 17433 17441
17440 17445 17443
17440 17446 17445
17447 17443 17445
17443 17448 17442
17448 17444 17442
17447 17448 17443
17448 17449 17444
17447 17449 17448
17444 17450 17433
17449 17450 17444
17450 17451 17433
17451 17437 17433
17447 17452 17449
17447 17453 17452
17454 17452 17453
17454 17449 17452
17454 17453 17455
17449 17456 17450
17456 17451 17450
17454 17456 17449
17456 17457 17451
17457 17456 17454
17451 17458 17437
17457 17458 17451
17459 17454 17455
17457 17454 17459
17437 17458 17460
17437 17460 17434
17460 17461 17434
17462 17461 17460
17458 17462 17460
17462 17463 17461
17457 17464 17458
17458 17464 17462
17465 17463 17462
17464 17465 17462
17465 17466 17463
17467 17464 17457
17464 17467 17465
17467 17457 17459
17468 17466 17465
17467 17468 17465
17468 17469 17466
17470 17467 17459
17467 17470 17468
17471 17469 17468
17470 17471 17468
17471 17472 17469
17470 17459 17473
17459 17455 17473
17473 17455 17474
17475 17473 17474
17475 17470 17473
17470 17475 17471
17475 17476 17471
17476 17472 17471
17476 17477 17472
17477 17478 17472
17479 17480 17481
17479 17481 17482
17483 17479 17482
17481 17484 17482
17483 17482 17484
17481 17485 17484
17483 17484 17486
17487 17483 17486
17485 17488 17484
17485 17489 17488
17489 17490 17488
17489 17491 17490
17488 17490 17492
17484 17488 17493
17488 17492 17493
17484 17493 17486
17493 17492 17494
17493 17494 17495
17486 17493 17495
17495 17494 17496
17487 17486 17497
17486 17495 17497
17498 17487 17497
17495 17496 17499
17497 17495 17499
17498 17497 17499
17499 17496 17500
17498 17499 17501
17499 17500 17501
17498 17501 17502
17503 17501 17500
17501 17504 17502
17503 17505 17501
17501 17505 17504
17506 17505 17503
17506 17504 17505
17507 17508 17509
17507 17509 17510
17511 17507 17510
17510 17509 17512
17511 17510 17513
17514 17511 17513
17514 17513 17515
17510 17512 17516
17513 17510 17516
17516 17512 17517
17515 17513 17518
17513 17516 17518
17515 17518 17519
17516 17517 17520
17518 17516 17520
17520 17517 17521
17519 17518 17522
17518 17520 17522
17519 17522 17523
17522 17524 17523
17522 17525 17524
17520 17525 17522
17524 17525 17526
17520 17521 17527
17520 17527 17525
17527 17521 17528
17527 17528 17529
17525 17527 17529
17529 17528 17530
17525 17531 17526
17525 17529 17531
17526 17531 17532
17529 17530 17533
17531 17529 17533
17533 17530 17534
17531 17535 17532
17531 17533 17535
17536 17532 17535
17533 17534 17537
17535 17533 17537
17537 17534 17538
17536 17535 17539
17535 17537 17539
17540 17539 17537
17536 17539 17540
17537 17538 17541
17540 17537 17541
17538 17542 17541
17542 17540 17541
17538 17543 17542
17543 17544 17542
17543 17545 17544
17542 17546 17540
17544 17546 17542
17545 17547 17544
17545 17548 17547
17548 17549 17547
17548 17550 17549
17547 17549 17551
17547 17552 17544
17544 17552 17546
17553 17547 17551
17547 17553 17552
17553 17551 17554
17553 17554 17555
17552 17553 17555
17555 17554 17556
17546 17552 17557
17552 17555 17557
17555 17556 17558
17557 17555 17558
17557 17558 17559
17558 17556 17560
17558 17560 17561
17559 17558 17561
17559 17561 17562
17563 17559 17562
17546 17557 17564
17564 17557 17559
17540 17546 17564
17563 17565 17559
17565 17563 17566
17540 17564 17567
17536 17540 17567
17564 17559 17568
17567 17564 17568
17565 17568 17559
17567 17568 17569
17536 17567 17569
17569 17568 17565
17565 17566 17570
17569 17565 17570
17536 17569 17571
17570 17571 17569
17572 17536 17571
17566 17573 17570
17570 17573 17571
17566 17574 17573
17573 17574 17575
17576 17572 17571
17576 17571 17573
17577 17572 17576
17573 17575 17578
17576 17573 17578
17579 17577 17576
17578 17579 17576
17580 17577 17579
17580 17579 17581
17581 17582 17580
17575 17583 17578
17578 17583 17579
17575 17584 17583
17585 17583 17584
17586 17579 17583
17585 17586 17583
17581 17579 17586
17586 17585 17587
17586 17587 17588
17581 17586 17588
17588 17587 17589
17588 17589 17590
17581 17588 17590
17589 17591 17590
17591 17581 17590
17581 17592 17582
17591 17592 17581
17592 17593 17582
17591 17594 17592
17592 17594 17593
17591 17595 17594
17594 17596 17593
17596 17597 17593
17595 17598 17594
17594 17598 17596
17595 17599 17598
17600 17597 17596
17598 17600 17596
17600 17601 17597
17602 17598 17599
17602 17599 17603
17604 17601 17600
17604 17605 17601
17598 17606 17600
17602 17606 17598
17606 17604 17600
17603 17607 17602
17607 17606 17602
17603 17608 17607
17606 17609 17604
17607 17609 17606
17609 17610 17604
17611 17610 17609
17611 17609 17607
17608 17611 17607
17608 17612 17611
17613 17614 17615
17613 17615 17616
17617 17613 17616
17616 17615 17618
17617 17616 17619
17619 17616 17618
17620 17617 17619
17620 17619 17621
17619 17618 17622
17621 17619 17622
17621 17622 17623
17622 17618 17624
17623 17622 17625
17622 17624 17625
17625 17624 17626
17625 17626 17627
17626 17628 17627
17626 17629 17628
17628 17629 17630
17628 17630 17631
17630 17632 17631
17633 17634 17635
17633 17635 17636
17637 17633 17636
17637 17638 17633
17637 17639 17638
17640 17639 17637
17636 17635 17641
17640 17637 17642
17636 17641 17643
17643 17637 17636
17644 17643 17641
17642 17637 17645
17643 17645 17637
17646 17642 17645
17646 17647 17642
17646 17648 17647
17646 17649 17648
17650 17649 17646
17646 17651 17650
17644 17652 17643
17652 17645 17643
17646 17653 17651
17654 17651 17653
17655 17646 17645
17652 17655 17645
17655 17653 17646
17656 17652 17644
17656 17644 17657
17658 17656 17657
17652 17659 17655
17653 17655 17659
17652 17656 17659
17658 17660 17656
17658 17661 17660
17660 17662 17656
17661 17662 17660
17656 17662 17659
17661 17663 17662
17662 17663 17664
17653 17659 17665
17665 17654 17653
17666 17659 17662
17662 17664 17666
17666 17665 17659
17667 17666 17664
17667 17664 17668
17667 17668 17669
17666 17670 17665
17665 17670 17654
17671 17670 17666
17654 17670 17671
17671 17666 17667
17654 17671 17672
17654 17672 17673
17674 17673 17672
17674 17675 17673
17675 17674 17676
17674 17677 17676
17674 17678 17677
17674 17679 17678
17672 17671 17680
17671 17667 17680
17681 17667 17669
17682 17681 17669
17683 17667 17681
17682 17683 17681
17667 17683 17680
17682 17684 17683
17683 17684 17685
17686 17674 17672
17672 17680 17686
17687 17680 17683
17683 17685 17687
17687 17686 17680
17686 17688 17674
17674 17688 17679
17687 17688 17686
17679 17688 17689
17690 17679 17689
17690 17689 17691
17689 17692 17691
17689 17693 17692
17685 17694 17687
17687 17694 17688
17694 17689 17688
17685 17695 17694
17694 17696 17689
17696 17694 17695
17689 17696 17693
17696 17695 17697
17693 17696 17697
17693 17697 17698
17699 17700 17701
17700 17699 17702
17700 17702 17703
17704 17703 17702
17704 17702 17705
17705 17706 17704
17707 17706 17705
17707 17705 17708
17707 17708 17709
17710 17707 17709
17710 17711 17707
17708 17712 17709
17712 17710 17709
17711 17710 17713
17710 17714 17713
17712 17715 17710
17712 17716 17715
17715 17716 17717
17717 17716 17718
17710 17715 17719
17715 17717 17719
17710 17720 17714
17710 17719 17720
17721 17714 17720
17719 17721 17720
17721 17722 17714
17723 17722 17721
17724 17723 17721
17719 17725 17721
17721 17725 17724
17717 17725 17719
17717 17718 17726
17727 17726 17718
17724 17725 17728
17724 17728 17729
17728 17730 17729
17728 17731 17730
17728 17732 17731
17728 17733 17732
17725 17733 17728
17734 17732 17733
17717 17735 17725
17725 17735 17733
17726 17735 17717
17734 17733 17736
17736 17733 17735
17736 17735 17726
17737 17734 17736
17727 17738 17726
17726 17738 17736
17737 17736 17738
17738 17727 17739
17737 17738 17739
17740 17741 17742
17741 17743 17742
17741 17744 17743
17744 17745 17743
17744 17746 17745
17746 17747 17745
17745 17747 17748
17749 17748 17747
17749 17747 17750
17751 17749 17750
17752 17753 17754
17755 17752 17754
17755 17754 17756
17757 17755 17756
17758 17759 17760
17759 17758 17761
17762 17759 17761
17758 17763 17761
17758 17764 17763
17762 17761 17765
17765 17761 17763
17762 17765 17766
17767 17763 17764
17767 17764 17768
17769 17763 17767
17765 17763 17770
17771 17769 17767
17766 17765 17772
17772 17765 17770
17766 17772 17773
17772 17770 17774
17775 17767 17768
17771 17767 17775
17775 17768 17776
17777 17771 17775
17776 17777 17775
17777 17778 17771
17776 17779 17777
17780 17778 17777
17781 17777 17779
17780 17777 17781
17782 17780 17781
17781 17779 17783
17782 17781 17783
17782 17783 17784
17782 17785 17780
17782 17784 17786
17785 17782 17787
17788 17785 17787
17789 17788 17787
17782 17786 17790
17782 17790 17787
17790 17786 17791
17790 17791 17792
17787 17790 17792
17792 17791 17793
17789 17787 17794
17787 17792 17794
17795 17789 17794
17792 17793 17796
17794 17792 17796
17796 17793 17797
17795 17794 17798
17794 17796 17798
17799 17795 17798
17796 17797 17800
17798 17796 17800
17800 17797 17801
17799 17798 17802
17798 17800 17802
17803 17799 17802
17800 17801 17804
17802 17800 17804
17801 17805 17804
17801 17806 17805
17807 17805 17806
17802 17804 17808
17803 17802 17808
17805 17808 17804
17805 17803 17808
17805 17809 17803
17805 17810 17809
17807 17811 17805
17805 17811 17810
17812 17811 17807
17811 17813 17810
17812 17814 17811
17811 17814 17813
17815 17814 17812
17815 17813 17814
17816 17817 17818
17819 17818 17817
17818 17819 17820
17819 17817 17821
17822 17820 17819
17823 17819 17821
17822 17819 17823
17823 17821 17824
17822 17823 17825
17825 17823 17824
17826 17822 17825
17825 17824 17827
17826 17825 17828
17828 17825 17827
17828 17827 17829
17828 17829 17830
17828 17831 17826
17830 17832 17828
17828 17832 17831
17830 17833 17832
17832 17833 17834
17831 17832 17835
17835 17832 17834
17836 17835 17834
17835 17837 17831
17835 17836 17838
17835 17839 17837
17835 17838 17839
17840 17837 17839
17838 17841 17839
17840 17839 17841
17838 17842 17841
17841 17843 17840
17844 17841 17842
17841 17845 17843
17844 17845 17841
17845 17846 17843
17847 17845 17844
17845 17848 17846
17847 17848 17845
17849 17848 17847
17848 17850 17846
17849 17850 17848
17850 17849 17851
17852 17850 17851
17853 17852 17851
17853 17854 17852
17855 17854 17853
17856 17857 17858
17859 17856 17858
17859 17858 17860
17859 17860 17861
17859 17861 17862
17862 17863 17859
17863 17862 17864
17862 17865 17864
17863 17864 17866
17865 17867 17864
17868 17866 17864
17867 17868 17864
17868 17869 17866
17867 17870 17868
17871 17870 17867
17871 17872 17870
17873 17869 17868
17870 17873 17868
17872 17874 17870
17870 17874 17873
17872 17875 17874
17876 17874 17875
17869 17873 17877
17869 17877 17878
17873 17874 17879
17876 17879 17874
17873 17879 17877
17880 17878 17877
17879 17880 17877
17876 17881 17879
17879 17881 17880
17881 17876 17882
17883 17881 17882
17880 17881 17883
17878 17880 17884
17880 17883 17884
17878 17884 17885
17885 17884 17886
17884 17883 17887
17884 17887 17886
17887 17888 17886
17887 17889 17888
17888 17889 17890
17888 17890 17891
17890 17892 17891
17893 17894 17895
17896 17894 17893
17897 17894 17896
17897 17898 17894
17897 17899 17898
17897 17900 17899
17901 17900 17897
17901 17897 17902
17897 17896 17902
17902 17903 17901
17902 17904 17903
17905 17903 17904
17905 17904 17906
17907 17905 17906
17908 17904 17902
17904 17908 17906
17902 17896 17909
17908 17902 17909
17896 17893 17910
17896 17910 17909
17893 17911 17910
17911 17909 17910
17893 17912 17911
17911 17912 17913
17914 17908 17909
17911 17914 17909
17911 17913 17915
17915 17913 17916
17911 17915 17917
17917 17914 17911
17917 17918 17914
17914 17918 17919
17914 17920 17908
17914 17919 17920
17906 17908 17920
17920 17919 17921
17906 17920 17921
17922 17906 17921
17907 17906 17922
17922 17921 17923
17907 17922 17924
17924 17922 17923
17907 17924 17925
17924 17923 17926
17925 17924 17927
17927 17924 17926
17928 17929 17930
17928 17931 17929
17932 17931 17928
17933 17929 17931
17933 17934 17929
17932 17935 17931
17936 17935 17932
17937 17933 17931
17937 17931 17935
17934 17933 17938
17938 17933 17937
17939 17934 17938
17936 17940 17935
17941 17940 17936
17942 17937 17935
17942 17935 17940
17939 17938 17943
17944 17939 17943
17938 17937 17945
17943 17938 17945
17945 17937 17942
17943 17945 17946
17946 17945 17947
17945 17942 17947
17946 17947 17948
17941 17949 17940
17950 17949 17941
17951 17942 17940
17947 17942 17951
17951 17940 17949
17948 17947 17952
17947 17951 17952
17948 17952 17953
17950 17954 17949
17954 17950 17955
17956 17951 17949
17952 17951 17956
17956 17949 17954
17953 17952 17957
17952 17956 17957
17953 17957 17958
17954 17955 17959
17959 17955 17960
17961 17956 17954
17957 17956 17961
17961 17954 17959
17958 17957 17962
17958 17962 17963
17959 17960 17964
17964 17960 17965
17966 17961 17959
17966 17959 17964
17957 17961 17967
17962 17957 17967
17967 17961 17966
17963 17962 17968
17968 17962 17967
17963 17968 17969
17964 17965 17970
17970 17965 17971
17972 17966 17964
17972 17964 17970
17967 17966 17973
17968 17967 17973
17973 17966 17972
17969 17968 17974
17974 17968 17973
17969 17974 17975
17970 17971 17976
17976 17971 17977
17978 17972 17970
17978 17970 17976
17979 17978 17976
17973 17972 17980
17974 17973 17980
17980 17972 17978
17975 17974 17981
17981 17974 17980
17975 17981 17982
17983 17982 17981
17980 17978 17984
17981 17980 17984
17984 17978 17979
17976 17977 17985
17979 17976 17985
17983 17981 17986
17986 17981 17984
17985 17977 17987
17987 17977 17988
17989 17987 17988
17989 17988 17990
17985 17987 17991
17991 17987 17989
17992 17989 17990
17992 17990 17993
17984 17979 17994
17986 17984 17994
17995 17983 17986
17995 17996 17983
17995 17997 17996
17998 17986 17994
17998 17995 17986
17995 17999 17997
17999 17995 17998
18000 17998 17994
18000 17994 17979
17997 17999 18001
17997 18001 18002
18003 18001 17999
17999 17998 18004
18004 17998 18000
18003 17999 18004
18004 18000 18005
18003 18004 18005
18000 17979 18006
18005 18000 18006
18006 17979 18007
18007 17979 17985
18007 17985 17991
18008 18006 18007
18005 18006 18008
18003 18005 18009
18003 18009 18010
18011 18009 18005
18011 18010 18009
18011 18005 18008
18011 18012 18010
18008 18007 18013
18013 18007 17991
18013 18011 18008
18014 18012 18011
18013 18014 18011
18013 17991 18015
17991 17989 18015
18015 17989 17992
18016 18013 18015
18015 17992 18016
18016 18014 18013
18014 18017 18012
18017 18018 18012
18019 18018 18017
18020 18017 18014
18020 18014 18016
18019 18017 18020
18016 17992 18021
18016 18021 18020
18021 17992 17993
18021 17993 18022
18020 18023 18019
18020 18021 18023
18023 18021 18022
18019 18023 18024
18023 18022 18025
18024 18023 18025
18024 18025 18026
18026 18025 18027
18028 18029 18030
18028 18031 18029
18032 18031 18028
18029 18031 18033
18032 18033 18031
18029 18033 18034
18032 18035 18033
18036 18035 18032
18034 18033 18037
18034 18037 18038
18038 18037 18039
18038 18039 18040
18037 18041 18039
18033 18042 18037
18037 18042 18041
18033 18035 18042
18042 18043 18041
18042 18044 18043
18035 18044 18042
18044 18045 18043
18036 18046 18035
18035 18046 18044
18047 18046 18036
18044 18048 18045
18046 18048 18044
18047 18048 18046
18048 18049 18045
18047 18050 18048
18048 18050 18049
18047 18051 18050
18052 18049 18050
18050 18051 18053
18052 18050 18054
18050 18053 18054
18055 18052 18054
18055 18054 18053
18056 18057 18058
18056 18059 18057
18059 18060 18057
18061 18059 18056
18061 18056 18062
18063 18061 18062
18063 18064 18061
18064 18065 18061
18065 18059 18061
18064 18066 18065
18059 18067 18060
18065 18067 18059
18067 18068 18060
18066 18069 18065
18069 18067 18065
18066 18070 18069
18069 18070 18071
18067 18072 18068
18069 18072 18067
18072 18073 18068
18069 18071 18074
18072 18069 18074
18071 18075 18074
18072 18076 18073
18072 18074 18076
18077 18073 18076
18074 18077 18076
18077 18078 18073
18075 18079 18074
18074 18079 18077
18075 18080 18079
18081 18078 18077
18079 18081 18077
18081 18082 18078
18080 18083 18079
18079 18083 18081
18084 18083 18080
18085 18082 18081
18083 18085 18081
18085 18086 18082
18084 18087 18083
18083 18087 18085
18088 18086 18085
18088 18089 18086
18090 18085 18087
18084 18090 18087
18090 18088 18085
18089 18088 18091
18089 18091 18092
18088 18093 18091
18088 18090 18093
18092 18091 18094
18091 18093 18094
18092 18094 18095
18095 18094 18096
18095 18096 18097
18097 18096 18098
18097 18098 18099
18100 18098 18096
18101 18100 18096
18094 18101 18096
18101 18102 18100
18094 18103 18101
18093 18103 18094
18101 18104 18102
18103 18104 18101
18104 18105 18102
18093 18106 18103
18103 18106 18104
18104 18107 18105
18106 18107 18104
18106 18108 18107
18093 18109 18106
18109 18108 18106
18090 18109 18093
18110 18105 18107
18108 18110 18107
18110 18111 18105
18108 18112 18110
18113 18112 18108
18090 18114 18109
18084 18114 18090
18113 18108 18115
18115 18116 18113
18109 18117 18108
18114 18117 18109
18108 18117 18115
18114 18118 18117
18084 18118 18114
18118 18115 18117
18115 18119 18116
18118 18119 18115
18084 18120 18118
18119 18118 18120
18120 18084 18121
18116 18119 18122
18119 18120 18122
18116 18122 18123
18122 18124 18123
18125 18120 18121
18125 18122 18120
18125 18121 18126
18122 18127 18124
18125 18127 18122
18128 18125 18126
18127 18125 18128
18129 18128 18126
18124 18127 18130
18127 18128 18130
18124 18130 18131
18132 18131 18130
18129 18133 18128
18133 18129 18134
18130 18128 18135
18132 18130 18135
18133 18135 18128
18136 18132 18135
18133 18136 18135
18136 18137 18132
18138 18137 18136
18133 18138 18136
18138 18139 18137
18139 18138 18140
18133 18134 18141
18138 18133 18141
18138 18141 18140
18141 18134 18142
18140 18141 18143
18141 18142 18143
18140 18143 18144
18143 18142 18145
18145 18142 18146
18144 18143 18147
18143 18145 18147
18144 18147 18148
18149 18145 18146
18147 18145 18149
18149 18146 18150
18151 18148 18147
18151 18152 18148
18153 18149 18150
18153 18150 18154
18147 18149 18155
18151 18147 18155
18155 18149 18153
18152 18151 18156
18156 18151 18155
18152 18156 18157
18155 18153 18158
18156 18155 18158
18158 18153 18159
18160 18158 18159
18160 18156 18158
18157 18156 18160
18157 18160 18161
18162 18163 18164
18162 18165 18163
18166 18165 18162
18165 18167 18163
18166 18168 18165
18168 18167 18165
18169 18168 18166
18169 18170 18168
18168 18171 18167
18170 18171 18168
18170 18172 18171
18171 18173 18167
18172 18174 18171
18171 18174 18173
18174 18175 18173
18174 18176 18175
18175 18176 18177
18175 18177 18178
18177 18179 18178
18177 18180 18179
18179 18180 18181
18182 18183 18184
18184 18185 18182
18184 18186 18185
18187 18185 18186
18187 18188 18185
18188 18187 18189
18190 18188 18189
18190 18191 18188
18190 18192 18191
18193 18192 18190
18193 18190 18194
18191 18192 18195
18195 18192 18193
18194 18196 18193
18196 18197 18193
18195 18193 18198
18195 18198 18199
18198 18200 18199
18200 18201 18199
18193 18202 18198
18198 18202 18200
18197 18203 18193
18193 18203 18202
18204 18203 18197
18202 18203 18204
18204 18197 18205
18204 18205 18206
18207 18204 18206
18202 18204 18208
18204 18207 18208
18200 18202 18208
18200 18209 18201
18210 18201 18209
18207 18211 18208
18207 18212 18211
18211 18212 18213
18211 18213 18214
18211 18214 18215
18211 18215 18216
18208 18211 18216
18217 18216 18215
18200 18208 18218
18208 18216 18218
18209 18200 18218
18217 18219 18216
18219 18218 18216
18219 18209 18218
18220 18219 18217
18210 18209 18221
18209 18219 18221
18220 18221 18219
18221 18222 18210
18220 18222 18221
18223 18224 18225
18225 18224 18226
18225 18226 18227
18227 18226 18228
18227 18228 18229
18229 18228 18230
18228 18231 18230
18232 18230 18231
18232 18233 18230
18234 18233 18232
18235 18236 18237
18238 18236 18235
18238 18239 18236
18240 18239 18238
18241 18242 18243
18243 18244 18241
18245 18244 18243
18244 18246 18241
18241 18246 18247
18245 18248 18244
18248 18246 18244
18245 18249 18248
18250 18247 18246
18250 18251 18247
18252 18250 18246
18248 18253 18246
18254 18250 18252
18249 18255 18248
18255 18253 18248
18249 18256 18255
18255 18257 18253
18258 18251 18250
18254 18258 18250
18258 18259 18251
18260 18258 18254
18259 18258 18260
18260 18254 18261
18259 18260 18262
18263 18260 18261
18264 18262 18260
18263 18264 18260
18265 18264 18263
18264 18266 18262
18265 18266 18264
18265 18267 18266
18265 18263 18268
18265 18269 18267
18268 18270 18265
18271 18270 18268
18272 18270 18271
18265 18273 18269
18265 18270 18273
18273 18274 18269
18273 18275 18274
18270 18275 18273
18275 18276 18274
18272 18277 18270
18270 18277 18275
18278 18277 18272
18275 18279 18276
18277 18279 18275
18279 18280 18276
18278 18281 18277
18277 18281 18279
18282 18281 18278
18279 18283 18280
18281 18283 18279
18283 18284 18280
18282 18285 18281
18281 18285 18283
18286 18285 18282
18283 18287 18284
18285 18287 18283
18284 18287 18288
18284 18288 18289
18290 18289 18288
18285 18291 18287
18286 18291 18285
18288 18287 18291
18288 18291 18286
18288 18286 18292
18288 18292 18293
18290 18288 18294
18288 18293 18294
18295 18290 18294
18294 18293 18296
18295 18294 18297
18294 18296 18297
18298 18295 18297
18298 18297 18296
18299 18300 18301
18302 18300 18299
18302 18303 18300
18303 18302 18304
18302 18305 18304
18305 18306 18304
18305 18307 18306
18306 18308 18304
18307 18309 18306
18309 18308 18306
18307 18310 18309
18309 18311 18308
18310 18312 18309
18312 18311 18309
18310 18313 18312
18312 18314 18311
18315 18312 18313
18314 18312 18316
18315 18316 18312
18314 18316 18317
18318 18316 18315
18318 18317 18316
18318 18315 18319
18318 18319 18320
18318 18321 18317
18322 18318 18320
18321 18318 18322
18322 18320 18323
18324 18322 18323
18325 18321 18322
18324 18325 18322
18325 18324 18326
18325 18327 18321
18325 18326 18328
18327 18325 18329
18325 18328 18329
18329 18328 18330
18327 18329 18331
18329 18330 18332
18331 18329 18332
18332 18330 18333
18331 18332 18334
18332 18333 18334
18331 18334 18335
18334 18333 18336
18337 18335 18334
18334 18336 18337
18338 18337 18336
18339 18340 18341
18339 18341 18342
18343 18339 18342
18344 18342 18341
18343 18342 18345
18346 18343 18345
18344 18347 18342
18347 18345 18342
18347 18348 18345
18347 18344 18349
18346 18345 18350
18348 18350 18345
18351 18346 18350
18347 18349 18352
18352 18348 18347
18352 18349 18353
18351 18350 18354
18348 18354 18350
18355 18351 18354
18356 18352 18353
18352 18356 18348
18357 18356 18353
18357 18358 18356
18358 18348 18356
18358 18357 18359
18355 18354 18360
18361 18355 18360
18348 18362 18354
18358 18362 18348
18362 18360 18354
18363 18358 18359
18364 18363 18359
18358 18365 18362
18362 18365 18360
18358 18363 18365
18361 18360 18366
18365 18366 18360
18367 18361 18366
18368 18367 18366
18368 18366 18369
18365 18369 18366
18370 18368 18369
18363 18371 18365
18365 18371 18369
18363 18364 18371
18371 18370 18369
18364 18372 18371
18371 18372 18370
18372 18364 18373
18374 18370 18372
18374 18372 18373
18375 18376 18377
18375 18377 18378
18378 18379 18375
18378 18377 18380
18378 18381 18379
18381 18378 18380
18381 18380 18382
18382 18383 18381
18384 18383 18382
18384 18385 18383
18385 18384 18386
18387 18388 18389
18387 18389 18390
18391 18387 18390
18389 18392 18390
18389 18393 18392
18389 18394 18393
18391 18390 18395
18392 18395 18390
18396 18391 18395
18397 18396 18395
18392 18397 18395
18397 18398 18396
18394 18399 18393
18399 18392 18393
18400 18398 18397
18400 18401 18398
18400 18402 18401
18400 18397 18403
18403 18397 18392
18400 18404 18402
18404 18400 18403
18404 18405 18402
18404 18406 18405
18406 18407 18405
18406 18408 18407
18409 18408 18406
18404 18403 18410
18406 18404 18410
18409 18406 18411
18406 18410 18411
18412 18409 18411
18403 18392 18413
18410 18403 18413
18412 18411 18414
18415 18412 18414
18411 18410 18416
18411 18416 18414
18410 18413 18416
18415 18414 18417
18417 18414 18416
18418 18415 18417
18419 18418 18417
18420 18413 18392
18399 18420 18392
18421 18416 18413
18417 18416 18421
18421 18413 18420
18419 18417 18422
18422 18417 18421
18423 18419 18422
18424 18421 18420
18424 18420 18399
18422 18421 18424
18423 18422 18425
18425 18422 18424
18426 18423 18425
18427 18424 18399
18394 18427 18399
18394 18428 18427
18429 18425 18424
18427 18429 18424
18428 18429 18427
18429 18426 18425
18428 18430 18429
18430 18426 18429
18430 18431 18426
18432 18433 18434
18432 18434 18435
18436 18432 18435
18434 18437 18435
18434 18438 18437
18438 18439 18437
18436 18435 18440
18440 18435 18437
18441 18436 18440
18437 18439 18442
18439 18443 18442
18440 18437 18444
18441 18440 18444
18437 18442 18444
18441 18444 18445
18442 18445 18444
18446 18441 18445
18443 18447 18442
18443 18448 18447
18448 18449 18447
18446 18445 18450
18451 18446 18450
18442 18452 18445
18447 18452 18442
18452 18450 18445
18447 18449 18453
18447 18453 18452
18452 18453 18450
18451 18450 18453
18453 18449 18454
18451 18453 18454
18455 18456 18457
18455 18457 18458
18459 18455 18458
18458 18457 18460
18461 18459 18458
18459 18461 18462
18458 18460 18463
18461 18458 18463
18460 18464 18463
18461 18463 18464
18460 18465 18464
18461 18466 18462
18466 18461 18464
18466 18467 18462
18465 18468 18464
18466 18464 18468
18467 18466 18468
18465 18469 18468
18467 18468 18470
18469 18470 18468
18467 18470 18471
18469 18472 18470
18470 18473 18471
18470 18472 18473
18474 18475 18476
18476 18475 18477
18476 18477 18478
18477 18479 18478
18477 18480 18479
18476 18478 18481
18479 18481 18478
18480 18482 18479
18480 18483 18482
18479 18484 18481
18482 18484 18479
18483 18485 18482
18483 18486 18485
18487 18484 18482
18487 18482 18485
18487 18488 18484
18488 18481 18484
18487 18485 18489
18488 18490 18481
18489 18485 18491
18486 18491 18485
18489 18491 18492
18490 18493 18481
18490 18494 18493
18476 18481 18493
18494 18495 18493
18495 18476 18493
18495 18496 18476
18494 18497 18495
18498 18496 18495
18497 18499 18495
18498 18495 18499
18497 18500 18499
18501 18498 18499
18500 18502 18499
18501 18499 18502
18500 18503 18502
18504 18501 18502
18503 18505 18502
18504 18502 18505
18503 18506 18505
18507 18504 18505
18506 18507 18505
18508 18509 18510
18511 18509 18508
18512 18511 18508
18513 18511 18512
18513 18514 18511
18511 18515 18509
18514 18515 18511
18515 18516 18509
18514 18517 18515
18517 18516 18515
18517 18518 18516
18519 18520 18521
18522 18521 18520
18523 18522 18520
18522 18524 18521
18525 18522 18523
18526 18525 18523
18527 18525 18526
18527 18528 18525
18525 18529 18522
18528 18529 18525
18530 18524 18522
18529 18530 18522
18528 18531 18529
18531 18530 18529
18528 18532 18531
18532 18533 18531
18531 18533 18530
18532 18534 18533
18530 18535 18524
18533 18535 18530
18535 18536 18524
18534 18537 18533
18533 18537 18535
18537 18536 18535
18534 18538 18537
18537 18539 18536
18538 18539 18537
18538 18540 18539
18541 18542 18543
18541 18543 18544
18545 18541 18544
18543 18546 18544
18543 18547 18546
18548 18546 18547
18545 18544 18549
18549 18544 18546
18550 18545 18549
18548 18551 18546
18552 18551 18548
18549 18546 18553
18553 18546 18551
18550 18549 18554
18554 18549 18553
18552 18555 18551
18556 18555 18552
18553 18551 18557
18555 18557 18551
18556 18558 18555
18558 18556 18559
18558 18559 18560
18561 18560 18559
18562 18558 18560
18558 18563 18555
18558 18562 18563
18555 18563 18557
18562 18564 18563
18563 18564 18565
18557 18563 18565
18566 18565 18564
18567 18553 18557
18567 18557 18565
18566 18567 18565
18554 18553 18567
18566 18568 18567
18568 18554 18567
18566 18569 18568
18568 18570 18554
18569 18570 18568
18570 18550 18554
18569 18571 18570
18570 18572 18550
18571 18572 18570
18571 18573 18572
18574 18575 18576
18574 18576 18577
18574 18577 18578
18574 18578 18579
18576 18580 18577
18578 18577 18580
18578 18580 18581
18576 18582 18580
18580 18582 18583
18583 18581 18580
18583 18584 18581
18579 18578 18585
18585 18578 18581
18579 18585 18586
18585 18587 18586
18585 18588 18587
18588 18585 18581
18589 18587 18588
18590 18588 18581
18589 18588 18590
18584 18591 18581
18590 18581 18591
18592 18589 18590
18592 18590 18591
18592 18593 18589
18593 18592 18594
18594 18592 18591
18594 18591 18595
18594 18595 18596
18584 18597 18591
18595 18591 18597
18584 18598 18597
18598 18599 18597
18598 18600 18599
18600 18601 18599
18602 18599 18601
18601 18603 18602
18602 18603 18604
18605 18602 18604
18606 18602 18605
18607 18606 18605
18608 18602 18606
18608 18609 18602
18602 18609 18599
18608 18610 18609
18609 18610 18611
18609 18611 18612
18613 18609 18612
18613 18599 18609
18597 18599 18613
18597 18613 18614
18595 18597 18614
18613 18615 18614
18615 18595 18614
18613 18616 18615
18616 18613 18617
18618 18616 18617
18618 18619 18616
18620 18616 18619
18616 18620 18621
18616 18621 18615
18618 18622 18619
18623 18619 18622
18623 18622 18624
18625 18623 18624
18624 18622 18626
18624 18626 18627
18624 18627 18628
18629 18615 18621
18615 18629 18595
18630 18625 18624
18628 18630 18624
18595 18629 18631
18595 18631 18596
18486 18596 18631
18486 18632 18596
18633 18632 18486
18486 18631 18491
18491 18631 18629
18491 18629 18634
18629 18621 18634
18634 18492 18491
18634 18635 18492
18634 18636 18635
18634 18621 18636
18636 18621 18620
18637 18636 18620
18620 18638 18637
18639 18638 18620
18640 18639 18620
18640 18620 18641
18620 18619 18641
18642 18641 18619
18642 18640 18641
18642 18619 18623
18642 18643 18640
18644 18640 18643
18642 18645 18643
18646 18644 18643
18642 18647 18645
18623 18647 18642
18646 18648 18644
18623 18649 18647
18623 18650 18649
18623 18651 18650
18646 18652 18648
18652 18653 18648
18625 18651 18623
18652 18654 18653
18652 18655 18654
18625 18656 18651
18655 18657 18654
18657 18655 18658
18657 18659 18654
18657 18658 18660
18659 18657 18660
18658 18661 18660
18658 18662 18661
18662 18663 18661
18664 18659 18660
18661 18664 18660
18661 18665 18664
18663 18665 18661
18664 18666 18659
18659 18666 18667
18663 18668 18665
18666 18669 18667
18666 18670 18669
18671 18668 18663
18670 18672 18669
18672 18673 18669
18672 18670 18674
18675 18673 18672
18672 18674 18676
18675 18672 18676
18676 18674 18677
18678 18675 18676
18678 18676 18679
18676 18677 18679
18680 18678 18679
18680 18681 18678
18682 18679 18677
18680 18679 18682
18671 18663 18683
18684 18671 18683
18685 18684 18683
18685 18686 18684
18687 18686 18685
18688 18683 18663
18685 18683 18688
18682 18677 18689
18689 18677 18690
18689 18690 18691
18691 18690 18692
18693 18682 18689
18693 18689 18691
18693 18694 18682
18694 18680 18682
18693 18691 18695
18696 18680 18694
18696 18697 18680
18697 18696 18698
18697 18698 18699
18700 18697 18699
18701 18697 18700
18697 18701 18702
18691 18692 18703
18695 18691 18703
18695 18703 18704
18692 18705 18703
18705 18704 18703
18705 18706 18704
18705 18707 18706
18705 18708 18707
18707 18708 18709
18710 18707 18709
18710 18711 18707
18710 18712 18711
18687 18711 18712
18687 18713 18711
18687 18714 18713
18715 18713 18714
18714 18687 18716
18687 18685 18716
18714 18717 18715
18714 18716 18717
18715 18717 18718
18715 18718 18719
18716 18685 18720
18685 18688 18720
18721 18720 18688
18722 18717 18716
18722 18718 18717
18719 18718 18723
18719 18723 18724
18725 18724 18723
18723 18726 18725
18718 18726 18723
18726 18727 18725
18718 18728 18726
18728 18727 18726
18722 18728 18718
18722 18716 18729
18716 18720 18729
18728 18730 18727
18730 18731 18727
18732 18728 18722
18732 18730 18728
18732 18731 18730
18729 18732 18722
18732 18733 18731
18729 18734 18732
18720 18734 18729
18733 18732 18734
18720 18735 18734
18721 18735 18720
18733 18734 18736
18736 18734 18735
18736 18737 18733
18736 18735 18738
18738 18737 18736
18738 18735 18721
18738 18739 18737
18739 18738 18740
18721 18740 18738
18740 18741 18739
18741 18742 18739
18721 18743 18740
18740 18743 18741
18721 18744 18743
18745 18743 18744
18743 18745 18656
18743 18656 18625
18741 18743 18625
18741 18625 18746
18742 18741 18746
18630 18746 18625
18742 18746 18747
18747 18746 18630
18748 18742 18747
18749 18748 18747
18747 18630 18750
18749 18747 18750
18628 18750 18630
18628 18751 18750
18751 18749 18750
18751 18628 18752
18751 18752 18753
18749 18751 18753
18753 18752 18754
18753 18754 18755
18756 18753 18755
18749 18753 18757
18753 18758 18757
18757 18759 18749
18758 18759 18757
18756 18760 18753
18753 18760 18758
18760 18756 18761
18762 18760 18761
18760 18762 18758
18763 18762 18761
18764 18762 18763
18764 18765 18762
18766 18765 18764
18765 18766 18767
18762 18765 18768
18765 18767 18768
18762 18768 18758
18769 18768 18767
18758 18770 18759
18759 18770 18771
18772 18771 18770
18758 18768 18773
18773 18770 18758
18772 18770 18774
18773 18774 18770
18775 18772 18774
18775 18774 18776
18773 18776 18774
18777 18775 18776
18769 18778 18768
18778 18773 18768
18773 18779 18776
18778 18779 18773
18769 18780 18778
18769 18781 18780
18781 18782 18780
18780 18782 18783
18778 18780 18783
18778 18783 18779
18776 18779 18783
18777 18776 18784
18776 18783 18784
18785 18777 18784
18783 18785 18784
18785 18786 18777
18783 18787 18785
18785 18788 18786
18789 18785 18787
18785 18790 18788
18789 18790 18785
18790 18791 18788
18789 18791 18790
18792 18793 18794
18792 18794 18795
18795 18796 18792
18797 18795 18794
18797 18794 18798
18799 18797 18798
18795 18800 18796
18800 18801 18796
18802 18795 18797
18802 18800 18795
18799 18802 18797
18803 18801 18800
18803 18800 18802
18799 18804 18802
18804 18803 18802
18805 18801 18803
18805 18806 18801
18807 18805 18803
18807 18803 18808
18804 18808 18803
18809 18804 18799
18809 18799 18810
18809 18810 18811
18812 18807 18808
18807 18812 18813
18814 18808 18804
18814 18804 18809
18812 18808 18814
18815 18809 18811
18815 18814 18809
18815 18811 18816
18811 18817 18816
18816 18817 18818
18816 18818 18819
18816 18819 18820
18816 18820 18821
18821 18822 18816
18816 18822 18823
18816 18823 18815
18823 18822 18824
18815 18825 18814
18812 18814 18825
18823 18825 18815
18823 18824 18826
18826 18824 18827
18823 18828 18825
18828 18823 18826
18826 18827 18829
18830 18829 18827
18828 18826 18831
18826 18829 18831
18832 18825 18828
18832 18828 18831
18812 18825 18833
18832 18833 18825
18833 18832 18834
18832 18831 18835
18835 18834 18832
18836 18812 18833
18812 18836 18813
18831 18837 18835
18831 18829 18837
18830 18838 18829
18830 18839 18838
18835 18837 18840
18835 18840 18834
18841 18837 18829
18841 18829 18838
18841 18840 18837
18842 18838 18839
18842 18841 18838
18839 18843 18842
18839 18844 18843
18842 18843 18845
18841 18842 18845
18841 18845 18846
18841 18846 18840
18846 18845 18847
18848 18840 18846
18848 18846 18847
18834 18840 18848
18849 18848 18847
18850 18848 18849
18834 18848 18850
18850 18849 18851
18852 18850 18851
18852 18851 18853
18852 18854 18850
18854 18834 18850
18854 18855 18834
18833 18834 18855
18836 18833 18855
18854 18836 18855
18854 18856 18836
18681 18856 18854
18857 18836 18856
18836 18857 18813
18681 18858 18856
18680 18858 18681
18680 18859 18858
18859 18856 18858
18680 18697 18859
18697 18702 18859
18859 18860 18856
18702 18860 18859
18857 18856 18860
18702 18861 18860
18862 18860 18861
18862 18857 18860
18862 18813 18857
18862 18863 18813
18864 18813 18863
18864 18865 18813
18866 18865 18864
18866 18864 18867
18868 18866 18867
18868 18867 18869
18870 18868 18869
18871 18872 18873
18874 18871 18873
18874 18873 18875
18874 18875 18876
18874 18876 18877
18878 18877 18876
18878 18879 18877
18879 18878 18880
18879 18880 18881
18880 18882 18881
18880 18883 18882
18884 18882 18883
18884 18883 18885
18886 18884 18885
18886 18887 18884
18888 18887 18886
18888 18889 18887
18890 18891 18892
18890 18892 18893
18893 18892 18894
18895 18890 18893
18893 18894 18896
18896 18894 18897
18895 18893 18898
18898 18893 18896
18895 18898 18899
18895 18899 18900
18899 18901 18900
18899 18902 18901
18903 18902 18899
18898 18896 18904
18904 18896 18897
18899 18898 18904
18904 18897 18905
18905 18897 18906
18905 18906 18907
18908 18903 18899
18909 18903 18908
18910 18909 18908
18899 18904 18911
18911 18904 18905
18910 18908 18912
18913 18910 18912
18908 18899 18914
18914 18912 18908
18914 18899 18911
18913 18912 18915
18914 18915 18912
18916 18913 18915
18916 18915 18917
18918 18917 18915
18914 18918 18915
18918 18919 18917
18918 18920 18919
18914 18911 18921
18918 18914 18921
18918 18922 18920
18918 18921 18922
18922 18923 18920
18921 18911 18924
18911 18905 18924
18925 18924 18905
18925 18905 18926
18921 18924 18927
18922 18921 18927
18927 18924 18928
18922 18929 18923
18922 18927 18929
18930 18923 18929
18927 18930 18929
18927 18931 18930
18927 18928 18932
18928 18933 18932
18933 18934 18926
18933 18926 18935
18926 18936 18935
18926 18937 18936
18938 18936 18939
18938 18939 18940
18940 18933 18938
18940 18941 18933
18942 18933 18941
18943 18930 18942
18943 18942 18944
18942 18941 18944
18941 18945 18944
18946 18941 18940
18941 18946 18945
18946 18940 18947
18946 18948 18945
18948 18946 18947
18949 18950 18951
18949 18952 18950
18953 18952 18949
18953 18954 18952
18954 18953 18955
18952 18956 18950
18954 18955 18957
18952 18958 18956
18954 18958 18952
18958 18959 18956
18958 18960 18959
18954 18960 18958
18960 18961 18959
18960 18962 18961
18960 18963 18962
18964 18963 18960
18954 18964 18960
18965 18964 18954
18965 18954 18957
18966 18965 18957
18966 18967 18965
18968 18967 18966
18968 18969 18967
18970 18971 18972
18973 18970 18972
18973 18972 18974
18973 18974 18975
18976 18977 18978
18976 18978 18979
18979 18978 18980
18979 18980 18981
18981 18980 18982
18981 18982 18983
18983 18982 18984
18983 18984 18985
18985 18984 18986
18985 18986 18987
18987 18986 18988
18987 18988 18989
18989 18988 18990
18989 18990 18991
18991 18990 18992
18991 18992 18993
18993 18992 18994
18993 18994 18995
18995 18994 18996
18995 18996 18997
18997 18996 18998
18997 18998 18999
19000 19001 19002
19000 19002 19003
19003 19002 19004
19003 19004 19005
19005 19004 19006
19005 19006 19007
19007 19006 19008
19007 19008 19009
19009 19008 19010
19009 19010 19011
19011 19010 19012
19011 19012 19013
19013 19012 19014
19013 19014 19015
19015 19014 19016
19015 19016 19017
19017 19016 19018
19017 19018 19019
19019 19018 19020
19019 19020 19021
19021 19020 19022
19021 19022 19023
19024 19025 19026
19024 19026 19027
19028 19024 19027
19026 19029 19027
19026 19030 19029
19030 19031 19029
19030 19032 19031
19032 19033 19031
19028 19027 19034
19029 19034 19027
19035 19028 19034
19029 19036 19034
19031 19036 19029
19035 19034 19037
19036 19037 19034
19038 19035 19037
19033 19039 19031
19033 19040 19039
19040 19041 19039
19041 19042 19039
19039 19042 19043
19042 19044 19043
19044 19045 19043
19031 19039 19046
19039 19043 19046
19031 19047 19036
19031 19046 19047
19036 19048 19037
19047 19048 19036
19037 19049 19038
19037 19048 19049
19045 19050 19043
19045 19051 19050
19052 19046 19043
19050 19052 19043
19051 19053 19050
19050 19053 19052
19051 19054 19053
19054 19055 19053
19055 19052 19053
19054 19056 19055
19056 19057 19055
19052 19058 19046
19058 19047 19046
19047 19059 19048
19059 19049 19048
19058 19059 19047
19055 19057 19060
19061 19060 19057
19055 19062 19052
19062 19058 19052
19055 19060 19062
19063 19059 19058
19063 19058 19062
19059 19063 19049
19060 19063 19062
19061 19064 19060
19065 19064 19061
19060 19066 19063
19049 19063 19066
19066 19060 19064
19065 19067 19064
19066 19064 19067
19049 19066 19068
19038 19049 19068
19038 19068 19069
19070 19069 19068
19070 19068 19066
19070 19066 19067
19065 19071 19067
19071 19070 19067
19071 19072 19070
19071 19065 19073
19074 19072 19071
19074 19071 19073
19074 19073 19075
19076 19074 19075
19077 19078 19079
19077 19080 19078
19081 19078 19080
19082 19078 19081
19083 19078 19082
19083 19082 19084
19082 19085 19084
19086 19085 19082
19086 19082 19087
19082 19081 19087
19087 19088 19086
19081 19088 19087
19088 19089 19086
19089 19088 19090
19090 19088 19091
19092 19090 19091
19092 19093 19090
19091 19088 19094
19092 19091 19094
19092 19095 19093
19095 19096 19093
19092 19094 19097
19098 19095 19092
19098 19099 19095
19099 19098 19100
19095 19101 19096
19099 19101 19095
19099 19100 19102
19103 19102 19100
19088 19104 19094
19081 19104 19088
19105 19097 19094
19105 19106 19097
19107 19094 19104
19107 19104 19081
19107 19105 19094
19108 19106 19105
19108 19109 19106
19099 19110 19101
19110 19099 19102
19101 19110 19111
19107 19081 19112
19081 19080 19112
19113 19105 19107
19113 19108 19105
19114 19107 19112
19080 19114 19112
19114 19113 19107
19115 19109 19108
19115 19116 19109
19117 19108 19113
19117 19115 19108
19117 19113 19114
19118 19116 19115
19118 19115 19117
19118 19119 19116
19080 19120 19114
19077 19120 19080
19117 19114 19121
19120 19121 19114
19122 19118 19117
19121 19122 19117
19123 19119 19118
19118 19122 19123
19124 19119 19123
19124 19123 19125
19126 19124 19125
19122 19127 19123
19125 19123 19127
19126 19125 19128
19129 19126 19128
19129 19128 19130
19131 19125 19127
19125 19131 19128
19128 19132 19130
19131 19132 19128
19132 19133 19130
19122 19134 19127
19134 19131 19127
19132 19135 19133
19136 19133 19135
19131 19137 19132
19134 19137 19131
19132 19137 19135
19138 19136 19135
19138 19139 19136
19135 19137 19140
19134 19140 19137
19135 19140 19138
19141 19139 19138
19141 19142 19139
19141 19143 19142
19144 19143 19141
19145 19143 19144
19146 19140 19134
19138 19140 19147
19146 19147 19140
19147 19146 19148
19138 19147 19149
19141 19138 19149
19148 19149 19147
19150 19146 19134
19150 19134 19122
19121 19150 19122
19146 19150 19151
19121 19151 19150
19141 19149 19152
19148 19152 19149
19146 19153 19148
19146 19151 19153
19121 19154 19151
19120 19154 19121
19153 19151 19155
19155 19151 19154
19156 19154 19120
19155 19154 19156
19148 19153 19157
19153 19155 19157
19156 19120 19158
19077 19158 19120
19159 19156 19158
19077 19160 19158
19077 19161 19160
19077 19162 19161
19159 19163 19156
19155 19156 19163
19155 19163 19164
19157 19155 19164
19164 19163 19165
19165 19163 19166
19164 19165 19167
19167 19168 19164
19157 19164 19168
19167 19169 19168
19170 19168 19169
19168 19171 19157
19148 19157 19171
19170 19172 19168
19168 19172 19171
19173 19172 19170
19171 19172 19173
19173 19170 19174
19175 19148 19171
19171 19173 19175
19175 19152 19148
19174 19176 19173
19174 19177 19176
19176 19177 19178
19179 19175 19173
19179 19173 19176
19180 19152 19175
19180 19175 19179
19181 19180 19179
19141 19152 19180
19141 19180 19181
19176 19178 19182
19179 19176 19182
19178 19183 19182
19178 19184 19183
19185 19183 19184
19182 19186 19179
19183 19186 19182
19186 19183 19185
19181 19179 19186
19186 19185 19187
19181 19186 19187
19187 19185 19188
19189 19187 19188
19190 19187 19189
19191 19190 19189
19141 19181 19192
19144 19141 19192
19181 19187 19193
19190 19193 19187
19192 19181 19194
19181 19193 19194
19144 19192 19194
19195 19193 19190
19195 19194 19193
19191 19196 19190
19195 19190 19196
19197 19194 19195
19144 19194 19198
19197 19198 19194
19195 19196 19199
19195 19199 19197
19200 19144 19198
19201 19198 19197
19201 19200 19198
19202 19197 19199
19197 19202 19201
19202 19199 19203
19203 19199 19204
19204 19199 19196
19204 19196 19205
19206 19205 19196
19206 19196 19191
19207 19201 19202
19208 19206 19191
19201 19207 19209
19208 19191 19210
19210 19191 19211
19201 19209 19212
19209 19213 19212
19209 19214 19213
19214 19215 19213
19213 19215 19216
19212 19200 19201
19213 19216 19217
19208 19210 17139
19208 17139 19218
19210 19211 19219
17139 19210 19219
19213 19220 19212
19212 19220 19200
19217 19221 19213
19213 19221 19220
19222 19220 19221
19217 19223 19221
19223 19222 19221
19223 19224 19222
19224 19225 19222
19225 19226 19222
19222 19226 19227
19227 19228 19222
19222 19228 19220
19227 19229 19228
19228 19229 19145
19220 19230 19200
19220 19228 19230
19228 19145 19230
19200 19230 19144
19145 19144 19230
19231 19232 19233
19231 19234 19232
19235 19232 19234
19235 19236 19232
19235 19237 19236
19235 19234 19238
19239 19237 19235
19240 19239 19235
19240 19241 19239
19242 19235 19238
19240 19235 19242
19242 19238 19243
19242 19243 19244
19242 19244 19245
19245 19240 19242
19245 19244 19246
19245 19246 19247
19247 19248 19245
19247 19249 19248
19250 19248 19249
19250 19249 19251
19252 19250 19251
19245 19248 19253
19245 19253 19240
19250 19253 19248
19254 19240 19253
19250 19255 19253
19254 19253 19255
19254 19256 19240
19240 19256 19241
19256 17332 19241
19250 19257 19255
19257 19254 19255
19256 19258 17332
19256 19254 19258
19250 19259 19257
19260 19257 19259
19261 19259 19250
19262 19261 19250
19261 19263 19259
19260 19259 19263
19260 19263 19264
19260 19264 19265
19260 19265 19266
19254 19257 19267
19260 19267 19257
19268 19260 19266
19260 19268 19267
19267 19268 19269
19268 19266 19270
19269 19268 19270
19269 19270 19271
19272 19269 19271
19254 19267 19273
19258 19254 19273
19274 19267 19269
19274 19273 19267
19274 19269 19275
19274 19276 19273
19275 19269 19277
19272 19277 19269
19272 19278 19277
19278 19272 19279
19279 19280 19278
19273 19276 19218
19273 19218 19258
19281 19258 19218
19281 17332 19258
19281 19218 17138
19218 17139 17138
17138 17150 19281
19281 19282 17332
19282 19281 17150
19282 17331 17332
19282 17150 19283
17150 17149 19283
17149 19284 19283
19285 19283 19284
19285 19284 19286
17149 17148 19284
17148 19286 19284
17148 19287 19286
17142 19286 19287
19282 19283 19288
19285 19288 19283
17331 19282 19289
19282 19288 19289
19289 19288 19290
19290 19288 19285
17142 19291 19286
17144 19291 17142
19286 19291 19292
19292 19291 17144
19290 19285 19293
19294 19290 19293
19295 19294 19293
19285 19295 19293
19295 19296 19294
19285 19286 19297
19285 19297 19295
19286 19292 19297
19297 19298 19295
19298 19296 19295
19297 19292 19298
19292 17144 19299
19298 19292 19299
19298 19300 19296
19296 19300 19301
19302 19300 19298
19298 19299 19302
19301 19300 19303
19302 19303 19300
19301 19303 19304
19303 19302 19305
19302 19299 19305
19304 19303 19306
19303 19305 19306
19307 19306 19305
19299 19308 19305
19308 19307 19305
19309 19299 17144
19309 19308 19299
19304 19306 19310
19304 19310 19311
19310 17001 19311
19312 19310 19306
19312 17001 19310
19307 19313 19306
19312 19306 19313
19312 19314 17001
17001 19314 17002
19314 16973 17002
19315 19312 19313
19315 19313 19307
19314 19316 16973
16971 16973 19316
19317 19314 19312
19317 19316 19314
16971 19316 19317
19315 19317 19312
16971 19317 19318
19318 16972 16971
19318 19319 16972
19318 19320 19319
19321 19318 19317
19321 19317 19315
19318 19321 19320
19321 19315 19322
19322 19315 19307
19320 19321 19323
19323 19321 19322
19324 19320 19323
19323 19325 19324
19323 19326 19325
19322 19326 19323
19322 19327 19326
19307 19327 19322
19307 19328 19327
19308 19328 19307
19308 19329 19328
19308 19309 19329
19330 19328 19329
19330 19329 19331
19332 19330 19331
19332 19333 19330
19333 19332 19334
19309 19335 19329
19336 19329 19335
19309 19337 19335
19337 19309 17144
19337 17144 19338
19335 19337 19338
17144 17145 19338
19336 19335 19339
19335 19338 19340
19339 19335 19340
19338 17145 19341
19338 19341 19340
19339 19340 19342
19343 19340 19341
19344 19339 19342
19345 19336 19339
19344 19345 19339
19345 19346 19336
19347 19346 19345
19347 19345 19348
19349 19345 19344
19349 19344 19350
19351 19347 19348
19351 19348 19352
19353 19351 19352
19353 19354 19351
19355 19354 19353
19356 19349 19350
19356 19357 19349
19356 19358 19357
19356 19359 19358
19359 19360 19358
19359 19361 19360
19362 19360 19361
19362 19361 19363
19364 19362 19363
19364 19363 19365
19364 19365 19366
19367 19368 19369
19367 19370 19368
19370 19371 19368
19367 19372 19370
19370 19373 19371
19370 19372 19374
19374 19373 19370
19375 19374 19372
19374 19376 19373
19374 19375 19377
19374 19377 19376
19378 19379 19380
19379 19378 19381
19379 19381 19382
19383 19382 19381
19383 19384 19382
19385 19384 19383
19385 19383 19386
19387 19385 19386
19387 19386 19388
19387 19388 19389
19387 19389 19390
19389 19391 19390
19389 19392 19391
19391 19392 19393
19391 19393 19394
19393 19395 19394
19396 19397 19398
19396 19399 19397
19400 19399 19396
19400 19401 19399
19402 19401 19400
19402 19400 19403
19404 19402 19403
19404 19405 19402
19406 19405 19404
19406 19407 19405
19408 19407 19406
19408 19409 19407
19410 19409 19408
19410 19411 19409
19412 19411 19410
19412 19413 19411
19414 19413 19412
19414 19415 19413
19416 19415 19414
19416 19417 19415
19418 19417 19416
19418 19419 19417
19420 19419 19418
19420 19421 19419
19422 19421 19420
19422 19423 19421
19424 19423 19422
19424 19425 19423
19426 19425 19424
19426 19424 19427
19428 19426 19427
19428 19429 19426
19430 19429 19428
19430 19431 19429
19432 19431 19430
19432 19433 19431
19434 19435 19436
19434 19436 19437
19434 19437 19438
19438 19437 19439
19438 19439 19440
19439 19441 19440
19442 19440 19441
19441 19443 19442
19442 19444 19440
19444 19445 19440
19446 19445 19444
19446 19444 19447
19446 19447 19448
19446 19448 19449
19450 19449 19448
19450 19451 19449
19450 19452 19451
19452 19453 19451
19452 19454 19453
19455 19453 19454
19455 19456 19453
19456 19455 19457
19458 19459 19460
19458 19460 19461
19461 19460 19462
19461 19462 19463
19464 19465 19466
19464 19466 19467
19467 19466 19468
19467 19468 19469
19468 19470 19469
19468 19471 19470
19470 19471 19472
19470 19472 19473
19473 19472 19474
19473 19474 19475
19475 19474 19476
19475 19476 19477
19477 19476 19478
19477 19478 19479
19478 19480 19479
19478 19481 19480
19480 19481 19482
19480 19482 19483
19483 19482 19484
19483 19484 19485
19486 19487 19488
19486 19488 19489
19489 19488 19490
19489 19490 19491
19491 19490 19492
19491 19492 19493
19492 19494 19493
19492 19495 19494
19494 19495 19496
19494 19496 19497
19497 19496 19498
19497 19498 19499
19499 19498 19500
19499 19500 19501
19502 19503 19504
19502 19504 19505
19505 19504 19506
19505 19506 19507
19506 19508 19507
19506 19509 19508
19508 19509 19510
19508 19510 19511
19510 19512 19511
19510 19513 19512
19514 19515 19516
19514 19517 19515
19518 19517 19514
19518 19514 19519
19520 19518 19519
19520 19519 19521
19520 19521 19522
19520 19522 19523
19524 19523 19522
19524 19522 19525
19526 19524 19525
19526 19525 19527
19528 19526 19527
19528 19529 19526
19530 19529 19528
19531 19532 19533
19531 19534 19532
19535 19534 19531
19535 19536 19534
19536 19535 19537
19536 19537 19538
19538 19537 19539
19538 19539 19540
19541 19540 19539
19541 19539 19542
19543 19541 19542
19544 19545 19546
19544 19546 19547
19548 19544 19547
19549 19550 19551
19550 19552 19551
19550 19553 19552
19554 19555 19556
19557 19554 19556
19557 19556 19558
19559 19557 19558
19559 19558 19560
19561 19559 19560
19561 19560 19562
19563 19561 19562
19563 19562 19564
19565 19563 19564
19565 19564 19566
19565 19566 19567
19565 19567 19568
19567 19569 19568
19567 19570 19569
19570 19571 19569
19570 19572 19571
19573 19571 19572
19573 19574 19571
19574 19573 19575
19574 19575 19576
19575 19577 19576
19575 19578 19577
19579 19577 19578
19579 19580 19577
19580 19579 19581
19580 19581 19582
19581 19583 19582
19581 19584 19583
19584 19585 19583
19584 19586 19585
19586 19587 19585
19586 19588 19587
19588 19589 19587
19590 19591 19592
19590 19592 19593
19594 19590 19593
19594 19593 19595
19596 19594 19595
19596 19597 19594
19598 19597 19596
19598 19596 19599
19598 19599 19600
19598 19600 19601
19598 19601 19602
19598 19602 19603
19603 19602 19604
19603 19604 19605
19606 19603 19605
19603 19606 19607
19608 19598 19603
19603 19607 19608
19607 19609 19608
19609 19610 19608
19611 19612 19613
19611 19613 19614
19614 19613 19615
19616 19611 19614
19614 19615 19617
19616 19614 19618
19618 19614 19617
19619 19616 19618
19618 19617 19620
19618 19621 19619
19618 19620 19621
19622 19623 17156
19623 19624 17156
19624 19623 19343
19624 17152 17156
19624 19343 19341
17145 17152 19624
17145 19624 19341
19625 17139 19219
19625 19219 19626
19625 19626 19627
19625 19627 19628
19219 19629 19626
19629 19627 19626
19219 19211 19629
19211 19630 19629
19630 19631 19629
19629 19631 19627
19630 19632 19631
19631 19632 19633
19631 19633 19634
19627 19631 19634
19633 19635 19634
19628 19627 19636
19627 19634 19636
19628 19636 19637
19635 19638 19634
19636 19634 19638
19635 19639 19638
19637 19636 19640
19637 19640 19641
19639 19642 19638
19639 19643 19642
19636 19638 19644
19640 19636 19644
19644 19638 19642
19641 19640 19645
19641 19645 19646
19647 19646 19645
19640 19644 19648
19644 19642 19648
19640 19648 19645
19643 19649 19642
19649 19648 19642
19650 19649 19643
19650 19643 19651
19650 19651 19652
19647 19645 19653
19647 19653 19654
19645 19648 19655
19649 19655 19648
19645 19655 19653
19653 19656 19654
19656 19653 19655
19654 19656 19657
19649 19658 19655
19656 19655 19658
19649 19650 19658
19656 19659 19657
19659 19656 19658
19657 19659 19660
19661 19657 19660
19659 19658 19662
19658 19650 19662
19662 19660 19659
19660 19663 19661
19663 19664 19661
19662 19665 19660
19650 19665 19662
19665 19663 19660
19666 19665 19650
19650 19652 19666
19664 19663 19667
19664 19667 19668
19665 19669 19663
19666 19669 19665
19663 19669 19670
19670 19669 19666
19667 19663 19670
19652 19671 19666
19670 19666 19671
19652 19672 19671
19667 19673 19668
19668 19673 19674
19673 19675 19674
19673 19676 19675
19670 19677 19667
19677 19670 19671
19677 19673 19667
19672 19678 19671
19677 19671 19678
19672 19679 19678
19680 19678 19679
19673 19681 19676
19681 19673 19677
19681 19682 19676
19683 19682 19681
19684 19677 19678
19680 19684 19678
19684 19681 19677
19683 19681 19685
19685 19681 19684
19686 19683 19685
19686 19685 19687
19686 19687 19688
19687 19689 19688
19690 19684 19680
19685 19684 19690
19687 19685 19690
19690 19680 19691
19692 19690 19691
19692 19693 19690
19687 19690 19693
19693 19692 19694
19693 19694 19695
19695 19687 19693
19695 19694 18257
19695 18257 18255
19687 19696 19689
19695 19696 19687
19696 19695 18255
19689 19696 18256
19696 18255 18256
19697 19698 19699
19700 19698 19697
19697 19699 19701
19701 19699 19702
19700 19697 19703
19704 19700 19703
19703 19697 19705
19701 19705 19697
19701 19702 19706
19706 19702 19707
19704 19703 19708
19703 19705 19708
19701 19706 19709
19709 19705 19701
19706 19707 19710
19706 19710 19709
19710 19707 19711
19709 19712 19705
19712 19708 19705
19708 19713 19704
19714 19704 19713
19710 19715 19709
19709 19715 19712
19710 19711 19716
19716 19711 19717
19712 19718 19708
19713 19708 19718
19714 19713 19719
19720 19714 19719
19710 19716 19721
19715 19710 19721
19716 19717 19722
19721 19716 19722
19722 19717 19723
19715 19724 19712
19718 19712 19724
19719 19713 19725
19713 19718 19725
19720 19719 19726
19719 19725 19726
19715 19721 19727
19724 19715 19727
19718 19724 19728
19718 19728 19725
19727 19728 19724
19722 19723 19729
19729 19723 19730
19722 19731 19721
19731 19727 19721
19729 19731 19722
19727 19732 19728
19725 19728 19732
19732 19727 19731
19720 19726 19733
19720 19733 19734
19726 19725 19735
19726 19735 19733
19735 19734 19733
19725 19732 19735
19735 19736 19734
19732 19731 19737
19732 19737 19735
19737 19731 19729
19736 19735 19737
19729 19730 19738
19738 19730 19736
19737 19729 19738
19737 19738 19736
19739 19740 19741
19740 19742 19741
19739 19743 19740
19740 19744 19742
19743 19744 19740
19739 19745 19743
19739 19746 19745
19747 19743 19745
19743 19747 19744
19746 19748 19745
19748 19747 19745
19746 19749 19748
19744 19750 19742
19747 19751 19744
19751 19750 19744
19750 19752 19742
19752 19753 19742
19754 19753 19752
19754 19755 19753
19752 19750 19756
19752 19756 19754
19757 19750 19751
19757 19756 19750
19747 19758 19751
19758 19757 19751
19759 19747 19748
19759 19758 19747
19749 19760 19748
19748 19760 19759
19761 19755 19754
19761 19762 19755
19754 19756 19763
19754 19763 19761
19764 19762 19761
19764 19761 19763
19764 19765 19762
19766 19756 19757
19766 19763 19756
19759 19767 19758
19760 19767 19759
19758 19768 19757
19768 19766 19757
19767 19768 19758
19769 19764 19763
19769 19763 19766
19770 19769 19766
19771 19765 19764
19769 19771 19764
19769 19770 19771
19771 19772 19765
19773 19772 19771
19770 19773 19771
19773 19774 19772
19775 19774 19773
19773 19770 19775
19775 19776 19774
19768 19777 19766
19777 19770 19766
19778 19777 19768
19770 19777 19778
19778 19768 19767
19770 19779 19775
19770 19778 19779
19780 19776 19775
19780 19775 19779
19780 19781 19776
19782 19778 19767
19760 19782 19767
19779 19778 19783
19780 19779 19783
19782 19783 19778
19784 19781 19780
19783 19784 19780
19784 19785 19781
19783 19786 19784
19786 19785 19784
19783 19782 19786
19786 19787 19785
19788 19782 19760
19788 19786 19782
19788 19787 19786
19749 19788 19760
19788 19789 19787
19749 19789 19788
19790 19791 19792
19790 19793 19791
19793 19794 19791
19793 19795 19794
19794 19795 19796
19791 19797 19792
19791 19794 19797
19794 19796 19798
19798 19796 19799
19794 19798 19800
19794 19800 19797
19798 19799 19801
19801 19800 19798
19801 19799 19802
19792 19797 19803
19792 19803 19804
19805 19797 19800
19805 19803 19797
19801 19802 19806
19806 19802 19807
19808 19800 19801
19801 19806 19808
19808 19805 19800
19806 19807 19809
19806 19809 19808
19809 19807 19810
19803 19811 19804
19811 19803 19805
19808 19812 19805
19809 19812 19808
19809 19810 19813
19813 19810 19814
19809 19813 19815
19812 19809 19815
19813 19814 19816
19815 19813 19816
19816 19814 19817
19812 19818 19805
19811 19805 19818
19818 19812 19819
19812 19815 19819
19819 19811 19818
19804 19811 19820
19819 19820 19811
19804 19820 19821
19816 19817 19822
19822 19817 19823
19816 19824 19815
19824 19819 19815
19822 19824 19816
19819 19825 19820
19820 19825 19821
19819 19824 19825
19822 19823 19826
19824 19822 19826
19825 19824 19826
19826 19823 19827
19821 19825 19828
19825 19826 19828
19826 19827 19828
19821 19828 19829
19828 19827 19829
19830 19831 19832
19832 19831 19833
19832 19833 19834
19834 19833 19835
19834 19835 19836
19836 19835 19837
19836 19837 19838
19838 19837 19839
19840 19834 19836
19840 19836 19838
19832 19834 19841
19840 19841 19834
19830 19832 19842
19832 19841 19842
19838 19839 19843
19843 19839 19844
19838 19845 19840
19838 19843 19845
19843 19844 19846
19843 19846 19845
19846 19844 19847
19841 19840 19848
19845 19848 19840
19849 19830 19842
19850 19830 19849
19842 19841 19851
19841 19848 19851
19852 19842 19851
19849 19842 19852
19846 19847 19853
19853 19847 19854
19846 19855 19845
19855 19848 19845
19848 19856 19851
19851 19856 19852
19846 19853 19857
19855 19846 19857
19853 19854 19858
19857 19853 19858
19858 19854 19859
19855 19860 19848
19848 19860 19856
19860 19855 19861
19855 19857 19861
19856 19860 19861
19857 19858 19862
19857 19862 19861
19858 19859 19863
19858 19863 19862
19863 19859 19864
19863 19864 19865
19865 19862 19863
19865 19864 19866
19861 19862 19867
19865 19867 19862
19865 19866 19868
19867 19865 19868
19868 19866 19869
19856 19861 19870
19861 19867 19870
19871 19867 19868
19871 19868 19869
19870 19867 19871
19872 19856 19870
19856 19872 19852
19873 19871 19869
19873 19869 19874
19870 19871 19875
19872 19870 19875
19873 19875 19871
19852 19872 19876
19876 19872 19875
19876 19875 19873
19852 19876 19849
19873 19874 19877
19877 19876 19873
19878 19877 19874
19877 19879 19876
19849 19876 19879
19878 19879 19877
19849 19879 19880
19878 19880 19879
19850 19849 19880
19878 19850 19880
19881 19882 19883
19882 19884 19883
19881 19885 19882
19882 19886 19884
19885 19886 19882
19881 19887 19885
19881 19888 19887
19888 19889 19887
19889 19885 19887
19888 19890 19889
19889 19891 19885
19885 19891 19886
19892 19889 19890
19892 19891 19889
19886 19893 19884
19891 19894 19886
19894 19893 19886
19892 19895 19891
19891 19895 19894
19895 19896 19894
19896 19895 19892
19893 19897 19884
19897 19898 19884
19899 19893 19894
19896 19899 19894
19900 19898 19897
19900 19901 19898
19893 19902 19897
19899 19902 19893
19902 19900 19897
19903 19901 19900
19903 19904 19901
19905 19902 19899
19896 19905 19899
19900 19902 19906
19900 19906 19903
19905 19906 19902
19907 19904 19903
19907 19903 19906
19907 19908 19904
19909 19907 19906
19909 19906 19905
19910 19908 19907
19909 19910 19907
19910 19911 19908
19912 19911 19910
19912 19910 19909
19912 19913 19911
19914 19909 19905
19914 19912 19909
19915 19913 19912
19915 19916 19913
19915 19912 19917
19912 19914 19917
19918 19916 19915
19918 19915 19917
19918 19919 19916
19920 19914 19905
19896 19920 19905
19914 19920 19921
19914 19921 19917
19921 19920 19896
19918 19917 19922
19917 19921 19922
19923 19919 19918
19922 19923 19918
19923 19924 19919
19925 19924 19923
19922 19925 19923
19925 19926 19924
19921 19896 19927
19927 19896 19892
19928 19922 19921
19922 19928 19925
19928 19921 19927
19929 19926 19925
19929 19925 19928
19929 19930 19926
19890 19930 19929
19890 19931 19892
19931 19927 19892
19931 19928 19927
19890 19929 19931
19929 19928 19931
19932 19933 19934
19932 19935 19933
19936 19934 19933
19934 19936 19937
19933 19935 19938
19935 19939 19938
19938 19939 19940
19938 19940 19941
19941 19940 19942
19938 19943 19933
19938 19941 19943
19941 19942 19944
19944 19943 19941
19944 19942 19945
19946 19936 19933
19946 19933 19943
19936 19947 19937
19947 19936 19946
19944 19945 19948
19948 19945 19949
19950 19943 19944
19944 19948 19950
19950 19946 19943
19948 19949 19951
19948 19951 19950
19951 19949 19952
19950 19953 19946
19951 19953 19950
19951 19952 19954
19954 19952 19955
19951 19954 19956
19953 19951 19956
19954 19955 19957
19956 19954 19957
19957 19955 19958
19953 19959 19946
19947 19946 19959
19959 19953 19960
19953 19956 19960
19960 19947 19959
19957 19958 19961
19961 19958 19962
19957 19963 19956
19961 19963 19957
19963 19960 19956
19961 19962 19964
19963 19961 19964
19964 19962 19965
19966 19963 19964
19966 19964 19965
19960 19963 19966
19966 19965 19967
19966 19967 19968
19960 19969 19947
19960 19966 19969
19969 19966 19968
19937 19947 19969
19937 19969 19968
19970 19971 19972
19973 19971 19970
19970 19972 19974
19972 19975 19974
19972 19976 19975
19977 19975 19976
19977 19978 19975
19978 19974 19975
19978 19979 19974
19979 19970 19974
19979 19980 19970
19980 19981 19970
19973 19970 19981
19980 19982 19981
19983 19973 19981
19982 19983 19981
19983 19984 19973
19984 19983 19985
19983 19982 19986
19983 19986 19985
19985 19986 19987
19984 19985 19988
19989 19984 19988
19990 19989 19988
19988 19985 19991
19985 19987 19991
19987 19992 19991
19990 19988 19993
19988 19991 19993
19994 19990 19993
19994 19995 19990
19996 19993 19991
19992 19996 19991
19996 19994 19993
19997 19995 19994
19997 19998 19995
19999 19998 19997
20000 19994 19996
19992 20000 19996
20000 19997 19994
19999 19997 20001
20002 19999 20001
19997 20003 20001
20002 20001 20003
19997 20000 20003
20002 20003 20004
20005 20002 20004
20006 20005 20004
20007 20006 20004
20007 20004 20003
20000 20007 20003
20000 20008 20007
19992 20008 20000
19992 20009 20008
19992 20010 20009
20010 20011 20009
20012 20010 19992
20012 19992 19987
20008 20009 20013
20013 20009 20011
20012 20014 20010
20010 20014 20011
20008 20013 20015
20008 20015 20016
20008 20016 20017
20016 20018 20017
20015 20019 20016
20016 20019 20018
20015 20020 20019
20013 20020 20015
20021 20018 20019
20020 20021 20019
20021 20022 20018
20023 20022 20021
20023 20024 20022
20020 20025 20021
20025 20023 20021
20013 20026 20020
20026 20025 20020
20027 20026 20013
20011 20027 20013
20026 20027 20025
20024 20023 20028
20025 20029 20023
20023 20029 20028
20027 20030 20025
20030 20029 20025
20024 20028 20031
20032 20024 20031
20033 20032 20031
20029 20034 20028
20031 20028 20035
20034 20035 20028
20033 20031 20036
20031 20035 20036
20037 20033 20036
20037 20038 20033
20039 20036 20035
20034 20039 20035
20039 20037 20036
20040 20038 20037
20040 20041 20038
20042 20041 20040
20043 20037 20039
20043 20040 20037
20042 20040 20044
20045 20042 20044
20040 20046 20044
20045 20044 20046
20040 20043 20046
20047 20043 20039
20034 20047 20039
20045 20046 20048
20049 20045 20048
20043 20050 20046
20047 20050 20043
20050 20048 20046
20049 20048 20051
20048 20052 20051
20053 20049 20051
20053 20051 20054
20052 20054 20051
20055 20053 20054
20055 20056 20053
19982 20056 20055
20057 20055 20054
20052 20057 20054
20058 19982 20055
20057 20058 20055
20050 20059 20048
20048 20059 20052
20058 20060 19982
19986 19982 20060
19986 20060 20061
19986 20061 19987
20062 20058 20057
20058 20063 20060
20062 20063 20058
20064 20063 20062
20065 20062 20057
20065 20057 20052
20065 20064 20062
20063 20066 20060
20061 20060 20066
20063 20064 20066
19987 20061 20067
20061 20066 20067
19987 20067 20068
20067 20066 20068
19987 20068 20012
20069 20068 20066
20064 20069 20066
20070 20012 20068
20069 20070 20068
20070 20071 20012
20012 20071 20014
20069 20072 20070
20072 20071 20070
20071 20073 20014
20071 20072 20073
20069 20074 20072
20064 20074 20069
20014 20073 20075
20014 20075 20011
20072 20076 20073
20076 20072 20074
20073 20076 20075
20077 20076 20074
20064 20077 20074
20076 20078 20075
20011 20075 20078
20079 20077 20064
20065 20079 20064
20011 20078 20080
20011 20080 20027
20079 20081 20077
20081 20076 20077
20082 20079 20065
20082 20081 20079
20080 20078 20083
20078 20076 20083
20027 20080 20084
20080 20083 20084
20027 20084 20030
20084 20083 20085
20083 20076 20085
20030 20084 20086
20084 20085 20086
20082 20065 20087
20052 20087 20065
20082 20088 20081
20076 20081 20088
20076 20089 20085
20086 20085 20089
20090 20088 20082
20090 20082 20087
20091 20076 20088
20089 20076 20091
20090 20091 20088
20092 20089 20091
20086 20089 20092
20092 20091 20090
20030 20086 20093
20030 20093 20029
20093 20034 20029
20086 20092 20094
20086 20094 20093
20093 20094 20034
20094 20092 20090
20094 20047 20034
20094 20090 20095
20094 20095 20047
20095 20090 20087
20095 20050 20047
20095 20096 20050
20095 20087 20096
20096 20059 20050
20097 20096 20087
20096 20097 20059
20097 20087 20052
20097 20052 20059
20098 20099 20100
20099 20098 20101
20102 20098 20100
20100 20103 20102
20102 20103 20104
20102 20104 20105
20105 20104 20106
20098 20107 20101
20107 20108 20101
20102 20109 20098
20102 20105 20109
20105 20106 20110
20110 20106 20111
20098 20112 20107
20098 20109 20112
20107 20113 20108
20112 20113 20107
20114 20109 20105
20114 20105 20110
20110 20111 20115
20114 20110 20115
20115 20111 20116
20109 20117 20112
20109 20114 20117
20115 20118 20114
20118 20117 20114
20115 20116 20119
20115 20119 20118
20119 20116 20120
20119 20120 20121
20119 20121 20118
20121 20120 20122
20112 20123 20113
20117 20123 20112
20124 20117 20118
20121 20124 20118
20121 20122 20125
20125 20122 20126
20121 20125 20127
20124 20121 20127
20125 20126 20128
20127 20125 20128
20128 20126 20129
20124 20130 20117
20117 20130 20123
20130 20124 20131
20124 20127 20131
20123 20130 20131
20113 20123 20132
20123 20131 20132
20127 20128 20133
20127 20133 20131
20128 20129 20134
20128 20134 20133
20134 20129 20135
20134 20135 20136
20136 20133 20134
20136 20135 20137
20131 20133 20138
20136 20138 20133
20131 20138 20132
20136 20137 20139
20138 20136 20139
20139 20137 20140
20141 20138 20139
20141 20139 20140
20132 20138 20141
20142 20141 20140
20132 20141 20143
20143 20141 20142
20113 20132 20143
20143 20142 20144
20108 20113 20143
20108 20143 20144
20145 20146 20147
20146 20148 20147
20145 20149 20146
20146 20150 20148
20149 20150 20146
20145 20151 20149
20145 20152 20151
20151 20153 20149
20149 20153 20150
20152 20154 20151
20151 20154 20153
20152 20155 20154
20150 20156 20148
20153 20157 20150
20157 20156 20150
20156 20158 20148
20158 20159 20148
20160 20159 20158
20158 20156 20161
20161 20156 20157
20160 20158 20162
20158 20161 20162
20163 20160 20162
20161 20163 20162
20163 20164 20160
20165 20164 20163
20165 20166 20164
20163 20161 20167
20167 20165 20163
20167 20168 20165
20169 20166 20165
20168 20169 20165
20169 20170 20166
20161 20171 20167
20161 20157 20171
20168 20167 20171
20172 20170 20169
20169 20168 20172
20172 20173 20170
20174 20171 20157
20153 20174 20157
20175 20173 20172
20175 20176 20173
20177 20176 20175
20174 20178 20171
20178 20168 20171
20179 20174 20153
20178 20174 20179
20154 20179 20153
20168 20180 20172
20175 20172 20180
20168 20178 20181
20178 20179 20181
20180 20168 20181
20154 20182 20179
20181 20179 20182
20155 20182 20154
20180 20181 20183
20180 20183 20175
20181 20182 20183
20155 20184 20182
20183 20182 20184
20155 20185 20184
20184 20185 20177
20175 20183 20186
20183 20184 20186
20177 20175 20186
20184 20177 20186
20187 20188 20189
20190 20188 20187
20187 20189 20191
20191 20189 20192
20190 20187 20193
20194 20190 20193
20193 20187 20195
20191 20195 20187
20191 20192 20196
20196 20192 20197
20194 20193 20198
20193 20195 20198
20191 20196 20199
20199 20195 20191
20196 20197 20200
20196 20200 20199
20200 20197 20201
20199 20202 20195
20202 20198 20195
20198 20203 20194
20204 20194 20203
20200 20205 20199
20199 20205 20202
20200 20201 20206
20206 20201 20207
20202 20208 20198
20203 20198 20208
20204 20203 20209
20210 20204 20209
20200 20206 20211
20205 20200 20211
20206 20207 20212
20211 20206 20212
20212 20207 20213
20205 20214 20202
20208 20202 20214
20209 20203 20215
20203 20208 20215
20210 20209 20216
20209 20215 20216
20205 20211 20217
20214 20205 20217
20208 20214 20218
20208 20218 20215
20217 20218 20214
20212 20213 20219
20219 20213 20220
20212 20221 20211
20221 20217 20211
20219 20221 20212
20217 20222 20218
20215 20218 20222
20222 20217 20221
20210 20216 20223
20210 20223 20224
20216 20215 20225
20216 20225 20223
20225 20224 20223
20215 20222 20225
20225 20226 20224
20222 20221 20227
20222 20227 20225
20227 20221 20219
20226 20225 20227
20219 20220 20228
20228 20220 20226
20227 20219 20228
20227 20228 20226
20229 20230 20231
20230 20232 20231
20229 20233 20230
20230 20234 20232
20233 20234 20230
20229 20235 20233
20229 20236 20235
20237 20233 20235
20233 20237 20234
20236 20238 20235
20238 20237 20235
20236 20239 20238
20234 20240 20232
20237 20241 20234
20241 20240 20234
20240 20242 20232
20242 20243 20232
20244 20243 20242
20244 20245 20243
20242 20240 20246
20242 20246 20244
20247 20240 20241
20247 20246 20240
20237 20248 20241
20248 20247 20241
20249 20237 20238
20249 20248 20237
20239 20250 20238
20238 20250 20249
20251 20245 20244
20251 20252 20245
20244 20246 20253
20244 20253 20251
20254 20252 20251
20254 20251 20253
20254 20255 20252
20256 20246 20247
20256 20253 20246
20249 20257 20248
20250 20257 20249
20248 20258 20247
20258 20256 20247
20257 20258 20248
20259 20254 20253
20259 20253 20256
20260 20259 20256
20261 20255 20254
20259 20261 20254
20259 20260 20261
20261 20262 20255
20263 20262 20261
20260 20263 20261
20263 20264 20262
20265 20264 20263
20263 20260 20265
20265 20266 20264
20258 20267 20256
20267 20260 20256
20268 20267 20258
20260 20267 20268
20268 20258 20257
20260 20269 20265
20260 20268 20269
20270 20266 20265
20270 20265 20269
20270 20271 20266
20272 20268 20257
20250 20272 20257
20269 20268 20273
20270 20269 20273
20272 20273 20268
20274 20271 20270
20273 20274 20270
20274 20275 20271
20273 20276 20274
20276 20275 20274
20273 20272 20276
20276 20277 20275
20278 20272 20250
20278 20276 20272
20278 20277 20276
20239 20278 20250
20278 20279 20277
20239 20279 20278
20280 20281 20282
20280 20283 20281
20283 20284 20281
20283 20285 20284
20284 20285 20286
20281 20287 20282
20281 20284 20287
20284 20286 20288
20288 20286 20289
20284 20288 20290
20284 20290 20287
20288 20289 20291
20291 20290 20288
20291 20289 20292
20282 20287 20293
20282 20293 20294
20295 20287 20290
20295 20293 20287
20291 20292 20296
20296 20292 20297
20298 20290 20291
20291 20296 20298
20298 20295 20290
20296 20297 20299
20296 20299 20298
20299 20297 20300
20293 20301 20294
20301 20293 20295
20298 20302 20295
20299 20302 20298
20299 20300 20303
20303 20300 20304
20299 20303 20305
20302 20299 20305
20303 20304 20306
20305 20303 20306
20306 20304 20307
20302 20308 20295
20301 20295 20308
20308 20302 20309
20302 20305 20309
20309 20301 20308
20294 20301 20310
20309 20310 20301
20294 20310 20311
20306 20307 20312
20312 20307 20313
20306 20314 20305
20314 20309 20305
20312 20314 20306
20309 20315 20310
20310 20315 20311
20309 20314 20315
20312 20313 20316
20314 20312 20316
20315 20314 20316
20316 20313 20317
20311 20315 20318
20315 20316 20318
20316 20317 20318
20311 20318 20319
20318 20317 20319
20320 20321 20322
20322 20321 20323
20322 20323 20324
20324 20323 20325
20324 20325 20326
20326 20325 20327
20326 20327 20328
20328 20327 20329
20330 20324 20326
20330 20326 20328
20322 20324 20331
20330 20331 20324
20320 20322 20332
20322 20331 20332
20328 20329 20333
20333 20329 20334
20328 20335 20330
20328 20333 20335
20333 20334 20336
20333 20336 20335
20336 20334 20337
20331 20330 20338
20335 20338 20330
20339 20320 20332
20340 20320 20339
20332 20331 20341
20331 20338 20341
20342 20332 20341
20339 20332 20342
20336 20337 20343
20343 20337 20344
20336 20345 20335
20345 20338 20335
20338 20346 20341
20341 20346 20342
20336 20343 20347
20345 20336 20347
20343 20344 20348
20347 20343 20348
20348 20344 20349
20345 20350 20338
20338 20350 20346
20350 20345 20351
20345 20347 20351
20346 20350 20351
20347 20348 20352
20347 20352 20351
20348 20349 20353
20348 20353 20352
20353 20349 20354
20353 20354 20355
20355 20352 20353
20355 20354 20356
20351 20352 20357
20355 20357 20352
20355 20356 20358
20357 20355 20358
20358 20356 20359
20346 20351 20360
20351 20357 20360
20361 20357 20358
20361 20358 20359
20360 20357 20361
20362 20346 20360
20346 20362 20342
20363 20361 20359
20363 20359 20364
20360 20361 20365
20362 20360 20365
20363 20365 20361
20342 20362 20366
20366 20362 20365
20366 20365 20363
20342 20366 20339
20363 20364 20367
20367 20366 20363
20368 20367 20364
20367 20369 20366
20339 20366 20369
20368 20369 20367
20339 20369 20370
20368 20370 20369
20340 20339 20370
20368 20340 20370
20371 20372 20373
20372 20374 20373
20371 20375 20372
20372 20376 20374
20375 20376 20372
20371 20377 20375
20371 20378 20377
20378 20379 20377
20379 20375 20377
20378 20380 20379
20379 20381 20375
20375 20381 20376
20382 20379 20380
20382 20381 20379
20376 20383 20374
20381 20384 20376
20384 20383 20376
20382 20385 20381
20381 20385 20384
20385 20386 20384
20386 20385 20382
20383 20387 20374
20387 20388 20374
20389 20383 20384
20386 20389 20384
20390 20388 20387
20390 20391 20388
20383 20392 20387
20389 20392 20383
20392 20390 20387
20393 20391 20390
20393 20394 20391
20395 20392 20389
20386 20395 20389
20390 20392 20396
20390 20396 20393
20395 20396 20392
20397 20394 20393
20397 20393 20396
20397 20398 20394
20399 20397 20396
20399 20396 20395
20400 20398 20397
20399 20400 20397
20400 20401 20398
20402 20401 20400
20402 20400 20399
20402 20403 20401
20404 20399 20395
20404 20402 20399
20405 20403 20402
20405 20406 20403
20405 20402 20407
20402 20404 20407
20408 20406 20405
20408 20405 20407
20408 20409 20406
20410 20404 20395
20386 20410 20395
20404 20410 20411
20404 20411 20407
20411 20410 20386
20408 20407 20412
20407 20411 20412
20413 20409 20408
20412 20413 20408
20413 20414 20409
20415 20414 20413
20412 20415 20413
20415 20416 20414
20411 20386 20417
20417 20386 20382
20418 20412 20411
20412 20418 20415
20418 20411 20417
20419 20416 20415
20419 20415 20418
20419 20420 20416
20380 20420 20419
20380 20421 20382
20421 20417 20382
20421 20418 20417
20380 20419 20421
20419 20418 20421
20422 20423 20424
20422 20425 20423
20426 20424 20423
20424 20426 20427
20423 20425 20428
20425 20429 20428
20428 20429 20430
20428 20430 20431
20431 20430 20432
20428 20433 20423
20428 20431 20433
20431 20432 20434
20434 20433 20431
20434 20432 20435
20436 20426 20423
20436 20423 20433
20426 20437 20427
20437 20426 20436
20434 20435 20438
20438 20435 20439
20440 20433 20434
20434 20438 20440
20440 20436 20433
20438 20439 20441
20438 20441 20440
20441 20439 20442
20440 20443 20436
20441 20443 20440
20441 20442 20444
20444 20442 20445
20441 20444 20446
20443 20441 20446
20444 20445 20447
20446 20444 20447
20447 20445 20448
20443 20449 20436
20437 20436 20449
20449 20443 20450
20443 20446 20450
20450 20437 20449
20447 20448 20451
20451 20448 20452
20447 20453 20446
20451 20453 20447
20453 20450 20446
20451 20452 20454
20453 20451 20454
20454 20452 20455
20456 20453 20454
20456 20454 20455
20450 20453 20456
20456 20455 20457
20456 20457 20458
20450 20459 20437
20450 20456 20459
20459 20456 20458
20427 20437 20459
20427 20459 20458
20460 20461 20462
20463 20461 20460
20460 20462 20464
20462 20465 20464
20462 20466 20465
20467 20465 20466
20467 20468 20465
20468 20464 20465
20468 20469 20464
20469 20460 20464
20469 20470 20460
20470 20471 20460
20463 20460 20471
20470 20472 20471
20473 20463 20471
20472 20473 20471
20473 20474 20463
20474 20473 20475
20473 20472 20476
20473 20476 20475
20475 20476 20477
20474 20475 20478
20479 20474 20478
20480 20479 20478
20478 20475 20481
20475 20477 20481
20477 20482 20481
20480 20478 20483
20478 20481 20483
20484 20480 20483
20484 20485 20480
20486 20483 20481
20482 20486 20481
20486 20484 20483
20487 20485 20484
20487 20488 20485
20489 20488 20487
20490 20484 20486
20482 20490 20486
20490 20487 20484
20489 20487 20491
20492 20489 20491
20487 20493 20491
20492 20491 20493
20487 20490 20493
20492 20493 20494
20495 20492 20494
20496 20495 20494
20497 20496 20494
20497 20494 20493
20490 20497 20493
20490 20498 20497
20482 20498 20490
20482 20499 20498
20482 20500 20499
20500 20501 20499
20502 20499 20501
20498 20499 20502
20503 20500 20482
20503 20482 20477
20500 20504 20501
20503 20504 20500
20498 20502 20505
20498 20505 20506
20498 20506 20507
20506 20508 20507
20505 20509 20506
20506 20509 20508
20502 20510 20505
20505 20510 20509
20511 20508 20509
20510 20511 20509
20511 20512 20508
20502 20513 20510
20513 20502 20501
20514 20512 20511
20514 20515 20512
20510 20516 20511
20513 20516 20510
20516 20514 20511
20501 20517 20513
20513 20517 20516
20515 20514 20518
20516 20519 20514
20514 20519 20518
20517 20520 20516
20520 20519 20516
20515 20518 20521
20522 20515 20521
20523 20522 20521
20519 20524 20518
20521 20518 20525
20524 20525 20518
20523 20521 20526
20521 20525 20526
20527 20523 20526
20527 20528 20523
20529 20526 20525
20524 20529 20525
20529 20527 20526
20530 20528 20527
20530 20531 20528
20532 20531 20530
20533 20527 20529
20533 20530 20527
20532 20530 20534
20535 20532 20534
20530 20536 20534
20535 20534 20536
20530 20533 20536
20537 20533 20529
20524 20537 20529
20535 20536 20538
20539 20535 20538
20533 20540 20536
20537 20540 20533
20540 20538 20536
20539 20538 20541
20538 20542 20541
20543 20539 20541
20543 20541 20544
20542 20544 20541
20545 20543 20544
20545 20546 20543
20472 20546 20545
20547 20545 20544
20542 20547 20544
20548 20472 20545
20547 20548 20545
20540 20549 20538
20538 20549 20542
20548 20550 20472
20476 20472 20550
20476 20550 20551
20476 20551 20477
20552 20548 20547
20548 20553 20550
20552 20553 20548
20554 20553 20552
20555 20552 20547
20555 20547 20542
20555 20554 20552
20553 20556 20550
20551 20550 20556
20553 20554 20556
20477 20551 20557
20551 20556 20557
20477 20557 20558
20557 20556 20558
20477 20558 20503
20559 20558 20556
20554 20559 20556
20560 20503 20558
20559 20560 20558
20560 20561 20503
20503 20561 20504
20559 20562 20560
20562 20561 20560
20561 20563 20504
20561 20562 20563
20559 20564 20562
20554 20564 20559
20504 20563 20565
20504 20565 20501
20562 20566 20563
20566 20562 20564
20563 20566 20565
20567 20566 20564
20554 20567 20564
20566 20568 20565
20501 20565 20568
20569 20567 20554
20555 20569 20554
20501 20568 20570
20501 20570 20517
20569 20571 20567
20571 20566 20567
20572 20569 20555
20572 20571 20569
20570 20568 20573
20568 20566 20573
20517 20570 20574
20570 20573 20574
20517 20574 20520
20574 20573 20575
20573 20566 20575
20520 20574 20576
20574 20575 20576
20572 20555 20577
20542 20577 20555
20572 20578 20571
20566 20571 20578
20566 20579 20575
20576 20575 20579
20580 20578 20572
20580 20572 20577
20581 20566 20578
20579 20566 20581
20580 20581 20578
20582 20579 20581
20576 20579 20582
20582 20581 20580
20520 20576 20583
20520 20583 20519
20583 20524 20519
20576 20582 20584
20576 20584 20583
20583 20584 20524
20584 20582 20580
20584 20537 20524
20584 20580 20585
20584 20585 20537
20585 20580 20577
20585 20540 20537
20585 20586 20540
20585 20577 20586
20586 20549 20540
20587 20586 20577
20586 20587 20549
20587 20577 20542
20587 20542 20549
20588 20589 20590
20589 20588 20591
20592 20588 20590
20590 20593 20592
20592 20593 20594
20592 20594 20595
20595 20594 20596
20588 20597 20591
20597 20598 20591
20592 20599 20588
20592 20595 20599
20595 20596 20600
20600 20596 20601
20588 20602 20597
20588 20599 20602
20597 20603 20598
20602 20603 20597
20604 20599 20595
20604 20595 20600
20600 20601 20605
20604 20600 20605
20605 20601 20606
20599 20607 20602
20599 20604 20607
20605 20608 20604
20608 20607 20604
20605 20606 20609
20605 20609 20608
20609 20606 20610
20609 20610 20611
20609 20611 20608
20611 20610 20612
20602 20613 20603
20607 20613 20602
20614 20607 20608
20611 20614 20608
20611 20612 20615
20615 20612 20616
20611 20615 20617
20614 20611 20617
20615 20616 20618
20617 20615 20618
20618 20616 20619
20614 20620 20607
20607 20620 20613
20620 20614 20621
20614 20617 20621
20613 20620 20621
20603 20613 20622
20613 20621 20622
20617 20618 20623
20617 20623 20621
20618 20619 20624
20618 20624 20623
20624 20619 20625
20624 20625 20626
20626 20623 20624
20626 20625 20627
20621 20623 20628
20626 20628 20623
20621 20628 20622
20626 20627 20629
20628 20626 20629
20629 20627 20630
20631 20628 20629
20631 20629 20630
20622 20628 20631
20632 20631 20630
20622 20631 20633
20633 20631 20632
20603 20622 20633
20633 20632 20634
20598 20603 20633
20598 20633 20634
20635 20636 20637
20636 20638 20637
20635 20639 20636
20636 20640 20638
20639 20640 20636
20635 20641 20639
20635 20642 20641
20641 20643 20639
20639 20643 20640
20642 20644 20641
20641 20644 20643
20642 20645 20644
20640 20646 20638
20643 20647 20640
20647 20646 20640
20646 20648 20638
20648 20649 20638
20650 20649 20648
20648 20646 20651
20651 20646 20647
20650 20648 20652
20648 20651 20652
20653 20650 20652
20651 20653 20652
20653 20654 20650
20655 20654 20653
20655 20656 20654
20653 20651 20657
20657 20655 20653
20657 20658 20655
20659 20656 20655
20658 20659 20655
20659 20660 20656
20651 20661 20657
20651 20647 20661
20658 20657 20661
20662 20660 20659
20659 20658 20662
20662 20663 20660
20664 20661 20647
20643 20664 20647
20665 20663 20662
20665 20666 20663
20667 20666 20665
20664 20668 20661
20668 20658 20661
20669 20664 20643
20668 20664 20669
20644 20669 20643
20658 20670 20662
20665 20662 20670
20658 20668 20671
20668 20669 20671
20670 20658 20671
20644 20672 20669
20671 20669 20672
20645 20672 20644
20670 20671 20673
20670 20673 20665
20671 20672 20673
20645 20674 20672
20673 20672 20674
20645 20675 20674
20674 20675 20667
20665 20673 20676
20673 20674 20676
20667 20665 20676
20674 20667 20676
20677 20678 20679
20680 20678 20677
20677 20679 20681
20681 20679 20682
20680 20677 20683
20684 20680 20683
20683 20677 20685
20681 20685 20677
20681 20682 20686
20686 20682 20687
20684 20683 20688
20683 20685 20688
20681 20686 20689
20689 20685 20681
20686 20687 20690
20686 20690 20689
20690 20687 20691
20689 20692 20685
20692 20688 20685
20688 20693 20684
20694 20684 20693
20690 20695 20689
20689 20695 20692
20690 20691 20696
20696 20691 20697
20692 20698 20688
20693 20688 20698
20694 20693 20699
20700 20694 20699
20690 20696 20701
20695 20690 20701
20696 20697 20702
20701 20696 20702
20702 20697 20703
20695 20704 20692
20698 20692 20704
20699 20693 20705
20693 20698 20705
20700 20699 20706
20699 20705 20706
20695 20701 20707
20704 20695 20707
20698 20704 20708
20698 20708 20705
20707 20708 20704
20702 20703 20709
20709 20703 20710
20702 20711 20701
20711 20707 20701
20709 20711 20702
20707 20712 20708
20705 20708 20712
20712 20707 20711
20700 20706 20713
20700 20713 20714
20706 20705 20715
20706 20715 20713
20715 20714 20713
20705 20712 20715
20715 20716 20714
20712 20711 20717
20712 20717 20715
20717 20711 20709
20716 20715 20717
20709 20710 20718
20718 20710 20716
20717 20709 20718
20717 20718 20716
20719 20720 20721
20720 20722 20721
20719 20723 20720
20720 20724 20722
20723 20724 20720
20719 20725 20723
20719 20726 20725
20727 20723 20725
20723 20727 20724
20726 20728 20725
20728 20727 20725
20726 20729 20728
20724 20730 20722
20727 20731 20724
20731 20730 20724
20730 20732 20722
20732 20733 20722
20734 20733 20732
20734 20735 20733
20732 20730 20736
20732 20736 20734
20737 20730 20731
20737 20736 20730
20727 20738 20731
20738 20737 20731
20739 20727 20728
20739 20738 20727
20729 20740 20728
20728 20740 20739
20741 20735 20734
20741 20742 20735
20734 20736 20743
20734 20743 20741
20744 20742 20741
20744 20741 20743
20744 20745 20742
20746 20736 20737
20746 20743 20736
20739 20747 20738
20740 20747 20739
20738 20748 20737
20748 20746 20737
20747 20748 20738
20749 20744 20743
20749 20743 20746
20750 20749 20746
20751 20745 20744
20749 20751 20744
20749 20750 20751
20751 20752 20745
20753 20752 20751
20750 20753 20751
20753 20754 20752
20755 20754 20753
20753 20750 20755
20755 20756 20754
20748 20757 20746
20757 20750 20746
20758 20757 20748
20750 20757 20758
20758 20748 20747
20750 20759 20755
20750 20758 20759
20760 20756 20755
20760 20755 20759
20760 20761 20756
20762 20758 20747
20740 20762 20747
20759 20758 20763
20760 20759 20763
20762 20763 20758
20764 20761 20760
20763 20764 20760
20764 20765 20761
20763 20766 20764
20766 20765 20764
20763 20762 20766
20766 20767 20765
20768 20762 20740
20768 20766 20762
20768 20767 20766
20729 20768 20740
20768 20769 20767
20729 20769 20768
20770 20771 20772
20770 20773 20771
20773 20774 20771
20773 20775 20774
20774 20775 20776
20771 20777 20772
20771 20774 20777
20774 20776 20778
20778 20776 20779
20774 20778 20780
20774 20780 20777
20778 20779 20781
20781 20780 20778
20781 20779 20782
20772 20777 20783
20772 20783 20784
20785 20777 20780
20785 20783 20777
20781 20782 20786
20786 20782 20787
20788 20780 20781
20781 20786 20788
20788 20785 20780
20786 20787 20789
20786 20789 20788
20789 20787 20790
20783 20791 20784
20791 20783 20785
20788 20792 20785
20789 20792 20788
20789 20790 20793
20793 20790 20794
20789 20793 20795
20792 20789 20795
20793 20794 20796
20795 20793 20796
20796 20794 20797
20792 20798 20785
20791 20785 20798
20798 20792 20799
20792 20795 20799
20799 20791 20798
20784 20791 20800
20799 20800 20791
20784 20800 20801
20796 20797 20802
20802 20797 20803
20796 20804 20795
20804 20799 20795
20802 20804 20796
20799 20805 20800
20800 20805 20801
20799 20804 20805
20802 20803 20806
20804 20802 20806
20805 20804 20806
20806 20803 20807
20801 20805 20808
20805 20806 20808
20806 20807 20808
20801 20808 20809
20808 20807 20809
20810 20811 20812
20812 20811 20813
20812 20813 20814
20814 20813 20815
20814 20815 20816
20816 20815 20817
20816 20817 20818
20818 20817 20819
20820 20814 20816
20820 20816 20818
20812 20814 20821
20820 20821 20814
20810 20812 20822
20812 20821 20822
20818 20819 20823
20823 20819 20824
20818 20825 20820
20818 20823 20825
20823 20824 20826
20823 20826 20825
20826 20824 20827
20821 20820 20828
20825 20828 20820
20829 20810 20822
20830 20810 20829
20822 20821 20831
20821 20828 20831
20832 20822 20831
20829 20822 20832
20826 20827 20833
20833 20827 20834
20826 20835 20825
20835 20828 20825
20828 20836 20831
20831 20836 20832
20826 20833 20837
20835 20826 20837
20833 20834 20838
20837 20833 20838
20838 20834 20839
20835 20840 20828
20828 20840 20836
20840 20835 20841
20835 20837 20841
20836 20840 20841
20837 20838 20842
20837 20842 20841
20838 20839 20843
20838 20843 20842
20843 20839 20844
20843 20844 20845
20845 20842 20843
20845 20844 20846
20841 20842 20847
20845 20847 20842
20845 20846 20848
20847 20845 20848
20848 20846 20849
20836 20841 20850
20841 20847 20850
20851 20847 20848
20851 20848 20849
20850 20847 20851
20852 20836 20850
20836 20852 20832
20853 20851 20849
20853 20849 20854
20850 20851 20855
20852 20850 20855
20853 20855 20851
20832 20852 20856
20856 20852 20855
20856 20855 20853
20832 20856 20829
20853 20854 20857
20857 20856 20853
20858 20857 20854
20857 20859 20856
20829 20856 20859
20858 20859 20857
20829 20859 20860
20858 20860 20859
20830 20829 20860
20858 20830 20860
20861 20862 20863
20862 20864 20863
20861 20865 20862
20862 20866 20864
20865 20866 20862
20861 20867 20865
20861 20868 20867
20868 20869 20867
20869 20865 20867
20868 20870 20869
20869 20871 20865
20865 20871 20866
20872 20869 20870
20872 20871 20869
20866 20873 20864
20871 20874 20866
20874 20873 20866
20872 20875 20871
20871 20875 20874
20875 20876 20874
20876 20875 20872
20873 20877 20864
20877 20878 20864
20879 20873 20874
20876 20879 20874
20880 20878 20877
20880 20881 20878
20873 20882 20877
20879 20882 20873
20882 20880 20877
20883 20881 20880
20883 20884 20881
20885 20882 20879
20876 20885 20879
20880 20882 20886
20880 20886 20883
20885 20886 20882
20887 20884 20883
20887 20883 20886
20887 20888 20884
20889 20887 20886
20889 20886 20885
20890 20888 20887
20889 20890 20887
20890 20891 20888
20892 20891 20890
20892 20890 20889
20892 20893 20891
20894 20889 20885
20894 20892 20889
20895 20893 20892
20895 20896 20893
20895 20892 20897
20892 20894 20897
20898 20896 20895
20898 20895 20897
20898 20899 20896
20900 20894 20885
20876 20900 20885
20894 20900 20901
20894 20901 20897
20901 20900 20876
20898 20897 20902
20897 20901 20902
20903 20899 20898
20902 20903 20898
20903 20904 20899
20905 20904 20903
20902 20905 20903
20905 20906 20904
20901 20876 20907
20907 20876 20872
20908 20902 20901
20902 20908 20905
20908 20901 20907
20909 20906 20905
20909 20905 20908
20909 20910 20906
20870 20910 20909
20870 20911 20872
20911 20907 20872
20911 20908 20907
20870 20909 20911
20909 20908 20911
20912 20913 20914
20912 20915 20913
20916 20914 20913
20914 20916 20917
20913 20915 20918
20915 20919 20918
20918 20919 20920
20918 20920 20921
20921 20920 20922
20918 20923 20913
20918 20921 20923
20921 20922 20924
20924 20923 20921
20924 20922 20925
20926 20916 20913
20926 20913 20923
20916 20927 20917
20927 20916 20926
20924 20925 20928
20928 20925 20929
20930 20923 20924
20924 20928 20930
20930 20926 20923
20928 20929 20931
20928 20931 20930
20931 20929 20932
20930 20933 20926
20931 20933 20930
20931 20932 20934
20934 20932 20935
20931 20934 20936
20933 20931 20936
20934 20935 20937
20936 20934 20937
20937 20935 20938
20933 20939 20926
20927 20926 20939
20939 20933 20940
20933 20936 20940
20940 20927 20939
20937 20938 20941
20941 20938 20942
20937 20943 20936
20941 20943 20937
20943 20940 20936
20941 20942 20944
20943 20941 20944
20944 20942 20945
20946 20943 20944
20946 20944 20945
20940 20943 20946
20946 20945 20947
20946 20947 20948
20940 20949 20927
20940 20946 20949
20949 20946 20948
20917 20927 20949
20917 20949 20948
20950 20951 20952
20953 20951 20950
20950 20952 20954
20952 20955 20954
20952 20956 20955
20957 20955 20956
20957 20958 20955
20958 20954 20955
20958 20959 20954
20959 20950 20954
20959 20960 20950
20960 20961 20950
20953 20950 20961
20960 20962 20961
20963 20953 20961
20962 20963 20961
20963 20964 20953
20964 20963 20965
20963 20962 20966
20963 20966 20965
20965 20966 20967
20964 20965 20968
20969 20964 20968
20970 20969 20968
20968 20965 20971
20965 20967 20971
20967 20972 20971
20970 20968 20973
20968 20971 20973
20974 20970 20973
20974 20975 20970
20976 20973 20971
20972 20976 20971
20976 20974 20973
20977 20975 20974
20977 20978 20975
20979 20978 20977
20980 20974 20976
20972 20980 20976
20980 20977 20974
20979 20977 20981
20982 20979 20981
20977 20983 20981
20982 20981 20983
20977 20980 20983
20982 20983 20984
20985 20982 20984
20986 20985 20984
20987 20986 20984
20987 20984 20983
20980 20987 20983
20980 20988 20987
20972 20988 20980
20972 20989 20988
20972 20990 20989
20990 20991 20989
20992 20990 20972
20992 20972 20967
20988 20989 20993
20993 20989 20991
20992 20994 20990
20990 20994 20991
20988 20993 20995
20988 20995 20996
20988 20996 20997
20996 20998 20997
20995 20999 20996
20996 20999 20998
20995 21000 20999
20993 21000 20995
21001 20998 20999
21000 21001 20999
21001 21002 20998
21003 21002 21001
21003 21004 21002
21000 21005 21001
21005 21003 21001
20993 21006 21000
21006 21005 21000
21007 21006 20993
20991 21007 20993
21006 21007 21005
21004 21003 21008
21005 21009 21003
21003 21009 21008
21007 21010 21005
21010 21009 21005
21004 21008 21011
21012 21004 21011
21013 21012 21011
21009 21014 21008
21011 21008 21015
21014 21015 21008
21013 21011 21016
21011 21015 21016
21017 21013 21016
21017 21018 21013
21019 21016 21015
21014 21019 21015
21019 21017 21016
21020 21018 21017
21020 21021 21018
21022 21021 21020
21023 21017 21019
21023 21020 21017
21022 21020 21024
21025 21022 21024
21020 21026 21024
21025 21024 21026
21020 21023 21026
21027 21023 21019
21014 21027 21019
21025 21026 21028
21029 21025 21028
21023 21030 21026
21027 21030 21023
21030 21028 21026
21029 21028 21031
21028 21032 21031
21033 21029 21031
21033 21031 21034
21032 21034 21031
21035 21033 21034
21035 21036 21033
20962 21036 21035
21037 21035 21034
21032 21037 21034
21038 20962 21035
21037 21038 21035
21030 21039 21028
21028 21039 21032
21038 21040 20962
20966 20962 21040
20966 21040 21041
20966 21041 20967
21042 21038 21037
21038 21043 21040
21042 21043 21038
21044 21043 21042
21045 21042 21037
21045 21037 21032
21045 21044 21042
21043 21046 21040
21041 21040 21046
21043 21044 21046
20967 21041 21047
21041 21046 21047
20967 21047 21048
21047 21046 21048
20967 21048 20992
21049 21048 21046
21044 21049 21046
21050 20992 21048
21049 21050 21048
21050 21051 20992
20992 21051 20994
21049 21052 21050
21052 21051 21050
21051 21053 20994
21051 21052 21053
21049 21054 21052
21044 21054 21049
20994 21053 21055
20994 21055 20991
21052 21056 21053
21056 21052 21054
21053 21056 21055
21057 21056 21054
21044 21057 21054
21056 21058 21055
20991 21055 21058
21059 21057 21044
21045 21059 21044
20991 21058 21060
20991 21060 21007
21059 21061 21057
21061 21056 21057
21062 21059 21045
21062 21061 21059
21060 21058 21063
21058 21056 21063
21007 21060 21064
21060 21063 21064
21007 21064 21010
21064 21063 21065
21063 21056 21065
21010 21064 21066
21064 21065 21066
21062 21045 21067
21032 21067 21045
21062 21068 21061
21056 21061 21068
21056 21069 21065
21066 21065 21069
21070 21068 21062
21070 21062 21067
21071 21056 21068
21069 21056 21071
21070 21071 21068
21072 21069 21071
21066 21069 21072
21072 21071 21070
21010 21066 21073
21010 21073 21009
21073 21014 21009
21066 21072 21074
21066 21074 21073
21073 21074 21014
21074 21072 21070
21074 21027 21014
21074 21070 21075
21074 21075 21027
21075 21070 21067
21075 21030 21027
21075 21076 21030
21075 21067 21076
21076 21039 21030
21077 21076 21067
21076 21077 21039
21077 21067 21032
21077 21032 21039
21078 21079 21080
21079 21078 21081
21082 21078 21080
21080 21083 21082
21082 21083 21084
21082 21084 21085
21085 21084 21086
21078 21087 21081
21087 21088 21081
21082 21089 21078
21082 21085 21089
21085 21086 21090
21090 21086 21091
21078 21092 21087
21078 21089 21092
21087 21093 21088
21092 21093 21087
21094 21089 21085
21094 21085 21090
21090 21091 21095
21094 21090 21095
21095 21091 21096
21089 21097 21092
21089 21094 21097
21095 21098 21094
21098 21097 21094
21095 21096 21099
21095 21099 21098
21099 21096 21100
21099 21100 21101
21099 21101 21098
21101 21100 21102
21092 21103 21093
21097 21103 21092
21104 21097 21098
21101 21104 21098
21101 21102 21105
21105 21102 21106
21101 21105 21107
21104 21101 21107
21105 21106 21108
21107 21105 21108
21108 21106 21109
21104 21110 21097
21097 21110 21103
21110 21104 21111
21104 21107 21111
21103 21110 21111
21093 21103 21112
21103 21111 21112
21107 21108 21113
21107 21113 21111
21108 21109 21114
21108 21114 21113
21114 21109 21115
21114 21115 21116
21116 21113 21114
21116 21115 21117
21111 21113 21118
21116 21118 21113
21111 21118 21112
21116 21117 21119
21118 21116 21119
21119 21117 21120
21121 21118 21119
21121 21119 21120
21112 21118 21121
21122 21121 21120
21112 21121 21123
21123 21121 21122
21093 21112 21123
21123 21122 21124
21088 21093 21123
21088 21123 21124
21125 21126 21127
21126 21128 21127
21125 21129 21126
21126 21130 21128
21129 21130 21126
21125 21131 21129
21125 21132 21131
21131 21133 21129
21129 21133 21130
21132 21134 21131
21131 21134 21133
21132 21135 21134
21130 21136 21128
21133 21137 21130
21137 21136 21130
21136 21138 21128
21138 21139 21128
21140 21139 21138
21138 21136 21141
21141 21136 21137
21140 21138 21142
21138 21141 21142
21143 21140 21142
21141 21143 21142
21143 21144 21140
21145 21144 21143
21145 21146 21144
21143 21141 21147
21147 21145 21143
21147 21148 21145
21149 21146 21145
21148 21149 21145
21149 21150 21146
21141 21151 21147
21141 21137 21151
21148 21147 21151
21152 21150 21149
21149 21148 21152
21152 21153 21150
21154 21151 21137
21133 21154 21137
21155 21153 21152
21155 21156 21153
21157 21156 21155
21154 21158 21151
21158 21148 21151
21159 21154 21133
21158 21154 21159
21134 21159 21133
21148 21160 21152
21155 21152 21160
21148 21158 21161
21158 21159 21161
21160 21148 21161
21134 21162 21159
21161 21159 21162
21135 21162 21134
21160 21161 21163
21160 21163 21155
21161 21162 21163
21135 21164 21162
21163 21162 21164
21135 21165 21164
21164 21165 21157
21155 21163 21166
21163 21164 21166
21157 21155 21166
21164 21157 21166
21167 21168 21169
21170 21168 21167
21169 21168 21171
21172 21168 21170
21171 21168 21173
21174 21168 21172
21173 21168 21175
21175 21168 21174
21176 21177 21178
21179 21177 21176
21178 21177 21180
21181 21177 21179
21180 21177 21182
21183 21177 21181
21182 21177 21184
21185 21177 21183
21184 21177 21186
21187 21177 21185
21186 21177 21188
21188 21177 21187
21189 21190 21191
21192 21190 21189
21191 21190 21193
21194 21190 21192
21193 21190 21195
21196 21190 21194
21195 21190 21197
21198 21190 21196
21197 21190 21199
21200 21190 21198
21199 21190 21201
21201 21190 21200
21202 21203 21204
21205 21203 21202
21204 21203 21206
21207 21203 21205
21206 21203 21208
21209 21203 21207
21208 21203 21210
21211 21203 21209
21210 21203 21212
21213 21203 21211
21212 21203 21214
21214 21203 21213
21215 21216 21217
21218 21216 21215
21217 21216 21219
21220 21216 21218
21219 21216 21221
21222 21216 21220
21221 21216 21223
21223 21216 21222
21224 21225 21226
21227 21225 21224
21226 21225 21228
21229 21225 21227
21228 21225 21230
21231 21225 21229
21230 21225 21232
21232 21225 21231
21233 21234 21235
21236 21234 21233
21235 21234 21237
21238 21234 21236
21237 21234 21239
21240 21234 21238
21239 21234 21241
21241 21234 21240
21242 21243 21244
21245 21243 21242
21244 21243 21246
21247 21243 21245
21246 21243 21248
21249 21243 21247
21248 21243 21250
21250 21243 21249
21251 21252 21253
21254 21252 21251
21253 21252 21255
21256 21252 21254
21255 21252 21257
21258 21252 21256
21257 21252 21259
21259 21252 21258
21260 21261 21262
21263 21261 21260
21262 21261 21264
21265 21261 21263
21264 21261 21266
21267 21261 21265
21266 21261 21268
21268 21261 21267
21269 21270 21271
21272 21270 21269
21271 21270 21273
21274 21270 21272
21273 21270 21275
21276 21270 21274
21275 21270 21277
21277 21270 21276
21278 21279 21280
21281 21279 21278
21280 21279 21282
21283 21279 21281
21282 21279 21284
21285 21279 21283
21284 21279 21286
21286 21279 21285
21287 21288 21289
21290 21288 21287
21289 21288 21291
21292 21288 21290
21291 21288 21293
21294 21288 21292
21293 21288 21295
21295 21288 21294
21296 21297 21298
21299 21297 21296
21298 21297 21300
21301 21297 21299
21300 21297 21302
21303 21297 21301
21302 21297 21304
21304 21297 21303
21305 21306 21307
21308 21306 21305
21307 21306 21309
21310 21306 21308
21309 21306 21311
21312 21306 21310
21311 21306 21313
21313 21306 21312
21314 21315 21316
21317 21315 21314
21316 21315 21318
21319 21315 21317
21318 21315 21320
21321 21315 21319
21320 21315 21322
21322 21315 21321
21323 21324 21325
21326 21324 21323
21325 21324 21327
21328 21324 21326
21327 21324 21329
21330 21324 21328
21329 21324 21331
21331 21324 21330
21332 21333 21334
21335 21333 21332
21334 21333 21336
21337 21333 21335
21336 21333 21338
21339 21333 21337
21338 21333 21340
21340 21333 21339
21341 21342 21343
21344 21342 21341
21343 21342 21345
21346 21342 21344
21345 21342 21347
21348 21342 21346
21347 21342 21349
21349 21342 21348
21350 21351 21352
21353 21351 21350
21352 21351 21354
21355 21351 21353
21354 21351 21356
21357 21351 21355
21356 21351 21358
21358 21351 21357
21359 21360 21361
21362 21360 21359
21361 21360 21363
21364 21360 21362
21363 21360 21365
21366 21360 21364
21365 21360 21367
21367 21360 21366
21368 21369 21370
21371 21369 21368
21370 21369 21372
21373 21369 21371
21372 21369 21374
21375 21369 21373
21374 21369 21376
21376 21369 21375
21377 21378 21379
21380 21377 21379
21378 21381 21379
21382 21380 21379
21381 21383 21379
21384 21382 21379
21383 21385 21379
21385 21384 21379
21386 21387 21388
21389 21387 21386
21388 21387 21390
21391 21387 21389
21390 21387 21392
21393 21387 21391
21392 21387 21394
21394 21387 21393
21395 21396 21397
21398 21396 21395
21397 21396 21399
21400 21396 21398
21399 21396 21401
21402 21396 21400
21401 21396 21403
21403 21396 21402
21404 21405 21406
21407 21405 21404
21406 21405 21408
21409 21405 21407
21408 21405 21410
21411 21405 21409
21410 21405 21412
21412 21405 21411
21413 21414 21415
21416 21414 21413
21415 21414 21417
21418 21414 21416
21417 21414 21419
21420 21414 21418
21419 21414 21421
21421 21414 21420
21422 21423 21424
21423 21422 21425
21426 21424 21423
21423 21425 21427
21426 21423 21428
21423 21427 21429
21429 21428 21423
21429 21427 21430
21429 21431 21428
21432 21429 21430
21429 21433 21431
21432 21433 21429
21432 21434 21433
21433 21435 21431
21434 21436 21433
21433 21436 21435
21434 21437 21436
21436 21438 21435
21436 21437 21438
21435 21438 21439
21437 21440 21438
21438 21441 21439
21438 21440 21442
21438 21442 21441
21443 21444 21445
21444 21446 21445
21443 21445 21447
21448 21443 21447
21449 21448 21447
21450 21449 21447
21451 21449 21450
21452 21451 21450
21445 21453 21447
21450 21447 21453
21452 21450 21454
21450 21453 21454
21455 21452 21454
21456 21455 21454
21446 21457 21445
21445 21457 21453
21456 21454 21458
21456 21458 21459
21460 21454 21453
21457 21460 21453
21460 21458 21454
21446 21461 21457
21446 21462 21461
21458 21463 21459
21463 21464 21459
21463 21465 21464
21457 21466 21460
21461 21466 21457
21458 21460 21467
21458 21467 21463
21466 21467 21460
21463 21468 21465
21467 21468 21463
21468 21469 21465
21470 21461 21462
21462 21471 21470
21461 21472 21466
21470 21472 21461
21466 21473 21467
21472 21473 21466
21467 21474 21468
21474 21467 21473
21469 21468 21475
21474 21475 21468
21469 21475 21476
21477 21476 21475
21470 21478 21472
21472 21478 21473
21471 21479 21470
21470 21479 21478
21474 21473 21480
21480 21473 21478
21474 21481 21475
21477 21475 21481
21481 21474 21480
21482 21479 21471
21483 21482 21471
21479 21484 21478
21480 21478 21484
21479 21482 21484
21485 21482 21483
21485 21484 21482
21483 21486 21485
21487 21480 21484
21487 21484 21485
21481 21480 21487
21486 21487 21485
21477 21481 21488
21488 21481 21487
21489 21477 21488
21490 21489 21488
21486 21491 21487
21488 21487 21491
21490 21488 21491
21486 21492 21491
21493 21490 21491
21492 21493 21491
21494 21495 21496
21494 21496 21497
21494 21498 21495
21494 21497 21499
21494 21500 21498
21494 21499 21501
21494 21502 21500
21494 21501 21503
21494 21504 21502
21494 21503 21505
21494 21506 21504
21494 21505 21507
21494 21508 21506
21494 21507 21509
21494 21510 21508
21494 21509 21510
21511 21512 17331
17331 21512 17322
17322 21512 17323
21512 21513 17323
17323 21513 21514
21511 21515 21512
21512 21515 21513
21511 21516 21515
21513 21515 21516
21511 21517 21516
21514 21513 21518
21513 21516 21518
21514 21518 21519
21518 21520 21519
21518 21521 21520
21516 21521 21518
21520 21521 21522
21517 21523 21516
21516 21523 21521
21517 21524 21523
21521 21525 21522
21523 21525 21521
21522 21525 21526
21524 21527 21523
21524 21528 21527
21525 21529 21526
21526 21529 21530
21523 21531 21525
21527 21531 21523
21531 21529 21525
21528 21532 21527
21528 21533 21532
21534 21532 21533
21527 21535 21531
21531 21535 21529
21527 21532 21535
21529 21536 21530
21536 21529 21535
21537 21530 21536
21537 21538 21530
21537 21539 21538
21534 21540 21532
21534 21541 21540
21532 21542 21535
21536 21535 21542
21532 21540 21542
21541 21543 21540
21543 21542 21540
21541 21544 21543
21536 21542 21545
21543 21545 21542
21536 21545 21537
21544 21546 21543
21546 21545 21543
21547 21546 21544
21548 21547 21544
21546 21549 21545
21545 21549 21537
21549 21546 21547
21547 21548 21550
21548 21551 21550
21549 21547 21552
21537 21549 21552
21552 21547 21550
21553 21537 21552
21537 21553 21539
21551 21554 21550
21551 21555 21554
21552 21550 21556
21553 21552 21556
21557 21556 21550
21557 21553 21556
21554 21557 21550
21539 21553 21558
21557 21558 21553
21539 21558 21559
21554 21555 21560
21555 21561 21560
21561 21562 21560
21560 21562 21563
21557 21554 21564
21564 21558 21557
21554 21560 21564
21559 21558 21565
21564 21565 21558
21559 21565 21566
21567 21566 21565
21560 21563 21568
21568 21564 21560
21563 21569 21568
21568 21569 21570
21571 21565 21564
21567 21565 21571
21571 21564 21568
21572 21568 21570
21572 21571 21568
21573 21572 21570
21573 21574 21572
21573 21575 21574
21574 21575 21576
21577 21567 21571
21572 21577 21571
21574 21577 21572
21577 21578 21567
21579 21578 21577
21579 21577 21580
21574 21580 21577
21580 21581 21579
21580 21582 21581
21582 21580 21574
21582 17774 21581
21582 17772 17774
21574 21576 21583
21582 21574 21583
17772 21582 21583
21576 17773 21583
17773 17772 21583
21584 21585 17237
21586 21585 21584
21584 17237 21587
17237 17236 21587
17236 21588 21587
21588 21584 21587
17236 17249 21588
21588 17249 21589
17246 21589 17249
21586 21584 21590
21590 21591 21586
21586 21591 21592
21593 21592 21591
21593 21594 21592
21590 21595 21591
21593 21591 21595
21588 21596 21584
21584 21597 21590
21584 21596 21597
21596 21588 21598
21588 21589 21598
21596 21598 21599
21597 21596 21599
21590 21597 21600
21590 21600 21595
21601 21598 21589
21601 21599 21598
21597 21599 21602
21602 21600 21597
21601 21589 21603
21603 21589 17246
21601 21604 21599
21602 21599 21604
21603 17246 21605
17246 17240 21605
21606 21605 17240
21606 21603 21605
21606 17240 21607
21608 21606 21607
21609 21606 21608
21610 21609 21608
21606 21611 21603
21609 21611 21606
21612 21603 21611
21612 21601 21603
21612 21611 21609
21613 21601 21612
21613 21604 21601
21604 21613 21614
21613 21612 21615
21612 21609 21615
21610 21616 21609
21616 21610 21617
21618 21609 21616
21618 21615 21609
21617 21618 21616
21613 21615 21619
21619 21614 21613
21604 21614 21620
21602 21604 21620
21602 21620 21621
21621 21620 21614
21622 21615 21618
21622 21619 21615
21602 21621 21623
21602 21623 21600
21624 21600 21623
21595 21600 21624
21621 21625 21623
21624 21623 21625
21595 21624 21626
21593 21595 21626
21625 21627 21624
21626 21624 21627
21626 21628 21593
21628 21594 21593
21626 21627 21629
21626 21629 21628
21628 21630 21594
21631 21594 21630
21630 21632 21631
21633 21630 21628
21633 21632 21630
21634 21628 21629
21634 21633 21628
21635 21629 21627
21635 21634 21629
21632 21633 21636
21632 21636 21637
21637 21636 21638
21639 21633 21634
21639 21636 21633
21635 21639 21634
21636 21640 21638
21639 21640 21636
21641 21638 21640
21641 21640 21642
21641 21642 21643
21639 21644 21640
21642 21640 21644
21645 21635 21627
21625 21645 21627
21635 21646 21639
21646 21644 21639
21645 21647 21635
21647 21646 21635
21648 21645 21625
21645 21649 21647
21645 21648 21649
21647 21650 21646
21650 21647 21649
21646 21651 21644
21650 21651 21646
21648 21625 21652
21621 21652 21625
21621 21653 21652
21621 21614 21653
21654 21652 21653
21654 21648 21652
21614 21654 21653
21648 21654 21655
21648 21655 21649
21614 21656 21654
21655 21654 21656
21619 21656 21614
21657 21656 21619
21655 21656 21657
21658 21655 21657
21657 21619 21622
21622 21658 21657
21659 21649 21655
21658 21659 21655
21659 21660 21649
21650 21649 21660
21622 21661 21658
21661 21622 21618
21661 21618 21662
21617 21662 21618
21663 21661 21662
21663 21658 21661
21664 21662 21617
21663 21662 21664
21664 21617 21665
21666 21664 21665
21663 21664 21666
21658 21667 21659
21660 21659 21667
21660 21668 21650
21650 21668 21651
21663 21669 21658
21658 21669 21667
21663 21666 21670
21669 21663 21670
21670 21666 21671
21669 21670 21672
21667 21669 21672
21670 21671 21673
21673 21672 21670
21674 21673 21671
21660 21667 21675
21660 21675 21668
21674 21676 21673
21676 21674 21677
21675 21667 21678
21667 21672 21678
21673 21679 21672
21679 21673 21676
21677 21680 21676
21679 21676 21680
21675 21678 21681
21668 21675 21681
21682 21678 21672
21682 21672 21679
21678 21682 21681
21679 21683 21682
21679 21680 21683
21677 21684 21680
21684 21677 21685
21686 21681 21682
21683 21686 21682
21687 21686 21683
21680 21688 21683
21680 21684 21688
21687 21683 21688
21686 21689 21681
21668 21681 21689
21689 21686 21687
21690 21668 21689
21689 21687 21690
21690 21651 21668
21690 21644 21651
21690 21691 21644
21691 21690 21687
21691 21642 21644
21684 21685 21692
21692 21685 21693
21694 21688 21684
21687 21688 21694
21694 21684 21692
21691 21687 21695
21642 21691 21695
21687 21694 21695
21692 21693 21696
21694 21692 21696
21696 21693 21697
21696 21697 21698
21642 21695 21699
21642 21699 21643
21695 21694 21700
21695 21700 21699
21694 21696 21700
21643 21699 21700
21698 21701 21696
21700 21696 21701
21643 21700 21702
21700 21701 21702
21702 21703 21643
21704 21701 21698
21702 21701 21704
21702 21704 21703
21705 21704 21698
21703 21704 21706
21705 21707 21704
21704 21707 21706
21707 21705 21708
21709 21706 21707
21707 21708 21709
21709 21710 21706
21709 21708 21711
21712 21710 21709
21709 21711 21712
19111 19110 21713
19110 19102 21713
19102 21714 21713
19111 21713 21715
21714 21715 21713
19102 21716 21714
21714 21716 21717
19103 21716 19102
21717 21716 19103
21717 19103 21718
21719 21717 21718
21714 21720 21715
21714 21717 21721
21721 21720 21714
21719 21722 21717
21717 21723 21721
21717 21722 21723
21721 21724 21720
21723 21724 21721
21725 21715 21720
21725 21720 21724
21726 19111 21715
21725 21726 21715
21722 21719 21727
21728 21727 21719
21729 21727 21728
21729 21728 21730
21722 21727 21731
21729 21731 21727
21722 21732 21723
21722 21731 21732
21723 21733 21724
21733 21723 21732
21725 21724 21734
21733 21734 21724
21735 21729 21730
21729 21736 21731
21736 21729 21735
21731 21737 21732
21731 21736 21737
21733 21732 21738
21737 21738 21732
21735 21730 21739
21740 21739 21730
21739 21740 21741
21742 21739 21741
21742 21735 21739
21741 21743 21742
21741 21744 21743
21744 21745 21743
21745 21746 21743
21746 21745 21747
21748 21742 21743
21748 21743 21746
21749 21735 21742
21748 21749 21742
21750 21746 21747
21747 21751 21750
21749 21752 21735
21736 21735 21752
21753 21752 21749
21753 21749 21748
21736 21752 21754
21753 21754 21752
21736 21754 21737
21748 21746 21755
21755 21746 21750
21756 21737 21754
21737 21756 21738
21757 21754 21753
21756 21754 21757
21753 21748 21758
21758 21748 21755
21759 21738 21756
21733 21738 21759
21757 21753 21760
21760 21753 21758
21733 21759 21761
21759 21762 21761
21733 21761 21734
21734 21761 21762
21734 21762 21763
21763 21725 21734
21763 21764 21725
21764 21726 21725
21759 21756 21765
21766 21756 21757
21766 21765 21756
21757 21760 21767
21757 21767 21766
21760 21758 21768
21768 21767 21760
21759 21765 21769
21759 21769 21762
21770 21769 21765
21770 21765 21766
21762 21769 21770
21766 21771 21770
21766 21767 21771
21762 21770 21772
21771 21772 21770
21773 21762 21772
21773 21763 21762
21768 21758 21774
21758 21755 21774
21771 21775 21772
21775 21773 21772
21776 21775 21771
21777 21771 21767
21776 21771 21777
21763 21773 21778
21763 21778 21764
21764 21778 21779
21775 21780 21773
21780 21778 21773
21780 21775 21776
21768 21781 21767
21777 21767 21781
21768 21774 21782
21781 21768 21782
21780 21783 21778
21783 21779 21778
21781 21784 21777
21776 21777 21784
21764 21779 21785
21764 21785 21726
21786 21726 21785
21779 21786 21785
21787 21782 21774
21787 21774 21755
21788 21783 21780
21780 21776 21788
21781 21789 21784
21781 21782 21789
21786 21790 21726
21726 21790 19111
19111 21790 21791
21786 21791 21790
21786 21792 21791
21793 21792 21786
21779 21793 21786
21794 21793 21779
19111 21791 21795
19101 19111 21795
21791 21796 21795
19096 19101 21795
21796 19096 21795
21794 21779 21797
21797 21798 21794
21783 21797 21779
21798 21797 21783
21798 21783 21799
21788 21799 21783
21800 21798 21799
21800 21801 21798
21802 21801 21800
21803 21799 21788
21803 21800 21799
21803 21802 21800
21803 21788 21776
21803 21804 21802
21804 21805 21802
21803 21776 21806
21806 21804 21803
21776 21784 21806
21804 21807 21805
21808 21805 21807
21806 21809 21804
21784 21809 21806
21807 21804 21809
21808 21807 21810
21810 21811 21808
21812 21810 21807
21807 21809 21812
21784 21813 21809
21789 21813 21784
21811 21810 21814
21812 21814 21810
21815 21812 21809
21815 21809 21813
21789 21816 21813
21813 21816 21815
21782 21816 21789
21812 21815 21817
21812 21817 21814
21811 21814 21818
21818 21819 21811
21782 21820 21816
21787 21820 21782
21815 21816 21821
21816 21820 21821
21817 21815 21821
21820 21822 21821
21820 21787 21822
21822 21817 21821
21814 21817 21823
21814 21823 21818
21822 21823 21817
21818 21824 21819
21824 21825 21819
21826 21822 21787
21787 21755 21826
21826 21755 21750
21826 21827 21822
21827 21823 21822
21750 21827 21826
21828 21818 21823
21828 21824 21818
21827 21828 21823
21824 21829 21825
21828 21829 21824
21830 21825 21829
21831 21830 21829
21750 21832 21827
21832 21828 21827
21751 21832 21750
21832 21833 21828
21828 21833 21829
21751 21833 21832
21829 21834 21831
21833 21834 21829
21751 21835 21833
21833 21835 21834
21835 21751 21836
21837 21831 21834
21835 21837 21834
21835 21836 21837
21838 21831 21837
21836 21839 21837
21838 21837 21840
21839 21840 21837
21840 21841 21838
21842 21840 21839
21840 21842 21841
21842 21839 21843
21842 21844 21841
21845 21842 21843
21842 21845 21844
21846 18663 18662
18688 18663 21846
18721 18688 21846
18721 21846 21847
21847 21846 21848
21846 18662 21848
21847 21848 21849
18662 21850 21848
18662 21851 21850
21848 21852 21849
21848 21850 21852
21851 21853 21850
21852 21850 21854
21850 21853 21855
21850 21856 21854
21850 21855 21857
21850 21857 21856
