byte offset: 0
first index: 14292
index count: 54027
topology: trianglelist
format: DXGI_FORMAT_R16_UINT

3999 4000 4001
4002 4003 4004
4005 4006 4007
4008 4009 4006
4006 4010 4011
4010 4012 4011
4006 4011 4013
4014 4013 4011
4015 4014 4011
4016 4014 4015
4015 4011 4017
4014 4018 4013
4018 4019 4013
4020 4019 4018
4021 4020 4018
4021 4022 4020
4014 4023 4018
4021 4018 4023
4016 4024 4014
4014 4024 4023
4021 4025 4022
4022 4025 4026
4026 4025 4027
4026 4027 4028
4029 4028 4027
4029 4030 4028
4029 4031 4030
4032 4031 4029
4033 4031 4032
4029 4027 4034
4032 4029 4034
4035 4033 4032
4035 4036 4033
4035 4037 4036
4037 4038 4036
4037 4039 4038
4038 4039 4040
4041 4027 4025
4042 4034 4027
4042 4027 4041
4043 4032 4034
4042 4043 4034
4044 4035 4032
4044 4032 4043
4045 4037 4035
4045 4035 4044
4046 4045 4044
4047 4044 4043
4046 4044 4047
4047 4043 4048
4042 4048 4043
4049 4047 4048
4049 4046 4047
4042 4050 4048
4049 4048 4050
4041 4025 4051
4021 4051 4025
4041 4052 4042
4042 4052 4050
4041 4053 4052
4051 4053 4041
4051 4021 4054
4021 4023 4054
4052 4055 4050
4053 4055 4052
4051 4056 4053
4051 4054 4056
4057 4053 4056
4053 4057 4055
4054 4058 4056
4057 4056 4058
4059 4054 4023
4054 4059 4058
4059 4023 4060
4060 4023 4024
4060 4024 4061
4016 4061 4024
4062 4060 4061
4016 4062 4061
4063 4059 4060
4062 4063 4060
4057 4064 4055
4065 4057 4058
4057 4065 4064
4066 4064 4065
4055 4064 4067
4067 4064 4066
4055 4067 4050
4059 4068 4058
4065 4058 4068
4063 4069 4059
4059 4069 4068
4070 4069 4063
4068 4069 4070
4071 4050 4067
4071 4049 4050
4072 4049 4071
4049 4072 4046
4065 4068 4073
4066 4065 4074
4073 4074 4065
4068 4070 4075
4068 4075 4073
4076 4066 4074
4073 4076 4074
4077 4071 4067
4078 4072 4071
4077 4078 4071
4079 4078 4077
4080 4072 4078
4080 4078 4079
4046 4072 4081
4080 4081 4072
4067 4066 4082
4077 4067 4082
4083 4082 4066
4077 4082 4083
4076 4084 4066
4083 4066 4084
4076 4085 4084
4085 4083 4084
4086 4079 4077
4077 4083 4086
4085 4076 4087
4087 4076 4073
4087 4073 4088
4088 4073 4075
4085 4087 4089
4089 4087 4088
4085 4090 4083
4083 4091 4086
4091 4083 4090
4091 4092 4086
4092 4079 4086
4089 4093 4085
4090 4085 4093
4094 4091 4090
4094 4092 4091
4090 4093 4095
4094 4090 4095
4088 4075 4096
4089 4088 4097
4088 4096 4097
4096 4075 4098
4075 4070 4098
4096 4098 4099
4099 4097 4096
4089 4100 4093
4097 4100 4089
4093 4100 4101
4093 4102 4095
4093 4101 4102
4097 4103 4100
4101 4100 4103
4095 4104 4094
4102 4104 4095
4105 4098 4070
4099 4098 4105
4099 4106 4097
4106 4103 4097
4099 4105 4107
4107 4106 4099
4108 4105 4070
4108 4070 4109
4110 4105 4108
4105 4110 4107
4070 4063 4109
4063 4111 4109
4109 4111 4112
4113 4110 4112
4109 4112 4114
4063 4062 4111
4110 4115 4112
4110 4116 4107
4110 4113 4116
4107 4117 4106
4116 4117 4107
4062 4118 4111
4118 4112 4111
4117 4119 4106
4106 4119 4103
4117 4120 4119
4103 4119 4120
4116 4121 4117
4117 4121 4120
4113 4122 4116
4116 4122 4121
4062 4123 4118
4016 4123 4062
4103 4120 4124
4101 4103 4124
4120 4125 4124
4101 4124 4125
4126 4120 4121
4120 4126 4125
4127 4121 4122
4113 4128 4122
4128 4127 4122
4126 4121 4129
4127 4129 4121
4130 4126 4129
4127 4130 4129
4130 4131 4126
4126 4131 4132
4126 4132 4125
4127 4133 4130
4125 4132 4134
4133 4127 4135
4128 4135 4127
4133 4135 4136
4125 4134 4137
4101 4125 4137
4137 4134 4138
4139 4101 4137
4137 4138 4139
4139 4102 4101
4138 4140 4139
4140 4102 4139
4138 4141 4140
4140 4141 4142
4140 4104 4102
4140 4142 4143
4104 4140 4143
4144 4143 4142
4136 4135 4145
4136 4145 4146
4147 4104 4143
4104 4147 4094
4144 4148 4143
4147 4143 4148
4149 4148 4144
4149 4150 4148
4150 4149 4151
4152 4145 4135
4153 4145 4152
4152 4135 4128
4154 4146 4145
4153 4154 4145
4154 4155 4146
4156 4152 4128
4153 4152 4156
4156 4128 4113
4113 4157 4156
4158 4155 4154
4153 4158 4154
4158 4159 4155
4160 4159 4158
4160 4161 4159
4160 4158 4162
4153 4162 4158
4160 4162 4163
4162 4164 4163
4153 4156 4165
4157 4165 4156
4166 4162 4153
4162 4166 4164
4166 4153 4165
4167 4164 4166
4167 4166 4165
4164 4167 4168
4164 4168 4169
4170 4169 4168
4167 4165 4171
4157 4171 4165
4167 4171 4168
4172 4170 4168
4173 4170 4172
4174 4168 4171
4174 4172 4168
4157 4174 4171
4173 4172 4175
4175 4172 4174
4176 4173 4175
4176 4177 4173
4175 4174 4178
4178 4176 4175
4177 4176 4179
4180 4177 4179
4181 4180 4179
4157 4182 4174
4178 4174 4182
4178 4183 4176
4179 4176 4183
4181 4179 4184
4185 4181 4184
4178 4182 4186
4183 4178 4186
4187 4184 4179
4179 4183 4187
4185 4184 4188
4189 4185 4188
4189 4188 4190
4191 4189 4190
4190 4192 4191
4188 4184 4193
4190 4188 4193
4187 4194 4184
4184 4194 4193
4183 4195 4187
4194 4187 4195
4190 4196 4192
4196 4197 4192
4196 4198 4197
4196 4190 4199
4190 4193 4199
4198 4196 4200
4196 4199 4200
4198 4200 4201
4008 4201 4200
4193 4194 4202
4194 4195 4202
4199 4193 4203
4200 4199 4203
4203 4193 4202
4008 4200 4204
4200 4203 4204
4008 4204 4205
4204 4017 4205
4204 4203 4017
4015 4017 4203
4015 4203 4202
4016 4015 4202
4016 4202 4195
4195 4123 4016
4195 4206 4123
4183 4206 4195
4183 4186 4206
4186 4123 4206
4186 4118 4123
4182 4118 4186
4182 4207 4118
4157 4207 4182
4118 4207 4112
4208 4207 4157
4207 4208 4112
4113 4208 4157
4208 4113 4112
4209 4210 4211
4212 4213 4214
4215 4212 4216
4217 4218 4219
4220 4217 4221
4222 4223 4224
4225 4226 4227
4228 4229 4230
4228 4231 4232
4228 4232 4233
4234 4233 4232
4234 4235 4233
4236 4237 4234
4238 4237 4236
4236 4234 4239
4238 4236 4240
4240 4236 4239
4240 4239 4241
4242 4243 4244
4245 4246 4247
4248 4249 4246
4250 4251 4252
4253 4254 4255
4256 4254 4257
4258 4257 4259
4258 4259 4260
4261 4260 4259
4262 4263 4264
4265 4266 4267
4268 4266 4269
4270 4271 4272
4270 4273 4274
4275 4274 4276
4277 4278 4279
4280 4278 4281
4280 4282 4278
4282 4280 4283
4282 4283 4284
4285 4284 4283
4285 4286 4284
4287 4288 4289
4290 4291 4292
4293 4294 4295
4295 4296 4297
4298 4299 4300
4300 4301 4302
4300 4302 4303
4300 4303 4304
4305 4306 4307
4308 4306 4309
4310 4309 4311
4312 4313 4314
4315 4314 4316
4315 4316 4317
4315 4318 4319
4315 4319 4320
4321 4320 4319
4322 4323 4324
4325 4326 4327
4328 4329 4330
4331 4332 4333
4334 4335 4336
4337 4338 4339
4340 4341 4342
4343 4344 4345
4346 4347 4348
4349 4350 4351
4351 4352 4353
4354 4355 4356
4357 4358 4359
4360 4361 4362
4363 4364 4365
4366 4367 4368
4369 4370 4371
4372 4373 4374
4375 4376 4377
4378 4379 4380
4381 4382 4383
4384 4385 4386
4387 4388 4389
4390 4391 4392
4393 4394 4395
4396 4397 4398
4396 4399 4397
4400 4399 4396
4400 4401 4399
4402 4401 4400
4402 4403 4401
4403 4402 4404
4403 4404 4405
4405 4404 4406
4405 4406 4407
4408 4407 4406
4408 4409 4407
4410 4409 4408
4410 4411 4409
4412 4413 4414
4412 4414 4415
4416 4415 4414
4416 4417 4415
4418 4417 4416
4418 4419 4417
4419 4418 4420
4419 4420 4421
4422 4421 4420
4422 4423 4421
4423 4422 4424
4423 4424 4425
4425 4424 4426
4425 4426 4427
4428 4429 4430
4428 4430 4431
4431 4430 4432
4431 4433 4428
4434 4431 4432
4435 4433 4431
4434 4436 4431
4435 4437 4433
4434 4438 4436
4434 4439 4438
4440 4437 4435
4440 4441 4437
4438 4439 4442
4438 4442 4443
4444 4441 4440
4444 4440 4445
4446 4443 4442
4444 4445 4446
4446 4442 4447
4444 4446 4448
4446 4447 4449
4446 4449 4448
4450 4451 4452
4453 4451 4450
4453 4454 4451
4455 4454 4453
4455 4456 4454
4456 4455 4457
4458 4459 4460
4458 4461 4459
4462 4461 4458
4462 4463 4461
4463 4462 4464
4463 4464 4465
4465 4464 4466
4465 4466 4467
4468 4469 4470
4468 4470 4471
4472 4471 4470
4472 4473 4471
4473 4472 4474
4473 4474 4475
4475 4474 4476
4475 4476 4477
4478 4479 4480
4478 4480 4481
4482 4478 4481
4482 4481 4483
4484 4482 4483
4484 4483 4485
4485 4486 4484
4485 4487 4486
4487 4488 4486
4487 4489 4488
4490 4488 4489
4490 4489 4491
4492 4490 4491
4492 4491 4493
4494 4495 4496
4494 4497 4495
4498 4495 4497
4498 4497 4499
4500 4498 4499
4500 4499 4501
4501 4502 4500
4501 4503 4502
4504 4502 4503
4504 4503 4505
4505 4506 4504
4505 4507 4506
4507 4508 4506
4507 4509 4508
4510 4511 4512
4510 4513 4511
4513 4510 4514
4513 4515 4511
4513 4514 4516
4517 4515 4513
4513 4516 4518
4517 4513 4519
4518 4516 4520
4517 4519 4521
4518 4520 4522
4517 4521 4523
4524 4523 4521
4524 4525 4523
4526 4522 4520
4526 4527 4522
4528 4525 4524
4526 4528 4527
4528 4529 4525
4526 4530 4528
4528 4531 4529
4528 4530 4531
4532 4533 4534
4533 4535 4534
4533 4536 4535
4537 4535 4536
4537 4538 4535
4539 4538 4537
4540 4541 4542
4540 4542 4543
4543 4542 4544
4543 4544 4545
4546 4545 4544
4546 4547 4545
4548 4547 4546
4548 4549 4547
4550 4551 4552
4550 4553 4551
4553 4550 4554
4553 4554 4555
4556 4555 4554
4556 4557 4555
4558 4557 4556
4558 4559 4557
4560 4561 4562
4562 4561 4563
4562 4563 4564
4564 4563 4565
4564 4565 4566
4566 4565 4567
4568 4569 4570
4568 4570 4571
4571 4570 4572
4573 4574 4575
4576 4577 4573
4576 4578 4577
4579 4578 4576
4578 4579 4580
4580 4579 4581
4582 4578 4580
4578 4582 4583
4578 4583 4584
4585 4575 4586
4587 4575 4585
4587 4588 4575
4589 4590 4583
4589 4583 4591
4587 4589 4591
4587 4591 4592
4593 4594 4595
4595 4596 4593
4595 4597 4596
4596 4598 4593
4597 4599 4596
4600 4599 4597
4601 4598 4596
4598 4601 4602
4602 4601 4603
4604 4601 4596
4596 4599 4604
4603 4601 4604
4599 4605 4604
4605 4599 4600
4605 4603 4604
4605 4600 4606
4607 4606 4600
4608 4606 4607
4609 4605 4606
4605 4609 4603
4603 4609 4610
4609 4606 4611
4608 4611 4606
4612 4609 4611
4612 4610 4609
4611 4613 4612
4611 4608 4613
4613 4608 4614
4615 4610 4612
4612 4613 4615
4613 4616 4615
4614 4608 4617
4617 4608 4618
4619 4617 4618
4620 4613 4614
4620 4616 4613
4614 4621 4620
4616 4620 4621
4603 4610 4622
4622 4623 4603
4602 4603 4623
4622 4624 4623
4602 4623 4624
4624 4625 4602
4619 4626 4617
4614 4617 4627
4627 4617 4626
4627 4628 4614
4614 4629 4621
4628 4629 4614
4627 4626 4630
4630 4628 4627
4631 4626 4619
4631 4619 4632
4626 4633 4630
4626 4631 4633
4630 4634 4628
4634 4630 4633
4629 4628 4635
4635 4628 4634
4631 4636 4633
4631 4637 4636
4637 4631 4638
4639 4636 4637
4634 4633 4640
4640 4633 4641
4642 4637 4638
4642 4639 4637
4639 4643 4641
4639 4644 4643
4645 4641 4643
4645 4640 4641
4646 4640 4645
4647 4634 4640
4646 4647 4640
4635 4634 4647
4648 4647 4646
4648 4635 4647
4649 4635 4648
4649 4629 4635
4649 4648 4650
4629 4649 4651
4650 4648 4652
4650 4652 4653
4621 4629 4651
4653 4652 4654
4653 4654 4655
4656 4621 4651
4657 4655 4654
4656 4658 4621
4616 4621 4658
4656 4659 4658
4616 4658 4659
4656 4660 4659
4657 4654 4661
4654 4662 4661
4661 4662 4663
4657 4661 4664
4661 4663 4664
4657 4664 4665
4663 4666 4664
4665 4664 4666
4663 4667 4666
4665 4666 4668
4669 4659 4660
4669 4660 4670
4671 4669 4670
4671 4670 4672
4673 4671 4672
4673 4672 4674
4674 4675 4673
4674 4676 4675
4675 4677 4673
4677 4671 4673
4675 4678 4677
4677 4679 4671
4669 4671 4679
4680 4669 4679
4680 4659 4669
4679 4681 4680
4659 4680 4682
4616 4659 4682
4683 4680 4681
4683 4682 4680
4684 4683 4681
4616 4682 4685
4685 4682 4683
4616 4685 4686
4610 4686 4685
4687 4685 4683
4610 4685 4687
4684 4688 4683
4688 4687 4683
4610 4687 4689
4688 4689 4687
4610 4689 4622
4684 4690 4688
4684 4691 4690
4692 4622 4689
4622 4692 4624
4693 4689 4688
4693 4688 4690
4692 4689 4693
4694 4690 4691
4694 4691 4695
4696 4693 4690
4696 4690 4694
4692 4693 4697
4693 4696 4697
4698 4697 4696
4692 4697 4699
4692 4699 4624
4699 4697 4698
4700 4694 4695
4700 4695 4701
4702 4700 4701
4694 4703 4696
4698 4696 4703
4694 4700 4703
4624 4699 4704
4705 4704 4699
4624 4704 4706
4706 4704 4707
4707 4704 4705
4699 4698 4708
4705 4699 4708
4706 4707 4709
4602 4706 4709
4602 4709 4710
4710 4711 4602
4710 4712 4711
4712 4713 4711
4714 4713 4712
4709 4715 4710
4712 4710 4715
4716 4714 4712
4714 4716 4717
4718 4709 4707
4715 4709 4718
4712 4715 4719
4716 4712 4719
4718 4707 4720
4707 4721 4720
4705 4721 4707
4722 4715 4718
4723 4718 4720
4723 4722 4718
4724 4715 4722
4724 4719 4715
4725 4720 4721
4725 4723 4720
4726 4724 4722
4726 4722 4723
4716 4719 4727
4728 4716 4727
4716 4728 4729
4719 4724 4730
4719 4730 4727
4731 4724 4726
4731 4730 4724
4728 4727 4732
4732 4727 4730
4726 4723 4733
4734 4731 4726
4734 4726 4733
4735 4730 4731
4731 4734 4735
4736 4732 4730
4735 4736 4730
4736 4737 4732
4737 4728 4732
4723 4738 4733
4738 4723 4725
4739 4736 4735
4736 4739 4737
4740 4739 4735
4740 4735 4741
4741 4735 4734
4742 4739 4740
4743 4739 4742
4744 4739 4743
4744 4737 4739
4745 4737 4744
4745 4746 4737
4737 4746 4728
4747 4746 4745
4728 4746 4747
4747 4745 4748
4728 4747 4749
4728 4749 4750
4751 4741 4734
4752 4741 4751
4751 4734 4753
4734 4733 4753
4752 4751 4754
4752 4754 4755
4756 4752 4755
4741 4752 4757
4741 4757 4758
4756 4759 4752
4756 4760 4759
4758 4757 4761
4758 4761 4762
4763 4757 4752
4752 4759 4763
4757 4764 4761
4757 4763 4764
4765 4762 4761
4765 4761 4764
4765 4766 4762
4765 4764 4767
4767 4764 4768
4767 4768 4769
4764 4770 4768
4764 4763 4770
4763 4759 4771
4763 4771 4770
4759 4772 4771
4759 4760 4772
4773 4772 4760
4773 4774 4772
4775 4773 4760
4773 4776 4774
4775 4777 4773
4777 4775 4778
4779 4776 4773
4779 4773 4780
4773 4777 4780
4779 4780 4781
4782 4780 4777
4781 4780 4782
4781 4782 4783
4781 4783 4784
4781 4784 4785
4777 4778 4786
4782 4777 4786
4787 4786 4778
4787 4778 4788
4751 4787 4788
4786 4789 4782
4786 4787 4789
4783 4782 4789
4751 4790 4787
4789 4787 4790
4753 4790 4751
4791 4790 4753
4789 4790 4791
4791 4753 4733
4792 4789 4791
4783 4789 4792
4793 4791 4733
4792 4791 4793
4793 4733 4738
4783 4792 4794
4783 4794 4795
4796 4783 4795
4797 4783 4796
4798 4792 4793
4798 4793 4738
4798 4799 4792
4800 4797 4796
4800 4801 4797
4800 4796 4802
4800 4802 4803
4796 4804 4802
4803 4802 4805
4802 4804 4806
4802 4807 4805
4802 4806 4807
4798 4738 4808
4808 4809 4798
4808 4807 4809
4738 4810 4808
4738 4725 4810
4810 4725 4811
4808 4810 4811
4811 4725 4721
4812 4807 4808
4812 4808 4811
4807 4812 4813
4812 4811 4814
4811 4721 4814
4814 4721 4705
4815 4814 4705
4816 4814 4815
4815 4705 4817
4817 4705 4708
4817 4708 4818
4698 4818 4708
4819 4818 4698
4818 4819 4817
4820 4817 4819
4820 4821 4817
4815 4817 4821
4819 4698 4822
4822 4820 4819
4822 4698 4703
4703 4823 4822
4822 4823 4820
4824 4820 4823
4703 4825 4823
4825 4824 4823
4700 4825 4703
4700 4826 4825
4702 4826 4700
4826 4827 4825
4825 4827 4824
4826 4702 4828
4826 4828 4827
4828 4702 4829
4829 4830 4828
4831 4830 4829
4830 4831 4832
4830 4832 4833
4834 4830 4833
4835 4833 4832
4835 4832 4836
4837 4835 4836
4838 4830 4834
4830 4838 4828
4839 4828 4838
4828 4839 4827
4840 4839 4838
4827 4839 4840
4840 4838 4841
4842 4840 4841
4842 4841 4843
4844 4840 4842
4827 4840 4845
4844 4845 4840
4845 4844 4846
4845 4824 4827
4845 4846 4847
4845 4847 4824
4848 4847 4846
4848 4849 4847
4849 4824 4847
4849 4848 4850
4849 4851 4824
4824 4851 4820
4849 4850 4852
4852 4851 4849
4850 4853 4852
4850 4854 4853
4853 4855 4852
4852 4855 4851
4853 4856 4855
4857 4855 4856
4851 4855 4858
4855 4857 4858
4858 4820 4851
4857 4859 4858
4820 4858 4859
4821 4820 4859
4860 4821 4859
4860 4861 4821
4821 4861 4815
4815 4861 4862
4816 4815 4862
4863 4862 4861
4860 4863 4861
4816 4862 4864
4862 4863 4864
4816 4864 4865
4866 4865 4864
4860 4859 4867
4863 4860 4868
4860 4867 4868
4864 4863 4869
4863 4868 4869
4866 4864 4870
4870 4864 4869
4859 4871 4867
4871 4859 4872
4866 4870 4873
4866 4873 4874
4873 4875 4874
4873 4876 4875
4877 4869 4868
4878 4868 4867
4878 4877 4868
4879 4867 4871
4879 4878 4867
4880 4878 4879
4881 4879 4871
4881 4871 4872
4880 4879 4881
4882 4870 4869
4877 4882 4869
4870 4883 4873
4870 4882 4883
4873 4884 4876
4883 4884 4873
4876 4884 4885
4876 4885 4886
4885 4887 4886
4872 4888 4881
4889 4888 4872
4885 4890 4887
4891 4887 4890
4891 4892 4887
4893 4892 4891
4893 4894 4892
4895 4881 4888
4880 4881 4895
4889 4896 4888
4889 4897 4896
4898 4896 4897
4899 4896 4898
4896 4900 4888
4895 4888 4900
4899 4901 4896
4900 4896 4901
4902 4901 4899
4902 4903 4901
4903 4902 4904
4900 4901 4905
4903 4905 4901
4906 4895 4900
4906 4900 4905
4907 4906 4905
4903 4908 4905
4907 4905 4908
4903 4904 4909
4909 4908 4903
4906 4910 4895
4880 4895 4910
4911 4909 4904
4911 4904 4912
4909 4913 4908
4907 4908 4913
4911 4913 4909
4914 4910 4906
4906 4907 4914
4915 4911 4912
4915 4912 4916
4911 4917 4913
4915 4917 4911
4880 4910 4918
4918 4910 4914
4907 4913 4919
4917 4919 4913
4880 4918 4920
4918 4914 4921
4920 4918 4921
4922 4880 4920
4880 4922 4878
4922 4877 4878
4922 4923 4877
4882 4877 4923
4922 4920 4924
4923 4922 4924
4882 4923 4925
4925 4923 4924
4883 4882 4925
4926 4883 4925
4883 4926 4884
4927 4920 4921
4927 4924 4920
4925 4924 4928
4928 4926 4925
4926 4929 4884
4884 4929 4885
4929 4926 4930
4928 4930 4926
4931 4928 4924
4927 4931 4924
4932 4885 4929
4929 4930 4932
4930 4933 4932
4934 4930 4928
4934 4928 4931
4930 4934 4933
4932 4935 4885
4933 4935 4932
4885 4935 4936
4935 4937 4936
4937 4938 4936
4938 4937 4939
4940 4934 4931
4933 4934 4940
4941 4931 4927
4941 4940 4931
4933 4942 4935
4935 4942 4937
4933 4943 4942
4943 4937 4942
4937 4944 4939
4945 4939 4944
4944 4946 4945
4937 4947 4944
4943 4947 4937
4946 4944 4947
4933 4940 4948
4933 4948 4943
4940 4941 4949
4940 4949 4948
4950 4941 4927
4941 4950 4949
4947 4943 4951
4951 4943 4948
4952 4948 4949
4952 4951 4948
4946 4947 4953
4947 4951 4953
4950 4927 4954
4950 4954 4955
4954 4927 4921
4954 4921 4956
4955 4954 4956
4914 4956 4921
4957 4949 4950
4952 4949 4957
4914 4958 4956
4914 4907 4958
4958 4959 4956
4955 4956 4959
4960 4958 4907
4958 4960 4959
4960 4907 4919
4957 4950 4961
4950 4955 4961
4957 4961 4962
4955 4962 4961
4955 4959 4963
4960 4963 4959
4964 4960 4919
4917 4964 4919
4957 4962 4965
4965 4962 4966
4952 4957 4965
4955 4967 4962
4955 4963 4967
4966 4962 4967
4964 4968 4960
4963 4960 4968
4969 4964 4917
4915 4969 4917
4967 4963 4970
4966 4967 4970
4968 4971 4963
4971 4970 4963
4972 4971 4968
4973 4968 4964
4969 4973 4964
4973 4972 4968
4970 4971 4974
4972 4974 4971
4970 4974 4975
4966 4970 4975
4975 4974 4976
4972 4976 4974
4966 4975 4977
4975 4976 4977
4978 4969 4915
4979 4973 4969
4978 4979 4969
4978 4915 4980
4915 4916 4980
4916 4981 4980
4916 4982 4981
4983 4978 4980
4983 4980 4981
4982 4984 4981
4982 4985 4984
4981 4986 4983
4981 4984 4986
4987 4978 4983
4987 4983 4986
4985 4988 4984
4985 4989 4988
4989 4990 4988
4984 4991 4986
4984 4988 4991
4990 4992 4988
4993 4992 4990
4994 4988 4992
4994 4991 4988
4995 4986 4991
4987 4986 4995
4987 4996 4978
4978 4996 4979
4993 4997 4992
4997 4994 4992
4998 4991 4994
4995 4991 4998
4999 4987 4995
4996 4987 4999
4997 4993 5000
5000 4993 5001
4998 5002 4995
4999 4995 5002
5000 5001 5003
5003 5001 5004
5003 5004 5005
5006 5003 5005
5007 5003 5006
5000 5003 5007
5000 5007 5008
4997 5000 5008
5008 5007 5009
5010 4997 5008
4997 5010 4994
5011 5008 5009
5010 5008 5011
5011 5009 5012
5013 5011 5012
5010 5014 4994
4998 4994 5014
5011 5015 5010
5011 5013 5015
5010 5015 5014
5016 4998 5014
4998 5016 5002
5015 5013 5017
5013 5018 5017
5019 5017 5018
5015 5020 5014
5015 5017 5020
5019 5020 5017
5016 5014 5020
5020 5019 5021
5020 5021 5016
5016 5021 5022
5016 5022 5002
5021 5023 5022
5021 5024 5023
5025 5023 5024
5025 5024 5026
5025 5026 5027
5028 5002 5022
5029 5022 5023
5029 5028 5022
5023 5025 5030
5023 5030 5029
5029 5030 5031
5029 5031 5032
5029 5032 5028
5033 5031 5030
5033 5030 5025
5033 5025 5027
5028 5034 5002
5034 4999 5002
5034 5035 4999
4996 4999 5035
5036 5034 5028
5036 5035 5034
5037 4996 5035
4979 4996 5037
5028 5038 5036
5032 5038 5028
5039 5035 5036
5037 5035 5039
5039 5036 5038
4979 5037 5040
5040 5037 5039
4979 5040 4973
5040 5039 5041
5039 5038 5041
5040 5042 4973
5040 5041 5042
5042 4972 4973
4972 5042 5041
5041 5043 4972
5043 5041 5038
5043 4976 4972
5043 5038 5044
5032 5044 5038
5044 4976 5043
5044 5032 5045
5045 5032 5031
5044 5046 4976
5045 5046 5044
4977 4976 5046
5045 5047 5046
4977 5046 5047
5045 5031 5048
5045 5048 5047
5047 5049 4977
5048 5050 5047
5047 5050 5049
5051 5048 5031
5048 5051 5050
4977 5049 5052
4966 4977 5052
5052 5053 4966
4965 4966 5053
5049 5054 5052
5052 5054 5053
5055 4965 5053
5055 5053 5054
5055 5056 4965
5049 5057 5054
5057 5049 5050
5058 5055 5054
5058 5054 5057
5059 5055 5058
5060 5059 5058
5061 5058 5057
5060 5058 5061
5062 5057 5050
5062 5050 5063
5064 5057 5062
5061 5057 5064
5051 5063 5050
5061 5064 5065
5065 5064 5066
5066 5063 5067
5051 5068 5063
5068 5051 5031
5068 5069 5063
5069 5068 5031
5063 5069 5067
5069 5031 5070
5033 5070 5031
5070 5071 5069
5071 5067 5069
5033 5072 5070
5070 5072 5071
5073 5071 5072
5033 5074 5072
5074 5033 5027
5074 5027 5075
5076 5072 5074
5076 5073 5072
5074 5075 5077
5077 5076 5074
5075 5078 5077
5077 5079 5076
5079 5073 5076
5071 5080 5067
5071 5073 5080
5081 5077 5078
5077 5081 5079
5067 5080 5082
5073 5083 5080
5080 5083 5082
5084 5083 5073
5083 5084 5085
5083 5085 5082
5079 5086 5073
5086 5084 5073
5086 5079 5087
5086 5087 5088
5088 5084 5086
5089 5087 5079
5089 5079 5081
5088 5090 5084
5091 5089 5081
5084 5090 5092
5091 5081 5093
5081 5078 5093
5091 5093 5094
5078 5094 5093
5078 5095 5094
5096 5094 5095
5091 5094 5097
5096 5098 5094
5097 5094 5098
5097 5098 5099
5084 5092 5100
5101 5100 5092
5084 5100 5102
5084 5102 5085
5101 5103 5100
5102 5100 5103
5103 5101 5104
5103 5104 5105
5106 5105 5104
5107 5105 5106
5105 5108 5103
5102 5103 5108
5109 5105 5107
5105 5109 5108
5108 5109 5110
5111 5109 5107
5112 5109 5111
5109 5112 5110
5112 5111 5113
5112 5113 5114
5115 5085 5102
5085 5115 5082
5116 5102 5108
5116 5108 5110
5115 5102 5116
5110 5112 5117
5112 5114 5117
5115 5118 5082
5067 5082 5118
5119 5115 5116
5119 5116 5110
5120 5110 5117
5114 5120 5117
5121 5067 5118
5122 5121 5118
5121 5066 5067
5065 5066 5121
5122 5065 5121
5115 5123 5118
5119 5123 5115
5122 5118 5123
5122 5123 5119
5119 5110 5124
5120 5124 5110
5122 5125 5065
5061 5065 5125
5126 5122 5119
5124 5126 5119
5124 5127 5126
5128 5122 5126
5128 5125 5122
5127 5128 5126
5061 5125 5129
5128 5129 5125
5061 5129 5060
5128 5130 5129
5130 5128 5127
5060 5129 5130
5131 5124 5120
5131 5127 5124
5120 5132 5131
5120 5114 5132
5131 5133 5127
5132 5133 5131
5132 5134 5133
5133 5134 5135
5127 5133 5136
5133 5135 5136
5130 5127 5137
5127 5136 5137
5135 5138 5136
5136 5138 5137
5135 5139 5138
5138 5139 5140
5141 5130 5137
5138 5141 5137
5141 5060 5130
5142 5141 5138
5060 5141 5142
5142 5138 5140
5060 5142 5143
5143 5142 5140
5060 5143 5144
5143 5140 5145
5146 5143 5145
5143 5147 5144
5143 5146 5147
5144 5147 5148
5144 5148 5055
5147 5146 5149
5148 5147 5149
5146 5150 5149
5148 5149 4952
4952 4965 5148
5149 4951 4952
5149 5150 4951
4953 4951 5150
4953 5150 5151
4953 5151 4946
5151 5152 4946
5153 4946 5152
5154 5152 5151
5153 5152 5154
5153 5154 5155
5156 5153 5155
5153 5157 4946
4946 5157 4945
4945 5157 5158
5158 5157 5153
4945 5158 5159
5158 5160 5159
5158 5153 5161
5156 5161 5153
5161 5160 5158
5160 5162 5159
5162 5163 5159
5162 5164 5163
5163 5164 5165
5156 5166 5161
5161 5167 5160
5166 5167 5161
5166 5156 5168
5168 5156 5169
5168 5169 5170
5168 5170 5171
5168 5171 5172
5166 5168 5173
5172 5173 5168
5166 5174 5167
5166 5173 5174
5167 5174 5175
5175 5174 5173
5160 5167 5176
5167 5175 5176
5177 5173 5172
5175 5173 5177
5160 5176 5178
5175 5179 5176
5178 5176 5179
5180 5160 5178
5160 5180 5162
5162 5180 5181
5180 5178 5182
5181 5180 5182
5178 5179 5183
5182 5178 5183
5162 5181 5184
5162 5184 5164
5181 5185 5184
5185 5164 5184
5177 5172 5186
5187 5175 5177
5186 5187 5177
5188 5186 5172
5188 5172 5189
5186 5190 5187
5188 5190 5186
5187 5191 5175
5192 5187 5190
5191 5187 5192
5175 5191 5193
5175 5193 5179
5191 5192 5194
5193 5191 5194
5179 5193 5195
5183 5179 5195
5193 5194 5196
5196 5195 5193
5194 5197 5196
5197 5195 5196
5188 5198 5190
5192 5190 5199
5199 5190 5198
5200 5198 5188
5200 5188 5201
5194 5192 5202
5192 5199 5203
5192 5203 5202
5204 5194 5202
5194 5204 5197
5199 5198 5205
5205 5203 5199
5205 5198 5206
5200 5207 5198
5207 5206 5198
5200 5208 5207
5209 5202 5203
5209 5204 5202
5203 5205 5210
5205 5206 5210
5211 5208 5200
5211 5200 5212
5209 5203 5213
5210 5213 5203
5214 5197 5204
5204 5209 5215
5215 5214 5204
5216 5215 5209
5216 5214 5215
5217 5209 5213
5216 5209 5217
5210 5218 5213
5219 5210 5206
5219 5218 5210
5217 5213 5220
5218 5220 5213
5216 5217 5221
5217 5220 5222
5221 5217 5222
5223 5216 5221
5223 5214 5216
5220 5218 5224
5220 5224 5222
5221 5222 5225
5223 5221 5225
5224 5226 5222
5225 5222 5226
5218 5227 5224
5224 5227 5226
5219 5228 5218
5218 5228 5227
5223 5229 5214
5230 5223 5225
5230 5229 5223
5230 5231 5229
5225 5226 5232
5232 5230 5225
5229 5233 5214
5214 5233 5197
5226 5227 5234
5226 5234 5232
5231 5235 5229
5229 5235 5233
5233 5236 5197
5195 5197 5236
5235 5237 5233
5233 5237 5236
5236 5237 5238
5236 5239 5195
5183 5195 5239
5235 5240 5237
5238 5237 5240
5241 5239 5236
5236 5238 5241
5183 5239 5242
5241 5242 5239
5231 5243 5235
5243 5240 5235
5244 5241 5238
5244 5242 5241
5183 5242 5245
5182 5183 5245
5245 5242 5246
5244 5246 5242
5182 5245 5247
5245 5246 5247
5182 5247 5248
5181 5182 5248
5243 5249 5240
5250 5243 5231
5249 5243 5250
5238 5240 5251
5249 5251 5240
5247 5246 5252
5248 5247 5253
5247 5252 5253
5254 5181 5248
5248 5253 5254
5252 5246 5255
5255 5246 5244
5254 5256 5181
5181 5256 5185
5238 5251 5257
5249 5258 5251
5258 5257 5251
5259 5244 5238
5238 5257 5259
5255 5244 5260
5244 5259 5260
5258 5249 5261
5249 5250 5261
5262 5256 5254
5256 5263 5185
5256 5262 5263
5262 5254 5264
5253 5264 5254
5265 5185 5263
5185 5265 5164
5265 5266 5164
5266 5267 5164
5268 5164 5267
5263 5262 5269
5269 5262 5264
5269 5264 5270
5253 5271 5264
5264 5271 5270
5271 5253 5252
5271 5252 5272
5252 5255 5272
5270 5271 5273
5273 5271 5272
5272 5255 5274
5274 5255 5260
5273 5272 5275
5275 5272 5274
5274 5260 5276
5259 5276 5260
5275 5274 5277
5277 5274 5276
5259 5278 5276
5259 5257 5278
5277 5276 5279
5279 5276 5278
5278 5257 5280
5278 5280 5281
5258 5280 5257
5282 5280 5258
5258 5261 5282
5279 5278 5283
5281 5283 5278
5282 5284 5280
5284 5281 5280
5282 5261 5285
5282 5285 5286
5286 5284 5282
5261 5287 5285
5286 5288 5284
5261 5250 5287
5284 5288 5289
5287 5250 5290
5287 5290 5291
5250 5231 5290
5292 5291 5290
5284 5289 5293
5284 5293 5281
5293 5289 5294
5293 5294 5295
5295 5281 5293
5295 5296 5281
5297 5281 5296
5297 5283 5281
5297 5298 5283
5298 5279 5283
5299 5279 5298
5298 5300 5299
5299 5277 5279
5300 5301 5299
5301 5277 5299
5300 5302 5301
5301 5275 5277
5302 5303 5301
5303 5275 5301
5302 5304 5303
5273 5275 5303
5303 5304 5305
5273 5303 5306
5303 5305 5306
5273 5306 5270
5305 5307 5306
5306 5307 5270
5305 5308 5307
5307 5308 5309
5307 5309 5310
5270 5307 5310
5310 5309 5311
5312 5310 5311
5312 5311 5313
5270 5310 5314
5312 5314 5310
5270 5314 5269
5269 5314 5312
5269 5312 5315
5263 5269 5315
5263 5315 5316
5312 5316 5315
5265 5263 5316
5312 5313 5317
5312 5317 5316
5265 5316 5318
5265 5318 5319
5316 5320 5318
5321 5318 5320
5322 5316 5317
5322 5317 5323
5317 5324 5323
5317 5313 5324
5324 5325 5323
5326 5323 5325
5324 5327 5325
5328 5327 5324
5328 5324 5329
5329 5324 5313
5330 5328 5329
5326 5325 5331
5331 5332 5326
5332 5331 5333
5332 5333 5334
5335 5331 5325
5335 5333 5331
5336 5334 5333
5336 5333 5335
5337 5334 5336
5337 5336 5338
5338 5336 5339
5338 5339 5340
5341 5340 5339
5340 5341 5342
5341 5339 5343
5325 5344 5335
5325 5345 5344
5336 5335 5346
5336 5346 5339
5347 5346 5335
5347 5335 5344
5339 5346 5347
5348 5343 5339
5339 5347 5348
5348 5349 5343
5349 5348 5350
5351 5344 5345
5347 5344 5351
5351 5345 5352
5351 5352 4776
5353 5351 4776
5347 5354 5348
5354 5350 5348
5354 5353 5350
5347 5351 5354
5354 5351 5353
5355 5356 4619
4638 5355 5357
4642 4638 5357
5358 5357 5355
5358 4642 5357
5358 5359 4642
5359 5358 5360
4642 5359 5361
5359 5360 5361
5362 4642 5361
5360 5363 5361
5364 5363 5360
5364 5365 5363
5363 5365 5366
5367 5362 5361
5363 5367 5361
5368 5362 5367
5368 5367 5369
5366 5370 5363
5370 5367 5363
5369 5367 5370
5371 5370 5366
5369 5370 5372
5372 5370 5371
5372 5371 5373
4667 5374 5375
4667 5375 5376
5377 5376 5375
5377 5375 5378
5379 4665 5380
5381 5380 4665
5381 5382 5380
5382 5381 5383
5383 5384 5382
5385 5384 5383
5381 5386 5383
5387 5386 5381
5388 5386 5387
5385 5383 5389
5386 5389 5383
5388 5390 5386
5389 5386 5390
5391 5390 5388
5385 5389 5392
5389 5390 5392
5385 5392 5393
5393 5392 5394
5390 5394 5392
5393 5394 5395
5391 5396 5390
5390 5396 5394
5397 5396 5391
5395 5394 5398
5396 5398 5394
5395 5398 5399
5397 5400 5396
5396 5400 5398
5401 5400 5397
5402 5399 5398
5402 5403 5399
5404 5403 5402
5405 5398 5400
5401 5405 5400
5405 5402 5398
5406 5405 5401
5406 5402 5405
5406 5401 5407
5404 5402 5408
5406 5408 5402
5409 5406 5407
5410 5409 5407
5409 5411 5406
5411 5412 5406
5404 5412 5413
5411 5413 5412
5404 5413 5414
5413 5415 5414
5413 5416 5415
5417 5415 5416
5418 5413 5411
5418 5416 5413
5417 5416 5419
5420 5417 5419
5410 5421 5409
5421 5410 5422
5421 5422 5423
5424 5421 5423
5409 5421 5424
5424 5423 5425
5426 5411 5409
5426 5418 5411
5409 5424 5426
5427 5424 5425
5427 5425 5428
5424 5427 5429
5424 5429 5426
5429 5418 5426
5429 5430 5418
5430 5416 5418
5430 5419 5416
5431 5419 5430
5432 5431 5430
5432 5430 5433
5431 5434 5419
5420 5419 5434
5435 5420 5434
5435 5434 5436
5436 5434 5431
5436 5431 5437
5437 5431 5432
5437 5432 5438
5438 5432 5439
5432 5433 5440
5441 5440 5433
5440 5441 5442
5442 5441 5443
5440 5442 5444
5442 5443 5445
5442 5445 5446
5446 5444 5442
5445 5447 5446
5445 5448 5447
5449 5446 5447
5446 5450 5444
5449 5450 5446
5447 5448 5451
5449 5447 5451
5450 5452 5444
5452 5450 5449
5444 5452 5453
5444 5453 5454
5454 5455 5444
5456 5453 5452
5452 5449 5457
5456 5452 5457
5458 5449 5451
5458 5457 5449
5459 5457 5458
5460 5457 5459
5456 5457 5460
5461 5460 5459
5460 5461 5462
5463 5456 5460
5460 5462 5463
5464 5462 5461
5461 5465 5464
5465 5466 5464
5467 5462 5464
5466 5467 5464
5462 5467 5468
5462 5468 5463
5468 5467 5469
5469 5467 5466
5469 5470 5468
5463 5468 5471
5463 5471 5472
5456 5463 5472
5472 5471 5473
5456 5472 5474
5475 5456 5474
5472 5476 5474
5472 5473 5476
5476 5477 5474
5475 5474 5477
5473 5478 5476
5478 5477 5476
5469 5466 5479
5466 5480 5479
5479 5481 5469
5469 5481 5482
5482 5481 5483
5482 5483 5473
5479 5484 5481
5483 5481 5484
5485 5479 5480
5484 5479 5485
5485 5480 5486
5485 5486 5487
5484 5485 5487
5486 5488 5487
5484 5487 5489
5483 5484 5489
5490 5489 5487
5490 5487 5488
5491 5483 5489
5490 5491 5489
5492 5473 5483
5491 5492 5483
5488 5493 5490
5491 5490 5493
5492 5494 5473
5473 5494 5478
5492 5495 5494
5495 5478 5494
5491 5496 5492
5492 5496 5495
5491 5497 5496
5491 5493 5497
5495 5496 5498
5498 5496 5497
5498 5497 5499
5499 5497 5500
5497 5493 5500
5495 5498 5501
5502 5500 5493
5501 5503 5495
5495 5503 5478
5501 5504 5503
5503 5504 5505
5478 5503 5506
5503 5505 5506
5478 5506 5477
5505 5507 5506
5507 5477 5506
5505 5508 5507
5502 5493 5509
5488 5509 5493
5502 5509 5510
5488 5510 5509
5502 5510 5511
5507 5512 5477
5475 5477 5512
5475 5512 5513
5507 5513 5512
5475 5513 5514
5513 5515 5514
5516 5507 5508
5507 5516 5513
5516 5515 5513
5516 5508 5517
5516 5518 5515
5517 5519 5516
5519 5518 5516
5519 5517 5520
5518 5519 5521
5522 5519 5520
5522 5521 5519
5523 5524 5511
5523 5511 5510
5525 5524 5523
5525 5526 5524
5527 5526 5525
5527 5528 5526
5528 5527 5529
5528 5529 5530
5529 5527 5531
5531 5527 5525
5529 5531 5532
5531 5525 5533
5523 5533 5525
5534 5533 5523
5534 5523 5510
5533 5534 5535
5510 5536 5534
5488 5536 5510
5537 5535 5534
5537 5534 5536
5538 5535 5537
5488 5539 5536
5539 5537 5536
5488 5540 5539
5480 5539 5540
5538 5537 5541
5541 5542 5538
5543 5537 5539
5480 5543 5539
5541 5537 5543
5541 5544 5542
5544 5545 5542
5541 5543 5546
5480 5546 5543
5546 5544 5541
5480 5547 5546
5466 5547 5480
5546 5548 5544
5548 5546 5547
5544 5549 5545
5548 5549 5544
5547 5466 5550
5465 5550 5466
5547 5550 5551
5465 5551 5550
5548 5547 5552
5547 5551 5552
5545 5549 5553
5545 5553 5554
5548 5555 5549
5552 5555 5548
5556 5552 5551
5465 5556 5551
5557 5554 5553
5557 5558 5554
5557 5559 5558
5560 5559 5557
5549 5561 5553
5549 5555 5561
5555 5562 5561
5552 5563 5555
5556 5563 5552
5555 5563 5562
5562 5563 5556
5564 5557 5553
5564 5553 5561
5560 5557 5564
5564 5561 5562
5559 5560 5565
5565 5566 5559
5567 5566 5565
5560 5567 5565
5567 5568 5566
5560 5569 5567
5570 5560 5564
5564 5562 5570
5571 5570 5562
5571 5562 5572
5562 5556 5572
5569 5560 5573
5570 5573 5560
5573 5570 5571
5569 5573 5574
5575 5574 5573
5575 5573 5576
5573 5571 5576
5577 5575 5576
5572 5556 5578
5465 5578 5556
5577 5576 5579
5296 5577 5579
5296 5579 5580
5581 5580 5579
5576 5582 5579
5579 5582 5581
5582 5576 5571
5583 5581 5582
5584 5583 5582
5571 5584 5582
5585 5583 5584
5586 5571 5572
5572 5578 5586
5571 5587 5584
5585 5584 5587
5586 5587 5571
5588 5585 5587
5586 5588 5587
5589 5585 5588
5590 5589 5588
5578 5591 5586
5588 5586 5591
5590 5588 5592
5588 5591 5592
5578 5593 5591
5465 5593 5578
5465 5594 5593
5594 5465 5595
5596 5594 5595
5597 5596 5595
5458 5596 5597
5593 5594 5598
5598 5594 5596
5591 5593 5599
5599 5593 5598
5600 5591 5599
5592 5591 5600
5600 5599 5598
5601 5596 5458
5458 5451 5601
5598 5596 5602
5596 5601 5602
5598 5603 5600
5602 5603 5598
5592 5600 5604
5603 5604 5600
5603 5605 5604
5592 5604 5606
5606 5604 5605
5590 5592 5606
5602 5607 5603
5607 5605 5603
5601 5608 5602
5608 5607 5602
5601 5451 5609
5601 5609 5608
5451 5610 5609
5451 5448 5610
5609 5611 5608
5610 5611 5609
5608 5612 5607
5612 5608 5611
5613 5610 5448
5613 5448 5614
5615 5610 5613
5610 5615 5611
5615 5613 5616
5615 5617 5611
5617 5612 5611
5616 5618 5615
5615 5618 5617
5616 5619 5618
5619 5620 5618
5620 5621 5618
5618 5622 5617
5621 5622 5618
5612 5617 5622
5621 5623 5622
5612 5622 5624
5625 5622 5623
5625 5624 5622
5623 5626 5625
5627 5624 5625
5627 5625 5626
5623 5628 5626
5628 5629 5626
5612 5624 5630
5627 5630 5624
5612 5630 5607
5607 5630 5605
5605 5630 5627
5629 5631 5626
5626 5631 5632
5633 5631 5629
5632 5631 5633
5633 5629 5634
5627 5626 5635
5626 5632 5635
5636 5627 5635
5636 5635 5632
5605 5627 5637
5636 5637 5627
5605 5637 5638
5638 5606 5605
5639 5638 5637
5606 5638 5639
5639 5637 5636
5634 5640 5633
5634 5641 5640
5606 5639 5642
5590 5606 5642
5642 5643 5590
5643 5644 5590
5643 5645 5644
5646 5643 5642
5646 5642 5639
5646 5639 5647
5636 5647 5639
5648 5646 5647
5636 5649 5647
5649 5648 5647
5648 5649 5650
5636 5632 5649
5650 5649 5651
5651 5649 5632
5313 5650 5651
5651 5632 5652
5632 5633 5652
5313 5651 5653
5653 5651 5652
5329 5313 5653
5654 5652 5633
5653 5652 5654
5653 5654 5329
5654 5330 5329
5654 5633 5640
5654 5640 5330
5640 5655 5330
5640 5656 5655
5640 5641 5656
5656 5641 5657
5656 5657 5658
5659 5657 5641
5659 5660 5657
5659 5661 5660
5660 5661 5662
5660 5662 5663
5664 5660 5663
5665 5658 5657
5660 5665 5657
5665 4770 5658
5664 5666 5660
5660 5666 5665
5667 5666 5664
5668 4770 5665
5666 5668 5665
5668 5669 4770
5667 5670 5666
5666 5670 5668
5671 5670 5667
5671 5668 5670
5671 5667 5672
5671 5673 5668
5673 5669 5668
5673 5674 5669
5438 5675 5454
5645 5585 5676
5677 5678 5679
5677 5680 5678
5677 5681 5680
5677 5682 5681
5680 5681 5683
5684 5681 5682
5685 5683 5681
5684 5685 5681
5685 5686 5683
5685 5684 5687
5686 5685 5688
5685 5687 5688
5686 5688 5689
5688 5687 5690
5689 5688 5690
5687 5691 5690
5689 5690 5692
5693 5690 5691
5693 5692 5690
5693 5691 5694
5693 5695 5692
5696 5697 5292
5696 5292 5698
5292 5290 5698
5698 5290 5231
5698 5699 5696
5698 5231 5700
5698 5700 5699
5230 5700 5231
5701 5700 5230
5701 5699 5700
5232 5701 5230
5232 5702 5701
5699 5701 5702
5232 5234 5702
5699 5702 5703
5704 5699 5703
5234 5705 5702
5703 5702 5705
5234 5706 5705
5227 5706 5234
5227 5707 5706
5707 5227 5228
5707 5228 5708
5703 5705 5709
5708 5228 5710
5708 5710 5711
5219 5710 5228
5704 5703 5712
5712 5703 5709
5713 5711 5710
5713 5714 5711
5715 5714 5713
5715 5716 5714
5710 5219 5717
5710 5717 5713
5715 5713 5717
5219 5206 5717
5715 5717 5206
5704 5712 5718
5704 5718 5719
5712 5720 5718
5712 5709 5721
5712 5721 5720
5721 5722 5720
5721 5709 5723
5721 5724 5722
5721 5723 5724
5725 5722 5724
5726 5724 5723
5725 5724 5726
5726 5723 5727
5726 5728 5725
5727 5729 5726
5727 5730 5729
5726 5731 5728
5729 5731 5726
5729 5730 5732
5729 5732 5731
5730 5733 5732
5733 5734 5732
5732 5734 5735
5732 5735 5731
5735 5728 5731
5735 5736 5728
5737 5738 5739
5740 5737 5739
5740 5741 5737
5740 5739 5742
5743 5740 5742
5742 5739 5744
5743 5742 5744
5739 5745 5744
5746 5743 5744
5747 5741 5740
5743 5747 5740
5746 5748 5743
5749 5743 5748
5750 5748 5746
5750 5751 5748
5749 5748 5751
5752 5751 5750
5752 5750 5753
5747 5754 5741
5741 5754 5755
5755 5754 5756
5756 5757 5755
5756 5758 5757
5759 5756 5754
5759 5754 5747
5759 5760 5756
5758 5756 5760
5761 5758 5760
5762 5758 5761
5762 5761 5763
5763 5761 5764
5765 5763 5764
5765 5764 5766
5759 5747 5767
5767 5747 5768
5743 5768 5747
5767 5768 5769
5749 5768 5743
5749 5769 5768
5749 5770 5769
5771 5770 5749
5771 5749 5772
5749 5751 5772
5773 5771 5772
5752 5772 5751
5773 5772 5774
5752 5774 5772
5775 5773 5774
5776 5774 5752
5775 5774 5776
5775 5776 5777
5775 5777 5778
5779 5777 5776
5776 5752 5780
5779 5776 5780
5753 5780 5752
5753 5781 5780
5779 5780 5781
5779 5781 5782
5783 5782 5784
5783 5784 5785
5786 5785 5784
5785 5787 5783
5786 5788 5785
5788 5786 5789
5785 5790 5787
5791 5785 5788
5791 5790 5785
5792 5787 5790
5792 5790 5791
5792 5793 5787
5792 5791 5794
5788 5789 5795
5795 5791 5788
5794 5791 5796
5795 5796 5791
5794 5796 5797
5797 5796 5798
5795 5798 5796
5797 5798 5799
5789 5800 5795
5795 5800 5798
5789 5801 5800
5802 5799 5798
5802 5798 5800
5802 5803 5799
5804 5803 5802
5804 5805 5803
5806 5805 5804
5801 5807 5800
5802 5800 5807
5804 5802 5807
5801 5808 5807
5807 5808 5809
5807 5809 5810
5804 5807 5810
5808 5811 5809
5809 5811 5810
5811 5808 5812
5810 5811 5813
5813 5811 5814
5810 5813 5815
5804 5810 5815
5804 5815 5816
5806 5804 5816
5815 5817 5816
5806 5816 5818
5817 5818 5816
5818 5817 5819
5806 5818 5820
5818 5819 5821
5820 5818 5821
5822 5820 5821
5823 5822 5821
5823 5824 5822
5825 5822 5824
5825 5824 5765
5825 5765 5826
5827 5828 5829
5827 5830 5828
5830 5827 5831
5830 5832 5828
5830 5831 5833
5833 5831 5834
5833 5834 5835
5833 5835 5836
5830 5837 5832
5837 5830 5833
5837 5838 5832
5833 5836 5839
5837 5833 5839
5840 5839 5836
5837 5841 5838
5839 5841 5837
5842 5838 5841
5842 5841 5843
5839 5844 5841
5844 5843 5841
5840 5844 5839
5844 5845 5843
5845 5844 5840
5845 5840 5846
5847 5848 5849
5849 5850 5847
5849 5851 5850
5852 5847 5850
5852 5853 5847
5850 5854 5852
5851 5855 5850
5850 5855 5854
5851 5856 5855
5855 5857 5854
5858 5855 5856
5855 5858 5857
5858 5856 5859
5858 5859 5860
5857 5858 5861
5858 5860 5861
5857 5861 5862
5861 5860 5863
5863 5862 5861
5863 5864 5862
5863 5865 5864
5863 5860 5866
5863 5867 5865
5863 5866 5867
5868 5867 5866
5869 5870 5871
5872 5869 5871
5872 5873 5869
5873 5872 5874
5869 5873 5875
5869 5875 5876
5875 5877 5876
5878 5875 5873
5878 5877 5875
5873 5874 5879
5878 5873 5879
5878 5880 5877
5880 5881 5877
5882 5880 5878
5879 5882 5878
5880 5882 5881
5874 5883 5879
5879 5883 5882
5884 5881 5882
5884 5885 5881
5883 5874 5886
5887 5886 5874
5888 5882 5883
5882 5888 5884
5889 5886 5887
5140 5889 5887
5890 5886 5889
5891 5883 5886
5890 5891 5886
5888 5883 5891
5890 5888 5891
5890 5892 5888
5884 5888 5892
5884 5892 5132
5885 5884 5132
5885 5132 5114
5114 5893 5885
5114 5894 5893
5114 5113 5894
5895 5894 5113
5895 5113 5896
5895 5896 5897
5885 5893 5898
5885 5898 5899
5893 5894 5900
5900 5894 5895
5901 5895 5897
5901 5897 5902
5903 5901 5902
5901 5903 5904
5905 5895 5901
5905 5900 5895
5900 5905 5906
5893 5900 5907
5893 5907 5898
5907 5900 5906
5901 5904 5908
5905 5901 5908
5908 5904 5909
5899 5898 5910
5899 5910 5911
5911 5910 5912
5898 5907 5913
5907 5906 5913
5898 5913 5910
5910 5913 5914
5913 5906 5915
5910 5914 5916
5910 5916 5912
5917 5916 5914
5918 5915 5906
5917 5915 5918
5912 5916 5919
5917 5919 5916
5906 5920 5918
5921 5917 5918
5920 5921 5918
5906 5922 5920
5905 5922 5906
5923 5920 5922
5924 5920 5923
5924 5921 5920
5924 5923 5925
5922 5905 5908
5921 5924 5926
5917 5921 5926
5926 5924 5925
5922 5908 5927
5923 5922 5927
5908 5909 5927
5923 5927 5909
5923 5909 5928
5929 5923 5928
5929 5930 5923
5923 5930 5925
5930 5929 5931
5930 5931 5932
5932 5925 5930
5933 5932 5931
5933 5934 5932
5935 5934 5933
5936 5926 5925
5936 5937 5926
5917 5926 5937
5917 5937 5208
5208 5937 5936
5917 5208 5919
5938 5919 5208
5912 5919 5938
5938 5208 5211
5208 5936 5207
5912 5938 5939
5211 5939 5938
5211 5201 5939
5912 5939 5940
5941 5939 5201
5941 5940 5939
5941 5869 5940
5942 5207 5936
5207 5942 5206
5715 5206 5942
5942 5936 5943
5715 5942 5943
5943 5936 5925
5715 5943 5944
5944 5716 5715
5944 5945 5716
5946 5943 5925
5944 5943 5946
5932 5946 5925
5944 5947 5945
5947 5944 5946
5947 5946 5932
5945 5947 5948
5947 5932 5934
5934 5948 5947
5934 5949 5948
5948 5949 5950
5935 5949 5934
5935 5950 5949
5948 5950 5951
5935 5952 5950
5953 5951 5950
5954 5950 5952
5953 5950 5955
5954 5955 5950
4893 5956 5957
4893 5958 5956
5956 5958 5959
5960 5961 5962
5963 5962 5961
5963 5964 5962
5965 5964 5963
5965 5963 5966
5967 5965 5966
5968 5964 5965
5964 5969 5970
5964 5970 5971
5972 5971 5970
5972 5973 5971
5974 5975 5976
5974 5977 5975
5978 5975 5977
5978 5977 5979
5980 5979 5977
5979 5980 5981
5982 5978 5979
5979 5981 5983
5982 5979 5983
5984 5983 5981
5985 5982 5983
5984 5985 5983
5985 5986 5982
5987 5985 5984
5988 5986 5985
5987 5988 5985
5988 5989 5986
5990 5988 5987
5989 5988 5991
5990 5991 5988
5989 5991 5992
5991 5990 5993
5994 5992 5991
5991 5993 5994
5994 5995 5992
5996 5994 5993
5997 5995 5994
5997 5998 5995
5996 5999 5994
5999 5997 5994
5999 5996 6000
5999 6000 6001
5997 5999 6001
6002 6001 6000
6003 5998 5997
5997 6001 6003
6003 6004 5998
6004 6003 6005
6006 6004 6005
6002 6007 6001
6007 6003 6001
6007 6005 6003
6008 6007 6002
6008 6009 6007
6009 6010 6007
6007 6010 6005
6005 6010 6011
6005 6011 6012
6012 6013 6005
6013 6014 6005
6005 6014 6006
6015 6006 6014
6016 6017 6018
6019 6016 6018
6019 6020 6016
6019 6021 6020
6019 6018 6022
6023 6021 6019
6019 6022 6024
6023 6019 6024
6024 6022 6025
6024 6025 6026
6026 6023 6024
6026 5407 6023
6027 6028 6029
6027 6029 6030
6031 6029 6032
6031 6033 6029
6033 6031 6034
6035 6036 6027
6035 6037 6036
6038 6036 6037
6038 6039 6036
6039 6038 6040
6041 6042 6043
6041 6043 6044
6044 6045 6041
6044 6043 6046
6044 6047 6045
6047 6048 6045
6047 6049 6048
6047 6050 6049
6044 6046 6051
6051 6047 6044
6051 6046 6052
6047 6053 6050
6051 6053 6047
6054 6050 6053
6054 6055 6050
6056 6053 6051
6057 6055 6056
6057 6056 6058
6059 6058 6056
6056 6051 6059
6051 6052 6059
6060 6059 6052
6060 6061 6059
6059 6061 6062
6059 6062 6063
6062 6064 6063
6062 6065 6064
6066 6067 6068
6066 6069 6067
6066 6070 6069
6066 6071 6070
6066 6072 6071
6072 6073 6071
6073 6074 6071
6072 6075 6073
6075 6072 6076
6076 6072 6066
6076 6066 6077
6077 6078 6076
6079 6080 6081
6079 6081 6082
6082 6083 6079
6081 6084 6082
6083 6082 6085
6084 6085 6082
6083 6085 6086
6084 6087 6085
6085 6088 6086
6087 6089 6085
6085 6089 6088
6087 6090 6089
6088 6089 6091
6089 6090 6091
6088 6091 6092
6090 6093 6091
6091 6094 6092
6095 6091 6093
6091 6095 6094
6095 6096 6094
6097 6095 6093
6095 6098 6096
6097 6098 6095
6098 6099 6096
6097 6099 6098
6097 6100 6099
6101 6099 6100
6102 6103 6104
6102 6104 6105
6106 6102 6105
4040 6105 6104
6106 6105 6107
6107 6108 6106
6107 6109 6108
4040 6110 6105
6110 6107 6105
6110 4040 4039
6107 6111 6109
6112 6109 6111
6110 4039 6113
4037 6113 4039
6110 6114 6107
6114 6110 6113
6114 6111 6107
4037 6115 6113
6114 6113 6115
6115 4037 4045
6115 4045 6116
6114 6115 6116
6116 4045 4046
6114 6117 6111
6114 6116 6117
6112 6111 6118
6118 6111 6117
6112 6118 6119
6120 6112 6119
6119 6121 6120
6118 6117 6122
6116 6122 6117
6122 6119 6118
6116 4046 6123
6116 6123 6122
4046 4081 6123
6123 6124 6122
6123 4081 6124
6122 6124 6119
4081 6125 6124
6125 6119 6124
4081 4080 6125
6119 6126 6121
6125 6126 6119
6127 6125 4080
4080 4079 6127
6121 6126 6128
6121 6128 6129
6128 6130 6129
6130 6131 6129
6132 6131 6130
6133 6126 6125
6133 6128 6126
6127 6133 6125
6133 6130 6128
6127 6134 6133
6133 6134 6130
4079 6135 6127
6127 6135 6134
6134 6135 6136
4079 6137 6135
6136 6135 6137
4092 6137 4079
6138 6137 4092
4094 6138 4092
6138 4094 4147
6138 6139 6137
6136 6137 6139
6140 6139 6138
6140 6138 4147
6140 6136 6139
6130 6134 6141
6134 6136 6141
6142 6140 4147
6142 4147 4148
4150 6142 4148
6140 6142 6143
6143 6142 4150
6140 6144 6136
6140 6143 6144
6141 6136 6145
6136 6144 6145
6130 6141 6146
6145 6146 6141
6147 6130 6146
6145 6147 6146
6132 6130 6147
6148 6132 6147
6148 6147 6149
6145 6149 6147
6149 6150 6148
6151 6145 6144
6151 6149 6145
6151 6144 6143
6149 6152 6150
6151 6152 6149
6152 6153 6150
6152 6154 6153
6151 6154 6152
6155 6153 6154
6155 6154 6156
6157 6156 6154
6151 6158 6154
6158 6151 6143
6157 6154 6158
6158 6143 6159
6157 6158 6159
6143 4150 6159
6157 6159 4151
4150 4151 6159
6160 6161 6162
6160 6162 6163
6163 6162 6164
6163 6164 6165
6165 6164 6166
6165 6166 6167
6167 6166 6168
6167 6168 6169
6169 6168 6170
6169 6170 6171
6171 6170 6172
6171 6172 6173
6173 6172 6174
6173 6174 6175
6175 6174 6176
6175 6176 6177
6177 6176 6178
6177 6178 6179
6179 6178 6180
6179 6180 6181
6181 6180 6182
6181 6182 6183
6183 6182 6184
6183 6184 6185
6184 6186 6185
6184 6187 6186
6186 6187 6188
6186 6188 6189
6189 6188 6190
6189 6190 6191
6191 6190 6192
6191 6192 6193
6193 6192 6194
6193 6194 6195
6187 6196 6188
6188 6197 6190
6188 6196 6197
6198 6196 6187
6198 6187 6199
6200 6198 6199
6200 6199 6201
6202 6200 6201
6196 6198 6203
6203 6198 6200
6196 6203 6204
6197 6196 6204
6205 6197 6204
6203 6200 6206
6207 6197 6205
6202 6208 6200
6206 6200 6208
6209 6208 6202
6206 6208 6210
6207 6211 6197
6197 6211 6190
6211 6207 6212
6209 6213 6208
6210 6208 6213
6210 6213 6214
6215 6213 6209
6213 6216 6214
6190 6211 6217
6211 6212 6217
6190 6217 6218
6215 6219 6213
6213 6219 6216
6219 6215 6220
6221 6217 6212
6221 6218 6217
6221 6212 6222
6221 6223 6218
6216 6219 6224
6219 6220 6224
6216 6224 6225
6226 6224 6220
6225 6224 6227
6226 6227 6224
6225 6227 6228
6227 6226 6229
6230 6228 6227
6227 6229 6230
6230 6231 6228
6231 6230 6232
6233 6230 6229
6230 6233 6232
6234 6233 6229
6232 6233 6235
6233 6234 6236
6233 6236 6235
6237 6236 6234
6238 6236 6237
6235 6236 6239
6238 6239 6236
6235 6239 6240
6239 6238 6241
6240 6239 6242
6239 6241 6242
6242 6241 6243
6240 6242 6244
6242 6243 6245
6244 6242 6245
6244 6245 6246
6247 6248 6249
6247 6250 6248
6251 6250 6247
6251 6252 6250
6253 6252 6251
6253 6251 6254
6255 6253 6254
6255 6254 6256
6257 6255 6256
6257 6258 6255
6257 6259 6258
6257 6260 6259
6259 6260 6261
6259 6261 6262
6262 6261 6263
6262 6263 6264
6264 6263 6265
6264 6265 6266
6266 6265 6267
6266 6267 6268
6268 6267 6269
6268 6269 6270
6270 6269 6271
6270 6271 6272
6272 6271 6273
6272 6273 6274
6275 6274 6273
6275 6273 6276
6277 6275 6276
6277 6278 6275
6279 6278 6277
6279 6277 6280
6281 6279 6280
6281 6280 6282
6283 6284 6285
6286 6284 6283
6284 6286 6287
6287 6288 6284
6289 6290 6291
6290 6292 6291
6292 6293 6291
6292 6294 6293
6295 6293 6294
6295 6296 6293
6297 6298 6299
6297 6299 6300
6301 6297 6300
6301 6302 6297
6301 6303 6302
6304 6299 6305
6304 6305 6306
6306 6307 6304
6306 6305 6308
6309 6310 6311
6310 6309 6312
6310 6312 6313
6314 6315 6316
6317 6314 6316
6318 6317 6316
6319 6320 6321
6322 6319 6321
6322 6323 6319
6324 6323 6322
6324 6325 6323
6326 6325 6324
6326 6324 6327
6328 6329 6330
6331 6328 6330
6328 6331 6332
6333 6328 6332
6334 6335 6336
6334 6336 6337
6338 6334 6337
6338 6337 6339
6340 6338 6339
6341 6340 6339
6339 6342 6341
6337 6336 6343
6339 6344 6342
6337 6343 6345
6345 6343 6346
6344 6339 6347
6348 6344 6347
6347 6339 6349
6339 6337 6350
6339 6350 6349
6350 6337 6345
6350 6351 6349
6345 6346 6352
6350 6345 6352
6353 6352 6346
6350 6354 6351
6350 6352 6354
6354 6355 6351
6353 6356 6352
6354 6352 6356
6355 6354 6356
6356 6353 6357
6356 6357 6358
6358 6355 6356
6358 6359 6355
6360 6361 6362
6360 6362 6363
6364 6360 6363
6365 6363 6362
6365 6362 6366
6364 6363 6367
6365 6367 6363
6368 6364 6367
6368 6369 6364
6368 6370 6369
6365 6371 6367
6368 6367 6371
6372 6365 6366
6365 6373 6371
6365 6372 6373
6372 6366 6374
6374 6366 6375
6376 6374 6375
6376 6375 6377
6378 6376 6377
6379 6372 6374
6379 6374 6376
6378 6380 6376
6380 6379 6376
6381 6372 6379
6381 6373 6372
6378 6382 6380
6378 6383 6382
6384 6380 6382
6380 6385 6379
6385 6381 6379
6384 6385 6380
6385 6386 6381
6386 6385 6384
6387 6373 6381
6387 6381 6386
6386 6384 6388
6388 6384 6389
6390 6388 6389
6386 6388 6391
6390 6391 6388
6387 6392 6373
6392 6371 6373
6371 6392 6393
6368 6371 6393
6386 6391 6394
6387 6386 6394
6395 6391 6390
6395 6390 6396
6395 6396 6397
6398 6392 6387
6393 6392 6398
6399 6394 6391
6399 6391 6395
6400 6387 6394
6398 6387 6400
6400 6394 6399
6395 6397 6401
6401 6399 6395
6400 6399 6402
6401 6402 6399
6403 6398 6400
6400 6402 6403
6393 6398 6404
6403 6404 6398
6405 6401 6397
6405 6397 6406
6401 6407 6402
6401 6405 6407
6393 6404 6408
6408 6368 6393
6403 6409 6404
6409 6408 6404
6410 6403 6402
6410 6402 6407
6403 6410 6409
6411 6405 6406
6412 6411 6406
6413 6407 6405
6413 6410 6407
6413 6405 6411
6414 6411 6412
6414 6412 6415
6416 6414 6415
6413 6417 6410
6417 6409 6410
6418 6413 6411
6414 6418 6411
6417 6413 6418
6416 6419 6414
6414 6420 6418
6414 6419 6420
6417 6418 6421
6420 6421 6418
6417 6422 6409
6422 6417 6421
6423 6419 6416
6423 6416 6424
6425 6423 6424
6419 6426 6420
6419 6423 6426
6420 6427 6421
6420 6426 6427
6425 6428 6423
6429 6428 6425
6423 6430 6426
6423 6428 6430
6429 6431 6428
6431 6430 6428
6432 6431 6429
6432 6429 6433
6432 6433 6434
6427 6435 6421
6422 6421 6435
6426 6436 6427
6426 6430 6436
6431 6437 6430
6432 6437 6431
6432 6434 6438
6439 6438 6434
6432 6438 6440
6439 6440 6438
6427 6441 6435
6436 6441 6427
6430 6437 6442
6430 6442 6436
6443 6436 6442
6432 6444 6437
6432 6440 6444
6437 6445 6442
6437 6444 6445
6445 6443 6442
6439 6446 6440
6446 6439 6447
6444 6440 6448
6444 6448 6445
6446 6448 6440
6446 6447 6449
6450 6449 6447
6450 6451 6449
6452 6449 6451
6449 6453 6446
6446 6453 6448
6454 6445 6448
6445 6454 6443
6452 6455 6449
6449 6455 6453
6456 6455 6452
6456 6453 6455
6456 6452 6457
6458 6448 6453
6454 6448 6458
6457 6459 6456
6457 6460 6459
6459 6460 6461
6456 6462 6453
6458 6453 6462
6462 6456 6459
6463 6454 6458
6463 6458 6462
6462 6459 6464
6463 6462 6464
6459 6461 6465
6465 6464 6459
6461 6466 6465
6461 6467 6466
6468 6465 6466
6468 6469 6465
6465 6469 6464
6470 6469 6468
6464 6469 6471
6470 6471 6469
6464 6471 6463
6471 6470 6472
6463 6471 6472
6472 6470 6473
6463 6474 6454
6463 6472 6474
6474 6443 6454
6472 6473 6475
6474 6472 6475
6475 6473 6476
6474 6477 6443
6474 6475 6477
6443 6477 6478
6475 6478 6477
6475 6476 6479
6475 6479 6478
6479 6476 6480
6478 6479 6480
6481 6480 6476
6443 6478 6482
6443 6482 6436
6436 6482 6441
6482 6478 6483
6478 6480 6483
6482 6483 6441
6481 6484 6480
6483 6480 6484
6484 6481 6485
6441 6483 6486
6483 6484 6486
6441 6486 6435
6484 6485 6487
6486 6484 6487
6435 6486 6488
6486 6487 6488
6435 6488 6422
6422 6488 6489
6487 6489 6488
6422 6489 6409
6409 6489 6408
6485 6490 6487
6487 6490 6489
6408 6489 6490
6370 6490 6485
6408 6490 6491
6370 6491 6490
6408 6491 6368
6368 6491 6370
6492 6493 6494
6492 6494 6495
6494 6496 6495
6497 6492 6495
6496 6497 6495
6497 6498 6492
6499 6498 6497
6499 6497 6500
6496 6501 6497
6501 6500 6497
6496 6502 6501
6501 6503 6500
6502 6504 6501
6501 6504 6503
6505 6506 6507
6508 6507 6506
6508 6509 6507
6510 6509 6508
6510 6508 6511
6512 6510 6511
6512 6513 6510
6513 6512 6514
6513 6514 6515
6514 6516 6515
6514 6517 6516
6518 6516 6517
6519 6520 6521
6519 6522 6520
6522 6519 6523
6524 6525 6526
6526 6525 6527
6528 6529 6530
6528 6530 6531
6532 6533 6534
6535 6534 6533
6536 6537 6538
6539 6536 6538
6539 6540 6536
6539 6538 6541
6538 6542 6541
6538 6543 6542
6539 6544 6540
6544 6545 6540
6545 6546 6540
6545 6547 6546
6546 6548 6540
6549 6550 6551
6549 6551 6552
6552 6551 6553
6552 6553 6554
6554 6553 6555
6554 6555 6556
6556 6555 6557
6556 6557 6558
6558 6557 6559
6558 6559 6560
6560 6561 6549
6560 6559 6561
6562 6563 6564
6562 6564 6565
6566 6565 6564
6567 6562 6565
6566 6568 6565
6568 6567 6565
6568 6566 6569
6568 6569 6570
6567 6568 6570
6571 6570 6569
6571 6572 6570
6572 6567 6570
6573 6572 6571
6574 6567 6572
6573 6574 6572
6567 6574 6575
6574 6573 6576
6574 6576 6575
6577 6578 6579
6577 6580 6578
6580 6581 6578
6582 6580 6577
6582 6577 6583
6580 6584 6581
6582 6584 6580
6584 6585 6581
6586 6582 6583
6587 6586 6583
6587 6588 6586
6588 6587 6589
6588 6589 6590
6590 6589 6591
6590 6591 6592
6593 6592 6591
6593 6594 6592
6595 6588 6590
6592 6595 6590
6594 6596 6592
6592 6596 6595
6594 6597 6596
6586 6588 6598
6595 6598 6588
6599 6582 6586
6586 6598 6599
6600 6596 6597
6600 6597 6601
6600 6601 6602
6603 6595 6596
6603 6596 6600
6599 6604 6582
6582 6604 6584
6598 6605 6599
6605 6604 6599
6595 6606 6598
6595 6603 6606
6598 6606 6605
6600 6602 6607
6607 6602 6608
6609 6603 6600
6606 6603 6609
6609 6600 6607
6610 6584 6604
6605 6610 6604
6610 6611 6584
6584 6611 6585
6585 6611 6612
6612 6611 6610
6585 6612 6613
6614 6610 6605
6612 6610 6614
6613 6612 6615
6615 6612 6614
6613 6615 6616
6615 6617 6616
6614 6605 6618
6606 6618 6605
6615 6614 6619
6619 6614 6618
6615 6620 6617
6620 6615 6619
6620 6619 6621
6621 6619 6622
6619 6618 6622
6606 6623 6618
6622 6618 6623
6606 6609 6623
6624 6617 6620
6624 6625 6617
6624 6626 6625
6624 6627 6626
6628 6627 6624
6629 6624 6620
6628 6624 6629
6629 6620 6621
6629 6630 6628
6629 6631 6630
6621 6631 6629
6632 6630 6631
6632 6631 6633
6633 6631 6621
6634 6632 6633
6623 6609 6635
6635 6609 6607
6634 6633 6636
6636 6633 6621
6634 6636 6637
6637 6636 6621
6634 6637 6638
6623 6635 6639
6622 6623 6639
6621 6622 6640
6640 6622 6639
6637 6621 6640
6640 6639 6641
6641 6637 6640
6635 6641 6639
6642 6638 6637
6641 6642 6637
6642 6643 6638
6644 6643 6642
6635 6607 6645
6607 6608 6645
6635 6646 6641
6646 6642 6641
6646 6635 6645
6647 6644 6642
6646 6647 6642
6647 6648 6644
6649 6648 6647
6649 6650 6648
6649 6651 6650
6652 6651 6649
6653 6652 6649
6653 6649 6654
6608 6655 6645
6646 6645 6655
6655 6647 6646
6655 6649 6647
6654 6649 6655
6608 6656 6655
6654 6655 6656
6657 6658 6659
6657 6660 6658
6661 6660 6657
6660 6662 6658
6661 6663 6660
6663 6661 6664
6660 6665 6662
6663 6665 6660
6665 6666 6662
6663 6664 6667
6668 6667 6664
6668 6669 6667
6665 6670 6666
6670 6671 6666
6663 6672 6665
6667 6672 6663
6672 6670 6665
6673 6667 6669
6667 6673 6672
6673 6669 6674
6673 6674 6675
6673 6675 6676
6672 6673 6676
6676 6675 6677
6670 6678 6671
6678 6679 6671
6672 6680 6670
6672 6676 6680
6680 6678 6670
6678 6681 6679
6681 6682 6679
6680 6683 6678
6676 6683 6680
6683 6681 6678
6676 6677 6684
6676 6684 6683
6677 6685 6684
6685 6683 6684
6677 6686 6685
6687 6685 6686
6681 6688 6682
6688 6689 6682
6683 6690 6681
6685 6690 6683
6690 6688 6681
6688 6691 6689
6691 6692 6689
6690 6693 6688
6685 6693 6690
6693 6691 6688
6687 6694 6685
6685 6694 6693
6687 6695 6694
6695 6693 6694
6687 6696 6695
6691 6697 6692
6697 6698 6692
6693 6699 6691
6695 6699 6693
6699 6697 6691
6696 6700 6695
6696 6701 6700
6702 6699 6695
6699 6702 6697
6702 6695 6700
6697 6703 6698
6702 6703 6697
6703 6704 6698
6701 6705 6700
6701 6706 6705
6707 6702 6700
6702 6707 6703
6707 6700 6705
6703 6708 6704
6707 6708 6703
6708 6709 6704
6706 6710 6705
6706 6711 6710
6710 6711 6712
6713 6707 6705
6707 6713 6708
6713 6705 6710
6708 6714 6709
6713 6714 6708
6714 6715 6709
6714 6716 6715
6713 6717 6714
6717 6716 6714
6717 6713 6710
6717 6718 6716
6719 6718 6717
6712 6720 6719
6710 6712 6721
6717 6710 6721
6719 6717 6721
6712 6719 6721
6722 6723 6724
6722 6724 6725
6726 6722 6725
6726 6727 6722
6728 6727 6726
6728 6726 6729
6730 6728 6729
6730 6731 6728
6731 6730 6732
6731 6732 6733
6734 6733 6732
6734 6735 6733
6736 6735 6734
6736 6737 6735
6738 6737 6736
6738 6739 6737
6740 6741 6742
6740 6743 6741
6744 6743 6740
6744 6745 6743
6746 6745 6744
6746 6747 6745
6748 6747 6746
6748 6749 6747
6750 6749 6748
6750 6751 6749
6752 6751 6750
6752 6753 6751
6754 6753 6752
6754 6755 6753
6756 6755 6754
6756 6757 6755
6758 6759 6760
6758 6761 6759
6759 6761 6762
6759 6762 6763
6762 6764 6763
6762 6765 6764
6765 6766 6764
6765 6767 6766
6767 6768 6766
6767 6769 6768
6769 6770 6768
6769 6771 6770
6770 6771 6772
6770 6772 6773
6773 6772 6774
6775 6776 6777
6778 6776 6775
6779 6780 6781
6779 6782 6780
6780 6782 6783
6780 6783 6784
6783 6785 6784
6783 6786 6785
6786 6787 6785
6786 6788 6787
6788 6789 6787
6788 6790 6789
6790 6791 6789
6790 6792 6791
6791 6792 6793
6791 6793 6794
6794 6793 6795
6796 6797 6798
6796 6799 6797
6800 6801 6802
6802 6801 6803
6802 6803 6804
6802 6804 6805
6804 6806 6805
6804 6807 6806
6807 6808 6806
6807 6809 6808
6808 6809 6810
6809 6811 6810
6810 6812 6813
6810 6813 6814
6815 6814 6813
6815 6813 6816
6817 6815 6816
6817 6818 6815
6819 6818 6817
6819 6817 6820
6819 6820 6821
6822 6819 6821
6823 6824 6825
6823 6825 6826
6826 6825 6827
6826 6827 6828
6829 6828 6827
6829 6830 6828
6829 6831 6830
6829 6832 6831
6832 6833 6831
6834 6835 6836
6834 6836 6837
6834 6837 6838
6834 6838 6839
6840 6839 6838
6840 6841 6839
6842 6841 6840
6843 6844 6845
6846 6843 6845
6846 6847 6843
6847 6846 6848
6847 6848 6849
6850 6851 6852
6850 6852 6853
6852 6854 6853
6852 6855 6854
6854 6855 6856
6854 6856 6857
6857 6856 6858
6857 6858 6859
6859 6858 6860
6859 6860 6861
6861 6860 6862
6861 6862 6863
6862 6864 6863
6862 6865 6864
6865 6866 6864
6867 6868 6869
6870 6867 6869
6871 6872 6873
6871 6873 6874
6873 6875 6874
6873 6876 6875
6875 6876 6877
6875 6877 6878
6878 6877 6879
6878 6879 6880
6880 6879 6881
6880 6881 6882
6882 6881 6883
6882 6883 6884
6883 6885 6884
6883 6886 6885
6886 6887 6885
6888 6889 6890
6888 6890 6891
6892 6893 6894
6892 6895 6893
6895 6896 6893
6895 6897 6896
6898 6896 6897
6898 6897 6899
6899 6900 6898
6899 6901 6900
6901 6902 6900
6903 6904 6905
6903 6905 6906
6907 6903 6906
6907 6908 6903
6909 6908 6907
6909 6907 6910
6911 6909 6910
6912 6913 6914
6915 6913 6912
6915 6912 6916
6916 6917 6915
6916 6918 6917
6919 6920 6921
6919 6921 6922
6921 6923 6922
6921 6924 6923
6923 6924 6925
6923 6925 6926
6926 6925 6927
6926 6927 6928
6928 6927 6929
6928 6929 6930
6930 6929 6931
6930 6931 6932
6931 6933 6932
6931 6934 6933
6934 6935 6933
6936 6937 6938
6939 6936 6938
6940 6941 6942
6940 6942 6943
6942 6944 6943
6942 6945 6944
6944 6945 6946
6944 6946 6947
6947 6946 6948
6947 6948 6949
6949 6948 6950
6949 6950 6951
6951 6950 6952
6951 6952 6953
6952 6954 6953
6952 6955 6954
6955 6956 6954
6957 6958 6959
6957 6959 6960
6961 6962 6963
6962 6964 6963
6962 6965 6964
6962 6966 6965
6965 6966 6967
6965 6967 6968
6968 6967 6969
6968 6969 6970
6971 6970 6969
6971 6972 6970
6973 6974 6975
6973 6976 6974
6976 6977 6974
6976 6978 6977
6979 6977 6978
6979 6978 6980
6979 6980 6981
6979 6981 6982
6982 6981 6983
6984 6985 6986
6984 6987 6985
6984 6988 6987
6984 6989 6988
6990 6988 6989
6990 6989 6991
6992 6990 6991
6993 6994 6995
6996 6994 6993
6996 6993 6997
6997 6998 6996
6997 6999 6998
7000 7001 7002
7000 7003 7001
7001 7003 7004
7001 7004 7005
7004 7006 7005
7004 7007 7006
7007 7008 7006
7007 7009 7008
7009 7010 7008
7009 7011 7010
7011 7012 7010
7011 7013 7012
7012 7013 7014
7012 7014 7015
7015 7014 7016
7017 7018 7019
7020 7018 7017
7021 7022 7023
7021 7024 7022
7022 7024 7025
7022 7025 7026
7025 7027 7026
7025 7028 7027
7028 7029 7027
7028 7030 7029
7030 7031 7029
7030 7032 7031
7032 7033 7031
7032 7034 7033
7033 7034 7035
7033 7035 7036
7036 7035 7037
7038 7039 7040
7038 7041 7039
7042 7043 7044
7044 7043 7045
7044 7045 7046
7044 7046 7047
7046 7048 7047
7046 7049 7048
7048 7049 7050
7048 7050 7051
7051 7050 7052
7050 7053 7052
7054 7055 7056
7054 7056 7057
7057 7056 7058
7057 7058 7059
7060 7059 7058
7060 7061 7059
7061 7060 7062
7061 7062 7063
7063 7062 7064
7065 7066 7067
7065 7068 7066
7069 7068 7065
7069 7065 7070
7071 7069 7070
7071 7072 7069
7073 7072 7071
7074 7075 7076
7077 7074 7076
7077 7078 7074
7078 7077 7079
7078 7079 7080
7081 7082 7083
7084 7082 7081
7084 7081 7085
7084 7085 7086
7084 7086 7087
7086 7088 7087
7086 7089 7088
7090 7091 7092
7090 7093 7091
7090 7094 7093
7090 7095 7094
7095 7096 7094
7095 7097 7096
7096 7097 7098
7096 7098 7099
7100 7099 7098
7100 7098 7101
7100 7101 7102
7100 7102 7103
7102 7104 7103
7102 7105 7104
7104 7105 7106
7104 7106 7107
7108 7109 7110
7108 7111 7109
7109 7111 7112
7109 7112 7113
7114 7115 7116
7114 7116 7117
7117 7118 7114
7117 7119 7118
7120 7118 7119
7120 7121 7118
7122 7121 7120
7122 7123 7121
7123 7122 7124
7123 7124 7125
7126 7127 7128
7126 7129 7127
7130 7127 7129
7130 7129 7131
7131 7132 7130
7131 7133 7132
7132 7133 7134
7132 7134 7135
7136 7135 7134
7136 7137 7135
7138 7137 7136
7138 7136 7139
7140 7138 7139
7140 7141 7138
7141 7140 7142
7141 7142 7143
7144 7143 7142
7144 7145 7143
7144 7146 7145
7144 7147 7146
7147 7148 7146
7147 7149 7148
7150 7148 7149
7150 7149 7151
7150 7151 7152
7150 7152 7153
7154 7153 7152
7154 7152 7155
7156 7154 7155
7156 7157 7154
7158 7157 7156
7158 7159 7157
7158 7160 7159
7158 7161 7160
7160 7161 7162
7160 7162 7163
7164 7163 7162
7164 7165 7163
7166 7165 7164
7166 7167 7165
7168 7167 7166
7168 7169 7167
7170 7169 7168
7171 7165 7167
7171 7167 7169
7170 7172 7169
7173 7172 7170
7173 7170 7174
7175 7173 7174
7175 7176 7173
7176 7175 7177
7176 7177 7178
7179 7178 7177
7179 7177 7180
7180 7181 7179
7180 7182 7181
7181 7182 7183
7181 7183 7184
7185 7184 7183
7185 7186 7184
7187 7186 7185
7188 7189 7190
7188 7191 7189
7191 7188 7192
7191 7192 7193
7192 7194 7193
7192 7195 7194
7194 7195 7196
7194 7196 7197
7196 7198 7197
7196 7199 7198
7198 7199 7200
7198 7200 7201
7201 7200 7202
7201 7202 7203
7204 7203 7202
7204 7205 7203
7204 7206 7205
7204 7207 7206
7208 7206 7207
7208 7209 7206
7210 7209 7208
7210 7211 7209
7212 7211 7210
7212 7213 7211
7214 7213 7212
7214 7212 7215
7214 7215 7216
7214 7216 7217
7218 7217 7216
7218 7216 7219
7220 7218 7219
7220 7219 7221
7221 7222 7220
7221 7223 7222
7222 7223 7224
7222 7224 7225
7225 7224 7226
7225 7226 7227
7226 7228 7227
7226 7229 7228
7230 7228 7229
7230 7231 7228
7231 7230 7232
7231 7232 7233
7233 7232 7234
7233 7234 7235
7236 7235 7234
7236 7234 7237
7238 7236 7237
7238 7239 7236
7238 7240 7239
7239 7240 7241
7239 7241 7242
7239 7242 7243
7244 7243 7242
7244 7242 7245
7246 7244 7245
7246 7245 7247
7246 7247 7248
7246 7248 7249
7250 7251 7252
7250 7253 7251
7254 7251 7253
7254 7253 7255
7256 7254 7255
7256 7257 7254
7258 7257 7256
7258 7259 7257
7260 7261 7262
7260 7263 7261
7263 7264 7261
7263 7265 7264
7266 7264 7265
7266 7267 7264
7268 7267 7266
7268 7266 7269
7268 7269 7270
7271 7272 7273
7271 7274 7272
7271 7275 7274
7276 7275 7271
7272 7274 7277
7272 7277 7278
7277 7279 7278
7274 7280 7277
7274 7275 7280
7275 7281 7280
7280 7281 7282
7277 7283 7279
7280 7283 7277
7282 7283 7280
7284 7279 7283
7283 7282 7285
7283 7285 7286
7284 7283 7286
7286 7287 7284
7288 7275 7276
7288 7276 7289
7290 7288 7289
7290 7289 7291
7292 7288 7290
7293 7275 7288
7275 7293 7281
7292 7294 7288
7293 7288 7294
7294 7292 7295
7296 7293 7294
7296 7281 7293
7294 7295 7297
7296 7294 7297
7297 7295 7298
7297 7298 7299
7298 7300 7299
7299 7300 7301
7302 7296 7297
7302 7297 7299
7299 7301 7303
7303 7302 7299
7304 7303 7301
7281 7296 7305
7302 7305 7296
7304 7306 7303
7307 7302 7303
7303 7306 7307
7302 7308 7305
7307 7308 7302
7308 7309 7305
7281 7305 7310
7305 7309 7310
7311 7308 7307
7311 7309 7308
7304 7312 7306
7304 7313 7312
7314 7312 7313
7307 7306 7315
7315 7311 7307
7306 7316 7315
7306 7312 7316
7314 7317 7312
7318 7317 7314
7315 7319 7311
7319 7315 7316
7320 7316 7312
7320 7312 7317
7318 7321 7317
7317 7321 7320
7322 7321 7318
7322 7323 7321
7324 7323 7322
7319 7325 7311
7311 7325 7309
7319 7316 7326
7320 7326 7316
7320 7321 7327
7321 7323 7327
7324 7328 7323
7328 7324 7329
7328 7329 7330
7330 7329 7331
7332 7323 7328
7332 7328 7330
7330 7331 7333
7334 7333 7331
7319 7326 7335
7319 7335 7325
7320 7336 7326
7320 7327 7336
7327 7323 7337
7332 7337 7323
7338 7327 7337
7336 7327 7338
7336 7339 7326
7335 7326 7339
7332 7330 7340
7340 7330 7333
7332 7341 7337
7338 7337 7341
7336 7338 7342
7342 7339 7336
7332 7343 7341
7340 7343 7332
7344 7338 7341
7344 7341 7343
7342 7338 7344
7340 7345 7343
7344 7343 7345
7346 7342 7344
7344 7345 7346
7347 7339 7342
7346 7347 7342
7345 7340 7348
7340 7333 7348
7349 7346 7345
7345 7348 7349
7349 7350 7346
7348 7350 7349
7346 7350 7347
7347 7351 7339
7351 7335 7339
7352 7348 7333
7348 7352 7350
7347 7350 7353
7353 7351 7347
7353 7350 7352
7351 7354 7335
7354 7325 7335
7352 7333 7355
7334 7355 7333
7356 7355 7334
7353 7357 7351
7351 7357 7354
7353 7352 7358
7358 7352 7355
7358 7357 7353
7356 7359 7355
7358 7355 7359
7360 7359 7356
7354 7361 7325
7361 7309 7325
7361 7362 7309
7354 7357 7363
7361 7354 7363
7358 7364 7357
7364 7363 7357
7365 7358 7359
7360 7365 7359
7365 7364 7358
7361 7363 7366
7366 7362 7361
7364 7367 7363
7367 7364 7365
7367 7366 7363
7368 7365 7360
7367 7365 7368
7368 7360 7369
7369 7165 7368
7368 7165 7171
7370 7367 7368
7370 7366 7367
7370 7368 7171
7366 7371 7362
7366 7370 7371
7372 7370 7171
7171 7169 7372
7373 7372 7169
7371 7370 7374
7374 7370 7372
7373 7375 7372
7375 7374 7372
7375 7373 7376
7374 7377 7371
7377 7362 7371
7375 7376 7378
7378 7376 7379
7380 7374 7375
7380 7377 7374
7378 7380 7375
7378 7379 7381
7382 7381 7379
7378 7383 7380
7378 7381 7383
7380 7384 7377
7383 7384 7380
7377 7385 7362
7385 7377 7384
7382 7386 7381
7383 7381 7387
7386 7387 7381
7382 7388 7386
7382 7389 7388
7384 7383 7390
7390 7383 7387
7391 7387 7386
7391 7386 7388
7392 7387 7391
7393 7388 7389
7389 7394 7393
7395 7393 7394
7391 7388 7396
7396 7392 7391
7396 7388 7393
7395 7397 7393
7397 7395 7398
7396 7393 7399
7397 7399 7393
7397 7398 7400
7400 7398 7401
7400 7401 7402
7400 7403 7397
7397 7403 7399
7404 7399 7403
7402 7405 7400
7400 7405 7403
7405 7404 7403
7402 7406 7405
7406 7404 7405
7406 7407 7404
7404 7407 7408
7404 7408 7409
7410 7404 7409
7404 7410 7399
7410 7409 7411
7412 7399 7410
7412 7410 7411
7396 7399 7412
7412 7411 7413
7396 7412 7392
7392 7412 7413
7392 7413 7414
7287 7392 7414
7287 7415 7392
7415 7387 7392
7286 7415 7287
7390 7387 7415
7286 7390 7415
7285 7390 7286
7285 7384 7390
7285 7416 7384
7384 7416 7385
7285 7417 7416
7417 7385 7416
7285 7418 7417
7417 7419 7385
7285 7420 7418
7385 7419 7421
7385 7421 7362
7282 7420 7285
7362 7421 7422
7362 7422 7309
7282 7423 7420
7309 7422 7310
7282 7424 7423
7310 7422 7425
7426 7424 7282
7426 7310 7425
7426 7427 7424
7426 7425 7427
7426 7282 7281
7310 7426 7281
7428 7429 7430
7428 7431 7429
7431 7432 7429
7428 7433 7431
7428 7434 7433
7435 7433 7434
7431 7436 7432
7431 7437 7436
7436 7438 7432
7436 7439 7438
7437 7439 7436
7439 7440 7438
7439 7441 7440
7441 7439 7442
7443 7442 7439
7437 7443 7439
7444 7442 7443
7437 7444 7443
7444 7445 7442
7445 7444 7446
7445 7446 7447
7448 7446 7444
7448 7444 7437
7449 7446 7448
7448 7450 7449
7437 7451 7448
7448 7451 7450
7437 7452 7451
7431 7452 7437
7431 7433 7452
7433 7451 7452
7453 7450 7451
7433 7453 7451
7453 7454 7450
7435 7453 7433
7455 7454 7453
7455 7453 7435
7456 7457 7458
7456 7459 7457
7460 7459 7456
7460 7456 7461
7461 7462 7460
7461 7463 7462
7462 7463 7464
7462 7464 7465
7466 7467 7468
7469 7466 7468
7469 7470 7466
7469 7471 7470
7469 7472 7471
7471 7472 7473
7471 7473 7474
7475 7476 7477
7475 7477 7478
7475 7478 7479
7475 7479 7480
7480 7479 7481
7480 7481 7482
7481 7483 7482
7481 7484 7483
7485 7483 7484
7485 7486 7483
7485 7487 7486
7485 7488 7487
7487 7488 7489
7487 7489 7490
7489 7491 7490
7489 7492 7491
7493 7494 7495
7493 7495 7496
7495 7497 7496
7495 7498 7497
7499 7500 7501
7499 7502 7500
7502 7499 7503
7502 7503 7504
7505 7504 7503
7505 7503 7506
7507 7505 7506
7507 7506 7508
7508 7509 7507
7508 7510 7509
7511 7512 7513
7511 7513 7514
7515 7514 7513
7515 7516 7514
7516 7515 7517
7516 7517 7518
7517 7519 7518
7517 7520 7519
7521 7519 7520
7521 7520 7522
7523 7521 7522
7523 7524 7521
7525 7524 7523
7525 7523 7526
7526 7527 7525
7526 7528 7527
7529 7527 7528
7529 7528 7530
7529 7530 7531
7529 7531 7532
7532 7531 7533
7532 7533 7534
7535 7534 7533
7535 7536 7534
7535 7537 7536
7535 7538 7537
7539 7537 7538
7539 7540 7537
7541 7540 7539
7541 7539 7542
7543 7541 7542
7543 7542 7544
7543 7544 7545
7543 7545 7546
7545 7547 7546
7545 7548 7547
7549 7547 7548
7549 7548 7550
7551 7549 7550
7551 7550 7552
7553 7551 7552
7553 7552 7554
7555 7553 7554
7556 7552 7550
7556 7554 7552
7555 7554 7557
7558 7555 7557
7558 7559 7555
7560 7559 7558
7560 7558 7561
7561 7562 7560
7561 7563 7562
7564 7562 7563
7564 7565 7562
7565 7564 7566
7565 7566 7567
7566 7568 7567
7566 7569 7568
7570 7568 7569
7570 7569 7571
7572 7570 7571
7573 7574 7575
7573 7575 7576
7576 7577 7573
7576 7578 7577
7577 7578 7579
7577 7579 7580
7579 7581 7580
7579 7582 7581
7581 7582 7583
7581 7583 7584
7583 7585 7584
7583 7586 7585
7586 7587 7585
7586 7588 7587
7589 7587 7588
7589 7588 7590
7589 7590 7591
7589 7591 7592
7593 7592 7591
7593 7591 7594
7595 7593 7594
7595 7594 7596
7597 7595 7596
7597 7596 7598
7599 7597 7598
7599 7600 7597
7599 7601 7600
7599 7602 7601
7603 7601 7602
7603 7604 7601
7605 7604 7603
7605 7606 7604
7606 7605 7607
7606 7607 7608
7607 7609 7608
7607 7610 7609
7610 7611 7609
7610 7612 7611
7611 7612 7613
7611 7613 7614
7615 7614 7613
7615 7613 7616
7616 7617 7615
7616 7618 7617
7618 7619 7617
7618 7620 7619
7621 7619 7620
7621 7622 7619
7623 7622 7621
7623 7621 7624
7623 7624 7625
7624 7626 7625
7624 7627 7626
7624 7628 7627
7629 7627 7628
7629 7630 7627
7631 7630 7629
7631 7632 7630
7631 7633 7632
7631 7634 7633
7635 7636 7637
7635 7637 7638
7639 7638 7637
7639 7640 7638
7641 7640 7639
7641 7639 7642
7643 7641 7642
7643 7642 7644
7645 7646 7647
7645 7647 7648
7648 7647 7649
7648 7649 7650
7651 7650 7649
7651 7649 7652
7653 7651 7652
7653 7654 7651
7653 7655 7654
7656 7657 7658
7656 7658 7659
7656 7659 7660
7661 7656 7660
7658 7662 7659
7658 7663 7662
7662 7663 7664
7659 7662 7665
7659 7665 7660
7660 7665 7666
7665 7667 7666
7662 7664 7668
7665 7662 7668
7667 7665 7668
7669 7668 7664
7668 7670 7667
7668 7671 7670
7669 7671 7668
7671 7669 7672
7673 7661 7660
7673 7674 7661
7675 7674 7673
7675 7676 7674
7677 7675 7673
7678 7673 7660
7660 7666 7678
7677 7673 7679
7678 7679 7673
7679 7680 7677
7681 7679 7678
7681 7678 7666
7679 7682 7680
7681 7682 7679
7682 7683 7680
7682 7684 7683
7683 7684 7685
7684 7686 7685
7687 7682 7681
7687 7684 7682
7684 7688 7686
7688 7684 7687
7689 7686 7688
7666 7690 7681
7687 7681 7690
7689 7688 7691
7692 7688 7687
7688 7692 7691
7687 7690 7693
7692 7687 7693
7693 7690 7694
7666 7695 7690
7690 7695 7694
7696 7692 7693
7696 7693 7694
7689 7691 7697
7689 7697 7698
7699 7698 7697
7692 7700 7691
7700 7692 7696
7691 7700 7701
7691 7701 7697
7699 7697 7702
7703 7699 7702
7700 7696 7704
7704 7701 7700
7705 7702 7697
7705 7697 7701
7703 7702 7706
7702 7705 7706
7707 7703 7706
7707 7706 7708
7709 7707 7708
7704 7696 7710
7696 7694 7710
7704 7711 7701
7705 7701 7711
7705 7712 7706
7706 7712 7708
7709 7708 7713
7713 7714 7709
7713 7715 7714
7715 7716 7714
7717 7713 7708
7717 7715 7713
7715 7718 7716
7719 7716 7718
7704 7710 7720
7704 7720 7711
7705 7711 7721
7705 7721 7712
7712 7722 7708
7717 7708 7722
7723 7722 7712
7721 7723 7712
7721 7711 7724
7720 7724 7711
7717 7725 7715
7725 7718 7715
7717 7722 7726
7723 7726 7722
7721 7727 7723
7727 7721 7724
7717 7726 7728
7725 7717 7728
7729 7726 7723
7729 7728 7726
7727 7729 7723
7725 7728 7730
7729 7730 7728
7731 7729 7727
7729 7731 7730
7732 7727 7724
7731 7727 7732
7730 7733 7725
7725 7733 7718
7734 7730 7731
7730 7734 7733
7734 7731 7735
7733 7734 7735
7731 7732 7735
7732 7724 7736
7736 7724 7720
7737 7718 7733
7733 7735 7737
7732 7738 7735
7738 7732 7736
7738 7737 7735
7736 7720 7739
7739 7720 7710
7737 7740 7718
7719 7718 7740
7741 7719 7740
7738 7736 7742
7736 7739 7742
7738 7743 7737
7743 7740 7737
7743 7738 7742
7741 7740 7744
7743 7744 7740
7745 7741 7744
7739 7710 7746
7746 7710 7694
7746 7694 7747
7739 7748 7742
7746 7748 7739
7743 7742 7749
7749 7742 7748
7750 7744 7743
7745 7744 7750
7750 7743 7749
7746 7751 7748
7751 7746 7747
7749 7748 7752
7752 7750 7749
7752 7748 7751
7753 7745 7750
7752 7753 7750
7753 7754 7745
7754 7753 7550
7753 7556 7550
7755 7753 7752
7755 7752 7751
7755 7556 7753
7751 7747 7756
7751 7756 7755
7757 7556 7755
7556 7757 7554
7758 7554 7757
7756 7759 7755
7759 7757 7755
7758 7757 7760
7760 7757 7759
7760 7761 7758
7759 7756 7762
7762 7756 7747
7760 7763 7761
7763 7764 7761
7765 7760 7759
7765 7759 7762
7763 7760 7765
7763 7766 7764
7767 7764 7766
7763 7765 7768
7763 7768 7766
7765 7762 7769
7768 7765 7769
7762 7747 7770
7770 7769 7762
7767 7766 7771
7768 7772 7766
7771 7766 7772
7767 7771 7773
7767 7773 7774
7769 7775 7768
7775 7772 7768
7776 7771 7772
7776 7773 7771
7777 7776 7772
7778 7774 7773
7774 7778 7779
7780 7779 7778
7776 7781 7773
7781 7776 7777
7781 7778 7773
7780 7778 7782
7782 7783 7780
7781 7784 7778
7782 7778 7784
7782 7785 7783
7785 7786 7783
7785 7787 7786
7785 7782 7788
7782 7784 7788
7789 7788 7784
7787 7785 7790
7785 7788 7790
7790 7788 7789
7787 7790 7791
7791 7790 7789
7791 7789 7792
7789 7793 7792
7789 7794 7793
7795 7794 7789
7789 7784 7795
7795 7796 7794
7797 7795 7784
7797 7796 7795
7781 7797 7784
7797 7798 7796
7781 7777 7797
7777 7798 7797
7777 7799 7798
7672 7799 7777
7672 7777 7800
7800 7777 7772
7671 7672 7800
7775 7800 7772
7671 7800 7775
7670 7671 7775
7670 7775 7769
7670 7769 7801
7769 7770 7801
7670 7801 7802
7802 7801 7770
7670 7802 7803
7802 7770 7804
7670 7803 7805
7770 7806 7804
7770 7747 7806
7667 7670 7805
7747 7807 7806
7747 7694 7807
7667 7805 7808
7694 7695 7807
7667 7808 7809
7695 7810 7807
7811 7667 7809
7811 7810 7695
7811 7666 7667
7695 7666 7811
7811 7809 7812
7811 7812 7810
7813 7814 7815
7813 7815 7816
7816 7815 7817
7813 7816 7818
7813 7818 7819
7820 7819 7818
7816 7817 7821
7816 7821 7822
7821 7817 7823
7821 7823 7824
7822 7821 7824
7824 7823 7825
7824 7825 7826
7826 7827 7824
7828 7824 7827
7822 7824 7828
7829 7828 7827
7822 7828 7829
7829 7827 7830
7830 7831 7829
7830 7832 7831
7833 7829 7831
7833 7822 7829
7834 7833 7831
7833 7834 7835
7822 7833 7836
7833 7835 7836
7822 7836 7837
7816 7822 7837
7816 7837 7818
7818 7837 7836
7838 7836 7835
7818 7836 7838
7838 7835 7839
7820 7818 7838
7840 7838 7839
7840 7820 7838
7841 7842 7843
7841 7843 7844
7845 7841 7844
7845 7846 7841
7846 7845 7847
7846 7847 7848
7847 7849 7848
7847 7850 7849
7851 7852 7853
7851 7853 7854
7855 7851 7854
7856 7854 7853
7856 7853 7857
7858 7856 7857
7855 7854 7859
7855 7859 7860
7858 7861 7856
7861 7858 7862
7863 7854 7856
7863 7859 7854
7861 7863 7856
7859 7864 7860
7865 7860 7864
7859 7863 7866
7859 7866 7864
7867 7865 7864
7867 7868 7865
7866 7869 7864
7869 7867 7864
7867 7869 7870
7867 7871 7868
7867 7870 7871
7871 7872 7868
7871 7873 7872
7873 7871 7870
7874 7872 7873
7866 7875 7869
7870 7869 7875
7876 7866 7863
7866 7876 7875
7876 7863 7877
7861 7877 7863
7878 7877 7861
7876 7877 7878
7878 7861 7879
7861 7862 7879
7880 7879 7862
7880 7862 7881
7882 7880 7881
7883 7878 7879
7883 7879 7880
7876 7878 7884
7883 7884 7878
7885 7875 7876
7885 7876 7884
7883 7886 7884
7886 7885 7884
7880 7887 7883
7886 7883 7887
7882 7888 7880
7880 7888 7887
7882 7889 7888
7889 7887 7888
7882 7890 7889
7891 7875 7885
7891 7870 7875
7892 7870 7891
7892 7893 7870
7873 7870 7893
7873 7893 7894
7894 7893 7892
7873 7894 7895
7874 7873 7895
7874 7895 7896
7874 7896 7897
7898 7897 7896
7895 7899 7896
7895 7894 7899
7898 7896 7900
7900 7896 7899
7901 7898 7900
7885 7902 7891
7892 7891 7903
7902 7903 7891
7885 7904 7902
7886 7904 7885
7905 7904 7886
7905 7886 7887
7906 7902 7904
7905 7906 7904
7907 7902 7906
7907 7903 7902
7907 7906 7905
7905 7887 7908
7889 7908 7887
7909 7907 7905
7905 7908 7909
7910 7908 7889
7910 7889 7890
7909 7908 7911
7910 7911 7908
7912 7911 7910
7912 7910 7913
7913 7910 7890
7914 7913 7890
7914 7915 7913
7915 7912 7913
7916 7915 7914
7916 7912 7915
7916 7914 7917
7918 7916 7917
7909 7911 7919
7912 7919 7911
7909 7920 7907
7909 7919 7921
7920 7909 7921
7919 7922 7921
7923 7919 7912
7919 7923 7922
7924 7907 7920
7907 7924 7903
7920 7921 7925
7922 7925 7921
7924 7920 7926
7926 7920 7925
7927 7903 7924
7927 7924 7926
7926 7925 7928
7922 7928 7925
7927 7929 7903
7892 7903 7929
7928 7930 7926
7927 7926 7930
7892 7929 7931
7929 7927 7932
7929 7932 7931
7927 7930 7933
7927 7933 7932
7928 7934 7930
7933 7930 7934
7892 7931 7935
7894 7892 7935
7894 7935 7936
7894 7936 7899
7935 7931 7937
7935 7937 7936
7931 7932 7938
7931 7938 7937
7936 7937 7939
7938 7939 7937
7940 7899 7936
7936 7939 7940
7932 7941 7938
7932 7933 7941
7940 7942 7899
7900 7899 7942
7940 7943 7942
7943 7900 7942
7938 7944 7939
7941 7944 7938
7939 7945 7940
7940 7945 7943
7943 7946 7900
7901 7900 7946
7947 7901 7946
7947 7948 7901
7949 7948 7947
7950 7946 7943
7950 7947 7946
7947 7950 7951
7949 7947 7952
7947 7951 7952
7952 7953 7949
7954 7950 7943
7954 7943 7945
7951 7950 7954
7952 7955 7953
7951 7955 7952
7955 7956 7953
7945 7957 7954
7951 7954 7958
7958 7954 7957
7945 7959 7957
7939 7959 7945
7959 7939 7944
7960 7957 7959
7959 7944 7960
7955 7961 7956
7961 7962 7956
7962 7963 7956
7964 7963 7962
7964 7965 7963
7965 7964 7966
7965 7966 7967
7968 7966 7964
7968 7964 7969
7969 7964 7962
7969 7970 7968
7969 7962 7971
7970 7969 7971
7962 7961 7971
7972 7970 7971
7973 7972 7971
7973 7971 7974
7961 7974 7971
7955 7974 7961
7955 7975 7974
7951 7975 7955
7974 7975 7976
7951 7976 7975
7951 7958 7976
7958 7977 7976
7978 7976 7977
7958 7979 7977
7958 7957 7979
7979 7957 7980
7960 7980 7957
7979 7980 7981
7981 7977 7979
7960 7982 7980
7982 7981 7980
7960 7983 7982
7983 7960 7944
7983 7944 7984
7985 7983 7984
7941 7984 7944
7985 7984 7941
7986 7982 7983
7985 7986 7983
7987 7985 7941
7933 7987 7941
7933 7988 7987
7933 7934 7988
7985 7987 7989
7988 7989 7987
7990 7988 7934
7990 7934 7928
7988 7991 7989
7990 7991 7988
7990 7928 7992
7922 7992 7928
7993 7991 7990
7992 7993 7990
7992 7922 7994
7992 7995 7993
7992 7994 7995
7994 7922 7996
7996 7922 7923
7993 7997 7991
7991 7998 7989
7991 7997 7998
7999 7993 7995
7997 7993 7999
7997 7999 8000
7997 8000 8001
7997 8001 7998
7999 7995 8002
8003 7998 8001
7995 8004 8002
8003 8005 7998
7989 7998 8005
8005 8003 8006
7995 8007 8004
7995 7994 8007
8008 8004 8007
7994 8008 8007
7994 8009 8008
7994 7996 8009
8010 8008 8009
7989 8005 8011
7985 7989 8011
8005 8006 8012
8012 8011 8005
8013 7985 8011
8012 8013 8011
8013 7986 7985
8014 8012 8006
8013 8012 8014
8014 8006 8015
8009 7996 8016
8016 7996 7923
7986 8013 8017
8013 8014 8017
8018 8014 8015
8018 8015 8019
8014 8018 8020
8014 8020 8017
8019 8021 8018
8020 8018 8021
8019 8022 8021
8022 8023 8021
7986 8017 8024
7986 8024 7982
8025 8021 8023
8023 8026 8025
8027 8024 8017
8027 8017 8020
8028 7982 8024
8028 8024 8027
7982 8028 7981
8029 8020 8021
8025 8029 8021
8030 8020 8029
8027 8020 8030
8025 8030 8029
8027 8031 8028
8031 7981 8028
8027 8030 8032
8027 8032 8031
8031 8033 7981
7981 8033 7977
8032 8034 8031
8034 8033 8031
8035 8032 8030
8032 8035 8034
8034 8035 8036
8034 8036 8037
8034 8038 8033
7977 8033 8038
8034 8037 8038
7977 8038 8037
8037 7978 7977
8025 8039 8030
8039 8035 8030
7978 8037 8040
8036 8040 8037
8025 8041 8039
8026 8041 8025
8026 8042 8041
8026 8043 8042
8044 8035 8039
8035 8044 8036
8041 8045 8039
8042 8045 8041
8039 8046 8044
8044 8046 8036
8039 8045 8046
8045 8047 8046
8046 8047 8036
8048 7978 8040
8048 8049 7978
8048 8050 8049
8051 8050 8048
8052 8051 8048
8053 8052 8048
8053 8048 8040
8052 8053 8054
8053 8040 8055
8055 8054 8053
8040 8036 8055
8055 8056 8054
8057 8055 8036
8056 8055 8057
8047 8057 8036
8056 8057 8058
8059 8058 8057
8059 8057 8060
8047 8060 8057
8061 8059 8060
8061 8060 8062
8047 8063 8060
8062 8060 8063
8064 8061 8062
8065 8061 8064
8066 8065 8064
8067 8062 8063
8067 8064 8062
8047 8068 8063
8067 8063 8068
8069 8068 8047
8045 8069 8047
8042 8069 8045
8069 8070 8068
8067 8068 8070
8070 8069 8071
8071 8067 8070
8042 8071 8069
8071 8072 8067
8064 8067 8072
8042 8072 8071
8066 8064 8073
8064 8072 8073
8066 8073 8074
8072 8074 8073
8042 8074 8072
8066 8074 8075
8075 8074 8076
8077 8074 8042
8077 8076 8074
8077 8042 8043
8078 8076 8077
8078 8077 8043
8079 8080 8081
8082 8079 8081
8082 8081 8083
8084 8082 8083
8084 8085 8082
8086 8085 8084
8086 8084 8087
8088 8089 8090
8088 8090 8091
8088 8091 8092
8088 8092 8093
8092 8094 8093
8092 8095 8094
8095 8096 8094
8095 8097 8096
8096 8097 8098
8096 8098 8099
8099 8098 8100
8099 8100 8101
8102 8101 8100
8102 8103 8101
8104 8103 8102
8104 8105 8103
8105 8104 8106
8105 8106 8107
8108 8107 8106
8108 8109 8107
8108 8110 8109
8111 8110 8108
8112 8111 8108
8112 8113 8111
8114 8113 8112
8114 8115 8113
8116 8115 8114
8116 8114 8117
8117 8118 8116
8119 8116 8118
8120 8121 8122
8120 8123 8121
8124 8121 8123
8124 8125 8121
8125 8124 8126
8125 8126 8127
8128 8127 8126
8128 8126 8129
8128 8129 8130
8128 8130 8131
8132 8131 8130
8132 8133 8131
8134 8133 8132
8134 8135 8133
8135 8134 8136
8135 8136 8137
8138 8137 8136
8138 8136 8139
8140 8138 8139
8140 8141 8138
8142 8141 8140
8142 8140 8143
8144 8142 8143
8144 8143 8145
8145 8146 8144
8145 8147 8146
8147 8148 8146
8147 8149 8148
8150 8151 8152
8150 8153 8151
8150 8154 8153
8154 8155 8153
8153 8155 8156
8157 8153 8156
8157 8156 8158
8157 8158 8159
8159 8160 8157
8159 8161 8160
8161 8159 8162
8161 8162 8163
8163 8162 8164
8163 8164 8165
8165 8164 8166
8165 8166 8167
8168 8167 8166
8168 8166 8169
8170 8168 8169
8170 8169 8171
8171 8172 8170
8171 8173 8172
8173 8174 8172
8173 8175 8174
8176 8174 8175
8176 8177 8174
8176 8178 8177
8176 8179 8178
8179 8180 8178
8179 8181 8180
8179 8182 8181
8181 8183 8180
8183 8184 8180
8185 8186 8187
8188 8185 8187
8188 8189 8185
8190 8185 8189
8189 8191 8190
8189 8192 8191
8193 8189 8188
8189 8194 8192
8193 8194 8189
8194 8195 8192
8193 8196 8194
8194 8196 8195
8193 8197 8196
8196 8198 8195
8199 8196 8197
8196 8200 8198
8199 8200 8196
8200 8201 8198
8202 8200 8199
8200 8203 8201
8202 8203 8200
8203 8204 8201
8203 8205 8204
8202 8206 8203
8203 8206 8205
8202 8207 8206
8206 8208 8205
8207 8209 8206
8208 8206 8210
8206 8209 8210
8211 8212 8213
8211 8214 8212
8214 8215 8212
8214 8216 8215
8216 8217 8215
8216 8218 8217
8217 8218 8219
8217 8219 8220
8219 8221 8220
8219 8222 8221
8219 8223 8222
8222 8223 8224
8223 8225 8224
8223 8226 8225
8225 8226 8227
8225 8227 8228
8227 8229 8228
8227 8230 8229
8231 8229 8230
8231 8230 8232
8231 8232 8233
8231 8233 8234
8233 8235 8234
8233 8236 8235
8235 8236 8237
8235 8237 8238
8239 8238 8237
8239 8240 8238
8241 8242 8243
8241 8244 8242
8245 8242 8244
8244 8241 8246
8241 8247 8246
8241 8248 8247
8248 8249 8247
8249 8250 8247
8251 8244 8246
8251 8252 8244
8252 8251 8253
8254 8252 8253
8254 8253 8255
8254 8255 8256
8257 8244 8252
8245 8244 8257
8254 8257 8252
8245 8257 8258
8254 8258 8257
8259 8258 8254
8245 8258 8260
8260 8258 8259
8260 8259 8261
8262 8261 8259
8263 8254 8256
8259 8254 8263
8264 8263 8256
8259 8263 8264
8264 8256 8265
8265 8266 8264
8265 8267 8266
8268 8266 8267
8259 8264 8269
8262 8259 8269
8266 8269 8264
8262 8269 8270
8266 8270 8269
8262 8270 8271
8272 8271 8270
8266 8272 8270
8272 8273 8271
8268 8274 8266
8266 8274 8272
8268 8275 8274
8273 8272 8276
8274 8276 8272
8273 8276 8277
8276 8278 8277
8275 8279 8274
8274 8279 8276
8276 8280 8278
8279 8280 8276
8281 8278 8280
8281 8282 8278
8283 8282 8281
8284 8283 8281
8284 8281 8285
8275 8286 8279
8279 8286 8280
8275 8287 8286
8288 8280 8286
8287 8288 8286
8288 8281 8280
8287 8289 8288
8290 8288 8289
8291 8285 8281
8291 8281 8288
8290 8291 8288
8291 8292 8285
8290 8293 8291
8291 8293 8292
8290 8294 8293
8295 8292 8293
8296 8293 8294
8295 8293 8296
8296 8294 8297
8295 8296 8298
8298 8296 8297
8295 8298 8299
8298 8297 8300
8297 8301 8300
8302 8300 8301
8303 8304 8305
8305 8304 8306
8305 8306 8307
8307 8306 8308
8307 8308 8309
8309 8308 8310
8309 8310 8311
8311 8310 8312
8311 8312 8313
8314 8315 8316
8314 8316 8317
8314 8317 8318
8314 8318 8319
8320 8319 8318
8320 8321 8319
8322 8321 8320
8322 8323 8321
8324 8323 8322
8324 8322 8325
8326 8324 8325
8326 8325 8327
8328 8326 8327
8328 8327 8329
8329 8330 8328
8329 8331 8330
8331 8332 8330
8333 8334 8335
8333 8335 8336
8336 8335 8337
8336 8337 8338
8338 8337 8339
8338 8339 8340
8340 8339 8341
8340 8341 8342
8342 8341 8343
8342 8343 8344
8343 8345 8344
8343 8346 8345
8347 8348 8349
8347 8349 8350
8350 8349 8351
8350 8351 8352
8353 8354 8355
8353 8355 8356
8356 8355 8357
8356 8357 8358
8358 8357 8359
8358 8359 8360
8360 8359 8361
8360 8361 8362
8362 8361 8363
8362 8363 8364
8364 8363 8365
8364 8365 8366
8367 8366 8365
8368 8369 8370
8371 8368 8370
8371 8372 8368
8371 8373 8372
8371 8374 8373
8373 8374 8375
8373 8375 8376
8377 8376 8375
8377 8378 8376
8379 8378 8377
8379 8380 8378
8381 8380 8379
8381 8382 8380
8383 8382 8381
8383 8384 8382
8385 8384 8383
8385 8386 8384
8387 8386 8385
8387 8388 8386
8389 8388 8387
8389 8390 8388
8389 8391 8390
8389 8392 8391
8391 8392 8393
8391 8393 8394
8394 8393 8395
8394 8395 8396
8396 8395 8397
8396 8397 8398
8398 8397 8399
8398 8399 8400
8400 8399 8401
8400 8401 8402
8402 8401 8403
8402 8403 8404
8404 8403 8405
8404 8405 8406
8406 8405 8407
8406 8407 8408
8408 8407 8409
8408 8409 8410
8410 8409 8411
8410 8411 8412
8412 8411 8413
8412 8413 8414
8415 8416 8413
8417 8415 8413
8417 8413 8418
8417 8418 8419
8419 8418 8420
8419 8420 8421
8422 8421 8420
8422 8420 8423
8424 8422 8423
8424 8423 8425
8426 8424 8425
8426 8427 8424
8427 8426 8428
8427 8428 8429
8429 8428 8430
8429 8430 8431
8432 8431 8430
8432 8433 8431
8434 8433 8432
8434 8435 8433
8436 8435 8434
8437 8436 8434
8438 8436 8437
8438 8439 8436
8440 8439 8438
8440 8441 8439
8441 8440 8442
8441 8442 8443
8444 8443 8442
8444 8445 8443
8446 8445 8444
8446 8447 8445
8448 8447 8446
8448 8446 8449
8448 8449 8450
8448 8450 8451
8452 8451 8450
8452 8453 8451
8454 8453 8452
8454 8452 8455
8455 8456 8454
8455 8457 8456
8457 8458 8456
8459 8456 8458
8459 8458 8460
8461 8459 8460
8461 8460 8462
8462 8463 8461
8464 8463 8462
8465 8466 8467
8468 8465 8467
8468 8467 8469
8468 8469 8470
8468 8470 8471
8471 8470 8472
8473 8469 8467
8473 8470 8469
8473 8467 8474
8473 8475 8470
8474 8476 8473
8475 8473 8476
8474 8477 8476
8474 8478 8477
8475 8476 8479
8475 8479 8480
8475 8480 8481
8481 8480 8482
8483 8484 8485
8483 8485 8486
8483 8486 8487
8485 8488 8486
8485 8489 8488
8489 8490 8488
8489 8491 8490
8491 8492 8490
8491 8493 8492
8493 8494 8492
8493 8495 8494
8495 8496 8494
8495 8497 8496
8496 8497 8498
8496 8498 8499
8499 8498 8500
8501 8499 8500
8501 8502 8499
8503 8496 8499
8503 8499 8502
8494 8496 8503
8503 8502 8504
8505 8492 8494
8494 8503 8505
8503 8504 8506
8505 8503 8506
8507 8506 8504
8508 8506 8507
8509 8508 8507
8505 8510 8492
8490 8492 8510
8505 8506 8511
8508 8511 8506
8505 8511 8512
8505 8512 8510
8512 8511 8508
8490 8510 8513
8512 8513 8510
8488 8490 8513
8488 8513 8514
8486 8488 8514
8512 8515 8513
8514 8513 8515
8486 8514 8516
8515 8516 8514
8487 8486 8516
8512 8508 8517
8512 8517 8515
8508 8518 8517
8518 8508 8509
8519 8518 8509
8519 8509 8520
8517 8518 8521
8521 8518 8519
8515 8517 8522
8517 8521 8522
8515 8522 8523
8515 8523 8516
8524 8519 8520
8524 8520 8525
8526 8524 8525
8527 8526 8525
8528 8519 8524
8526 8528 8524
8521 8519 8529
8528 8529 8519
8521 8530 8522
8523 8522 8530
8529 8531 8521
8521 8531 8530
8532 8529 8528
8529 8532 8531
8533 8516 8523
8523 8530 8534
8533 8523 8534
8535 8534 8530
8535 8530 8531
8533 8536 8516
8487 8516 8536
8487 8536 8537
8487 8537 8538
8539 8537 8536
8533 8539 8536
8539 8540 8537
8541 8533 8534
8535 8541 8534
8540 8539 8542
8540 8542 8543
8542 8544 8543
8539 8533 8545
8539 8545 8542
8541 8545 8533
8542 8546 8544
8545 8546 8542
8546 8547 8544
8541 8548 8545
8545 8548 8546
8546 8549 8547
8548 8549 8546
8550 8547 8549
8541 8551 8548
8535 8551 8541
8548 8552 8549
8551 8552 8548
8550 8549 8553
8549 8552 8554
8549 8554 8553
8550 8553 8555
8554 8555 8553
8550 8555 8556
8555 8557 8556
8551 8558 8552
8558 8554 8552
8535 8559 8551
8559 8558 8551
8560 8559 8535
8535 8531 8560
8531 8561 8560
8531 8532 8561
8560 8562 8559
8561 8562 8560
8559 8563 8558
8562 8563 8559
8558 8564 8554
8563 8564 8558
8554 8565 8555
8565 8554 8564
8566 8561 8532
8532 8528 8566
8567 8555 8565
8555 8567 8557
8557 8567 8568
8557 8568 8569
8568 8570 8569
8571 8566 8528
8526 8571 8528
8567 8565 8572
8572 8568 8567
8565 8564 8573
8565 8574 8572
8565 8573 8574
8575 8573 8564
8563 8575 8564
8574 8573 8576
8575 8576 8573
8577 8575 8563
8562 8577 8563
8578 8577 8562
8561 8578 8562
8579 8578 8561
8566 8579 8561
8579 8566 8580
8571 8580 8566
8572 8574 8581
8574 8576 8582
8581 8574 8582
8576 8583 8582
8575 8584 8576
8576 8584 8583
8577 8585 8575
8575 8585 8584
8578 8586 8577
8586 8585 8577
8579 8587 8578
8587 8586 8578
8584 8585 8588
8586 8588 8585
8572 8581 8589
8572 8589 8568
8583 8584 8590
8584 8588 8590
8590 8588 8591
8586 8592 8588
8587 8592 8586
8591 8588 8592
8593 8587 8579
8579 8580 8593
8594 8592 8587
8593 8594 8587
8580 8595 8593
8595 8594 8593
8594 8596 8592
8591 8592 8596
8597 8596 8594
8595 8597 8594
8580 8598 8595
8598 8580 8571
8591 8596 8599
8597 8599 8596
8600 8597 8595
8598 8600 8595
8598 8571 8601
8601 8571 8526
8602 8599 8597
8600 8602 8597
8603 8598 8601
8598 8604 8600
8603 8604 8598
8604 8605 8600
8605 8604 8603
8606 8602 8600
8600 8605 8606
8601 8526 8607
8601 8608 8603
8601 8607 8608
8603 8608 8609
8605 8603 8610
8603 8609 8610
8607 8526 8611
8526 8527 8611
8608 8607 8612
8607 8611 8612
8613 8605 8610
8606 8605 8613
8611 8527 8614
8527 8615 8614
8616 8614 8615
8617 8611 8614
8616 8617 8614
8617 8612 8611
8618 8617 8616
8618 8619 8617
8619 8618 8620
8621 8617 8619
8617 8621 8612
8622 8621 8619
8622 8612 8621
8622 8619 8623
8622 8624 8612
8608 8612 8624
8609 8608 8624
8623 8625 8622
8625 8624 8622
8625 8609 8624
8623 8626 8625
8625 8626 8627
8627 8609 8625
8627 8628 8609
8628 8627 8629
8609 8628 8630
8609 8630 8610
8631 8630 8628
8613 8610 8630
8631 8632 8630
8632 8613 8630
8633 8632 8631
8633 8634 8632
8635 8613 8632
8634 8635 8632
8634 8636 8635
8606 8613 8635
8635 8636 8637
8638 8606 8635
8635 8637 8638
8638 8639 8606
8606 8639 8602
8637 8640 8638
8638 8640 8639
8637 8641 8640
8639 8642 8602
8602 8642 8599
8641 8643 8640
8641 8644 8643
8640 8645 8639
8639 8645 8642
8640 8643 8645
8599 8642 8646
8646 8642 8645
8644 8647 8643
8644 8648 8647
8649 8645 8643
8646 8645 8649
8649 8643 8647
8648 8650 8647
8648 8651 8650
8650 8651 8652
8647 8653 8649
8653 8646 8649
8647 8650 8653
8599 8646 8654
8591 8599 8654
8650 8652 8655
8656 8655 8652
8654 8646 8657
8653 8657 8646
8658 8591 8654
8654 8657 8658
8659 8653 8650
8659 8650 8655
8656 8660 8655
8661 8660 8656
8662 8657 8653
8662 8653 8659
8663 8659 8655
8663 8655 8660
8662 8659 8663
8661 8664 8660
8661 8665 8664
8666 8657 8662
8666 8658 8657
8658 8667 8591
8590 8591 8667
8662 8663 8668
8668 8666 8662
8669 8663 8660
8669 8660 8664
8668 8663 8669
8664 8665 8670
8671 8670 8665
8658 8672 8667
8658 8666 8672
8673 8590 8667
8673 8667 8672
8583 8590 8673
8674 8672 8666
8673 8672 8674
8668 8675 8666
8674 8666 8675
8664 8676 8669
8664 8670 8676
8677 8670 8671
8677 8671 8678
8676 8670 8679
8679 8670 8677
8677 8680 8679
8677 8678 8681
8677 8681 8680
8681 8678 8682
8681 8682 8683
8683 8680 8681
8684 8683 8682
8676 8679 8685
8680 8685 8679
8686 8669 8676
8676 8685 8686
8686 8687 8669
8668 8669 8687
8688 8668 8687
8686 8688 8687
8688 8675 8668
8689 8675 8688
8689 8674 8675
8686 8690 8688
8689 8688 8690
8691 8686 8685
8691 8690 8686
8689 8690 8692
8692 8690 8691
8674 8689 8693
8692 8693 8689
8694 8685 8680
8694 8691 8685
8695 8694 8680
8674 8693 8696
8673 8674 8696
8673 8696 8697
8697 8696 8693
8673 8697 8583
8695 8680 8698
8683 8698 8680
8683 8699 8698
8699 8695 8698
8683 8700 8699
8684 8700 8683
8684 8701 8700
8684 8702 8701
8703 8701 8702
8700 8701 8704
8700 8704 8699
8703 8705 8701
8705 8704 8701
8706 8705 8703
8707 8583 8697
8707 8697 8708
8697 8693 8708
8709 8583 8707
8582 8583 8709
8710 8709 8707
8711 8709 8710
8582 8709 8711
8581 8582 8711
8581 8711 8710
8712 8708 8693
8712 8693 8692
8707 8708 8713
8710 8707 8713
8714 8713 8708
8712 8714 8708
8581 8710 8715
8589 8581 8715
8589 8715 8716
8568 8589 8716
8712 8692 8717
8692 8691 8717
8691 8718 8717
8691 8694 8718
8712 8717 8719
8719 8717 8718
8720 8712 8719
8720 8719 8718
8714 8712 8720
8718 8694 8721
8720 8718 8721
8695 8721 8694
8716 8715 8722
8710 8722 8715
8716 8722 8723
8724 8722 8710
8723 8722 8724
8725 8716 8723
8568 8716 8725
8568 8725 8570
8570 8725 8726
8725 8723 8726
8570 8726 8727
8727 8726 8723
8570 8727 8728
8727 8723 8729
8723 8724 8729
8729 8724 8730
8724 8710 8731
8731 8730 8724
8710 8713 8731
8714 8731 8713
8732 8727 8729
8732 8728 8727
8732 8729 8730
8714 8733 8731
8731 8733 8730
8734 8733 8714
8714 8720 8734
8732 8735 8728
8728 8735 8736
8737 8736 8735
8737 8735 8732
8737 8738 8736
8739 8738 8737
8740 8737 8732
8740 8732 8730
8730 8733 8741
8734 8741 8733
8742 8734 8720
8720 8721 8742
8739 8737 8743
8740 8743 8737
8730 8741 8744
8730 8744 8740
8745 8741 8734
8742 8745 8734
8745 8744 8741
8746 8742 8721
8746 8745 8742
8747 8739 8743
8747 8748 8739
8747 8749 8748
8740 8750 8743
8750 8740 8744
8744 8745 8751
8746 8751 8745
8747 8752 8749
8753 8749 8752
8743 8754 8747
8743 8750 8754
8754 8752 8747
8750 8744 8755
8744 8751 8755
8753 8752 8756
8756 8757 8753
8754 8758 8752
8758 8756 8752
8750 8759 8754
8750 8755 8759
8759 8758 8754
8760 8755 8751
8760 8759 8755
8746 8760 8751
8759 8761 8758
8760 8761 8759
8762 8758 8761
8758 8763 8756
8762 8763 8758
8756 8764 8757
8764 8756 8763
8760 8765 8761
8761 8765 8762
8746 8766 8760
8766 8765 8760
8767 8757 8764
8767 8768 8757
8764 8763 8769
8769 8763 8762
8769 8767 8764
8770 8766 8746
8746 8721 8770
8695 8770 8721
8770 8771 8766
8695 8771 8770
8766 8772 8765
8771 8772 8766
8695 8773 8771
8699 8773 8695
8773 8774 8771
8771 8774 8772
8699 8775 8773
8773 8775 8774
8699 8704 8775
8772 8774 8776
8775 8776 8774
8765 8772 8777
8772 8776 8777
8778 8775 8704
8775 8778 8776
8765 8777 8779
8765 8779 8762
8762 8779 8780
8780 8779 8777
8778 8704 8781
8705 8781 8704
8778 8781 8782
8782 8781 8705
8776 8778 8783
8778 8782 8783
8784 8777 8776
8776 8783 8784
8784 8785 8777
8780 8777 8785
8762 8780 8786
8769 8762 8786
8783 8787 8784
8785 8784 8787
8785 8788 8780
8786 8780 8788
8786 8789 8769
8769 8789 8767
8782 8705 8790
8706 8790 8705
8791 8783 8782
8783 8791 8787
8792 8790 8706
8792 8706 8793
8794 8792 8793
8795 8782 8790
8791 8782 8795
8795 8790 8792
8796 8791 8795
8792 8796 8795
8794 8797 8792
8792 8797 8796
8797 8794 8798
8797 8798 8799
8796 8797 8799
8799 8798 8800
8801 8787 8791
8796 8801 8791
8799 8800 8802
8802 8800 8803
8803 8800 8804
8805 8803 8804
8805 8804 8806
8806 8807 8805
8806 8808 8807
8809 8805 8807
8809 8810 8805
8810 8803 8805
8810 8809 8811
8810 8812 8803
8811 8812 8810
8803 8812 8802
8813 8812 8811
8814 8812 8813
8814 8815 8812
8802 8812 8815
8799 8802 8815
8799 8815 8816
8796 8799 8816
8815 8817 8816
8796 8816 8817
8796 8817 8801
8801 8817 8818
8819 8818 8817
8801 8818 8820
8801 8820 8787
8820 8821 8787
8785 8787 8821
8785 8821 8788
8820 8822 8821
8822 8820 8818
8788 8821 8822
8788 8822 8823
8823 8824 8788
8786 8788 8824
8786 8824 8789
8823 8825 8824
8825 8789 8824
8826 8823 8822
8825 8823 8826
8822 8818 8827
8826 8822 8827
8825 8828 8789
8767 8789 8828
8767 8828 8829
8829 8768 8767
8829 8830 8768
8830 8829 8831
8828 8831 8829
8830 8831 8832
8832 8831 8833
8834 8833 8831
8833 8834 8835
8836 8831 8828
8834 8831 8836
8837 8836 8828
8825 8837 8828
8834 8836 8837
8825 8838 8837
8825 8826 8838
8838 8826 8839
8839 8826 8827
8840 8837 8838
8838 8839 8840
8839 8841 8840
8839 8842 8841
8839 8827 8843
8839 8843 8842
8818 8843 8827
8818 8842 8843
8842 8818 8819
8834 8837 8844
8844 8837 8840
8819 8845 8842
8841 8842 8845
8834 8844 8846
8835 8834 8846
8835 8846 8847
8835 8847 8848
8849 8844 8840
8840 8841 8849
8846 8844 8850
8847 8846 8850
8844 8849 8851
8849 8841 8851
8844 8851 8850
8850 8851 8852
8851 8841 8852
8853 8845 8819
8853 8819 8854
8853 8854 8855
8856 8853 8855
8857 8853 8856
8858 8853 8857
8858 8845 8853
8857 8859 8858
8858 8860 8845
8860 8858 8859
8845 8860 8841
8860 8859 8861
8862 8841 8860
8861 8862 8860
8852 8841 8862
8861 8863 8862
8864 8862 8863
8864 8865 8862
8852 8862 8865
8866 8865 8864
8866 8867 8865
8852 8865 8868
8867 8868 8865
8869 8867 8866
8870 8869 8866
8871 8869 8870
8872 8868 8867
8872 8867 8869
8852 8868 8873
8872 8873 8868
8874 8852 8873
8850 8852 8874
8847 8850 8874
8874 8873 8875
8872 8875 8873
8875 8876 8874
8876 8875 8872
8847 8874 8876
8876 8872 8877
8869 8877 8872
8847 8876 8877
8871 8878 8869
8869 8878 8877
8871 8879 8878
8877 8878 8879
8847 8877 8879
8871 8880 8879
8880 8881 8879
8882 8847 8879
8882 8879 8881
8882 8848 8847
8883 8882 8881
8883 8848 8882
8884 8885 8886
8884 8887 8885
8887 8888 8885
8884 8889 8887
8887 8889 8890
8887 8891 8888
8890 8891 8887
8891 8892 8888
8891 8893 8892
8893 8894 8892
8890 8895 8891
8895 8893 8891
8893 8896 8894
8896 8897 8894
8895 8898 8893
8898 8896 8893
8899 8898 8895
8890 8899 8895
8898 8900 8896
8900 8898 8899
8896 8901 8897
8901 8896 8900
8897 8901 8902
8897 8902 8903
8902 8904 8903
8902 8905 8904
8906 8904 8905
8907 8906 8905
8907 8905 8908
8907 8908 8909
8910 8905 8902
8910 8908 8905
8911 8910 8902
8911 8902 8901
8909 8908 8912
8909 8912 8913
8908 8914 8912
8913 8912 8915
8916 8912 8914
8916 8915 8912
8917 8911 8901
8911 8917 8918
8901 8900 8917
8918 8917 8900
8915 8916 8919
8919 8916 8920
8915 8919 8921
8922 8919 8920
8918 8900 8923
8924 8918 8923
8900 8899 8923
8923 8899 8924
8921 8919 8925
8922 8925 8919
8921 8925 8926
8925 8927 8926
8927 8925 8922
8927 8922 8928
8927 8928 8929
8924 8899 8930
8890 8930 8899
8924 8930 8931
8924 8931 8932
8933 8930 8890
8933 8934 8930
8931 8930 8934
8931 8934 8935
8931 8935 8936
8931 8936 8932
8932 8936 8937
8932 8937 8938
8939 8938 8937
8939 8940 8938
8940 8939 8941
8933 8890 8942
8933 8942 8943
8889 8942 8890
8943 8942 8944
8889 8944 8942
8943 8944 8945
8889 8946 8944
8940 8941 8947
8940 8947 8948
8949 8947 8941
8949 8941 8950
8951 8948 8947
8951 8947 8949
8952 8948 8951
8953 8949 8950
8953 8950 8954
8953 8954 8955
8956 8952 8951
8957 8952 8956
8949 8958 8951
8949 8953 8958
8959 8958 8953
8960 8951 8958
8960 8956 8951
8959 8960 8958
8953 8955 8961
8959 8953 8961
8961 8955 8962
8959 8961 8962
8955 8963 8962
8964 8962 8963
8959 8962 8964
8965 8959 8964
8964 8963 8966
8966 8965 8964
8967 8965 8966
8968 8956 8960
8957 8956 8968
8960 8959 8969
8965 8969 8959
8960 8969 8970
8968 8960 8970
8971 8957 8968
8957 8971 8972
8971 8973 8972
8974 8970 8969
8965 8974 8969
8975 8974 8965
8967 8976 8965
8976 8975 8965
8629 8976 8967
8629 8977 8976
8977 8975 8976
8977 8978 8975
8975 8978 8979
8980 8968 8970
8974 8980 8970
8980 8974 8975
8980 8971 8968
8975 8979 8981
8980 8975 8981
8971 8980 8981
8981 8979 8982
8971 8981 8983
8981 8982 8983
8971 8983 8973
8973 8983 8982
8973 8982 8620
8984 8985 8986
8984 8986 8987
8987 8986 8988
8987 8988 8989
8989 8988 8990
8989 8990 8991
8991 8990 8992
8991 8992 8993
8993 8992 8994
8993 8994 8995
8995 8994 8996
8995 8996 8997
8997 8996 8998
8997 8998 8999
8999 8998 9000
8999 9000 9001
9001 9000 9002
9001 9002 9003
9003 9002 9004
9003 9004 9005
9005 9004 9006
9005 9006 9007
9007 9006 9008
9007 9008 9009
9009 9008 9010
9009 9010 9011
9011 9010 9012
9011 9012 9013
9013 9012 9014
9013 9014 9015
9015 9014 9016
9015 9016 9017
9017 9016 9018
9017 9018 9019
9019 9018 9020
9019 9020 9021
9021 9020 9022
9021 9022 9023
9023 9022 9024
9023 9024 9025
9025 9024 9026
9025 9026 9027
9027 9026 9028
9027 9028 9029
9029 9028 9030
9029 9030 9031
9031 9030 9032
9031 9032 9033
9033 9032 9034
9033 9034 9035
9035 9034 9036
9035 9036 9037
9037 9036 9038
9037 9038 9039
9039 9038 9040
9039 9040 9041
9042 9043 9044
9042 9045 9043
9042 9046 9045
9047 9045 9046
9047 9048 9045
9049 9048 9047
9049 9050 9048
9050 9049 9051
9052 9053 9054
9055 9053 9052
9055 9052 9056
9057 9055 9056
9057 9058 9055
9059 9058 9057
9059 9057 9060
9059 9060 9061
9059 9061 9062
9061 9063 9062
9061 9064 9063
9064 9065 9063
9064 9066 9065
9067 9065 9066
9067 9068 9065
9069 9068 9067
9069 9067 9070
9071 9072 9073
9072 9071 9074
9072 9074 9075
9075 9074 9076
9075 9076 9077
9077 9076 9078
9079 9080 9081
9082 9080 9079
9082 9083 9080
9084 9082 9079
9085 9084 9079
9084 9086 9082
9087 9082 9086
9087 9086 9088
9089 9087 9088
9090 9087 9089
9091 9083 9082
9083 9091 9092
9093 9092 9091
9091 9094 9093
9091 9082 9095
9087 9095 9082
9091 9096 9094
9095 9096 9091
9094 9096 9097
9090 9098 9087
9099 9098 9090
9087 9100 9095
9095 9100 9096
9087 9098 9100
9097 9096 9101
9100 9101 9096
9102 9100 9098
9099 9102 9098
9100 9103 9101
9102 9103 9100
9104 9102 9099
9103 9102 9105
9105 9102 9104
9104 9099 9106
9106 9099 9107
9108 9106 9107
9108 9109 9106
9109 9108 9110
9109 9110 9111
9111 9110 9112
9104 9106 9113
9114 9106 9109
9114 9113 9106
9115 9109 9111
9115 9114 9109
9111 9112 9116
9115 9111 9116
9105 9104 9117
9104 9113 9117
9112 9118 9116
9112 9119 9118
9120 9118 9119
9120 9121 9118
9122 9121 9120
9123 9121 9122
9118 9121 9123
9123 9122 9124
9125 9116 9118
9118 9123 9125
9126 9123 9124
9126 9124 9127
9128 9123 9126
9128 9125 9123
9129 9125 9128
9125 9130 9116
9129 9130 9125
9115 9116 9130
9115 9130 9129
9115 9129 9131
9114 9115 9131
9114 9131 9132
9133 9114 9132
9133 9113 9114
9134 9113 9133
9134 9117 9113
9135 9117 9134
9135 9105 9117
9136 9105 9135
9136 9135 9137
9103 9105 9136
9138 9103 9136
9138 9101 9103
9139 9138 9136
9139 9136 9140
9141 9138 9139
9101 9138 9142
9141 9142 9138
9143 9142 9141
9143 9141 9144
9145 9143 9144
9101 9142 9146
9143 9146 9142
9097 9101 9146
9147 9097 9146
9143 9147 9146
9147 9148 9097
9149 9148 9147
9149 9147 9150
9150 9147 9143
9151 9149 9150
9145 9152 9143
9150 9143 9152
9152 9145 9153
9152 9153 9154
9154 9150 9152
9155 9154 9153
9151 9150 9156
9154 9156 9150
9155 9157 9154
9157 9156 9154
9158 9157 9155
9159 9151 9156
9157 9159 9156
9159 9160 9151
9161 9160 9159
9161 9159 9162
9157 9162 9159
9162 9163 9161
9158 9164 9157
9157 9164 9162
9165 9164 9158
9165 9166 9164
9166 9162 9164
9167 9166 9165
9167 9168 9166
9162 9169 9163
9166 9169 9162
9168 9169 9166
9163 9169 9170
9168 9170 9169
9171 9172 9173
9171 9174 9172
9172 9174 9175
9172 9175 9176
9177 9176 9175
9177 9175 9178
9175 9174 9179
9178 9175 9179
9179 9180 9181
9180 9182 9181
9180 9183 9182
9180 9184 9183
9180 9179 9185
9180 9185 9184
9186 9184 9185
9186 9185 9187
9188 9189 9190
9188 9190 9191
9191 9192 9188
9191 9193 9192
9194 9192 9193
9194 9195 9192
9196 9195 9194
9196 9194 9197
9198 9199 9200
9198 9201 9199
9202 9201 9198
9202 9198 9203
9204 9202 9203
9204 9203 9205
9205 9206 9204
9205 9207 9206
9208 9206 9207
9208 9209 9206
9210 9209 9208
9210 9208 9211
9212 9213 9214
9212 9214 9215
9216 9212 9215
9216 9215 9217
9218 9216 9217
9218 9219 9216
9219 9218 9220
9219 9220 9221
9222 9223 9224
9225 9224 9223
9225 9226 9224
9226 9227 9224
9228 9229 9230
9228 9230 9231
9228 9231 9232
9231 9233 9232
9231 9234 9233
9235 9233 9234
9235 9234 9236
9237 9235 9236
9237 9238 9235
9239 9238 9237
9239 9240 9238
9241 9242 9243
9244 9241 9243
9244 9243 9245
9246 9241 9244
9247 9241 9246
9246 9244 9248
9249 9248 9244
9249 9250 9248
9251 9250 9249
9252 9251 9249
9253 9244 9245
9245 9254 9253
9255 9253 9254
9253 9255 9256
9253 9257 9244
9249 9244 9257
9253 9256 9258
9257 9253 9258
9256 9259 9258
9252 9249 9260
9261 9252 9260
9249 9257 9262
9257 9258 9262
9249 9262 9260
9259 9263 9258
9262 9258 9263
9264 9260 9262
9261 9260 9264
9262 9263 9265
9264 9262 9265
9266 9261 9264
9265 9267 9264
9267 9266 9264
9266 9268 9261
9268 9269 9261
9270 9269 9268
9270 9268 9271
9271 9272 9270
9271 9273 9272
9273 9274 9272
9266 9275 9268
9276 9271 9268
9276 9268 9275
9277 9273 9271
9277 9271 9276
9273 9278 9274
9277 9278 9273
9267 9279 9266
9266 9279 9275
9274 9278 9280
9274 9280 9281
9282 9281 9280
9282 9280 9283
9284 9282 9283
9285 9284 9283
9280 9285 9283
9285 9286 9284
9287 9280 9278
9280 9287 9285
9288 9286 9285
9288 9289 9286
9290 9288 9285
9290 9285 9287
9291 9290 9287
9287 9278 9292
9291 9287 9292
9277 9292 9278
9277 9291 9292
9277 9293 9291
9276 9293 9277
9276 9294 9293
9295 9294 9276
9295 9276 9275
9296 9295 9275
9296 9275 9279
9297 9296 9279
9297 9279 9267
9298 9297 9267
9298 9299 9297
9265 9298 9267
9300 9298 9265
9300 9265 9263
9301 9298 9300
9301 9302 9298
9303 9301 9300
9263 9304 9300
9303 9300 9304
9305 9303 9304
9305 9306 9303
9307 9306 9305
9263 9308 9304
9305 9304 9308
9259 9308 9263
9309 9308 9259
9305 9308 9309
9309 9259 9310
9311 9309 9310
9311 9312 9309
9312 9305 9309
9313 9312 9311
9307 9305 9314
9312 9314 9305
9314 9315 9307
9314 9316 9315
9316 9314 9312
9317 9315 9316
9313 9318 9312
9316 9312 9318
9317 9316 9319
9319 9316 9318
9320 9317 9319
9321 9318 9313
9319 9318 9321
9321 9313 9322
9323 9321 9322
9323 9324 9321
9319 9321 9324
9324 9323 9325
9320 9319 9326
9319 9324 9326
9327 9320 9326
9327 9326 9328
9328 9326 9324
9329 9327 9328
9329 9328 9330
9324 9325 9331
9328 9324 9331
9330 9328 9331
9325 9332 9331
9330 9331 9332
9333 9334 9335
9333 9335 9336
9335 9337 9336
9335 9338 9337
9339 9337 9338
9339 9340 9337
9337 9341 9336
9340 9341 9337
9341 9342 9343
9343 9342 9344
9343 9344 9345
9343 9345 9346
9343 9347 9341
9343 9346 9347
9348 9347 9346
9348 9349 9347
9350 9351 9352
9350 9353 9351
9353 9350 9354
9353 9354 9355
9356 9355 9354
9356 9354 9357
9358 9356 9357
9358 9359 9356
9360 9361 9362
9360 9362 9363
9364 9360 9363
9364 9365 9360
9366 9365 9364
9366 9367 9365
9367 9366 9368
9367 9368 9369
9370 9369 9368
9370 9368 9371
9372 9370 9371
9372 9373 9370
9374 9375 9376
9374 9377 9375
9378 9377 9374
9378 9379 9377
9380 9379 9378
9380 9378 9381
9381 9382 9380
9381 9383 9382
9384 9385 9386
9387 9386 9385
9387 9385 9388
9388 9385 9389
9390 9391 9392
9390 9393 9391
9390 9394 9393
9393 9394 9395
9393 9395 9396
9397 9396 9395
9397 9398 9396
9399 9398 9397
9399 9397 9400
9401 9399 9400
9401 9400 9402
9403 9404 9405
9403 9406 9404
9407 9406 9403
9406 9408 9404
9407 9409 9406
9410 9409 9407
9406 9411 9408
9409 9411 9406
9411 9412 9408
9410 9413 9409
9414 9413 9410
9409 9415 9411
9413 9415 9409
9411 9416 9412
9415 9416 9411
9416 9417 9412
9414 9418 9413
9419 9418 9414
9413 9420 9415
9418 9420 9413
9416 9421 9417
9421 9422 9417
9415 9423 9416
9420 9423 9415
9423 9421 9416
9419 9424 9418
9425 9424 9419
9418 9426 9420
9424 9426 9418
9420 9427 9423
9426 9427 9420
9423 9428 9421
9427 9428 9423
9421 9429 9422
9428 9429 9421
9425 9430 9424
9431 9430 9425
9424 9432 9426
9430 9432 9424
9426 9433 9427
9432 9433 9426
9427 9434 9428
9433 9434 9427
9431 9435 9430
9436 9435 9431
9430 9437 9432
9435 9437 9430
9432 9438 9433
9437 9438 9432
9436 9439 9435
9440 9439 9436
9435 9441 9437
9439 9441 9435
9440 9442 9439
9443 9442 9440
9434 9444 9428
9428 9444 9429
9433 9445 9434
9438 9445 9433
9437 9446 9438
9441 9446 9437
9439 9447 9441
9442 9447 9439
9443 9448 9442
9449 9448 9443
9434 9450 9444
9445 9450 9434
9438 9451 9445
9446 9451 9438
9441 9452 9446
9447 9452 9441
9442 9453 9447
9448 9453 9442
9449 9454 9448
9455 9454 9449
9455 9456 9454
9454 9457 9448
9448 9457 9453
9456 9458 9454
9454 9458 9457
9456 9459 9458
9453 9460 9447
9447 9460 9452
9452 9461 9446
9446 9461 9451
9457 9462 9453
9453 9462 9460
9459 9463 9458
9459 9464 9463
9458 9465 9457
9457 9465 9462
9458 9463 9465
9460 9466 9452
9452 9466 9461
9464 9467 9463
9464 9468 9467
9462 9469 9460
9460 9469 9466
9463 9470 9465
9463 9467 9470
9465 9471 9462
9462 9471 9469
9465 9470 9471
9468 9472 9467
9468 9473 9472
9474 9472 9473
9467 9475 9470
9467 9472 9475
9470 9476 9471
9470 9475 9476
9471 9477 9469
9471 9476 9477
9469 9478 9466
9469 9477 9478
9474 9479 9472
9479 9475 9472
9480 9476 9475
9479 9480 9475
9481 9477 9476
9480 9481 9476
9474 9482 9479
9474 9483 9482
9479 9484 9480
9479 9482 9484
9483 9485 9482
9483 9486 9485
9466 9478 9487
9466 9487 9461
9488 9478 9477
9481 9488 9477
9480 9489 9481
9480 9484 9489
9482 9490 9484
9482 9485 9490
9486 9491 9485
9486 9492 9491
9493 9487 9478
9488 9493 9478
9461 9487 9494
9461 9494 9451
9484 9495 9489
9484 9490 9495
9485 9496 9490
9485 9491 9496
9492 9497 9491
9492 9498 9497
9498 9499 9497
9498 9500 9499
9497 9499 9501
9491 9497 9502
9497 9501 9502
9491 9502 9496
9502 9501 9503
9502 9503 9504
9496 9502 9504
9504 9503 9505
9490 9496 9506
9496 9504 9506
9490 9506 9495
9504 9505 9507
9506 9504 9507
9507 9505 9508
9495 9506 9509
9506 9507 9509
9507 9508 9510
9509 9507 9510
9510 9508 9511
9495 9509 9512
9489 9495 9512
9509 9510 9513
9512 9509 9513
9510 9511 9514
9513 9510 9514
9514 9511 9515
9489 9512 9516
9481 9489 9516
9481 9516 9488
9512 9513 9517
9516 9512 9517
9488 9516 9518
9516 9517 9518
9488 9518 9493
9513 9514 9519
9517 9513 9519
9514 9515 9520
9519 9514 9520
9520 9515 9521
9518 9517 9522
9517 9519 9522
9493 9518 9523
9518 9522 9523
9519 9520 9524
9522 9519 9524
9520 9521 9525
9524 9520 9525
9525 9521 9526
9522 9524 9527
9523 9522 9527
9493 9523 9528
9493 9528 9487
9528 9494 9487
9524 9525 9529
9527 9524 9529
9525 9526 9530
9529 9525 9530
9530 9526 9531
9528 9523 9532
9523 9527 9532
9528 9533 9494
9528 9532 9533
9527 9529 9534
9532 9527 9534
9529 9530 9535
9534 9529 9535
9530 9531 9536
9535 9530 9536
9536 9531 9537
9532 9534 9538
9533 9532 9538
9533 9539 9494
9451 9494 9539
9451 9539 9445
9445 9539 9450
9533 9540 9539
9540 9450 9539
9533 9538 9540
9534 9535 9541
9538 9534 9541
9535 9536 9542
9541 9535 9542
9536 9537 9543
9542 9536 9543
9543 9537 9544
9543 9544 9545
9546 9543 9545
9542 9543 9546
9546 9545 9547
9540 9548 9450
9548 9444 9450
9540 9538 9549
9538 9541 9549
9540 9549 9548
9541 9542 9550
9550 9542 9546
9549 9541 9550
9551 9546 9547
9550 9546 9551
9551 9547 9552
9549 9550 9553
9548 9549 9553
9553 9550 9551
9548 9554 9444
9548 9553 9554
9554 9429 9444
9555 9551 9552
9553 9551 9555
9554 9553 9555
9555 9552 9556
9554 9557 9429
9554 9555 9557
9557 9555 9556
9557 9422 9429
9557 9556 9558
9557 9558 9422
9559 9560 9561
9562 9560 9559
9563 9564 9565
9566 9564 9563
9566 9567 9564
9568 9567 9566
9568 9566 9569
9570 9568 9569
9570 9569 9571
9572 9570 9571
9572 9571 9573
9574 9572 9573
9574 9573 9575
9576 9574 9575
9576 9577 9574
9578 9577 9576
9578 9576 9579
9578 9579 9580
9578 9580 9581
9580 9582 9581
9580 9583 9582
9582 9583 9584
9582 9584 9585
9585 9584 9586
9585 9586 9587
9587 9586 9588
9587 9588 9589
9589 9588 9590
9589 9590 9591
9590 9592 9591
9590 9593 9592
9593 9594 9592
9595 9596 9597
9598 9596 9595
9598 9599 9596
9600 9599 9598
9600 9598 9601
9602 9600 9601
9602 9601 9603
9604 9602 9603
9604 9603 9605
9606 9604 9605
9606 9605 9607
9608 9606 9607
9608 9609 9606
9610 9609 9608
9610 9608 9611
9610 9611 9612
9610 9612 9613
9612 9614 9613
9612 9615 9614
9614 9615 9616
9614 9616 9617
9617 9616 9618
9617 9618 9619
9619 9618 9620
9619 9620 9621
9621 9620 9622
9621 9622 9623
9622 9624 9623
9622 9625 9624
9625 9626 9624
9627 9628 9629
9627 9630 9628
9631 9632 9633
9633 9632 9634
9633 9634 9635
9633 9635 9636
9635 9637 9636
9635 9638 9637
9638 9639 9637
9638 9640 9639
9639 9640 9641
9640 9642 9641
9641 9642 9643
9641 9643 9644
9645 9644 9643
9645 9643 9646
9647 9645 9646
9647 9648 9645
9649 9648 9647
9649 9647 9650
9649 9650 9651
9652 9649 9651
9653 9654 9655
9653 9655 9656
9656 9655 9657
9656 9657 9658
9659 9658 9657
9659 9660 9658
9659 9661 9660
9659 9662 9661
9662 9663 9661
9664 9665 9666
9664 9666 9667
9664 9667 9668
9664 9668 9669
9670 9669 9668
9670 9671 9669
9672 9671 9670
9673 9674 9675
9676 9673 9675
9676 9677 9673
9677 9676 9678
9677 9678 9679
9680 9681 9682
9683 9680 9682
9684 9685 9686
9684 9686 9687
9688 9689 9690
9688 9691 9689
9691 9692 9689
9691 9693 9692
9694 9692 9693
9694 9693 9695
9695 9696 9694
9695 9697 9696
9697 9698 9696
9699 9700 9701
9699 9701 9702
9703 9699 9702
9703 9704 9699
9705 9704 9703
9705 9703 9706
9707 9705 9706
9708 9709 9710
9711 9709 9708
9711 9708 9712
9712 9713 9711
9712 9714 9713
9715 9716 9717
9718 9715 9717
9719 9720 9721
9722 9719 9721
9722 9721 9723
9724 9722 9723
9724 9725 9722
9726 9725 9724
9726 9727 9725
9728 9727 9726
9728 9729 9727
9730 9729 9728
9730 9731 9729
9732 9731 9730
9732 9730 9733
9734 9732 9733
9734 9735 9732
9734 9736 9735
9734 9737 9736
9736 9737 9738
9736 9738 9739
9738 9740 9739
9738 9741 9740
9741 9742 9740
9741 9743 9742
9743 9744 9742
9743 9745 9744
9745 9746 9744
9745 9747 9746
9746 9747 9748
9746 9748 9749
9749 9748 9750
9751 9752 9753
9754 9751 9753
9754 9753 9755
9756 9754 9755
9756 9757 9754
9758 9757 9756
9758 9759 9757
9760 9759 9758
9760 9761 9759
9762 9761 9760
9762 9763 9761
9764 9763 9762
9764 9762 9765
9766 9764 9765
9766 9767 9764
9766 9768 9767
9766 9769 9768
9768 9769 9770
9768 9770 9771
9770 9772 9771
9770 9773 9772
9773 9774 9772
9773 9775 9774
9775 9776 9774
9775 9777 9776
9777 9778 9776
9777 9779 9778
9778 9779 9780
9778 9780 9781
9781 9780 9782
9783 9784 9785
9783 9785 9786
9787 9788 9789
9788 9790 9789
9788 9791 9790
9788 9792 9791
9791 9792 9793
9791 9793 9794
9794 9793 9795
9794 9795 9796
9797 9796 9795
9797 9798 9796
9799 9798 9797
9800 9799 9797
9801 9799 9800
9801 9802 9799
9803 9802 9801
9803 9801 9804
9805 9803 9804
9805 9806 9803
9805 9807 9806
9808 9807 9805
9809 9810 9811
9809 9812 9810
9812 9813 9810
9812 9814 9813
9815 9813 9814
9815 9814 9816
9815 9816 9817
9815 9817 9818
9818 9817 9819
9820 9821 9822
9820 9823 9821
9820 9824 9823
9820 9825 9824
9826 9824 9825
9826 9825 9827
9828 9826 9827
9829 9830 9831
9832 9830 9829
9832 9829 9833
9833 9834 9832
9833 9835 9834
9836 9837 9838
9839 9837 9836
9840 9841 9842
9840 9843 9841
9844 9845 9846
9844 9846 9847
9847 9846 9848
9847 9848 9849
9850 9849 9848
9850 9851 9849
9851 9850 9852
9851 9852 9853
9853 9852 9854
9855 9856 9857
9855 9858 9856
9859 9858 9855
9859 9855 9860
9861 9859 9860
9861 9862 9859
9863 9862 9861
9864 9865 9866
9867 9864 9866
9867 9868 9864
9868 9867 9869
9868 9869 9870
9871 9872 9873
9871 9873 9874
9873 9875 9874
9873 9876 9875
9875 9876 9877
9875 9877 9878
9878 9877 9879
9878 9879 9880
9880 9879 9881
9880 9881 9882
9882 9881 9883
9882 9883 9884
9883 9885 9884
9883 9886 9885
9886 9887 9885
9888 9889 9890
9891 9888 9890
9892 9893 9894
9892 9894 9895
9894 9896 9895
9894 9897 9896
9896 9897 9898
9896 9898 9899
9899 9898 9900
9899 9900 9901
9901 9900 9902
9901 9902 9903
9903 9902 9904
9903 9904 9905
9904 9906 9905
9904 9907 9906
9907 9908 9906
9909 9910 9911
9909 9911 9912
9913 9914 9915
9914 9916 9915
9914 9917 9916
9914 9918 9917
9917 9918 9919
9917 9919 9920
9920 9919 9921
9920 9921 9922
9923 9922 9921
9923 9924 9922
9925 9926 9927
9925 9928 9926
9928 9929 9926
9928 9930 9929
9931 9929 9930
9931 9930 9932
9931 9932 9933
9931 9933 9934
9934 9933 9935
9936 9937 9938
9936 9939 9937
9936 9940 9939
9936 9941 9940
9942 9940 9941
9942 9941 9943
9944 9942 9943
9945 9946 9947
9948 9946 9945
9948 9945 9949
9949 9950 9948
9949 9951 9950
9952 9953 9954
9952 9955 9953
9953 9955 9956
9953 9956 9957
9956 9958 9957
9956 9959 9958
9959 9960 9958
9959 9961 9960
9961 9962 9960
9961 9963 9962
9963 9964 9962
9963 9965 9964
9964 9965 9966
9964 9966 9967
9967 9966 9968
9969 9970 9971
9972 9970 9969
9973 9974 9975
9973 9976 9974
9974 9976 9977
9974 9977 9978
9977 9979 9978
9977 9980 9979
9980 9981 9979
9980 9982 9981
9982 9983 9981
9982 9984 9983
9984 9985 9983
9984 9986 9985
9985 9986 9987
9985 9987 9988
9988 9987 9989
9990 9991 9992
9990 9993 9991
9994 9995 9996
9996 9995 9997
9996 9997 9998
9996 9998 9999
9998 10000 9999
9998 10001 10000
10000 10001 10002
10000 10002 10003
10003 10002 10004
10002 10005 10004
10006 10007 10008
10006 10008 10009
10009 10008 10010
10009 10010 10011
10012 10011 10010
10012 10013 10011
10013 10012 10014
10013 10014 10015
10015 10014 10016
10017 10018 10019
10017 10020 10018
10021 10020 10017
10021 10017 10022
10023 10021 10022
10023 10024 10021
10025 10024 10023
10026 10027 10028
10029 10026 10028
10029 10030 10026
10030 10029 10031
10030 10031 10032
10033 10034 10035
10033 10036 10034
10034 10036 10037
10034 10037 10038
10037 10039 10038
10037 10040 10039
10040 10041 10039
10040 10042 10041
10042 10043 10041
10042 10044 10043
10044 10045 10043
10044 10046 10045
10045 10046 10047
10045 10047 10048
10048 10047 10049
10050 10051 10052
10053 10051 10050
10054 10055 10056
10054 10057 10055
10055 10057 10058
10055 10058 10059
10058 10060 10059
10058 10061 10060
10061 10062 10060
10061 10063 10062
10063 10064 10062
10063 10065 10064
10065 10066 10064
10065 10067 10066
10066 10067 10068
10066 10068 10069
10069 10068 10070
10071 10072 10073
10071 10074 10072
10075 10076 10077
10077 10076 10078
10077 10078 10079
10077 10079 10080
10079 10081 10080
10079 10082 10081
10082 10083 10081
10082 10084 10083
10083 10084 10085
10084 10086 10085
10087 10088 10089
10087 10089 10090
10090 10089 10091
10090 10091 10092
10093 10092 10091
10093 10094 10092
10093 10095 10094
10093 10096 10095
10096 10097 10095
10098 10099 10100
10098 10100 10101
10098 10101 10102
10098 10102 10103
10104 10103 10102
10104 10105 10103
10106 10105 10104
10107 10108 10109
10110 10107 10109
10110 10111 10107
10111 10110 10112
10111 10112 10113
10114 10115 10116
10114 10116 10117
10116 10118 10117
10116 10119 10118
10118 10119 10120
10118 10120 10121
10121 10120 10122
10121 10122 10123
10123 10122 10124
10123 10124 10125
10125 10124 10126
10125 10126 10127
10126 10128 10127
10126 10129 10128
10129 10130 10128
10131 10132 10133
10134 10131 10133
10135 10136 10137
10135 10137 10138
10137 10139 10138
10137 10140 10139
10139 10140 10141
10139 10141 10142
10142 10141 10143
10142 10143 10144
10144 10143 10145
10144 10145 10146
10146 10145 10147
10146 10147 10148
10147 10149 10148
10147 10150 10149
10150 10151 10149
10152 10153 10154
10152 10154 10155
10156 10157 10158
10157 10159 10158
10157 10160 10159
10157 10161 10160
10160 10161 10162
10160 10162 10163
10162 10164 10163
10162 10165 10164
10166 10164 10165
10166 10167 10164
10168 10169 10170
10168 10171 10169
10171 10172 10169
10171 10173 10172
10174 10172 10173
10174 10173 10175
10175 10176 10174
10175 10177 10176
10177 10178 10176
10179 10180 10181
10179 10181 10182
10183 10179 10182
10183 10184 10179
10185 10184 10183
10185 10183 10186
10187 10185 10186
10188 10189 10190
10191 10189 10188
10191 10188 10192
10192 10193 10191
10192 10194 10193
10195 10196 10197
10195 10198 10196
10198 10199 10196
10198 10200 10199
10200 10201 10199
10200 10202 10201
10201 10202 10203
10201 10203 10204
10203 10205 10204
10203 10206 10205
10206 10207 10205
10206 10208 10207
10208 10209 10207
10208 10210 10209
10210 10211 10209
10210 10212 10211
10211 10212 10213
10211 10213 10214
10213 10215 10214
10213 10216 10215
10217 10218 10219
10217 10220 10218
10220 10221 10218
10220 10222 10221
10222 10223 10221
10222 10224 10223
10223 10224 10225
10223 10225 10226
10225 10227 10226
10225 10228 10227
10228 10229 10227
10228 10230 10229
10230 10231 10229
10230 10232 10231
10232 10233 10231
10232 10234 10233
10233 10234 10235
10233 10235 10236
10235 10237 10236
10235 10238 10237
10239 10240 10241
10239 10242 10240
10242 10243 10240
10242 10244 10243
10244 10245 10243
10244 10246 10245
10245 10246 10247
10245 10247 10248
10247 10249 10248
10247 10250 10249
10250 10251 10249
10250 10252 10251
10252 10253 10251
10252 10254 10253
10254 10255 10253
10254 10256 10255
10255 10256 10257
10255 10257 10258
10257 10259 10258
10257 10260 10259
10261 10262 10263
10261 10264 10262
10264 10265 10262
10264 10266 10265
10266 10267 10265
10266 10268 10267
10269 10267 10268
10269 10268 10270
10270 10271 10269
10270 10272 10271
10272 10273 10271
10272 10274 10273
10274 10275 10273
10274 10276 10275
10276 10277 10275
10276 10278 10277
10279 10277 10278
10279 10278 10280
10280 10281 10279
10280 10282 10281
10283 10284 10285
10283 10286 10284
10286 10287 10284
10286 10288 10287
10288 10289 10287
10288 10290 10289
10290 10291 10289
10290 10292 10291
10292 10293 10291
10292 10294 10293
10294 10295 10293
10294 10296 10295
10296 10297 10295
10296 10298 10297
10298 10299 10297
10298 10300 10299
10300 10301 10299
10300 10302 10301
10302 10303 10301
10302 10304 10303
10304 10305 10303
10304 10306 10305
10306 10307 10305
10306 10308 10307
10308 10309 10307
10308 10310 10309
10310 10311 10309
10310 10312 10311
10312 10313 10311
10312 10314 10313
10314 10315 10313
10314 10316 10315
10317 10318 10319
10317 10320 10318
10320 10321 10318
10320 10322 10321
10322 10323 10321
10322 10324 10323
10324 10325 10323
10324 10326 10325
10326 10327 10325
10326 10328 10327
10328 10329 10327
10328 10330 10329
10330 10331 10329
10330 10332 10331
10332 10333 10331
10332 10334 10333
10334 10335 10333
10334 10336 10335
10336 10337 10335
10336 10338 10337
10338 10339 10337
10338 10340 10339
10340 10341 10339
10340 10342 10341
10342 10343 10341
10342 10344 10343
10344 10345 10343
10344 10346 10345
10346 10347 10345
10346 10348 10347
10348 10349 10347
10348 10350 10349
10351 10352 10353
10351 10354 10352
10354 10355 10352
10354 10356 10355
10356 10357 10355
10356 10358 10357
10358 10359 10357
10358 10360 10359
10360 10361 10359
10360 10362 10361
10362 10363 10361
10362 10364 10363
10364 10365 10363
10364 10366 10365
10366 10367 10365
10366 10368 10367
10368 10369 10367
10368 10370 10369
10370 10371 10369
10370 10372 10371
10372 10373 10371
10372 10374 10373
10374 10375 10373
10374 10376 10375
10376 10377 10375
10376 10378 10377
10378 10379 10377
10378 10380 10379
10380 10381 10379
10380 10382 10381
10382 10383 10381
10382 10384 10383
10385 10386 10387
10385 10388 10386
10388 10389 10386
10388 10390 10389
10390 10391 10389
10390 10392 10391
10392 10393 10391
10392 10394 10393
10394 10395 10393
10394 10396 10395
10396 10397 10395
10396 10398 10397
10398 10399 10397
10398 10400 10399
10400 10401 10399
10400 10402 10401
10402 10403 10401
10402 10404 10403
10404 10405 10403
10404 10406 10405
10406 10407 10405
10406 10408 10407
10408 10409 10407
10408 10410 10409
10410 10411 10409
10410 10412 10411
10412 10413 10411
10412 10414 10413
10414 10415 10413
10414 10416 10415
10416 10417 10415
10416 10418 10417
10419 10420 10421
10419 10421 10422
10423 10419 10422
10423 10422 10424
10425 10423 10424
10425 10424 10426
10427 10425 10426
10427 10426 10428
10429 10430 10431
10429 10431 10432
10433 10429 10432
10433 10432 10434
10435 10433 10434
10435 10434 10436
10437 10435 10436
10437 10436 10438
10439 10440 10441
10439 10441 10442
10443 10439 10442
10443 10442 10444
10445 10443 10444
10445 10444 10446
10447 10445 10446
10447 10446 10448
10449 10450 10451
10449 10451 10452
10453 10449 10452
10453 10452 10454
10455 10453 10454
10455 10454 10456
10457 10455 10456
10457 10456 10458
10459 10460 10461
10459 10461 10462
10463 10459 10462
10462 10461 10464
10463 10462 10465
10466 10463 10465
10462 10464 10467
10465 10462 10467
10467 10464 10468
10467 10468 10469
10469 10468 10470
10465 10467 10471
10471 10467 10469
10469 10470 10472
10472 10470 10473
10471 10469 10474
10474 10469 10472
10475 10465 10471
10474 10475 10471
10466 10465 10476
10475 10476 10465
10477 10466 10476
10477 10476 10475
10477 10478 10466
10477 10475 10479
10479 10475 10480
10474 10480 10475
10479 10480 10481
10472 10473 10482
10482 10473 10483
10474 10472 10484
10484 10480 10474
10484 10472 10482
10481 10480 10485
10484 10485 10480
10481 10485 10486
10482 10483 10487
10487 10483 10488
10487 10488 10489
10484 10482 10490
10490 10485 10484
10490 10482 10487
10486 10485 10491
10490 10491 10485
10486 10491 10492
10491 10493 10492
10494 10487 10489
10490 10487 10494
10494 10491 10490
10494 10489 10495
10496 10494 10495
10493 10496 10497
10491 10498 10493
10494 10498 10491
10496 10498 10494
10493 10498 10496
10499 10500 10501
10499 10501 10502
10501 10503 10502
10501 10504 10503
10505 10506 10507
10505 10507 10508
10508 10507 10509
10508 10509 10510
10511 10512 10513
10511 10513 10514
10513 10515 10514
10513 10516 10515
10517 10518 10519
10517 10519 10520
10521 10522 10523
10521 10523 10524
10525 10526 10527
10525 10527 10528
10529 10530 10531
10529 10531 10532
10533 10534 10535
10533 10535 10536
10536 10537 10533
10536 10538 10537
10538 10539 10537
10538 10540 10539
10540 10541 10539
10540 10542 10541
10542 10543 10541
10542 10544 10543
10544 10545 10543
10544 10546 10545
10547 10548 10549
10547 10550 10548
10550 10551 10548
10550 10552 10551
10552 10553 10551
10552 10554 10553
10554 10555 10553
10554 10556 10555
10556 10557 10555
10556 10558 10557
10558 10559 10557
10558 10560 10559
10561 10562 10563
10561 10564 10562
10565 10564 10561
10566 10562 10564
10566 10567 10562
10565 10568 10564
10569 10568 10565
10570 10566 10564
10570 10564 10568
10571 10567 10566
10571 10572 10567
10569 10573 10568
10574 10573 10569
10575 10570 10568
10575 10568 10573
10576 10566 10570
10576 10571 10566
10577 10572 10571
10577 10578 10572
10577 10579 10578
10580 10577 10571
10580 10571 10576
10580 10579 10577
10574 10581 10573
10582 10581 10574
10583 10576 10570
10583 10570 10575
10584 10580 10576
10584 10579 10580
10584 10576 10583
10585 10575 10573
10585 10573 10581
10582 10586 10581
10587 10586 10582
10587 10588 10586
10586 10588 10589
10590 10581 10586
10586 10589 10590
10590 10585 10581
10590 10589 10591
10590 10591 10592
10592 10585 10590
10592 10591 10593
10594 10575 10585
10594 10583 10575
10592 10594 10585
10592 10593 10595
10595 10594 10592
10593 10579 10595
10596 10583 10594
10595 10596 10594
10595 10579 10596
10596 10584 10583
10596 10579 10584
10597 10598 10599
10597 10600 10598
10601 10600 10597
10602 10598 10600
10602 10603 10598
10601 10604 10600
10605 10604 10601
10606 10602 10600
10606 10600 10604
10607 10603 10602
10607 10608 10603
10605 10609 10604
10610 10609 10605
10611 10606 10604
10611 10604 10609
10612 10602 10606
10612 10607 10602
10613 10608 10607
10613 10614 10608
10613 10615 10614
10616 10613 10607
10616 10607 10612
10616 10615 10613
10610 10617 10609
10618 10617 10610
10619 10612 10606
10619 10606 10611
10620 10616 10612
10620 10615 10616
10620 10612 10619
10621 10611 10609
10621 10609 10617
10618 10622 10617
10623 10622 10618
10623 10624 10622
10625 10622 10624
10626 10617 10622
10625 10626 10622
10626 10621 10617
10627 10626 10625
10627 10628 10626
10628 10621 10626
10629 10628 10627
10630 10611 10621
10630 10619 10611
10628 10630 10621
10629 10631 10628
10631 10630 10628
10629 10615 10631
10632 10619 10630
10631 10632 10630
10631 10615 10632
10632 10620 10619
10632 10615 10620
10633 10634 10635
10633 10636 10634
10637 10636 10633
10637 10638 10636
10639 10638 10637
10639 10640 10638
10641 10640 10639
10641 10642 10640
10643 10642 10641
10643 10644 10642
10645 10644 10643
10645 10646 10644
10647 10648 10649
10647 10650 10648
10651 10650 10647
10651 10652 10650
10653 10652 10651
10653 10654 10652
10655 10654 10653
10655 10656 10654
10657 10656 10655
10657 10658 10656
10659 10658 10657
10659 10660 10658
10661 10662 10663
10661 10663 10664
10664 10663 10665
10664 10665 10666
10666 10665 10667
10666 10667 10668
10668 10667 10669
10668 10669 10670
10670 10669 10671
10670 10671 10672
10672 10671 10673
10672 10673 10674
10674 10673 10675
10674 10675 10676
10676 10675 10677
10676 10677 10678
10678 10677 10679
10678 10679 10680
10680 10679 10681
10680 10681 10682
10682 10681 10683
10682 10683 10684
10684 10683 10685
10684 10685 10686
10687 10688 10689
10687 10690 10688
10691 10690 10687
10691 10692 10690
10693 10692 10691
10693 10694 10692
10695 10694 10693
10695 10696 10694
10697 10698 10699
10697 10700 10698
10701 10700 10697
10701 10702 10700
10703 10702 10701
10703 10704 10702
10705 10704 10703
10705 10706 10704
10707 10708 10709
10707 10710 10708
10711 10710 10707
10711 10712 10710
10713 10712 10711
10713 10714 10712
10715 10714 10713
10715 10716 10714
10717 10718 10719
10717 10720 10718
10721 10720 10717
10721 10722 10720
10723 10722 10721
10723 10724 10722
10725 10724 10723
10725 10726 10724
10727 10728 10729
10727 10729 10730
10730 10729 10731
10730 10731 10732
10732 10731 10733
10732 10733 10734
10734 10733 10735
10734 10735 10736
10736 10735 10737
10736 10737 10738
10738 10737 10739
10738 10739 10740
10740 10739 10741
10740 10741 10742
10742 10741 10743
10742 10743 10744
10744 10743 10745
10744 10745 10746
10746 10745 10747
10746 10747 10748
10748 10747 10749
10748 10749 10750
10750 10749 10751
10750 10751 10752
10752 10751 10753
10752 10753 10754
10754 10753 10755
10754 10755 10756
10756 10755 10757
10756 10757 10758
10758 10757 10759
10758 10759 10760
10761 10762 10763
10761 10763 10764
10764 10763 10765
10764 10765 10766
10766 10765 10767
10766 10767 10768
10768 10767 10769
10768 10769 10770
10770 10769 10771
10770 10771 10772
10772 10771 10773
10772 10773 10774
10774 10773 10775
10774 10775 10776
10776 10775 10777
10776 10777 10778
10778 10777 10779
10778 10779 10780
10780 10779 10781
10780 10781 10782
10782 10781 10783
10782 10783 10784
10784 10783 10785
10784 10785 10786
10786 10785 10787
10786 10787 10788
10788 10787 10789
10788 10789 10790
10790 10789 10791
10790 10791 10792
10792 10791 10793
10792 10793 10794
10795 10796 10797
10795 10797 10798
10798 10797 10799
10798 10799 10800
10800 10799 10801
10800 10801 10802
10802 10801 10803
10802 10803 10804
10804 10803 10805
10804 10805 10806
10806 10805 10807
10806 10807 10808
10808 10807 10809
10808 10809 10810
10810 10809 10811
10810 10811 10812
10812 10811 10813
10812 10813 10814
10814 10813 10815
10814 10815 10816
10816 10815 10817
10816 10817 10818
10818 10817 10819
10818 10819 10820
10820 10819 10821
10820 10821 10822
10822 10821 10823
10822 10823 10824
10824 10823 10825
10824 10825 10826
10826 10825 10827
10826 10827 10828
10829 10830 10831
10829 10831 10832
10832 10831 10833
10832 10833 10834
10834 10833 10835
10834 10835 10836
10836 10835 10837
10836 10837 10838
10838 10837 10839
10838 10839 10840
10840 10839 10841
10840 10841 10842
10842 10841 10843
10842 10843 10844
10844 10843 10845
10844 10845 10846
10846 10845 10847
10846 10847 10848
10848 10847 10849
10848 10849 10850
10850 10849 10851
10850 10851 10852
10852 10851 10853
10852 10853 10854
10854 10853 10855
10854 10855 10856
10856 10855 10857
10856 10857 10858
10858 10857 10859
10858 10859 10860
10860 10859 10861
10860 10861 10862
10863 10864 10865
10863 10865 10866
10866 10865 10867
10866 10867 10868
10868 10867 10869
10868 10869 10870
10869 10871 10870
10869 10872 10871
10871 10872 10873
10871 10873 10874
10874 10873 10875
10874 10875 10876
10876 10875 10877
10876 10877 10878
10878 10877 10879
10878 10879 10880
10879 10881 10880
10879 10882 10881
10881 10882 10883
10881 10883 10884
10885 10886 10887
10885 10887 10888
10888 10887 10889
10888 10889 10890
10890 10889 10891
10890 10891 10892
10891 10893 10892
10891 10894 10893
10893 10894 10895
10893 10895 10896
10896 10895 10897
10896 10897 10898
10898 10897 10899
10898 10899 10900
10900 10899 10901
10900 10901 10902
10901 10903 10902
10901 10904 10903
10903 10904 10905
10903 10905 10906
10907 10908 10909
10907 10909 10910
10910 10909 10911
10910 10911 10912
10912 10911 10913
10912 10913 10914
10913 10915 10914
10913 10916 10915
10915 10916 10917
10915 10917 10918
10918 10917 10919
10918 10919 10920
10920 10919 10921
10920 10921 10922
10922 10921 10923
10922 10923 10924
10923 10925 10924
10923 10926 10925
10925 10926 10927
10925 10927 10928
10929 10930 10931
10929 10931 10932
10932 10931 10933
10932 10933 10934
10934 10933 10935
10934 10935 10936
10937 10936 10935
10937 10938 10936
10938 10937 10939
10938 10939 10940
10940 10939 10941
10940 10941 10942
10942 10941 10943
10942 10943 10944
10944 10943 10945
10944 10945 10946
10947 10946 10945
10947 10948 10946
10948 10947 10949
10948 10949 10950
10951 10952 10953
10951 10953 10954
10955 10951 10954
10955 10956 10951
10957 10958 10959
10957 10959 10960
10961 10957 10960
10961 10962 10957
10962 10961 10963
10962 10963 10964
10963 10965 10964
10963 10966 10965
10965 10966 10967
10965 10967 10968
10967 10969 10968
10967 10970 10969
10971 10972 10973
10973 10974 10971
10975 10974 10973
10973 10976 10975
10976 10973 10977
10973 10978 10977
10979 10978 10973
10973 10980 10979
10981 10982 10983
10984 10981 10983
10981 10984 10985
10986 10981 10985
10981 10986 10987
10981 10987 10988
10981 10988 10989
10990 10981 10989
10991 10992 10993
10991 10993 10994
10995 10991 10994
10996 10994 10993
10995 10994 10997
10998 10995 10997
10998 10997 10999
10996 11000 10994
11000 10997 10994
11001 11000 10996
11001 11002 11000
11003 10999 10997
11000 11003 10997
11002 11003 11000
11003 11004 10999
11002 11005 11003
11005 11004 11003
11005 11006 11004
11007 11008 11009
11007 11010 11008
11011 11008 11010
11011 11010 11012
11013 11010 11007
11012 11010 11014
11013 11014 11010
11012 11014 11015
11016 11014 11013
11015 11014 11016
11016 11013 11017
11015 11016 11018
11019 11020 11021
11019 11022 11020
11022 11023 11020
11022 11024 11023
11025 11023 11024
11025 11024 11026
11027 11028 11029
11027 11030 11028
11031 11030 11027
11030 11032 11028
11031 11033 11030
11030 11034 11032
11034 11030 11033
11034 11035 11032
11034 11033 11036
11034 11037 11035
11037 11034 11036
11037 11036 11038
11039 11040 11041
11039 11042 11040
11043 11042 11039
11043 11044 11042
11045 11044 11043
11045 11043 11046
11047 11048 11049
11047 11050 11048
11051 11050 11047
11051 11052 11050
11053 11052 11051
11053 11054 11052
11055 11056 11057
11055 11057 11058
11059 11060 11061
11059 11061 11062
11063 11064 11065
11063 11065 11066
11067 11068 11069
11067 11069 11070
11071 11072 11073
11071 11073 11074
11075 11074 11073
11075 11073 11076
11077 11078 11079
11077 11080 11078
11081 11078 11080
11081 11082 11078
11081 11083 11082
11081 11084 11083
11085 11086 11087
11085 11087 11088
11089 11090 11091
11089 11091 11092
11093 11089 11092
11093 11092 11094
11095 11093 11094
11095 11094 11096
11097 11098 11099
11097 11100 11098
11097 11101 11100
11097 11102 11101
11103 11104 11105
11103 11105 11106
11107 11108 11109
11107 11109 11110
11111 11107 11110
11111 11110 11112
11113 11111 11112
11113 11112 11114
11115 11116 11117
11115 11117 11118
11119 11115 11118
11119 11118 11120
11121 11119 11120
11121 11120 11122
11123 11124 11125
11123 11126 11124
11127 11126 11123
11127 11128 11126
11129 11128 11127
11129 11130 11128
11131 11132 11133
11131 11133 11134
11135 11136 11137
11135 11138 11136
11139 11138 11135
11140 11136 11138
11139 11141 11138
11142 11141 11139
11142 11143 11141
11140 11138 11144
11144 11138 11141
11145 11140 11144
11145 11144 11146
11147 11141 11143
11144 11141 11147
11146 11144 11147
11147 11143 11148
11146 11147 11149
11149 11147 11148
11149 11148 11150
11151 11152 11153
11151 11153 11154
11155 11154 11153
11155 11156 11154
11157 11151 11154
11156 11158 11154
11157 11154 11158
11156 11159 11158
11160 11157 11158
11159 11160 11158
11160 11161 11157
11159 11162 11160
11163 11164 11165
11163 11165 11166
11166 11165 11167
11166 11167 11168
11169 11168 11167
11169 11170 11168
11171 11172 11173
11171 11173 11174
11175 11171 11174
11174 11173 11176
11175 11174 11177
11174 11176 11178
11178 11177 11174
11178 11176 11179
11178 11180 11177
11178 11179 11181
11181 11180 11178
11181 11182 11180
11183 11184 11185
11183 11185 11186
11187 11183 11186
11187 11186 11188
11189 11187 11188
11189 11190 11187
11191 11192 11193
11191 11193 11194
11195 11191 11194
11195 11194 11196
11197 11195 11196
11197 11196 11198
11199 11200 11201
11199 11201 11202
11203 11204 11205
11203 11205 11206
11207 11208 11209
11207 11209 11210
11211 11212 11213
11211 11213 11214
11215 11216 11217
11215 11218 11216
11219 11216 11218
11219 11220 11216
11221 11222 11223
11221 11223 11224
11225 11224 11223
11225 11223 11226
11225 11226 11227
11225 11227 11228
11229 11230 11231
11229 11231 11232
11233 11234 11235
11233 11236 11234
11237 11236 11233
11237 11238 11236
11239 11238 11237
11239 11240 11238
11241 11242 11243
11241 11243 11244
11241 11244 11245
11241 11245 11246
11247 11248 11249
11247 11249 11250
11251 11252 11253
11251 11254 11252
11255 11254 11251
11255 11256 11254
11257 11256 11255
11257 11258 11256
11259 11260 11261
11259 11262 11260
11263 11262 11259
11263 11264 11262
11265 11264 11263
11265 11266 11264
11267 11268 11269
11267 11269 11270
11271 11267 11270
11271 11270 11272
11273 11271 11272
11273 11272 11274
11275 11276 11277
11275 11277 11278
11279 11280 11281
11279 11281 11282
11283 11284 11285
11283 11285 11286
11287 11288 11289
11287 11290 11288
11291 11290 11287
11292 11291 11287
11293 11292 11287
11293 11287 11294
11295 11293 11294
11296 11295 11294
11296 11294 11297
11296 11297 11298
11299 11300 11301
11299 11302 11300
11299 11303 11302
11299 11304 11303
11305 11303 11304
11305 11304 11306
11307 11305 11306
11307 11306 11308
11309 11307 11308
11309 11310 11307
11311 11310 11309
11311 11309 11312
11311 11312 11313
11311 11313 11314
11315 11316 11317
11315 11318 11316
11315 11319 11318
11319 11320 11318
11320 11321 11318
11320 11322 11321
11322 11323 11321
11323 11324 11321
11321 11324 11325
11321 11325 11326
11327 11328 11329
11327 11329 11330
11331 11332 11333
11331 11334 11332
11335 11332 11334
11335 11336 11332
11337 11338 11339
11337 11339 11340
11341 11340 11339
11341 11339 11342
11343 11344 11345
11343 11345 11346
11347 11348 11349
11349 11348 11350
11351 11352 11353
11351 11353 11354
11355 11356 11357
11355 11358 11356
11359 11356 11358
11359 11358 11360
11361 11362 11363
11361 11364 11362
11365 11364 11361
11364 11366 11362
11365 11367 11364
11364 11368 11366
11367 11368 11364
11368 11369 11366
11368 11370 11369
11370 11371 11369
11367 11372 11368
11372 11370 11368
11373 11372 11367
11374 11373 11367
11374 11367 11375
11376 11373 11374
11376 11377 11373
11377 11378 11373
11373 11378 11372
11377 11379 11378
11378 11380 11372
11379 11380 11378
11380 11370 11372
11381 11370 11380
11379 11382 11380
11382 11381 11380
11382 11383 11381
11381 11384 11370
11370 11384 11371
11381 11383 11385
11386 11385 11383
11387 11386 11383
11387 11388 11386
11389 11388 11387
11389 11387 11390
11389 11390 11391
11389 11391 11392
11393 11392 11391
11393 11391 11394
11386 11395 11385
11381 11396 11384
11397 11371 11384
11397 11384 11396
11381 11385 11398
11381 11398 11396
11371 11397 11399
11400 11397 11396
11400 11399 11397
11396 11398 11401
11400 11396 11401
11385 11402 11398
11402 11401 11398
11385 11395 11403
11402 11385 11403
11371 11399 11404
11405 11404 11399
11406 11371 11404
11400 11407 11399
11405 11399 11407
11408 11400 11401
11408 11407 11400
11401 11402 11409
11410 11402 11403
11410 11409 11402
11408 11401 11411
11401 11409 11411
11408 11411 11412
11409 11412 11411
11408 11413 11407
11405 11407 11414
11413 11414 11407
11408 11412 11415
11415 11413 11408
11409 11416 11412
11417 11409 11410
11417 11416 11409
11416 11418 11412
11418 11415 11412
11417 11419 11416
11416 11419 11418
11413 11420 11414
11421 11405 11414
11421 11414 11420
11415 11422 11413
11422 11420 11413
11410 11423 11417
11410 11424 11423
11403 11424 11410
11403 11425 11424
11395 11425 11403
11417 11426 11419
11427 11417 11423
11427 11426 11417
11428 11419 11426
11418 11419 11428
11418 11429 11415
11418 11428 11430
11429 11418 11430
11415 11429 11431
11415 11431 11422
11432 11422 11431
11433 11431 11429
11433 11432 11431
11429 11430 11434
11433 11429 11434
11432 11435 11422
11422 11435 11420
11420 11435 11436
11432 11436 11435
11420 11436 11437
11421 11420 11437
11430 11428 11438
11439 11434 11430
11430 11438 11439
11439 11440 11434
11440 11433 11434
11438 11428 11441
11428 11426 11441
11442 11439 11438
11442 11440 11439
11443 11442 11438
11442 11444 11440
11443 11438 11445
11438 11441 11445
11446 11443 11445
11440 11444 11447
11440 11447 11433
11444 11448 11447
11426 11449 11441
11426 11427 11449
11450 11445 11441
11450 11446 11445
11450 11441 11449
11451 11446 11450
11451 11452 11446
11453 11451 11450
11453 11450 11449
11449 11454 11453
11449 11427 11454
11455 11454 11427
11455 11427 11423
11456 11455 11423
11456 11423 11424
11456 11424 11457
11458 11456 11457
11425 11457 11424
11459 11458 11457
11457 11425 11460
11395 11460 11425
11459 11457 11461
11457 11460 11461
11462 11459 11461
11462 11461 11463
11463 11461 11460
11464 11462 11463
11464 11463 11465
11466 11460 11395
11463 11460 11467
11466 11395 11468
11469 11463 11467
11468 11470 11466
11469 11467 11471
11468 11472 11470
11473 11469 11471
11474 11470 11472
11474 11472 11475
11473 11471 11476
11474 11475 11477
11474 11477 11478
11479 11478 11477
11479 11477 11480
11473 11476 11481
11473 11481 11482
11483 11482 11481
11483 11481 11484
11485 11482 11483
11485 11486 11482
11487 11482 11486
11487 11473 11482
11487 11488 11473
11487 11464 11488
11489 11490 11491
11489 11492 11490
11492 11493 11490
11492 11494 11493
11494 11495 11493
11494 11496 11495
11496 11497 11495
11496 11498 11497
11498 11499 11497
11497 11499 11500
11495 11497 11500
11499 11501 11500
11501 11502 11500
11495 11500 11502
11493 11495 11502
11493 11502 11503
11490 11493 11503
11490 11503 11504
11505 11490 11504
11505 11504 11506
11507 11508 11509
11507 11509 11510
11511 11512 11513
11511 11513 11514
11515 11516 11517
11515 11518 11516
11519 11518 11515
11519 11515 11520
11521 11519 11520
11521 11520 11522
11523 11521 11522
11523 11522 11524
11525 11516 11526
11527 11525 11526
11527 11526 11528
11529 11527 11528
11529 11528 11530
11527 11529 11531
11532 11529 11530
11531 11529 11532
11531 11532 11533
11532 11530 11534
11535 11533 11532
11536 11533 11535
11532 11537 11535
11534 11537 11532
11534 11538 11537
11534 11539 11538
11540 11541 11516
11540 11542 11541
11543 11542 11540
11543 11540 11544
11543 11544 11545
11543 11545 11546
11547 11546 11545
11547 11545 11548
11549 11550 11551
11549 11551 11552
11553 11554 11555
11553 11555 11556
11557 11558 11559
11557 11559 11560
11561 11562 11563
11562 11561 11564
11565 11566 11567
11565 11567 11568
11569 11570 11571
11569 11571 11572
11572 11571 11573
11569 11572 11574
11569 11574 11575
11572 11573 11576
11574 11572 11576
11576 11573 11577
11576 11577 11578
11578 11577 11579
11575 11574 11580
11575 11580 11581
11574 11576 11582
11582 11576 11578
11578 11579 11583
11583 11579 11584
11583 11584 11585
11586 11583 11585
11574 11582 11587
11574 11587 11580
11582 11578 11588
11588 11578 11583
11587 11582 11588
11586 11589 11583
11588 11583 11589
11589 11586 11590
11589 11590 11591
11588 11589 11591
11591 11590 11592
11587 11588 11593
11588 11591 11593
11580 11587 11594
11594 11587 11593
11591 11592 11595
11593 11591 11595
11580 11594 11596
11581 11580 11596
11581 11596 11597
11596 11598 11597
11596 11599 11598
11594 11599 11596
11600 11598 11599
11594 11593 11601
11593 11595 11601
11592 11602 11595
11592 11603 11602
11594 11604 11599
11604 11594 11601
11595 11605 11601
11595 11602 11605
11604 11601 11605
11606 11602 11603
11606 11605 11602
11606 11603 11607
11600 11599 11608
11608 11599 11604
11604 11605 11609
11606 11609 11605
11606 11607 11610
11607 11611 11610
11600 11608 11612
11600 11612 11613
11608 11604 11614
11604 11609 11614
11612 11608 11614
11606 11610 11615
11615 11609 11606
11616 11610 11611
11616 11611 11617
11618 11614 11609
11612 11614 11618
11613 11612 11619
11620 11613 11619
11621 11620 11619
11615 11622 11609
11618 11609 11622
11623 11615 11610
11623 11610 11616
11624 11616 11617
11624 11617 11625
11626 11612 11618
11626 11619 11612
11621 11619 11627
11628 11621 11627
11629 11619 11626
11629 11627 11619
11630 11626 11618
11630 11629 11626
11628 11627 11631
11631 11627 11629
11630 11618 11632
11632 11618 11622
11630 11633 11629
11633 11630 11632
11634 11624 11625
11634 11625 11635
11634 11635 11636
11628 11631 11637
11628 11637 11638
11639 11638 11637
11639 11637 11640
11640 11637 11641
11631 11641 11637
11640 11641 11642
11631 11643 11641
11631 11629 11643
11643 11629 11633
11642 11641 11644
11643 11644 11641
11642 11644 11645
11643 11633 11646
11643 11646 11644
11645 11644 11647
11646 11647 11644
11645 11647 11648
11646 11649 11647
11646 11650 11649
11646 11633 11650
11633 11632 11650
11651 11632 11652
11632 11622 11652
11651 11652 11653
11654 11651 11653
11652 11622 11655
11653 11652 11655
11655 11622 11615
11655 11615 11623
11653 11655 11656
11657 11655 11623
11658 11653 11656
11654 11653 11658
11658 11656 11659
11658 11659 11660
11657 11623 11661
11661 11623 11616
11661 11616 11624
11662 11657 11661
11654 11658 11663
11658 11660 11663
11654 11663 11664
11665 11664 11663
11665 11663 11666
11666 11663 11660
11666 11660 11667
11668 11661 11624
11662 11661 11668
11662 11668 11669
11662 11669 11670
11671 11670 11669
11671 11669 11672
11673 11672 11669
11668 11624 11634
11673 11669 11674
11668 11634 11675
11668 11675 11669
11675 11674 11669
11676 11674 11675
11634 11636 11675
11676 11675 11677
11677 11675 11636
11677 11636 11678
11679 11680 11681
11679 11682 11680
11683 11682 11679
11683 11684 11682
11682 11685 11680
11686 11682 11684
11682 11687 11685
11686 11687 11682
11687 11688 11685
11686 11689 11687
11687 11689 11688
11686 11690 11689
11689 11691 11688
11690 11692 11689
11689 11692 11691
11690 11693 11692
11692 11694 11691
11693 11694 11692
11695 11694 11696
11697 11695 11696
11697 11696 11698
11699 11697 11698
11699 11698 11700
11699 11700 11701
11699 11701 11702
11703 11702 11701
11703 11701 11704
11705 11706 11707
11705 11708 11706
11709 11708 11705
11709 11710 11708
11708 11711 11706
11712 11708 11710
11708 11713 11711
11712 11713 11708
11713 11714 11711
11712 11715 11713
11713 11715 11714
11712 11716 11715
11715 11717 11714
11716 11718 11715
11715 11718 11717
11716 11719 11718
11720 11717 11718
11719 11720 11718
11721 11720 11722
11723 11721 11722
11722 11720 11724
11723 11722 11725
11725 11722 11724
11725 11724 11726
11727 11723 11725
11728 11725 11726
11727 11725 11728
11728 11726 11729
11727 11728 11730
11730 11728 11729
11727 11730 11731
11732 11731 11730
11730 11729 11733
11732 11730 11734
11734 11730 11733
11734 11733 11735
11736 11737 11738
11736 11739 11737
11740 11739 11736
11741 11737 11739
11741 11742 11737
11741 11743 11742
11740 11744 11739
11745 11744 11740
11746 11741 11739
11746 11739 11744
11741 11747 11743
11746 11747 11741
11747 11748 11743
11745 11749 11744
11750 11749 11745
11750 11751 11749
11752 11749 11751
11753 11744 11749
11753 11746 11744
11752 11753 11749
11753 11754 11746
11752 11754 11753
11746 11754 11747
11747 11754 11755
11752 11756 11754
11756 11755 11754
11747 11757 11748
11747 11755 11757
11757 11758 11748
11755 11758 11757
11758 11759 11748
11758 11760 11759
11755 11761 11758
11761 11760 11758
11761 11421 11760
11421 11761 11405
11405 11761 11755
11437 11760 11421
11437 11762 11760
11763 11762 11437
11763 11437 11436
11405 11755 11764
11405 11764 11404
11756 11764 11755
11404 11764 11756
11765 11763 11436
11765 11766 11763
11432 11765 11436
11767 11766 11765
11404 11756 11768
11406 11404 11768
11768 11756 11769
11406 11768 11770
11768 11769 11770
11406 11770 11771
11770 11772 11771
11769 11773 11770
11770 11773 11772
11774 11772 11773
11769 11775 11773
11774 11773 11776
11776 11773 11775
11776 11775 11777
11767 11765 11778
11778 11765 11432
11779 11767 11778
11779 11780 11767
11779 11781 11780
11779 11782 11781
11778 11432 11783
11783 11779 11778
11433 11783 11432
11447 11783 11433
11784 11782 11779
11783 11784 11779
11447 11784 11783
11784 11448 11782
11448 11784 11447
11785 11786 11787
11785 11788 11786
11789 11788 11785
11788 11790 11786
11789 11791 11788
11788 11792 11790
11792 11788 11791
11792 11791 11793
11792 11794 11790
11795 11792 11793
11792 11796 11794
11795 11796 11792
11796 11797 11794
11795 11798 11796
11796 11798 11797
11795 11799 11798
11798 11800 11797
11800 11798 11799
11801 11802 11803
11801 11803 11804
11805 11801 11804
11805 11804 11806
11807 11805 11806
11807 11806 11808
11809 11810 11811
11809 11811 11812
11809 11812 11813
11814 11815 11816
11814 11816 11817
11818 11814 11817
11818 11819 11814
11820 11819 11818
11820 11818 11821
11822 11820 11821
11822 11821 11823
11824 11822 11823
11824 11823 11825
11826 11827 11828
11826 11829 11827
11830 11829 11826
11827 11829 11831
11827 11831 11832
11832 11831 11833
11829 11834 11831
11834 11833 11831
11830 11835 11829
11829 11835 11834
11834 11836 11833
11833 11836 11837
11835 11838 11834
11838 11836 11834
11830 11839 11835
11835 11839 11838
11838 11840 11836
11841 11836 11840
11842 11841 11840
11842 11843 11841
11844 11842 11840
11844 11840 11845
11840 11846 11845
11840 11838 11846
11838 11847 11846
11838 11839 11847
11839 11848 11847
11839 11849 11848
11830 11849 11839
11830 11850 11849
11850 11851 11849
11850 11852 11851
11853 11852 11850
11853 11854 11852
11830 11855 11850
11855 11853 11850
11830 11856 11855
11830 11857 11856
11858 11854 11853
11858 11859 11854
11860 11859 11858
11860 11858 11861
11861 11858 11862
11861 11862 11863
11862 11858 11864
11853 11864 11858
11855 11865 11853
11853 11865 11864
11856 11865 11855
11857 11866 11856
11857 11867 11866
11866 11868 11856
11856 11868 11865
11866 11869 11868
11869 11870 11868
11865 11868 11870
11865 11870 11864
11870 11871 11864
11872 11873 11874
11875 11872 11874
11876 11875 11874
11876 11874 11877
11878 11879 11880
11879 11881 11880
11881 11882 11880
11883 11880 11882
11884 11880 11883
11885 11880 11884
11886 11887 11888
11886 11889 11887
11890 11887 11889
11890 11889 11891
11890 11891 11892
11890 11892 11893
11892 11894 11893
11892 11895 11894
11896 11897 11898
11896 11899 11897
11897 11899 11900
11901 11900 11899
11901 11899 11902
11903 11901 11902
11903 11902 11904
11905 11906 11907
11905 11908 11906
11908 11909 11906
11908 11910 11909
11910 11911 11909
11910 11912 11911
11911 11912 11913
11911 11913 11914
11913 11915 11914
11913 11916 11915
11915 11916 11917
11915 11917 11918
11919 11920 11921
11919 11922 11920
11922 11923 11920
11922 11924 11923
11924 11925 11923
11924 11926 11925
11927 11928 11929
11927 11929 11930
11927 11930 11931
11929 11932 11930
11929 11933 11932
11932 11933 11934
11932 11934 11935
11935 11934 11936
11935 11936 11937
11937 11936 11938
11937 11938 11939
11938 11940 11939
11938 11941 11940
11940 11941 11942
11940 11942 11943
11937 11939 11944
11944 11939 11940
11937 11944 11945
11944 11940 11946
11940 11947 11946
11940 11948 11947
11940 11949 11948
11940 11943 11950
11950 11949 11940
11949 11950 11951
11949 11951 11952
11951 11953 11952
11954 11951 11950
11943 11954 11950
11943 11955 11954
11954 11956 11951
11951 11956 11957
11958 11953 11951
11958 11959 11953
11958 11960 11959
11958 11951 11961
11961 11962 11958
11962 11961 11963
11963 11961 11951
11962 11963 11964
11951 11957 11965
11963 11951 11965
11966 11964 11963
11967 11964 11966
11968 11967 11966
11968 11966 11969
11966 11963 11970
11969 11966 11970
11970 11963 11965
11969 11970 11971
11972 11965 11957
11972 11957 11973
11974 11965 11972
11970 11965 11974
11972 11975 11974
11975 11970 11974
11975 11971 11970
11975 11976 11971
11977 11978 11979
11977 11980 11978
11980 11981 11978
11982 11980 11977
11980 11983 11981
11982 11984 11980
11985 11984 11982
11986 11984 11985
11980 11987 11983
11983 11987 11988
11989 11988 11987
11990 11980 11984
11990 11987 11980
11989 11987 11990
11986 11990 11984
11990 11991 11989
11990 11992 11991
11986 11992 11990
11986 11993 11992
11986 11994 11993
11986 11995 11994
11986 11996 11995
11986 11997 11996
11995 11996 11998
11999 12000 12001
11999 12001 12002
12003 11999 12002
12003 12002 12004
12005 12003 12004
12005 12004 12006
12006 12004 12007
12007 12004 12008
12007 12008 12009
12009 12008 12010
12009 12010 12011
12012 12013 12010
12012 12010 12014
12015 12012 12014
12015 12014 12016
12017 12015 12016
12018 12017 12016
12018 12016 12019
12019 12016 12020
12019 12020 12021
12021 12020 12022
12021 12022 12023
12024 12025 12026
12024 12027 12025
12027 12024 12028
12027 12028 12029
12029 12028 12030
12029 12030 12031
12031 12030 12032
12032 12030 12033
12032 12033 12034
12030 12035 12033
12030 12036 12035
12036 12037 12035
12036 12038 12037
12038 12039 12037
12038 12040 12039
12041 12042 12043
12041 12043 12044
12045 12041 12044
12045 12044 12046
12046 12047 12045
12046 12048 12047
12045 12047 12049
12050 12049 12047
12051 12052 12053
12051 12053 12054
12051 12054 12055
12051 12055 12056
12057 12058 12059
12060 12057 12059
12060 12059 12061
12060 12061 12062
12060 12062 12063
12063 12062 12064
12063 12064 12065
12066 12067 12068
12066 12068 12069
12069 12068 12070
12069 12070 12071
12069 12071 12072
12069 12072 12073
12074 12069 12073
12075 12074 12073
12072 12076 12073
12077 12076 12072
12072 12078 12077
12078 12079 12077
12073 12076 12080
12075 12073 12080
12078 12081 12079
12079 12081 12082
12082 12081 12083
12083 12081 12084
12085 12075 12080
12085 12080 12086
12086 12080 12087
12088 12075 12085
12088 12085 12089
12088 12090 12075
12091 12090 12088
12092 12090 12091
12093 12088 12089
12088 12093 12094
12094 12093 12089
12094 12089 12095
12096 12095 12089
12096 12089 12097
12098 12096 12097
12089 12085 12099
12089 12099 12097
12097 12100 12098
12101 12098 12100
12102 12100 12097
12101 12100 12102
12102 12097 12099
12101 12102 12103
12103 12102 12104
12104 12102 12099
12103 12104 12105
12105 12104 12106
12104 12099 12106
12105 12106 12107
12099 12085 12108
12108 12106 12099
12107 12106 12108
12107 12108 12109
12086 12108 12085
12109 12108 12110
12110 12108 12086
12109 12110 12111
12111 12110 12112
12112 12110 12086
12111 12112 12113
12114 12112 12086
12113 12112 12114
12086 12087 12114
12113 12114 12115
12114 12087 12116
12114 12116 12115
12117 12118 12119
12120 12117 12119
12120 12119 12121
12122 12120 12121
12122 12121 12123
12124 12122 12123
12124 12123 12125
12126 12127 12128
12126 12129 12127
12130 12129 12126
12130 12126 12131
12132 12130 12131
12132 12133 12130
12134 12133 12132
12134 12135 12133
12136 12135 12134
12136 12137 12135
12138 12139 12140
12141 12139 12138
12142 12139 12141
12142 12143 12139
12144 12145 12146
12146 12145 12147
12147 12145 12148
12149 12148 12145
12150 12149 12145
12151 12150 12145
12152 12153 12154
12152 12154 12155
12156 12155 12154
12156 12157 12155
12156 12158 12157
12156 12159 12158
12158 12159 12160
12158 12160 12161
12162 12163 12164
12162 12164 12165
12164 12166 12165
12167 12165 12166
12167 12168 12165
12169 12168 12167
12169 12170 12168
12171 12172 12173
12171 12173 12174
12174 12173 12175
12174 12175 12176
12176 12175 12177
12176 12177 12178
12177 12179 12178
12177 12180 12179
12179 12180 12181
12179 12181 12182
12181 12183 12182
12181 12184 12183
12185 12186 12187
12185 12187 12188
12188 12187 12189
12188 12189 12190
12190 12189 12191
12190 12191 12192
12193 12194 12195
12193 12196 12194
12193 12197 12196
12194 12196 12198
12194 12198 12199
12198 12200 12199
12198 12201 12200
12201 12202 12200
12201 12203 12202
12203 12204 12202
12203 12205 12204
12204 12205 12206
12204 12206 12207
12206 12208 12207
12206 12209 12208
12203 12210 12205
12210 12206 12205
12203 12211 12210
12210 12212 12206
12206 12212 12213
12206 12213 12214
12206 12214 12215
12206 12216 12209
12216 12206 12215
12215 12217 12216
12215 12218 12217
12217 12218 12219
12220 12216 12217
12209 12216 12220
12209 12220 12221
12220 12217 12222
12217 12223 12222
12224 12217 12219
12224 12219 12225
12224 12225 12226
12224 12227 12217
12227 12224 12228
12228 12229 12227
12229 12217 12227
12228 12230 12229
12217 12231 12223
12229 12231 12217
12232 12229 12230
12233 12232 12230
12234 12232 12233
12234 12235 12232
12232 12236 12229
12235 12236 12232
12236 12231 12229
12235 12237 12236
12238 12223 12231
12238 12239 12223
12240 12238 12231
12236 12240 12231
12238 12240 12241
12241 12240 12236
12241 12236 12237
12241 12237 12242
12243 12244 12245
12243 12245 12246
12246 12245 12247
12248 12243 12246
12246 12247 12249
12248 12246 12250
12251 12248 12250
12252 12251 12250
12246 12249 12253
12249 12254 12253
12255 12253 12254
12256 12250 12246
12256 12246 12253
12255 12256 12253
12252 12250 12256
12256 12255 12257
12256 12257 12258
12252 12256 12258
12252 12258 12259
12252 12259 12260
12252 12260 12261
12252 12261 12262
12252 12262 12263
12261 12264 12262
12265 12266 12267
12265 12267 12268
12268 12269 12265
12268 12270 12269
12270 12271 12269
12270 12272 12271
12272 12273 12271
12274 12275 12276
12274 12277 12275
12278 12277 12274
12278 12279 12277
12279 12278 12280
12279 12280 12281
12278 12282 12280
12283 12280 12282
12284 12285 12286
12284 12287 12285
12288 12287 12284
12288 12289 12287
12290 12289 12288
12290 12291 12289
12292 12291 12290
12292 12293 12291
12294 12295 12296
12297 12295 12294
12297 12298 12295
12297 12299 12298
12297 12300 12299
12300 12301 12299
12300 12302 12301
12303 12304 12305
12303 12306 12304
12306 12307 12304
12306 12308 12307
12306 12309 12308
12306 12310 12309
12311 12310 12306
12312 12310 12311
12309 12310 12313
12314 12309 12313
12309 12314 12315
12315 12314 12316
12310 12317 12313
12312 12317 12310
12315 12316 12318
12316 12319 12318
12319 12320 12318
12320 12321 12318
12322 12317 12312
12322 12323 12317
12323 12324 12317
12325 12322 12312
12325 12326 12322
12325 12312 12327
12328 12325 12327
12329 12328 12327
12330 12326 12325
12325 12331 12330
12331 12326 12330
12331 12332 12326
12333 12326 12332
12333 12334 12326
12335 12334 12333
12326 12336 12322
12326 12334 12336
12334 12335 12337
12338 12337 12335
12339 12334 12337
12338 12339 12337
12339 12336 12334
12338 12340 12339
12340 12341 12339
12341 12336 12339
12340 12342 12341
12342 12343 12341
12341 12343 12336
12342 12344 12343
12336 12345 12322
12345 12336 12343
12344 12345 12343
12344 12346 12345
12323 12322 12345
12346 12347 12345
12347 12323 12345
12346 12348 12347
12348 12349 12347
12349 12323 12347
12348 12350 12349
12351 12323 12349
12350 12351 12349
12323 12351 12324
12350 12352 12351
12351 12353 12324
12351 12352 12353
12354 12355 12356
12357 12355 12354
12357 12358 12355
12359 12358 12357
12359 12360 12358
12361 12360 12359
12361 12362 12360
12363 12364 12365
12366 12365 12364
12364 12367 12366
12368 12367 12364
12369 12366 12367
12369 12370 12366
12369 12371 12370
12368 12372 12367
12373 12372 12368
12367 12374 12369
12372 12375 12367
12367 12375 12374
12373 12376 12372
12372 12377 12375
12377 12372 12376
12377 12378 12375
12376 12373 12379
12373 12380 12379
12381 12379 12380
12380 12382 12381
12383 12382 12380
12384 12376 12379
12384 12385 12376
12385 12384 12386
12377 12376 12387
12385 12387 12376
12385 12386 12388
12388 12386 12389
12388 12389 12390
12388 12391 12385
12385 12391 12387
12392 12388 12390
12388 12392 12391
12393 12391 12392
12392 12390 12394
12394 12393 12392
12394 12395 12393
12393 12395 12396
12397 12377 12387
12377 12397 12378
12391 12398 12387
12397 12387 12398
12393 12399 12391
12391 12399 12398
12393 12396 12400
12393 12401 12399
12393 12400 12401
12402 12398 12399
12402 12399 12401
12403 12397 12398
12403 12398 12402
12396 12404 12400
12396 12405 12404
12405 12406 12404
12405 12407 12406
12406 12407 12408
12409 12400 12404
12409 12401 12400
12409 12404 12406
12401 12410 12402
12403 12402 12410
12409 12410 12401
12411 12397 12403
12411 12378 12397
12406 12408 12412
12412 12408 12413
12409 12414 12410
12403 12410 12415
12414 12415 12410
12409 12406 12416
12416 12414 12409
12417 12403 12415
12417 12411 12403
12414 12418 12415
12417 12415 12418
12406 12412 12419
12406 12419 12416
12416 12420 12414
12420 12418 12414
12421 12416 12419
12421 12420 12416
12420 12422 12418
12423 12422 12420
12423 12420 12421
12418 12422 12424
12417 12418 12424
12425 12417 12424
12426 12423 12421
12425 12427 12417
12428 12427 12425
12411 12417 12427
12429 12421 12419
12426 12421 12429
12428 12430 12427
12430 12428 12431
12411 12427 12432
12432 12427 12430
12411 12432 12378
12429 12419 12433
12412 12433 12419
12434 12433 12412
12429 12433 12434
12412 12413 12434
12435 12426 12429
12429 12434 12435
12435 12436 12426
12435 12437 12436
12435 12438 12437
12434 12438 12435
12434 12439 12438
12413 12439 12434
12413 12440 12439
12378 12432 12441
12442 12441 12432
12432 12430 12442
12443 12442 12430
12430 12431 12443
12443 12444 12442
12444 12441 12442
12431 12445 12443
12445 12444 12443
12431 12446 12445
12445 12447 12444
12441 12444 12447
12441 12447 12448
12441 12448 12449
12441 12449 12378
12450 12449 12448
12449 12451 12378
12378 12451 12375
12375 12451 12452
12452 12451 12449
12375 12452 12374
12450 12453 12449
12452 12449 12453
12454 12374 12452
12454 12369 12374
12453 12450 12455
12456 12455 12450
12453 12455 12457
12452 12453 12458
12458 12453 12457
12452 12458 12454
12458 12457 12459
12459 12460 12458
12460 12454 12458
12459 12461 12460
12454 12462 12369
12460 12462 12454
12369 12462 12371
12463 12460 12461
12460 12463 12462
12463 12461 12464
12463 12464 12465
12463 12465 12466
12467 12463 12466
12467 12462 12463
12467 12371 12462
12467 12468 12371
12469 12371 12468
12468 12470 12469
12471 12472 12473
12471 12474 12472
12471 12475 12474
12471 12476 12475
12476 12477 12475
12476 12478 12477
12479 12474 12475
12477 12479 12475
12474 12480 12472
12479 12481 12474
12474 12481 12480
12472 12480 12482
12472 12482 12483
12483 12482 12484
12483 12484 12485
12486 12485 12484
12486 12487 12485
12488 12487 12486
12488 12489 12487
12489 12488 12490
12489 12490 12491
12492 12491 12490
12492 12493 12491
12494 12493 12492
12495 12480 12481
12480 12496 12482
12480 12495 12496
12496 12495 12497
12498 12482 12496
12496 12497 12498
12498 12484 12482
12499 12484 12498
12499 12486 12484
12495 12481 12500
12500 12481 12479
12497 12501 12498
12499 12498 12501
12486 12499 12502
12486 12502 12488
12499 12501 12503
12502 12499 12503
12504 12495 12500
12500 12479 12505
12505 12504 12500
12495 12506 12497
12504 12506 12495
12507 12505 12479
12477 12507 12479
12497 12506 12508
12508 12506 12504
12508 12509 12497
12508 12504 12510
12508 12510 12509
12510 12511 12509
12505 12512 12504
12510 12504 12512
12507 12513 12505
12512 12505 12513
12510 12512 12514
12514 12511 12510
12515 12514 12512
12512 12513 12515
12513 12516 12515
12515 12517 12514
12514 12517 12511
12515 12518 12517
12516 12518 12515
12509 12519 12497
12497 12519 12501
12501 12519 12520
12519 12509 12520
12507 12521 12513
12516 12513 12521
12511 12517 12522
12518 12522 12517
12501 12520 12523
12503 12501 12523
12509 12511 12524
12525 12524 12511
12509 12524 12526
12526 12520 12509
12511 12522 12527
12525 12511 12527
12528 12524 12525
12526 12524 12528
12526 12529 12520
12526 12530 12529
12528 12530 12526
12520 12529 12531
12531 12523 12520
12531 12532 12523
12528 12533 12530
12532 12534 12523
12532 12535 12534
12503 12523 12534
12536 12533 12528
12528 12525 12536
12534 12535 12537
12537 12535 12538
12503 12534 12539
12537 12539 12534
12502 12503 12539
12540 12502 12539
12540 12488 12502
12541 12533 12536
12541 12542 12533
12543 12542 12541
12537 12538 12544
12544 12538 12545
12545 12546 12544
12545 12547 12546
12546 12547 12548
12549 12539 12537
12540 12539 12549
12549 12537 12550
12544 12550 12537
12540 12549 12550
12544 12551 12550
12546 12551 12544
12540 12550 12552
12551 12552 12550
12540 12552 12488
12490 12488 12552
12553 12490 12552
12551 12553 12552
12553 12492 12490
12551 12554 12553
12553 12554 12492
12551 12555 12554
12546 12555 12551
12492 12554 12556
12556 12554 12555
12546 12557 12555
12556 12555 12557
12546 12558 12557
12546 12548 12558
12557 12558 12559
12559 12556 12557
12560 12558 12548
12560 12559 12558
12560 12548 12561
12492 12556 12562
12494 12492 12562
12559 12563 12556
12562 12556 12563
12494 12562 12564
12562 12563 12564
12494 12564 12565
12566 12563 12559
12560 12566 12559
12567 12560 12561
12567 12561 12568
12569 12565 12564
12569 12570 12565
12564 12563 12571
12566 12571 12563
12571 12572 12564
12566 12572 12571
12564 12572 12569
12566 12560 12573
12566 12573 12572
12573 12560 12567
12568 12574 12567
12568 12575 12574
12570 12569 12576
12570 12576 12577
12578 12569 12572
12573 12578 12572
12578 12576 12569
12567 12579 12573
12573 12579 12578
12574 12579 12567
12575 12580 12574
12575 12581 12580
12582 12577 12576
12582 12583 12577
12578 12584 12576
12579 12584 12578
12582 12576 12584
12574 12585 12579
12585 12574 12580
12579 12585 12584
12586 12583 12582
12586 12587 12583
12584 12585 12588
12585 12580 12588
12580 12589 12588
12590 12580 12581
12580 12590 12589
12590 12581 12591
12582 12584 12592
12584 12588 12592
12586 12582 12592
12592 12588 12589
12593 12590 12591
12589 12590 12593
12593 12591 12594
12595 12587 12586
12595 12596 12587
12586 12592 12597
12592 12589 12597
12586 12597 12595
12598 12593 12594
12598 12594 12599
12600 12596 12595
12600 12601 12596
12595 12597 12602
12589 12602 12597
12600 12595 12602
12603 12589 12593
12598 12603 12593
12589 12603 12602
12604 12598 12599
12603 12598 12604
12603 12604 12602
12604 12600 12602
12601 12600 12604
12604 12599 12605
12601 12604 12605
12606 12607 12608
12608 12609 12606
12610 12609 12608
12611 12606 12609
12606 12611 12612
12612 12611 12613
12613 12611 12609
12612 12613 12614
12615 12614 12613
12615 12616 12614
12616 12615 12617
12618 12617 12615
12613 12618 12615
12619 12617 12618
12618 12620 12619
12613 12609 12621
12613 12621 12618
12610 12622 12609
12622 12621 12609
12618 12623 12620
12621 12623 12618
12624 12620 12623
12624 12625 12620
12626 12625 12624
12626 12627 12625
12628 12627 12626
12621 12629 12623
12629 12624 12623
12622 12629 12621
12629 12630 12624
12622 12630 12629
12630 12626 12624
12610 12631 12622
12622 12631 12630
12632 12630 12631
12610 12633 12631
12633 12632 12631
12633 12634 12632
12632 12634 12635
12628 12626 12636
12637 12628 12636
12630 12638 12626
12632 12638 12630
12626 12638 12639
12626 12639 12636
12639 12638 12632
12632 12635 12640
12639 12632 12640
12640 12635 12641
12637 12636 12642
12642 12636 12639
12643 12639 12640
12642 12639 12643
12640 12641 12644
12643 12640 12644
12644 12641 12645
12637 12642 12646
12646 12642 12643
12637 12646 12647
12648 12643 12644
12646 12643 12648
12644 12645 12649
12648 12644 12649
12649 12645 12650
12647 12646 12651
12651 12646 12648
12647 12651 12652
12653 12652 12651
12649 12650 12654
12648 12649 12654
12654 12650 12655
12653 12651 12656
12656 12657 12653
12651 12648 12658
12648 12654 12658
12658 12656 12651
12654 12655 12659
12660 12659 12655
12661 12658 12654
12661 12654 12659
12658 12661 12656
12660 12662 12659
12662 12661 12659
12663 12662 12660
12656 12664 12657
12665 12657 12664
12656 12661 12666
12656 12666 12664
12662 12666 12661
12665 12664 12667
12667 12664 12666
12667 12668 12665
12663 12669 12662
12670 12669 12663
12671 12666 12662
12667 12666 12671
12671 12662 12669
12667 12672 12668
12673 12668 12672
12667 12671 12674
12669 12674 12671
12667 12674 12672
12670 12675 12669
12669 12675 12674
12676 12675 12670
12676 12677 12675
12677 12674 12675
12678 12677 12676
12677 12679 12674
12678 12679 12677
12672 12674 12679
12678 12680 12679
12681 12679 12680
12681 12673 12682
12673 12672 12682
12681 12682 12679
12672 12679 12682
12683 12684 12685
12685 12686 12683
12686 12685 12687
12688 12686 12687
12689 12683 12686
12689 12690 12683
12688 12691 12686
12691 12689 12686
12691 12688 12692
12691 12692 12693
12694 12693 12692
12693 12694 12695
12691 12693 12695
12696 12695 12694
12697 12695 12696
12691 12698 12689
12691 12695 12698
12689 12699 12690
12698 12699 12689
12697 12700 12695
12700 12698 12695
12701 12690 12699
12701 12702 12690
12703 12702 12701
12703 12704 12702
12705 12704 12703
12698 12706 12699
12700 12706 12698
12706 12701 12699
12697 12707 12700
12707 12706 12700
12697 12708 12707
12708 12709 12707
12708 12710 12709
12709 12710 12711
12706 12712 12701
12707 12712 12706
12712 12703 12701
12709 12712 12707
12705 12703 12713
12714 12705 12713
12712 12715 12703
12709 12715 12712
12703 12715 12716
12703 12716 12713
12716 12715 12709
12709 12711 12717
12716 12709 12717
12717 12711 12718
12714 12713 12719
12719 12713 12716
12720 12716 12717
12719 12716 12720
12719 12720 12721
12714 12719 12722
12719 12721 12722
12723 12722 12721
12714 12722 12724
12724 12722 12723
12724 12723 12725
12726 12725 12723
12720 12717 12727
12717 12718 12727
12721 12720 12727
12728 12727 12718
12721 12727 12728
12728 12718 12729
12728 12729 12730
12728 12730 12731
12721 12728 12731
12731 12730 12732
12726 12723 12733
12733 12734 12726
12723 12721 12735
12721 12731 12735
12723 12735 12736
12736 12735 12731
12723 12736 12733
12731 12732 12737
12736 12731 12737
12738 12737 12732
12738 12739 12737
12739 12736 12737
12740 12739 12738
12733 12741 12734
12742 12734 12741
12733 12736 12743
12739 12743 12736
12733 12743 12741
12740 12744 12739
12743 12739 12744
12745 12744 12740
12742 12741 12746
12746 12741 12743
12746 12747 12742
12745 12748 12744
12749 12748 12745
12743 12744 12750
12746 12743 12750
12748 12750 12744
12746 12751 12747
12750 12751 12746
12752 12747 12751
12749 12753 12748
12754 12753 12749
12755 12753 12754
12748 12756 12750
12750 12756 12751
12753 12756 12748
12752 12751 12757
12756 12757 12751
12758 12752 12757
12758 12757 12755
12759 12753 12755
12753 12759 12756
12755 12757 12759
12756 12759 12757
12760 12761 12762
12760 12762 12763
12760 12763 12764
12765 12764 12763
12762 12766 12763
12767 12766 12762
12765 12763 12768
12768 12763 12766
12769 12765 12768
12769 12770 12765
12769 12771 12770
12771 12769 12772
12773 12772 12769
12768 12773 12769
12773 12774 12772
12768 12766 12775
12768 12775 12773
12767 12776 12766
12776 12775 12766
12773 12777 12774
12775 12777 12773
12767 12778 12776
12767 12779 12778
12779 12780 12778
12779 12781 12780
12780 12781 12782
12776 12783 12775
12778 12783 12776
12775 12783 12777
12778 12784 12783
12784 12777 12783
12780 12784 12778
12785 12774 12777
12784 12785 12777
12784 12786 12785
12785 12787 12774
12786 12787 12785
12786 12788 12787
12789 12788 12786
12780 12782 12790
12790 12782 12791
12780 12792 12784
12784 12792 12786
12793 12792 12780
12786 12792 12793
12793 12780 12790
12789 12786 12794
12786 12793 12794
12795 12789 12794
12796 12794 12793
12795 12794 12796
12797 12793 12790
12796 12793 12797
12790 12791 12798
12797 12790 12798
12795 12796 12799
12795 12799 12800
12796 12797 12801
12801 12797 12798
12796 12801 12799
12802 12798 12791
12801 12798 12802
12802 12791 12803
12802 12803 12804
12802 12804 12805
12801 12802 12805
12805 12804 12806
12800 12799 12807
12800 12807 12808
12809 12808 12807
12799 12801 12810
12801 12805 12810
12799 12810 12807
12805 12806 12811
12812 12811 12806
12813 12810 12805
12807 12810 12813
12813 12805 12811
12809 12807 12814
12807 12813 12814
12814 12815 12809
12812 12816 12811
12816 12813 12811
12817 12816 12812
12814 12818 12815
12819 12815 12818
12814 12813 12820
12816 12820 12813
12814 12820 12818
12817 12821 12816
12820 12816 12821
12822 12821 12817
12819 12818 12823
12823 12818 12820
12823 12824 12819
12822 12825 12821
12826 12825 12822
12820 12821 12827
12823 12820 12827
12825 12827 12821
12823 12828 12824
12827 12828 12823
12829 12824 12828
12826 12830 12825
12831 12830 12826
12825 12832 12827
12827 12832 12828
12830 12832 12825
12829 12828 12833
12832 12833 12828
12834 12829 12833
12831 12835 12830
12830 12835 12832
12832 12835 12833
12834 12833 12835
12831 12836 12835
12834 12835 12836
12837 12838 12839
12837 12839 12840
12840 12839 12841
12842 12837 12840
12842 12843 12837
12840 12841 12844
12844 12841 12845
12840 12844 12846
12840 12846 12842
12842 12846 12847
12843 12842 12848
12842 12847 12848
12843 12848 12849
12849 12848 12850
12847 12850 12848
12849 12850 12851
12852 12851 12850
12844 12845 12853
12846 12844 12853
12854 12853 12845
12854 12845 12855
12854 12855 12856
12846 12853 12857
12847 12846 12857
12854 12857 12853
12852 12850 12858
12858 12859 12852
12854 12856 12860
12860 12856 12861
12860 12861 12862
12862 12861 12863
12864 12854 12860
12864 12860 12862
12854 12865 12857
12864 12865 12854
12847 12857 12866
12866 12857 12865
12847 12867 12850
12858 12850 12867
12858 12868 12859
12869 12859 12868
12870 12847 12866
12870 12867 12847
12867 12870 12871
12858 12867 12872
12868 12858 12872
12867 12871 12872
12873 12870 12866
12873 12866 12865
12871 12870 12873
12869 12868 12874
12875 12869 12874
12868 12872 12876
12876 12874 12868
12877 12873 12865
12877 12865 12864
12878 12877 12864
12875 12874 12879
12880 12875 12879
12881 12873 12877
12871 12873 12881
12876 12872 12882
12871 12882 12872
12876 12883 12874
12879 12874 12883
12880 12879 12884
12884 12885 12880
12886 12877 12878
12881 12877 12886
12876 12882 12887
12883 12876 12887
12879 12883 12888
12884 12879 12888
12884 12889 12885
12890 12885 12889
12883 12887 12891
12888 12883 12891
12884 12888 12892
12892 12889 12884
12890 12889 12893
12894 12890 12893
12894 12893 12895
12896 12894 12895
12897 12893 12889
12897 12895 12893
12892 12898 12889
12897 12889 12898
12899 12892 12888
12899 12898 12892
12888 12891 12900
12899 12888 12900
12896 12895 12901
12901 12902 12896
12903 12900 12891
12899 12900 12904
12903 12904 12900
12891 12905 12903
12891 12887 12905
12887 12906 12905
12887 12882 12906
12907 12906 12882
12907 12882 12871
12871 12908 12907
12871 12881 12908
12881 12909 12908
12881 12886 12909
12907 12908 12516
12516 12908 12909
12906 12907 12521
12907 12516 12521
12906 12521 12910
12905 12906 12910
12507 12910 12521
12905 12910 12911
12911 12910 12507
12903 12905 12911
12911 12507 12477
12903 12911 12912
12477 12912 12911
12477 12478 12912
12903 12912 12904
12478 12913 12912
12912 12913 12904
12478 12914 12913
12914 12915 12913
12904 12913 12915
12916 12915 12914
12904 12915 12917
12916 12917 12915
12899 12904 12917
12916 12918 12917
12916 12919 12918
12917 12920 12899
12917 12918 12920
12899 12920 12898
12921 12898 12920
12918 12921 12920
12921 12897 12898
12919 12922 12918
12918 12922 12921
12919 12923 12922
12922 12923 12924
12922 12924 12925
12921 12922 12925
12926 12925 12924
12927 12897 12921
12921 12925 12927
12926 12928 12925
12928 12926 12929
12927 12930 12897
12897 12930 12895
12931 12927 12925
12930 12927 12931
12931 12925 12928
12895 12930 12932
12930 12931 12932
12895 12932 12901
12928 12933 12931
12932 12931 12933
12928 12929 12934
12934 12933 12928
12901 12932 12935
12932 12933 12935
12936 12934 12929
12936 12929 12937
12934 12938 12933
12935 12933 12938
12901 12935 12939
12901 12939 12902
12934 12940 12938
12936 12940 12934
12935 12938 12941
12939 12935 12941
12941 12938 12940
12937 12942 12936
12937 12943 12942
12944 12902 12939
12944 12945 12902
12945 12944 12946
12945 12946 12947
12946 12948 12947
12949 12939 12941
12941 12940 12949
12944 12939 12949
12936 12950 12940
12949 12940 12950
12950 12936 12942
12944 12949 12951
12951 12946 12944
12949 12950 12951
12952 12951 12950
12951 12952 12946
12943 12953 12942
12943 12954 12953
12950 12942 12955
12952 12950 12955
12956 12955 12942
12952 12955 12956
12956 12942 12953
12957 12956 12953
12958 12953 12954
12957 12953 12958
12958 12954 12959
12952 12956 12960
12960 12946 12952
12960 12956 12957
12961 12958 12959
12958 12961 12957
12961 12959 12962
12963 12961 12962
12961 12963 12957
12963 12962 12964
12965 12963 12964
12965 12957 12963
12965 12964 12966
12967 12965 12966
12968 12957 12965
12960 12957 12968
12967 12969 12965
12969 12968 12965
12969 12967 12970
12969 12970 12971
12969 12971 12968
12971 12970 12972
12968 12971 12973
12971 12972 12973
12973 12960 12968
12973 12972 12948
12973 12974 12960
12973 12948 12974
12960 12974 12946
12946 12974 12948
12975 12976 12977
12975 12977 12978
12979 12975 12978
12979 12978 12980
12981 12979 12980
12981 12980 12982
12983 12981 12982
12983 12982 12984
12984 12985 12983
12984 12986 12985
12987 12985 12986
12987 12986 12988
12989 12990 12991
12989 12991 12992
12992 12991 12993
12992 12993 12994
12994 12993 12995
12994 12995 12996
12996 12995 12997
12996 12997 12998
12998 12997 12999
12998 12999 13000
13000 12999 13001
13000 13001 13002
13003 13004 13005
13003 13006 13004
13007 13006 13003
13008 13004 13006
13007 13009 13006
13010 13009 13007
13008 13006 13011
13009 13011 13006
13012 13008 13011
13010 13013 13009
13014 13013 13010
13012 13011 13015
13016 13012 13015
13016 13015 13017
13009 13018 13011
13018 13015 13011
13013 13018 13009
13017 13015 13019
13018 13019 13015
13017 13019 13020
13014 13021 13013
13022 13021 13014
13013 13023 13018
13023 13019 13018
13021 13023 13013
13020 13019 13024
13023 13024 13019
13020 13024 13025
13022 13026 13021
13027 13026 13022
13021 13028 13023
13028 13024 13023
13026 13028 13021
13025 13024 13029
13028 13029 13024
13025 13029 13030
13027 13031 13026
13032 13031 13027
13026 13033 13028
13033 13029 13028
13031 13033 13026
13030 13029 13034
13033 13034 13029
13030 13034 13035
13032 13036 13031
13037 13036 13032
13031 13038 13033
13038 13034 13033
13036 13038 13031
13035 13034 13039
13038 13039 13034
13035 13039 13040
13037 13041 13036
13042 13041 13037
13036 13043 13038
13043 13039 13038
13041 13043 13036
13040 13039 13044
13043 13044 13039
13040 13044 13045
13042 13046 13041
13047 13046 13042
13041 13048 13043
13048 13044 13043
13046 13048 13041
13045 13044 13049
13048 13049 13044
13045 13049 13050
13047 13051 13046
13052 13051 13047
13046 13053 13048
13053 13049 13048
13051 13053 13046
13050 13049 13054
13053 13054 13049
13050 13054 13055
13052 13056 13051
13057 13056 13052
13057 13058 13056
13051 13059 13053
13059 13054 13053
13056 13059 13051
13055 13054 13060
13059 13060 13054
13055 13060 13061
13058 13062 13056
13056 13062 13059
13062 13060 13059
13058 13063 13062
13061 13060 13064
13062 13064 13060
13063 13064 13062
13061 13064 13065
13063 13066 13064
13065 13064 13066
13065 13066 13067
13068 13069 13070
13068 13071 13069
13072 13071 13068
13071 13073 13069
13072 13074 13071
13075 13074 13072
13071 13076 13073
13074 13076 13071
13076 13077 13073
13075 13078 13074
13079 13078 13075
13076 13080 13077
13080 13081 13077
13080 13082 13081
13074 13083 13076
13083 13080 13076
13078 13083 13074
13084 13082 13080
13083 13084 13080
13084 13085 13082
13079 13086 13078
13087 13086 13079
13078 13088 13083
13088 13084 13083
13086 13088 13078
13089 13085 13084
13088 13089 13084
13089 13090 13085
13087 13091 13086
13092 13091 13087
13086 13093 13088
13093 13089 13088
13091 13093 13086
13094 13090 13089
13093 13094 13089
13094 13095 13090
13092 13096 13091
13097 13096 13092
13091 13098 13093
13098 13094 13093
13096 13098 13091
13099 13095 13094
13098 13099 13094
13099 13100 13095
13097 13101 13096
13102 13101 13097
13096 13103 13098
13103 13099 13098
13101 13103 13096
13104 13100 13099
13103 13104 13099
13104 13105 13100
13102 13106 13101
13107 13106 13102
13101 13108 13103
13108 13104 13103
13106 13108 13101
13109 13105 13104
13108 13109 13104
13109 13110 13105
13107 13111 13106
13112 13111 13107
13106 13113 13108
13113 13109 13108
13111 13113 13106
13114 13110 13109
13113 13114 13109
13114 13115 13110
13112 13116 13111
13117 13116 13112
13111 13118 13113
13118 13114 13113
13116 13118 13111
13119 13115 13114
13118 13119 13114
13119 13120 13115
13117 13121 13116
13122 13121 13117
13122 13123 13121
13116 13124 13118
13124 13119 13118
13121 13124 13116
13125 13120 13119
13124 13125 13119
13125 13126 13120
13123 13127 13121
13121 13127 13124
13127 13125 13124
13123 13128 13127
13129 13126 13125
13127 13129 13125
13128 13129 13127
13129 13130 13126
13128 13131 13129
13131 13130 13129
13131 13132 13130
13133 13134 13135
13133 13136 13134
13136 13137 13134
13136 13138 13137
13138 13139 13137
13138 13140 13139
13140 13141 13139
13140 13142 13141
13142 13143 13141
13142 13144 13143
13144 13145 13143
13144 13146 13145
13146 13147 13145
13146 13148 13147
13148 13149 13147
13148 13150 13149
13150 13151 13149
13150 13152 13151
13152 13153 13151
13152 13154 13153
13154 13155 13153
13154 13156 13155
13156 13157 13155
13156 13158 13157
13158 13159 13157
13158 13160 13159
13160 13161 13159
13160 13162 13161
13162 13163 13161
13162 13164 13163
13164 13165 13163
13164 13166 13165
13167 13168 13169
13167 13170 13168
13170 13171 13168
13170 13172 13171
13172 13173 13171
13172 13174 13173
13174 13175 13173
13174 13176 13175
13176 13177 13175
13176 13178 13177
13178 13179 13177
13178 13180 13179
13180 13181 13179
13180 13182 13181
13182 13183 13181
13182 13184 13183
13184 13185 13183
13184 13186 13185
13186 13187 13185
13186 13188 13187
13188 13189 13187
13188 13190 13189
13190 13191 13189
13190 13192 13191
13192 13193 13191
13192 13194 13193
13194 13195 13193
13194 13196 13195
13196 13197 13195
13196 13198 13197
13198 13199 13197
13198 13200 13199
13201 13202 13203
13201 13204 13202
13204 13205 13202
13204 13206 13205
13206 13207 13205
13206 13208 13207
13208 13209 13207
13208 13210 13209
13210 13211 13209
13210 13212 13211
13212 13213 13211
13212 13214 13213
13214 13215 13213
13214 13216 13215
13216 13217 13215
13216 13218 13217
13218 13219 13217
13218 13220 13219
13220 13221 13219
13220 13222 13221
13222 13223 13221
13222 13224 13223
13224 13225 13223
13224 13226 13225
13226 13227 13225
13226 13228 13227
13228 13229 13227
13228 13230 13229
13230 13231 13229
13230 13232 13231
13232 13233 13231
13232 13234 13233
13235 13236 13237
13235 13238 13236
13238 13239 13236
13238 13240 13239
13240 13241 13239
13240 13242 13241
13242 13243 13241
13242 13244 13243
13244 13245 13243
13244 13246 13245
13246 13247 13245
13246 13248 13247
13248 13249 13247
13248 13250 13249
13250 13251 13249
13250 13252 13251
13252 13253 13251
13252 13254 13253
13254 13255 13253
13254 13256 13255
13256 13257 13255
13256 13258 13257
13258 13259 13257
13258 13260 13259
13260 13261 13259
13260 13262 13261
13262 13263 13261
13262 13264 13263
13264 13265 13263
13264 13266 13265
13266 13267 13265
13266 13268 13267
13269 13270 13271
13269 13271 13272
13273 13274 13275
13273 13275 13276
13277 13278 13279
13277 13279 13280
13281 13282 13283
13281 13283 13284
13285 13286 13287
13285 13287 13288
13289 13290 13291
13289 13291 13292
13293 13294 13295
13293 13295 13296
13297 13298 13299
13297 13299 13300
13301 13302 13303
13301 13303 13304
13305 13306 13307
13305 13307 13308
13309 13310 13311
13309 13311 13312
13313 13314 13315
13313 13315 13316
13317 13318 13319
13317 13319 13320
13321 13322 13323
13321 13323 13324
13325 13326 13327
13325 13327 13328
13329 13330 13331
13329 13331 13332
13333 13334 13335
13333 13335 13336
13337 13338 13339
13337 13339 13340
13341 13342 13343
13341 13343 13344
13345 13346 13347
13345 13347 13348
13349 13350 13351
13349 13351 13352
13353 13354 13355
13353 13355 13356
13357 13358 13359
13357 13359 13360
13361 13362 13363
13361 13363 13364
13365 13366 13367
13365 13367 13368
13369 13370 13371
13369 13371 13372
13373 13374 13375
13373 13375 13376
13377 13378 13379
13377 13379 13380
13381 13382 13383
13381 13383 13384
13385 13386 13387
13385 13387 13388
13389 13390 13391
13389 13391 13392
13393 13394 13395
13393 13395 13396
13397 13398 13399
13397 13399 13400
13401 13402 13403
13401 13403 13404
13405 13406 13407
13405 13407 13408
13409 13410 13411
13409 13411 13412
13413 13414 13415
13413 13415 13416
13417 13418 13419
13417 13419 13420
13421 13422 13423
13421 13423 13424
13425 13426 13427
13425 13427 13428
13429 13430 13431
13429 13431 13432
13431 13433 13432
13434 13432 13433
13431 13435 13433
13436 13434 13433
13437 13433 13435
13436 13433 13437
13438 13436 13437
13437 13435 13439
13438 13437 13440
13440 13437 13439
13440 13439 13441
13442 13443 13444
13442 13444 13445
13446 13442 13445
13446 13445 13447
13448 13449 13450
13448 13451 13449
13451 13452 13449
13451 13453 13452
13453 13454 13452
13453 13455 13454
13455 13456 13454
13455 13457 13456
13456 13458 13454
13459 13460 13461
13459 13461 13462
13463 13459 13462
13463 13462 13464
13461 13465 13462
13465 13464 13462
13461 13466 13465
13465 13467 13464
13467 13465 13468
13465 13466 13469
13465 13469 13468
13469 13470 13468
13469 13471 13470
13472 13473 13474
13473 13475 13474
13475 13476 13474
13473 13477 13475
13473 13478 13477
13478 13479 13477
13478 13480 13479
13480 13481 13479
13480 13482 13481
13483 13484 13485
13483 13485 13486
13485 13487 13486
13485 13488 13487
13489 13490 13491
13489 13491 13492
13492 13491 13493
13492 13493 13494
13494 13493 13495
13494 13495 13496
13496 13495 13497
13496 13497 13498
13498 13497 13499
13498 13499 13500
13501 13500 13499
13501 13499 13502
13502 13503 13501
13502 13504 13503
13505 13503 13504
13505 13504 13506
13505 13506 13507
13505 13507 13508
13509 13510 13511
13509 13512 13510
13512 13513 13510
13512 13514 13513
13515 13514 13512
13509 13516 13512
13515 13512 13516
13509 13517 13516
13516 13517 13518
13515 13516 13519
13516 13518 13519
13515 13519 13520
13521 13520 13519
13522 13519 13518
13521 13519 13522
13522 13518 13523
13524 13521 13522
13525 13522 13523
13524 13522 13525
13525 13523 13526
13527 13525 13526
13528 13524 13525
13527 13528 13525
13528 13529 13524
13530 13528 13527
13531 13529 13528
13530 13531 13528
13531 13532 13529
13533 13532 13531
13534 13531 13530
13533 13531 13534
13535 13533 13534
13534 13530 13536
13535 13534 13537
13537 13534 13536
13537 13536 13538
13539 13540 13541
13539 13542 13540
13543 13540 13542
13543 13542 13544
13543 13544 13545
13543 13545 13546
13545 13547 13546
13545 13548 13547
13549 13547 13548
13549 13550 13547
13549 13551 13550
13549 13552 13551
13552 13553 13551
13552 13554 13553
13553 13554 13555
13553 13555 13556
13555 13557 13556
13555 13558 13557
13559 13560 13561
13559 13562 13560
13562 13563 13560
13562 13564 13563
13564 13565 13563
13564 13566 13565
13566 13567 13565
13566 13568 13567
13568 13569 13567
13568 13570 13569
13571 13569 13570
13571 13570 13572
13572 13573 13571
13572 13574 13573
13575 13573 13574
13575 13576 13573
13575 13577 13576
13575 13578 13577
13579 13580 13581
13579 13581 13582
13582 13581 13583
13582 13583 13584
13579 13582 13585
13585 13582 13584
13579 13585 13586
13585 13584 13587
13588 13586 13585
13589 13585 13587
13588 13585 13589
13589 13587 13590
13591 13589 13590
13592 13588 13589
13591 13592 13589
13592 13593 13588
13594 13592 13591
13595 13593 13592
13594 13595 13592
13595 13596 13593
13597 13596 13595
13598 13595 13594
13597 13595 13598
13598 13594 13599
13600 13597 13598
13601 13598 13599
13600 13598 13601
13601 13599 13602
13603 13601 13602
13604 13600 13601
13603 13604 13601
13605 13604 13603
13604 13606 13600
13605 13607 13604
13607 13606 13604
13607 13608 13606
13609 13610 13611
13609 13611 13612
13613 13612 13611
13613 13611 13614
13613 13614 13615
13613 13615 13616
13615 13617 13616
13615 13618 13617
13619 13617 13618
13619 13618 13620
13619 13620 13621
13619 13621 13622
13622 13621 13623
13622 13623 13624
13623 13625 13624
13623 13626 13625
13625 13626 13627
13625 13627 13628
13629 13630 13631
13629 13632 13630
13633 13632 13629
13633 13634 13632
13635 13634 13633
13635 13636 13634
13637 13636 13635
13637 13638 13636
13639 13638 13637
13639 13640 13638
13641 13640 13639
13641 13642 13640
13643 13642 13641
13643 13644 13642
13645 13644 13643
13645 13646 13644
13645 13647 13646
13648 13647 13645
13648 13649 13647
13650 13651 13652
13650 13653 13651
13651 13653 13654
13651 13654 13655
13653 13656 13654
13653 13650 13657
13653 13657 13656
13650 13658 13657
13659 13656 13657
13659 13660 13656
13657 13658 13661
13659 13657 13661
13662 13661 13658
13663 13661 13662
13664 13660 13659
13661 13664 13659
13664 13665 13660
13663 13666 13661
13661 13666 13664
13667 13666 13663
13667 13668 13666
13664 13666 13668
13669 13668 13667
13670 13665 13664
13664 13668 13670
13670 13671 13665
13669 13672 13668
13672 13670 13668
13673 13672 13669
13674 13673 13669
13675 13673 13674
13675 13676 13673
13673 13676 13677
13673 13677 13678
13673 13678 13679
13680 13679 13671
13680 13671 13670
13672 13680 13670
13673 13679 13680
13673 13680 13672
13681 13682 13683
13681 13683 13684
13681 13684 13685
13685 13684 13686
13685 13686 13687
13688 13687 13686
13688 13686 13689
13690 13688 13689
13690 13689 13691
13692 13690 13691
13692 13691 13693
13694 13692 13693
13694 13693 13695
13696 13694 13695
13696 13697 13694
13698 13697 13696
13698 13696 13699
13700 13701 13702
13700 13702 13703
13704 13705 13706
13704 13706 13707
13708 13709 13710
13708 13711 13709
13712 13711 13708
13712 13708 13713
13712 13713 13714
13712 13714 13715
13716 13717 13718
13716 13719 13717
13720 13719 13716
13720 13716 13721
13720 13721 13722
13720 13722 13723
13724 13725 13726
13724 13727 13725
13724 13728 13727
13724 13729 13728
13728 13729 13730
13728 13730 13731
13732 13733 13734
13732 13734 13735
13736 13737 13738
13736 13738 13739
13740 13741 13742
13740 13742 13743
13744 13745 13746
13744 13747 13745
13748 13747 13744
13748 13744 13749
13748 13749 13750
13748 13750 13751
13752 13753 13754
13752 13755 13753
13756 13755 13752
13756 13752 13757
13756 13757 13758
13756 13758 13759
13760 13761 13762
13760 13763 13761
13760 13764 13763
13760 13765 13764
13764 13765 13766
13764 13766 13767
13768 13769 13770
13768 13770 13771
13772 13773 13774
13772 13774 13775
13776 13777 13778
13776 13778 13779
13780 13781 13782
13780 13783 13781
13784 13783 13780
13784 13780 13785
13784 13785 13786
13784 13786 13787
13788 13789 13790
13788 13791 13789
13792 13791 13788
13792 13788 13793
13792 13793 13794
13792 13794 13795
13796 13797 13798
13796 13799 13797
13796 13800 13799
13796 13801 13800
13800 13801 13802
13800 13802 13803
13804 13805 13806
13804 13806 13807
13808 13809 13810
13808 13810 13811
13812 13813 13814
13812 13814 13815
13816 13817 13818
13816 13819 13817
13820 13819 13816
13820 13816 13821
13820 13821 13822
13820 13822 13823
13824 13825 13826
13824 13827 13825
13828 13827 13824
13828 13824 13829
13828 13829 13830
13828 13830 13831
13832 13833 13834
13832 13835 13833
13832 13836 13835
13832 13837 13836
13836 13837 13838
13836 13838 13839
13840 13841 13842
13840 13842 13843
13844 13845 13846
13844 13846 13847
13847 13848 13844
13847 13849 13848
13849 13850 13848
13849 13851 13850
13851 13852 13850
13851 13853 13852
13854 13855 13856
13854 13856 13857
13858 13859 13860
13858 13860 13861
13861 13862 13858
13861 13863 13862
13863 13864 13862
13863 13865 13864
13866 13864 13865
13866 13865 13867
13867 13868 13866
13867 13869 13868
13870 13868 13869
13870 13869 13871
13871 13872 13870
13871 13873 13872
13873 13874 13872
13873 13875 13874
13876 13874 13875
13876 13875 13877
13878 13879 13880
13878 13881 13879
13881 13882 13879
13881 13883 13882
13883 13884 13882
13883 13885 13884
13885 13886 13884
13885 13887 13886
13888 13889 13890
13888 13890 13891
13892 13893 13894
13895 13894 13893
13895 13893 13896
13895 13896 13897
13895 13897 13898
13898 13897 13899
13899 13900 13898
13899 13897 13901
13899 13902 13900
13901 13902 13899
13902 13903 13900
13901 13904 13902
13902 13905 13903
13904 13905 13902
13904 13906 13905
13905 13907 13903
13905 13908 13907
13905 13909 13908
13905 13910 13909
13911 13907 13908
13911 13912 13907
13913 13912 13911
13913 13911 13914
13908 13915 13911
13908 13909 13915
13915 13914 13911
13915 13916 13914
13917 13914 13916
13917 13916 13918
13910 13919 13909
13915 13909 13919
13915 13919 13920
13915 13920 13916
13916 13920 13921
13910 13922 13919
13910 13923 13922
13924 13919 13922
13925 13924 13922
13918 13916 13926
13918 13926 13927
13926 13928 13927
13926 13929 13928
13928 13929 13930
13928 13930 13931
13930 13932 13931
13916 13921 13933
13916 13933 13934
13935 13934 13933
13935 13933 13936
13936 13937 13935
13933 13921 13938
13933 13938 13936
13936 13938 13939
13938 13940 13939
13939 13940 13941
13939 13941 13942
13939 13943 13936
13936 13943 13944
13936 13944 13945
13936 13945 13946
13936 13946 13937
13937 13946 13947
13937 13947 13948
13942 13949 13939
13942 13950 13949
13950 13951 13949
13950 13952 13951
13950 13953 13952
13952 13953 13954
13953 13955 13954
13956 13950 13942
13925 13956 13942
13957 13925 13942
13925 13958 13956
13959 13956 13958
13960 13958 13925
13957 13924 13925
13957 13961 13924
13962 13961 13957
13962 13957 13963
13962 13963 13964
13925 13965 13960
13922 13965 13925
13966 13960 13965
13922 13923 13965
13966 13965 13967
13967 13965 13923
13968 13966 13967
13967 13923 13969
13968 13967 13969
13970 13971 13972
13970 13972 13973
13970 13973 13974
13970 13974 13975
13976 13975 13974
13976 13974 13977
13978 13976 13977
13978 13977 13979
13979 13980 13978
13979 13981 13980
13980 13981 13982
13980 13982 13983
13984 13985 13986
13984 13986 13987
13988 13989 13990
13988 13990 13991
13992 13993 13994
13992 13994 13995
13996 13992 13995
13994 13997 13995
13994 13998 13997
13997 13999 13995
13995 13999 14000
13995 14000 13996
14001 13996 14000
14001 14000 14002
14003 14001 14002
14003 14004 14001
14001 14004 14005
14001 14005 14006
14007 14001 14006
14006 14005 14008
14007 14006 14009
14009 14010 14007
14009 14011 14010
14011 14012 14010
14011 14013 14012
14014 14006 14008
14015 14014 14008
14016 14014 14015
14016 14017 14014
14018 14017 14016
14018 14019 14017
14020 14021 14022
14020 14023 14021
14023 14024 14021
14023 14025 14024
14024 14025 14026
14024 14026 14027
14026 14028 14027
14026 14029 14028
14030 14028 14029
14031 14032 14033
14034 14032 14031
14034 14035 14032
14035 14034 14036
14035 14036 14037
14036 14038 14037
14038 14039 14037
14038 14040 14039
14040 14041 14039
14040 14042 14041
14041 14042 14043
14044 14045 14046
14046 14045 14047
14046 14047 14048
14047 14049 14048
14047 14050 14049
14051 14049 14050
14051 14050 14052
14053 14054 14055
14053 14055 14056
14057 14058 14059
14058 14060 14059
14059 14060 14061
14062 14060 14058
14063 14061 14060
14063 14064 14061
14060 14065 14063
14062 14065 14060
14063 14066 14064
14066 14067 14064
14068 14064 14067
14069 14065 14062
14067 14070 14068
14071 14068 14070
14069 14062 14072
14073 14071 14070
14074 14069 14072
14074 14072 14075
14074 14076 14069
14077 14073 14070
14077 14078 14073
14070 14079 14077
14080 14081 14082
14082 14083 14080
14082 14084 14083
14085 14083 14084
14085 14084 14086
14087 14085 14086
14087 14086 14088
14089 14087 14088
14090 14091 14092
14093 14090 14092
14093 14094 14090
14095 14090 14094
14095 14096 14090
14097 14094 14093
14097 14098 14094
14098 14095 14094
14099 14098 14097
14099 14097 14100
14099 14100 14101
14102 14101 14100
14103 14102 14100
14103 14104 14102
14104 14103 14105
14105 14106 14104
14107 14106 14105
14106 14107 14108
14106 14108 14109
14108 14110 14109
14098 14111 14095
14098 14112 14111
14095 14113 14114
14095 14115 14113
14116 14115 14095
14116 14095 14117
14117 14118 14116
14119 14115 14116
14120 14119 14116
14119 14121 14115
14121 14113 14115
14121 14122 14113
14122 14123 14113
14120 14124 14119
14120 14125 14124
14126 14124 14125
14127 14124 14126
14127 14126 14128
14128 14129 14127
14129 14128 14130
14131 14129 14130
14130 14132 14131
14130 14133 14132
14132 14133 14134
14135 14136 14137
14138 14135 14137
14138 14139 14135
14140 14139 14138
14140 14138 14141
14141 14142 14140
14141 14143 14142
14144 14142 14143
14144 14143 14145
14146 14147 14148
14146 14148 14149
14148 14150 14149
14151 14152 14153
14154 14153 14152
14154 14155 14153
14156 14155 14154
14156 14157 14155
14158 14157 14156
14158 14156 14159
14160 14161 14162
14163 14162 14161
14163 14161 14164
14164 14165 14163
14164 14166 14165
14167 14165 14166
14167 14166 14168
14169 14170 14171
14169 14171 14172
14173 14169 14172
14172 14171 14174
14171 14175 14174
14174 14175 14176
14174 14176 14177
14177 14178 14174
14174 14178 14179
14179 14180 14174
14174 14180 14181
14174 14181 14182
14182 14183 14174
14184 14172 14174
14173 14172 14184
14185 14173 14184
14185 14184 14186
14186 14184 14174
14187 14185 14186
14187 14186 14188
14188 14186 14174
14183 14189 14174
14189 14183 14190
14189 14190 14191
14192 14189 14191
14174 14189 14192
14192 14191 14193
14194 14192 14193
14174 14192 14194
14194 14193 14195
14194 14196 14174
14195 14196 14194
14195 14197 14196
14174 14198 14199
14174 14199 14200
14201 14174 14200
14174 14201 14202
14203 14174 14202
14174 14203 14204
14174 14204 14205
14198 14174 14206
14207 14174 14205
14206 14174 14208
14208 14209 14206
14208 14210 14209
14211 14210 14208
14174 14211 14208
14211 14212 14210
14213 14212 14211
14174 14213 14211
14213 14214 14212
14214 14213 14215
14213 14174 14215
14214 14215 14216
14217 14174 14207
14218 14217 14207
14218 14207 14219
14220 14217 14218
14220 14221 14217
14221 14174 14217
14222 14221 14220
14223 14174 14221
14222 14223 14221
14224 14174 14223
14225 14223 14222
14225 14224 14223
14226 14227 14228
14226 14229 14227
14229 14226 14230
14229 14230 14231
14231 14230 14232
14231 14232 14233
14233 14232 14234
14233 14234 14235
14236 14237 14238
14236 14238 14239
14240 14241 14242
14240 14243 14241
14243 14240 14244
14243 14244 14245
14245 14244 14246
14245 14246 14247
14248 14247 14246
14248 14249 14247
14249 14248 14250
14249 14250 14251
14252 14251 14250
14252 14253 14251
14253 14252 14254
14253 14254 14255
14255 14254 14256
14255 14256 14257
14258 14257 14256
14258 14259 14257
14260 14261 14262
14260 14262 14263
14263 14262 14264
14263 14264 14265
14265 14264 14266
14265 14266 14267
14267 14266 14268
14267 14268 14269
14270 14271 14272
14270 14272 14273
14274 14275 14276
14277 14276 14275
14277 14278 14276
14277 14279 14278
14277 14280 14279
14280 14281 14279
14281 14280 14282
14281 14283 14279
14281 14282 14284
14283 14281 14284
14284 14282 14285
14283 14284 14286
14284 14285 14287
14286 14284 14287
14287 14285 14288
14286 14287 14289
14290 14286 14289
14291 14286 14290
14291 14290 14292
14287 14288 14293
14287 14293 14294
14287 14294 14295
14296 14293 14288
14296 14288 14297
14298 14296 14297
14298 14299 14296
14293 14296 14300
14293 14300 14294
14300 14296 14299
14300 14299 14301
14302 14301 14299
14302 14303 14301
14295 14294 14304
14300 14304 14294
14300 14305 14304
14300 14301 14305
14301 14306 14305
14295 14304 14307
14295 14307 14308
14309 14307 14304
14310 14307 14309
14303 14311 14301
14303 14312 14311
14311 14312 14313
14311 14313 14314
14313 14315 14314
14313 14316 14315
14315 14316 14317
14307 14318 14308
14307 14310 14318
14319 14310 14309
14319 14309 14320
14321 14319 14320
14321 14322 14319
14321 14323 14322
14319 14324 14310
14325 14308 14318
14325 14326 14308
14327 14326 14325
14327 14325 14328
14328 14325 14318
14328 14318 14329
14310 14329 14318
14329 14310 14330
14310 14331 14330
14310 14324 14331
14332 14330 14331
14331 14324 14333
14324 14334 14333
14333 14334 14335
14333 14335 14336
14333 14336 13953
14336 14337 13953
13953 14337 14338
14324 14339 14334
14339 14324 14340
14339 14340 14341
14342 14339 14341
14343 14339 14342
14339 14343 14344
14343 14345 14344
14343 14346 14345
14343 14347 14346
14348 14343 14342
14348 14342 14306
14301 14348 14306
14301 14349 14348
14350 14348 14349
14350 14343 14348
14343 14350 14351
14343 14351 14347
14351 14352 14347
14351 14353 14352
14354 14355 14356
14354 14357 14355
14354 14358 14357
14354 14359 14358
14360 14358 14359
14360 14361 14358
14362 14361 14360
14362 14363 14361
14363 14362 14364
14363 14364 14365
14364 14366 14365
14364 14367 14366
14368 14369 14370
14368 14370 14371
14372 14373 14374
14372 14374 14375
14376 14377 14378
14376 14379 14377
14380 14379 14376
14377 14379 14381
14377 14381 14382
14381 14379 14383
14379 14384 14383
14379 14380 14384
14385 14384 14380
14385 14386 14384
14387 14386 14385
14387 14385 14388
14385 14389 14388
14385 14390 14389
14391 14390 14385
14390 14392 14389
14391 14393 14390
14393 14391 14394
14393 14394 14395
14395 14394 14396
14395 14396 14397
14398 14392 14390
14399 14392 14398
14400 14399 14398
14400 14398 14401
14402 14400 14401
14402 14401 14403
14404 14405 14406
14404 14406 14407
14407 14406 14408
14407 14408 14409
14408 14410 14409
14408 14411 14410
14410 14411 14412
14410 14412 14413
14414 14413 14412
14415 14416 14417
14418 14415 14417
14418 14417 14419
14419 14420 14418
14419 14421 14420
14420 14421 14422
14422 14421 14423
14422 14423 14424
14424 14423 14425
14424 14425 14426
14425 14427 14426
14428 14429 14430
14429 14431 14430
14429 14432 14431
14431 14432 14433
14431 14433 14434
14435 14434 14433
14435 14436 14434
14437 14438 14439
14437 14439 14440
14441 14442 14443
14443 14442 14444
14442 14445 14444
14446 14443 14444
14447 14444 14445
14447 14445 14448
14444 14447 14449
14446 14444 14449
14447 14448 14450
14450 14448 14451
14452 14451 14448
14453 14446 14449
14451 14452 14454
14455 14454 14452
14453 14456 14446
14457 14454 14455
14458 14456 14453
14458 14459 14456
14458 14453 14460
14461 14454 14457
14461 14457 14462
14454 14461 14463
14464 14465 14466
14465 14464 14467
14465 14467 14468
14469 14468 14467
14469 14470 14468
14471 14470 14469
14471 14472 14470
14473 14472 14471
14474 14475 14476
14477 14475 14474
14477 14474 14478
14479 14477 14478
14479 14480 14477
14480 14479 14481
14480 14481 14482
14483 14482 14481
14483 14484 14482
14485 14486 14487
14488 14487 14486
14488 14486 14489
14490 14488 14489
14490 14489 14491
14492 14490 14491
14492 14493 14490
14494 14495 14496
14497 14496 14495
14497 14498 14496
14498 14497 14499
14498 14499 14500
14501 14500 14499
14501 14502 14500
14503 14504 14505
14506 14504 14503
14506 14507 14504
14508 14507 14506
14508 14509 14507
14510 14511 14512
14511 14510 14513
14514 14511 14513
14515 14513 14510
14510 14516 14515
14516 14517 14515
14517 14513 14515
14516 14518 14517
14519 14517 14518
14519 14518 14520
14520 14521 14519
14522 14519 14521
14517 14519 14522
14523 14522 14521
14522 14523 14524
14517 14525 14513
14517 14522 14525
14514 14513 14526
14526 14513 14525
14522 14524 14527
14525 14522 14527
14528 14527 14524
14528 14524 14529
14530 14528 14529
14530 14529 14531
14532 14530 14531
14525 14527 14533
14533 14527 14528
14526 14525 14533
14533 14528 14534
14526 14533 14534
14534 14528 14530
14514 14526 14535
14526 14534 14535
14536 14535 14534
14514 14535 14537
14537 14535 14536
14537 14536 14538
14536 14539 14538
14532 14540 14530
14541 14540 14532
14534 14530 14542
14536 14534 14542
14530 14543 14542
14530 14540 14543
14543 14536 14542
14536 14544 14539
14543 14544 14536
14544 14545 14539
14541 14546 14540
14546 14543 14540
14547 14544 14543
14546 14547 14543
14544 14548 14545
14547 14548 14544
14548 14549 14545
14541 14550 14546
14550 14547 14546
14541 14551 14550
14552 14548 14547
14550 14552 14547
14548 14553 14549
14552 14553 14548
14553 14554 14549
14551 14555 14550
14555 14552 14550
14551 14556 14555
14557 14555 14556
14553 14558 14554
14552 14558 14553
14558 14559 14554
14557 14560 14555
14560 14557 14561
14555 14562 14552
14552 14562 14558
14562 14555 14560
14558 14563 14559
14564 14559 14563
14565 14558 14562
14565 14563 14558
14562 14560 14565
14564 14563 14566
14566 14563 14565
14567 14564 14566
14560 14561 14568
14569 14568 14561
14560 14570 14565
14560 14568 14570
14566 14565 14570
14569 14571 14568
14571 14570 14568
14571 14569 14572
14567 14566 14573
14574 14567 14573
14575 14566 14570
14571 14575 14570
14575 14573 14566
14571 14572 14576
14577 14576 14572
14571 14578 14575
14573 14575 14578
14571 14576 14578
14574 14573 14579
14573 14578 14579
14580 14574 14579
14580 14579 14581
14581 14579 14578
14582 14580 14581
14581 14578 14583
14582 14581 14583
14576 14583 14578
14582 14583 14584
14585 14584 14583
14585 14586 14577
14577 14586 14576
14585 14583 14586
14576 14586 14583
14587 14588 14589
14587 14589 14590
14591 14587 14590
14589 14592 14590
14589 14593 14592
14592 14593 14594
14594 14595 14592
14591 14590 14596
14596 14590 14592
14596 14597 14591
14598 14592 14595
14596 14592 14598
14599 14598 14595
14596 14600 14597
14600 14601 14597
14602 14596 14598
14599 14602 14598
14602 14600 14596
14600 14603 14601
14602 14603 14600
14603 14604 14601
14599 14605 14602
14602 14605 14603
14606 14603 14605
14599 14607 14605
14607 14606 14605
14607 14608 14606
14609 14606 14608
14603 14610 14604
14606 14610 14603
14611 14604 14610
14606 14611 14610
14611 14612 14604
14611 14613 14612
14609 14614 14606
14606 14614 14611
14615 14614 14609
14616 14611 14614
14615 14616 14614
14611 14617 14613
14616 14617 14611
14618 14613 14617
14616 14618 14617
14618 14619 14613
14618 14620 14619
14615 14621 14616
14616 14621 14618
14622 14618 14621
14615 14623 14621
14623 14622 14621
14623 14624 14622
14625 14622 14624
14618 14626 14620
14622 14626 14618
14627 14620 14626
14622 14627 14626
14627 14628 14620
14629 14628 14627
14625 14630 14622
14622 14630 14627
14630 14625 14631
14630 14631 14632
14627 14630 14632
14633 14632 14631
14629 14627 14634
14627 14632 14634
14634 14635 14629
14633 14636 14632
14636 14634 14632
14636 14633 14637
14634 14638 14635
14636 14638 14634
14639 14635 14638
14636 14637 14640
14638 14636 14640
14641 14640 14637
14639 14638 14642
14638 14640 14642
14643 14639 14642
14641 14644 14640
14642 14640 14644
14645 14644 14641
14643 14642 14646
14642 14644 14646
14645 14646 14644
14647 14643 14646
14645 14648 14646
14647 14646 14648
14649 14650 14651
14649 14652 14650
14649 14653 14652
14654 14652 14653
14650 14652 14655
14656 14650 14655
14654 14657 14652
14657 14655 14652
14658 14657 14654
14658 14654 14659
14658 14659 14660
14660 14661 14658
14662 14658 14661
14657 14658 14662
14662 14661 14663
14657 14664 14655
14657 14662 14664
14656 14655 14665
14665 14655 14664
14662 14663 14666
14664 14662 14666
14656 14665 14667
14656 14667 14668
14668 14667 14669
14668 14669 14670
14669 14671 14670
14665 14664 14672
14667 14665 14672
14664 14666 14672
14667 14672 14673
14673 14672 14666
14669 14667 14673
14674 14666 14663
14673 14666 14674
14673 14674 14675
14674 14663 14676
14675 14674 14676
14675 14676 14677
14678 14675 14677
14669 14679 14671
14679 14680 14671
14669 14673 14681
14673 14675 14681
14682 14669 14681
14675 14682 14681
14682 14679 14669
14678 14683 14675
14675 14683 14682
14684 14683 14678
14685 14682 14683
14684 14685 14683
14686 14679 14682
14685 14686 14682
14679 14687 14680
14686 14687 14679
14684 14688 14685
14684 14689 14688
14685 14690 14686
14690 14687 14686
14685 14688 14690
14691 14680 14687
14690 14691 14687
14691 14692 14680
14691 14693 14692
14691 14694 14693
14690 14694 14691
14694 14695 14693
14689 14696 14688
14689 14697 14696
14698 14696 14697
14688 14699 14690
14690 14699 14694
14688 14696 14699
14694 14700 14695
14701 14695 14700
14702 14694 14699
14696 14702 14699
14702 14700 14694
14698 14703 14696
14696 14703 14702
14703 14698 14704
14701 14700 14705
14705 14700 14702
14706 14701 14705
14703 14704 14707
14708 14707 14704
14703 14709 14702
14705 14702 14709
14703 14707 14709
14706 14705 14710
14709 14710 14705
14711 14706 14710
14708 14712 14707
14712 14709 14707
14712 14708 14713
14711 14710 14714
14715 14711 14714
14709 14716 14710
14712 14716 14709
14714 14710 14716
14712 14713 14717
14716 14712 14717
14718 14717 14713
14715 14714 14719
14720 14715 14719
14714 14716 14721
14716 14717 14721
14719 14714 14721
14718 14722 14717
14721 14717 14722
14723 14722 14718
14720 14719 14724
14719 14721 14724
14721 14722 14724
14723 14724 14722
14720 14724 14725
14723 14725 14724
14726 14727 14728
14729 14728 14727
14728 14729 14730
14731 14728 14730
14732 14730 14729
14732 14729 14733
14732 14733 14734
14731 14730 14735
14736 14731 14735
14730 14732 14737
14735 14730 14738
14730 14737 14738
14736 14735 14739
14735 14738 14740
14740 14739 14735
14739 14741 14736
14736 14741 14742
14743 14742 14741
14742 14743 14744
14745 14742 14744
14746 14741 14739
14746 14739 14747
14747 14748 14746
14740 14749 14739
14747 14739 14749
14749 14740 14750
14747 14751 14748
14751 14752 14748
14751 14753 14752
14751 14747 14754
14747 14749 14754
14755 14753 14751
14751 14754 14755
14755 14756 14753
14755 14757 14756
14749 14758 14754
14755 14754 14758
14755 14759 14757
14755 14758 14759
14759 14760 14757
14759 14761 14760
14758 14761 14759
14761 14762 14760
14749 14763 14758
14749 14750 14763
14763 14764 14758
14758 14764 14761
14765 14761 14764
14763 14766 14764
14750 14766 14763
14765 14764 14766
14761 14767 14762
14765 14767 14761
14767 14768 14762
14765 14768 14767
14768 14769 14762
14769 14768 14770
14769 14770 14771
14772 14766 14750
14765 14766 14772
14765 14773 14768
14770 14768 14773
14765 14772 14774
14765 14774 14773
14770 14775 14771
14776 14775 14770
14775 14777 14771
14775 14778 14777
14776 14778 14775
14776 14779 14778
14780 14779 14776
14770 14773 14781
14781 14773 14774
14770 14781 14782
14776 14770 14782
14780 14776 14783
14784 14780 14783
14782 14781 14785
14781 14774 14785
14776 14782 14786
14776 14786 14783
14782 14785 14786
14784 14783 14787
14783 14786 14788
14783 14788 14787
14784 14787 14789
14784 14789 14790
14789 14787 14791
14791 14787 14788
14792 14791 14788
14786 14793 14788
14792 14788 14793
14786 14785 14793
14794 14792 14793
14795 14793 14785
14795 14785 14774
14794 14793 14795
14774 14796 14795
14774 14772 14796
14772 14750 14796
14797 14794 14795
14796 14797 14795
14797 14798 14794
14799 14796 14750
14799 14797 14796
14797 14800 14798
14799 14800 14797
14800 14801 14798
14750 14802 14799
14740 14802 14750
14738 14802 14740
14800 14803 14801
14799 14804 14800
14803 14800 14804
14801 14803 14805
14801 14805 14806
14805 14803 14807
14803 14804 14807
14805 14807 14808
14804 14799 14809
14807 14804 14809
14809 14808 14807
14802 14809 14799
14809 14810 14808
14809 14811 14810
14811 14809 14802
14812 14810 14811
14738 14813 14802
14811 14802 14813
14738 14814 14813
14814 14811 14813
14738 14737 14814
14812 14811 14815
14814 14815 14811
14816 14814 14737
14816 14737 14732
14815 14817 14812
14818 14812 14817
14815 14819 14817
14820 14815 14814
14820 14819 14815
14814 14816 14820
14820 14821 14819
14821 14820 14822
14822 14820 14816
14821 14822 14823
14816 14732 14824
14822 14816 14824
14732 14734 14824
14825 14823 14822
14822 14824 14825
14825 14826 14823
14825 14827 14826
14825 14828 14827
14829 14828 14825
14829 14825 14824
14829 14824 14734
14829 14734 14830
14831 14830 14734
14830 14831 14832
14833 14834 14835
14834 14833 14836
14836 14837 14834
14838 14837 14836
14839 14836 14833
14839 14833 14840
14838 14836 14841
14841 14836 14839
14841 14842 14838
14841 14843 14842
14844 14842 14843
14843 14845 14844
14841 14845 14843
14846 14844 14845
14847 14846 14845
14841 14839 14848
14841 14848 14845
14839 14840 14849
14848 14839 14849
14847 14845 14850
14850 14845 14848
14851 14849 14840
14851 14840 14852
14853 14851 14852
14853 14852 14854
14855 14853 14854
14848 14849 14856
14850 14848 14856
14856 14849 14851
14847 14850 14857
14857 14850 14856
14847 14857 14858
14858 14857 14859
14858 14859 14860
14859 14861 14860
14856 14851 14862
14857 14856 14862
14862 14851 14853
14859 14857 14862
14855 14863 14853
14864 14863 14855
14862 14853 14865
14859 14862 14865
14853 14866 14865
14853 14863 14866
14866 14859 14865
14859 14867 14861
14866 14867 14859
14867 14868 14861
14864 14869 14863
14869 14866 14863
14870 14867 14866
14869 14870 14866
14869 14871 14870
14864 14872 14869
14869 14872 14871
14873 14871 14872
14864 14874 14872
14874 14873 14872
14874 14875 14873
14876 14873 14875
14870 14877 14867
14867 14877 14868
14871 14877 14870
14878 14868 14877
14871 14878 14877
14878 14879 14868
14878 14880 14879
14878 14881 14880
14871 14881 14878
14881 14882 14880
14876 14883 14873
14883 14876 14884
14873 14885 14871
14871 14885 14881
14873 14886 14885
14886 14881 14885
14873 14883 14886
14881 14887 14882
14886 14887 14881
14888 14882 14887
14888 14887 14889
14889 14887 14886
14890 14888 14889
14883 14884 14891
14892 14891 14884
14883 14893 14886
14889 14886 14893
14883 14891 14893
14890 14889 14894
14893 14894 14889
14895 14890 14894
14892 14896 14891
14896 14893 14891
14896 14892 14897
14895 14894 14898
14899 14895 14898
14893 14900 14894
14896 14900 14893
14898 14894 14900
14896 14897 14901
14900 14896 14901
14902 14901 14897
14899 14898 14903
14904 14899 14903
14905 14904 14903
14898 14900 14906
14900 14901 14906
14903 14898 14906
14902 14907 14901
14906 14901 14907
14908 14907 14902
14908 14905 14907
14909 14905 14903
14903 14906 14909
14905 14909 14907
14906 14907 14909
14910 14911 14912
14911 14913 14912
14913 14914 14912
14913 14915 14914
14916 14914 14915
14916 14915 14917
14918 14917 14915
14917 14918 14919
14918 14920 14919
14920 14921 14919
14922 14923 14924
14923 14925 14924
14923 14926 14925
14926 14927 14925
14926 14928 14927
14927 14928 14929
14927 14929 14930
14930 14929 14931
14930 14931 14932
14931 14933 14932
14934 14935 14936
14935 14937 14936
14935 14938 14937
14938 14939 14937
14938 14940 14939
14939 14940 14941
14939 14941 14942
14942 14941 14943
14942 14943 14944
14943 14945 14944
14946 14947 14948
14947 14949 14948
14947 14950 14949
14950 14951 14949
14950 14952 14951
14951 14952 14953
14951 14953 14954
14954 14953 14955
14954 14955 14956
14955 14957 14956
14958 14959 14960
14959 14961 14960
14959 14962 14961
14962 14963 14961
14962 14964 14963
14963 14964 14965
14963 14965 14966
14966 14965 14967
14966 14967 14968
14967 14969 14968
14970 14971 14972
14970 14973 14971
14974 14973 14970
14974 14970 14975
14974 14975 14976
14971 14973 14977
14971 14977 14978
14979 14978 14977
14974 14980 14973
14977 14973 14980
14981 14977 14980
14979 14977 14982
14981 14982 14977
14981 14983 14982
14984 14979 14982
14984 14982 14985
14982 14983 14985
14986 14984 14985
14983 14986 14985
14986 14987 14984
14974 14976 14988
14988 14976 14989
14974 14990 14980
14990 14981 14980
14989 14991 14988
14992 14991 14989
14974 14988 14993
14974 14993 14990
14993 14988 14991
14994 14987 14986
14994 14995 14987
14996 14981 14990
14993 14996 14990
14992 14997 14991
14998 14997 14992
14998 14999 14997
15000 14999 14998
14991 14997 15001
14999 15001 14997
14993 14991 15002
14991 15001 15002
14993 15003 14996
15003 14993 15002
15004 14981 14996
15003 15004 14996
15000 15005 14999
15005 15000 15006
15002 15007 15003
15003 15007 15004
15008 15004 15007
14981 15004 15009
14983 14981 15009
15010 15009 15004
15008 15010 15004
15010 14983 15009
15001 15011 15002
15002 15011 15007
14999 15012 15001
15005 15012 14999
15005 15006 15013
15014 15013 15006
15001 15015 15011
15012 15015 15001
15007 15011 15016
15015 15016 15011
15005 15017 15012
15017 15005 15013
15014 15018 15013
15019 15018 15014
15019 15020 15018
15021 15020 15019
15022 15013 15018
15022 15018 15020
15017 15013 15023
15022 15023 15013
15024 15012 15017
15024 15017 15023
15012 15025 15015
15024 15025 15012
15026 15015 15025
15015 15026 15016
15021 15027 15020
15027 15021 15028
15024 15029 15025
15026 15025 15029
15024 15023 15030
15031 15023 15022
15031 15030 15023
15032 15024 15030
15024 15032 15029
15033 15030 15031
15032 15030 15033
15022 15020 15034
15020 15027 15035
15020 15035 15034
15036 15022 15034
15036 15031 15022
15034 15037 15036
15034 15035 15037
15031 15036 15038
15037 15038 15036
15033 15031 15039
15031 15038 15039
15032 15033 15040
15040 15033 15039
15040 15039 15041
15039 15042 15041
15039 15038 15042
15043 15032 15040
15044 15042 15038
15043 15045 15032
15043 15046 15045
15029 15032 15045
15044 15038 15047
15037 15047 15038
15047 15048 15044
15046 15049 15045
15029 15045 15049
15050 15049 15046
15049 15051 15029
15050 15051 15049
15051 15026 15029
15047 15037 15052
15035 15052 15037
15047 15053 15048
15053 15047 15052
15054 15051 15050
15055 15054 15050
15026 15051 15056
15054 15056 15051
15026 15056 15016
15035 15057 15052
15027 15057 15035
15058 15048 15053
15058 15059 15048
15053 15052 15060
15057 15060 15052
15027 15061 15057
15027 15028 15061
15053 15060 15062
15058 15053 15062
15057 15063 15060
15061 15063 15057
15063 15062 15060
15059 15058 15064
15059 15064 15065
15066 15061 15028
15066 15028 15067
15067 15068 15066
15067 15069 15068
15068 15069 15070
15071 15063 15061
15063 15071 15062
15066 15071 15061
15058 15062 15072
15071 15072 15062
15072 15064 15058
15066 15073 15071
15073 15066 15068
15071 15073 15072
15074 15072 15073
15073 15068 15074
15074 15075 15072
15072 15075 15064
15076 15064 15075
15077 15074 15068
15076 15078 15064
15065 15064 15078
15065 15078 15079
15080 15078 15076
15081 15079 15078
15080 15081 15078
15081 15082 15079
15081 15080 15083
15083 15082 15081
15080 15084 15083
15083 15085 15082
15084 15086 15083
15087 15085 15083
15086 15087 15083
15087 15088 15085
15086 15089 15087
15090 15088 15087
15090 15087 15089
15090 15091 15088
15092 15091 15090
15090 15089 15093
15092 15090 15093
15094 15093 15089
15093 15095 15092
15093 15094 15096
15093 15096 15095
15094 15097 15096
15096 15098 15095
15097 15099 15096
15096 15100 15098
15099 15100 15096
15100 15070 15098
15100 15099 15077
15100 15101 15070
15100 15077 15101
15068 15070 15101
15077 15068 15101
15102 15103 15104
15105 15104 15103
15106 15107 15108
15109 15107 15106
15110 15111 15112
15111 15110 15113
15114 15115 15116
15114 15116 15117
15118 15114 15117
15119 15117 15116
15118 15117 15120
15119 15121 15117
15121 15120 15117
15121 15119 15122
15121 15123 15120
15121 15122 15124
15123 15121 15124
15123 15124 15125
15124 15122 15126
15125 15124 15127
15124 15126 15127
15125 15127 15128
15127 15129 15128
15130 15127 15126
15127 15130 15129
15130 15126 15131
15132 15130 15131
15132 15133 15130
15129 15130 15133
15129 15133 15134
8414 15135 15136
15137 15136 15135
15137 15135 15138
15138 15139 15137
15138 15135 15140
15138 15141 15139
15140 15141 15138
15140 15142 15141
15143 15139 15141
15141 15142 15144
15143 15141 15145
15141 15144 15145
15145 15146 15143
15147 15145 15144
15145 15148 15146
15147 15148 15145
15148 15149 15146
15150 15148 15147
15148 15151 15149
15150 15151 15148
15151 15152 15149
15153 15151 15150
15151 15153 15152
15154 15152 15153
15153 15150 15155
15153 15155 15156
15154 15153 15156
15154 15157 15152
15158 15154 15156
15154 15159 15157
15160 15154 15158
15154 15161 15159
15160 15161 15154
15161 15162 15159
15163 15161 15160
15161 15164 15162
15163 15164 15161
15163 15165 15164
15166 15162 15164
15165 15167 15164
15166 15164 15167
15165 15168 15167
15167 15168 15169
15166 15167 15170
15167 15169 15170
15166 15170 15171
15170 15172 15171
15169 15173 15170
15170 15173 15172
15174 15172 15173
15169 15175 15173
15175 15174 15173
15175 15176 15174
15176 15177 15174
15174 15178 15172
15174 15177 15179
15178 15174 15180
15174 15179 15180
15178 15180 15181
15180 15179 15182
15181 15180 15183
15180 15182 15183
15181 15183 15184
15183 15182 15185
15184 15183 15186
15183 15185 15186
15184 15186 15187
15186 15185 15188
15187 15186 15189
15186 15188 15189
15187 15189 15190
15191 15189 15188
15191 15188 15192
15193 15191 15192
15189 15194 15190
15189 15191 15194
15194 15195 15190
15193 15196 15191
15191 15196 15194
15197 15195 15194
15196 15197 15194
15197 15198 15195
15193 15199 15196
15196 15199 15197
15193 15200 15199
15198 15197 15201
15197 15199 15201
15198 15201 15202
15199 15203 15201
15203 15202 15201
15199 15200 15203
15203 15204 15202
15203 15205 15204
15200 15206 15203
15203 15206 15205
15206 15200 15207
15208 15205 15206
15206 15207 15209
15208 15206 15210
15206 15209 15210
15211 15212 15213
15214 15212 15211
15211 15213 15215
15214 15211 15216
15217 15215 15213
15218 15214 15216
15217 15219 15215
15218 15216 15220
15219 15217 15221
15219 15221 15222
15223 15222 15221
15223 15224 15222
15225 15218 15220
15224 15223 15225
15225 15220 15226
15224 15225 15226
15227 15228 15229
15228 15227 15230
15227 15229 15231
15227 15232 15230
15227 15231 15233
15233 15231 15234
15227 15235 15232
15232 15235 15236
15237 15233 15234
15235 15237 15236
15237 15238 15233
15235 15238 15237
15239 15240 15241
15242 15240 15239
15239 15241 15243
15242 15239 15244
15243 15241 15245
15243 15245 15246
15244 15247 15242
15244 15248 15247
15249 15247 15248
15249 15250 15247
15251 15250 15249
15251 15252 15250
15246 15245 15253
15246 15253 15254
15255 15254 15253
15255 15253 15256
15257 15252 15251
15256 15257 15255
15257 15258 15252
15256 15258 15257
15259 15260 15261
15262 15259 15261
15259 15263 15260
15262 15264 15259
15263 15265 15260
15263 15266 15265
15264 15262 15267
15264 15267 15268
15269 15268 15267
15269 15267 15270
15271 15269 15270
15271 15270 15272
15266 15273 15265
15266 15274 15273
15275 15273 15274
15275 15276 15273
15277 15271 15272
15276 15275 15277
15277 15272 15278
15276 15277 15278
15279 15280 15281
15282 15280 15279
15279 15281 15283
15283 15281 15284
15282 15279 15285
15286 15282 15285
15287 15279 15283
15285 15279 15287
15283 15284 15288
15288 15284 15289
15286 15285 15290
15291 15286 15290
15287 15283 15292
15292 15283 15288
15285 15287 15293
15290 15285 15293
15294 15287 15292
15293 15287 15294
15292 15295 15294
15293 15294 15295
15288 15296 15292
15296 15295 15292
15289 15297 15288
15297 15296 15288
15297 15298 15296
15298 15299 15296
15296 15299 15295
15298 15300 15299
15301 15299 15300
15293 15295 15302
15302 15295 15299
15302 15299 15301
15290 15293 15302
15303 15302 15301
15290 15302 15303
15291 15290 15303
15304 15289 15305
15289 15304 15306
15307 15304 15305
15307 15305 15308
15306 15304 15309
15306 15309 15310
15311 15304 15307
15304 15311 15309
15312 15307 15308
15312 15308 15313
15314 15312 15313
15310 15309 15315
15310 15315 15316
15317 15316 15315
15318 15307 15312
15318 15311 15307
15314 15319 15312
15319 15318 15312
15320 15319 15314
15309 15321 15315
15309 15311 15321
15322 15317 15315
15322 15315 15321
15323 15317 15322
15324 15311 15318
15311 15324 15321
15325 15324 15318
15325 15321 15324
15319 15325 15318
15325 15322 15321
15320 15326 15319
15326 15325 15319
15326 15322 15325
15326 15323 15322
15291 15326 15320
15291 15323 15326
15327 15328 15329
15330 15328 15327
15327 15329 15331
15331 15329 15332
15330 15327 15333
15334 15330 15333
15335 15327 15331
15333 15327 15335
15331 15332 15336
15336 15332 15337
15334 15333 15338
15339 15334 15338
15335 15331 15340
15340 15331 15336
15333 15335 15341
15338 15333 15341
15342 15335 15340
15341 15335 15342
15340 15343 15342
15341 15342 15343
15336 15344 15340
15344 15343 15340
15337 15345 15336
15345 15344 15336
15345 15346 15344
15346 15347 15344
15344 15347 15343
15346 15348 15347
15349 15347 15348
15341 15343 15350
15350 15343 15347
15350 15347 15349
15338 15341 15350
15351 15350 15349
15338 15350 15351
15339 15338 15351
15352 15337 15353
15337 15352 15354
15355 15352 15353
15355 15353 15356
15354 15352 15357
15354 15357 15358
15359 15352 15355
15352 15359 15357
15360 15355 15356
15360 15356 15361
15362 15360 15361
15358 15357 15363
15358 15363 15364
15365 15364 15363
15366 15355 15360
15366 15359 15355
15362 15367 15360
15367 15366 15360
15368 15367 15362
15357 15369 15363
15357 15359 15369
15370 15365 15363
15370 15363 15369
15371 15365 15370
15372 15359 15366
15359 15372 15369
15373 15372 15366
15373 15369 15372
15367 15373 15366
15373 15370 15369
15368 15374 15367
15374 15373 15367
15374 15370 15373
15374 15371 15370
15339 15374 15368
15339 15371 15374
15375 15376 15377
15378 15376 15375
15375 15377 15379
15379 15377 15380
15378 15375 15381
15382 15378 15381
15383 15375 15379
15381 15375 15383
15379 15380 15384
15384 15380 15385
15382 15381 15386
15387 15382 15386
15383 15379 15388
15388 15379 15384
15381 15383 15389
15386 15381 15389
15390 15383 15388
15389 15383 15390
15388 15391 15390
15389 15390 15391
15384 15392 15388
15392 15391 15388
15385 15393 15384
15393 15392 15384
15393 15394 15392
15394 15395 15392
15392 15395 15391
15394 15396 15395
15397 15395 15396
15389 15391 15398
15398 15391 15395
15398 15395 15397
15386 15389 15398
15399 15398 15397
15386 15398 15399
15387 15386 15399
15400 15385 15401
15385 15400 15402
15403 15400 15401
15403 15401 15404
15402 15400 15405
15402 15405 15406
15407 15400 15403
15400 15407 15405
15408 15403 15404
15408 15404 15409
15410 15408 15409
15406 15405 15411
15406 15411 15412
15413 15412 15411
15414 15403 15408
15414 15407 15403
15410 15415 15408
15415 15414 15408
15416 15415 15410
15405 15417 15411
15405 15407 15417
15418 15413 15411
15418 15411 15417
15419 15413 15418
15420 15407 15414
15407 15420 15417
15421 15420 15414
15421 15417 15420
15415 15421 15414
15421 15418 15417
15416 15422 15415
15422 15421 15415
15422 15418 15421
15422 15419 15418
15387 15422 15416
15387 15419 15422
15423 15424 15425
15426 15424 15423
15423 15425 15427
15427 15425 15428
15426 15423 15429
15430 15426 15429
15431 15423 15427
15429 15423 15431
15427 15428 15432
15432 15428 15433
15430 15429 15434
15435 15430 15434
15431 15427 15436
15436 15427 15432
15429 15431 15437
15434 15429 15437
15438 15431 15436
15437 15431 15438
15436 15439 15438
15437 15438 15439
15432 15440 15436
15440 15439 15436
15433 15441 15432
15441 15440 15432
15441 15442 15440
15442 15443 15440
15440 15443 15439
15442 15444 15443
15445 15443 15444
15437 15439 15446
15446 15439 15443
15446 15443 15445
15434 15437 15446
15447 15446 15445
15434 15446 15447
15435 15434 15447
15448 15433 15449
15433 15448 15450
15451 15448 15449
15451 15449 15452
15450 15448 15453
15450 15453 15454
15455 15448 15451
15448 15455 15453
15456 15451 15452
15456 15452 15457
15458 15456 15457
15454 15453 15459
15454 15459 15460
15461 15460 15459
15462 15451 15456
15462 15455 15451
15458 15463 15456
15463 15462 15456
15464 15463 15458
15453 15465 15459
15453 15455 15465
15466 15461 15459
15466 15459 15465
15467 15461 15466
15468 15455 15462
15455 15468 15465
15469 15468 15462
15469 15465 15468
15463 15469 15462
15469 15466 15465
15464 15470 15463
15470 15469 15463
15470 15466 15469
15470 15467 15466
15435 15470 15464
15435 15467 15470
15471 15472 15473
15474 15472 15471
15471 15473 15475
15475 15473 15476
15474 15471 15477
15478 15474 15477
15479 15471 15475
15477 15471 15479
15475 15476 15480
15480 15476 15481
15478 15477 15482
15483 15478 15482
15479 15475 15484
15484 15475 15480
15477 15479 15485
15482 15477 15485
15486 15479 15484
15485 15479 15486
15484 15487 15486
15485 15486 15487
15480 15488 15484
15488 15487 15484
15481 15489 15480
15489 15488 15480
15489 15490 15488
15490 15491 15488
15488 15491 15487
15490 15492 15491
15493 15491 15492
15485 15487 15494
15494 15487 15491
15494 15491 15493
15482 15485 15494
15495 15494 15493
15482 15494 15495
15483 15482 15495
15496 15481 15497
15481 15496 15498
15499 15496 15497
15499 15497 15500
15498 15496 15501
15498 15501 15502
15503 15496 15499
15496 15503 15501
15504 15499 15500
15504 15500 15505
15506 15504 15505
15502 15501 15507
15502 15507 15508
15509 15508 15507
15510 15499 15504
15510 15503 15499
15506 15511 15504
15511 15510 15504
15512 15511 15506
15501 15513 15507
15501 15503 15513
15514 15509 15507
15514 15507 15513
15515 15509 15514
15516 15503 15510
15503 15516 15513
15517 15516 15510
15517 15513 15516
15511 15517 15510
15517 15514 15513
15512 15518 15511
15518 15517 15511
15518 15514 15517
15518 15515 15514
15483 15518 15512
15483 15515 15518
15519 15520 15521
15522 15520 15519
15519 15521 15523
15523 15521 15524
15522 15519 15525
15526 15522 15525
15527 15519 15523
15525 15519 15527
15523 15524 15528
15528 15524 15529
15526 15525 15530
15531 15526 15530
15527 15523 15532
15532 15523 15528
15525 15527 15533
15530 15525 15533
15534 15527 15532
15533 15527 15534
15532 15535 15534
15533 15534 15535
15528 15536 15532
15536 15535 15532
15529 15537 15528
15537 15536 15528
15537 15538 15536
15538 15539 15536
15536 15539 15535
15538 15540 15539
15541 15539 15540
15533 15535 15542
15542 15535 15539
15542 15539 15541
15530 15533 15542
15543 15542 15541
15530 15542 15543
15531 15530 15543
15544 15529 15545
15529 15544 15546
15547 15544 15545
15547 15545 15548
15546 15544 15549
15546 15549 15550
15551 15544 15547
15544 15551 15549
15552 15547 15548
15552 15548 15553
15554 15552 15553
15550 15549 15555
15550 15555 15556
15557 15556 15555
15558 15547 15552
15558 15551 15547
15554 15559 15552
15559 15558 15552
15560 15559 15554
15549 15561 15555
15549 15551 15561
15562 15557 15555
15562 15555 15561
15563 15557 15562
15564 15551 15558
15551 15564 15561
15565 15564 15558
15565 15561 15564
15559 15565 15558
15565 15562 15561
15560 15566 15559
15566 15565 15559
15566 15562 15565
15566 15563 15562
15531 15566 15560
15531 15563 15566
15567 15568 15569
15570 15568 15567
15567 15569 15571
15571 15569 15572
15570 15567 15573
15574 15570 15573
15575 15567 15571
15573 15567 15575
15571 15572 15576
15576 15572 15577
15574 15573 15578
15579 15574 15578
15575 15571 15580
15580 15571 15576
15573 15575 15581
15578 15573 15581
15582 15575 15580
15581 15575 15582
15580 15583 15582
15581 15582 15583
15576 15584 15580
15584 15583 15580
15577 15585 15576
15585 15584 15576
15585 15586 15584
15586 15587 15584
15584 15587 15583
15586 15588 15587
15589 15587 15588
15581 15583 15590
15590 15583 15587
15590 15587 15589
15578 15581 15590
15591 15590 15589
15578 15590 15591
15579 15578 15591
15592 15577 15593
15577 15592 15594
15595 15592 15593
15595 15593 15596
15594 15592 15597
15594 15597 15598
15599 15592 15595
15592 15599 15597
15600 15595 15596
15600 15596 15601
15602 15600 15601
15598 15597 15603
15598 15603 15604
15605 15604 15603
15606 15595 15600
15606 15599 15595
15602 15607 15600
15607 15606 15600
15608 15607 15602
15597 15609 15603
15597 15599 15609
15610 15605 15603
15610 15603 15609
15611 15605 15610
15612 15599 15606
15599 15612 15609
15613 15612 15606
15613 15609 15612
15607 15613 15606
15613 15610 15609
15608 15614 15607
15614 15613 15607
15614 15610 15613
15614 15611 15610
15579 15614 15608
15579 15611 15614
15615 15616 15617
15618 15616 15615
15615 15617 15619
15619 15617 15620
15618 15615 15621
15622 15618 15621
15623 15615 15619
15621 15615 15623
15619 15620 15624
15624 15620 15625
15622 15621 15626
15627 15622 15626
15623 15619 15628
15628 15619 15624
15621 15623 15629
15626 15621 15629
15630 15623 15628
15629 15623 15630
15628 15631 15630
15629 15630 15631
15624 15632 15628
15632 15631 15628
15625 15633 15624
15633 15632 15624
15633 15634 15632
15634 15635 15632
15632 15635 15631
15634 15636 15635
15637 15635 15636
15629 15631 15638
15638 15631 15635
15638 15635 15637
15626 15629 15638
15639 15638 15637
15626 15638 15639
15627 15626 15639
15640 15625 15641
15625 15640 15642
15643 15640 15641
15643 15641 15644
15642 15640 15645
15642 15645 15646
15647 15640 15643
15640 15647 15645
15648 15643 15644
15648 15644 15649
15650 15648 15649
15646 15645 15651
15646 15651 15652
15653 15652 15651
15654 15643 15648
15654 15647 15643
15650 15655 15648
15655 15654 15648
15656 15655 15650
15645 15657 15651
15645 15647 15657
15658 15653 15651
15658 15651 15657
15659 15653 15658
15660 15647 15654
15647 15660 15657
15661 15660 15654
15661 15657 15660
15655 15661 15654
15661 15658 15657
15656 15662 15655
15662 15661 15655
15662 15658 15661
15662 15659 15658
15627 15662 15656
15627 15659 15662
7918 15663 15664
15665 15664 15663
15665 15666 15664
15664 15666 8010
7918 15664 15667
7918 15667 7916
15667 15668 7916
7916 15668 7912
15664 15669 15667
15667 15669 15668
7912 15668 15670
15669 15670 15668
7923 7912 15670
8016 7923 15670
15669 8016 15670
15664 15671 15669
15664 8010 15671
15671 8016 15669
8010 15672 15671
15671 15672 8016
8010 8009 15672
8009 8016 15672
15673 15674 15675
15674 15676 15675
15673 15677 15674
15678 15677 15673
15678 15679 15677
15679 15680 15677
15677 15680 15681
15677 15681 15674
15681 15680 15682
15681 15682 15683
15684 15683 15682
15681 15685 15674
15685 15681 15683
15684 15686 15683
15686 15685 15683
15687 15686 15684
15674 15688 15676
15685 15688 15674
15676 15688 15689
15676 15689 15690
15688 15685 15691
15688 15691 15689
15690 15689 15692
15690 15692 15693
15687 15694 15686
15695 15694 15687
15685 15686 15696
15685 15696 15691
15689 15691 15697
15689 15697 15692
15693 15692 15698
15693 15698 15699
15686 15694 15700
15686 15700 15696
15691 15696 15701
15691 15701 15697
15702 15692 15697
15702 15698 15692
15699 15698 15703
15699 15703 15704
15703 15705 15704
15703 15706 15705
15707 15706 15703
15698 15708 15703
15707 15703 15708
15698 15702 15708
15709 15707 15708
15710 15702 15697
15710 15697 15701
15708 15702 15710
15696 15711 15701
15711 15710 15701
15696 15700 15711
15709 15708 15712
15708 15710 15712
15713 15709 15712
15714 15712 15710
15711 15714 15710
15715 15714 15711
15713 15712 15716
15714 15716 15712
15716 15714 15715
15716 15717 15713
15716 15718 15717
15716 15715 15718
15719 15717 15718
15719 15718 15720
15720 15718 15715
15721 15719 15720
15700 15722 15711
15715 15711 15722
15700 15723 15722
15694 15723 15700
15715 15722 15724
15723 15724 15722
15720 15715 15725
15715 15724 15725
15721 15720 15726
15726 15720 15725
15694 15727 15723
15695 15727 15694
15723 15728 15724
15727 15728 15723
15729 15727 15695
15727 15729 15728
15729 15695 15730
15731 15725 15724
15728 15731 15724
15729 15732 15728
15728 15732 15731
15730 15733 15729
15729 15733 15732
15730 15734 15733
15735 15733 15734
15731 15736 15725
15726 15725 15736
15732 15737 15731
15731 15737 15736
15733 15738 15732
15732 15738 15737
15735 15739 15733
15733 15739 15738
15740 15726 15736
15737 15740 15736
15741 15739 15735
15741 15735 15742
15741 15742 15743
15739 15744 15738
15739 15741 15744
15738 15745 15737
15737 15745 15740
15738 15744 15745
15741 15743 15746
15746 15743 15747
15741 15748 15744
15741 15746 15748
15744 15749 15745
15744 15748 15749
15746 15747 15750
15751 15750 15747
15746 15752 15748
15746 15750 15752
15751 15753 15750
15754 15753 15751
15754 15755 15753
15753 15755 15756
15750 15753 15757
15753 15756 15757
15750 15757 15752
15757 15756 15758
15757 15758 15759
15752 15757 15759
15760 15759 15758
15748 15752 15761
15748 15761 15749
15752 15759 15761
15749 15761 15762
15759 15762 15761
15760 15763 15759
15759 15763 15762
15760 15764 15763
15762 15763 15764
15760 15765 15764
15764 15765 15766
15764 15766 15767
15767 15768 15764
15762 15764 15768
15767 15769 15768
15768 15769 15770
15749 15762 15771
15768 15771 15762
15745 15749 15771
15745 15771 15740
15768 15772 15771
15768 15770 15772
15740 15771 15772
15770 15773 15772
15740 15772 15773
15770 15774 15773
15740 15773 15726
15773 15774 15721
15773 15721 15726
15775 15776 15777
15778 15775 15777
15777 15776 15779
15780 15778 15777
15779 15781 15777
15782 15780 15777
15777 15781 15783
15784 15782 15777
15783 15785 15777
15786 15784 15777
15785 15787 15777
15777 15788 15786
15787 15789 15777
15790 15788 15777
15789 15791 15777
15777 15792 15790
15791 15793 15777
15793 15792 15777
15794 15795 15796
15797 15795 15794
15795 15798 15796
15799 15795 15797
15798 15795 15800
15801 15795 15799
15795 15802 15800
15803 15795 15801
15802 15795 15804
15805 15795 15803
15804 15795 15806
15795 15805 15807
15806 15795 15808
15809 15795 15807
15808 15795 15810
15795 15809 15811
15810 15795 15812
15812 15795 15811
15813 15814 15815
15816 15814 15813
15815 15814 15817
15818 15814 15816
15817 15814 15819
15820 15814 15818
15819 15814 15821
15822 15814 15820
15821 15814 15823
15824 15814 15822
15823 15814 15825
15825 15814 15824
15826 15827 15828
15829 15827 15826
15828 15827 15830
15831 15827 15829
15830 15827 15832
15833 15827 15831
15832 15827 15834
15835 15827 15833
15834 15827 15836
15837 15827 15835
15836 15827 15838
15838 15827 15837
15839 15840 15841
15842 15839 15841
15839 15843 15840
15843 15844 15840
15842 15845 15839
15846 15845 15842
15847 15843 15839
15845 15847 15839
15843 15848 15844
15848 15849 15844
15846 15850 15845
15851 15850 15846
15847 15852 15843
15852 15848 15843
15845 15853 15847
15850 15853 15845
15854 15852 15847
15853 15854 15847
15852 15854 15855
15853 15855 15854
15848 15852 15856
15856 15852 15855
15849 15848 15857
15857 15848 15856
15857 15856 15858
15858 15856 15859
15856 15855 15859
15858 15859 15860
15861 15860 15859
15853 15862 15855
15862 15859 15855
15862 15861 15859
15850 15862 15853
15863 15861 15862
15850 15863 15862
15851 15863 15850
15864 15865 15849
15849 15866 15864
15867 15865 15864
15867 15868 15865
15866 15869 15864
15866 15870 15869
15871 15867 15864
15864 15869 15871
15872 15868 15867
15872 15873 15868
15874 15873 15872
15870 15875 15869
15870 15876 15875
15877 15875 15876
15878 15872 15867
15878 15867 15871
15874 15872 15879
15879 15872 15878
15880 15874 15879
15869 15875 15881
15869 15881 15871
15882 15875 15877
15882 15881 15875
15883 15882 15877
15884 15878 15871
15871 15881 15884
15885 15878 15884
15885 15884 15881
15879 15878 15885
15885 15881 15882
15880 15879 15886
15886 15879 15885
15886 15885 15882
15886 15882 15883
15851 15880 15886
15851 15886 15883
15887 15888 15889
15890 15888 15887
15887 15889 15891
15891 15889 15892
15890 15887 15893
15894 15890 15893
15895 15887 15891
15893 15887 15895
15891 15892 15896
15896 15892 15897
15894 15893 15898
15899 15894 15898
15895 15891 15900
15900 15891 15896
15893 15895 15901
15898 15893 15901
15902 15895 15900
15901 15895 15902
15900 15903 15902
15901 15902 15903
15896 15904 15900
15904 15903 15900
15897 15905 15896
15905 15904 15896
15905 15906 15904
15906 15907 15904
15904 15907 15903
15906 15908 15907
15909 15907 15908
15901 15903 15910
15910 15903 15907
15910 15907 15909
15898 15901 15910
15911 15910 15909
15898 15910 15911
15899 15898 15911
15912 15897 15913
15897 15912 15914
15915 15912 15913
15915 15913 15916
15914 15912 15917
15914 15917 15918
15919 15912 15915
15912 15919 15917
15920 15915 15916
15920 15916 15921
15922 15920 15921
15918 15917 15923
15918 15923 15924
15925 15924 15923
15926 15915 15920
15926 15919 15915
15922 15927 15920
15927 15926 15920
15928 15927 15922
15917 15929 15923
15917 15919 15929
15930 15925 15923
15930 15923 15929
15931 15925 15930
15932 15919 15926
15919 15932 15929
15933 15932 15926
15933 15929 15932
15927 15933 15926
15933 15930 15929
15928 15934 15927
15934 15933 15927
15934 15930 15933
15934 15931 15930
15899 15934 15928
15899 15931 15934
15935 15936 15937
15938 15936 15935
15935 15937 15939
15939 15937 15940
15938 15935 15941
15942 15938 15941
15943 15935 15939
15941 15935 15943
15939 15940 15944
15944 15940 15945
15942 15941 15946
15947 15942 15946
15943 15939 15948
15948 15939 15944
15941 15943 15949
15946 15941 15949
15950 15943 15948
15949 15943 15950
15948 15951 15950
15949 15950 15951
15944 15952 15948
15952 15951 15948
15945 15953 15944
15953 15952 15944
15953 15954 15952
15954 15955 15952
15952 15955 15951
15954 15956 15955
15957 15955 15956
15949 15951 15958
15958 15951 15955
15958 15955 15957
15946 15949 15958
15959 15958 15957
15946 15958 15959
15947 15946 15959
15960 15945 15961
15945 15960 15962
15963 15960 15961
15963 15961 15964
15962 15960 15965
15962 15965 15966
15967 15960 15963
15960 15967 15965
15968 15963 15964
15968 15964 15969
15970 15968 15969
15966 15965 15971
15966 15971 15972
15973 15972 15971
15974 15963 15968
15974 15967 15963
15970 15975 15968
15975 15974 15968
15976 15975 15970
15965 15977 15971
15965 15967 15977
15978 15973 15971
15978 15971 15977
15979 15973 15978
15980 15967 15974
15967 15980 15977
15981 15980 15974
15981 15977 15980
15975 15981 15974
15981 15978 15977
15976 15982 15975
15982 15981 15975
15982 15978 15981
15982 15979 15978
15947 15982 15976
15947 15979 15982
15983 15984 15985
15984 15983 15986
15987 15983 15985
15987 15985 15988
15986 15983 15989
15986 15989 15990
15991 15983 15987
15983 15991 15989
15992 15987 15988
15992 15988 15993
15994 15992 15993
15990 15989 15995
15990 15995 15996
15997 15996 15995
15998 15987 15992
15998 15991 15987
15994 15999 15992
15999 15998 15992
16000 15999 15994
15989 16001 15995
15989 15991 16001
16002 15997 15995
16002 15995 16001
16003 15997 16002
16004 15991 15998
15991 16004 16001
16005 16004 15998
16005 16001 16004
15999 16005 15998
16005 16002 16001
16000 16006 15999
16006 16005 15999
16006 16002 16005
16006 16003 16002
16007 16006 16000
16007 16003 16006
16008 16009 16010
16011 16008 16010
16008 16012 16009
16012 16013 16009
16011 16014 16008
16015 16014 16011
16016 16012 16008
16014 16016 16008
16012 16017 16013
16017 16018 16013
16015 16019 16014
16020 16019 16015
16016 16021 16012
16021 16017 16012
16014 16022 16016
16019 16022 16014
16023 16021 16016
16022 16023 16016
16021 16023 16024
16022 16024 16023
16017 16021 16025
16025 16021 16024
16018 16017 16026
16026 16017 16025
16026 16025 16027
16027 16025 16028
16025 16024 16028
16027 16028 16029
16030 16029 16028
16022 16031 16024
16031 16028 16024
16031 16030 16028
16019 16031 16022
16032 16030 16031
16019 16032 16031
16020 16032 16019
16033 16034 16018
16018 16035 16033
16036 16034 16033
16036 16037 16034
16035 16038 16033
16035 16039 16038
16040 16036 16033
16033 16038 16040
16041 16037 16036
16041 16042 16037
16043 16042 16041
16039 16044 16038
16039 16045 16044
16046 16044 16045
16047 16041 16036
16047 16036 16040
16043 16041 16048
16048 16041 16047
16049 16043 16048
16038 16044 16050
16038 16050 16040
16051 16044 16046
16051 16050 16044
16052 16051 16046
16053 16047 16040
16040 16050 16053
16054 16047 16053
16054 16053 16050
16048 16047 16054
16054 16050 16051
16049 16048 16055
16055 16048 16054
16055 16054 16051
16055 16051 16052
16020 16049 16055
16020 16055 16052
16056 16057 16058
16059 16056 16058
16056 16060 16057
16060 16061 16057
16059 16062 16056
16063 16062 16059
16064 16060 16056
16062 16064 16056
16060 16065 16061
16065 16066 16061
16063 16067 16062
16068 16067 16063
16064 16069 16060
16069 16065 16060
16062 16070 16064
16067 16070 16062
16071 16069 16064
16070 16071 16064
16069 16071 16072
16070 16072 16071
16065 16069 16073
16073 16069 16072
16066 16065 16074
16074 16065 16073
16074 16073 16075
16075 16073 16076
16073 16072 16076
16075 16076 16077
16078 16077 16076
16070 16079 16072
16079 16076 16072
16079 16078 16076
16067 16079 16070
16080 16078 16079
16067 16080 16079
16068 16080 16067
16081 16082 16066
16066 16083 16081
16084 16082 16081
16084 16085 16082
16083 16086 16081
16083 16087 16086
16088 16084 16081
16081 16086 16088
16089 16085 16084
16089 16090 16085
16091 16090 16089
16087 16092 16086
16087 16093 16092
16094 16092 16093
16095 16089 16084
16095 16084 16088
16091 16089 16096
16096 16089 16095
16097 16091 16096
16086 16092 16098
16086 16098 16088
16099 16092 16094
16099 16098 16092
16100 16099 16094
16101 16095 16088
16088 16098 16101
16102 16095 16101
16102 16101 16098
16096 16095 16102
16102 16098 16099
16097 16096 16103
16103 16096 16102
16103 16102 16099
16103 16099 16100
16068 16097 16103
16068 16103 16100
16104 16105 16106
16107 16105 16104
16104 16106 16108
16108 16106 16109
16107 16104 16110
16111 16107 16110
16112 16104 16108
16110 16104 16112
16108 16109 16113
16113 16109 16114
16111 16110 16115
16116 16111 16115
16112 16108 16117
16117 16108 16113
16110 16112 16118
16115 16110 16118
16119 16112 16117
16118 16112 16119
16117 16120 16119
16118 16119 16120
16113 16121 16117
16121 16120 16117
16114 16122 16113
16122 16121 16113
16122 16123 16121
16123 16124 16121
16121 16124 16120
16123 16125 16124
16126 16124 16125
16118 16120 16127
16127 16120 16124
16127 16124 16126
16115 16118 16127
16128 16127 16126
16115 16127 16128
16116 16115 16128
16129 16114 16130
16114 16129 16131
16132 16129 16130
16132 16130 16133
16131 16129 16134
16131 16134 16135
16136 16129 16132
16129 16136 16134
16137 16132 16133
16137 16133 16138
16139 16137 16138
16135 16134 16140
16135 16140 16141
16142 16141 16140
16143 16132 16137
16143 16136 16132
16139 16144 16137
16144 16143 16137
16145 16144 16139
16134 16146 16140
16134 16136 16146
16147 16142 16140
16147 16140 16146
16148 16142 16147
16149 16136 16143
16136 16149 16146
16150 16149 16143
16150 16146 16149
16144 16150 16143
16150 16147 16146
16145 16151 16144
16151 16150 16144
16151 16147 16150
16151 16148 16147
16116 16151 16145
16116 16148 16151
16152 16153 16154
16155 16152 16154
16152 16156 16153
16156 16157 16153
16155 16158 16152
16159 16158 16155
16160 16156 16152
16158 16160 16152
16156 16161 16157
16161 16162 16157
16159 16163 16158
16164 16163 16159
16160 16165 16156
16165 16161 16156
16158 16166 16160
16163 16166 16158
16167 16165 16160
16166 16167 16160
16165 16167 16168
16166 16168 16167
16161 16165 16169
16169 16165 16168
16162 16161 16170
16170 16161 16169
16170 16169 16171
16171 16169 16172
16169 16168 16172
16171 16172 16173
16174 16173 16172
16166 16175 16168
16175 16172 16168
16175 16174 16172
16163 16175 16166
16176 16174 16175
16163 16176 16175
16164 16176 16163
16177 16178 16162
16162 16179 16177
16180 16178 16177
16180 16181 16178
16179 16182 16177
16179 16183 16182
16184 16180 16177
16177 16182 16184
16185 16181 16180
16185 16186 16181
16187 16186 16185
16183 16188 16182
16183 16189 16188
16190 16188 16189
16191 16185 16180
16191 16180 16184
16187 16185 16192
16192 16185 16191
16193 16187 16192
16182 16188 16194
16182 16194 16184
16195 16188 16190
16195 16194 16188
16196 16195 16190
16197 16191 16184
16184 16194 16197
16198 16191 16197
16198 16197 16194
16192 16191 16198
16198 16194 16195
16193 16192 16199
16199 16192 16198
16199 16198 16195
16199 16195 16196
16164 16193 16199
16164 16199 16196
16200 16201 16202
16203 16200 16202
16200 16204 16201
16204 16205 16201
16203 16206 16200
16207 16206 16203
16208 16204 16200
16206 16208 16200
16204 16209 16205
16209 16210 16205
16207 16211 16206
16212 16211 16207
16208 16213 16204
16213 16209 16204
16206 16214 16208
16211 16214 16206
16215 16213 16208
16214 16215 16208
16213 16215 16216
16214 16216 16215
16209 16213 16217
16217 16213 16216
16210 16209 16218
16218 16209 16217
16218 16217 16219
16219 16217 16220
16217 16216 16220
16219 16220 16221
16222 16221 16220
16214 16223 16216
16223 16220 16216
16223 16222 16220
16211 16223 16214
16224 16222 16223
16211 16224 16223
16212 16224 16211
16225 16226 16210
16210 16227 16225
16228 16226 16225
16228 16229 16226
16227 16230 16225
16227 16231 16230
16232 16228 16225
16225 16230 16232
16233 16229 16228
16233 16234 16229
16235 16234 16233
16231 16236 16230
16231 16237 16236
16238 16236 16237
16239 16233 16228
16239 16228 16232
16235 16233 16240
16240 16233 16239
16241 16235 16240
16230 16236 16242
16230 16242 16232
16243 16236 16238
16243 16242 16236
16244 16243 16238
16245 16239 16232
16232 16242 16245
16246 16239 16245
16246 16245 16242
16240 16239 16246
16246 16242 16243
16241 16240 16247
16247 16240 16246
16247 16246 16243
16247 16243 16244
16212 16241 16247
16212 16247 16244
16248 16249 16250
16251 16249 16248
16248 16250 16252
16252 16250 16253
16251 16248 16254
16255 16251 16254
16256 16248 16252
16254 16248 16256
16252 16253 16257
16257 16253 16258
16255 16254 16259
16260 16255 16259
16256 16252 16261
16261 16252 16257
16254 16256 16262
16259 16254 16262
16263 16256 16261
16262 16256 16263
16261 16264 16263
16262 16263 16264
16257 16265 16261
16265 16264 16261
16258 16266 16257
16266 16265 16257
16266 16267 16265
16267 16268 16265
16265 16268 16264
16267 16269 16268
16270 16268 16269
16262 16264 16271
16271 16264 16268
16271 16268 16270
16259 16262 16271
16272 16271 16270
16259 16271 16272
16260 16259 16272
16273 16258 16274
16258 16273 16275
16276 16273 16274
16276 16274 16277
16275 16273 16278
16275 16278 16279
16280 16273 16276
16273 16280 16278
16281 16276 16277
16281 16277 16282
16283 16281 16282
16279 16278 16284
16279 16284 16285
16286 16285 16284
16287 16276 16281
16287 16280 16276
16283 16288 16281
16288 16287 16281
16289 16288 16283
16278 16290 16284
16278 16280 16290
16291 16286 16284
16291 16284 16290
16292 16286 16291
16293 16280 16287
16280 16293 16290
16294 16293 16287
16294 16290 16293
16288 16294 16287
16294 16291 16290
16289 16295 16288
16295 16294 16288
16295 16291 16294
16295 16292 16291
16260 16295 16289
16260 16292 16295
16296 16297 16298
16299 16297 16296
16296 16298 16300
16300 16298 16301
16299 16296 16302
16303 16299 16302
16304 16296 16300
16302 16296 16304
16300 16301 16305
16305 16301 16306
16303 16302 16307
16308 16303 16307
16304 16300 16309
16309 16300 16305
16302 16304 16310
16307 16302 16310
16311 16304 16309
16310 16304 16311
16309 16312 16311
16310 16311 16312
16305 16313 16309
16313 16312 16309
16306 16314 16305
16314 16313 16305
16314 16315 16313
16315 16316 16313
16313 16316 16312
16315 16317 16316
16318 16316 16317
16310 16312 16319
16319 16312 16316
16319 16316 16318
16307 16310 16319
16320 16319 16318
16307 16319 16320
16308 16307 16320
16321 16306 16322
16306 16321 16323
16324 16321 16322
16324 16322 16325
16323 16321 16326
16323 16326 16327
16328 16321 16324
16321 16328 16326
16329 16324 16325
16329 16325 16330
16331 16329 16330
16327 16326 16332
16327 16332 16333
16334 16333 16332
16335 16324 16329
16335 16328 16324
16331 16336 16329
16336 16335 16329
16337 16336 16331
16326 16338 16332
16326 16328 16338
16339 16334 16332
16339 16332 16338
16340 16334 16339
16341 16328 16335
16328 16341 16338
16342 16341 16335
16342 16338 16341
16336 16342 16335
16342 16339 16338
16337 16343 16336
16343 16342 16336
16343 16339 16342
16343 16340 16339
16308 16343 16337
16308 16340 16343
16344 16345 16346
16347 16345 16344
16344 16346 16348
16348 16346 16349
16347 16344 16350
16351 16347 16350
16352 16344 16348
16350 16344 16352
16348 16349 16353
16353 16349 16354
16351 16350 16355
16356 16351 16355
16352 16348 16357
16357 16348 16353
16350 16352 16358
16355 16350 16358
16359 16352 16357
16358 16352 16359
16357 16360 16359
16358 16359 16360
16353 16361 16357
16361 16360 16357
16354 16362 16353
16362 16361 16353
16362 16363 16361
16363 16364 16361
16361 16364 16360
16363 16365 16364
16366 16364 16365
16358 16360 16367
16367 16360 16364
16367 16364 16366
16355 16358 16367
16368 16367 16366
16355 16367 16368
16356 16355 16368
16369 16354 16370
16354 16369 16371
16372 16369 16370
16372 16370 16373
16371 16369 16374
16371 16374 16375
16376 16369 16372
16369 16376 16374
16377 16372 16373
16377 16373 16378
16379 16377 16378
16375 16374 16380
16375 16380 16381
16382 16381 16380
16383 16372 16377
16383 16376 16372
16379 16384 16377
16384 16383 16377
16385 16384 16379
16374 16386 16380
16374 16376 16386
16387 16382 16380
16387 16380 16386
16388 16382 16387
16389 16376 16383
16376 16389 16386
16390 16389 16383
16390 16386 16389
16384 16390 16383
16390 16387 16386
16385 16391 16384
16391 16390 16384
16391 16387 16390
16391 16388 16387
16356 16391 16385
16356 16388 16391
16392 16393 16394
16395 16393 16392
16392 16394 16396
16396 16394 16397
16395 16392 16398
16399 16395 16398
16400 16392 16396
16398 16392 16400
16396 16397 16401
16401 16397 16402
16399 16398 16403
16404 16399 16403
16400 16396 16405
16405 16396 16401
16398 16400 16406
16403 16398 16406
16407 16400 16405
16406 16400 16407
16405 16408 16407
16406 16407 16408
16401 16409 16405
16409 16408 16405
16402 16410 16401
16410 16409 16401
16410 16411 16409
16411 16412 16409
16409 16412 16408
16411 16413 16412
16414 16412 16413
16406 16408 16415
16415 16408 16412
16415 16412 16414
16403 16406 16415
16416 16415 16414
16403 16415 16416
16404 16403 16416
16417 16402 16418
16402 16417 16419
16420 16417 16418
16420 16418 16421
16419 16417 16422
16419 16422 16423
16424 16417 16420
16417 16424 16422
16425 16420 16421
16425 16421 16426
16427 16425 16426
16423 16422 16428
16423 16428 16429
16430 16429 16428
16431 16420 16425
16431 16424 16420
16427 16432 16425
16432 16431 16425
16433 16432 16427
16422 16434 16428
16422 16424 16434
16435 16430 16428
16435 16428 16434
16436 16430 16435
16437 16424 16431
16424 16437 16434
16438 16437 16431
16438 16434 16437
16432 16438 16431
16438 16435 16434
16433 16439 16432
16439 16438 16432
16439 16435 16438
16439 16436 16435
16404 16439 16433
16404 16436 16439
16440 16441 16442
16443 16441 16440
16440 16442 16444
16444 16442 16445
16443 16440 16446
16447 16443 16446
16448 16440 16444
16446 16440 16448
16444 16445 16449
16449 16445 16450
16447 16446 16451
16452 16447 16451
16448 16444 16453
16453 16444 16449
16446 16448 16454
16451 16446 16454
16455 16448 16453
16454 16448 16455
16453 16456 16455
16454 16455 16456
16449 16457 16453
16457 16456 16453
16450 16458 16449
16458 16457 16449
16458 16459 16457
16459 16460 16457
16457 16460 16456
16459 16461 16460
16462 16460 16461
16454 16456 16463
16463 16456 16460
16463 16460 16462
16451 16454 16463
16464 16463 16462
16451 16463 16464
16452 16451 16464
16465 16450 16466
16450 16465 16467
16468 16465 16466
16468 16466 16469
16467 16465 16470
16467 16470 16471
16472 16465 16468
16465 16472 16470
16473 16468 16469
16473 16469 16474
16475 16473 16474
16471 16470 16476
16471 16476 16477
16478 16477 16476
16479 16468 16473
16479 16472 16468
16475 16480 16473
16480 16479 16473
16481 16480 16475
16470 16482 16476
16470 16472 16482
16483 16478 16476
16483 16476 16482
16484 16478 16483
16485 16472 16479
16472 16485 16482
16486 16485 16479
16486 16482 16485
16480 16486 16479
16486 16483 16482
16481 16487 16480
16487 16486 16480
16487 16483 16486
16487 16484 16483
16452 16487 16481
16452 16484 16487
16488 16489 16490
16490 16491 16488
16492 16489 16488
16492 16493 16489
16491 16494 16488
16491 16495 16494
16496 16492 16488
16488 16494 16496
16497 16493 16492
16497 16498 16493
16499 16498 16497
16495 16500 16494
16495 16501 16500
16502 16500 16501
16503 16497 16492
16503 16492 16496
16499 16497 16504
16504 16497 16503
16505 16499 16504
16494 16500 16506
16494 16506 16496
16507 16500 16502
16507 16506 16500
16508 16507 16502
16509 16503 16496
16496 16506 16509
16510 16503 16509
16510 16509 16506
16504 16503 16510
16510 16506 16507
16505 16504 16511
16511 16504 16510
16511 16510 16507
16511 16507 16508
16512 16505 16511
16512 16511 16508
12878 12864 16513
12864 12862 16513
12862 16514 16513
12878 16513 16514
12862 16515 16514
12862 12863 16515
16515 12863 16516
16515 16516 16517
16517 16518 16515
16515 16518 16514
16517 16519 16518
16519 16517 16520
16514 16518 16521
16521 16518 16519
16522 16519 16520
16521 16519 16522
16522 16520 16523
16523 16524 16522
16521 16522 16524
16523 16525 16524
16514 16521 16526
12878 16514 16526
16526 16521 16527
16521 16524 16527
16525 16528 16524
16525 16529 16528
16530 12878 16526
16526 16527 16530
16524 16531 16527
16524 16528 16531
16529 16532 16528
16529 16533 16532
16530 16534 12878
12886 12878 16534
16535 16530 16527
16534 16530 16535
16535 16527 16531
12886 16534 16536
16534 16535 16536
12886 16536 12909
16528 16537 16531
16528 16532 16537
16533 16538 16532
16533 16539 16538
16540 16535 16531
16540 16531 16537
16532 16541 16537
16532 16538 16541
16537 16541 16540
16542 12909 16536
12516 12909 16542
12518 12516 16542
16543 16536 16535
16543 16535 16540
16542 16536 16543
16539 16544 16538
16539 16545 16544
12518 16542 16546
12518 16546 12522
16542 16547 16546
16547 16542 16543
12522 16546 16548
16548 16546 16547
16538 16544 16549
16544 16550 16549
16538 16549 16541
16551 16544 16545
16544 16551 16550
16551 16545 16552
16553 16551 16552
16551 16553 16550
16553 16552 16554
12522 16548 16555
16548 16556 16555
16555 16556 16557
12522 16555 12527
12527 16555 16558
16558 16555 16557
16558 16557 16559
12527 16558 16560
16559 16560 16558
12525 12527 16560
16560 16559 12525
16561 16553 16554
16561 16554 16562
16548 16563 16556
16548 16547 16563
16547 16564 16563
16564 16556 16563
16565 12525 16559
16565 12536 12525
12536 16565 16566
16559 16566 16565
12536 16566 12541
16567 16561 16562
16567 16562 16568
16569 16567 16568
16547 16570 16564
16570 16547 16543
16570 16543 16571
16543 16540 16571
16564 16570 16572
16572 16570 16571
16571 16540 16573
16573 16540 16541
16541 16574 16573
16541 16549 16574
16571 16573 16575
16573 16574 16575
16574 16576 16575
16549 16577 16574
16574 16577 16576
16549 16550 16577
16571 16575 16578
16572 16571 16578
16578 16575 16576
16579 16572 16578
16578 16576 16579
16580 16579 16576
16564 16572 16581
16579 16581 16572
16582 16581 16579
16583 16576 16577
16550 16583 16577
16583 16550 16584
16583 16585 16576
16580 16576 16585
16584 16585 16583
16585 16584 16580
16564 16581 16586
16564 16586 16556
16586 16587 16556
16586 16581 16588
16582 16588 16581
16588 16582 16589
16586 16588 16590
16586 16590 16587
16589 16590 16588
16590 16589 16587
16584 16550 16591
16591 16550 16553
16553 16592 16591
16591 16592 16584
16553 16561 16592
16587 16593 16556
16556 16593 16557
16561 16594 16592
16561 16567 16594
16592 16595 16584
16596 16592 16594
16596 16595 16592
16594 16567 16597
16597 16596 16594
16595 16598 16584
16598 16580 16584
16595 16599 16598
16598 16599 16580
16600 16597 16567
16569 16600 16567
16596 16601 16595
16595 16601 16599
16569 16602 16600
16569 16603 16602
16603 16604 16602
16603 16605 16604
16605 16606 16604
16605 16607 16606
16608 16606 16607
16608 16607 16609
16610 16608 16609
16610 16609 16611
16611 16612 16610
16611 16613 16612
16613 16614 16612
16613 16615 16614
16616 16614 16615
16616 16615 16617
16618 16616 16617
16618 16617 16619
16619 16620 16618
16619 16621 16620
16618 16620 16622
16616 16618 16622
16623 16620 16621
16622 16620 16623
16623 16621 16624
16625 16623 16624
16625 16626 16623
16627 16626 16625
16622 16623 16628
16626 16628 16623
16627 16629 16626
16629 16628 16626
16629 16627 16630
16629 16630 16631
16629 16631 16628
16631 16630 16632
16633 16616 16622
16633 16622 16628
16634 16616 16633
16634 16614 16616
16633 16628 16635
16631 16635 16628
16634 16633 16635
16631 16632 16636
16636 16632 16637
16631 16638 16635
16634 16635 16638
16631 16636 16638
16639 16614 16634
16639 16612 16614
16640 16634 16638
16636 16640 16638
16640 16639 16634
16636 16637 16641
16636 16641 16640
16642 16641 16637
16612 16639 16643
16643 16639 16640
16612 16643 16610
16642 16644 16641
16644 16642 16645
16646 16640 16641
16643 16640 16646
16646 16641 16644
16610 16643 16647
16647 16608 16610
16643 16646 16648
16646 16644 16648
16643 16648 16647
16644 16645 16649
16649 16648 16644
16650 16649 16645
16647 16648 16651
16651 16648 16649
16652 16608 16647
16647 16651 16652
16650 16653 16649
16654 16653 16650
16649 16655 16651
16652 16651 16655
16653 16655 16649
16608 16652 16656
16652 16655 16656
16608 16656 16606
16654 16657 16653
16657 16654 16658
16653 16659 16655
16656 16655 16659
16657 16659 16653
16660 16606 16656
16656 16659 16660
16604 16606 16660
16659 16661 16660
16604 16660 16661
16657 16658 16662
16662 16658 16663
16657 16664 16659
16659 16664 16661
16665 16664 16657
16661 16664 16665
16665 16657 16662
16604 16661 16666
16661 16665 16666
16604 16666 16602
16662 16663 16667
16668 16667 16663
16665 16662 16669
16666 16665 16669
16667 16669 16662
16602 16666 16670
16666 16669 16670
16670 16600 16602
16671 16600 16670
16671 16670 16669
16600 16671 16597
16671 16669 16672
16597 16671 16672
16672 16669 16667
16597 16672 16673
16667 16673 16672
16597 16673 16596
16668 16674 16667
16674 16673 16667
16674 16596 16673
16675 16674 16668
16596 16674 16601
16675 16601 16674
16601 16675 16676
16601 16676 16599
16599 16676 16677
16677 16580 16599
16677 16676 16678
16677 16679 16580
16580 16679 16579
16582 16579 16679
16677 16678 16680
16680 16679 16677
16582 16679 16680
16680 16678 16681
16682 16680 16681
16680 16682 16582
16682 16681 16683
16684 16582 16682
16589 16582 16684
16683 16685 16682
16683 16686 16685
16682 16687 16684
16684 16687 16589
16682 16685 16687
16686 16688 16685
16686 16689 16688
16688 16689 16690
16685 16691 16687
16685 16688 16691
16687 16692 16589
16687 16691 16693
16687 16693 16692
16692 16694 16589
16694 16587 16589
16695 16694 16692
16694 16695 16587
16693 16696 16692
16695 16692 16696
16697 16587 16695
16587 16697 16593
16696 16698 16695
16695 16698 16697
16696 16699 16698
16697 16698 16700
16701 16699 16696
16702 16593 16697
16697 16700 16702
16702 16700 16703
16557 16593 16702
16702 16703 16704
16702 16704 16557
16704 16703 16705
16693 16706 16696
16701 16696 16706
16706 16693 16707
16691 16707 16693
16701 16706 16708
16706 16707 16708
16701 16708 16709
16691 16710 16707
16691 16688 16710
16711 16557 16704
16559 16557 16711
16711 16712 16559
16704 16712 16711
16712 16566 16559
16713 16709 16708
16713 16714 16709
16715 16714 16713
16715 16716 16714
16717 16716 16715
16718 16710 16688
16688 16690 16718
16704 16719 16712
16705 16719 16704
16705 16720 16719
16720 16721 16719
16720 16722 16721
16721 16722 16723
16719 16724 16712
16719 16721 16724
16725 16718 16690
16725 16690 16726
16726 16727 16725
16726 16728 16727
16727 16728 16729
16712 16724 16730
16712 16730 16566
16730 12541 16566
16730 16731 12541
12543 12541 16731
16731 16732 12543
16724 16733 16730
16731 16730 16733
16731 16734 16732
16731 16733 16734
16724 16735 16733
16724 16721 16735
16736 16732 16734
16736 16737 16732
16738 16737 16736
16738 16739 16737
16740 16739 16738
16734 16733 16741
16735 16741 16733
16742 16735 16721
16721 16723 16742
16734 16743 16736
16741 16743 16734
16735 16744 16741
16742 16744 16735
16744 16743 16741
16745 16742 16723
16745 16723 16746
16746 16747 16745
16746 16748 16747
16747 16748 16749
16744 16742 16750
16750 16742 16745
16744 16750 16743
16745 16751 16750
16751 16743 16750
16747 16751 16745
16752 16736 16743
16751 16752 16743
16752 16738 16736
16753 16752 16751
16747 16753 16751
16752 16754 16738
16753 16754 16752
16738 16754 16755
16755 16754 16753
16747 16756 16753
16755 16753 16756
16747 16749 16757
16747 16757 16756
16758 16757 16749
16758 16749 16759
16756 16757 16760
16760 16755 16756
16758 16760 16757
16738 16755 16761
16740 16738 16761
16760 16762 16755
16761 16755 16762
16763 16740 16761
16761 16762 16763
16763 16764 16740
16765 16762 16760
16758 16765 16760
16766 16758 16759
16766 16759 16767
16765 16768 16762
16763 16762 16768
16765 16758 16769
16769 16768 16765
16769 16758 16766
16764 16763 16770
16764 16770 16771
16768 16772 16763
16769 16772 16768
16763 16772 16770
16767 16773 16766
16767 16774 16773
16771 16770 16775
16771 16775 16776
16777 16770 16772
16769 16777 16772
16777 16775 16770
16766 16778 16769
16769 16778 16777
16773 16778 16766
16774 16779 16773
16774 16780 16779
16781 16776 16775
16781 16782 16776
16777 16783 16775
16778 16783 16777
16781 16775 16783
16773 16784 16778
16784 16773 16779
16778 16784 16783
16785 16782 16781
16785 16786 16782
16783 16784 16787
16784 16779 16787
16781 16783 16788
16785 16781 16788
16783 16787 16788
16789 16779 16780
16789 16780 16790
16779 16791 16787
16779 16789 16791
16787 16792 16788
16787 16791 16792
16785 16788 16792
16793 16786 16785
16793 16794 16786
16795 16789 16790
16795 16790 16796
16795 16796 16797
16791 16789 16798
16792 16791 16798
16789 16795 16798
16785 16792 16799
16785 16799 16793
16792 16798 16799
16800 16794 16793
16800 16793 16799
16800 16801 16794
16795 16797 16802
16795 16802 16798
16802 16797 16803
16804 16800 16799
16801 16800 16804
16798 16804 16799
16802 16804 16798
16801 16804 16803
16802 16803 16804
16805 16806 16807
16808 16805 16807
16805 16808 16809
16805 16809 16810
16810 16809 16811
16805 16812 16806
16810 16812 16805
16806 16812 16813
16806 16813 16814
16813 16815 16814
16815 16813 16816
16810 16817 16812
16817 16813 16812
16818 16816 16813
16817 16818 16813
16819 16816 16818
16810 16811 16820
16817 16810 16820
16819 16818 16821
16821 16818 16817
16811 16822 16820
16811 16823 16822
16824 16822 16823
16824 16823 16825
16824 16825 16826
16817 16820 16827
16827 16820 16822
16821 16817 16827
16827 16822 16828
16821 16827 16828
16828 16822 16824
16819 16821 16829
16821 16828 16829
16830 16829 16828
16819 16829 16831
16831 16829 16830
16831 16830 16832
16833 16832 16830
16824 16826 16834
16835 16824 16834
16834 16826 16836
16828 16824 16837
16830 16828 16837
16835 16837 16824
16830 16837 16835
16833 16830 16838
16830 16835 16838
16839 16833 16838
16834 16836 16840
16835 16834 16840
16839 16838 16841
16841 16838 16835
16842 16840 16836
16843 16840 16842
16842 16836 16844
16842 16844 16845
16835 16840 16846
16841 16835 16846
16843 16846 16840
16841 16846 16843
16839 16841 16847
16841 16843 16847
16848 16847 16843
16839 16847 16849
16849 16847 16848
16849 16848 16850
16851 16850 16848
16842 16845 16852
16843 16842 16852
16852 16845 16853
16851 16848 16854
16848 16855 16854
16854 16856 16851
16848 16843 16857
16843 16852 16857
16848 16857 16855
16855 16857 16852
16852 16853 16858
16855 16852 16858
16859 16858 16853
16854 16860 16856
16855 16860 16854
16861 16856 16860
16859 16862 16858
16862 16855 16858
16863 16862 16859
16861 16860 16864
16864 16865 16861
16855 16866 16860
16862 16866 16855
16864 16860 16866
16863 16867 16862
16866 16862 16867
16868 16867 16863
16864 16869 16865
16870 16865 16869
16864 16866 16871
16866 16867 16871
16871 16869 16864
16868 16872 16867
16872 16871 16867
16873 16872 16868
16870 16869 16874
16875 16870 16874
16871 16876 16869
16872 16876 16871
16876 16874 16869
16873 16877 16872
16877 16876 16872
16878 16877 16873
16875 16874 16879
16876 16879 16874
16877 16879 16876
16878 16879 16877
16875 16879 16880
16878 16880 16879
16710 16881 16707
16708 16707 16881
16710 16882 16881
16718 16882 16710
16881 16883 16708
16882 16883 16881
16708 16883 16713
16882 16718 16884
16882 16884 16883
16884 16718 16725
16725 16885 16884
16885 16883 16884
16727 16885 16725
16886 16713 16883
16885 16886 16883
16886 16715 16713
16887 16886 16885
16727 16887 16885
16886 16888 16715
16887 16888 16886
16715 16888 16889
16889 16888 16887
16727 16890 16887
16889 16887 16890
16715 16889 16891
16717 16715 16891
16891 16889 16892
16890 16892 16889
16717 16891 16893
16891 16892 16893
16717 16893 16894
16727 16895 16890
16727 16729 16895
16890 16895 16896
16890 16896 16892
16897 16895 16729
16897 16896 16895
16897 16729 16898
16899 16892 16896
16897 16899 16896
16900 16897 16898
16900 16898 16901
16902 16894 16893
16902 16903 16894
16893 16892 16904
16899 16904 16892
16904 16905 16893
16899 16905 16904
16893 16905 16902
16899 16897 16906
16899 16906 16905
16906 16897 16900
16901 16907 16900
16901 16908 16907
16903 16902 16909
16903 16909 16910
16911 16902 16905
16906 16911 16905
16911 16909 16902
16900 16912 16906
16906 16912 16911
16907 16912 16900
16908 16913 16907
16908 16914 16913
16915 16910 16909
16915 16916 16910
16911 16917 16909
16912 16917 16911
16915 16909 16917
16907 16918 16912
16918 16907 16913
16912 16918 16917
16919 16913 16914
16919 16914 16920
16918 16913 16921
16917 16918 16921
16921 16913 16919
16922 16916 16915
16922 16923 16916
16915 16917 16924
16917 16921 16924
16922 16915 16924
16921 16925 16924
16922 16924 16925
16926 16923 16922
16926 16927 16923
16921 16928 16925
16921 16919 16928
16922 16925 16929
16922 16929 16926
16928 16929 16925
16927 16926 16930
16930 16926 16929
16927 16930 16931
16931 16930 16932
16930 16929 16932
16931 16932 16933
16928 16934 16929
16919 16934 16928
16934 16932 16929
16935 16933 16932
16935 16932 16934
16935 16936 16933
16937 16936 16935
16919 16938 16934
16938 16935 16934
16937 16935 16938
16938 16919 16920
16938 16920 16937
16939 16940 16941
16942 16940 16939
16939 16941 16943
16944 16943 16941
16944 16945 16943
16946 16945 16944
16942 16939 16947
16948 16942 16947
16949 16939 16943
16945 16949 16943
16946 16950 16945
16951 16950 16946
16945 16952 16949
16952 16945 16950
16951 16953 16950
16954 16953 16951
16952 16950 16955
16953 16955 16950
16954 16956 16953
16957 16956 16954
16956 16958 16953
16953 16958 16955
16957 16959 16956
16956 16959 16958
16957 16960 16959
16961 16959 16960
16961 16962 16959
16958 16959 16962
16961 16963 16962
16958 16962 16964
16963 16964 16962
16955 16958 16964
16963 16965 16964
16955 16964 16966
16966 16964 16965
16966 16952 16955
16966 16965 16967
16967 16968 16966
16966 16968 16952
16967 16969 16968
16970 16952 16968
16970 16968 16969
16970 16969 16971
16971 16972 16970
16970 16949 16952
16972 16949 16970
16971 16973 16972
16972 16973 16974
16972 16975 16949
16949 16975 16939
16939 16975 16976
16976 16975 16972
16939 16976 16947
16972 16974 16977
16976 16972 16977
16977 16974 16978
16979 16947 16976
16948 16947 16979
16980 16948 16979
16980 16981 16948
16980 16982 16981
16979 16976 16983
16977 16983 16976
16983 16980 16979
16977 16978 16984
16977 16984 16983
16978 16985 16984
16978 16986 16985
16987 16985 16986
16984 16988 16983
16984 16985 16988
16983 16988 16980
16987 16989 16985
16989 16988 16985
16990 16989 16987
16990 16991 16989
16989 16992 16988
16991 16992 16989
16980 16988 16992
16991 16993 16992
16980 16992 16994
16994 16992 16993
16980 16994 16982
16994 16993 16995
16996 16982 16994
16996 16994 16995
16997 16998 16999
17000 16998 16997
16999 16998 17001
17002 16998 17000
17001 16998 17003
17004 16998 17002
17003 16998 17005
17006 16998 17004
17005 16998 17007
17008 16998 17006
17007 16998 17009
17009 16998 17008
17010 17011 17012
17010 17013 17011
17014 17010 17012
17014 17015 17010
17012 17016 17014
17014 17016 17017
17010 17018 17013
17015 17018 17010
17018 17019 17013
17017 17020 17014
17020 17015 17014
17017 17021 17020
17018 17022 17019
17015 17022 17018
17022 17023 17019
17021 17024 17020
17020 17024 17015
17021 17025 17024
17022 17026 17023
17015 17026 17022
17026 17027 17023
17028 17027 17026
17025 17029 17024
17024 17029 17015
17029 17026 17015
17028 17026 17029
17025 17030 17029
17030 17028 17029
17031 17032 17033
17034 17032 17031
17031 17033 17035
17031 17035 17036
17035 17033 17037
17038 17034 17031
17038 17031 17036
17034 17038 17039
17038 17040 17039
17035 17037 17041
17036 17035 17041
17041 17037 17042
17040 17038 17043
17043 17038 17036
17040 17043 17044
17041 17042 17045
17036 17041 17045
17045 17042 17046
17047 17045 17046
17044 17043 17048
17043 17036 17048
17044 17048 17049
17050 17045 17047
17036 17045 17050
17048 17036 17050
17049 17048 17050
17051 17050 17047
17049 17050 17051
17052 17053 17054
17053 17052 17055
17056 17054 17053
17057 17053 17055
17056 17053 17057
17058 17057 17055
17058 17056 17057
17058 17055 17059
17058 17060 17056
17061 17058 17059
17060 17058 17062
17058 17061 17062
17063 17064 17065
17066 17064 17063
17063 17065 17067
17067 17065 17068
17066 17063 17069
17070 17066 17069
17071 17063 17067
17069 17063 17071
17067 17068 17072
17072 17068 17073
17070 17069 17074
17075 17070 17074
17071 17067 17076
17076 17067 17072
17069 17071 17077
17074 17069 17077
17078 17071 17076
17077 17071 17078
17076 17079 17078
17077 17078 17079
17072 17080 17076
17080 17079 17076
17073 17081 17072
17081 17080 17072
17081 17082 17080
17082 17083 17080
17080 17083 17079
17082 17084 17083
17085 17083 17084
17077 17079 17086
17086 17079 17083
17086 17083 17085
17074 17077 17086
17087 17086 17085
17074 17086 17087
17075 17074 17087
17088 17073 17089
17073 17088 17090
17091 17088 17089
17091 17089 17092
17090 17088 17093
17090 17093 17094
17095 17088 17091
17088 17095 17093
17096 17091 17092
17096 17092 17097
17098 17096 17097
17094 17093 17099
17094 17099 17100
17101 17100 17099
17102 17091 17096
17102 17095 17091
17098 17103 17096
17103 17102 17096
17104 17103 17098
17093 17105 17099
17093 17095 17105
17106 17101 17099
17106 17099 17105
17107 17101 17106
17108 17095 17102
17095 17108 17105
17109 17108 17102
17109 17105 17108
17103 17109 17102
17109 17106 17105
17104 17110 17103
17110 17109 17103
17110 17106 17109
17110 17107 17106
17075 17110 17104
17075 17107 17110
17111 17112 17113
17114 17112 17111
17111 17113 17115
17115 17113 17116
17114 17111 17117
17118 17114 17117
17119 17111 17115
17117 17111 17119
17115 17116 17120
17120 17116 17121
17118 17117 17122
17123 17118 17122
17119 17115 17124
17124 17115 17120
17117 17119 17125
17122 17117 17125
17126 17119 17124
17125 17119 17126
17124 17127 17126
17125 17126 17127
17120 17128 17124
17128 17127 17124
17121 17129 17120
17129 17128 17120
17129 17130 17128
17130 17131 17128
17128 17131 17127
17130 17132 17131
17133 17131 17132
17125 17127 17134
17134 17127 17131
17134 17131 17133
17122 17125 17134
17135 17134 17133
17122 17134 17135
17123 17122 17135
17136 17121 17137
17121 17136 17138
17139 17136 17137
17139 17137 17140
17138 17136 17141
17138 17141 17142
17143 17136 17139
17136 17143 17141
17144 17139 17140
17144 17140 17145
17146 17144 17145
17142 17141 17147
17142 17147 17148
17149 17148 17147
17150 17139 17144
17150 17143 17139
17146 17151 17144
17151 17150 17144
17152 17151 17146
17141 17153 17147
17141 17143 17153
17154 17149 17147
17154 17147 17153
17155 17149 17154
17156 17143 17150
17143 17156 17153
17157 17156 17150
17157 17153 17156
17151 17157 17150
17157 17154 17153
17152 17158 17151
17158 17157 17151
17158 17154 17157
17158 17155 17154
17123 17158 17152
17123 17155 17158
17159 17160 17161
17162 17160 17159
17159 17161 17163
17163 17161 17164
17162 17159 17165
17166 17162 17165
17167 17159 17163
17165 17159 17167
17163 17164 17168
17168 17164 17169
17166 17165 17170
17171 17166 17170
17167 17163 17172
17172 17163 17168
17165 17167 17173
17170 17165 17173
17174 17167 17172
17173 17167 17174
17172 17175 17174
17173 17174 17175
17168 17176 17172
17176 17175 17172
17169 17177 17168
17177 17176 17168
17177 17178 17176
17178 17179 17176
17176 17179 17175
17178 17180 17179
17181 17179 17180
17173 17175 17182
17182 17175 17179
17182 17179 17181
17170 17173 17182
17183 17182 17181
17170 17182 17183
17171 17170 17183
17184 17169 17185
17169 17184 17186
17187 17184 17185
17187 17185 17188
17186 17184 17189
17186 17189 17190
17191 17184 17187
17184 17191 17189
17192 17187 17188
17192 17188 17193
17194 17192 17193
17190 17189 17195
17190 17195 17196
17197 17196 17195
17198 17187 17192
17198 17191 17187
17194 17199 17192
17199 17198 17192
17200 17199 17194
17189 17201 17195
17189 17191 17201
17202 17197 17195
17202 17195 17201
17203 17197 17202
17204 17191 17198
17191 17204 17201
17205 17204 17198
17205 17201 17204
17199 17205 17198
17205 17202 17201
17200 17206 17199
17206 17205 17199
17206 17202 17205
17206 17203 17202
17171 17206 17200
17171 17203 17206
17207 17208 17209
17210 17207 17209
17207 17211 17208
17211 17212 17208
17210 17213 17207
17214 17213 17210
17215 17211 17207
17213 17215 17207
17211 17216 17212
17216 17217 17212
17214 17218 17213
17219 17218 17214
17215 17220 17211
17220 17216 17211
17213 17221 17215
17218 17221 17213
17222 17220 17215
17221 17222 17215
17220 17222 17223
17221 17223 17222
17216 17220 17224
17224 17220 17223
17217 17216 17225
17225 17216 17224
17225 17224 17226
17226 17224 17227
17224 17223 17227
17226 17227 17228
17229 17228 17227
17221 17230 17223
17230 17227 17223
17230 17229 17227
17218 17230 17221
17231 17229 17230
17218 17231 17230
17219 17231 17218
17232 17233 17217
17217 17234 17232
17235 17233 17232
17235 17236 17233
17234 17237 17232
17234 17238 17237
17239 17235 17232
17232 17237 17239
17240 17236 17235
17240 17241 17236
17242 17241 17240
17238 17243 17237
17238 17244 17243
17245 17243 17244
17246 17240 17235
17246 17235 17239
17242 17240 17247
17247 17240 17246
17248 17242 17247
17237 17243 17249
17237 17249 17239
17250 17243 17245
17250 17249 17243
17251 17250 17245
17252 17246 17239
17239 17249 17252
17253 17246 17252
17253 17252 17249
17247 17246 17253
17253 17249 17250
17248 17247 17254
17254 17247 17253
17254 17253 17250
17254 17250 17251
17219 17248 17254
17219 17254 17251
17255 17256 17257
17258 17255 17257
17255 17259 17256
17259 17260 17256
17258 17261 17255
17262 17261 17258
17263 17259 17255
17261 17263 17255
17259 17264 17260
17264 17265 17260
17262 17266 17261
17267 17266 17262
17263 17268 17259
17268 17264 17259
17261 17269 17263
17266 17269 17261
17270 17268 17263
17269 17270 17263
17268 17270 17271
17269 17271 17270
17264 17268 17272
17272 17268 17271
17265 17264 17273
17273 17264 17272
17273 17272 17274
17274 17272 17275
17272 17271 17275
17274 17275 17276
17277 17276 17275
17269 17278 17271
17278 17275 17271
17278 17277 17275
17266 17278 17269
17279 17277 17278
17266 17279 17278
17267 17279 17266
17280 17281 17265
17265 17282 17280
17283 17281 17280
17283 17284 17281
17282 17285 17280
17282 17286 17285
17287 17283 17280
17280 17285 17287
17288 17284 17283
17288 17289 17284
17290 17289 17288
17286 17291 17285
17286 17292 17291
17293 17291 17292
17294 17288 17283
17294 17283 17287
17290 17288 17295
17295 17288 17294
17296 17290 17295
17285 17291 17297
17285 17297 17287
17298 17291 17293
17298 17297 17291
17299 17298 17293
17300 17294 17287
17287 17297 17300
17301 17294 17300
17301 17300 17297
17295 17294 17301
17301 17297 17298
17296 17295 17302
17302 17295 17301
17302 17301 17298
17302 17298 17299
17267 17296 17302
17267 17302 17299
17303 17304 17305
17306 17303 17305
17303 17307 17304
17307 17308 17304
17306 17309 17303
17310 17309 17306
17311 17307 17303
17309 17311 17303
17307 17312 17308
17312 17313 17308
17310 17314 17309
17315 17314 17310
17311 17316 17307
17316 17312 17307
17309 17317 17311
17314 17317 17309
17318 17316 17311
17317 17318 17311
17316 17318 17319
17317 17319 17318
17312 17316 17320
17320 17316 17319
17313 17312 17321
17321 17312 17320
17321 17320 17322
17322 17320 17323
17320 17319 17323
17322 17323 17324
17325 17324 17323
17317 17326 17319
17326 17323 17319
17326 17325 17323
17314 17326 17317
17327 17325 17326
17314 17327 17326
17315 17327 17314
17328 17329 17313
17313 17330 17328
17331 17329 17328
17331 17332 17329
17330 17333 17328
17330 17334 17333
17335 17331 17328
17328 17333 17335
17336 17332 17331
17336 17337 17332
17338 17337 17336
17334 17339 17333
17334 17340 17339
17341 17339 17340
17342 17336 17331
17342 17331 17335
17338 17336 17343
17343 17336 17342
17344 17338 17343
17333 17339 17345
17333 17345 17335
17346 17339 17341
17346 17345 17339
17347 17346 17341
17348 17342 17335
17335 17345 17348
17349 17342 17348
17349 17348 17345
17343 17342 17349
17349 17345 17346
17344 17343 17350
17350 17343 17349
17350 17349 17346
17350 17346 17347
17315 17344 17350
17315 17350 17347
17351 17352 14995
17351 14995 14994
17353 17352 17351
17354 17351 14994
17354 14994 17355
17355 14994 14986
17355 14986 17356
14983 17356 14986
14983 17357 17356
17357 17355 17356
14983 15010 17357
17353 17351 17358
17359 17351 17354
17359 17358 17351
17360 17358 17359
17361 17353 17358
17360 17361 17358
17360 17362 17361
17361 17363 17353
17362 17363 17361
17362 17364 17363
17362 17365 17364
17362 17366 17365
17362 17367 17366
17368 17359 17354
17368 17354 17355
17362 17369 17367
17360 17369 17362
17367 17369 17370
17360 17370 17369
17367 17370 17371
17370 17372 17371
17373 17360 17359
17368 17373 17359
17368 17355 17374
17357 17374 17355
17370 17375 17372
17376 17375 17370
17375 17377 17372
17360 17378 17370
17373 17378 17360
17376 17370 17378
17373 17376 17378
17375 17379 17377
17376 17379 17375
17379 17380 17377
17381 17373 17368
17373 17381 17376
17382 17368 17374
17381 17368 17382
17383 17381 17382
17383 17382 17384
17382 17374 17384
17384 17374 17357
17379 17385 17380
17386 17380 17385
17376 17387 17379
17387 17385 17379
17388 17376 17381
17388 17387 17376
17383 17388 17381
17384 17357 17389
17389 17357 15010
17387 17390 17385
17388 17390 17387
17386 17385 17391
17390 17391 17385
17386 17391 17392
17393 17386 17392
17394 17384 17389
17383 17384 17394
17395 17389 15010
17394 17389 17395
17395 15010 15008
17396 17394 17395
17383 17394 17396
17390 17397 17391
17397 17392 17391
15008 17398 17395
17396 17395 17398
17399 17393 17392
17400 17393 17399
17400 17401 17393
17402 17401 17400
17402 17403 17401
17404 17403 17402
17404 17405 17403
17406 17405 17404
17407 17399 17392
17399 17408 17400
17407 17408 17399
17400 17409 17402
17402 17410 17404
17402 17409 17410
17411 17400 17408
17400 17411 17409
17412 17411 17408
17411 17412 17409
17406 17404 17413
17410 17414 17404
17413 17404 17414
17415 17410 17409
17414 17410 17415
17409 17412 17416
17415 17409 17416
17406 17413 17417
17406 17417 17418
17418 17417 17419
17418 17419 17420
17420 17419 17421
17420 17421 17422
17423 17422 17421
17423 17424 17422
17425 17424 17423
17425 17426 17424
17426 17425 17427
17426 17427 17428
17428 17427 17429
17428 17429 17430
17431 17430 17429
17431 17432 17430
17433 17432 17431
17433 17434 17432
17435 17434 17433
17435 17436 17434
17437 17436 17435
17437 17438 17436
17439 17438 17437
17439 17437 17440
17440 17441 17439
17435 17442 17437
17442 17440 17437
17435 17443 17442
17433 17443 17435
17433 17444 17443
17445 17444 17433
17431 17445 17433
17445 17431 17446
17429 17446 17431
17447 17446 17429
17442 17448 17440
17429 17427 17447
17440 17449 17441
17448 17449 17440
17448 17450 17449
17449 17451 17441
17450 17452 17449
17427 17453 17447
17427 17425 17453
17453 17454 17447
17449 17455 17451
17452 17455 17449
17455 17456 17451
17452 17457 17455
17455 17458 17456
17458 17455 17457
17457 17454 17458
17458 17459 17456
17458 17460 17459
17458 17454 17460
17461 17459 17460
17462 17460 17454
17453 17462 17454
17461 17460 17463
17462 17463 17460
17463 17464 17461
17453 17465 17462
17462 17465 17463
17463 17466 17464
17466 17463 17465
17467 17464 17466
17453 17468 17465
17425 17468 17453
17468 17425 17423
17468 17469 17465
17469 17466 17465
17467 17466 17470
17471 17467 17470
17472 17468 17423
17468 17472 17469
17466 17469 17473
17472 17473 17469
17470 17466 17473
17423 17474 17472
17472 17474 17473
17423 17421 17474
17471 17470 17475
17475 17476 17471
17470 17473 17477
17474 17477 17473
17475 17470 17477
17478 17474 17421
17474 17478 17477
17419 17478 17421
17477 17478 17479
17419 17479 17478
17475 17480 17476
17480 17481 17476
17475 17477 17482
17477 17479 17482
17483 17475 17482
17479 17483 17482
17483 17480 17475
17419 17484 17479
17479 17484 17483
17419 17417 17484
17480 17485 17481
17486 17481 17485
17483 17487 17480
17484 17487 17483
17485 17480 17487
17417 17488 17484
17484 17488 17487
17488 17417 17413
17489 17488 17413
17489 17487 17488
17413 17414 17489
17489 17490 17487
17414 17490 17489
17490 17485 17487
17414 17491 17490
17485 17490 17491
17414 17415 17491
17486 17485 17492
17492 17485 17491
17492 17491 17415
17493 17486 17492
17415 17494 17492
17493 17492 17494
17415 17416 17494
17494 17495 17493
17416 17496 17494
17494 17496 17495
17416 17497 17496
17497 17498 17496
17416 17412 17497
17497 17412 17498
17496 17499 17495
17499 17496 17498
17499 17500 17495
17499 17501 17500
17501 17502 17500
17499 17498 17503
17501 17499 17503
17504 17501 17503
17505 17502 17501
17501 17504 17505
17505 17506 17502
17498 17507 17503
17504 17503 17507
17498 17508 17507
17509 17498 17412
17498 17509 17508
17412 17510 17509
17510 17508 17509
17510 17412 17408
17408 17511 17510
17510 17511 17508
17511 17408 17407
17506 17505 17512
17506 17512 17513
17514 17507 17508
17507 17514 17515
17511 17407 17516
17516 17407 17392
17517 17516 17392
17397 17517 17392
17518 17516 17517
17518 17511 17516
17518 17517 17397
17519 17508 17511
17519 17511 17518
17520 17518 17397
17520 17519 17518
17520 17397 17390
17521 17508 17519
17521 17522 17508
17507 17515 17523
17504 17507 17523
17524 17519 17520
17524 17521 17519
17521 17524 17525
17521 17525 17526
17522 17521 17526
17522 17526 17515
17527 17520 17390
17527 17390 17388
17520 17528 17524
17520 17527 17528
17528 17527 17388
17525 17524 17528
17383 17528 17388
17529 17515 17526
17525 17529 17526
17528 17383 17530
17525 17528 17530
17530 17383 17531
17525 17530 17531
17531 17383 17396
17529 17532 17515
17532 17523 17515
17525 17533 17529
17533 17532 17529
17525 17531 17534
17525 17534 17533
17396 17535 17531
17535 17534 17531
17535 17396 17536
17535 17536 17537
17536 17396 17398
17535 17538 17534
17535 17537 17538
17534 17539 17533
17534 17538 17539
17533 17540 17532
17539 17540 17533
17539 17541 17540
17539 17538 17542
17537 17542 17538
17542 17541 17539
17543 17537 17536
17398 17543 17536
17543 17398 17544
17543 17545 17537
17544 17545 17543
17398 17546 17544
15008 17546 17398
17537 17547 17542
17542 17548 17541
17548 17542 17547
17549 17547 17537
17549 17537 17545
17548 17547 17550
17549 17550 17547
17549 17551 17550
17545 17552 17549
17551 17549 17552
17544 17553 17545
17553 17552 17545
17544 17546 17554
17554 17553 17544
17555 17546 15008
17554 17546 17555
17556 17555 15008
15008 15007 17556
15007 15016 17556
15016 17555 17556
15016 15056 17555
15056 17554 17555
15056 15054 17554
17554 17557 17553
15054 17557 17554
17553 17558 17552
17557 17558 17553
15054 17559 17557
15055 17559 15054
17560 17559 15055
17557 17559 17561
17557 17561 17558
17558 17562 17552
17551 17552 17562
17560 17563 17559
17559 17563 17561
17558 17564 17562
17564 17558 17561
17560 17565 17563
17560 17566 17565
17565 17566 17567
17567 17568 17565
17567 17569 17568
17569 17570 17568
17569 17571 17570
17570 17571 17572
17570 17572 17573
17574 17573 17572
17564 17575 17562
17576 17564 17561
17564 17576 17575
17576 17561 17577
17563 17577 17561
17563 17565 17578
17563 17578 17577
17579 17576 17577
17575 17576 17579
17579 17577 17578
17565 17580 17578
17565 17568 17580
17568 17570 17581
17568 17581 17580
17578 17580 17582
17578 17582 17579
17582 17583 17579
17584 17582 17580
17584 17580 17581
17582 17584 17583
17585 17581 17570
17585 17570 17573
17586 17584 17581
17586 17581 17585
17575 17579 17587
17579 17583 17587
17588 17575 17587
17583 17588 17587
17588 17583 17589
17588 17590 17575
17588 17589 17590
17590 17589 17591
17590 17562 17575
17590 17551 17562
17551 17590 17591
17551 17591 17592
17591 17548 17592
17583 17584 17593
17586 17593 17584
17589 17583 17594
17583 17593 17594
17594 17595 17589
17593 17595 17594
17586 17596 17593
17593 17597 17595
17596 17597 17593
17598 17596 17586
17585 17598 17586
17585 17599 17598
17599 17585 17573
17599 17573 17600
17574 17600 17573
17574 17601 17600
17574 17602 17601
17600 17603 17599
17600 17601 17603
17604 17603 17601
17602 17605 17601
17604 17601 17605
17602 17606 17605
17607 17605 17606
17607 17608 17605
17608 17604 17605
17607 17609 17608
17607 17610 17609
17610 17611 17609
17610 17612 17611
17613 17611 17612
17613 17612 17614
17615 17613 17614
17615 17614 17616
17617 17615 17616
17617 17616 17618
17619 17617 17618
17619 17618 17620
17621 17619 17620
17608 17609 17622
17623 17609 17611
17623 17622 17609
17611 17613 17624
17611 17624 17623
17625 17613 17615
17625 17624 17613
17626 17615 17617
17626 17625 17615
17627 17617 17619
17627 17626 17617
17628 17619 17621
17628 17627 17619
17608 17622 17629
17608 17629 17604
17621 17630 17628
17621 17631 17630
17630 17631 17632
17630 17632 17633
17633 17632 17634
17635 17628 17630
17633 17635 17630
17635 17636 17628
17636 17627 17628
17636 17637 17627
17637 17638 17627
17638 17626 17627
17638 17639 17626
17625 17626 17639
17639 17640 17625
17633 17641 17635
17625 17640 17624
17633 17634 17642
17642 17641 17633
17642 17643 17641
17642 17634 17644
17645 17643 17642
17642 17644 17646
17646 17645 17642
17646 17644 17647
17645 17646 17648
17646 17647 17649
17649 17648 17646
17650 17649 17647
17651 17648 17649
17650 17652 17649
17649 17652 17651
17653 17652 17650
17652 17654 17651
17654 17640 17651
17653 17655 17652
17652 17655 17654
17655 17653 17656
17654 17657 17640
17657 17624 17640
17657 17623 17624
17655 17658 17654
17658 17657 17654
17655 17656 17659
17658 17655 17659
17659 17656 17660
17657 17661 17623
17658 17661 17657
17622 17623 17661
17662 17661 17658
17662 17658 17659
17663 17622 17661
17662 17663 17661
17622 17663 17664
17662 17664 17663
17629 17622 17664
17659 17665 17662
17662 17665 17664
17629 17664 17666
17665 17666 17664
17604 17629 17666
17659 17660 17667
17659 17667 17665
17668 17667 17660
17668 17660 17669
17670 17668 17669
17671 17665 17667
17665 17671 17666
17668 17671 17667
17666 17671 17672
17668 17672 17671
17604 17666 17673
17666 17672 17673
17670 17674 17668
17674 17670 17675
17668 17676 17672
17676 17673 17672
17668 17674 17676
17677 17604 17673
17676 17677 17673
17677 17603 17604
17677 17678 17603
17676 17678 17677
17603 17678 17599
17679 17674 17675
17679 17675 17680
17674 17681 17676
17676 17681 17678
17674 17679 17681
17682 17599 17678
17682 17678 17681
17682 17598 17599
17682 17681 17683
17683 17681 17679
17682 17684 17598
17682 17683 17684
17683 17679 17684
17598 17684 17596
17685 17679 17680
17679 17685 17684
17596 17684 17685
17686 17685 17680
17596 17685 17597
17686 17597 17685
17687 17597 17686
17687 17595 17597
17595 17687 17688
17689 17595 17688
17689 17688 17690
17689 17589 17595
17691 17689 17690
17691 17690 17692
17589 17689 17693
17689 17691 17693
17691 17694 17693
17589 17693 17591
17694 17591 17693
17695 17691 17692
17691 17695 17694
17694 17696 17591
17591 17696 17548
17697 17695 17692
17697 17692 17698
17699 17697 17698
17548 17696 17700
17548 17700 17541
17699 17701 17697
17701 17699 17702
17541 17700 17703
17700 17704 17703
17541 17703 17705
17696 17706 17700
17706 17704 17700
17706 17707 17704
17696 17708 17706
17707 17706 17708
17694 17708 17696
17708 17694 17707
17705 17703 17709
17709 17703 17710
17705 17709 17532
17532 17709 17523
17709 17711 17523
17504 17523 17711
17711 17712 17504
17709 17713 17711
17709 17710 17713
17712 17711 17713
17713 17710 17712
17703 17704 17714
17710 17703 17714
17715 17707 17694
17715 17694 17695
17695 17716 17715
17707 17715 17716
17695 17697 17716
17717 17716 17697
17717 17697 17701
17718 17707 17716
17718 17716 17717
17707 17719 17704
17719 17707 17718
17719 17720 17704
17720 17719 17718
17704 17721 17714
17721 17704 17720
17710 17714 17722
17721 17722 17714
17701 17723 17717
17718 17717 17724
17724 17717 17723
17720 17718 17725
17725 17718 17724
17701 17726 17723
17701 17702 17726
17727 17726 17702
17727 17702 17728
17729 17727 17728
17729 17728 17730
17731 17729 17730
17732 17720 17725
17720 17732 17733
17721 17720 17733
17721 17733 17734
17722 17721 17734
17732 17725 17735
17722 17734 17736
17735 17725 17737
17735 17737 17738
17725 17724 17737
17737 17739 17738
17740 17722 17736
17722 17740 17710
17724 17741 17737
17724 17723 17741
17737 17742 17739
17742 17737 17741
17741 17723 17743
17726 17743 17723
17741 17743 17744
17742 17741 17744
17743 17726 17745
17744 17743 17745
17726 17727 17745
17746 17739 17742
17746 17747 17739
17747 17746 17748
17747 17748 17749
17748 17750 17749
17744 17751 17742
17751 17746 17742
17744 17745 17751
17746 17751 17752
17752 17751 17745
17748 17746 17752
17753 17745 17727
17752 17745 17753
17753 17727 17729
17754 17752 17753
17748 17752 17754
17753 17729 17755
17754 17753 17755
17729 17756 17755
17756 17754 17755
17748 17754 17757
17756 17757 17754
17748 17758 17750
17748 17757 17758
17759 17750 17758
17759 17760 17750
17757 17761 17758
17761 17757 17756
17759 17758 17761
17729 17762 17756
17731 17762 17729
17761 17756 17763
17762 17763 17756
17764 17762 17731
17762 17764 17763
17764 17731 17765
17766 17761 17763
17759 17761 17766
17767 17760 17759
17767 17768 17760
17766 17763 17769
17764 17769 17763
17766 17770 17759
17770 17766 17769
17770 17767 17759
17765 17771 17764
17765 17772 17771
17769 17764 17773
17770 17769 17773
17764 17771 17773
17768 17767 17774
17768 17774 17775
17772 17776 17771
17772 17777 17776
17778 17773 17771
17770 17773 17778
17778 17771 17776
17767 17770 17779
17770 17778 17779
17774 17767 17779
17775 17774 17780
17775 17780 17781
17782 17776 17777
17782 17777 17783
17778 17776 17784
17779 17778 17784
17782 17784 17776
17774 17779 17785
17779 17784 17785
17780 17774 17785
17786 17784 17782
17785 17787 17780
17788 17781 17780
17780 17787 17788
17788 17789 17781
17790 17788 17787
17791 17782 17783
17782 17791 17786
17791 17783 17792
17793 17786 17791
17794 17789 17788
17788 17790 17794
17790 17795 17794
17794 17796 17789
17794 17795 17797
17798 17791 17792
17793 17791 17798
17799 17793 17798
17798 17792 17800
17801 17799 17798
17802 17796 17794
17794 17797 17802
17802 17803 17796
17802 17797 17804
17805 17798 17800
17801 17798 17805
17804 17801 17805
17805 17800 17806
17807 17803 17802
17802 17804 17807
17804 17805 17807
17806 17807 17805
17807 17808 17803
17806 17808 17807
17809 17710 17740
17809 17712 17710
17740 17810 17809
17810 17712 17809
17740 17811 17810
17811 17740 17736
17811 17736 17812
17813 17811 17812
17814 17712 17810
17815 17810 17811
17814 17810 17815
17813 17816 17811
17815 17811 17816
17813 17817 17816
17813 17818 17817
17816 17819 17815
17816 17817 17819
17820 17712 17814
17712 17820 17504
17820 17505 17504
17505 17820 17814
17505 17814 17512
17814 17815 17821
17512 17814 17821
17821 17815 17819
17512 17821 17822
17513 17512 17822
17513 17822 17823
17822 17824 17823
17821 17819 17825
17821 17825 17822
17822 17826 17824
17826 17822 17825
17825 17819 17827
17817 17827 17819
17825 17827 17828
17826 17825 17828
17829 17824 17826
17829 17830 17824
17830 17829 17831
17830 17831 17832
17831 17833 17832
17827 17817 17834
17828 17827 17834
17828 17835 17826
17835 17829 17826
17828 17834 17835
17829 17835 17836
17831 17829 17836
17836 17835 17834
17817 17837 17834
17837 17817 17818
17837 17818 17838
17839 17837 17838
17839 17838 17840
17841 17839 17840
17842 17834 17837
17836 17834 17842
17842 17837 17839
17843 17836 17842
17831 17836 17843
17842 17839 17844
17843 17842 17844
17839 17845 17844
17845 17843 17844
17841 17846 17839
17839 17846 17845
17831 17843 17847
17845 17847 17843
17841 17848 17846
17841 17849 17848
17846 17850 17845
17847 17845 17850
17846 17848 17850
17831 17847 17851
17831 17851 17833
17847 17852 17851
17847 17850 17852
17853 17833 17851
17853 17851 17852
17853 17854 17833
17855 17852 17850
17853 17852 17855
17856 17854 17853
17856 17857 17854
17858 17848 17849
17858 17849 17859
17848 17860 17850
17855 17850 17860
17860 17848 17861
17855 17860 17861
17848 17858 17861
17855 17862 17853
17855 17861 17862
17862 17856 17853
17857 17856 17863
17857 17863 17864
17859 17865 17858
17859 17866 17865
17867 17861 17858
17862 17861 17867
17867 17858 17865
17856 17862 17868
17862 17867 17868
17863 17856 17868
17864 17863 17869
17864 17869 17870
17871 17865 17866
17871 17866 17872
17867 17865 17873
17868 17867 17873
17871 17873 17865
17863 17868 17874
17868 17873 17874
17869 17863 17874
17871 17875 17873
17874 17876 17869
17877 17870 17869
17869 17876 17877
17877 17878 17870
17879 17877 17876
17880 17871 17872
17871 17880 17875
17880 17872 17881
17882 17875 17880
17883 17878 17877
17877 17879 17883
17879 17884 17883
17883 17885 17878
17883 17884 17886
17887 17880 17881
17882 17880 17887
17888 17882 17887
17887 17881 17889
17890 17888 17887
17891 17885 17883
17883 17886 17891
17891 17892 17885
17891 17886 17893
17894 17887 17889
17890 17887 17894
17893 17890 17894
17894 17889 17895
17896 17892 17891
17891 17893 17896
17893 17894 17896
17895 17896 17894
17896 17897 17892
17895 17897 17896
17898 17899 17900
17901 17898 17900
17898 17902 17899
17903 17899 17902
17903 17902 17904
17905 17903 17904
17901 17906 17898
17907 17906 17901
17908 17902 17898
17904 17902 17908
17905 17904 17909
17910 17905 17909
17904 17908 17911
17911 17909 17904
17910 17909 17912
17913 17910 17912
17911 17914 17909
17912 17909 17914
17913 17912 17915
17916 17913 17915
17915 17912 17917
17912 17914 17917
17916 17915 17918
17915 17917 17918
17916 17918 17919
17920 17919 17918
17920 17918 17921
17917 17921 17918
17920 17921 17922
17917 17923 17921
17922 17921 17923
17914 17923 17917
17922 17923 17924
17914 17925 17923
17925 17924 17923
17925 17914 17911
17925 17926 17924
17926 17925 17927
17925 17911 17927
17926 17927 17928
17929 17927 17911
17929 17928 17927
17929 17930 17928
17930 17929 17931
17929 17911 17908
17931 17929 17908
17930 17931 17932
17931 17933 17932
17931 17908 17934
17908 17898 17934
17898 17935 17934
17935 17931 17934
17898 17906 17935
17931 17936 17933
17935 17936 17931
17936 17937 17933
17938 17935 17906
17907 17938 17906
17939 17938 17907
17939 17907 17940
17939 17940 17941
17938 17942 17935
17936 17935 17942
17942 17938 17939
17936 17943 17937
17936 17942 17943
17937 17943 17944
17937 17944 17945
17946 17945 17944
17943 17942 17947
17943 17947 17944
17942 17939 17947
17946 17944 17948
17948 17944 17947
17949 17946 17948
17949 17948 17950
17948 17947 17951
17950 17948 17951
17939 17951 17947
17950 17951 17952
17939 17953 17951
17953 17952 17951
17939 17941 17953
17953 17954 17952
17955 17953 17941
17955 17954 17953
17956 17957 17958
17959 17958 17957
17957 17960 17959
17961 17957 17956
17961 17956 17962
17963 17961 17962
17964 17961 17963
17964 17965 17961
17965 17957 17961
17965 17964 17966
17965 17966 17967
17957 17968 17960
17965 17968 17957
17965 17967 17968
17960 17968 17969
17967 17970 17968
17969 17968 17970
17971 17972 17973
17974 17973 17972
17971 17975 17972
17972 17976 17974
17972 17977 17976
17978 17976 17977
17978 17977 17979
17980 17979 17977
17980 17977 17981
17982 17972 17975
17982 17977 17972
17983 17982 17975
17984 17982 17983
17985 17984 17981
17985 17981 17977
17984 17985 17982
17982 17985 17977
17986 17987 17988
17989 17988 17987
17987 17990 17989
17991 17987 17986
17991 17986 17992
17993 17991 17992
17994 17991 17993
17987 17995 17990
17991 17995 17987
17990 17995 17996
17996 17995 17997
17998 17997 17995
17994 17999 17991
17991 17999 17995
17999 17998 17995
17999 17994 18000
17999 18000 17998
18001 18002 18003
18004 18003 18002
18002 18005 18004
18006 18002 18001
18006 18001 18007
18008 18006 18007
18009 18006 18008
18002 18010 18005
18006 18010 18002
18005 18010 18011
18011 18010 18012
18013 18012 18010
18009 18014 18006
18006 18014 18010
18014 18013 18010
18014 18009 18015
18014 18015 18013
18016 18017 18018
18019 18018 18017
18017 18020 18019
18021 18017 18016
18021 18016 18022
18023 18021 18022
18024 18021 18023
18024 18025 18021
18025 18017 18021
18025 18024 18026
18025 18026 18027
18017 18028 18020
18025 18028 18017
18025 18027 18028
18020 18028 18029
18027 18030 18028
18029 18028 18030
18031 18032 18033
18031 18034 18032
18031 18033 18035
18035 18033 18036
18035 18036 18037
18036 18038 18037
18037 18038 18039
18037 18039 18040
18037 18040 18041
18037 18041 18042
18037 18042 18035
18031 18035 18042
18031 18042 18043
18031 18043 18044
18031 18045 18034
18031 18044 18045
18045 18046 18034
18045 18044 18047
18045 18048 18046
18045 18047 18048
18048 18049 18046
18048 18047 18049
18050 18051 18052
18050 18052 18053
18050 18054 18051
18054 18055 18051
18054 18056 18055
18055 18056 18057
18056 18058 18057
18056 18059 18058
18056 18060 18059
18056 18061 18060
18056 18054 18061
18050 18061 18054
18050 18062 18061
18050 18063 18062
18050 18053 18064
18050 18064 18063
18064 18053 18065
18064 18066 18063
18064 18065 18067
18064 18067 18066
18067 18065 18068
18067 18068 18066
18069 18070 18071
18072 18070 18069
18071 18070 18073
18074 18070 18072
18073 18070 18075
18076 18070 18074
18075 18070 18077
18077 18070 18076
18078 18079 18080
18081 18078 18080
18080 18079 18082
18083 18081 18080
18082 18084 18080
18085 18083 18080
18080 18084 18086
18087 18085 18080
18086 18088 18080
18089 18087 18080
18080 18088 18090
18091 18089 18080
18090 18092 18080
18092 18091 18080
18093 18094 18095
18096 18094 18093
18094 18097 18095
18098 18094 18096
18097 18094 18099
18100 18094 18098
18094 18101 18099
18102 18094 18100
18101 18094 18103
18104 18094 18102
18094 18105 18103
18106 18094 18104
18105 18094 18107
18107 18094 18106
18108 18109 18110
18111 18109 18108
18110 18109 18112
18110 18112 18113
18111 18114 18109
18115 18114 18111
18113 18112 18116
18113 18116 18117
18117 18116 18118
18115 18119 18114
18120 18119 18115
18118 18116 18121
18118 18121 18122
18120 18123 18119
18124 18123 18120
18122 18121 18125
18122 18125 18126
18124 18127 18123
18128 18127 18124
18126 18125 18129
18126 18129 18130
18130 18129 18131
18128 18132 18127
18133 18132 18128
18133 18134 18132
18135 18134 18133
18121 18136 18125
18121 18137 18136
18125 18136 18138
18125 18138 18129
18116 18137 18121
18129 18138 18139
18129 18139 18131
18116 18140 18137
18131 18139 18141
18112 18140 18116
18131 18141 18142
18112 18143 18140
18142 18141 18144
18109 18143 18112
18142 18144 18145
18109 18146 18143
18145 18144 18147
18114 18146 18109
18145 18147 18148
18114 18149 18146
18148 18147 18150
18119 18149 18114
18148 18150 18151
18119 18152 18149
18151 18150 18153
18123 18152 18119
18151 18153 18154
18123 18155 18152
18154 18153 18156
18127 18155 18123
18154 18156 18157
18127 18158 18155
18157 18156 18159
18132 18158 18127
18157 18159 18160
18132 18161 18158
18160 18159 18162
18134 18161 18132
18160 18162 18163
18134 18164 18161
18163 18162 18165
18135 18164 18134
18163 18165 18166
18135 18167 18164
18166 18165 18168
18169 18167 18135
18166 18168 18170
18169 18171 18167
18170 18168 18172
18173 18171 18169
18170 18172 18173
18173 18172 18171
18174 18175 18176
18177 18175 18174
18176 18175 18178
18179 18175 18177
18178 18175 18180
18181 18175 18179
18180 18175 18182
18183 18175 18181
18182 18175 18184
18185 18175 18183
18184 18175 18186
18186 18175 18185
18187 18188 18189
18190 18188 18187
18187 18189 18191
18191 18189 18192
18190 18187 18193
18194 18190 18193
18195 18187 18191
18193 18187 18195
18191 18192 18196
18196 18192 18197
18197 18198 18196
18194 18193 18199
18200 18194 18199
18200 18199 18201
18202 18191 18196
18195 18191 18202
18198 18203 18196
18196 18203 18202
18198 18204 18203
18199 18193 18205
18193 18195 18205
18199 18206 18201
18199 18205 18206
18201 18206 18207
18208 18195 18202
18205 18195 18208
18202 18209 18208
18205 18208 18209
18203 18209 18202
18205 18209 18206
18204 18210 18203
18203 18210 18209
18206 18209 18210
18206 18210 18207
18204 18211 18210
18207 18210 18211
18212 18213 18214
18215 18212 18214
18212 18216 18213
18216 18217 18213
18215 18218 18212
18219 18218 18215
18220 18216 18212
18218 18220 18212
18216 18221 18217
18221 18222 18217
18222 18221 18223
18219 18224 18218
18225 18224 18219
18225 18226 18224
18227 18221 18216
18220 18227 18216
18223 18221 18228
18221 18227 18228
18223 18228 18229
18224 18230 18218
18218 18230 18220
18224 18226 18231
18224 18231 18230
18226 18232 18231
18233 18227 18220
18230 18233 18220
18227 18233 18234
18230 18234 18233
18228 18227 18234
18230 18231 18234
18229 18228 18235
18228 18234 18235
18231 18235 18234
18231 18232 18235
18229 18235 18236
18232 18236 18235
18237 18238 18239
18237 18240 18238
18237 18239 18241
18237 18242 18240
18237 18241 18243
18237 18243 18242
18244 18245 18246
18247 18245 18244
18246 18245 18248
18249 18245 18247
18248 18245 18250
18251 18245 18249
18250 18245 18252
18253 18245 18251
18252 18245 18254
18255 18245 18253
18254 18245 18256
18256 18245 18255
18257 18258 18259
18260 18258 18257
18259 18258 18261
18262 18258 18260
18261 18258 18263
18264 18258 18262
18263 18258 18265
18266 18258 18264
18265 18258 18267
18268 18258 18266
18267 18258 18269
18269 18258 18268
18270 18271 18272
18273 18271 18270
18272 18271 18274
18275 18271 18273
18274 18271 18276
18277 18271 18275
18276 18271 18278
18279 18271 18277
18278 18271 18280
18281 18271 18279
18280 18271 18282
18282 18271 18281
18283 18284 18285
18286 18284 18283
18285 18284 18287
18288 18284 18286
18287 18284 18289
18290 18284 18288
18289 18284 18291
18292 18284 18290
18291 18284 18293
18294 18284 18292
18293 18284 18295
18295 18284 18294
18296 18297 18298
18299 18297 18296
18298 18297 18300
18301 18297 18299
18300 18297 18302
18303 18297 18301
18302 18297 18304
18305 18297 18303
18304 18297 18306
18307 18297 18305
18306 18297 18308
18308 18297 18307
18309 18310 18311
18310 18309 18312
18313 18310 18312
18314 18310 18313
18315 18310 18314
18310 18316 18311
18316 18310 18315
18316 18317 18311
18317 18316 18315
18317 18318 18311
18319 18317 18315
18318 18317 18320
18317 18319 18321
18320 18317 18321
