byte offset: 0
first index: 52281
index count: 19686
topology: trianglelist
format: DXGI_FORMAT_R16_UINT

13951 13952 13953
13952 13954 13955
13954 13956 13955
13954 13952 13957
13956 13954 13958
13954 13957 13958
13952 13959 13957
13960 13958 13957
13959 13960 13957
13952 13961 13959
13962 13961 13952
13956 13958 13963
13960 13964 13958
13964 13963 13958
13965 13956 13963
13956 13965 13966
13967 13959 13961
13968 13967 13961
13968 13961 13962
13967 13969 13959
13969 13970 13959
13959 13970 13960
13969 13971 13970
13971 13972 13970
13960 13970 13972
13971 13973 13972
13973 13974 13972
13960 13972 13975
13974 13975 13972
13974 13976 13975
13964 13960 13975
13976 13977 13975
13964 13975 13977
13976 13978 13977
13977 13978 13979
13980 13964 13977
13964 13980 13963
13977 13979 13981
13980 13977 13981
13980 13982 13963
13965 13963 13982
13979 13983 13981
13979 13984 13983
13984 13985 13983
13986 13980 13981
13986 13981 13983
13985 13986 13983
13980 13986 13982
13985 13987 13986
13986 13987 13988
13986 13988 13982
13982 13988 13989
13982 13989 13965
13965 13989 13990
13965 13990 13966
13991 13966 13990
13992 13966 13991
13991 13990 13993
13994 13991 13993
13992 13991 13995
13995 13991 13994
13993 13990 13996
13996 13990 13997
13998 13993 13996
13994 13993 13998
13999 13996 13997
13998 13996 13999
13999 13997 14000
14001 13999 14000
14001 14002 13999
14002 13998 13999
14002 14003 13998
14003 13994 13998
14003 14004 13994
13994 14004 14005
13994 14005 14006
13995 13994 14006
14007 14006 14005
14008 13995 14006
14007 14008 14006
14008 14009 13995
14009 13992 13995
14009 13962 13992
14007 14010 14008
14010 14009 14008
14007 14011 14010
14010 14011 14012
14010 14012 14013
14014 13962 14009
14010 14014 14009
14014 14010 14013
14014 13968 13962
14014 14013 14015
13968 14014 14015
14016 14017 14018
14019 14017 14020
14021 14022 14019
14023 14024 14021
14025 14026 14023
14027 14028 14025
14029 14030 14027
14031 14032 14029
14033 14017 14034
14035 14036 14033
14034 14037 14038
14038 14039 14040
14040 14041 14042
14042 14043 14044
14044 14045 14046
14046 14047 14048
14046 14049 14047
14047 14050 14051
14051 14049 14052
14052 14049 14053
14053 14054 14031
14053 14031 14055
14056 14057 14058
14059 14060 14061
14059 14062 14063
14062 14064 14063
14062 14065 14064
14065 14066 14064
14065 14067 14066
14067 14068 14066
14067 14069 14068
14069 14070 14068
14069 14071 14070
14072 14070 14071
14073 14072 14071
14074 14072 14073
14074 14073 14075
14076 14074 14075
14076 14077 14074
14078 14074 14077
14079 14072 14074
14078 14079 14074
14072 14080 14070
14079 14080 14072
14081 14079 14078
14078 14082 14081
14083 14081 14082
14084 14080 14079
14070 14080 14084
14084 14079 14081
14085 14081 14083
14084 14081 14085
14083 14086 14085
14087 14085 14086
14070 14084 14088
14068 14070 14088
14084 14085 14089
14088 14084 14089
14087 14090 14085
14090 14089 14085
14087 14091 14090
14087 14092 14091
14091 14092 14093
14091 14093 14094
14095 14091 14094
14068 14088 14096
14066 14068 14096
14090 14097 14089
14091 14097 14090
14088 14089 14098
14096 14088 14098
14097 14098 14089
14095 14099 14091
14091 14099 14097
14100 14099 14095
14100 14097 14099
14100 14095 14101
14102 14100 14101
14066 14096 14103
14064 14066 14103
14096 14098 14104
14103 14096 14104
14097 14105 14098
14100 14105 14097
14105 14104 14098
14102 14106 14100
14106 14105 14100
14107 14106 14102
14064 14103 14108
14063 14064 14108
14103 14104 14109
14108 14103 14109
14105 14110 14104
14106 14110 14105
14110 14109 14104
14107 14111 14106
14112 14111 14107
14106 14113 14110
14110 14113 14109
14106 14111 14113
14114 14109 14113
14108 14109 14114
14063 14108 14115
14063 14115 14116
14117 14115 14108
14117 14116 14115
14117 14108 14114
14117 14118 14116
14119 14118 14117
14117 14114 14119
14119 14120 14118
14114 14113 14121
14121 14113 14111
14114 14121 14119
14121 14111 14122
14119 14121 14122
14112 14122 14111
14119 14123 14120
14119 14122 14123
14123 14122 14112
14120 14123 14124
14123 14112 14124
14125 14126 14127
14128 14126 14129
14130 14126 14131
14132 14126 14133
14134 14126 14135
14136 14126 14137
14138 14126 14139
14140 14126 14141
14142 14126 14143
14144 14126 14145
14146 14126 14147
14148 14149 14150
14151 14149 14152
14153 14149 14154
14155 14149 14156
14157 14149 14158
14159 14149 14160
14161 14149 14162
14163 14149 14164
14165 14149 14166
14167 14149 14168
14169 14170 14171
14172 14173 14174
14175 14176 14177
14178 14179 14180
14181 14182 14183
14183 14184 14185
14186 14183 14185
14185 14184 14187
14185 14187 14188
14186 14185 14188
14187 14189 14188
14187 14190 14189
14186 14188 14191
14191 14188 14189
14190 14192 14189
14190 14193 14192
14191 14189 14194
14192 14194 14189
14186 14191 14195
14195 14191 14194
14193 14196 14192
14193 14197 14196
14196 14197 14198
14199 14186 14195
14200 14186 14199
14201 14200 14199
14201 14199 14195
14201 14202 14200
14202 14201 14203
14201 14195 14204
14203 14201 14204
14195 14194 14205
14204 14195 14205
14192 14206 14194
14206 14205 14194
14192 14207 14206
14192 14196 14207
14206 14208 14205
14207 14208 14206
14204 14205 14209
14209 14205 14208
14203 14204 14210
14210 14204 14209
14211 14203 14210
14212 14203 14211
14211 14210 14213
14213 14210 14214
14210 14209 14214
14213 14214 14215
14209 14208 14216
14214 14209 14216
14215 14214 14217
14214 14216 14217
14215 14217 14218
14207 14219 14208
14216 14208 14219
14218 14217 14220
14218 14220 14221
14217 14216 14222
14216 14219 14222
14217 14222 14220
14223 14219 14207
14196 14223 14207
14222 14219 14224
14223 14224 14219
14225 14221 14220
14226 14221 14225
14227 14226 14225
14220 14222 14228
14222 14224 14228
14227 14225 14229
14230 14227 14229
14230 14229 14231
14232 14231 14229
14225 14220 14233
14229 14225 14233
14220 14228 14233
14229 14233 14234
14232 14229 14234
14228 14234 14233
14234 14235 14232
14228 14235 14234
14224 14235 14228
14235 14236 14232
14237 14236 14235
14224 14238 14235
14235 14238 14237
14238 14239 14237
14238 14224 14223
14240 14239 14238
14238 14223 14241
14240 14238 14241
14241 14223 14242
14196 14242 14223
14196 14198 14242
14240 14241 14243
14241 14242 14243
14198 14243 14242
14240 14243 14244
14198 14245 14243
14245 14244 14243
14245 14246 14244
14247 14248 14249
14250 14251 14212
14252 14253 14254
14255 14256 14257
14255 14257 14258
14255 14258 14259
14259 14258 14260
14259 14260 14261
14259 14261 14262
14259 14262 14263
14264 14255 14259
14263 14265 14259
14264 14259 14265
14266 14264 14265
14263 14267 14265
14267 14266 14265
14266 14268 14264
14267 14269 14266
14266 14270 14268
14266 14269 14271
14266 14272 14270
14266 14271 14272
14273 14270 14272
14272 14271 14274
14273 14272 14275
14272 14274 14275
14276 14273 14275
14275 14274 14277
14276 14275 14278
14275 14277 14278
14279 14280 14281
14280 14282 14281
14280 14283 14282
14283 14284 14282
14283 14285 14284
14285 14286 14284
14285 14287 14286
14287 14288 14286
14287 14289 14288
14289 14290 14288
14291 14288 14290
14292 14291 14290
14289 14293 14290
14289 14294 14293
14292 14290 14295
14293 14295 14290
14294 14296 14293
14293 14296 14295
14294 14297 14296
14298 14292 14295
14296 14298 14295
14298 14299 14292
14296 14300 14298
14297 14300 14296
14297 14301 14300
14302 14303 14304
14303 14305 14304
14303 14306 14305
14306 14307 14305
14306 14308 14307
14308 14309 14307
14308 14310 14309
14310 14311 14309
14310 14312 14311
14312 14313 14311
14312 14314 14313
14312 14315 14314
14314 14316 14313
14317 14313 14316
14315 14318 14314
14314 14318 14316
14315 14319 14318
14320 14317 14316
14318 14320 14316
14320 14321 14317
14318 14322 14320
14319 14322 14318
14319 14323 14322
14324 14325 14326
14327 14326 14325
14327 14328 14326
14328 14327 14329
14328 14329 14330
14330 14329 14331
14330 14331 14332
14331 14333 14332
14331 14334 14333
14333 14334 14335
14334 14336 14335
14333 14335 14337
14333 14337 14338
14337 14339 14338
14337 14340 14339
14335 14340 14337
14340 14341 14339
14340 14342 14341
14336 14343 14335
14335 14343 14340
14343 14342 14340
14336 14344 14343
14343 14345 14342
14344 14345 14343
14344 14346 14345
14347 14348 14349
14347 14349 14350
14347 14350 14351
14347 14351 14352
14353 14347 14352
14354 14352 14351
14354 14351 14355
14354 14355 14356
14357 14353 14352
14357 14352 14354
14354 14356 14358
14357 14354 14358
14358 14356 14359
14358 14359 14360
14358 14360 14361
14357 14358 14361
14362 14357 14361
14363 14353 14357
14362 14363 14357
14363 14364 14353
14365 14363 14362
14366 14364 14363
14365 14366 14363
14366 14367 14364
14366 14365 14368
14367 14366 14369
14366 14368 14369
14367 14369 14370
14368 14371 14369
14371 14370 14369
14368 14372 14371
14371 14373 14370
14374 14371 14372
14374 14373 14371
14375 14376 14377
14377 14376 14378
14377 14378 14379
14380 14379 14378
14380 14378 14381
14380 14381 14382
14380 14382 14383
14382 14384 14383
14382 14385 14384
14384 14385 14386
14385 14387 14386
14384 14386 14388
14384 14388 14389
14388 14390 14389
14388 14391 14390
14386 14391 14388
14391 14392 14390
14391 14393 14392
14387 14394 14386
14386 14394 14391
14394 14393 14391
14387 14395 14394
14394 14396 14393
14395 14396 14394
14395 14397 14396
14398 14399 14400
14398 14400 14401
14402 14398 14401
14403 14401 14400
14402 14401 14404
14405 14402 14404
14406 14405 14404
14403 14407 14401
14407 14404 14401
14408 14407 14403
14406 14404 14409
14407 14409 14404
14408 14410 14407
14410 14409 14407
14411 14410 14408
14406 14409 14412
14410 14412 14409
14406 14412 14413
14414 14413 14412
14411 14415 14410
14415 14412 14410
14415 14411 14416
14414 14412 14417
14415 14417 14412
14418 14414 14417
14418 14417 14415
14418 14419 14414
14415 14416 14420
14418 14415 14420
14419 14418 14421
14419 14421 14422
14421 14423 14422
14420 14416 14424
14416 14425 14424
14418 14420 14426
14420 14424 14426
14418 14426 14421
14425 14427 14424
14426 14424 14427
14425 14428 14427
14421 14429 14423
14429 14430 14423
14429 14431 14430
14421 14426 14432
14421 14432 14429
14432 14431 14429
14426 14427 14432
14432 14433 14431
14427 14433 14432
14427 14434 14433
14428 14434 14427
14428 14435 14434
14436 14437 14438
14436 14439 14437
14439 14440 14437
14441 14439 14436
14439 14442 14440
14442 14443 14440
14441 14444 14439
14444 14442 14439
14445 14443 14442
14444 14445 14442
14445 14446 14443
14441 14447 14444
14445 14444 14447
14441 14448 14447
14446 14445 14449
14445 14447 14449
14450 14449 14447
14446 14449 14451
14451 14449 14450
14451 14450 14452
14450 14453 14452
14454 14447 14448
14450 14447 14454
14454 14448 14455
14456 14450 14454
14457 14456 14454
14457 14454 14455
14458 14456 14457
14456 14458 14459
14456 14459 14460
14456 14460 14461
14456 14461 14462
14450 14463 14453
14456 14463 14450
14456 14462 14463
14463 14464 14453
14463 14462 14464
14465 14466 14467
14468 14467 14466
14468 14469 14467
14468 14470 14469
14468 14471 14470
14472 14470 14471
14472 14471 14473
14474 14472 14473
14474 14475 14472
14475 14474 14476
14474 14477 14476
14477 14478 14476
14476 14478 14479
14475 14476 14480
14475 14480 14481
14480 14482 14481
14479 14483 14476
14483 14480 14476
14480 14483 14482
14483 14479 14484
14483 14484 14482
14485 14486 14487
14485 14487 14488
14488 14487 14489
14490 14485 14488
14490 14491 14485
14492 14491 14490
14488 14489 14493
14493 14489 14494
14495 14490 14488
14495 14488 14493
14492 14490 14496
14496 14490 14495
14493 14494 14497
14497 14494 14498
14499 14495 14493
14499 14493 14497
14497 14498 14500
14500 14498 14501
14502 14492 14496
14502 14503 14492
14504 14503 14502
14496 14495 14505
14505 14495 14499
14506 14499 14497
14506 14497 14500
14500 14501 14507
14507 14501 14508
14509 14502 14496
14509 14496 14505
14505 14499 14510
14510 14499 14506
14511 14506 14500
14511 14500 14507
14507 14508 14512
14512 14508 14513
14514 14507 14512
14514 14511 14507
14515 14506 14511
14510 14506 14515
14505 14510 14516
14505 14516 14509
14517 14512 14513
14517 14514 14512
14518 14514 14517
14519 14518 14517
14519 14517 14513
14519 14513 14520
14519 14521 14518
14522 14511 14514
14515 14511 14522
14518 14522 14514
14523 14510 14515
14523 14516 14510
14524 14515 14522
14518 14524 14522
14524 14523 14515
14518 14521 14525
14518 14525 14526
14521 14527 14525
14524 14518 14528
14523 14524 14528
14518 14526 14528
14523 14529 14516
14523 14528 14530
14523 14530 14529
14528 14531 14530
14530 14531 14529
14516 14529 14532
14531 14532 14529
14516 14532 14509
14533 14509 14532
14533 14502 14509
14526 14534 14528
14528 14534 14531
14535 14533 14532
14531 14535 14532
14536 14502 14533
14504 14502 14536
14537 14536 14533
14535 14537 14533
14538 14504 14536
14537 14538 14536
14538 14539 14504
14539 14538 14540
14540 14538 14537
14541 14539 14540
14542 14537 14535
14540 14537 14542
14543 14535 14531
14542 14535 14543
14544 14542 14543
14543 14531 14545
14544 14543 14545
14545 14531 14534
14546 14541 14540
14546 14547 14541
14548 14547 14546
14549 14540 14542
14549 14546 14540
14544 14549 14542
14545 14534 14550
14550 14534 14526
14548 14546 14551
14551 14546 14549
14552 14545 14550
14552 14544 14545
14553 14550 14526
14553 14552 14550
14554 14548 14551
14554 14555 14548
14551 14549 14556
14556 14549 14544
14557 14551 14556
14557 14554 14551
14558 14555 14554
14558 14559 14555
14560 14559 14558
14561 14556 14544
14561 14557 14556
14562 14544 14552
14562 14561 14544
14563 14558 14554
14563 14554 14557
14560 14558 14564
14564 14558 14563
14565 14557 14561
14565 14563 14557
14566 14562 14552
14566 14552 14553
14567 14561 14562
14567 14565 14561
14568 14567 14562
14568 14562 14566
14569 14560 14564
14569 14570 14560
14571 14570 14569
14564 14563 14572
14565 14572 14563
14565 14567 14573
14568 14573 14567
14574 14569 14564
14574 14564 14572
14565 14575 14572
14565 14573 14575
14575 14574 14572
14571 14569 14576
14576 14569 14574
14575 14577 14574
14573 14577 14575
14578 14571 14576
14578 14579 14571
14580 14579 14578
14576 14574 14581
14577 14581 14574
14577 14582 14581
14583 14576 14581
14583 14578 14576
14582 14583 14581
14573 14584 14577
14584 14582 14577
14585 14584 14573
14582 14584 14585
14568 14585 14573
14580 14578 14586
14586 14578 14583
14587 14583 14582
14586 14583 14587
14588 14580 14586
14588 14589 14580
14590 14589 14588
14591 14586 14587
14591 14588 14586
14568 14592 14585
14593 14582 14585
14593 14585 14592
14568 14594 14592
14594 14568 14566
14587 14582 14595
14595 14582 14593
14595 14593 14596
14593 14592 14597
14597 14592 14594
14594 14566 14598
14598 14566 14553
14599 14587 14595
14599 14595 14596
14600 14594 14598
14597 14594 14600
14601 14593 14597
14596 14593 14601
14602 14598 14553
14600 14598 14602
14603 14597 14600
14601 14597 14603
14599 14604 14587
14605 14604 14599
14591 14587 14604
14591 14604 14605
14606 14602 14553
14606 14553 14526
14607 14600 14602
14603 14600 14607
14606 14608 14602
14607 14602 14608
14526 14609 14606
14608 14606 14609
14525 14609 14526
14603 14607 14610
14610 14607 14608
14525 14611 14609
14611 14525 14527
14608 14609 14612
14610 14608 14612
14609 14611 14613
14609 14613 14612
14614 14611 14527
14613 14611 14614
14615 14614 14527
14614 14615 14616
14614 14616 14617
14613 14614 14617
14617 14616 14618
14617 14618 14619
14613 14617 14619
14619 14618 14620
14621 14612 14613
14613 14619 14621
14621 14610 14612
14619 14620 14622
14621 14619 14622
14622 14620 14623
14610 14621 14624
14621 14622 14624
14622 14623 14625
14626 14625 14623
14627 14622 14625
14626 14627 14625
14627 14624 14622
14610 14624 14628
14603 14610 14628
14601 14603 14628
14628 14624 14629
14601 14628 14629
14624 14627 14629
14596 14601 14629
14626 14630 14627
14627 14630 14629
14630 14596 14629
14631 14630 14626
14596 14630 14632
14631 14632 14630
14631 14633 14632
14631 14634 14633
14633 14634 14635
14633 14635 14636
14637 14596 14632
14637 14599 14596
14638 14633 14636
14639 14638 14636
14639 14640 14638
14639 14641 14640
14638 14642 14633
14640 14642 14638
14633 14643 14632
14633 14642 14643
14641 14644 14640
14641 14645 14644
14645 14646 14644
14645 14647 14646
14646 14647 14648
14640 14649 14642
14644 14649 14640
14649 14643 14642
14643 14650 14632
14650 14637 14632
14651 14650 14643
14649 14651 14643
14644 14652 14649
14646 14652 14644
14637 14650 14653
14651 14653 14650
14649 14654 14651
14649 14652 14654
14654 14653 14651
14646 14655 14652
14654 14652 14655
14656 14655 14646
14646 14648 14657
14656 14646 14657
14648 14658 14657
14658 14656 14657
14648 14659 14658
14654 14655 14660
14660 14655 14656
14659 14661 14658
14659 14662 14661
14661 14663 14658
14658 14663 14656
14661 14664 14663
14663 14664 14665
14656 14663 14666
14663 14665 14666
14667 14654 14660
14654 14667 14653
14660 14656 14668
14656 14666 14668
14665 14669 14666
14665 14670 14669
14669 14670 14590
14667 14660 14671
14671 14660 14668
14666 14672 14668
14666 14669 14672
14671 14668 14672
14669 14590 14673
14672 14669 14673
14590 14588 14673
14588 14674 14673
14674 14672 14673
14674 14588 14591
14672 14674 14675
14674 14591 14675
14672 14675 14671
14591 14605 14675
14605 14671 14675
14605 14667 14671
14653 14667 14605
14653 14605 14676
14637 14653 14676
14605 14599 14676
14599 14637 14676
14677 14678 14679
14677 14679 14680
14681 14677 14680
14680 14679 14682
14681 14680 14683
14684 14681 14683
14684 14683 14685
14680 14682 14686
14683 14680 14686
14686 14682 14687
14685 14683 14688
14683 14686 14688
14685 14688 14689
14689 14688 14690
14686 14687 14691
14688 14686 14691
14688 14691 14690
14692 14691 14687
14693 14690 14691
14692 14694 14691
14693 14691 14694
14694 14692 14695
14693 14694 14696
14694 14695 14696
14696 14695 14697
14696 14697 14698
14698 14697 14699
14700 14696 14698
14700 14701 14696
14700 14698 14702
14698 14699 14703
14702 14698 14703
14702 14703 14704
14703 14699 14705
14704 14703 14706
14703 14705 14706
14706 14705 14707
14706 14707 14708
14708 14707 14709
14706 14708 14710
14708 14709 14711
14710 14708 14711
14711 14709 14712
14710 14711 14713
14710 14713 14714
14711 14712 14715
14713 14711 14715
14715 14712 14716
14715 14716 14717
14714 14713 14718
14713 14715 14718
14718 14715 14717
14714 14718 14719
14718 14717 14720
14719 14718 14720
14719 14720 14721
14722 14723 14724
14722 14724 14725
14726 14722 14725
14725 14724 14727
14726 14725 14728
14729 14726 14728
14725 14727 14730
14728 14725 14730
14730 14727 14731
14729 14728 14732
14733 14729 14732
14733 14732 14734
14732 14728 14735
14728 14730 14735
14734 14732 14736
14732 14735 14736
14734 14736 14737
14730 14738 14735
14738 14736 14735
14737 14736 14739
14738 14739 14736
14737 14739 14740
14730 14731 14741
14730 14741 14738
14731 14742 14741
14738 14741 14742
14731 14743 14742
14742 14743 14744
14739 14738 14745
14738 14742 14745
14746 14740 14739
14739 14745 14746
14746 14747 14740
14742 14744 14748
14745 14742 14748
14748 14744 14749
14746 14745 14750
14745 14748 14750
14747 14746 14751
14746 14750 14751
14747 14751 14752
14748 14749 14753
14750 14748 14753
14753 14749 14754
14751 14750 14755
14750 14753 14755
14752 14751 14756
14751 14755 14756
14752 14756 14757
14753 14754 14758
14755 14753 14758
14758 14754 14759
14756 14755 14760
14755 14758 14760
14757 14756 14761
14756 14760 14761
14757 14761 14762
14758 14759 14763
14760 14758 14763
14763 14759 14764
14761 14760 14765
14760 14763 14765
14762 14761 14766
14761 14765 14766
14762 14766 14767
14763 14764 14768
14765 14763 14768
14768 14764 14769
14766 14765 14770
14765 14768 14770
14767 14766 14771
14766 14770 14771
14767 14771 14772
14768 14769 14773
14770 14768 14773
14773 14769 14774
14771 14770 14775
14770 14773 14775
14772 14771 14776
14771 14775 14776
14772 14776 14777
14773 14774 14778
14775 14773 14778
14778 14774 14779
14778 14779 14780
14775 14778 14781
14781 14778 14780
14776 14775 14781
14781 14780 14782
14777 14776 14783
14776 14781 14783
14783 14781 14782
14777 14783 14784
14783 14782 14785
14784 14783 14785
14784 14785 14786
14787 14788 14789
14787 14790 14788
14787 14791 14790
14787 14792 14791
14793 14791 14792
14788 14790 14794
14794 14790 14791
14788 14794 14795
14794 14796 14795
14793 14797 14791
14797 14793 14798
14794 14799 14796
14799 14800 14796
14799 14801 14800
14794 14791 14802
14799 14794 14802
14802 14791 14797
14803 14801 14799
14799 14802 14803
14803 14804 14801
14802 14797 14805
14803 14802 14805
14806 14804 14803
14803 14805 14806
14806 14807 14804
14797 14798 14808
14805 14797 14808
14807 14806 14809
14807 14809 14810
14806 14805 14811
14805 14808 14811
14806 14811 14809
14798 14812 14808
14811 14808 14812
14798 14813 14812
14812 14813 14814
14815 14810 14809
14815 14816 14810
14809 14811 14817
14811 14812 14817
14809 14817 14815
14812 14814 14818
14817 14812 14818
14819 14818 14814
14816 14815 14820
14816 14820 14821
14815 14817 14822
14817 14818 14822
14815 14822 14820
14819 14823 14818
14822 14818 14823
14819 14824 14823
14819 14825 14824
14824 14825 14826
14822 14823 14827
14820 14822 14827
14827 14823 14824
14828 14821 14820
14820 14827 14828
14828 14829 14821
14828 14827 14830
14827 14824 14830
14831 14829 14828
14828 14830 14831
14831 14832 14829
14824 14833 14830
14833 14831 14830
14832 14831 14834
14833 14834 14831
14832 14834 14835
14824 14826 14836
14824 14836 14833
14826 14837 14836
14833 14836 14837
14826 14838 14837
14839 14835 14834
14839 14840 14835
14834 14833 14841
14833 14837 14841
14834 14841 14839
14838 14842 14837
14841 14837 14842
14838 14843 14842
14844 14840 14839
14844 14845 14840
14846 14845 14844
14846 14844 14847
14848 14847 14844
14839 14841 14849
14839 14849 14844
14848 14844 14849
14841 14842 14849
14842 14848 14849
14842 14850 14848
14850 14842 14843
14850 14843 14851
14852 14853 14854
14852 14855 14853
14856 14855 14852
14855 14857 14853
14856 14852 14858
14855 14859 14857
14856 14859 14855
14859 14860 14857
14859 14861 14860
14861 14862 14860
14863 14856 14858
14863 14858 14864
14865 14861 14859
14856 14865 14859
14866 14865 14856
14865 14867 14861
14866 14867 14865
14861 14868 14862
14868 14861 14867
14863 14869 14856
14866 14856 14869
14863 14864 14870
14864 14871 14870
14863 14870 14872
14872 14869 14863
14873 14870 14871
14873 14872 14870
14873 14871 14874
14873 14874 14875
14876 14873 14875
14877 14876 14875
14876 14877 14878
14879 14876 14878
14879 14878 14880
14881 14879 14880
14873 14882 14872
14876 14882 14873
14872 14883 14869
14882 14883 14872
14881 14884 14879
14881 14885 14884
14886 14884 14885
14886 14879 14884
14886 14885 14887
14887 14885 14888
14879 14889 14876
14876 14889 14882
14879 14890 14889
14886 14890 14879
14882 14889 14891
14891 14889 14890
14886 14892 14890
14891 14890 14892
14882 14891 14893
14882 14893 14883
14894 14893 14891
14894 14891 14892
14886 14895 14892
14887 14895 14886
14896 14883 14893
14894 14896 14893
14894 14892 14897
14895 14897 14892
14887 14888 14898
14898 14888 14899
14896 14900 14883
14900 14869 14883
14900 14866 14869
14894 14901 14896
14901 14894 14897
14895 14902 14897
14887 14902 14895
14898 14899 14903
14887 14898 14904
14904 14898 14903
14905 14903 14899
14905 14899 14906
14907 14903 14905
14904 14903 14907
14907 14905 14908
14909 14907 14908
14909 14910 14907
14904 14907 14910
14911 14910 14909
14912 14887 14904
14910 14912 14904
14887 14913 14902
14912 14913 14887
14913 14914 14902
14902 14914 14897
14911 14915 14910
14910 14915 14912
14916 14913 14912
14913 14916 14914
14914 14917 14897
14901 14897 14917
14915 14918 14912
14916 14912 14918
14917 14914 14919
14916 14919 14914
14920 14901 14917
14917 14919 14920
14916 14921 14919
14921 14916 14918
14915 14911 14922
14915 14922 14918
14911 14923 14922
14918 14922 14923
14920 14924 14901
14924 14896 14901
14919 14925 14920
14921 14925 14919
14911 14926 14923
14911 14927 14926
14918 14923 14928
14921 14918 14928
14929 14928 14923
14929 14921 14928
14929 14923 14926
14924 14930 14896
14896 14930 14900
14930 14931 14900
14931 14866 14900
14924 14932 14930
14931 14930 14932
14929 14933 14921
14921 14933 14925
14934 14932 14924
14920 14934 14924
14925 14935 14920
14920 14935 14934
14933 14936 14925
14925 14936 14935
14929 14937 14933
14933 14937 14936
14938 14936 14937
14929 14939 14937
14939 14938 14937
14939 14929 14926
14939 14926 14940
14927 14940 14926
14927 14941 14940
14941 14939 14940
14927 14942 14941
14939 14943 14938
14941 14943 14939
14942 14944 14941
14942 14945 14944
14946 14944 14945
14941 14947 14943
14941 14944 14947
14946 14948 14944
14948 14947 14944
14949 14948 14946
14938 14943 14950
14943 14947 14950
14947 14951 14950
14948 14952 14947
14947 14952 14951
14948 14953 14952
14953 14951 14952
14949 14954 14948
14948 14954 14953
14955 14938 14950
14951 14955 14950
14956 14954 14949
14957 14956 14949
14958 14956 14957
14958 14959 14956
14959 14960 14956
14956 14960 14954
14959 14961 14960
14954 14962 14953
14954 14960 14962
14960 14961 14963
14960 14963 14962
14961 14964 14963
14963 14964 14965
14953 14966 14951
14953 14962 14966
14963 14967 14962
14963 14965 14967
14967 14966 14962
14966 14968 14951
14951 14968 14955
14965 14969 14967
14965 14970 14969
14967 14971 14966
14966 14971 14968
14967 14969 14971
14972 14955 14968
14938 14955 14972
14969 14970 14973
14970 14974 14973
14971 14969 14975
14969 14973 14975
14971 14976 14968
14972 14968 14976
14938 14972 14977
14938 14977 14936
14974 14978 14973
14974 14979 14978
14978 14979 14980
14972 14981 14977
14981 14972 14976
14982 14936 14977
14981 14982 14977
14982 14935 14936
14971 14983 14976
14971 14975 14983
14973 14978 14984
14973 14984 14975
14978 14980 14985
14984 14978 14985
14985 14980 14986
14981 14976 14987
14983 14987 14976
14975 14988 14983
14975 14984 14988
14983 14988 14987
14984 14985 14989
14988 14984 14989
14985 14986 14990
14989 14985 14990
14990 14986 14991
14988 14989 14992
14987 14988 14992
14987 14993 14981
14981 14993 14982
14982 14993 14994
14987 14995 14993
14987 14992 14995
14994 14993 14995
14989 14990 14996
14992 14989 14996
14990 14991 14997
14996 14990 14997
14995 14992 14998
14992 14996 14998
14982 14994 14999
14935 14982 14999
14935 14999 14934
15000 14934 14999
14994 15000 14999
14991 15001 14997
14991 15002 15001
15001 15002 15003
14996 14997 15004
14998 14996 15004
14997 15001 15005
14997 15005 15004
15001 15003 15006
15005 15001 15006
15004 15005 15007
14998 15004 15007
15003 15008 15006
15003 15009 15008
15008 15009 15010
15005 15006 15011
15007 15005 15011
15006 15008 15011
15011 15008 15012
15007 15011 15012
15007 15012 15013
14998 15007 15014
15007 15013 15014
15008 15010 15015
15012 15008 15015
15010 15016 15015
15010 15017 15016
15016 15017 15018
15019 15012 15015
15016 15019 15015
15012 15019 15013
15016 15018 15020
15019 15016 15020
15019 15020 15021
15021 15022 15019
15019 15022 15013
15022 15021 15023
15023 15013 15022
15018 15024 15020
15020 15024 15021
15018 15025 15024
15024 15025 15026
15024 15026 15027
15024 15027 15021
15026 15028 15027
15026 15029 15028
15028 15029 15030
15027 15028 15031
15028 15030 15032
15031 15028 15032
15030 15033 15032
15030 15034 15033
15032 15033 15035
15031 15032 15035
15027 15031 15036
15027 15036 15021
15037 15031 15035
15036 15031 15037
15037 15035 15038
15021 15036 15039
15036 15037 15039
15040 15037 15038
15040 15038 15041
15021 15039 15042
15021 15042 15023
15037 15043 15039
15037 15040 15043
15043 15042 15039
15041 15044 15040
15043 15040 15044
15045 15043 15044
15041 15046 15044
15043 15047 15042
15042 15047 15023
15045 15047 15043
15046 15048 15044
15045 15044 15048
15046 15049 15048
15048 15049 14862
15048 14862 14868
15050 15048 14868
15045 15048 15050
15051 15023 15047
15051 15047 15045
15050 14868 15052
14868 14867 15052
14866 15052 14867
14866 15053 15052
15053 15050 15052
14931 15053 14866
15054 15050 15053
15054 15045 15050
15054 15053 14931
15045 15055 15051
15055 15045 15054
15054 14931 15056
14931 14932 15056
15057 15055 15054
15051 15055 15057
15057 15054 15056
15058 15056 14932
15058 15057 15056
14934 15058 14932
15000 15058 14934
15051 15057 15059
15059 15057 15058
15059 15058 15000
15023 15051 15059
15023 15059 15060
15060 15059 15000
15023 15060 15013
15060 15000 15061
15013 15060 15061
14994 15061 15000
15013 15061 15014
15014 15061 14994
15014 14994 15062
14998 15014 15062
14994 14995 15062
14995 14998 15062
15063 15064 15065
15063 15066 15064
15067 15066 15063
15064 15066 15068
15066 15069 15068
15064 15068 15070
15067 15071 15066
15066 15071 15069
15072 15071 15067
15073 15070 15068
15069 15073 15068
15073 15074 15070
15072 15075 15071
15069 15071 15075
15076 15075 15072
15074 15073 15077
15074 15077 15078
15076 15079 15075
15080 15079 15076
15080 15081 15079
15079 15081 15082
15079 15082 15083
15083 15075 15079
15084 15083 15082
15085 15069 15075
15083 15085 15075
15084 15086 15083
15086 15084 15087
15086 15087 15088
15083 15089 15085
15083 15086 15089
15069 15085 15089
15089 15086 15088
15069 15089 15090
15090 15089 15088
15069 15090 15073
15073 15090 15091
15090 15088 15091
15073 15091 15077
15092 15077 15091
15092 15091 15088
15088 15087 15093
15087 15094 15093
15092 15095 15077
15095 15078 15077
15088 15093 15096
15096 15092 15088
15097 15093 15094
15097 15094 15098
15099 15097 15098
15100 15096 15093
15092 15096 15100
15100 15093 15097
15099 15101 15097
15101 15100 15097
15102 15092 15100
15102 15095 15092
15095 15103 15078
15103 15104 15078
15105 15103 15095
15105 15104 15103
15105 15095 15102
15105 15102 15106
15105 15107 15104
15108 15107 15105
15105 15106 15108
15108 15109 15107
15110 15109 15108
15111 15102 15100
15101 15111 15100
15102 15111 15112
15112 15111 15101
15106 15102 15112
15112 15101 15113
15113 15101 15099
15113 15099 15114
15115 15113 15114
15115 15116 15113
15116 15112 15113
15115 15117 15116
15116 15118 15112
15117 15118 15116
15118 15106 15112
15117 15119 15118
15119 15106 15118
15119 15117 15120
15119 15120 15121
15122 15121 15120
15119 15123 15106
15123 15119 15121
15122 15124 15121
15125 15124 15122
15106 15123 15126
15106 15126 15108
15123 15121 15127
15127 15121 15124
15126 15123 15127
15126 15128 15108
15128 15110 15108
15126 15127 15129
15128 15126 15129
15110 15128 15130
15128 15129 15130
15110 15130 15131
15132 15131 15130
15132 15130 15129
15132 15133 15131
15127 15124 15134
15129 15127 15134
15132 15129 15135
15129 15134 15135
15133 15132 15136
15135 15136 15132
15133 15136 15137
15136 15138 15137
15136 15139 15138
15136 15140 15139
15135 15140 15136
15140 15141 15139
15140 15142 15141
15135 15143 15140
15140 15143 15142
15135 15134 15143
15143 15144 15142
15134 15124 15145
15134 15145 15143
15143 15145 15144
15125 15145 15124
15125 15144 15145
15125 15146 15144
15147 15148 15149
15147 15149 15150
15149 15151 15150
15149 15152 15151
15151 15152 15153
15151 15153 15154
15154 15153 15155
15154 15155 15156
15155 15157 15156
15155 15158 15157
15157 15158 15159
15157 15159 15160
15159 15161 15160
15159 15162 15161
15161 15162 15163
15161 15163 15164
15164 15163 15165
15164 15165 15166
15166 15165 15167
15166 15167 15168
15167 15169 15168
15167 15170 15169
15169 15170 15171
15169 15171 15172
15171 15173 15172
15171 15174 15173
15173 15174 15175
15173 15175 15176
15175 15177 15176
15175 15178 15177
15177 15178 15179
15177 15179 15180
15179 15181 15180
15179 15182 15181
15181 15182 15183
15181 15183 15184
15183 15185 15184
15183 15186 15185
15185 15186 15187
15185 15187 15188
15187 15189 15188
15187 15190 15189
15191 15192 15193
15193 15192 15194
15193 15194 15195
15196 15195 15194
15194 15197 15196
15196 15198 15195
15196 15197 15199
15200 15199 15197
15201 15198 15196
15196 15199 15201
15201 15202 15198
15203 15199 15200
15201 15199 15203
15204 15202 15201
15201 15203 15204
15204 15205 15202
15206 15205 15204
15206 15207 15205
15203 15200 15208
15208 15200 15209
15208 15209 15210
15211 15208 15210
15211 15212 15208
15212 15203 15208
15213 15212 15211
15204 15203 15214
15212 15214 15203
15204 15214 15206
15213 15215 15212
15215 15214 15212
15216 15215 15213
15217 15207 15206
15217 15218 15207
15206 15214 15219
15215 15219 15214
15206 15219 15217
15216 15220 15215
15220 15219 15215
15221 15220 15216
15222 15218 15217
15222 15223 15218
15217 15219 15224
15220 15224 15219
15217 15224 15222
15221 15225 15220
15225 15224 15220
15226 15225 15221
15227 15223 15222
15227 15228 15223
15222 15224 15229
15225 15229 15224
15222 15229 15227
15226 15230 15225
15230 15229 15225
15231 15230 15226
15232 15228 15227
15232 15233 15228
15227 15229 15234
15230 15234 15229
15227 15234 15232
15231 15235 15230
15235 15234 15230
15236 15235 15231
15235 15237 15234
15232 15234 15237
15236 15237 15235
15238 15233 15232
15232 15237 15238
15238 15237 15236
15238 15239 15233
15238 15236 15240
15240 15239 15238
15241 15242 15243
15241 15243 15244
15245 15246 15244
15247 15246 15245
15247 15245 15248
15249 15246 15247
15249 15250 15246
15249 15251 15250
15252 15251 15249
15247 15252 15249
15252 15253 15251
15254 15253 15252
15247 15248 15255
15255 15248 15256
15257 15252 15247
15257 15247 15255
15254 15252 15258
15258 15252 15257
15259 15254 15258
15257 15259 15258
15259 15260 15254
15261 15260 15259
15255 15256 15262
15262 15256 15263
15257 15255 15264
15264 15255 15262
15265 15259 15257
15265 15257 15264
15261 15259 15266
15266 15259 15265
15267 15261 15266
15265 15267 15266
15267 15268 15261
15269 15268 15267
15270 15262 15263
15264 15262 15270
15265 15264 15271
15271 15264 15270
15272 15270 15263
15271 15270 15272
15272 15263 15273
15269 15267 15274
15274 15275 15269
15274 15276 15275
15277 15267 15265
15274 15267 15277
15277 15276 15274
15277 15265 15271
15277 15278 15276
15277 15271 15279
15279 15278 15277
15279 15271 15272
15279 15280 15278
15281 15272 15273
15279 15272 15281
15281 15280 15279
15273 15282 15281
15281 15282 15280
15283 15284 15285
15283 15285 15286
15283 15286 15287
15288 15287 15286
15288 15289 15287
15290 15289 15288
15290 15291 15289
15292 15291 15290
15293 15292 15290
15293 15290 15294
15293 15295 15292
15292 15295 15296
15295 15297 15296
15295 15298 15297
15298 15299 15297
15298 15300 15299
15301 15299 15300
15301 15300 15302
15301 15302 15303
15293 15304 15295
15293 15294 15305
15293 15305 15304
15305 15294 15306
15305 15307 15304
15305 15306 15308
15305 15308 15307
15309 15310 15311
15312 15310 15309
15312 15313 15310
15314 15313 15312
15314 15315 15313
15316 15315 15314
15316 15317 15315
15318 15317 15316
15318 15319 15317
15318 15320 15319
15318 15321 15320
15318 15322 15321
15318 15323 15322
15323 15324 15322
15323 15325 15324
15325 15326 15324
15325 15327 15326
15327 15328 15326
15327 15329 15328
15329 15330 15328
15331 15332 15333
15331 15333 15334
15335 15331 15334
15334 15333 15336
15335 15334 15337
15338 15335 15337
15334 15336 15339
15337 15334 15339
15339 15336 15340
15338 15337 15341
15341 15342 15338
15337 15339 15343
15341 15337 15343
15339 15340 15344
15343 15339 15344
15340 15345 15344
15340 15346 15345
15343 15344 15347
15345 15347 15344
15346 15348 15345
15346 15349 15348
15348 15349 15350
15341 15343 15351
15351 15343 15347
15345 15352 15347
15348 15352 15345
15351 15347 15353
15353 15347 15352
15348 15350 15354
15348 15355 15352
15355 15348 15354
15350 15356 15354
15350 15357 15356
15355 15354 15358
15356 15358 15354
15355 15358 15359
15352 15355 15360
15355 15359 15360
15353 15352 15361
15352 15360 15361
15362 15361 15360
15363 15353 15361
15351 15353 15363
15363 15361 15362
15356 15357 15364
15357 15365 15364
15356 15366 15358
15358 15366 15359
15366 15356 15364
15351 15363 15367
15367 15341 15351
15365 15368 15364
15368 15365 15369
15370 15363 15362
15363 15370 15367
15366 15364 15371
15368 15371 15364
15367 15372 15341
15341 15372 15342
15373 15342 15372
15373 15374 15342
15375 15373 15372
15375 15372 15367
15376 15375 15367
15376 15367 15370
15377 15376 15370
15377 15370 15378
15379 15377 15378
15370 15362 15378
15379 15378 15380
15381 15379 15380
15382 15380 15378
15382 15378 15362
15381 15380 15383
15382 15383 15380
15384 15381 15383
15384 15385 15381
15386 15385 15384
15386 15384 15387
15388 15386 15387
15388 15387 15389
15389 15390 15388
15389 15391 15390
15391 15392 15390
15391 15393 15392
15394 15392 15393
15395 15391 15389
15393 15391 15395
15396 15389 15387
15395 15389 15396
15384 15397 15387
15396 15387 15397
15398 15384 15383
15384 15398 15397
15394 15393 15399
15400 15394 15399
15393 15395 15401
15399 15393 15401
15402 15395 15396
15401 15395 15402
15403 15396 15397
15402 15396 15403
15404 15402 15403
15403 15397 15405
15405 15397 15398
15406 15398 15383
15382 15406 15383
15407 15398 15406
15405 15398 15407
15408 15403 15405
15404 15403 15408
15409 15406 15382
15407 15406 15409
15408 15405 15410
15410 15405 15407
15411 15401 15402
15411 15402 15404
15412 15401 15411
15409 15382 15413
15382 15362 15413
15362 15414 15413
15409 15413 15414
15362 15360 15414
15360 15359 15414
15409 15414 15359
15359 15407 15409
15359 15415 15407
15410 15407 15415
15366 15415 15359
15410 15415 15366
15410 15366 15371
15410 15371 15416
15410 15416 15408
15368 15416 15371
15404 15408 15416
15417 15416 15368
15404 15416 15417
15417 15368 15418
15368 15369 15418
15419 15418 15369
15420 15417 15418
15419 15420 15418
15421 15404 15417
15420 15421 15417
15419 15422 15420
15422 15421 15420
15419 15423 15422
15421 15424 15404
15424 15411 15404
15412 15411 15424
15423 15425 15422
15423 15426 15425
15425 15426 15427
15422 15428 15421
15424 15421 15428
15425 15428 15422
15425 15427 15429
15429 15427 15430
15424 15428 15431
15412 15424 15431
15425 15432 15428
15432 15431 15428
15432 15425 15429
15433 15412 15431
15432 15433 15431
15429 15430 15434
15432 15429 15435
15435 15429 15434
15432 15435 15436
15433 15432 15436
15430 15437 15434
15434 15437 15438
15430 15439 15437
15435 15434 15440
15436 15435 15440
15434 15438 15440
15436 15440 15441
15438 15441 15440
15439 15442 15437
15442 15438 15437
15439 15443 15442
15442 15443 15444
15433 15436 15445
15445 15436 15441
15442 15444 15446
15442 15447 15438
15447 15442 15446
15444 15448 15446
15444 15449 15448
15448 15449 15450
15447 15446 15451
15448 15451 15446
15438 15447 15452
15451 15452 15447
15438 15453 15441
15438 15452 15453
15454 15453 15452
15448 15450 15455
15448 15456 15451
15456 15448 15455
15451 15456 15457
15451 15457 15458
15451 15458 15452
15457 15456 15459
15456 15455 15459
15450 15460 15455
15460 15459 15455
15450 15461 15460
15460 15461 15462
15460 15462 15463
15463 15462 15464
15460 15465 15459
15465 15460 15463
15458 15466 15452
15454 15452 15466
15454 15466 15467
15468 15467 15466
15458 15468 15466
15469 15459 15465
15470 15469 15465
15470 15465 15471
15465 15463 15471
15457 15459 15469
15463 15464 15472
15471 15463 15472
15464 15473 15472
15464 15474 15473
15474 15475 15473
15474 15476 15475
15477 15473 15475
15473 15478 15472
15471 15472 15478
15479 15471 15478
15477 15480 15473
15473 15480 15478
15479 15478 15480
15481 15480 15477
15481 15482 15480
15479 15480 15482
15483 15482 15481
15479 15482 15483
15483 15481 15484
15485 15483 15484
15485 15484 15486
15485 15487 15483
15479 15483 15487
15488 15479 15487
15485 15489 15487
15489 15488 15487
15489 15490 15488
15491 15488 15490
15488 15492 15479
15479 15492 15471
15470 15471 15492
15470 15492 15488
15491 15493 15488
15470 15488 15493
15494 15493 15491
15470 15493 15494
15494 15491 15495
15496 15494 15495
15470 15494 15497
15496 15498 15494
15497 15494 15498
15496 15499 15498
15496 15500 15499
15470 15497 15501
15470 15501 15469
15501 15457 15469
15501 15502 15457
15501 15497 15503
15497 15498 15503
15501 15503 15502
15500 15504 15499
15500 15505 15504
15505 15506 15504
15505 15507 15506
15499 15504 15508
15508 15504 15506
15507 15509 15506
15507 15510 15509
15510 15511 15509
15510 15512 15511
15512 15513 15511
15512 15400 15513
15400 15399 15513
15514 15511 15513
15515 15513 15399
15514 15513 15515
15516 15511 15514
15516 15509 15511
15515 15399 15517
15399 15401 15517
15412 15517 15401
15515 15517 15412
15518 15514 15515
15518 15516 15514
15518 15519 15516
15520 15515 15412
15518 15515 15520
15433 15520 15412
15518 15520 15433
15518 15433 15445
15519 15518 15445
15519 15445 15521
15445 15441 15521
15522 15509 15516
15519 15523 15516
15523 15522 15516
15524 15523 15519
15523 15525 15522
15524 15525 15523
15522 15526 15509
15525 15526 15522
15526 15506 15509
15525 15527 15526
15526 15527 15506
15527 15528 15506
15528 15527 15525
15528 15529 15506
15529 15528 15525
15525 15530 15529
15508 15506 15529
15531 15508 15529
15530 15532 15529
15508 15531 15533
15532 15530 15533
15499 15508 15533
15530 15534 15533
15534 15535 15533
15499 15533 15535
15499 15535 15536
15534 15536 15535
15498 15499 15536
15498 15536 15537
15534 15537 15536
15503 15498 15537
15503 15537 15538
15534 15538 15537
15502 15503 15538
15534 15539 15538
15502 15538 15539
15534 15540 15539
15540 15502 15539
15530 15541 15534
15534 15541 15540
15530 15542 15541
15542 15540 15541
15542 15530 15543
15525 15543 15530
15524 15543 15525
15524 15542 15543
15544 15502 15540
15542 15545 15540
15545 15544 15540
15545 15546 15544
15502 15544 15547
15547 15544 15546
15457 15502 15547
15542 15548 15545
15546 15545 15548
15457 15547 15549
15549 15547 15546
15550 15457 15549
15550 15549 15546
15550 15458 15457
15550 15551 15458
15551 15550 15546
15458 15551 15468
15546 15468 15551
15546 15548 15468
15468 15548 15552
15553 15548 15542
15524 15553 15542
15554 15553 15524
15454 15548 15553
15454 15553 15554
15555 15548 15454
15554 15524 15556
15519 15556 15524
15519 15557 15556
15556 15557 15554
15519 15521 15557
15521 15558 15557
15557 15558 15554
15521 15441 15558
15441 15559 15558
15559 15554 15558
15559 15441 15453
15454 15560 15453
15454 15554 15560
15559 15560 15554
15453 15560 15559
15561 15562 15563
15561 15563 15564
15563 15565 15564
15563 15566 15565
15567 15561 15564
15565 15566 15568
15567 15564 15569
15569 15564 15565
15569 15570 15567
15565 15568 15571
15568 15572 15571
15572 15573 15571
15572 15574 15573
15573 15574 15575
15565 15571 15576
15576 15571 15573
15565 15576 15577
15569 15565 15577
15569 15578 15570
15578 15579 15570
15580 15578 15569
15580 15569 15577
15578 15581 15579
15580 15581 15578
15581 15582 15579
15581 15583 15582
15584 15583 15581
15580 15584 15581
15584 15585 15583
15586 15585 15584
15584 15580 15587
15577 15587 15580
15586 15584 15588
15584 15587 15588
15589 15586 15588
15589 15588 15590
15591 15589 15590
15588 15587 15592
15588 15592 15590
15577 15593 15587
15587 15594 15592
15587 15593 15594
15577 15595 15593
15577 15576 15595
15573 15595 15576
15593 15595 15596
15573 15596 15595
15593 15596 15594
15573 15597 15596
15573 15575 15597
15594 15596 15598
15597 15598 15596
15575 15599 15597
15597 15599 15598
15575 15600 15599
15592 15594 15601
15594 15598 15601
15590 15592 15602
15592 15601 15602
15600 15603 15599
15600 15604 15603
15605 15598 15599
15601 15598 15605
15605 15599 15603
15604 15606 15603
15603 15606 15605
15605 15606 15607
15604 15608 15606
15606 15608 15609
15601 15605 15610
15610 15602 15601
15610 15605 15607
15606 15609 15611
15606 15611 15607
15612 15611 15609
15612 15609 15613
15607 15611 15614
15610 15615 15602
15607 15615 15610
15607 15614 15616
15617 15607 15616
15607 15617 15615
15617 15616 15618
15619 15617 15618
15619 15620 15617
15617 15620 15621
15617 15621 15615
15615 15621 15602
15621 15622 15602
15590 15602 15622
15591 15590 15622
15621 15623 15622
15623 15591 15622
15624 15623 15621
15623 15625 15591
15624 15626 15623
15626 15625 15623
15626 15624 15627
15626 15628 15625
15626 15627 15629
15628 15626 15629
15628 15629 15630
15631 15632 15633
15631 15634 15632
15635 15634 15631
15634 15636 15632
15635 15637 15634
15637 15635 15638
15634 15639 15636
15637 15639 15634
15640 15636 15639
15640 15639 15641
15641 15639 15642
15637 15642 15639
15641 15642 15643
15643 15642 15644
15644 15642 15637
15644 15645 15643
15644 15646 15645
15644 15647 15646
15637 15638 15648
15644 15637 15648
15649 15648 15638
15649 15650 15648
15650 15644 15648
15650 15649 15651
15644 15652 15647
15650 15652 15644
15650 15651 15653
15652 15650 15653
15647 15652 15654
15652 15653 15654
15654 15655 15647
15654 15656 15655
15651 15657 15653
15657 15654 15653
15651 15658 15657
15657 15658 15659
15656 15654 15660
15657 15660 15654
15657 15659 15661
15660 15657 15661
15661 15659 15662
15661 15662 15663
15664 15661 15663
15660 15661 15664
15664 15663 15665
15660 15666 15656
15666 15660 15664
15666 15667 15656
15666 15664 15668
15668 15664 15669
15668 15669 15670
15669 15671 15672
15669 15673 15671
15673 15674 15671
15673 15675 15674
15676 15675 15673
15677 15673 15669
15676 15673 15677
15677 15669 15678
15679 15677 15678
15679 15680 15677
15680 15676 15677
15680 15681 15676
15682 15683 15684
15682 15685 15683
15686 15685 15682
15687 15683 15685
15688 15683 15687
15688 15689 15683
15690 15688 15687
15690 15687 15691
15691 15687 15692
15687 15685 15692
15691 15692 15693
15686 15694 15685
15692 15685 15694
15695 15694 15686
15695 15686 15696
15697 15695 15696
15693 15692 15698
15692 15694 15698
15698 15694 15695
15693 15698 15699
15699 15698 15700
15698 15695 15700
15699 15700 15701
15702 15701 15700
15695 15702 15700
15702 15703 15701
15697 15704 15695
15695 15704 15702
15705 15704 15697
15705 15702 15704
15705 15697 15706
15707 15705 15706
15708 15703 15702
15705 15708 15702
15708 15709 15703
15710 15709 15708
15705 15710 15708
15710 15711 15709
15707 15712 15705
15705 15712 15710
15713 15712 15707
15711 15710 15714
15710 15715 15714
15710 15712 15715
15713 15715 15712
15716 15715 15713
15716 15717 15715
15718 15717 15716
15719 15715 15717
15718 15720 15717
15721 15720 15718
15719 15717 15722
15722 15717 15720
15723 15719 15722
15711 15724 15723
15723 15722 15725
15722 15720 15725
15723 15725 15726
15721 15727 15720
15725 15720 15727
15728 15727 15721
15728 15721 15729
15730 15728 15729
15726 15725 15731
15725 15727 15731
15731 15727 15728
15726 15731 15732
15732 15731 15733
15731 15728 15733
15732 15733 15734
15735 15734 15733
15728 15735 15733
15735 15736 15734
15730 15737 15728
15728 15737 15735
15738 15737 15730
15736 15735 15739
15736 15739 15740
15735 15737 15741
15738 15741 15737
15735 15741 15739
15742 15741 15738
15739 15741 15742
15742 15738 15743
15744 15742 15743
15740 15739 15745
15739 15742 15745
15740 15745 15746
15747 15746 15745
15742 15747 15745
15747 15748 15746
15744 15749 15742
15742 15749 15747
15750 15749 15744
15750 15751 15749
15747 15749 15751
15752 15751 15750
15748 15747 15753
15747 15751 15753
15748 15753 15754
15752 15755 15751
15753 15751 15755
15756 15755 15752
15754 15753 15757
15753 15755 15757
15754 15757 15758
15756 15759 15755
15757 15755 15759
15758 15757 15760
15757 15759 15760
15758 15760 15761
15762 15759 15756
15760 15759 15762
15762 15756 15763
15761 15760 15764
15760 15762 15764
15761 15764 15765
15766 15765 15764
15762 15766 15764
15766 15767 15765
15768 15762 15763
15762 15768 15766
15769 15768 15763
15766 15768 15770
15770 15768 15769
15767 15766 15771
15766 15770 15771
15772 15770 15769
15771 15770 15772
15772 15769 15773
15767 15771 15774
15771 15772 15774
15775 15767 15774
15774 15772 15776
15775 15774 15776
15777 15772 15773
15776 15772 15777
15773 15778 15777
15779 15778 15773
15776 15777 15780
15775 15776 15780
15778 15780 15777
15779 15781 15778
15782 15781 15779
15778 15783 15780
15783 15775 15780
15781 15783 15778
15784 15775 15783
15781 15784 15783
15784 15785 15775
15782 15786 15781
15786 15784 15781
15787 15785 15784
15786 15787 15784
15787 15788 15785
15789 15788 15787
15789 15787 15790
15787 15791 15790
15787 15786 15791
15791 15786 15782
15791 15782 15792
15793 15794 15795
15793 15795 15796
15797 15793 15796
15797 15796 15798
15795 15799 15796
15799 15798 15796
15795 15800 15799
15799 15801 15798
15799 15800 15802
15801 15799 15803
15799 15802 15803
15801 15803 15804
15802 15805 15803
15805 15804 15803
15802 15806 15805
15614 15805 15806
15807 15804 15805
15614 15807 15805
15807 15614 15808
15807 15809 15804
15807 15808 15810
15809 15807 15810
15809 15810 15811
15812 15813 15814
15812 15814 15815
15816 15817 15818
15816 15818 15819
15818 15820 15819
15818 15821 15820
15820 15821 15822
15820 15822 15823
15822 15824 15823
15822 15825 15824
15825 15826 15824
15825 15827 15826
15827 15825 15828
15828 15825 15829
15826 15827 15830
15826 15830 15831
15830 15832 15831
15828 15829 15833
15833 15829 15834
15827 15828 15835
15830 15827 15835
15830 15836 15832
15830 15835 15837
15836 15830 15837
15835 15838 15837
15832 15836 15839
15832 15839 15840
15839 15841 15840
15836 15837 15842
15839 15836 15842
15828 15843 15835
15835 15843 15838
15837 15838 15844
15837 15844 15842
15839 15845 15841
15839 15842 15846
15845 15839 15846
15842 15844 15847
15842 15847 15846
15848 15841 15845
15848 15849 15841
15850 15849 15848
15845 15846 15851
15846 15847 15852
15846 15852 15851
15845 15851 15853
15845 15853 15848
15851 15852 15854
15851 15854 15853
15844 15855 15847
15847 15856 15852
15847 15855 15856
15852 15857 15854
15852 15856 15857
15844 15858 15855
15858 15844 15838
15850 15848 15859
15860 15850 15859
15860 15861 15850
15862 15861 15860
15848 15863 15859
15860 15859 15863
15848 15853 15863
15853 15854 15864
15853 15864 15863
15854 15857 15865
15854 15865 15864
15863 15864 15866
15866 15864 15865
15857 15867 15865
15856 15867 15857
15860 15863 15868
15863 15866 15868
15866 15865 15869
15867 15869 15865
15856 15870 15867
15855 15870 15856
15867 15871 15869
15870 15871 15867
15855 15872 15870
15858 15872 15855
15872 15873 15870
15870 15873 15871
15858 15874 15872
15872 15874 15873
15858 15875 15874
15875 15858 15838
15873 15876 15871
15873 15877 15876
15874 15877 15873
15874 15878 15877
15875 15878 15874
15871 15876 15879
15871 15879 15869
15875 15880 15878
15880 15875 15838
15881 15869 15879
15881 15866 15869
15880 15838 15882
15882 15838 15843
15879 15883 15881
15884 15883 15879
15881 15885 15866
15868 15866 15885
15884 15886 15883
15887 15886 15884
15868 15885 15888
15860 15868 15888
15887 15889 15886
15890 15889 15887
15860 15888 15891
15862 15860 15891
15892 15862 15891
15892 15893 15862
15894 15893 15892
15891 15888 15895
15891 15895 15892
15894 15892 15896
15897 15894 15896
15897 15896 15898
15899 15897 15898
15899 15898 15900
15890 15901 15889
15880 15901 15890
15888 15902 15895
15888 15885 15902
15892 15895 15903
15892 15903 15904
15880 15905 15901
15905 15880 15882
15885 15906 15902
15881 15906 15885
15895 15902 15907
15895 15907 15903
15904 15903 15908
15904 15908 15909
15908 15910 15909
15908 15911 15910
15903 15912 15908
15912 15911 15908
15903 15907 15912
15912 15913 15911
15914 15913 15912
15907 15914 15912
15914 15915 15913
15916 15915 15914
15916 15917 15915
15907 15918 15914
15918 15916 15914
15907 15902 15919
15907 15919 15918
15917 15916 15920
15917 15920 15921
15922 15921 15920
15919 15902 15923
15902 15906 15923
15918 15924 15916
15916 15924 15920
15919 15925 15918
15925 15919 15923
15925 15924 15918
15922 15920 15926
15924 15926 15920
15927 15922 15926
15927 15928 15922
15929 15928 15927
15924 15930 15926
15925 15930 15924
15930 15927 15926
15925 15931 15930
15923 15931 15925
15929 15927 15932
15933 15929 15932
15930 15934 15927
15931 15934 15930
15927 15935 15932
15927 15934 15935
15933 15932 15936
15935 15936 15932
15937 15933 15936
15937 15938 15933
15931 15939 15934
15935 15934 15939
15935 15940 15936
15940 15937 15936
15935 15939 15941
15940 15935 15941
15942 15939 15931
15941 15939 15942
15943 15938 15937
15943 15944 15938
15945 15944 15943
15942 15931 15946
15923 15946 15931
15923 15947 15946
15947 15942 15946
15947 15923 15906
15947 15906 15948
15881 15948 15906
15883 15948 15881
15883 15949 15948
15886 15949 15883
15948 15950 15947
15948 15949 15950
15886 15951 15949
15951 15950 15949
15889 15951 15886
15942 15947 15952
15950 15952 15947
15889 15953 15951
15901 15953 15889
15951 15954 15950
15954 15951 15953
15901 15955 15953
15905 15955 15901
15956 15942 15952
15941 15942 15956
15950 15957 15952
15954 15957 15950
15958 15953 15955
15954 15953 15958
15959 15941 15956
15940 15941 15959
15956 15952 15960
15960 15952 15957
15961 15940 15959
15940 15961 15937
15962 15956 15960
15959 15956 15962
15963 15937 15961
15963 15943 15937
15964 15943 15963
15961 15965 15963
15965 15964 15963
15961 15959 15966
15961 15966 15965
15959 15967 15966
15959 15962 15967
15966 15967 15965
15962 15960 15968
15967 15962 15968
15960 15957 15969
15968 15960 15969
15964 15970 15943
15945 15943 15970
15971 15945 15970
15964 15971 15970
15971 15972 15945
15972 15971 15973
15971 15974 15973
15974 15975 15973
15969 15957 15976
15954 15976 15957
15977 15976 15954
15977 15954 15958
15969 15976 15978
15978 15976 15977
15971 15964 15979
15971 15979 15974
15977 15958 15980
15958 15955 15980
15981 15969 15978
15968 15969 15981
15968 15981 15982
15981 15978 15983
15982 15981 15983
15978 15977 15984
15983 15978 15984
15977 15980 15985
15984 15977 15985
15955 15986 15980
15986 15985 15980
15968 15982 15987
15967 15968 15987
15955 15988 15986
15905 15988 15955
15989 15988 15905
15989 15986 15988
15989 15990 15986
15989 15905 15882
15882 15991 15989
15990 15989 15991
15882 15843 15991
15986 15992 15985
15990 15992 15986
15993 15967 15987
15965 15967 15993
15991 15843 15994
15828 15994 15843
15995 15994 15828
15995 15828 15833
15991 15994 15996
15996 15994 15995
15997 15985 15992
15984 15985 15997
15998 15965 15993
15965 15998 15964
15999 15964 15998
15999 15998 15993
15999 15979 15964
16000 15991 15996
15990 15991 16000
16001 15984 15997
15983 15984 16001
15999 15993 16002
16002 15993 15987
16003 15983 16001
15982 15983 16003
16000 15996 16004
15990 16000 16005
16005 16000 16004
16006 16004 15996
15996 15995 16006
16007 16006 15995
16007 15995 15833
16007 15833 16008
15833 15834 16008
15834 16009 16008
15834 16010 16009
16011 16007 16008
16011 16008 16009
16010 16012 16009
16012 16011 16009
16010 16013 16012
16012 16014 16011
16015 16007 16011
16014 16015 16011
16015 16006 16007
16014 16016 16015
16016 16017 16015
16017 16006 16015
16016 16018 16017
16017 16018 16019
16017 16020 16006
16006 16020 16004
16017 16019 16021
16020 16017 16021
16022 16004 16020
16005 16004 16022
16023 16021 16019
16023 16019 16024
16025 16023 16024
16026 16020 16021
16026 16021 16023
16022 16020 16026
16025 16027 16023
16027 16026 16023
16027 16025 16028
16029 16005 16022
15990 16005 16029
16030 16022 16026
16029 16022 16030
16027 16031 16026
16030 16026 16031
16029 16032 15990
15990 16032 15992
16033 15992 16032
15997 15992 16033
16034 16032 16029
16033 16032 16034
16035 16029 16030
16034 16029 16035
16036 16030 16031
16035 16030 16036
16037 16031 16027
16036 16031 16037
16038 15997 16033
16001 15997 16038
16039 16033 16034
16038 16033 16039
16040 16034 16035
16039 16034 16040
16041 16039 16040
16042 16041 16040
16040 16035 16043
16043 16035 16036
16042 16040 16043
16043 16036 16044
16044 16036 16037
16044 16042 16043
16037 16027 16045
16027 16028 16045
16046 16037 16045
16044 16037 16046
16028 16047 16045
16046 16045 16047
16028 16048 16047
16047 16048 16049
16047 16049 16050
16046 16047 16050
16050 16049 16051
16044 16046 16052
16046 16050 16052
16050 16051 16053
16053 16051 16054
16055 16050 16053
16055 16052 16050
16044 16052 16056
16044 16056 16042
16057 16056 16052
16057 16042 16056
16057 16052 16055
16053 16054 16058
16055 16053 16058
16054 16059 16058
16054 16060 16059
16059 16060 16061
16062 16055 16058
16057 16055 16062
16062 16058 16059
16063 16042 16057
16041 16042 16063
16059 16061 16064
16061 16065 16064
16066 16062 16059
16066 16059 16064
16062 16066 16067
16057 16062 16068
16063 16057 16068
16062 16067 16068
16067 16063 16068
16041 16063 16069
16067 16069 16063
16070 16041 16069
16070 16069 16067
16064 16065 16071
16072 16066 16064
16072 16064 16071
16065 16073 16071
16073 16072 16071
16065 16074 16073
16075 16067 16066
16072 16075 16066
16076 16070 16067
16076 16067 16075
16070 16077 16041
16077 16070 16076
16074 16078 16073
16074 16079 16078
16080 16078 16079
16080 16079 16081
16082 16080 16081
16083 16080 16082
16082 16081 16084
16084 16085 16082
16085 16083 16082
16084 16086 16085
16087 16078 16080
16083 16087 16080
16088 16073 16078
16087 16088 16078
16086 16089 16085
16086 16090 16089
16089 16091 16085
16085 16091 16083
16092 16083 16091
16089 16093 16091
16093 16092 16091
16093 16094 16092
16092 16094 16095
16083 16096 16087
16096 16088 16087
16088 16097 16073
16073 16097 16072
16092 16098 16083
16083 16098 16096
16098 16092 16099
16096 16098 16099
16092 16095 16100
16092 16100 16099
16095 16101 16100
16100 16101 16099
16095 16102 16101
16101 16102 16103
16101 16103 16104
16104 16099 16101
16096 16105 16088
16097 16088 16105
16097 16106 16072
16072 16106 16075
16096 16099 16107
16105 16096 16107
16104 16108 16099
16107 16099 16108
16097 16109 16106
16097 16105 16109
16110 16075 16106
16109 16110 16106
16110 16076 16075
16111 16108 16104
16111 16104 16112
16113 16111 16112
16107 16108 16114
16114 16108 16111
16115 16109 16105
16109 16115 16110
16105 16107 16116
16116 16107 16114
16115 16105 16116
16113 16117 16111
16113 16118 16117
16119 16117 16118
16114 16111 16120
16120 16111 16117
16116 16114 16121
16115 16116 16121
16121 16114 16120
16110 16115 16122
16115 16121 16122
16120 16117 16123
16123 16117 16119
16121 16120 16124
16122 16121 16124
16124 16120 16123
16110 16122 16125
16126 16125 16122
16076 16110 16125
16122 16124 16127
16126 16122 16127
16124 16123 16128
16127 16124 16128
16123 16119 16129
16128 16123 16129
16076 16125 16130
16077 16076 16130
16127 16128 16131
16126 16127 16131
16130 16125 16132
16125 16126 16132
16133 16077 16130
16133 16130 16132
16133 16041 16077
16129 16119 16134
16119 16135 16134
16134 16135 16136
16134 16136 16137
16136 16138 16137
16137 16138 16139
16129 16134 16140
16140 16134 16137
16133 16141 16041
16041 16141 16039
16142 16129 16140
16128 16129 16142
16131 16128 16142
16143 16039 16141
16143 16038 16039
16144 16038 16143
16144 16001 16038
16003 16001 16144
16145 16144 16143
16145 16003 16144
16145 16143 16146
16146 16143 16141
16147 16146 16141
16145 16146 16147
16133 16147 16141
16133 16148 16147
16148 16133 16132
16145 16149 16003
15982 16003 16149
15982 16149 16150
16145 16150 16149
16147 16148 16151
16145 16147 16151
16152 16145 16151
16148 16152 16151
16153 16148 16132
16153 16132 16126
16152 16154 16145
16145 16154 16150
16148 16155 16152
16155 16154 16152
16148 16153 16155
16156 15982 16150
16156 15987 15982
16154 16157 16150
16155 16157 16154
16157 16156 16150
16156 16158 15987
16002 15987 16158
16002 16158 16159
15999 16002 16159
16160 15999 16159
15979 15999 16160
16161 16159 16158
16160 16159 16161
16156 16162 16158
16161 16158 16162
16157 16163 16156
16156 16163 16162
16155 16164 16157
16157 16164 16163
16165 16161 16162
16163 16165 16162
16166 16160 16161
16165 16166 16161
15979 16160 16167
16166 16167 16160
16164 16155 16168
16155 16153 16168
16164 16169 16163
16163 16169 16165
15979 16167 16170
15974 15979 16170
15974 16170 16171
15975 15974 16171
16172 16170 16167
16171 16170 16172
15975 16171 16173
16171 16172 16173
15975 16173 16174
16175 16174 16173
16175 16173 16176
16172 16176 16173
16177 16175 16176
16172 16167 16178
16166 16178 16167
16165 16179 16166
16166 16179 16178
16177 16176 16180
16181 16177 16180
16172 16182 16176
16178 16182 16172
16180 16176 16182
16178 16183 16182
16183 16178 16179
16165 16184 16179
16184 16165 16169
16180 16182 16185
16183 16185 16182
16181 16180 16186
16186 16180 16185
16183 16179 16187
16184 16187 16179
16188 16181 16186
16188 16189 16181
16186 16185 16190
16190 16188 16186
16183 16191 16185
16191 16183 16187
16191 16190 16185
16192 16189 16188
16192 16193 16189
16194 16192 16188
16194 16188 16195
16190 16195 16188
16196 16194 16195
16197 16195 16190
16191 16197 16190
16198 16197 16191
16197 16199 16195
16196 16195 16199
16198 16199 16197
16200 16196 16199
16198 16200 16199
16200 16201 16196
16202 16201 16200
16202 16200 16139
16139 16200 16198
16198 16191 16203
16191 16187 16203
16139 16198 16204
16137 16139 16204
16205 16204 16198
16205 16198 16203
16137 16204 16205
16206 16203 16187
16206 16205 16203
16184 16206 16187
16137 16205 16207
16140 16137 16207
16206 16184 16208
16169 16208 16184
16205 16206 16209
16205 16209 16207
16206 16208 16209
16210 16140 16207
16210 16207 16209
16142 16140 16210
16211 16209 16208
16211 16210 16209
16212 16142 16210
16212 16210 16211
16131 16142 16212
16213 16208 16169
16213 16211 16208
16214 16212 16211
16131 16212 16214
16214 16211 16213
16215 16213 16169
16164 16215 16169
16164 16168 16215
16168 16213 16215
16168 16214 16213
16131 16214 16216
16126 16131 16216
16214 16168 16217
16214 16217 16216
16126 16216 16217
16168 16153 16217
16126 16217 16153
16218 16219 16220
16221 16222 16218
16223 16224 16221
16223 16225 16226
16227 16223 16228
16227 16228 16229
16230 16229 16228
16230 16231 16229
16231 16232 16233
16231 16233 16234
16233 16235 16234
16233 16236 16235
16237 16236 16238
16237 16239 16226
16237 16238 16239
16239 16240 16241
16239 16241 16242
16241 16240 16243
16241 16243 16244
16245 16221 16242
16221 16245 16244
16243 16246 16247
16243 16247 16248
16247 16218 16248
16218 16247 16249
16247 16246 16250
16247 16250 16249
16250 16251 16252
16250 16252 16253
16252 16251 16254
16252 16220 16253
16252 16254 16255
16220 16252 16255
16256 16220 16257
16258 16254 16259
16256 16258 16260
16256 16260 16261
16258 16259 16262
16262 16263 16261
16262 16259 16263
16264 16256 16265
16264 16266 16267
16264 16268 16266
16268 16263 16269
16268 16269 16270
16270 16269 16271
16270 16271 16272
16273 16264 16274
16275 16271 16276
16275 16276 16277
16277 16276 16278
16277 16278 16279
16279 16278 16280
16279 16280 16281
16273 16282 16283
16284 16273 16283
16284 16283 16285
16286 16285 16281
16286 16284 16285
16287 16288 16289
16287 16289 16290
16291 16287 16290
16291 16292 16287
16291 16293 16292
16291 16294 16293
16295 16293 16294
16295 16294 16296
16294 16291 16297
16290 16297 16291
16296 16294 16298
16294 16297 16298
16296 16298 16299
16298 16300 16299
16289 16301 16290
16289 16302 16301
16301 16302 16303
16298 16304 16300
16304 16298 16297
16290 16305 16297
16301 16305 16290
16301 16303 16306
16305 16301 16306
16305 16307 16297
16304 16297 16307
16300 16304 16308
16300 16308 16309
16303 16310 16306
16303 16311 16310
16305 16306 16312
16305 16312 16307
16310 16312 16306
16307 16313 16304
16313 16308 16304
16312 16313 16307
16309 16308 16314
16314 16308 16313
16309 16314 16315
16311 16316 16310
16311 16317 16316
16316 16317 16318
16312 16310 16319
16310 16316 16319
16312 16320 16313
16312 16319 16320
16314 16313 16321
16321 16313 16320
16315 16314 16322
16322 16314 16321
16315 16322 16323
16324 16322 16321
16322 16324 16325
16323 16322 16325
16323 16325 16326
16321 16320 16327
16327 16320 16319
16324 16321 16327
16327 16319 16328
16328 16319 16316
16324 16327 16328
16328 16316 16329
16324 16328 16329
16316 16318 16329
16318 16330 16329
16324 16329 16330
16318 16331 16330
16331 16332 16330
16332 16324 16330
16331 16333 16332
16332 16333 16334
16324 16335 16325
16332 16335 16324
16336 16335 16332
16336 16332 16337
16336 16337 16338
16335 16339 16325
16326 16325 16339
16326 16339 16340
16335 16341 16339
16340 16339 16341
16335 16336 16341
16340 16341 16342
16342 16341 16343
16336 16343 16341
16342 16343 16344
16344 16343 16345
16343 16336 16345
16344 16345 16346
16336 16338 16347
16336 16347 16345
16338 16348 16347
16338 16349 16348
16346 16345 16350
16347 16350 16345
16346 16350 16351
16347 16352 16350
16351 16350 16352
16347 16348 16352
16351 16352 16353
16353 16352 16354
16348 16354 16352
16353 16354 16355
16355 16354 16356
16354 16348 16356
16355 16356 16357
16358 16348 16349
16358 16349 16359
16348 16360 16356
16348 16358 16360
16357 16356 16361
16360 16361 16356
16357 16361 16362
16362 16361 16363
16363 16361 16360
16363 16360 16364
16362 16363 16365
16365 16363 16366
16366 16363 16364
16365 16366 16367
16367 16366 16368
16364 16368 16366
16367 16368 16369
16369 16368 16370
16364 16370 16368
16369 16370 16371
16358 16372 16360
16360 16372 16364
16371 16370 16373
16371 16373 16374
16375 16373 16370
16364 16376 16370
16375 16370 16376
16377 16376 16364
16377 16364 16372
16358 16378 16372
16378 16358 16359
16378 16359 16379
16379 16359 16380
16379 16380 16381
16382 16381 16380
16382 16383 16381
16384 16383 16382
16384 16385 16383
16333 16385 16384
16372 16378 16386
16372 16386 16377
16376 16377 16387
16387 16377 16386
16387 16386 16388
16375 16376 16387
16389 16387 16388
16389 16375 16387
16389 16390 16375
16391 16392 16393
16391 16393 16394
16393 16395 16394
16393 16396 16395
16395 16396 16397
16395 16397 16398
16397 16399 16398
16393 16400 16396
16393 16401 16400
16402 16401 16393
16402 16403 16401
16396 16400 16404
16396 16404 16397
16397 16404 16405
16397 16405 16406
16397 16406 16399
16406 16405 16407
16399 16406 16408
16406 16407 16408
16399 16408 16409
16408 16407 16410
16408 16411 16409
16408 16410 16412
16408 16412 16411
16412 16410 16413
16412 16414 16411
16412 16413 16415
16412 16415 16414
16415 16413 16416
16417 16414 16415
16415 16416 16418
16417 16415 16418
16418 16416 16419
16418 16420 16417
16418 16419 16421
16418 16421 16420
16421 16419 16422
16420 16421 16423
16421 16422 16423
16420 16423 16424
16423 16422 16425
16424 16423 16426
16423 16425 16426
16424 16426 16427
16426 16425 16428
16427 16426 16429
16426 16428 16430
16426 16430 16429
16430 16431 16429
16430 16428 16432
16431 16430 16433
16430 16432 16434
16430 16434 16433
16434 16435 16433
16434 16432 16436
16434 16437 16435
16434 16436 16438
16434 16438 16437
16438 16439 16437
16438 16436 16440
16438 16441 16439
16438 16440 16442
16438 16442 16441
16442 16443 16441
16442 16440 16444
16443 16442 16445
16442 16444 16446
16442 16446 16445
16446 16447 16445
16446 16444 16448
16447 16446 16449
16446 16448 16450
16446 16450 16449
16450 16451 16449
16450 16448 16452
16451 16450 16453
16450 16452 16454
16450 16454 16453
16454 16455 16453
16454 16452 16456
16454 16457 16455
16454 16456 16458
16454 16458 16457
16458 16459 16457
16458 16456 16460
16459 16458 16461
16458 16460 16462
16458 16462 16461
16462 16463 16461
16462 16460 16464
16462 16465 16463
16462 16464 16466
16465 16462 16466
16466 16464 16467
16465 16466 16468
16466 16467 16469
16466 16470 16468
16466 16469 16470
16471 16472 16473
16471 16473 16474
16475 16471 16474
16475 16476 16471
16477 16476 16475
16478 16474 16473
16475 16474 16478
16478 16473 16479
16480 16478 16479
16480 16479 16481
16482 16480 16481
16482 16481 16483
16484 16480 16482
16484 16485 16480
16485 16478 16480
16486 16485 16484
16475 16478 16487
16485 16487 16478
16486 16488 16485
16487 16485 16488
16489 16488 16486
16490 16475 16487
16477 16475 16490
16491 16477 16490
16491 16492 16477
16491 16493 16492
16494 16493 16491
16489 16495 16488
16496 16495 16489
16496 16497 16495
16498 16497 16496
16488 16495 16499
16499 16495 16497
16487 16488 16500
16488 16499 16500
16490 16487 16501
16487 16500 16501
16502 16490 16501
16500 16502 16501
16502 16491 16490
16500 16499 16502
16494 16491 16503
16504 16494 16503
16505 16491 16502
16505 16502 16499
16505 16503 16491
16505 16499 16506
16499 16497 16506
16507 16503 16505
16507 16505 16506
16504 16503 16508
16507 16508 16503
16497 16509 16506
16507 16506 16509
16510 16504 16508
16511 16504 16510
16512 16511 16510
16507 16513 16508
16510 16508 16513
16497 16514 16509
16498 16514 16497
16515 16514 16498
16516 16507 16509
16507 16516 16513
16515 16517 16514
16518 16517 16515
16514 16519 16509
16516 16509 16519
16514 16517 16519
16518 16520 16517
16521 16520 16518
16522 16519 16517
16516 16519 16522
16522 16517 16520
16521 16523 16520
16520 16523 16522
16524 16523 16521
16516 16522 16525
16525 16513 16516
16523 16525 16522
16524 16526 16523
16527 16526 16524
16525 16528 16513
16510 16513 16528
16523 16529 16525
16526 16529 16523
16527 16530 16526
16531 16530 16527
16525 16529 16532
16525 16532 16528
16526 16533 16529
16530 16533 16526
16533 16532 16529
16531 16534 16530
16535 16534 16531
16530 16536 16533
16530 16534 16536
16533 16537 16532
16536 16537 16533
16535 16538 16534
16539 16538 16535
16534 16540 16536
16534 16538 16540
16539 16541 16538
16540 16538 16541
16542 16540 16541
16543 16541 16539
16543 16544 16541
16542 16541 16544
16545 16544 16543
16545 16546 16544
16542 16544 16546
16547 16546 16545
16540 16548 16536
16536 16548 16537
16547 16549 16546
16550 16549 16547
16551 16546 16549
16551 16542 16546
16550 16552 16549
16551 16549 16552
16553 16552 16550
16553 16554 16552
16555 16554 16553
16554 16556 16552
16556 16551 16552
16555 16557 16554
16556 16554 16557
16558 16557 16555
16558 16559 16557
16560 16559 16558
16561 16557 16559
16561 16556 16557
16560 16562 16559
16561 16559 16562
16563 16562 16560
16563 16564 16562
16565 16564 16563
16561 16562 16566
16562 16564 16566
16565 16567 16564
16564 16567 16566
16567 16568 16566
16569 16567 16565
16569 16570 16567
16567 16570 16568
16571 16570 16569
16571 16572 16570
16570 16572 16568
16573 16572 16571
16574 16561 16566
16556 16561 16574
16572 16575 16568
16575 16576 16568
16573 16577 16572
16572 16577 16578
16579 16577 16573
16579 16580 16577
16581 16580 16579
16582 16577 16580
16583 16566 16568
16574 16566 16583
16581 16584 16580
16585 16584 16581
16582 16580 16586
16580 16584 16586
16586 16576 16582
16585 16587 16584
16584 16587 16586
16588 16586 16587
16589 16587 16585
16589 16590 16587
16588 16587 16590
16591 16590 16589
16591 16592 16590
16588 16590 16592
16588 16592 16593
16586 16594 16576
16588 16594 16586
16593 16595 16588
16596 16595 16593
16597 16596 16593
16596 16598 16595
16595 16599 16588
16598 16599 16595
16588 16599 16594
16598 16600 16599
16600 16594 16599
16600 16601 16594
16594 16602 16576
16601 16602 16594
16603 16576 16602
16603 16568 16576
16583 16568 16603
16601 16604 16602
16603 16602 16604
16601 16605 16604
16603 16604 16606
16606 16604 16605
16583 16603 16606
16606 16605 16607
16605 16608 16607
16608 16609 16607
16606 16607 16609
16608 16610 16609
16583 16606 16611
16606 16609 16611
16610 16612 16609
16612 16611 16609
16610 16613 16612
16612 16613 16614
16615 16583 16611
16612 16615 16611
16615 16574 16583
16612 16614 16616
16615 16612 16616
16616 16614 16617
16618 16574 16615
16615 16616 16619
16618 16615 16619
16616 16617 16620
16619 16616 16620
16618 16621 16574
16556 16574 16621
16551 16556 16621
16551 16621 16622
16622 16621 16618
16542 16551 16622
16618 16619 16623
16619 16620 16623
16617 16624 16620
16617 16625 16624
16618 16623 16626
16622 16618 16626
16620 16627 16623
16627 16626 16623
16620 16624 16627
16625 16628 16624
16625 16629 16628
16622 16626 16630
16627 16630 16626
16624 16631 16627
16624 16628 16631
16631 16630 16627
16632 16628 16629
16631 16628 16632
16632 16629 16633
16634 16632 16633
16622 16630 16635
16542 16622 16635
16631 16636 16630
16636 16635 16630
16637 16542 16635
16636 16637 16635
16637 16540 16542
16540 16637 16548
16634 16638 16632
16638 16634 16639
16638 16639 16640
16640 16639 16512
16631 16632 16641
16636 16631 16641
16638 16641 16632
16637 16636 16642
16637 16642 16548
16636 16641 16642
16638 16643 16641
16643 16642 16641
16643 16638 16640
16644 16548 16642
16643 16644 16642
16640 16644 16643
16644 16537 16548
16537 16644 16645
16640 16645 16644
16537 16645 16532
16528 16532 16645
16528 16645 16640
16640 16512 16646
16528 16640 16646
16512 16510 16646
16510 16528 16646
16647 16648 16649
16650 16648 16647
16650 16647 16651
16652 16650 16651
16652 16653 16650
16654 16653 16652
16654 16652 16655
16654 16655 16656
16654 16656 16657
16657 16656 16658
16658 16659 16657
16658 16660 16659
16659 16660 16661
16662 16663 16664
16662 16665 16663
16665 16666 16663
16662 16667 16665
16662 16668 16667
16665 16667 16669
16665 16670 16666
16665 16669 16670
16671 16666 16670
16672 16671 16670
16670 16669 16673
16672 16670 16673
16669 16674 16673
16675 16672 16673
16674 16675 16673
16675 16676 16672
16675 16674 16677
16676 16675 16677
16676 16677 16678
16677 16679 16678
16674 16680 16677
16677 16681 16679
16680 16681 16677
16682 16679 16681
16681 16680 16683
16682 16681 16683
16684 16682 16683
16680 16685 16683
16684 16683 16686
16685 16686 16683
16687 16684 16686
16686 16685 16688
16687 16686 16688
16685 16689 16688
16690 16687 16688
16689 16690 16688
16690 16691 16687
16692 16691 16690
16690 16689 16693
16692 16690 16693
16689 16694 16693
16695 16692 16693
16694 16695 16693
16695 16696 16692
16695 16694 16697
16696 16695 16697
16696 16697 16698
16697 16699 16698
16694 16700 16697
16697 16701 16699
16700 16701 16697
16701 16702 16699
16701 16700 16703
16701 16703 16702
16703 16704 16702
16700 16705 16703
16703 16706 16704
16705 16706 16703
16706 16707 16704
16706 16705 16708
16706 16708 16707
16705 16709 16708
16708 16710 16707
16709 16711 16708
16708 16711 16710
16711 16709 16712
16710 16711 16713
16711 16712 16713
16710 16713 16714
16713 16712 16715
16713 16716 16714
16713 16715 16717
16713 16717 16716
16718 16719 16720
16718 16720 16721
16722 16718 16721
16722 16723 16718
16724 16725 16726
16724 16726 16727
16728 16724 16727
16726 16729 16727
16726 16730 16729
16731 16729 16730
16728 16727 16732
16729 16732 16727
16732 16733 16728
16731 16734 16729
16731 16735 16734
16732 16736 16733
16737 16733 16736
16729 16738 16732
16734 16738 16729
16738 16736 16732
16734 16739 16738
16738 16739 16736
16737 16736 16740
16739 16740 16736
16740 16741 16737
16735 16742 16734
16734 16742 16739
16739 16742 16743
16735 16744 16742
16743 16742 16744
16745 16744 16735
16745 16735 16746
16747 16745 16746
16747 16746 16748
16749 16745 16747
16750 16744 16745
16743 16744 16750
16749 16751 16745
16750 16745 16751
16752 16751 16749
16753 16752 16749
16752 16753 16754
16755 16750 16751
16752 16755 16751
16752 16754 16756
16756 16754 16757
16756 16757 16758
16756 16758 16759
16755 16760 16750
16760 16743 16750
16752 16761 16755
16752 16756 16761
16761 16760 16755
16762 16756 16759
16761 16756 16762
16762 16759 16763
16762 16763 16764
16762 16764 16765
16765 16761 16762
16765 16764 16766
16765 16767 16761
16761 16767 16760
16765 16766 16768
16767 16765 16768
16768 16766 16769
16760 16767 16770
16767 16768 16770
16771 16768 16769
16770 16768 16771
16760 16770 16772
16760 16772 16743
16770 16773 16772
16743 16772 16773
16774 16771 16769
16774 16769 16775
16770 16771 16776
16770 16776 16773
16743 16773 16777
16739 16743 16777
16774 16775 16778
16779 16778 16775
16771 16774 16780
16771 16780 16776
16778 16780 16774
16776 16781 16773
16781 16777 16773
16776 16780 16781
16782 16739 16777
16781 16782 16777
16778 16783 16780
16783 16781 16780
16779 16784 16778
16783 16778 16784
16783 16785 16781
16785 16782 16781
16782 16786 16739
16739 16786 16740
16787 16786 16782
16785 16787 16782
16785 16783 16788
16783 16784 16788
16789 16784 16779
16789 16779 16790
16789 16790 16791
16740 16786 16792
16787 16792 16786
16793 16787 16785
16785 16788 16793
16784 16794 16788
16784 16789 16794
16794 16793 16788
16789 16791 16795
16795 16791 16796
16789 16797 16794
16789 16795 16797
16740 16792 16798
16740 16798 16741
16799 16741 16798
16799 16798 16800
16792 16800 16798
16792 16801 16800
16802 16799 16800
16801 16802 16800
16803 16802 16801
16802 16804 16799
16804 16802 16803
16804 16803 16805
16803 16806 16805
16797 16807 16794
16794 16807 16793
16808 16801 16792
16808 16792 16787
16793 16808 16787
16793 16809 16808
16793 16807 16809
16809 16801 16808
16803 16810 16806
16811 16806 16810
16797 16812 16807
16809 16807 16812
16803 16801 16813
16809 16814 16801
16814 16813 16801
16809 16812 16815
16814 16809 16815
16816 16812 16797
16815 16812 16816
16814 16815 16817
16813 16814 16817
16803 16813 16818
16803 16818 16810
16816 16797 16819
16795 16819 16797
16817 16815 16820
16815 16816 16820
16817 16821 16813
16818 16813 16821
16817 16822 16821
16822 16818 16821
16823 16810 16818
16822 16823 16818
16817 16820 16824
16817 16824 16822
16823 16825 16810
16811 16810 16825
16811 16825 16826
16826 16825 16823
16811 16826 16827
16826 16828 16827
16826 16823 16829
16829 16823 16822
16830 16828 16826
16829 16830 16826
16828 16830 16831
16832 16831 16830
16832 16830 16829
16832 16833 16831
16829 16822 16834
16832 16829 16834
16833 16832 16835
16836 16833 16835
16835 16832 16837
16832 16834 16837
16835 16837 16838
16837 16839 16838
16834 16822 16840
16824 16840 16822
16837 16841 16839
16841 16842 16839
16834 16843 16837
16834 16840 16843
16843 16841 16837
16840 16844 16843
16843 16844 16841
16841 16845 16842
16844 16845 16841
16840 16846 16844
16846 16840 16824
16842 16845 16847
16842 16847 16848
16848 16847 16849
16850 16845 16844
16850 16844 16846
16850 16847 16845
16849 16847 16851
16849 16851 16852
16852 16851 16853
16852 16853 16854
16853 16855 16854
16856 16851 16847
16850 16856 16847
16857 16853 16851
16856 16857 16851
16846 16824 16858
16850 16846 16859
16859 16846 16858
16850 16860 16856
16859 16860 16850
16824 16861 16858
16824 16820 16861
16860 16862 16856
16856 16862 16857
16858 16861 16863
16859 16858 16863
16864 16861 16820
16863 16861 16864
16864 16820 16816
16859 16865 16860
16860 16865 16862
16859 16863 16866
16859 16866 16865
16867 16862 16865
16867 16865 16866
16868 16857 16862
16867 16868 16862
16866 16863 16869
16863 16864 16869
16816 16870 16864
16816 16819 16870
16868 16871 16857
16853 16857 16871
16866 16869 16872
16867 16866 16872
16864 16873 16869
16864 16870 16873
16873 16872 16869
16870 16819 16874
16795 16874 16819
16867 16875 16868
16875 16871 16868
16872 16876 16867
16867 16876 16875
16872 16877 16876
16873 16877 16872
16873 16870 16878
16870 16874 16878
16874 16795 16879
16795 16796 16879
16796 16880 16879
16874 16879 16881
16878 16874 16881
16879 16880 16881
16878 16881 16880
16877 16882 16876
16882 16875 16876
16873 16883 16877
16873 16878 16883
16877 16883 16882
16878 16880 16884
16883 16878 16884
16880 16885 16884
16883 16884 16886
16885 16886 16884
16883 16886 16882
16885 16887 16886
16887 16888 16886
16888 16889 16886
16889 16882 16886
16888 16890 16889
16891 16889 16890
16882 16892 16875
16889 16892 16882
16891 16893 16889
16893 16892 16889
16894 16875 16892
16875 16894 16871
16891 16895 16893
16895 16891 16896
16897 16895 16896
16893 16898 16892
16894 16892 16898
16897 16899 16895
16899 16897 16900
16895 16901 16893
16898 16893 16901
16895 16899 16901
16894 16898 16902
16898 16901 16902
16871 16894 16903
16894 16902 16903
16904 16902 16901
16903 16902 16904
16905 16901 16899
16904 16901 16905
16900 16906 16899
16905 16899 16906
16871 16903 16907
16853 16871 16907
16853 16907 16908
16903 16908 16907
16853 16908 16855
16903 16909 16908
16903 16904 16909
16855 16908 16910
16909 16910 16908
16904 16910 16909
16855 16910 16911
16910 16912 16911
16904 16913 16910
16905 16913 16904
16910 16913 16912
16905 16914 16913
16914 16905 16906
16913 16915 16912
16913 16914 16915
16914 16906 16916
16915 16914 16916
16917 16916 16906
16918 16912 16915
16918 16919 16912
16915 16916 16920
16920 16918 16915
16917 16920 16916
16921 16919 16918
16920 16921 16918
16921 16922 16919
16917 16906 16923
16900 16923 16906
16924 16923 16900
16924 16917 16923
16921 16920 16925
16925 16920 16917
16926 16917 16924
16927 16926 16924
16928 16917 16926
16928 16925 16917
16927 16929 16926
16929 16928 16926
16927 16930 16929
16931 16922 16921
16921 16925 16932
16931 16921 16932
16925 16933 16932
16925 16928 16933
16934 16932 16933
16934 16931 16932
16935 16922 16931
16935 16936 16922
16937 16936 16935
16928 16938 16933
16938 16934 16933
16929 16939 16928
16928 16939 16938
16929 16930 16940
16939 16929 16940
16941 16935 16931
16941 16931 16934
16937 16935 16942
16942 16935 16941
16930 16943 16940
16930 16944 16943
16939 16940 16945
16943 16945 16940
16946 16941 16934
16946 16942 16941
16947 16937 16942
16947 16948 16937
16943 16944 16949
16944 16950 16949
16951 16939 16945
16951 16938 16939
16943 16952 16945
16943 16949 16952
16952 16951 16945
16938 16953 16934
16946 16934 16953
16954 16953 16938
16954 16938 16951
16955 16953 16954
16955 16946 16953
16951 16956 16954
16955 16954 16956
16949 16950 16957
16950 16958 16957
16952 16959 16951
16951 16959 16956
16957 16958 16960
16958 16961 16960
16960 16961 16962
16963 16946 16955
16955 16956 16964
16964 16963 16955
16963 16965 16946
16946 16965 16942
16947 16942 16965
16947 16965 16963
16952 16966 16959
16959 16967 16956
16959 16966 16967
16956 16968 16964
16956 16967 16968
16952 16969 16966
16952 16949 16969
16949 16970 16969
16957 16970 16949
16969 16971 16966
16969 16970 16971
16966 16972 16967
16966 16971 16972
16973 16970 16957
16960 16973 16957
16970 16974 16971
16973 16974 16970
16960 16975 16973
16960 16962 16975
16973 16975 16976
16974 16973 16976
16977 16975 16962
16977 16976 16975
16978 16976 16977
16977 16962 16979
16977 16979 16980
16977 16980 16981
16978 16977 16981
16982 16981 16980
16983 16971 16974
16972 16971 16983
16974 16976 16984
16978 16984 16976
16983 16974 16984
16983 16984 16985
16985 16984 16978
16972 16983 16986
16986 16983 16985
16972 16986 16987
16988 16986 16985
16987 16986 16988
16989 16985 16978
16988 16985 16989
16972 16987 16990
16967 16972 16990
16967 16990 16968
16991 16968 16990
16987 16991 16990
16991 16992 16968
16992 16964 16968
16992 16993 16964
16964 16993 16963
16993 16994 16963
16947 16963 16994
16992 16995 16993
16993 16995 16994
16994 16996 16947
16948 16947 16996
16948 16996 16997
16997 16996 16998
16997 16998 16999
16999 16998 17000
16998 17001 17000
17002 16996 16994
17002 16994 16995
17002 16998 16996
16998 17003 17001
17001 17003 17004
17005 16998 17002
17003 16998 17005
17006 17002 16995
17005 17002 17006
17007 17005 17006
17006 16995 17008
17008 17007 17006
16992 17008 16995
16992 17009 17008
17008 17009 17007
16992 16991 17009
17010 17003 17005
17007 17010 17005
17011 17010 17007
17010 17012 17003
17012 17004 17003
17010 17011 17012
17004 17012 17013
17013 17012 17011
17004 17013 17014
17015 17009 16991
17015 17007 17009
17011 17007 17016
17015 17016 17007
17015 16991 17017
16987 17017 16991
17018 17016 17015
17016 17018 17011
17019 17017 16987
17019 16987 16988
17017 17020 17015
17018 17015 17020
17017 17019 17020
17011 17018 17021
17021 17018 17020
17013 17011 17022
17011 17021 17022
17014 17013 17023
17013 17022 17023
17024 17014 17023
17024 17023 17022
17024 17025 17014
17025 17024 17026
17024 17022 17027
17026 17024 17027
17021 17027 17022
17028 17019 16988
17028 16988 16989
17019 17029 17020
17021 17020 17029
17019 17028 17029
17030 17028 16989
16989 16978 17030
17026 17027 17031
17032 17026 17031
17021 17033 17027
17029 17033 17021
17029 17028 17034
17030 17034 17028
17030 16978 17035
16978 16981 17035
16981 17036 17035
17030 17035 17037
17036 17037 17035
17038 17031 17027
17033 17038 17027
17039 17031 17038
17039 17038 17040
17029 17041 17033
17029 17034 17041
17030 17042 17034
17030 17037 17042
17034 17043 17041
17033 17041 17043
17034 17042 17043
17038 17033 17044
17044 17040 17038
17033 17043 17044
17043 17040 17044
17042 17045 17043
17043 17045 17040
17037 17046 17042
17042 17046 17045
17039 17047 17031
17032 17031 17047
17032 17047 17048
17039 17048 17047
17032 17048 17049
17039 17050 17048
17051 17050 17039
17051 17039 17052
17039 17040 17052
17053 17051 17052
17053 17052 17054
17040 17054 17052
17054 17055 17053
17045 17056 17040
17056 17054 17040
17054 17057 17055
17056 17057 17054
17058 17055 17057
17058 17057 17056
17058 17059 17055
17045 17060 17056
17046 17060 17045
17058 17056 17061
17060 17061 17056
17059 17058 17062
17062 17058 17061
17062 17061 17063
17059 17062 17064
17065 17064 17062
17065 17062 17066
17066 17062 17063
17066 17063 17067
17060 17068 17061
17068 17063 17061
17046 17069 17060
17069 17068 17060
17067 17063 17070
17063 17071 17070
17072 17067 17070
17072 17070 17073
17071 17073 17070
17072 17073 17074
17075 17074 17073
17068 17076 17063
17063 17076 17071
17077 17076 17068
17069 17077 17068
17069 17046 17078
17037 17078 17046
17036 17078 17037
17069 17078 17079
17079 17077 17069
17079 17078 17036
17077 17080 17076
17071 17076 17080
17079 17081 17077
17081 17080 17077
17075 17073 17082
17083 17075 17082
17083 17084 17075
17085 17083 17082
17086 17082 17073
17071 17086 17073
17085 17082 17087
17086 17087 17082
17088 17086 17071
17087 17086 17088
17089 17085 17087
17090 17085 17089
17089 17091 17090
17071 17080 17092
17088 17071 17092
17093 17092 17080
17088 17092 17093
17087 17088 17094
17089 17087 17094
17089 17095 17091
17096 17091 17095
17096 17095 17097
17097 17095 17098
17094 17088 17099
17088 17093 17099
17089 17094 17100
17089 17100 17095
17094 17099 17100
17101 17098 17095
17101 17095 17100
17101 17102 17098
17103 17101 17100
17102 17101 17103
17103 17100 17099
17102 17103 17104
17103 17105 17104
17099 17106 17103
17103 17106 17105
17099 17093 17106
17107 17105 17106
17093 17108 17106
17109 17106 17108
17093 17110 17108
17093 17080 17110
17081 17110 17080
17108 17110 17081
17109 17108 17111
17109 17111 17112
17111 17113 17112
17108 17081 17114
17108 17114 17111
17114 17081 17079
17111 17115 17113
17115 17111 17114
16982 17113 17115
17114 17079 17116
17115 17114 17116
17079 17036 17116
17036 17115 17116
16982 17115 17117
17036 17117 17115
16982 17117 16981
16981 17117 17036
17118 17119 17120
17118 17120 17121
17122 17118 17121
17122 17121 17123
17124 17121 17120
17125 17123 17121
17124 17126 17121
17125 17121 17126
17126 17124 17127
17126 17128 17125
17126 17127 17129
17126 17129 17128
17130 17129 17127
17131 17128 17129
17130 17132 17129
17131 17129 17132
17132 17130 17133
17132 17134 17131
17132 17133 17135
17132 17135 17134
17136 17137 17138
17139 17138 17137
17139 17140 17138
17141 17140 17139
17141 17142 17140
17143 17142 17141
17143 17144 17142
17145 17144 17143
17145 17146 17144
17145 17147 17146
17145 17148 17147
17147 17148 17149
17147 17149 17150
17151 17152 17153
17151 17153 17154
17155 17154 17153
17155 17156 17154
17156 17155 17157
17156 17157 17158
17158 17157 17159
17158 17159 17160
17160 17159 17161
17160 17161 17162
17162 17161 17163
17162 17163 17164
17163 17165 17164
17163 17166 17165
17165 17166 17167
17165 17167 17168
17168 17167 17169
17168 17169 17170
17170 17169 17171
17172 17173 17174
17172 17175 17173
17176 17175 17172
17176 17177 17175
17178 17179 17180
17181 17179 17178
17181 17182 17179
17183 17182 17181
17183 17184 17182
17185 17184 17183
17185 17183 17186
17187 17185 17186
17187 17188 17185
17189 17188 17187
17189 17190 17188
17191 17190 17189
17191 17192 17190
17193 17192 17191
17193 17194 17192
17195 17196 17197
17196 17198 17197
17199 17200 17201
17199 17202 17200
17202 17199 17203
17202 17204 17200
17202 17203 17205
17205 17203 17206
17202 17207 17204
17207 17208 17204
17205 17206 17209
17210 17209 17206
17202 17205 17211
17202 17211 17207
17211 17205 17209
17207 17212 17208
17212 17207 17211
17212 17213 17208
17210 17214 17209
17214 17210 17215
17212 17216 17213
17216 17217 17213
17216 17218 17217
17219 17218 17216
17219 17220 17218
17219 17221 17220
17222 17216 17212
17219 17216 17222
17212 17211 17223
17222 17212 17223
17211 17209 17224
17223 17211 17224
17219 17225 17221
17222 17225 17219
17226 17222 17223
17222 17226 17225
17227 17221 17225
17226 17227 17225
17226 17228 17227
17229 17227 17228
17227 17230 17221
17230 17227 17229
17230 17229 17231
17231 17229 17232
17229 17233 17232
17233 17234 17232
17234 17233 17235
17226 17223 17236
17226 17236 17228
17223 17224 17236
17224 17228 17236
17233 17237 17235
17237 17238 17235
17237 17239 17238
17237 17240 17239
17240 17241 17239
17240 17242 17241
17240 17243 17242
17244 17243 17240
17243 17245 17242
17245 17243 17246
17240 17237 17247
17233 17247 17237
17240 17247 17244
17224 17248 17228
17209 17248 17224
17209 17214 17248
17228 17248 17249
17249 17248 17214
17243 17250 17246
17250 17251 17246
17251 17250 17252
17228 17249 17253
17229 17228 17253
17249 17214 17254
17214 17215 17254
17250 17255 17252
17255 17256 17252
17257 17256 17255
17257 17255 17258
17259 17257 17258
17259 17258 17260
17259 17260 17261
17260 17262 17261
17250 17263 17255
17258 17255 17263
17253 17249 17264
17254 17264 17249
17265 17254 17215
17265 17215 17266
17267 17264 17254
17267 17254 17265
17253 17264 17268
17268 17264 17267
17266 17269 17265
17266 17270 17269
17265 17271 17267
17265 17269 17271
17270 17272 17269
17270 17273 17272
17272 17273 17274
17253 17268 17275
17229 17253 17275
17229 17275 17233
17276 17268 17267
17271 17276 17267
17269 17277 17271
17269 17272 17277
17278 17275 17268
17276 17278 17268
17279 17233 17275
17278 17279 17275
17279 17247 17233
17271 17280 17276
17277 17280 17271
17278 17276 17281
17276 17280 17281
17247 17279 17282
17247 17282 17244
17283 17279 17278
17279 17283 17282
17281 17283 17278
17283 17284 17282
17284 17244 17282
17285 17283 17281
17283 17285 17284
17284 17286 17244
17244 17286 17287
17285 17288 17284
17281 17288 17285
17288 17289 17284
17290 17289 17288
17244 17287 17291
17244 17291 17243
17292 17291 17287
17243 17291 17292
17243 17292 17250
17292 17287 17293
17250 17292 17263
17293 17294 17292
17292 17294 17263
17293 17295 17294
17281 17296 17288
17281 17280 17296
17288 17296 17297
17297 17296 17280
17290 17288 17297
17297 17280 17298
17290 17297 17298
17298 17280 17277
17290 17298 17299
17298 17277 17300
17299 17298 17300
17272 17300 17277
17299 17300 17301
17272 17302 17300
17302 17301 17300
17272 17274 17302
17302 17303 17301
17274 17303 17302
17274 17304 17303
17305 17306 17307
17305 17308 17306
17309 17308 17305
17308 17310 17306
17308 17311 17310
17311 17308 17309
17311 17312 17310
17311 17313 17312
17314 17313 17311
17314 17311 17315
17311 17309 17315
17314 17315 17316
17316 17315 17309
17314 17316 17317
17309 17305 17318
17305 17319 17318
17318 17319 17320
17320 17319 17321
17320 17321 17322
17323 17320 17322
17309 17318 17324
17318 17320 17324
17323 17325 17320
17325 17324 17320
17262 17325 17323
17262 17260 17325
17309 17324 17326
17316 17309 17326
17325 17327 17324
17327 17326 17324
17327 17325 17260
17328 17317 17316
17328 17329 17317
17330 17329 17328
17331 17316 17326
17327 17331 17326
17331 17328 17316
17330 17328 17332
17333 17330 17332
17328 17331 17334
17334 17331 17327
17328 17334 17332
17327 17260 17335
17334 17327 17335
17333 17332 17336
17336 17337 17333
17338 17335 17260
17258 17338 17260
17339 17334 17335
17338 17339 17335
17340 17332 17334
17336 17332 17340
17339 17340 17334
17338 17258 17341
17258 17263 17341
17263 17294 17341
17338 17341 17342
17339 17338 17342
17294 17343 17341
17343 17342 17341
17343 17294 17295
17344 17340 17339
17336 17340 17344
17345 17336 17344
17344 17339 17346
17346 17339 17342
17346 17345 17344
17347 17346 17342
17347 17348 17346
17346 17348 17345
17343 17349 17342
17349 17347 17342
17349 17343 17350
17343 17295 17350
17347 17349 17350
17295 17351 17350
17347 17350 17351
17295 17352 17351
17347 17351 17352
17295 17353 17352
17352 17353 17354
17355 17348 17347
17348 17355 17345
17347 17352 17356
17347 17356 17355
17357 17355 17356
17352 17358 17356
17352 17354 17358
17357 17356 17358
17354 17357 17358
17354 17359 17357
17357 17359 17360
17361 17355 17357
17345 17355 17361
17357 17360 17362
17361 17357 17362
17360 17363 17362
17363 17361 17362
17360 17364 17363
17363 17364 17365
17363 17365 17366
17367 17363 17366
17363 17368 17361
17345 17361 17368
17367 17368 17363
17345 17368 17369
17369 17368 17367
17345 17369 17336
17369 17367 17337
17336 17369 17337
17370 17371 17372
17370 17372 17373
17374 17375 17370
17374 17376 17375
17377 17376 17374
17377 17374 17378
17379 17377 17378
17379 17378 17380
17381 17379 17380
17381 17382 17379
17381 17383 17382
17381 17384 17383
17384 17385 17383
17384 17386 17385
17387 17385 17386
17387 17386 17388
17389 17387 17388
17389 17390 17387
17391 17390 17389
17391 17389 17392
17393 17391 17392
17393 17392 17394
17395 17396 17394
17395 17394 17397
17398 17395 17397
17398 17399 17395
17400 17399 17398
17400 17398 17401
17402 17400 17401
17402 17403 17400
17404 17403 17402
17404 17402 17405
17406 17404 17405
17406 17405 17407
17407 17408 17406
17407 17409 17408
17409 17410 17408
17409 17411 17410
17410 17411 17412
17410 17412 17413
17413 17412 17414
17413 17414 17415
17415 17414 17416
17417 17418 17419
17417 17420 17418
17420 17421 17418
17420 17422 17421
17422 17423 17421
17422 17424 17423
17424 17425 17423
17424 17426 17425
17426 17427 17425
17426 17428 17427
17428 17429 17427
17428 17430 17429
17431 17429 17430
17431 17430 17432
17433 17431 17432
17433 17434 17431
17435 17434 17433
17435 17433 17436
17437 17435 17436
17437 17438 17435
17439 17440 17437
17439 17437 17441
17442 17439 17441
17442 17443 17439
17444 17443 17442
17444 17442 17445
17446 17444 17445
17446 17447 17444
17448 17447 17446
17448 17446 17449
17450 17448 17449
17450 17451 17448
17452 17451 17450
17452 17450 17453
17454 17452 17453
17454 17455 17452
17456 17455 17454
17456 17457 17455
17458 17457 17456
17458 17456 17459
17459 17460 17461
17459 17461 17462
17463 17464 17465
17463 17465 17466
17465 17467 17466
17465 17468 17467
17469 17470 17471
17469 17472 17470
17473 17472 17469
17473 17474 17472
17475 17474 17473
17475 17476 17474
17477 17476 17475
17477 17478 17476
17479 17478 17477
17479 17480 17478
17481 17480 17479
17481 17482 17480
17483 17482 17481
17483 17484 17482
17484 17485 17482
17484 17486 17485
17482 17485 17487
17482 17487 17480
17480 17487 17488
17480 17488 17489
17489 17488 17490
17489 17490 17491
17491 17490 17492
17491 17492 17493
17493 17492 17494
17493 17494 17495
17495 17494 17496
17495 17496 17497
17498 17499 17500
17498 17501 17499
17501 17502 17499
17503 17501 17498
17501 17504 17502
17503 17505 17501
17505 17504 17501
17506 17505 17503
17505 17507 17504
17506 17508 17505
17508 17507 17505
17509 17508 17506
17508 17510 17507
17509 17511 17508
17512 17510 17508
17513 17511 17509
17512 17514 17510
17513 17515 17511
17516 17514 17512
17517 17515 17513
17516 17518 17514
17517 17519 17515
17519 17518 17516
17520 17519 17517
17519 17521 17518
17520 17522 17519
17522 17521 17519
17523 17522 17520
17522 17524 17521
17523 17525 17522
17525 17524 17522
17525 17526 17524
17527 17528 17529
17527 17529 17530
17530 17529 17531
17530 17531 17532
17532 17531 17533
17532 17533 17534
17534 17533 17535
17534 17535 17536
17536 17535 17537
17536 17537 17538
17538 17537 17539
17538 17539 17540
17540 17539 17541
17540 17541 17542
17542 17541 17543
17542 17543 17544
17545 17543 17546
17545 17546 17547
17547 17546 17548
17547 17548 17549
17549 17548 17550
17549 17550 17551
17551 17550 17552
17551 17552 17553
17553 17552 17554
17553 17554 17555
17555 17554 17556
17555 17556 17557
17557 17556 17558
17557 17558 17559
17560 17561 17562
17560 17562 17563
17562 17564 17563
17562 17565 17564
17564 17565 17566
17564 17566 17567
17566 17568 17567
17566 17569 17568
17568 17569 17570
17568 17570 17571
17570 17572 17571
17569 17566 17573
17570 17569 17574
17569 17573 17574
17566 17575 17573
17566 17576 17575
17576 17577 17575
17576 17578 17577
17578 17579 17577
17578 17580 17579
17577 17579 17581
17577 17581 17582
17575 17577 17582
17582 17581 17583
17573 17575 17584
17575 17582 17584
17582 17583 17585
17584 17582 17585
17585 17583 17586
17574 17573 17587
17573 17584 17587
17585 17586 17588
17584 17585 17589
17589 17585 17588
17586 17590 17588
17586 17591 17590
17590 17591 17592
17590 17593 17588
17589 17588 17593
17584 17589 17594
17584 17594 17587
17590 17592 17595
17593 17590 17595
17596 17589 17593
17594 17589 17596
17594 17597 17587
17596 17597 17594
17596 17593 17598
17593 17595 17598
17592 17599 17595
17592 17600 17599
17597 17596 17601
17596 17598 17601
17595 17602 17598
17595 17599 17602
17603 17599 17600
17603 17600 17604
17605 17603 17604
17605 17606 17603
17607 17599 17603
17606 17607 17603
17607 17602 17599
17606 17608 17607
17608 17609 17607
17609 17602 17607
17608 17610 17609
17611 17598 17602
17609 17611 17602
17611 17601 17598
17610 17612 17609
17612 17611 17609
17610 17613 17612
17614 17601 17611
17612 17614 17611
17613 17615 17612
17615 17614 17612
17613 17616 17615
17616 17617 17615
17616 17618 17617
17614 17619 17601
17597 17601 17619
17615 17620 17614
17617 17620 17615
17619 17614 17621
17597 17619 17621
17614 17620 17621
17618 17622 17617
17618 17623 17622
17617 17624 17620
17622 17624 17617
17623 17625 17622
17623 17626 17625
17621 17627 17597
17587 17597 17627
17628 17621 17620
17628 17620 17624
17622 17629 17624
17625 17629 17622
17626 17630 17625
17626 17631 17630
17632 17624 17629
17632 17628 17624
17625 17633 17629
17630 17633 17625
17633 17632 17629
17631 17634 17630
17631 17635 17634
17621 17636 17627
17636 17621 17628
17630 17637 17633
17634 17637 17630
17635 17638 17634
17635 17639 17638
17634 17640 17637
17638 17640 17634
17639 17641 17638
17639 17642 17641
17638 17643 17640
17641 17643 17638
17644 17640 17643
17645 17637 17640
17644 17645 17640
17633 17637 17646
17645 17646 17637
17642 17647 17641
17642 17648 17647
17641 17649 17643
17649 17644 17643
17647 17649 17641
17633 17646 17650
17633 17650 17632
17648 17651 17647
17648 17652 17651
17650 17646 17653
17653 17646 17645
17632 17650 17654
17650 17653 17654
17647 17655 17649
17651 17655 17647
17652 17656 17651
17652 17657 17656
17632 17654 17658
17658 17628 17632
17651 17659 17655
17656 17659 17651
17655 17659 17660
17649 17655 17661
17655 17660 17661
17657 17662 17656
17657 17663 17662
17656 17664 17659
17662 17664 17656
17660 17659 17664
17662 17665 17664
17665 17666 17664
17660 17664 17666
17665 17667 17666
17667 17668 17666
17668 17660 17666
17667 17669 17668
17668 17669 17670
17668 17670 17671
17672 17671 17670
17668 17673 17660
17673 17668 17671
17672 17674 17671
17674 17673 17671
17675 17674 17672
17660 17673 17676
17660 17676 17661
17675 17677 17674
17678 17677 17675
17674 17679 17673
17679 17676 17673
17677 17679 17674
17678 17680 17677
17680 17678 17681
17680 17681 17682
17683 17680 17682
17680 17684 17677
17677 17684 17679
17683 17685 17680
17680 17685 17684
17686 17685 17683
17684 17685 17686
17686 17683 17687
17688 17686 17687
17688 17687 17689
17684 17686 17690
17684 17690 17679
17690 17686 17688
17691 17679 17690
17679 17691 17676
17690 17688 17692
17691 17690 17692
17693 17676 17691
17661 17676 17693
17694 17691 17692
17693 17691 17694
17661 17693 17695
17649 17661 17695
17644 17649 17695
17644 17695 17693
17644 17693 17694
17688 17696 17692
17694 17692 17696
17644 17694 17697
17697 17645 17644
17698 17694 17696
17698 17697 17694
17698 17696 17699
17688 17700 17696
17700 17699 17696
17697 17701 17645
17653 17645 17701
17697 17702 17701
17697 17698 17702
17702 17653 17701
17702 17698 17703
17703 17698 17699
17702 17704 17653
17703 17704 17702
17704 17654 17653
17704 17705 17654
17705 17658 17654
17703 17706 17704
17706 17705 17704
17707 17700 17688
17707 17688 17689
17703 17699 17708
17708 17706 17703
17705 17709 17658
17706 17710 17705
17710 17709 17705
17708 17711 17706
17711 17710 17706
17708 17699 17712
17712 17711 17708
17709 17713 17658
17658 17713 17628
17636 17628 17713
17709 17714 17713
17714 17636 17713
17710 17715 17709
17715 17714 17709
17711 17716 17710
17716 17715 17710
17712 17717 17711
17717 17716 17711
17712 17699 17718
17718 17717 17712
17714 17719 17636
17719 17627 17636
17715 17720 17714
17720 17719 17714
17716 17721 17715
17721 17720 17715
17717 17722 17716
17722 17721 17716
17721 17723 17720
17719 17720 17723
17719 17724 17627
17724 17587 17627
17574 17587 17724
17719 17725 17724
17719 17723 17725
17726 17574 17724
17726 17724 17725
17570 17574 17726
17727 17723 17721
17722 17727 17721
17728 17722 17717
17718 17728 17717
17570 17726 17729
17729 17726 17725
17725 17723 17730
17727 17730 17723
17731 17727 17722
17728 17731 17722
17725 17730 17732
17729 17725 17732
17733 17730 17727
17733 17732 17730
17731 17733 17727
17734 17732 17733
17734 17729 17732
17570 17729 17735
17570 17735 17572
17736 17735 17729
17572 17735 17736
17736 17729 17734
17572 17736 17737
17736 17738 17737
17739 17733 17731
17739 17734 17733
17740 17736 17734
17736 17740 17738
17740 17734 17739
17741 17739 17731
17740 17739 17741
17741 17731 17728
17742 17738 17740
17740 17741 17742
17742 17743 17738
17744 17743 17742
17745 17741 17728
17742 17741 17745
17745 17728 17718
17744 17742 17746
17742 17745 17746
17747 17745 17718
17746 17745 17747
17747 17718 17699
17700 17747 17699
17748 17744 17746
17746 17747 17748
17748 17747 17700
17748 17749 17744
17748 17700 17707
17750 17749 17748
17750 17748 17707
17689 17750 17707
17689 17751 17750
17752 17751 17689
17752 17753 17751
17754 17753 17752
17754 17752 17755
17756 17754 17755
17756 17755 17757
17758 17756 17757
17758 17757 17759
17760 17761 17762
17760 17762 17763
17762 17764 17763
17762 17765 17764
17764 17765 17766
17764 17766 17767
17768 17760 17769
17768 17769 17770
17771 17770 17769
17771 17772 17770
17772 17771 17773
17772 17774 17775
17776 17766 17777
17776 17777 17778
17778 17777 17779
17778 17779 17780
17775 17781 17780
17775 17782 17781
17775 17783 17784
17785 17779 17786
17784 17785 17787
17784 17787 17788
17785 17786 17789
17789 17790 17788
17789 17786 17790
17784 17791 17792
17793 17790 17794
17793 17794 17795
17792 17793 17795
17796 17795 17794
17797 17792 17795
17796 17797 17795
17798 17792 17799
17800 17796 17801
17800 17801 17802
17798 17800 17802
17803 17802 17801
17804 17798 17802
17803 17804 17802
17805 17798 17806
17807 17803 17808
17805 17807 17809
17810 17805 17809
17807 17808 17811
17812 17810 17811
17812 17811 17808
17813 17805 17814
17813 17815 17816
17815 17812 17817
17815 17817 17818
17819 17813 17820
17819 17820 17821
17822 17819 17821
17822 17821 17823
17824 17817 17825
17824 17825 17826
17824 17826 17827
17827 17828 17823
17827 17826 17828
17829 17830 17831
17832 17829 17831
17832 17831 17833
17832 17833 17834
17832 17834 17835
17835 17834 17836
17835 17836 17837
17836 17838 17837
17836 17839 17838
17838 17839 17840
17838 17840 17841
17838 17841 17842
17841 17843 17842
17840 17844 17841
17841 17844 17843
17844 17845 17843
17840 17846 17844
17844 17847 17845
17846 17847 17844
17846 17848 17847
17849 17850 17851
17852 17849 17851
17852 17851 17853
17852 17853 17854
17852 17854 17855
17855 17854 17856
17855 17856 17857
17856 17858 17857
17856 17859 17858
17858 17859 17860
17858 17860 17861
17858 17861 17862
17861 17863 17862
17861 17864 17863
17860 17864 17861
17864 17865 17863
17864 17866 17865
17860 17867 17864
17867 17866 17864
17860 17868 17867
17867 17869 17866
17868 17869 17867
17868 17870 17869
17871 17872 17873
17871 17874 17872
17874 17871 17875
17876 17872 17874
17874 17875 17877
17877 17875 17878
17876 17874 17879
17879 17874 17877
17880 17876 17879
17880 17879 17881
17881 17879 17882
17879 17877 17882
17881 17882 17883
17884 17883 17882
17877 17878 17885
17882 17877 17885
17886 17885 17878
17884 17882 17887
17882 17885 17887
17888 17884 17887
17886 17889 17885
17887 17885 17889
17889 17886 17890
17888 17887 17891
17887 17889 17891
17892 17888 17891
17889 17890 17893
17891 17889 17893
17894 17893 17890
17891 17893 17895
17892 17891 17895
17894 17896 17893
17896 17895 17893
17897 17892 17895
17896 17897 17895
17898 17896 17894
17898 17894 17899
17900 17898 17899
17901 17898 17900
17898 17901 17902
17896 17898 17903
17903 17898 17902
17896 17903 17897
17902 17904 17903
17904 17897 17903
17902 17905 17904
17897 17906 17892
17904 17906 17897
17907 17892 17906
17908 17907 17906
17908 17906 17904
17905 17908 17904
17905 17909 17908
17910 17911 17912
17913 17911 17910
17913 17914 17911
17913 17915 17914
17913 17916 17915
17916 17917 17915
17916 17918 17917
17917 17918 17919
17917 17919 17920
17919 17921 17920
17919 17922 17921
17919 17923 17922
17922 17923 17924
17921 17922 17925
17922 17924 17925
17921 17925 17926
17925 17927 17926
17925 17928 17927
17924 17928 17925
17924 17929 17928
17930 17931 17932
17933 17931 17930
17933 17934 17931
17933 17935 17934
17933 17936 17935
17936 17937 17935
17936 17938 17937
17937 17938 17939
17937 17939 17940
17939 17941 17940
17939 17942 17941
17939 17943 17942
17942 17943 17944
17941 17942 17945
17942 17944 17945
17944 17946 17945
17944 17947 17946
17945 17946 17948
17941 17945 17949
17945 17948 17949
17941 17949 17950
17949 17948 17951
17949 17951 17950
17952 17953 17954
17952 17954 17955
17955 17954 17956
17955 17956 17957
17957 17956 17958
17957 17958 17959
17958 17960 17959
17958 17961 17960
17960 17961 17962
17960 17962 17963
17962 17964 17963
17962 17965 17964
17964 17965 17966
17964 17966 17967
17966 17968 17967
17966 17969 17968
17968 17969 17970
17968 17970 17971
17970 17972 17971
17970 17973 17972
17974 17975 17976
17974 17976 17977
17976 17978 17977
17976 17979 17978
17978 17979 17980
17978 17980 17981
17980 17982 17981
17980 17983 17982
17982 17983 17984
17982 17984 17985
17984 17986 17985
17984 17987 17986
17986 17987 17988
17986 17988 17989
17988 17990 17989
17988 17991 17990
17990 17991 17992
17990 17992 17993
17993 17992 17994
17993 17994 17995
17996 17995 17997
17996 17997 17998
17999 18000 18001
18002 18000 17999
18003 18004 18005
18003 18005 18006
18007 18008 18009
18010 18008 18007
18010 18011 18008
18012 18011 18010
18012 18013 18011
18014 18013 18012
18014 18015 18013
18016 18015 18014
18016 18017 18015
18017 18016 18018
18013 18019 18011
18015 18020 18013
18013 18020 18019
18017 18021 18015
18015 18021 18020
18011 18022 18008
18011 18019 18022
18017 18023 18021
18024 18023 18017
18025 18023 18024
18026 18025 18024
18027 18021 18023
18027 18023 18025
18028 18020 18021
18028 18021 18027
18020 18029 18019
18020 18028 18029
18026 18030 18025
18026 18031 18030
18032 18025 18030
18031 18032 18030
18032 18027 18025
18031 18033 18032
18034 18027 18032
18034 18032 18033
18034 18028 18027
18034 18033 18035
18034 18035 18036
18028 18034 18037
18028 18037 18029
18034 18036 18037
18038 18019 18029
18037 18038 18029
18038 18022 18019
18036 18039 18037
18037 18039 18038
18036 18040 18039
18039 18040 18041
18042 18022 18038
18039 18042 18038
18039 18041 18043
18039 18043 18042
18042 18044 18022
18008 18022 18044
18043 18041 18045
18041 18046 18045
18046 18047 18045
18046 18048 18047
18049 18045 18047
18043 18045 18049
18047 18050 18049
18049 18050 18051
18043 18049 18052
18043 18052 18042
18052 18049 18051
18053 18042 18052
18051 18053 18052
18053 18044 18042
18051 18054 18053
18053 18054 18055
18044 18053 18056
18056 18053 18055
18044 18056 18057
18008 18044 18057
18008 18057 18058
18055 18059 18056
18059 18057 18056
18059 18058 18057
18055 18060 18059
18060 18061 18059
18061 18058 18059
18060 18062 18061
18061 18063 18058
18063 18064 18058
18064 18065 18066
18067 18064 18066
18067 18066 18068
18069 18067 18068
18069 18068 18070
18071 18069 18070
18071 18070 18072
18073 18071 18072
18073 18072 18074
18075 18073 18074
18070 18068 18076
18072 18070 18077
18070 18076 18077
18074 18072 18078
18072 18077 18078
18068 18066 18079
18068 18079 18076
18074 18078 18080
18074 18080 18081
18081 18080 18082
18083 18081 18082
18084 18080 18078
18084 18082 18080
18085 18078 18077
18085 18084 18078
18077 18076 18086
18077 18086 18085
18083 18082 18087
18083 18087 18088
18089 18087 18082
18088 18087 18089
18089 18082 18084
18088 18089 18090
18091 18089 18084
18091 18090 18089
18091 18084 18085
18091 18092 18090
18091 18093 18092
18085 18094 18091
18085 18086 18094
18091 18094 18093
18095 18086 18076
18094 18086 18095
18095 18076 18079
18093 18094 18096
18094 18095 18096
18093 18096 18097
18096 18098 18097
18099 18095 18079
18096 18095 18099
18096 18100 18098
18096 18099 18100
18099 18079 18101
18066 18101 18079
18100 18102 18098
18098 18102 18103
18102 18104 18103
18102 18105 18104
18102 18106 18105
18100 18106 18102
18105 18106 18107
18108 18107 18106
18100 18099 18109
18100 18109 18106
18106 18109 18108
18109 18099 18101
18108 18109 18110
18109 18101 18110
18108 18110 18111
18112 18111 18110
18101 18113 18110
18110 18113 18112
18101 18114 18113
18066 18114 18101
18115 18114 18066
18113 18114 18115
18112 18113 18116
18113 18115 18116
18112 18116 18117
18116 18115 18118
18118 18115 18007
18116 18118 18119
18117 18116 18119
18117 18119 18062
18120 18121 18122
18120 18122 18123
18124 18120 18123
18122 18125 18123
18124 18123 18126
18127 18124 18126
18125 18128 18123
18128 18126 18123
18128 18125 18129
18127 18126 18130
18131 18127 18130
18128 18132 18126
18132 18130 18126
18128 18129 18133
18133 18129 18134
18135 18128 18133
18135 18132 18128
18133 18134 18136
18135 18133 18136
18136 18134 18137
18131 18130 18138
18139 18131 18138
18136 18137 18140
18141 18140 18137
18141 18142 18140
18142 18141 18143
18142 18143 18144
18145 18136 18140
18142 18145 18140
18146 18142 18144
18142 18146 18145
18146 18144 18147
18148 18146 18147
18145 18149 18136
18135 18136 18149
18146 18150 18145
18146 18148 18150
18150 18149 18145
18135 18149 18151
18150 18151 18149
18148 18152 18150
18152 18151 18150
18148 18153 18152
18154 18152 18153
18135 18151 18155
18155 18132 18135
18155 18156 18132
18132 18156 18130
18151 18157 18155
18156 18155 18157
18130 18156 18158
18156 18157 18158
18130 18158 18138
18152 18159 18151
18151 18159 18157
18154 18160 18152
18160 18159 18152
18157 18159 18161
18160 18161 18159
18158 18157 18162
18157 18161 18162
18163 18138 18158
18158 18162 18163
18164 18160 18154
18164 18154 18165
18166 18164 18165
18160 18167 18161
18160 18164 18167
18161 18168 18162
18161 18167 18168
18163 18162 18168
18166 18169 18164
18170 18169 18166
18170 18171 18169
18169 18171 18172
18164 18173 18167
18164 18169 18173
18169 18172 18173
18168 18167 18173
18173 18172 18174
18173 18174 18175
18168 18173 18175
18175 18174 18176
18175 18177 18168
18163 18168 18177
18163 18177 18178
18175 18179 18177
18175 18176 18179
18179 18178 18177
18176 18180 18179
18179 18180 18178
18176 18181 18180
18181 18182 18180
18182 18178 18180
18182 18183 18178
18139 18178 18183
18163 18178 18184
18139 18184 18178
18163 18184 18138
18139 18138 18184
18185 18186 18187
18185 18188 18186
18188 18189 18186
18190 18188 18185
18190 18185 18191
18190 18191 18192
18190 18192 18193
18194 18190 18193
18188 18195 18189
18196 18189 18195
18197 18188 18190
18194 18197 18190
18197 18195 18188
18196 18195 18198
18198 18195 18197
18199 18196 18198
18200 18197 18194
18198 18197 18200
18200 18194 18201
18202 18200 18201
18199 18198 18203
18203 18198 18200
18204 18199 18203
18202 18205 18200
18203 18200 18205
18206 18205 18202
18204 18203 18207
18207 18203 18205
18208 18204 18207
18206 18209 18205
18207 18205 18209
18210 18209 18206
18208 18207 18211
18211 18207 18209
18212 18208 18211
18210 18213 18209
18211 18209 18213
18212 18211 18214
18214 18211 18213
18215 18212 18214
18215 18214 18216
18217 18213 18210
18214 18213 18217
18216 18214 18217
18217 18210 18218
18216 18217 18219
18219 18217 18218
18220 18221 18222
18220 18223 18221
18223 18224 18221
18225 18223 18220
18223 18226 18224
18224 18226 18227
18225 18228 18223
18228 18226 18223
18229 18227 18226
18228 18229 18226
18230 18228 18225
18225 18231 18230
18231 18232 18230
18232 18233 18230
18234 18228 18230
18233 18234 18230
18234 18229 18228
18233 18235 18234
18229 18236 18227
18234 18236 18229
18235 18237 18234
18234 18237 18236
18235 18238 18237
18227 18236 18239
18239 18236 18237
18227 18239 18240
18241 18237 18238
18239 18237 18241
18241 18238 18242
18240 18239 18243
18243 18239 18241
18240 18243 18244
18242 18245 18241
18243 18241 18245
18242 18246 18245
18244 18243 18247
18247 18243 18245
18244 18247 18248
18249 18248 18247
18250 18245 18246
18247 18245 18250
18250 18246 18251
18249 18247 18252
18252 18247 18250
18253 18249 18252
18253 18252 18254
18252 18250 18254
18254 18250 18251
18254 18251 18255
18254 18255 18256
18257 18258 18259
18257 18259 18260
18261 18257 18260
18262 18260 18259
18262 18259 18263
18261 18260 18264
18264 18260 18262
18263 18265 18262
18266 18265 18263
18265 18267 18262
18264 18262 18267
18265 18268 18267
18269 18267 18268
18269 18270 18267
18270 18264 18267
18271 18270 18269
18272 18261 18264
18270 18272 18264
18272 18273 18261
18274 18273 18272
18271 18275 18270
18275 18272 18270
18276 18275 18271
18274 18272 18277
18275 18277 18272
18278 18274 18277
18276 18279 18275
18279 18277 18275
18280 18279 18276
18278 18277 18281
18279 18281 18277
18282 18278 18281
18280 18283 18279
18283 18281 18279
18284 18283 18280
18282 18281 18285
18283 18285 18281
18284 18286 18283
18286 18285 18283
18287 18286 18284
18287 18288 18286
18289 18282 18285
18286 18289 18285
18288 18289 18286
18289 18290 18282
18288 18291 18289
18291 18290 18289
18292 18293 18294
18292 18294 18295
18294 18296 18295
18297 18292 18295
18298 18297 18295
18298 18295 18299
18295 18296 18299
18298 18299 18300
18299 18301 18300
18301 18302 18300
18299 18296 18303
18299 18303 18301
18302 18301 18304
18302 18304 18305
18306 18305 18304
18306 18304 18307
18304 18308 18307
18301 18308 18304
18301 18303 18308
18308 18303 18309
18309 18303 18296
18308 18309 18310
18311 18310 18309
18311 18309 18312
18313 18311 18312
18313 18312 18314
18312 18309 18315
18309 18296 18315
18314 18312 18316
18312 18315 18316
18315 18296 18317
18316 18315 18318
18315 18317 18318
18314 18316 18319
18316 18318 18319
18314 18319 18320
18314 18320 18321
18319 18318 18322
18319 18322 18320
18323 18317 18296
18323 18296 18324
18318 18317 18325
18318 18325 18322
18326 18323 18324
18326 18324 18327
18328 18317 18323
18326 18328 18323
18328 18325 18317
18326 18329 18328
18329 18330 18328
18331 18328 18330
18325 18328 18331
18330 18332 18331
18332 18333 18331
18322 18325 18334
18325 18331 18334
18335 18331 18333
18334 18331 18335
18333 18336 18335
18336 18337 18335
18337 18338 18335
18334 18335 18338
18337 18339 18338
18322 18334 18340
18340 18334 18338
18320 18322 18340
18341 18338 18339
18340 18338 18341
18341 18339 18342
18320 18340 18343
18343 18340 18341
18321 18320 18343
18344 18341 18342
18343 18341 18344
18321 18343 18344
18344 18342 18345
18321 18344 18346
18346 18344 18345
18347 18348 18349
18347 18349 18350
18351 18347 18350
18352 18350 18349
18351 18350 18353
18354 18351 18353
18352 18355 18350
18355 18353 18350
18355 18352 18356
18354 18353 18357
18358 18354 18357
18355 18356 18359
18356 18360 18359
18359 18360 18361
18355 18362 18353
18362 18357 18353
18362 18355 18359
18363 18359 18361
18362 18359 18363
18363 18361 18364
18362 18365 18357
18365 18358 18357
18365 18362 18363
18366 18363 18364
18365 18363 18366
18366 18364 18367
18368 18366 18367
18368 18365 18366
18365 18369 18358
18368 18369 18365
18370 18358 18369
18369 18368 18371
18370 18369 18372
18369 18371 18372
18372 18373 18370
18374 18372 18371
18372 18374 18373
18374 18371 18375
18374 18376 18373
18377 18374 18375
18374 18377 18376
18378 18379 18380
18378 18380 18381
18382 18378 18381
18381 18380 18383
18382 18381 18384
18385 18382 18384
18381 18383 18386
18384 18381 18386
18386 18383 18387
18384 18386 18388
18385 18384 18388
18389 18386 18387
18387 18390 18389
18389 18390 18391
18392 18389 18391
18391 18393 18392
18388 18386 18394
18393 18395 18392
18388 18394 18396
18396 18394 18392
18385 18388 18397
18397 18388 18396
18385 18397 18398
18385 18398 18399
18398 18400 18399
18397 18396 18401
18398 18397 18401
18398 18402 18400
18402 18403 18400
18404 18402 18398
18398 18401 18404
18405 18403 18402
18404 18405 18402
18406 18403 18405
18406 18405 18407
18405 18408 18407
18405 18404 18408
18404 18409 18408
18404 18401 18409
18401 18396 18410
18401 18410 18409
18396 18392 18410
18411 18409 18410
18392 18411 18410
18409 18411 18412
18411 18413 18412
18392 18414 18411
18411 18414 18413
18395 18414 18392
18414 18395 18413
18415 18416 18417
18415 18417 18418
18419 18415 18418
18419 18418 18420
18417 18421 18418
18418 18421 18420
18422 18421 18423
18424 18422 18423
18421 18422 18425
18424 18426 18422
18426 18425 18422
18426 18427 18425
18428 18429 18430
18428 18430 18431
18430 18429 18432
18430 18433 18431
18430 18432 18434
18434 18432 18435
18430 18436 18433
18436 18430 18434
18436 18437 18433
18434 18435 18438
18438 18435 18439
18436 18434 18440
18440 18434 18438
18441 18437 18436
18441 18436 18440
18438 18439 18442
18442 18439 18443
18440 18438 18444
18444 18438 18442
18442 18443 18445
18445 18443 18446
18437 18441 18447
18437 18447 18448
18447 18449 18448
18450 18441 18440
18450 18440 18444
18444 18442 18451
18451 18442 18445
18445 18446 18452
18453 18452 18446
18453 18454 18452
18455 18445 18452
18451 18445 18455
18454 18456 18452
18455 18452 18456
18454 18457 18456
18457 18458 18456
18458 18455 18456
18458 18451 18455
18459 18444 18451
18458 18459 18451
18459 18450 18444
18459 18458 18460
18459 18460 18461
18459 18461 18462
18450 18459 18462
18460 18463 18461
18463 18462 18461
18460 18464 18463
18465 18463 18464
18465 18466 18463
18466 18465 18467
18463 18468 18462
18466 18468 18463
18450 18462 18469
18468 18469 18462
18466 18467 18470
18471 18470 18467
18466 18472 18468
18472 18466 18470
18473 18470 18471
18472 18470 18473
18473 18471 18474
18475 18473 18474
18475 18472 18473
18475 18474 18476
18472 18477 18468
18468 18477 18469
18450 18469 18478
18441 18450 18478
18441 18478 18447
18469 18479 18478
18469 18477 18479
18479 18447 18478
18472 18480 18477
18475 18480 18472
18479 18477 18480
18481 18475 18476
18481 18476 18482
18483 18481 18482
18475 18484 18480
18479 18480 18484
18475 18481 18484
18479 18485 18447
18485 18479 18484
18447 18485 18449
18486 18449 18485
18485 18484 18487
18481 18487 18484
18486 18485 18487
18483 18488 18481
18481 18488 18487
18488 18486 18487
18483 18489 18488
18488 18489 18486
18490 18491 18492
18490 18492 18493
18492 18491 18494
18492 18495 18493
18492 18494 18496
18494 18497 18496
18492 18498 18495
18498 18492 18496
18498 18499 18495
18498 18500 18499
18500 18501 18499
18498 18496 18502
18500 18498 18502
18496 18497 18503
18496 18503 18502
18500 18504 18501
18504 18505 18501
18500 18502 18506
18502 18503 18506
18504 18500 18506
18497 18507 18503
18506 18503 18507
18497 18508 18507
18504 18509 18505
18509 18510 18505
18504 18506 18511
18509 18504 18511
18508 18512 18507
18508 18513 18512
18513 18514 18512
18512 18514 18515
18516 18506 18507
18512 18516 18507
18515 18516 18512
18516 18511 18506
18515 18517 18516
18517 18518 18516
18516 18518 18511
18517 18519 18518
18509 18520 18510
18520 18521 18510
18509 18511 18522
18518 18522 18511
18520 18509 18522
18519 18523 18518
18518 18523 18522
18519 18524 18523
18521 18520 18525
18520 18522 18525
18523 18525 18522
18521 18525 18526
18524 18527 18523
18523 18527 18525
18527 18526 18525
18524 18528 18527
18528 18526 18527
18529 18530 18531
18532 18530 18529
18532 18529 18533
18529 18534 18533
18529 18535 18534
18536 18535 18529
18529 18531 18537
18536 18529 18537
18537 18531 18538
18539 18536 18537
18537 18538 18540
18539 18537 18540
18541 18542 18543
18541 18543 18544
18541 18545 18542
18541 18544 18546
18541 18547 18545
18541 18546 18548
18541 18549 18547
18541 18548 18550
18541 18551 18549
18541 18550 18551
