byte offset: 0
first index: 0
index count: 35352
topology: trianglelist
format: DXGI_FORMAT_R16_UINT

0 1 2
3 4 1
3 5 4
1 4 6
7 4 5
6 4 7
3 1 8
9 3 8
3 10 5
10 3 11
9 8 12
9 12 13
13 12 14
12 8 14
8 15 14
15 16 14
15 17 16
18 17 15
19 8 1
8 19 15
18 15 20
20 15 19
19 1 21
21 20 19
11 22 10
11 23 22
22 23 24
10 22 24
10 24 25
25 24 26
25 26 27
10 25 28
27 28 25
28 5 10
20 29 18
29 30 18
29 31 30
32 31 29
20 33 29
33 32 29
34 32 33
34 35 32
34 36 35
34 37 36
38 33 20
21 38 20
39 34 33
39 33 38
21 40 38
41 40 21
39 38 42
42 38 40
43 37 34
44 37 43
39 45 34
39 42 45
46 44 43
47 44 46
43 48 46
34 49 43
45 49 34
49 48 43
45 50 49
45 42 50
48 49 51
49 50 51
48 51 52
53 52 51
50 53 51
53 54 52
53 55 54
56 52 54
57 53 50
53 57 55
58 50 42
58 57 50
59 56 54
54 55 59
42 60 58
42 40 60
55 57 61
57 58 61
59 62 56
56 62 63
64 56 63
63 65 64
59 66 62
67 66 59
55 67 59
66 67 68
69 66 68
70 69 68
71 69 70
72 71 70
71 72 73
74 55 61
75 67 55
75 55 74
68 67 76
76 67 75
68 77 70
77 68 76
76 75 78
78 75 74
79 78 74
61 80 74
61 58 80
81 72 70
70 77 81
82 77 76
78 82 76
79 74 83
74 80 83
80 58 84
84 58 60
80 85 83
79 83 85
84 85 80
84 86 85
86 79 85
87 84 60
87 86 84
87 60 88
87 88 89
88 60 90
88 90 89
78 91 82
92 78 79
92 91 78
91 93 82
82 93 77
94 91 92
93 91 94
93 94 95
96 93 95
93 96 77
94 97 95
97 94 92
77 96 81
81 96 98
98 96 95
98 72 81
79 99 92
97 92 99
99 79 100
86 100 79
97 99 101
101 99 100
97 102 95
102 97 101
103 72 98
103 98 104
73 72 103
103 104 73
73 104 105
105 104 106
95 107 98
104 98 107
106 104 108
108 109 106
107 110 104
104 110 108
95 110 107
111 109 108
108 110 111
112 109 111
113 109 112
113 112 114
111 110 115
95 115 110
111 115 112
95 116 115
112 115 116
117 116 95
118 117 95
114 112 119
119 120 114
121 120 119
121 122 120
121 123 122
124 116 117
116 125 112
124 125 116
112 125 126
112 126 119
126 125 124
127 121 119
127 119 126
128 123 121
127 128 121
129 117 118
129 124 117
124 130 126
126 130 127
124 131 130
124 129 131
132 127 130
131 132 130
123 128 133
123 133 134
133 135 134
135 133 136
133 137 136
128 137 133
127 138 128
138 127 132
128 138 137
138 132 139
138 139 137
129 140 131
131 141 132
140 141 131
132 142 139
132 141 142
143 141 140
142 141 143
142 143 144
142 145 139
144 145 142
145 137 139
143 146 144
129 147 140
118 147 129
148 137 145
137 148 136
149 148 145
150 149 145
151 143 140
151 140 147
118 152 147
152 118 95
152 153 147
151 147 153
152 154 153
152 95 154
154 155 153
155 151 153
148 156 136
149 156 148
95 157 154
154 157 155
155 158 151
159 143 151
158 159 151
155 157 160
158 155 160
158 161 159
158 160 162
158 162 161
163 143 159
161 163 159
164 160 157
162 160 164
161 162 165
161 166 163
165 166 161
167 163 166
167 168 163
163 168 143
167 166 169
169 166 165
165 170 169
171 165 162
162 164 171
170 165 171
143 168 172
167 172 168
143 172 146
146 172 173
173 172 167
146 173 174
150 146 174
175 173 167
174 173 175
150 174 176
150 176 149
174 175 177
178 174 177
178 176 174
178 149 176
178 179 149
179 156 149
179 180 156
181 156 180
136 156 181
182 180 179
183 182 179
184 183 179
185 183 184
185 184 186
175 185 186
180 187 181
182 188 180
188 187 180
181 189 136
187 189 181
190 182 183
188 182 190
189 191 136
136 191 192
192 193 136
191 189 194
195 194 189
195 189 187
196 194 195
197 196 195
198 196 197
199 195 187
197 195 199
200 197 199
201 198 197
201 197 200
202 198 201
187 203 199
200 199 203
188 203 187
204 202 201
204 201 200
205 202 204
206 203 188
188 190 206
200 203 207
203 206 207
204 208 205
205 208 209
208 210 209
211 210 208
210 211 212
213 212 211
200 207 214
204 200 215
200 214 215
216 204 215
216 208 204
214 216 215
217 208 216
217 211 208
206 218 207
207 218 214
214 218 219
214 220 216
220 217 216
214 219 220
206 221 218
221 219 218
206 222 221
221 222 219
206 190 222
190 223 222
190 183 223
183 224 223
183 185 224
185 225 224
226 223 224
225 226 224
222 223 227
226 227 223
228 222 227
222 228 219
228 227 229
229 227 226
230 219 228
229 230 228
229 226 231
229 231 230
232 219 230
220 219 232
230 233 232
231 234 230
232 235 220
232 233 235
220 235 217
231 226 236
225 236 226
231 236 237
237 234 231
237 236 225
238 217 235
238 211 217
239 235 233
238 235 239
238 239 240
238 241 211
240 241 238
213 211 241
242 213 241
240 242 241
242 243 213
244 243 242
240 244 242
244 245 243
239 233 246
246 233 230
244 247 245
245 247 248
249 248 247
250 248 249
251 247 244
240 251 244
240 239 252
252 239 246
249 253 250
250 253 254
254 253 255
255 253 256
257 253 249
256 258 257
249 259 257
260 249 247
251 260 247
261 251 240
240 252 261
262 251 261
262 260 251
263 249 260
249 263 259
252 264 261
261 264 262
262 265 260
263 260 265
266 264 252
252 246 266
246 267 266
246 230 267
262 268 265
262 264 269
269 268 262
269 264 270
264 266 270
271 263 265
271 265 268
268 272 271
273 268 269
269 270 273
270 274 273
266 275 270
275 274 270
266 267 276
276 275 266
277 263 271
271 272 277
278 268 273
278 272 268
273 279 278
274 279 273
279 272 278
267 280 276
230 280 267
275 276 281
281 274 275
281 276 282
282 276 280
277 283 263
259 263 283
284 274 281
282 284 281
285 279 274
286 279 285
286 272 279
274 287 285
284 287 274
287 288 285
282 280 289
290 284 282
289 290 282
291 284 290
284 291 287
289 280 292
230 292 280
292 230 293
291 290 294
294 290 289
289 292 295
293 295 292
289 295 296
289 296 294
230 297 293
234 297 230
298 297 234
237 298 234
299 296 295
299 295 293
298 300 297
297 300 293
301 298 237
237 225 301
302 300 298
301 302 298
293 300 303
302 303 300
225 304 301
302 301 304
225 305 304
306 293 303
293 306 299
306 307 299
303 302 308
306 303 308
309 306 308
306 309 310
309 308 311
308 302 312
311 308 312
302 304 312
311 312 313
304 313 312
299 310 314
299 314 296
296 314 315
314 310 315
316 313 304
317 316 304
296 315 318
294 296 318
294 318 319
291 294 319
320 291 319
318 320 319
320 321 291
291 321 287
287 321 322
287 322 288
322 321 323
288 322 323
320 324 321
323 321 324
175 316 317
175 317 185
185 317 225
167 316 175
167 313 316
325 313 167
169 325 167
326 313 325
326 327 313
328 325 169
328 326 325
169 170 328
327 326 329
327 329 330
310 330 329
328 331 326
170 331 328
326 331 329
310 329 332
315 310 332
329 331 333
329 333 332
333 331 170
315 332 334
332 333 334
315 334 335
333 170 336
333 336 334
337 336 170
171 337 170
336 338 334
338 336 337
335 334 339
334 338 339
171 340 337
340 171 164
340 164 341
341 164 157
337 340 342
342 340 341
157 343 341
157 95 343
343 344 341
341 344 342
95 345 343
343 345 344
95 346 345
345 346 344
102 346 95
338 337 347
337 342 347
342 344 348
346 348 344
349 346 102
349 102 101
342 350 347
342 348 350
351 338 347
351 347 350
348 346 352
346 349 352
350 348 353
353 348 352
353 351 350
354 349 101
101 100 354
349 355 352
352 355 353
355 349 354
100 356 354
356 100 86
357 355 354
354 356 357
353 355 358
357 358 355
86 359 356
359 86 87
360 357 356
360 358 357
360 356 359
353 358 361
353 361 351
362 359 87
89 362 87
363 359 362
360 359 363
89 363 362
358 364 361
360 364 358
361 365 351
364 365 361
360 366 364
360 363 366
366 365 364
367 366 363
351 365 368
368 365 369
366 369 365
367 369 366
89 370 363
367 363 370
371 370 89
367 370 371
371 89 372
89 90 372
372 373 371
367 371 374
373 374 371
90 6 372
6 373 372
90 41 6
41 1 6
41 90 40
40 90 375
6 7 373
374 324 367
374 373 323
323 324 374
367 324 376
320 376 324
367 376 369
373 377 323
373 7 377
377 288 323
320 378 376
378 369 376
378 320 318
377 7 379
379 7 5
378 380 369
369 380 381
318 335 378
378 335 380
382 335 318
380 335 339
380 339 381
338 381 339
338 351 381
379 383 377
383 384 377
379 5 385
385 383 379
385 5 386
28 386 5
387 386 28
386 387 385
387 28 388
27 388 28
388 27 389
389 27 390
389 390 391
392 389 391
388 389 393
393 389 392
388 393 387
392 394 393
394 395 393
396 395 394
387 393 397
393 395 397
385 387 398
397 398 387
399 385 398
383 385 399
396 400 395
397 395 401
400 401 395
397 402 398
401 402 397
402 403 398
398 403 399
401 404 402
403 402 404
405 400 396
406 405 396
400 407 401
401 407 404
400 405 408
408 407 400
408 405 409
410 408 409
411 408 410
411 412 408
412 407 408
407 412 413
404 407 413
413 412 414
283 404 413
414 283 413
283 277 404
403 404 277
277 272 403
272 399 403
286 399 272
259 283 414
286 383 399
259 414 415
259 415 416
415 414 417
418 383 286
419 418 286
288 383 418
288 418 419
420 421 422
423 421 424
425 421 423
425 423 426
427 421 425
428 427 425
427 428 429
430 429 428
421 427 431
429 431 427
432 429 430
433 432 430
431 434 421
435 421 434
436 435 434
437 434 431
436 434 438
439 436 438
434 440 438
439 438 441
441 438 442
438 440 442
441 442 443
444 431 429
444 429 432
431 445 440
431 444 445
440 446 442
445 446 440
442 447 443
442 446 447
444 432 448
449 445 444
449 444 448
445 450 446
445 449 450
446 451 447
446 450 451
447 452 443
451 452 447
443 452 453
451 454 452
448 432 455
455 432 456
457 455 456
458 449 448
458 448 455
458 450 449
457 459 455
459 458 455
460 459 457
451 461 454
450 461 451
462 450 458
450 462 461
463 454 461
463 464 454
458 465 462
459 465 458
466 461 462
466 463 461
462 465 466
460 467 459
460 468 467
469 464 463
469 470 464
471 470 469
459 472 465
459 467 472
473 463 466
473 469 463
465 474 466
474 465 472
466 474 473
467 468 475
476 475 468
477 472 467
477 467 475
475 478 477
472 479 474
479 473 474
472 477 479
480 469 473
480 473 479
477 481 479
478 481 477
481 480 479
476 482 475
475 482 478
483 469 480
471 469 483
481 484 480
483 480 484
471 483 485
483 484 485
471 485 486
485 487 486
485 488 487
484 488 485
484 489 488
484 490 489
484 481 490
478 490 481
491 490 478
492 478 482
491 478 493
493 478 492
491 493 494
494 495 491
494 493 496
492 496 493
497 494 496
497 496 498
492 482 499
499 482 476
499 476 500
501 496 492
499 501 492
500 502 499
499 502 501
500 503 502
496 501 504
504 501 502
496 504 498
505 502 503
504 502 505
505 503 506
507 505 506
505 508 504
507 508 505
504 509 498
510 509 504
511 508 510
507 512 508
507 513 512
512 513 514
498 509 515
515 516 498
510 508 517
517 508 512
509 510 518
518 510 517
509 518 515
517 512 519
519 512 514
519 518 517
514 520 519
521 520 514
520 521 522
522 521 523
524 519 520
524 520 522
525 518 519
525 519 524
515 518 526
518 525 526
522 523 527
527 523 528
529 527 528
524 522 530
524 530 531
532 530 522
532 522 527
533 525 524
525 533 534
526 525 534
534 533 531
515 526 535
535 526 534
536 527 529
536 532 527
537 534 531
534 537 535
515 535 538
515 538 516
529 539 536
529 540 539
540 541 539
539 541 542
543 542 541
536 539 544
539 542 544
537 531 545
545 531 546
536 544 547
536 547 532
538 548 516
516 548 549
516 549 494
538 550 548
538 535 550
550 535 551
537 551 535
552 551 537
537 545 552
552 545 553
545 554 553
555 554 545
545 546 555
556 554 555
546 556 555
557 554 556
546 532 556
558 557 556
559 556 532
558 556 559
559 532 547
558 559 560
547 561 559
560 559 561
561 562 560
547 544 561
563 562 561
544 563 561
563 564 562
544 565 563
544 542 565
566 564 563
565 566 563
542 567 565
565 567 566
567 542 543
568 564 566
568 566 567
568 569 564
543 570 567
568 567 570
543 571 570
572 569 568
572 568 570
573 569 572
574 573 572
575 570 571
572 570 575
575 571 576
575 576 577
574 572 578
578 572 575
579 574 578
575 577 580
578 575 580
579 578 581
581 578 580
581 582 579
583 580 577
581 580 583
583 577 584
581 585 582
583 585 581
586 582 585
584 587 583
583 587 585
584 588 587
589 587 588
586 585 590
590 585 587
590 587 589
590 591 586
590 589 591
591 592 593
592 594 593
593 594 595
596 595 594
596 594 597
598 596 597
598 597 599
600 598 599
600 601 598
600 602 601
600 603 602
602 603 604
602 604 605
606 605 604
606 604 607
608 606 607
608 609 606
610 609 608
610 608 611
611 612 610
611 613 612
614 612 613
615 612 614
614 616 615
615 616 617
616 614 618
617 616 619
620 616 618
619 616 620
620 618 621
620 622 619
620 621 623
623 622 620
622 623 624
622 624 625
626 624 623
627 624 626
627 628 624
629 628 627
629 630 628
631 630 629
631 629 632
632 633 631
631 633 634
633 635 634
634 635 636
637 636 635
637 638 636
639 638 637
639 640 638
641 640 639
641 642 640
641 643 642
644 645 646
645 647 648
649 645 648
650 645 649
648 647 651
647 652 651
653 651 652
648 654 649
651 654 648
651 653 655
655 653 656
655 656 657
651 658 654
659 658 651
660 658 659
661 660 655
661 656 662
661 662 663
649 654 664
654 658 665
665 664 654
660 666 658
666 665 658
667 665 666
649 664 668
649 668 650
669 664 665
669 665 667
668 664 670
670 664 669
671 661 663
661 672 660
671 672 661
660 673 666
660 672 673
667 666 674
673 674 666
673 672 675
672 671 675
663 676 671
663 677 676
674 673 678
673 675 678
675 671 679
676 679 671
677 680 676
677 681 680
678 675 682
682 675 679
676 683 679
684 676 680
684 683 676
683 685 679
682 679 685
686 683 684
683 686 685
680 687 684
681 688 680
680 688 687
686 684 689
689 684 687
685 686 690
682 685 691
685 690 691
692 690 686
692 686 689
693 691 690
693 690 692
693 692 694
692 695 694
693 696 691
697 692 689
696 698 691
682 691 698
696 699 698
698 700 682
700 678 682
698 699 701
698 701 700
701 699 702
703 678 700
701 703 700
701 702 704
701 704 703
705 704 702
705 706 704
707 704 706
707 703 704
703 708 678
674 678 708
703 709 708
709 674 708
707 709 703
674 709 667
706 710 707
711 710 706
712 709 707
709 712 667
713 707 710
712 707 713
710 711 714
714 713 710
715 713 714
667 712 716
716 712 713
714 711 717
713 715 718
716 713 718
667 716 719
669 667 719
720 716 718
720 719 716
669 719 720
715 720 718
720 670 669
714 717 721
715 714 721
720 722 670
720 715 722
670 722 723
715 724 722
724 723 722
715 721 725
715 725 724
670 723 726
670 726 668
726 727 668
727 650 668
650 727 728
650 728 729
728 730 729
728 727 731
730 728 732
730 732 733
732 728 734
732 731 735
736 732 735
733 737 736
736 735 738
727 739 734
735 734 739
740 727 726
727 740 739
741 740 726
741 739 740
741 726 723
742 735 739
743 735 742
742 739 744
741 744 739
743 742 745
744 745 742
743 745 746
741 723 747
747 723 724
741 748 744
741 747 748
744 748 745
746 745 749
746 749 750
750 749 751
724 752 747
748 747 752
748 753 745
745 753 749
748 752 753
751 749 754
753 754 749
754 755 751
756 754 753
752 756 753
754 756 755
757 752 724
757 724 725
752 758 756
752 757 758
758 757 759
725 760 757
757 760 759
721 760 725
761 760 721
759 760 761
761 721 762
721 717 762
758 763 756
763 755 756
758 759 764
758 764 763
764 765 763
764 759 765
766 755 763
766 763 765
767 765 759
766 768 755
755 768 769
769 768 770
771 766 765
771 768 766
768 771 772
770 768 773
768 772 773
771 765 774
774 772 771
770 773 775
776 773 772
776 775 773
770 775 777
777 775 778
776 778 775
776 779 778
777 778 780
780 781 777
782 781 770
770 781 783
784 776 772
784 785 776
776 785 786
784 772 787
774 787 772
788 784 787
788 787 774
788 789 784
788 774 790
765 790 774
791 789 788
791 788 790
792 790 765
792 765 793
791 790 794
790 792 794
793 795 792
794 792 796
796 792 795
797 795 793
796 795 798
798 795 797
791 794 799
794 796 800
799 794 800
800 801 799
799 802 791
801 802 799
803 789 791
791 802 803
804 789 803
802 804 803
805 789 804
789 805 806
806 805 785
807 804 802
802 801 807
808 800 796
796 809 808
796 798 809
798 810 809
798 797 810
811 807 801
811 812 807
800 813 801
814 800 808
800 814 813
815 808 809
809 810 816
815 809 816
817 814 808
817 808 815
810 797 818
810 819 816
818 819 810
820 815 816
820 816 821
821 822 820
821 823 822
824 817 815
824 815 820
820 825 824
826 825 820
827 814 817
817 828 827
827 828 829
829 824 830
829 830 831
814 827 832
829 832 827
814 832 813
831 833 829
834 833 831
829 833 835
835 832 829
835 833 834
832 836 813
832 835 836
834 837 835
836 835 837
837 838 836
837 839 838
839 837 834
813 836 840
836 838 840
840 801 813
841 801 840
811 801 841
838 842 840
842 841 840
843 842 838
844 842 843
841 842 845
844 845 842
811 841 846
841 845 846
811 846 847
846 848 847
847 848 849
844 850 845
851 845 850
851 850 848
844 852 850
844 853 852
854 853 844
855 854 844
854 855 856
855 838 856
853 854 857
854 856 857
858 853 857
859 853 858
859 860 853
861 852 859
861 862 852
863 850 861
863 861 864
838 865 856
866 865 838
867 865 866
838 839 866
839 868 866
869 868 839
867 866 870
866 868 870
869 871 868
872 871 869
868 871 873
873 870 868
873 871 874
873 875 870
875 873 874
867 870 875
875 874 876
875 876 877
867 875 877
877 876 878
867 879 865
879 880 865
865 880 856
880 881 856
879 881 880
856 881 882
877 883 867
879 867 884
884 867 883
884 885 879
886 884 883
885 884 886
883 877 887
886 883 887
887 877 888
878 889 887
890 881 879
879 885 890
887 889 891
887 891 886
882 881 892
892 881 890
892 890 893
890 885 894
890 894 895
896 891 889
889 897 896
896 897 898
896 898 899
899 898 900
901 891 896
899 901 896
902 899 900
902 900 903
899 904 901
904 891 901
899 902 904
905 902 903
905 903 906
904 907 891
886 891 907
907 908 886
909 904 902
904 909 907
909 902 905
910 905 906
910 906 911
907 909 912
912 908 907
905 913 909
905 910 913
912 909 913
914 886 908
885 886 914
915 885 914
908 915 914
915 916 885
913 910 917
917 910 918
919 918 910
913 917 920
917 921 920
912 913 922
922 913 920
920 921 923
923 921 924
925 922 920
925 912 922
925 920 923
925 926 912
923 926 925
926 908 912
923 927 926
924 927 923
926 928 908
927 928 926
928 929 908
928 930 929
929 930 931
932 928 927
924 932 927
932 933 928
933 934 928
934 935 931
933 935 934
933 936 935
932 936 933
932 937 936
924 937 938
924 939 937
924 940 939
924 941 940
940 941 942
942 941 917
943 944 945
945 946 947
945 947 948
948 947 949
947 950 949
947 951 950
950 951 952
950 952 953
953 952 954
953 954 955
955 954 956
955 956 957
957 956 958
959 960 961
959 962 963
964 962 959
964 965 962
966 965 964
966 964 967
968 969 970
971 969 972
971 972 973
973 972 974
973 974 975
976 977 969
978 977 976
978 979 977
980 981 982
983 984 981
983 981 985
983 985 986
983 986 987
987 986 988
987 988 989
989 988 990
989 990 991
992 991 990
992 990 993
994 992 993
994 993 995
988 996 990
993 990 996
986 997 988
988 997 996
993 996 998
998 999 993
985 1000 986
986 1000 997
997 1001 996
998 996 1001
997 1002 1001
1000 1002 997
998 1001 1003
1000 1004 1002
998 1005 999
1003 1005 998
1003 1006 1005
1005 1006 1007
1005 1008 999
1005 1007 1009
1005 1009 1008
1009 1010 1008
1009 1011 1010
1012 1004 1000
1012 1013 1004
985 1012 1000
1014 1013 1012
1015 1012 985
1014 1012 1015
1015 985 1016
1017 1014 1015
1017 1015 1016
1017 1016 1018
1018 1019 1017
1018 1020 1019
1021 1016 1022
1022 1023 1018
1024 1025 1026
1027 1028 1029
1030 1027 1031
1030 1031 1032
1033 1030 1032
1033 1034 1030
1034 1033 1035
1034 1035 1036
1032 1031 1037
1031 1038 1037
1032 1037 1039
1040 1032 1039
1040 1041 1032
1036 1035 1042
1036 1042 1043
1035 1044 1042
1035 1045 1044
1042 1044 1046
1043 1042 1047
1042 1046 1047
1043 1047 1048
1047 1049 1048
1046 1050 1047
1047 1050 1049
1046 1051 1050
1050 1052 1049
1051 1053 1050
1050 1053 1052
1051 1054 1053
1054 1055 1053
1053 1056 1052
1055 1056 1053
1057 1056 1055
1058 1056 1057
1057 1059 1058
1058 1059 1060
1059 1061 1060
1060 1061 1062
1062 1061 1063
1063 1061 1064
1063 1064 1065
1066 1067 1068
1069 1067 1070
1069 1070 1071
1072 1073 1074
1075 1076 1073
1077 1076 1075
1077 1078 1076
1078 1077 1079
1078 1079 1080
1080 1079 1081
1082 1076 1078
1082 1078 1080
1082 1083 1076
1083 1084 1076
1083 1085 1084
1082 1080 1086
1080 1081 1087
1086 1080 1087
1087 1081 1088
1086 1087 1089
1087 1088 1090
1089 1087 1090
1090 1088 1091
1089 1090 1092
1090 1091 1093
1092 1090 1093
1093 1091 1094
1092 1093 1095
1093 1094 1096
1095 1093 1096
1095 1096 1097
1096 1094 1098
1097 1096 1099
1096 1098 1099
1097 1099 1100
1099 1101 1100
1102 1099 1098
1099 1102 1101
1102 1098 1103
1102 1103 1104
1101 1102 1105
1102 1104 1105
1101 1105 1106
1105 1104 1107
1106 1105 1108
1105 1107 1108
1106 1108 1109
1108 1107 1110
1109 1108 1111
1108 1110 1111
1109 1111 1112
1111 1110 1113
1112 1111 1114
1111 1113 1114
1112 1114 1115
1114 1116 1115
1117 1114 1113
1114 1117 1116
1117 1113 1118
1117 1118 1119
1116 1117 1120
1117 1119 1120
1116 1120 1121
1120 1119 1122
1121 1120 1122
1123 1124 1125
1126 1127 1123
1126 1128 1127
1129 1128 1126
1128 1130 1127
1129 1131 1128
1128 1132 1130
1131 1132 1128
1132 1133 1130
1131 1134 1132
1132 1135 1133
1134 1135 1132
1135 1136 1133
1134 1137 1135
1135 1138 1136
1137 1138 1135
1138 1139 1136
1137 1140 1138
1138 1141 1139
1140 1141 1138
1141 1142 1139
1140 1143 1141
1141 1144 1142
1143 1144 1141
1144 1145 1142
1143 1146 1144
1144 1147 1145
1146 1147 1144
1147 1148 1145
1146 1149 1147
1147 1150 1148
1149 1150 1147
1150 1151 1148
1149 1152 1150
1150 1153 1151
1152 1153 1150
1153 1154 1151
1152 1155 1153
1153 1156 1154
1155 1156 1153
1156 1157 1154
1155 1158 1156
1156 1159 1157
1158 1159 1156
1160 1157 1159
1158 1161 1159
1160 1159 1162
1162 1159 1161
1162 1163 1160
1162 1161 1164
1162 1165 1163
1164 1165 1162
1166 1163 1165
1164 1167 1165
1166 1165 1168
1168 1165 1167
1168 1169 1166
1168 1167 1170
1168 1171 1169
1171 1172 1169
1170 1173 1168
1170 1174 1173
1174 1175 1173
1176 1177 1178
1179 1176 1180
1176 1179 1181
1179 1182 1181
1183 1182 1179
1179 1180 1184
1185 1183 1179
1185 1179 1184
1184 1186 1185
1186 1187 1185
1184 1188 1186
1188 1189 1186
1188 1184 1190
1184 1191 1190
1188 1190 1192
1192 1190 1193
1193 1190 1194
1190 1191 1194
1195 1194 1191
1185 1196 1197
1185 1198 1196
1199 1198 1185
1198 1200 1196
1201 1198 1199
1198 1201 1200
1201 1202 1200
1202 1203 1200
1202 1204 1203
1202 1205 1204
1202 1201 1206
1187 1206 1201
1207 1205 1202
1206 1207 1202
1207 1208 1205
1206 1208 1207
1205 1208 1209
1208 1210 1209
1208 1211 1210
1206 1211 1208
1211 1212 1210
1213 1211 1206
1211 1213 1212
1213 1206 1214
1215 1212 1213
1188 1213 1214
1215 1213 1188
1216 1217 1218
1219 1220 1218
1221 1218 1220
1222 1220 1219
1221 1220 1223
1222 1224 1220
1223 1220 1224
1222 1225 1224
1225 1226 1224
1226 1225 1227
1228 1226 1227
1223 1224 1229
1229 1224 1226
1230 1226 1228
1231 1226 1230
1229 1226 1231
1231 1230 1232
1233 1223 1229
1233 1234 1223
1233 1229 1235
1235 1229 1231
1236 1233 1235
1236 1234 1237
1236 1238 1234
1236 1235 1239
1235 1231 1240
1240 1231 1232
1241 1235 1240
1241 1240 1242
1243 1242 1240
1240 1232 1243
1244 1242 1243
1245 1244 1243
1245 1243 1232
1245 1232 1246
1245 1246 1228
1247 1248 1249
1250 1251 1249
1252 1249 1251
1253 1251 1250
1252 1251 1254
1253 1255 1256
1253 1256 1257
1254 1257 1256
1255 1258 1256
1254 1256 1259
1259 1256 1258
1260 1254 1259
1260 1261 1254
1262 1261 1260
1262 1263 1261
1264 1262 1260
1264 1260 1265
1260 1259 1265
1264 1265 1266
1265 1259 1267
1259 1258 1267
1265 1267 1268
1269 1265 1268
1269 1268 1270
1270 1268 1271
1272 1271 1268
1272 1273 1271
1268 1267 1274
1268 1274 1272
1267 1258 1275
1267 1275 1274
1272 1276 1273
1273 1276 1277
1272 1278 1276
1272 1274 1278
1277 1276 1279
1280 1278 1274
1280 1277 1279
1280 1274 1275
1280 1281 1277
1281 1280 1282
1282 1280 1275
1282 1275 1283
1283 1275 1284
1284 1275 1258
1258 1285 1284
1286 1287 1288
1289 1288 1290
1291 1289 1290
1291 1290 1292
1290 1288 1293
1291 1292 1294
1295 1293 1288
1295 1288 1296
1294 1292 1297
1292 1298 1297
1294 1297 1299
1299 1297 1300
1301 1300 1297
1297 1298 1301
1301 1302 1300
1298 1302 1301
1302 1303 1300
1303 1302 1304
1304 1302 1305
1298 1305 1302
1306 1304 1305
1306 1305 1298
1306 1307 1304
1292 1308 1298
1309 1308 1292
1309 1293 1308
1308 1310 1298
1306 1298 1310
1293 1311 1308
1308 1311 1310
1312 1310 1311
1306 1310 1313
1313 1310 1314
1315 1306 1313
1307 1306 1315
1293 1316 1311
1317 1311 1316
1317 1318 1311
1319 1318 1314
1317 1316 1320
1320 1316 1321
1322 1321 1316
1322 1323 1293
1295 1322 1293
1322 1324 1321
1324 1325 1321
1326 1324 1322
1326 1322 1327
1328 1326 1327
1328 1324 1326
1324 1329 1325
1328 1329 1324
1329 1330 1325
1329 1331 1330
1331 1329 1328
1332 1330 1331
1332 1331 1333
1331 1328 1334
1333 1331 1334
1295 1335 1328
1335 1295 1296
1336 1328 1335
1337 1335 1296
1335 1337 1338
1337 1296 1339
1336 1337 1340
1340 1337 1339
1341 1336 1340
1340 1339 1342
1343 1341 1340
1340 1344 1343
1340 1345 1344
1342 1346 1344
1344 1346 1347
1348 1343 1344
1348 1344 1347
1348 1349 1343
1348 1347 1350
1351 1352 1353
1354 1355 1356
1357 1354 1358
1354 1357 1359
1354 1359 1360
1359 1361 1360
1362 1361 1359
1363 1364 1362
1363 1365 1357
1363 1366 1365
1363 1367 1364
1367 1368 1364
1367 1369 1368
1369 1367 1370
1370 1367 1363
1370 1371 1369
1357 1372 1363
1372 1370 1363
1357 1373 1372
1373 1370 1372
1374 1371 1370
1373 1374 1370
1373 1357 1375
1357 1376 1375
1377 1374 1373
1373 1375 1378
1378 1375 1379
1379 1375 1380
1375 1376 1380
1381 1380 1376
1377 1382 1374
1383 1374 1382
1374 1383 1371
1383 1382 1384
1385 1383 1384
1371 1383 1385
1385 1384 1386
1387 1385 1386
1371 1385 1388
1388 1385 1387
1371 1388 1389
1388 1387 1389
1389 1390 1371
1389 1387 1391
1390 1389 1368
1389 1391 1392
1389 1392 1368
1393 1394 1395
1396 1397 1395
1398 1395 1397
1399 1397 1396
1398 1397 1400
1399 1401 1397
1400 1397 1401
1399 1402 1401
1400 1401 1403
1404 1400 1403
1404 1405 1400
1406 1405 1404
1406 1407 1405
1408 1406 1404
1408 1404 1409
1404 1403 1409
1408 1409 1410
1403 1401 1411
1412 1411 1401
1411 1412 1413
1409 1403 1414
1403 1411 1414
1410 1409 1415
1409 1414 1415
1410 1415 1416
1416 1415 1417
1413 1418 1411
1414 1411 1418
1419 1418 1413
1420 1418 1419
1415 1414 1421
1414 1418 1421
1422 1417 1415
1415 1421 1422
1423 1417 1422
1420 1424 1418
1424 1421 1418
1425 1424 1420
1424 1425 1426
1424 1427 1421
1422 1421 1427
1424 1426 1427
1422 1428 1423
1423 1428 1426
1426 1428 1427
1422 1427 1428
1429 1430 1431
1432 1429 1433
1429 1432 1434
1432 1435 1434
1436 1435 1432
1432 1433 1437
1438 1436 1432
1438 1432 1437
1437 1439 1438
1437 1440 1439
1439 1441 1438
1440 1441 1439
1440 1437 1442
1437 1443 1442
1440 1442 1444
1444 1442 1445
1445 1442 1446
1442 1443 1446
1447 1446 1443
1440 1448 1441
1449 1448 1440
1449 1450 1448
1451 1448 1450
1451 1450 1452
1448 1451 1453
1448 1453 1441
1454 1451 1452
1453 1451 1454
1454 1452 1455
1456 1454 1455
1457 1454 1456
1453 1454 1457
1457 1456 1458
1453 1457 1458
1458 1456 1459
1458 1459 1460
1458 1460 1461
1458 1462 1453
1441 1453 1462
1462 1458 1461
1462 1463 1441
1463 1462 1461
1441 1463 1438
1463 1461 1464
1438 1463 1464
1438 1464 1465
1466 1467 1468
1469 1468 1470
1471 1469 1470
1470 1468 1472
1471 1470 1473
1471 1473 1474
1470 1472 1475
1470 1475 1473
1472 1476 1475
1472 1477 1476
1478 1477 1472
1478 1479 1477
1480 1477 1479
1481 1477 1480
1481 1476 1477
1481 1482 1476
1473 1475 1483
1473 1483 1484
1485 1473 1484
1485 1484 1486
1486 1484 1487
1488 1487 1484
1484 1489 1488
1484 1483 1489
1475 1490 1483
1475 1491 1490
1492 1490 1491
1490 1492 1493
1483 1490 1494
1493 1494 1490
1483 1494 1489
1495 1494 1493
1496 1494 1495
1496 1497 1494
1497 1489 1494
1498 1497 1496
1497 1498 1499
1488 1489 1500
1497 1500 1489
1497 1499 1500
1488 1500 1501
1499 1501 1500
1502 1501 1499
1503 1501 1502
1502 1487 1503
1504 1505 1479
1506 1507 1508
1509 1510 1508
1511 1508 1510
1512 1510 1509
1511 1510 1513
1512 1514 1510
1513 1510 1514
1512 1515 1514
1513 1514 1516
1516 1514 1517
1518 1517 1514
1517 1518 1519
1516 1517 1520
1521 1516 1520
1519 1522 1517
1520 1517 1522
1523 1522 1519
1524 1522 1523
1524 1525 1522
1526 1525 1524
1525 1526 1527
1520 1522 1528
1525 1528 1522
1525 1527 1529
1525 1529 1528
1530 1520 1528
1521 1520 1530
1527 1531 1529
1532 1531 1527
1533 1528 1529
1533 1529 1531
1533 1531 1532
1530 1528 1533
1532 1534 1533
1533 1534 1530
1535 1530 1534
1536 1530 1535
1536 1521 1530
1537 1521 1538
1537 1539 1521
1539 1540 1521
1539 1513 1540
1537 1541 1539
1539 1542 1513
1541 1542 1539
1541 1543 1542
1544 1545 1546
1544 1547 1548
1544 1548 1549
1544 1549 1550
1549 1551 1550
1552 1551 1549
1553 1549 1548
1553 1554 1549
1548 1555 1553
1553 1556 1552
1555 1557 1553
1553 1558 1556
1557 1558 1553
1558 1559 1556
1560 1558 1557
1558 1560 1559
1557 1561 1560
1560 1562 1559
1562 1560 1561
1562 1563 1559
1562 1564 1563
1562 1565 1564
1566 1565 1562
1561 1567 1562
1566 1568 1565
1565 1568 1569
1568 1570 1569
1561 1571 1567
1568 1572 1570
1561 1572 1571
1572 1573 1570
1574 1572 1561
1572 1574 1573
1575 1573 1574
1574 1561 1576
1575 1574 1577
1577 1574 1576
1577 1576 1578
1579 1577 1578
1577 1580 1581
1577 1581 1582
1582 1581 1583
1580 1584 1581
1583 1581 1585
1581 1584 1585
1586 1585 1584
1587 1588 1589
1590 1589 1591
1592 1590 1591
1591 1589 1593
1592 1591 1594
1592 1594 1595
1591 1593 1596
1591 1596 1594
1593 1597 1596
1593 1598 1597
1599 1598 1593
1599 1600 1598
1601 1598 1600
1602 1598 1601
1602 1597 1598
1602 1603 1597
1596 1597 1604
1605 1604 1597
1604 1605 1606
1594 1596 1607
1596 1604 1607
1606 1608 1604
1607 1604 1608
1609 1608 1606
1610 1608 1609
1594 1607 1611
1612 1594 1611
1612 1611 1613
1613 1611 1614
1610 1615 1608
1616 1615 1610
1607 1608 1617
1611 1607 1617
1615 1617 1608
1618 1614 1611
1611 1617 1618
1619 1614 1618
1615 1620 1617
1618 1617 1620
1615 1621 1620
1622 1616 1621
1618 1623 1619
1618 1620 1623
1621 1623 1620
1619 1623 1621
1624 1625 1600
1626 1627 1628
1629 1628 1630
1631 1629 1630
1630 1628 1632
1631 1630 1633
1631 1633 1634
1630 1632 1635
1630 1635 1633
1634 1633 1636
1634 1636 1637
1637 1636 1638
1633 1635 1639
1633 1639 1636
1640 1638 1636
1641 1638 1640
1636 1639 1642
1636 1642 1640
1640 1643 1641
1641 1643 1644
1640 1645 1643
1644 1643 1645
1640 1642 1645
1646 1644 1645
1646 1645 1642
1646 1647 1644
1647 1646 1648
1649 1648 1646
1646 1642 1650
1649 1646 1650
1639 1650 1642
1649 1650 1651
1639 1652 1650
1651 1650 1652
1652 1653 1651
1635 1652 1639
1653 1652 1654
1635 1654 1652
1632 1654 1635
1632 1655 1654
1656 1655 1632
1656 1657 1655
1658 1655 1657
1659 1655 1658
1659 1654 1655
1659 1660 1654
1661 1662 1657
1663 1664 1665
1666 1667 1663
1663 1668 1666
1663 1667 1669
1669 1670 1663
1669 1671 1670
1669 1672 1671
1673 1668 1663
1673 1663 1674
1673 1674 1675
1676 1668 1673
1673 1675 1676
1677 1668 1676
1676 1675 1678
1676 1679 1677
1676 1678 1679
1680 1669 1681
1680 1682 1669
1683 1682 1680
1671 1682 1684
1683 1684 1682
1671 1684 1685
1683 1686 1684
1684 1686 1685
1687 1688 1689
1690 1691 1687
1687 1692 1690
1690 1692 1693
1694 1690 1693
1690 1695 1691
1696 1690 1694
1696 1695 1690
1695 1696 1697
1697 1696 1698
1695 1697 1699
1699 1697 1700
1699 1701 1695
1695 1701 1702
1699 1703 1701
1703 1704 1701
1704 1705 1701
1701 1705 1702
1706 1702 1705
1696 1707 1708
1696 1708 1709
1710 1696 1709
1709 1708 1711
1712 1710 1709
1709 1711 1712
1712 1711 1713
1713 1711 1714
1713 1714 1715
1713 1715 1716
1713 1717 1712
1698 1712 1717
1718 1713 1716
1717 1713 1718
1718 1716 1719
1717 1718 1719
1716 1720 1719
1719 1720 1721
1719 1721 1722
1717 1719 1722
1722 1721 1723
1724 1717 1722
1722 1723 1724
1724 1725 1717
1726 1724 1723
1699 1725 1724
1726 1699 1724
1727 1728 1729
1730 1728 1731
1732 1731 1728
1733 1730 1731
1732 1734 1731
1733 1731 1735
1734 1735 1731
1733 1735 1736
1736 1735 1737
1737 1738 1736
1739 1738 1737
1734 1740 1735
1740 1737 1735
1741 1739 1737
1742 1739 1741
1743 1741 1737
1740 1743 1737
1744 1740 1734
1744 1734 1745
1744 1746 1740
1746 1743 1740
1747 1746 1744
1747 1748 1745
1747 1745 1749
1747 1750 1746
1742 1741 1751
1743 1751 1741
1746 1752 1743
1752 1751 1743
1753 1752 1746
1753 1754 1752
1742 1751 1755
1752 1755 1751
1755 1752 1754
1742 1755 1756
1756 1755 1754
1757 1758 1759
1760 1758 1761
1762 1761 1758
1763 1760 1761
1762 1764 1761
1763 1761 1765
1764 1765 1761
1763 1765 1766
1766 1765 1767
1764 1768 1765
1768 1767 1765
1769 1768 1764
1769 1764 1770
1771 1769 1770
1771 1770 1772
1773 1769 1771
1773 1774 1769
1769 1774 1768
1773 1775 1774
1774 1776 1768
1768 1776 1767
1774 1777 1776
1778 1777 1774
1778 1779 1777
1779 1780 1777
1781 1777 1780
1781 1780 1782
1777 1783 1776
1777 1781 1783
1776 1784 1767
1776 1783 1784
1781 1782 1785
1782 1786 1785
1781 1785 1787
1781 1787 1783
1786 1787 1785
1788 1783 1787
1788 1787 1786
1788 1784 1783
1789 1767 1784
1767 1789 1790
1791 1789 1784
1792 1791 1784
1792 1784 1788
1793 1792 1788
1794 1786 1793
1795 1796 1797
1798 1799 1796
1800 1799 1798
1800 1801 1799
1800 1802 1801
1802 1803 1801
1801 1803 1804
1802 1805 1803
1805 1806 1803
1799 1801 1807
1801 1804 1807
1799 1808 1796
1799 1807 1808
1809 1803 1806
1803 1809 1804
1809 1806 1810
1804 1809 1810
1810 1806 1811
1811 1812 1810
1812 1813 1810
1804 1810 1813
1814 1813 1812
1814 1804 1813
1814 1812 1815
1807 1804 1816
1814 1816 1804
1817 1796 1808
1817 1818 1796
1807 1816 1819
1808 1807 1819
1820 1819 1816
1814 1821 1816
1821 1822 1816
1816 1822 1823
1824 1821 1814
1815 1824 1814
1825 1819 1823
1825 1826 1819
1808 1819 1826
1825 1827 1826
1827 1828 1826
1829 1808 1826
1829 1826 1828
1817 1808 1829
1829 1828 1830
1830 1828 1831
1832 1817 1829
1832 1829 1830
1830 1831 1833
1833 1831 1834
1835 1832 1830
1835 1817 1832
1835 1830 1833
1833 1834 1836
1836 1835 1833
1837 1836 1834
1837 1838 1836
1836 1839 1835
1838 1839 1836
1817 1835 1840
1840 1818 1817
1841 1840 1835
1842 1818 1840
1840 1843 1842
1842 1844 1818
1841 1845 1842
1845 1844 1842
1846 1845 1841
1845 1847 1844
1848 1845 1846
1845 1848 1849
1845 1849 1850
1847 1849 1851
1849 1852 1851
1853 1849 1848
1853 1852 1849
1853 1848 1854
1853 1855 1852
1856 1857 1858
1859 1860 1861
1862 1863 1859
1859 1864 1862
1859 1865 1864
1864 1865 1866
1867 1864 1866
1868 1862 1864
1868 1864 1869
1862 1868 1870
1870 1868 1871
1862 1870 1872
1872 1870 1871
1872 1873 1862
1862 1873 1874
1872 1875 1873
1875 1876 1873
1876 1877 1873
1873 1877 1874
1878 1874 1877
1872 1871 1879
1880 1872 1879
1880 1879 1881
1882 1881 1879
1882 1883 1881
1879 1884 1882
1879 1871 1884
1885 1883 1882
1884 1885 1882
1885 1886 1883
1887 1886 1885
1888 1887 1885
1884 1888 1885
1888 1889 1887
1884 1889 1888
1889 1890 1887
1889 1891 1890
1889 1892 1891
1889 1884 1893
1871 1893 1884
1893 1892 1889
1893 1871 1894
1894 1892 1893
1871 1895 1894
1894 1896 1892
1895 1896 1894
1895 1867 1896
1897 1898 1899
1900 1898 1901
1902 1901 1898
1903 1900 1901
1902 1904 1901
1903 1901 1905
1904 1905 1901
1903 1905 1906
1904 1907 1905
1908 1907 1904
1908 1904 1909
1910 1908 1909
1910 1909 1911
1912 1908 1910
1912 1913 1908
1908 1913 1907
1912 1914 1913
1907 1915 1905
1916 1905 1915
1915 1917 1916
1914 1918 1913
1914 1919 1918
1919 1920 1918
1913 1921 1907
1907 1921 1915
1913 1918 1921
1917 1915 1922
1921 1922 1915
1923 1917 1922
1924 1923 1922
1924 1922 1925
1921 1926 1922
1918 1926 1921
1927 1922 1926
1928 1924 1927
1927 1929 1928
1930 1918 1920
1918 1930 1926
1931 1930 1920
1927 1926 1932
1927 1932 1929
1930 1932 1926
1930 1931 1933
1931 1929 1933
1929 1932 1933
1930 1933 1932
1934 1935 1936
1937 1938 1934
1934 1939 1937
1937 1939 1940
1941 1937 1940
1937 1942 1938
1943 1937 1941
1943 1942 1937
1942 1943 1944
1942 1944 1945
1944 1943 1946
1945 1944 1946
1945 1947 1942
1942 1947 1948
1945 1949 1947
1949 1950 1947
1950 1951 1947
1947 1951 1948
1952 1948 1951
1945 1946 1953
1954 1945 1953
1954 1953 1955
1956 1955 1953
1956 1957 1955
1953 1958 1956
1953 1946 1958
1959 1957 1956
1958 1959 1956
1959 1960 1957
1961 1960 1959
1962 1961 1959
1958 1962 1959
1962 1963 1961
1958 1963 1962
1963 1964 1961
1963 1965 1964
1963 1966 1965
1963 1958 1967
1946 1967 1958
1967 1966 1963
1967 1946 1968
1968 1966 1967
1946 1943 1968
1968 1969 1966
1943 1969 1968
1943 1970 1969
1971 1972 1973
1974 1975 1972
1976 1975 1974
1975 1977 1972
1976 1978 1975
1976 1979 1978
1980 1981 1977
1980 1978 1981
1977 1981 1982
1977 1982 1983
1984 1977 1983
1984 1983 1985
1986 1985 1983
1987 1986 1983
1987 1983 1982
1987 1982 1988
1981 1989 1982
1990 1982 1989
1989 1991 1990
1978 1992 1981
1981 1992 1989
1991 1989 1993
1992 1993 1989
1994 1991 1993
1995 1994 1993
1978 1996 1992
1997 1996 1978
1997 1998 1996
1998 1999 1996
1995 1993 2000
2001 1995 2000
2000 2002 2001
1992 2003 1993
1996 2003 1992
2000 1993 2003
2004 1996 1999
1996 2004 2003
2005 2004 1999
2000 2003 2006
2000 2006 2002
2004 2006 2003
2004 2005 2007
2005 2002 2007
2002 2006 2007
2004 2007 2006
2008 1985 2009
2010 2011 2012
2013 2011 2014
2015 2014 2011
2016 2013 2014
2015 2017 2014
2016 2014 2018
2017 2018 2014
2016 2018 2019
2017 2020 2018
2021 2020 2017
2021 2017 2022
2023 2021 2022
2023 2022 2024
2025 2021 2023
2025 2026 2021
2021 2026 2020
2025 2027 2026
2020 2028 2018
2029 2018 2028
2028 2030 2029
2026 2031 2020
2020 2031 2028
2030 2028 2032
2031 2032 2028
2033 2030 2032
2034 2033 2032
2026 2035 2031
2036 2035 2026
2036 2037 2035
2037 2038 2035
2034 2032 2039
2040 2034 2039
2039 2041 2040
2031 2042 2032
2035 2042 2031
2039 2032 2042
2043 2035 2038
2035 2043 2042
2044 2043 2038
2039 2042 2045
2039 2045 2041
2043 2045 2042
2043 2044 2046
2044 2041 2046
2041 2045 2046
2043 2046 2045
2047 2048 2049
2047 2050 2051
2047 2052 2050
2047 2053 2052
2052 2053 2054
2055 2052 2054
2056 2050 2052
2056 2052 2057
2050 2056 2058
2056 2055 2059
2058 2056 2060
2056 2059 2061
2060 2056 2061
2061 2059 2062
2063 2060 2061
2061 2062 2063
2060 2063 2064
2063 2062 2065
2065 2064 2063
2065 2062 2066
2065 2066 2067
2065 2067 2068
2069 2065 2068
2064 2065 2069
2069 2068 2070
2064 2069 2070
2068 2071 2070
2070 2071 2072
2070 2072 2073
2064 2070 2073
2073 2072 2074
2075 2064 2073
2073 2074 2075
2076 2075 2074
2075 2077 2064
2076 2078 2075
2078 2077 2075
2078 2079 2077
2080 2079 2078
2078 2081 2082
2078 2083 2081
2083 2084 2081
2082 2081 2085
2084 2086 2081
2081 2086 2085
2087 2085 2086
2088 2089 2090
2091 2092 2089
2093 2092 2091
2092 2094 2089
2093 2095 2092
2093 2096 2095
2092 2097 2094
2092 2095 2097
2094 2097 2098
2094 2098 2099
2100 2094 2099
2100 2099 2101
2102 2101 2099
2103 2102 2099
2103 2099 2098
2103 2098 2104
2097 2105 2098
2106 2098 2105
2105 2107 2106
2095 2108 2097
2097 2108 2105
2107 2105 2109
2108 2109 2105
2110 2107 2109
2111 2110 2109
2095 2112 2108
2113 2112 2095
2113 2114 2112
2114 2115 2112
2111 2109 2116
2117 2111 2116
2116 2118 2117
2108 2119 2109
2112 2119 2108
2116 2109 2119
2120 2112 2115
2112 2120 2119
2121 2120 2115
2116 2119 2122
2116 2122 2118
2120 2122 2119
2120 2121 2123
2121 2118 2123
2118 2122 2123
2120 2123 2122
2124 2101 2125
2126 2127 2128
2129 2130 2127
2131 2130 2129
2130 2132 2127
2131 2133 2130
2131 2134 2133
2130 2135 2132
2130 2133 2135
2134 2136 2133
2134 2137 2136
2137 2138 2136
2133 2139 2135
2133 2136 2139
2140 2136 2138
2141 2140 2138
2136 2142 2139
2136 2140 2142
2140 2141 2143
2141 2144 2143
2140 2143 2145
2144 2145 2143
2140 2145 2142
2146 2145 2144
2146 2142 2145
2146 2144 2147
2147 2148 2146
2149 2146 2148
2146 2150 2142
2149 2150 2146
2139 2142 2150
2149 2151 2150
2139 2150 2152
2151 2152 2150
2152 2151 2153
2135 2139 2152
2153 2154 2152
2135 2152 2154
2132 2135 2154
2132 2154 2155
2156 2132 2155
2156 2155 2157
2158 2157 2155
2159 2158 2155
2159 2155 2154
2159 2154 2160
2161 2157 2162
2163 2164 2165
2164 2166 2167
2164 2167 2168
2166 2169 2167
2169 2166 2170
2171 2169 2170
2171 2170 2172
2171 2172 2173
2174 2169 2171
2174 2171 2173
2167 2169 2175
2169 2174 2175
2173 2176 2174
2177 2176 2173
2174 2176 2178
2177 2178 2176
2174 2178 2175
2179 2178 2177
2180 2178 2179
2180 2181 2178
2175 2178 2181
2182 2167 2175
2175 2181 2182
2182 2168 2167
2183 2182 2181
2181 2184 2183
2181 2185 2184
2186 2183 2184
2186 2187 2183
2188 2187 2186
2183 2187 2189
2183 2189 2182
2182 2190 2168
2182 2189 2190
2191 2168 2190
2191 2192 2168
2193 2191 2190
2193 2190 2194
2189 2194 2190
2193 2194 2195
2194 2196 2195
2189 2196 2194
2197 2196 2189
2189 2198 2197
2199 2197 2198
2200 2197 2199
2200 2201 2197
2201 2200 2202
2203 2201 2202
2197 2204 2196
2201 2204 2197
2204 2205 2196
2196 2205 2206
2205 2207 2206
2201 2208 2204
2208 2205 2204
2208 2201 2203
2205 2209 2207
2208 2209 2205
2210 2207 2209
2211 2209 2208
2211 2212 2209
2208 2203 2213
2213 2211 2208
2214 2210 2211
2214 2215 2210
2216 2215 2214
2216 2214 2217
2218 2214 2211
2218 2211 2213
2214 2218 2219
2216 2219 2220
2221 2213 2203
2221 2218 2213
2218 2222 2219
2219 2222 2223
2221 2224 2218
2222 2218 2224
2223 2222 2225
2225 2226 2223
2227 2225 2222
2227 2222 2224
2228 2226 2225
2228 2225 2227
2226 2228 2229
2226 2229 2230
2221 2231 2224
2232 2231 2221
2233 2232 2221
2234 2231 2232
2234 2224 2231
2224 2235 2227
2236 2235 2224
2235 2236 2237
2238 2235 2237
2227 2235 2238
2239 2238 2237
2239 2240 2238
2227 2238 2241
2241 2238 2240
2228 2227 2241
2242 2228 2241
2241 2240 2242
2229 2228 2242
2242 2240 2243
2240 2244 2243
2240 2245 2244
2246 2243 2244
2246 2247 2243
2248 2247 2246
2243 2247 2249
2249 2242 2243
2229 2242 2249
2229 2249 2250
2251 2229 2250
2251 2252 2229
2253 2251 2250
2249 2254 2250
2253 2250 2254
2249 2255 2254
2253 2254 2256
2254 2255 2256
2257 2258 2259
2260 2257 2261
2257 2260 2262
2257 2263 2261
2263 2257 2264
2263 2264 2265
2266 2257 2262
2266 2267 2257
2266 2268 2267
2269 2266 2262
2266 2269 2268
2270 2269 2262
2269 2271 2268
2269 2270 2272
2269 2272 2271
2263 2265 2273
2274 2263 2273
2274 2275 2263
2276 2274 2273
2265 2277 2273
2276 2273 2277
2265 2278 2277
2276 2277 2279
2277 2278 2279
2280 2281 2282
2283 2284 2285
2286 2287 2288
2289 2290 2291
2292 2291 2293
2292 2294 2291
2295 2294 2292
2295 2296 2294
2297 2298 2296
2297 2296 2299
2300 2301 2297
2300 2302 2301
2303 2304 2305
2306 2304 2307
2306 2308 2304
2309 2304 2308
2309 2310 2304
2310 2311 2304
2310 2312 2311
2312 2313 2311
2312 2314 2313
2314 2315 2313
2314 2316 2315
2315 2316 2317
2312 2318 2314
2316 2314 2318
2312 2319 2318
2310 2319 2312
2320 2319 2310
2310 2309 2320
2316 2318 2321
2309 2322 2320
2316 2321 2323
2324 2322 2309
2325 2322 2324
2324 2309 2308
2317 2316 2326
2316 2323 2326
2327 2317 2326
2327 2326 2323
2327 2328 2317
2324 2329 2325
2325 2329 2330
2324 2308 2331
2329 2324 2331
2308 2332 2331
2308 2333 2332
2327 2323 2334
2335 2334 2323
2328 2327 2336
2336 2327 2334
2328 2336 2337
2338 2334 2335
2338 2335 2339
2338 2339 2340
2334 2341 2336
2338 2341 2334
2341 2342 2336
2340 2343 2338
2338 2343 2341
2344 2343 2340
2345 2341 2343
2343 2344 2345
2342 2341 2345
2345 2344 2346
2346 2347 2345
2347 2342 2345
2348 2347 2346
2348 2349 2347
2348 2350 2349
2349 2350 2351
2350 2352 2351
2353 2351 2352
2354 2351 2353
2355 2354 2353
2349 2351 2356
2354 2356 2351
2357 2347 2349
2347 2358 2342
2358 2347 2357
2359 2349 2356
2359 2357 2349
2360 2358 2357
2342 2358 2360
2360 2357 2361
2357 2359 2361
2342 2360 2362
2363 2342 2362
2363 2364 2342
2361 2359 2365
2365 2359 2366
2367 2359 2356
2367 2368 2359
2368 2367 2369
2370 2367 2356
2354 2370 2356
2367 2370 2371
2370 2372 2371
2370 2373 2372
2354 2373 2370
2367 2371 2374
2367 2374 2375
2371 2376 2374
2375 2374 2376
2371 2377 2376
2375 2376 2378
2377 2379 2376
2373 2379 2377
2378 2376 2380
2379 2380 2376
2378 2380 2381
2373 2354 2382
2382 2354 2355
2383 2373 2382
2355 2383 2382
2373 2383 2379
2355 2384 2383
2383 2384 2385
2385 2379 2383
2385 2384 2386
2379 2387 2380
2387 2379 2385
2388 2381 2380
2381 2388 2389
2386 2390 2385
2391 2390 2386
2392 2390 2391
2393 2380 2387
2388 2380 2393
2394 2387 2385
2394 2385 2390
2393 2387 2394
2395 2389 2388
2395 2396 2389
2388 2397 2395
2393 2397 2388
2392 2398 2390
2398 2394 2390
2399 2393 2394
2399 2397 2393
2399 2394 2398
2398 2392 2400
2392 2401 2400
2399 2402 2397
2403 2397 2402
2398 2404 2399
2398 2400 2404
2399 2404 2402
2400 2401 2405
2400 2405 2404
2405 2401 2406
2403 2402 2407
2403 2407 2408
2403 2408 2409
2408 2410 2409
2404 2411 2402
2402 2411 2412
2404 2413 2411
2404 2405 2413
2406 2414 2405
2415 2414 2406
2416 2414 2415
2405 2414 2417
2405 2417 2413
2416 2418 2414
2414 2418 2417
2419 2418 2416
2420 2411 2413
2412 2411 2420
2413 2417 2421
2418 2421 2417
2420 2413 2421
2419 2422 2418
2422 2419 2423
2424 2421 2418
2422 2424 2418
2421 2425 2420
2424 2425 2421
2412 2420 2426
2426 2420 2425
2427 2424 2422
2425 2424 2427
2412 2426 2428
2429 2412 2428
2426 2425 2430
2430 2428 2426
2422 2423 2431
2422 2431 2427
2425 2427 2432
2430 2425 2432
2430 2432 2433
2432 2434 2433
2435 2434 2432
2427 2435 2432
2434 2435 2436
2437 2428 2430
2438 2437 2430
2427 2431 2439
2427 2439 2435
2437 2440 2428
2429 2428 2440
2441 2437 2438
2442 2441 2438
2443 2441 2442
2436 2443 2442
2444 2443 2436
2436 2445 2444
2437 2441 2446
2447 2446 2441
2448 2445 2436
2449 2445 2448
2448 2450 2449
2451 2440 2437
2437 2446 2451
2446 2447 2452
2452 2447 2453
2453 2454 2452
2455 2454 2453
2454 2455 2456
2457 2451 2446
2457 2440 2451
2457 2446 2458
2458 2446 2452
2458 2452 2459
2452 2454 2459
2460 2440 2457
2459 2454 2461
2460 2462 2440
2460 2463 2462
2429 2440 2462
2464 2462 2463
2465 2429 2462
2465 2462 2464
2408 2429 2465
2464 2466 2465
2410 2408 2465
2465 2466 2410
2467 2410 2466
2467 2468 2410
2468 2396 2410
2469 2468 2467
2469 2470 2468
2469 2471 2470
2471 2472 2470
2469 2473 2471
2474 2471 2473
2474 2473 2475
2471 2474 2476
2471 2476 2477
2474 2478 2476
2474 2479 2478
2475 2480 2474
2475 2481 2480
2482 2480 2481
2482 2481 2483
2483 2484 2482
2485 2484 2483
2486 2484 2485
2486 2487 2484
2488 2487 2486
2488 2489 2487
2488 2490 2489
2488 2491 2490
2491 2492 2490
2491 2493 2492
2493 2494 2492
2495 2496 2497
2496 2498 2499
2496 2500 2501
2501 2502 2503
2501 2503 2504
2504 2505 2506
2504 2506 2507
2507 2506 2508
2507 2508 2509
2510 2509 2511
2510 2511 2512
2512 2513 2510
2512 2514 2513
2515 2513 2514
2515 2516 2513
2517 2516 2515
2518 2514 2512
2515 2514 2518
2515 2518 2519
2518 2512 2520
2520 2512 2521
2517 2515 2522
2522 2515 2523
2522 2523 2524
2525 2522 2524
2526 2517 2522
2525 2526 2522
2526 2527 2517
2528 2527 2526
2529 2526 2525
2528 2526 2529
2529 2525 2530
2529 2530 2531
2532 2528 2529
2529 2531 2532
2532 2531 2533
2532 2533 2479
2534 2535 2536
2537 2538 2534
2537 2539 2538
2539 2537 2540
2539 2540 2541
2542 2543 2540
2542 2544 2543
2545 885 2546
2545 2547 895
916 2547 2545
895 2547 2548
2549 2548 2547
2549 2547 2550
2551 2552 2549
2553 895 2552
2551 2553 2552
2553 892 895
2554 2550 2555
2554 2555 2556
2555 916 2556
2557 2554 2556
2558 2556 916
2557 2556 2558
2558 916 2559
2557 2558 2560
2559 2560 2558
908 2560 2559
2561 2562 2551
2561 2563 2562
2564 892 2562
2561 2565 2564
2564 2566 892
2566 882 892
2565 2567 2564
2564 2567 2566
2566 2567 882
2565 2568 2567
882 2567 2569
2567 2568 2569
2570 2571 1011
2570 2572 2573
2570 2573 2574
2575 2576 2577
2575 2578 2576
2579 2578 2575
2579 2580 2578
2581 2580 2579
2581 2579 2582
2583 2581 2582
2583 2584 2581
2583 2585 2584
2583 2586 2585
2587 2576 2588
2587 2588 2589
2589 2588 2590
2589 2590 2591
2591 2590 2592
2591 2592 2593
2593 2592 2594
2593 2594 2595
2595 2594 2596
2595 2596 2597
2597 2596 2598
2597 2598 2599
2599 2598 2600
2599 2600 2601
2601 2600 2602
2601 2602 2603
2603 2602 2604
2603 2604 2605
2605 2604 2606
2605 2606 2607
2607 2606 2608
2609 2610 2611
2609 2611 2612
2612 2613 2614
2612 2614 2615
2616 2612 2615
2616 2615 2617
2618 2615 2614
2617 2615 2618
2618 2614 2619
2617 2618 2620
2618 2619 2621
2620 2618 2622
2618 2621 2622
2620 2622 2623
2622 2621 2624
2623 2622 2625
2622 2624 2626
2623 2625 2627
2626 2624 2628
2627 2625 2629
2626 2628 2630
2627 2629 2631
2630 2628 2632
2631 2629 2633
2630 2632 2634
2631 2633 2635
2634 2632 2636
2635 2633 2637
2634 2636 2638
2635 2637 2639
2639 2637 2640
2639 2640 2641
2641 2640 2642
2641 2642 2643
2643 2642 2644
2643 2644 2645
2645 2644 2646
2645 2646 2647
2647 2646 2648
2647 2648 2649
2649 2648 2650
2649 2650 2651
2651 2650 2652
2651 2652 2653
2653 2652 2654
2655 2656 2654
2657 2656 2655
2657 2658 2656
2659 2658 2657
2659 2660 2658
2661 2660 2659
2661 2662 2660
2663 2662 2661
2663 2664 2662
2665 2664 2663
2665 2666 2664
2667 2666 2665
2667 2665 2668
2638 2667 2668
2638 2636 2667
2669 2670 2671
2669 2671 2613
2672 2673 2674
2675 2672 2674
2675 2676 2672
2677 2676 2675
2678 2677 2675
2679 2680 2681
2680 2682 2681
2683 2684 2685
2684 2686 2685
2684 2687 2686
2688 2686 2687
2688 2687 2689
2690 2688 2689
2690 2689 2691
2692 2690 2691
2692 2693 2690
2694 2693 2692
2694 2692 2695
2694 2695 2696
2694 2696 2697
2698 2697 2696
2698 2696 2699
2700 2698 2699
2700 2701 2698
2702 2701 2700
2702 2700 2703
2703 2704 2702
2703 2705 2704
2706 2704 2705
2707 2704 2706
2708 2707 2706
2708 2709 2707
2710 2709 2708
2710 2711 2709
2711 2710 2712
2712 2710 2713
2712 2713 2714
2712 2714 2715
2714 2716 2717
2714 2717 2718
2719 2720 2721
2721 2720 2722
2723 2722 2720
2724 2722 2723
2722 2724 2725
2722 2725 2726
2726 2725 2727
2728 2727 2725
2729 2722 2726
2729 2726 2727
2730 2727 2728
2728 2731 2730
2730 2731 2732
2721 2722 2733
2729 2733 2722
2734 2721 2733
2729 2734 2733
2729 2727 2735
2735 2727 2730
2730 2732 2736
2737 2736 2732
2737 2738 2736
2730 2736 2739
2735 2730 2739
2740 2736 2738
2739 2736 2740
2740 2738 2741
2735 688 2729
2729 688 2734
2735 687 688
687 2735 2739
681 2734 688
687 2739 2742
2740 2742 2739
689 687 2742
697 689 2742
2740 697 2742
697 2740 2741
697 2741 2743
681 2744 2734
2734 2744 2745
2734 2745 2721
2745 2746 2721
2747 2746 2745
2744 2747 2745
2747 2744 2748
2744 681 2749
2750 2749 681
2750 681 2751
2752 2750 2751
2752 2751 2753
2753 662 2752
2754 2755 2749
2756 2754 2757
2756 2757 2758
2758 2759 2756
2758 2760 2759
2759 2760 2761
2761 2760 2762
2762 2763 2761
2761 2763 2764
2763 2765 2764
2764 2765 2766
2766 2765 2767
2766 2767 2768
2768 2767 2769
2769 2770 2771
2771 2770 729
2772 2773 2774
2774 2773 717
2773 2775 717
2776 2775 2773
2776 2773 2777
2774 2778 2777
2777 2779 2776
2777 2780 2779
2776 2781 2775
717 2775 2782
762 717 2782
2775 2781 2783
2783 2782 2775
2784 762 2782
2784 2785 762
2784 2786 2785
2785 2786 759
2781 819 2783
2787 2784 2782
2787 2782 2783
2788 2784 2787
2788 2787 2783
2788 2789 2784
759 2789 793
2788 793 2789
2783 819 818
2788 2783 818
818 797 2788
797 767 2788
2790 2791 2781
2790 2792 2791
2793 2794 819
2791 2794 2793
2791 2795 2794
2796 2794 2795
2797 2794 2796
2798 2797 2796
2799 2800 2801
2799 2802 2800
2799 2803 2802
2804 2802 2803
2804 2803 2805
2804 2805 2806
2806 2805 2807
2806 2807 2808
2808 2807 2809
2809 2807 2810
2811 2812 2813
2813 2812 812
2814 2812 807
2815 2814 811
2816 812 2815
2816 2815 849
849 2817 2816
849 2818 2817
2819 2820 848
2819 848 2821
2822 2823 2824
2822 2824 2825
2822 2825 2826
2826 2825 2827
2826 2827 2828
2828 2827 2829
2828 2829 2830
2830 2829 2831
2830 2831 2832
2833 2832 2831
2833 2831 2834
2835 2836 2837
2837 2836 2838
2838 2836 2839
2839 2836 2840
2839 2840 2841
2842 2843 2844
2844 2843 2845
2844 2845 2846
2846 2845 2847
2845 2848 2847
2847 2848 2849
2850 2851 2852
2850 2852 2853
2853 2852 2854
2853 2854 2855
2855 2854 2856
2855 2856 2857
2857 2856 2858
2859 2860 2861
2861 2860 2862
2862 2860 2863
2864 2863 2860
2864 2860 711
2863 2864 705
2865 2866 2867
2865 2868 2866
2869 2868 2865
2869 2870 2868
2871 2869 2865
2871 2872 2869
2871 2873 2872
2871 2874 2875
2871 2875 2876
2877 2873 2878
2879 2873 2877
2880 2873 2879
2881 2880 2879
2877 2882 2879
2877 2883 2882
2881 2879 2884
2884 2885 2881
2879 2882 2886
2879 2886 2884
2884 2887 2885
2886 2887 2884
2883 2888 2882
2882 2888 2886
2885 2887 2889
2885 2889 2890
2889 2891 2890
2889 2892 2891
2893 2891 2892
2894 2889 2887
2894 2892 2889
2893 2892 2895
2893 2895 2896
2893 2896 2897
2898 2897 2896
2898 2896 2899
2900 2898 2899
2900 2899 2901
2902 2900 2901
2902 2901 2903
2902 2903 2904
2894 2887 2905
2886 2905 2887
2894 2906 2892
2907 2892 2906
2907 2906 2908
2909 2907 2908
2909 2910 2907
2909 2911 2910
2909 2912 2911
2913 2911 2912
2913 2912 2914
2915 2913 2914
2915 2916 2904
2917 2916 2915
2904 2916 2918
2917 2919 2916
2918 2916 2919
2918 2919 2920
2919 2921 2920
2914 2922 2919
2919 2922 2921
2914 2923 2922
2924 2921 2922
2923 2925 2922
2924 2922 2925
2923 2926 2925
2927 2925 2926
2924 2925 2928
2927 2928 2925
2924 2928 2929
2928 2930 2929
2927 2931 2928
2928 2931 2930
2927 2906 2931
2932 2930 2931
2933 2931 2906
2932 2931 2933
2933 2906 2894
2905 2933 2894
2932 2933 2934
2905 2934 2933
2932 2934 2935
2936 2934 2905
2934 2936 2935
2936 2905 2886
2935 2936 2937
2886 2888 2936
2936 2938 2937
2888 2938 2936
2939 2938 2888
2939 2940 2938
2883 2939 2888
2940 2939 2941
2941 2939 2883
2941 2883 2942
2940 2941 2943
2941 2944 2943
2945 2946 2947
2945 2947 2948
2949 2950 2951
2952 2950 2949
2952 2953 2950
2952 2954 2953
2952 2949 2955
2952 2956 2954
2957 2952 2955
2952 2957 2956
2957 2955 2958
2957 2959 2956
2958 2960 2957
2957 2961 2959
2958 2962 2960
2961 2963 2959
2962 2964 2960
2961 2965 2963
2962 2966 2964
2965 2967 2963
2966 2968 2964
2965 2969 2967
2966 2970 2968
2969 2971 2967
2972 2968 2970
2969 2973 2971
2972 2970 2974
2973 2975 2971
2974 2976 2972
2973 2977 2975
2974 2978 2976
2977 2979 2975
2980 2976 2978
2977 2981 2979
2980 2978 2982
2983 2979 2981
2984 2980 2982
2983 2981 2985
2984 2982 2986
2987 2983 2985
2987 2985 2988
2987 2988 2989
2990 2984 2986
2989 2990 2991
2990 2986 2991
2992 2993 2994
2992 2994 864
2995 2996 2997
2997 2996 2998
2999 2998 2996
2999 2996 3000
2999 3000 3001
2999 3001 3002
2997 2998 3003
3004 2999 3002
3003 2998 3005
3005 2998 2999
3003 3005 3006
3005 3007 3006
3004 3008 2999
3005 2999 3008
3009 3008 3004
3005 3010 3007
3010 3005 3008
3010 3011 3007
3010 3012 3011
3009 3013 3008
3010 3008 3013
3013 3012 3010
3014 3013 3009
3013 3015 3012
3014 3015 3013
3016 3012 3015
3017 3015 3014
3016 3015 3018
3017 3018 3015
3019 3016 3018
3020 3018 3017
3019 3018 3021
3020 3021 3018
3021 3022 3019
3021 3020 3023
3021 3024 3022
3021 3023 3024
3025 3022 3024
3026 3024 3023
3025 3024 3026
3026 3023 3027
3026 3028 3025
3026 3027 3029
3026 3029 3030
3026 3030 3028
3031 3030 3029
3031 3029 3032
3032 3033 3031
3030 3031 3034
3030 3034 3028
3033 3034 3031
3035 3028 3034
3035 3036 3028
3035 3034 3037
3033 3037 3034
3038 3037 3033
3039 3040 3041
3042 3040 3039
3042 3043 3040
3044 3040 3043
3044 3043 3045
3046 3043 3042
3045 3043 3046
3046 3042 3047
3045 3046 3048
3049 3046 3047
3049 3047 3050
3048 3046 3051
3049 3051 3046
3048 3051 3052
3053 3051 3049
3052 3051 3053
3053 3049 3054
3052 3053 3055
3056 3053 3054
3055 3053 3056
3055 3056 3057
3056 3054 3058
3059 3057 3056
3058 3060 3056
3059 3056 3060
3058 3061 3060
3062 3060 3061
3059 3060 3063
3062 3063 3060
3059 3063 3064
3065 3064 3063
3062 3066 3063
3065 3063 3066
3062 3067 3066
3068 3066 3067
3065 3066 3069
3068 3069 3066
3065 3069 3070
3069 3068 3071
3070 3069 3072
3069 3071 3072
3070 3072 3073
3073 3072 3074
3074 3072 3071
3074 3071 3075
3076 3077 3078
3078 3077 3079
3078 3079 3080
3080 3079 3081
3080 3081 3082
3082 3081 3083
3082 3083 3084
3084 3083 3085
3084 3085 3086
3087 3088 3085
3087 3089 3088
3087 3090 3089
3091 3090 3087
3092 3090 3091
3092 3093 3090
3092 3094 3093
3092 3095 3094
3096 3095 3092
3097 3095 3096
3096 3092 3098
3098 3092 3091
3097 3096 3099
3098 3091 3100
3101 3097 3099
3101 3099 3102
3103 3100 3091
3103 3091 3087
3103 3087 3104
3105 3103 3104
3105 3106 3103
3107 3106 3105
3107 3108 3106
3109 3108 3107
3109 3110 3108
3111 3110 3109
3112 3101 3102
3112 3102 3113
3114 3112 3113
3115 3116 3112
3115 3117 3116
3115 3118 3117
3119 3120 3117
3119 3117 3121
3122 3123 3124
3125 3122 3124
3125 3124 3126
3126 3127 3125
3126 3128 3127
3129 3127 3128
3129 3130 3127
3130 3129 3131
3130 3131 3132
3133 3132 3131
3133 3134 3132
3130 3132 3135
3134 3135 3132
3130 3135 3136
3136 3137 3130
3130 3137 3138
3127 3137 3139
3138 3139 3140
3140 3139 3122
3141 3135 3134
3133 3142 3134
3134 3142 3141
3133 3143 3142
3141 3142 3144
3145 3142 3143
3145 3143 3146
3147 3144 3142
3148 3147 3146
3149 3144 3147
3148 3150 3147
3151 3150 3148
3151 3152 3150
3153 3152 3151
3153 3154 3152
3153 3155 3154
3149 3147 3156
3149 3156 3157
3156 3158 3157
3156 3159 3158
3160 3158 3159
3160 3159 3161
3161 3155 3162
3162 3160 3161
3162 3163 3160
3164 3162 3155
3162 3165 3163
3164 3166 3162
3162 3166 3165
3166 3164 3167
3165 3166 3168
3167 3169 3166
3168 3166 3169
624 3170 3171
624 3171 3172
3173 3174 3175
3176 3174 3177
3177 3175 3178
3179 3178 3175
3176 3177 3180
3176 3180 3181
3182 3178 3179
3183 3182 3179
3184 3182 3183
3185 3182 3184
3177 3178 3186
3186 3178 3182
3177 3186 3180
3185 3187 3182
3186 3182 3187
3188 3187 3185
3188 3189 3187
3186 3187 3189
3189 3188 3190
3180 3191 3181
3181 3191 3192
3193 3192 3191
3180 3186 3194
3186 3189 3194
3193 3191 3195
3196 3193 3195
3191 3180 3197
3180 3194 3197
3195 3191 3197
3196 3195 3198
3199 3196 3198
3195 3197 3200
3198 3195 3200
3197 3194 3201
3197 3201 3200
3201 3194 3202
3203 3194 3189
3201 3202 3204
3203 3189 3205
3206 3203 3205
3189 3190 3205
3207 3200 3201
3207 3201 3204
3206 3205 3208
3209 3206 3208
3205 3190 3210
3205 3210 3208
3210 3190 3211
3209 3208 3212
3212 3213 3209
3214 3210 3211
3214 3211 3215
3216 3208 3210
3216 3212 3208
3216 3210 3214
3212 3217 3213
3216 3217 3212
3217 3218 3213
3215 3219 3214
3215 3220 3219
3214 3221 3216
3216 3221 3217
3214 3219 3221
3217 3222 3218
3221 3222 3217
3222 3223 3218
3222 3221 3224
3219 3225 3221
3220 3226 3219
3219 3226 3225
3220 3227 3226
3226 3227 3228
3222 3229 3223
3224 3229 3222
3230 3223 3229
3224 3231 3229
3225 3226 3232
3226 3228 3232
3225 3232 3233
3232 3228 3234
3230 3229 3235
3235 3229 3231
3235 3236 3230
3235 3231 3237
3233 3232 3238
3232 3234 3238
3233 3238 3239
3238 3234 3240
3235 3241 3236
3237 3241 3235
3242 3236 3241
3237 3243 3241
3239 3238 3244
3238 3240 3244
3239 3244 3245
3244 3246 3245
3242 3241 3247
3247 3241 3243
3247 3243 3248
3249 3247 3248
3247 3250 3242
3240 3251 3244
3244 3251 3246
3240 3252 3251
3251 3252 3253
3254 3247 3249
3247 3254 3250
3254 3249 3255
3254 3255 3256
3250 3254 3256
3250 3256 3257
3246 3251 3258
3251 3253 3258
3246 3258 3259
3258 3260 3259
3253 3261 3258
3258 3261 3260
3253 3262 3261
3261 3262 3263
3261 3263 3264
3260 3261 3264
3260 3264 3265
3266 3267 3268
3266 3269 3267
3269 3266 3270
3269 3270 3271
3272 3267 3273
3272 3273 3274
3274 3273 3275
3276 3272 3274
3277 3272 3276
3278 3274 3275
3276 3274 3278
3278 3275 3279
3275 3280 3279
3279 3280 3281
3282 3279 3281
3282 3283 3279
3279 3283 3278
3284 3278 3283
3284 3276 3278
3285 3276 3284
3277 3276 3285
3285 3284 3286
3287 3285 3286
3287 3288 3285
3288 3277 3285
3289 3288 3287
3288 3290 3277
3291 3290 3288
3292 3277 3290
3290 3293 3292
3289 3294 3288
3291 3288 3294
3295 3294 3289
3295 3296 3294
3291 3294 3296
3296 3295 3297
3290 3298 3293
3291 3298 3290
3293 3298 3299
3291 3299 3298
3293 3299 3300
3299 3301 3300
3291 3302 3299
3302 3303 3299
3299 3303 3301
3302 3304 3303
3303 3304 3305
3301 3303 3306
3303 3305 3306
3301 3306 3307
3308 3307 3306
3305 3309 3306
3308 3306 3309
3305 3310 3309
3309 3311 3308
3310 3312 3309
3309 3312 3311
3310 3313 3312
3312 3314 3311
3313 3315 3312
3312 3315 3314
3313 3316 3315
3315 3316 3317
3314 3315 3318
3315 3317 3318
3314 3318 3319
3318 3320 3319
3317 3321 3318
3318 3321 3320
3321 3322 3320
3317 3323 3321
3321 3324 3322
3323 3324 3321
3323 3325 3324
3326 3327 3328
3327 3329 3328
3327 3330 3329
3328 3329 3331
3328 3331 3332
3330 3333 3329
3331 3329 3333
3330 3334 3333
3331 3333 3335
3333 3334 3336
3335 3333 3337
3333 3336 3337
3335 3337 3338
3337 3339 3338
3336 3340 3337
3337 3340 3339
3336 3341 3340
3340 3342 3339
3341 3343 3340
3340 3343 3342
3341 3344 3343
3343 3345 3342
3344 3346 3343
3343 3346 3345
3344 3347 3346
3346 3347 3348
3345 3346 3349
3346 3348 3349
3345 3349 3350
3349 3351 3350
3348 3352 3349
3349 3352 3351
3348 3353 3352
3352 3354 3351
3353 3355 3352
3352 3355 3354
3354 3355 3356
3353 3357 3355
3355 3357 3358
3359 3360 3361
3359 3362 3360
3363 3362 3359
3363 3359 3364
3365 3366 3363
3365 3367 3366
3368 3366 3367
3368 3369 3366
3368 3370 3369
3368 3371 3370
3372 3370 3371
3372 3373 3370
3374 3373 3372
3374 3375 3373
3376 3377 3291
3296 3376 3291
3378 3376 3296
3379 3376 3378
3296 3297 3378
3378 3380 3379
3297 3381 3378
3378 3381 3380
3297 3382 3381
3380 3381 3383
3382 3383 3381
3380 3383 3384
3382 3385 3383
3383 3386 3384
3386 3383 3385
3384 3386 3387
3386 3385 3388
3386 3389 3387
3388 3390 3386
3386 3390 3389
3388 3391 3390
3391 3392 3390
3390 3392 3393
3389 3390 3393
3389 3393 3394
3395 3396 3397
3398 3396 3395
3398 3399 3396
3400 3398 3395
3400 3395 3401
3398 3402 3399
3401 3403 3400
3402 3404 3399
3402 3405 3404
3401 3406 3403
3402 3407 3405
3402 3408 3407
3409 3408 3402
3409 3410 3408
3403 3408 3410
3411 3407 3408
3403 3411 3408
3411 3412 3407
3406 3413 3403
3413 3411 3403
3406 3414 3413
3415 3412 3411
3413 3415 3411
3415 3416 3412
3413 3414 3417
3417 3415 3413
3417 3414 3418
3419 3416 3415
3417 3419 3415
3420 3419 3417
3419 3421 3416
3421 3419 3420
3421 3420 3422
3423 3422 3420
3424 3417 3418
3420 3417 3424
3425 3420 3424
3424 3418 3426
3426 3425 3424
3426 3427 3425
3423 3420 3428
3425 3428 3420
3428 3204 3423
3428 3207 3204
3425 3207 3428
3425 3429 3207
3207 3429 3200
3198 3200 3429
3198 3429 3425
3198 3425 3427
3199 3198 3427
3430 3199 3427
3430 3427 3431
3431 3432 3430
3431 3433 3432
3434 3432 3433
3434 3433 3435
3436 3434 3435
3436 3435 3437
3438 3436 3437
3438 3439 3436
3440 3439 3438
3440 3438 3441
3442 3440 3441
3442 3443 3440
3444 3445 3446
3444 3447 3445
3447 3444 3448
3447 3448 3449
3449 3448 3450
3449 3450 3451
3452 3451 3450
3452 3450 3453
3452 3453 3454
3452 3454 3455
3456 3457 3458
3459 3457 3456
3459 3456 3460
3459 3460 3461
3459 3461 3462
3457 3459 3463
3459 3462 3463
3457 3463 3464
3463 3462 3465
3464 3463 3466
3463 3465 3466
3464 3466 3467
3466 3465 3468
3467 3466 3469
3466 3468 3469
3467 3469 3470
3469 3471 3470
3472 3469 3468
3469 3472 3471
3472 3468 3473
3472 3473 3474
3471 3472 3475
3472 3474 3475
3471 3475 3476
3475 3477 3476
3478 3475 3474
3475 3478 3477
3478 3474 3479
3478 3479 3480
3477 3478 3481
3478 3480 3481
3477 3481 3482
3480 3483 3481
3481 3483 3482
3484 3485 3486
3487 3485 3484
3487 3488 3485
3489 3488 3487
3488 3490 3485
3489 3491 3488
3491 3490 3488
3492 3491 3489
3491 3493 3490
3492 3494 3491
3494 3493 3491
3495 3494 3492
3494 3496 3493
3495 3497 3494
3497 3496 3494
3498 3497 3495
3497 3499 3496
3498 3500 3497
3500 3499 3497
3500 3498 3501
3502 3499 3500
3501 3503 3500
3500 3503 3502
3504 3503 3501
3505 3503 3504
3503 3506 3502
3506 3503 3505
3502 3506 3507
3505 3508 3506
3508 3507 3506
3505 3509 3508
3510 3508 3509
3511 3507 3508
3510 3511 3508
3512 3507 3511
3513 3511 3510
3513 3512 3511
3514 3515 3516
3517 3514 3516
3517 3516 3518
3518 3519 3517
3518 3520 3519
3521 3519 3520
3522 3518 3516
3522 3520 3518
3522 3516 3523
3516 3524 3523
3522 3525 3520
3516 3526 3524
3527 3520 3525
3521 3520 3527
3527 3525 3528
3529 3526 3516
3526 3529 3530
3516 3531 3529
3530 3529 3531
3532 3521 3527
3528 3532 3527
3532 3533 3521
3528 3534 3532
3532 3535 3533
3534 3536 3532
3532 3536 3535
3534 3537 3536
3538 3535 3536
3539 3536 3537
3538 3536 3539
3539 3537 3540
3541 3538 3539
3539 3540 3542
3541 3539 3543
3539 3542 3543
3544 3541 3543
3542 3545 3543
3544 3543 3545
3542 3546 3545
3547 3544 3545
3546 3547 3545
3547 3548 3544
3546 3549 3547
3548 3547 3550
3547 3549 3550
3548 3550 3551
3550 3549 3552
3550 3553 3551
3554 3550 3552
3550 3554 3553
3554 3552 3555
3556 3554 3555
3557 3553 3554
3556 3557 3554
3557 3558 3553
3559 3558 3557
3556 3560 3557
3559 3557 3560
3556 3561 3560
3562 3559 3560
3561 3563 3560
3562 3560 3563
3561 3564 3563
3563 3565 3562
3566 3563 3564
3563 3566 3565
3566 3564 3567
3568 3565 3566
3567 3569 3566
3568 3566 3569
3567 3570 3569
3571 3568 3569
3570 3571 3569
3572 3573 3574
3575 3573 3572
3575 3576 3573
3575 3577 3576
3575 3578 3577
3579 3577 3578
3579 3580 3577
3581 3580 3579
3581 3582 3580
3582 3583 3580
3582 3584 3583
3585 3582 3581
3585 3586 3582
3586 3584 3587
3586 3588 3584
3589 3588 3586
3590 3586 3585
3589 3586 3590
3590 3585 3591
3592 3589 3590
3593 3590 3591
3592 3590 3593
3593 3591 3594
3595 3593 3594
3596 3592 3593
3595 3596 3593
3596 3597 3592
3596 3598 3597
3595 3599 3596
3596 3599 3598
3595 3600 3599
3601 3598 3599
3599 3600 3602
3601 3599 3602
3602 3600 3603
3604 3601 3602
3605 3602 3603
3604 3602 3605
3605 3603 3606
3607 3604 3605
3608 3605 3606
3607 3605 3608
3608 3606 3609
3610 3607 3608
3611 3608 3609
3610 3608 3611
3611 3609 3612
3611 3612 3613
3610 3611 3614
3611 3613 3614
3610 3614 3615
3616 3615 3614
3617 3614 3613
3616 3614 3617
3617 3613 3618
3617 3618 3619
3616 3617 3620
3617 3619 3620
3616 3620 3621
3619 3622 3620
3620 3622 3621
3623 3624 3625
3625 3626 3623
3627 3626 3625
3628 3626 3627
3623 3626 3629
3626 3628 3630
3629 3626 3630
3630 3628 3631
3630 3632 3629
3631 3632 3630
3632 3633 3629
3634 3632 3631
3635 3633 3632
3634 3636 3632
3635 3632 3636
3637 3636 3634
3638 3635 3636
3637 3639 3636
3638 3636 3639
3637 3640 3639
3639 3641 3638
3640 3642 3639
3639 3642 3641
3640 3643 3642
3644 3641 3642
3642 3643 3645
3644 3642 3645
3645 3643 3646
3645 3647 3644
3645 3646 3648
3645 3648 3647
3648 3646 3649
3648 3650 3647
3649 3651 3648
3651 3650 3648
3651 3652 3650
3653 3651 3649
3651 3654 3652
3655 3651 3653
3655 3654 3651
3655 3653 3656
3654 3655 3657
3656 3658 3655
3657 3655 3658
3659 3658 3656
3658 3660 3657
3661 3658 3659
3658 3661 3660
3659 3662 3661
3663 3660 3661
3661 3662 3663
3664 3665 3666
3666 3665 3667
3667 3665 3668
3667 3668 3669
3669 3668 3670
3668 3671 3670
3670 3671 3672
3672 3671 3673
3674 3675 3676
3677 3674 3676
3677 3678 3674
3677 3679 3678
3677 3680 3679
3680 3681 3679
3680 3682 3681
3682 3683 3681
3682 3684 3683
3685 3683 3684
3685 3686 3683
3687 3686 3685
3674 3678 3688
3674 3688 3689
3689 3690 3674
3678 3691 3688
3678 3679 3691
3692 3691 3679
3692 3679 3681
3681 3693 3692
3681 3683 3693
3694 3693 3683
3694 3683 3686
3695 3694 3686
3695 3686 3696
3697 3695 3696
3687 3696 3686
3697 3696 3698
3687 3698 3696
3699 3697 3698
3687 3700 3698
3699 3698 3701
3701 3698 3700
3702 3699 3701
3701 3700 3703
3702 3701 3704
3704 3701 3703
3704 3703 3705
3704 3706 3702
3704 3705 3707
3704 3708 3706
3704 3707 3708
3708 3709 3706
3708 3707 3710
3708 3711 3709
3708 3710 3711
3711 3712 3709
3713 3712 3711
3710 3713 3711
3710 3714 3713
3715 3716 3717
3718 3717 3716
3718 3716 3719
3719 3716 3720
3720 3716 3721
3719 3720 3722
3723 3719 3722
3724 3718 3719
3723 3724 3719
3724 3725 3718
3726 3725 3724
3727 3724 3723
3726 3724 3727
3727 3723 3728
3729 3726 3727
3730 3727 3728
3729 3727 3730
3730 3728 3731
3732 3730 3731
3733 3729 3730
3732 3733 3730
3733 3734 3729
3735 3734 3733
3736 3733 3732
3735 3733 3736
3736 3732 3737
3738 3735 3736
3739 3736 3737
3738 3736 3739
3739 3737 3740
3739 3740 3741
3738 3739 3742
3739 3741 3742
3738 3742 3743
3742 3744 3743
3745 3742 3741
3742 3745 3744
3745 3741 3746
3744 3745 3747
3747 3745 3746
3744 3747 3748
3747 3746 3749
3748 3747 3750
3749 3750 3747
3748 3750 3751
3750 3752 3751
3749 3753 3750
3750 3754 3752
3753 3754 3750
3753 3755 3754
3756 3757 3758
3756 3758 3759
3758 3760 3759
3758 3761 3760
3760 3761 3762
3760 3762 3763
3764 3763 3762
3765 3763 3764
3764 3766 3765
3765 3766 3767
3768 3767 3766
3768 3769 3767
3768 3770 3769
3768 3771 3770
3771 3772 3770
3771 3773 3772
3773 3774 3772
3773 3775 3774
3775 3776 3774
3777 3775 3773
3777 3773 3778
3775 3779 3776
3779 3780 3776
3777 3778 3781
3781 3778 3782
3777 3783 3775
3783 3779 3775
3779 3784 3780
3784 3785 3780
3781 3782 3786
3786 3782 3787
3784 3788 3785
3788 3789 3785
3788 3790 3789
3791 3788 3784
3790 3788 3791
3792 3784 3779
3791 3784 3792
3792 3779 3793
3783 3793 3779
3794 3793 3783
3794 3795 3793
3794 3783 3796
3796 3783 3777
3797 3796 3777
3797 3777 3781
3798 3797 3781
3798 3781 3786
3799 3798 3786
3799 3786 3800
3786 3787 3800
3800 3787 3801
3800 3801 3802
3802 3801 3803
3802 3803 3804
3803 3805 3804
3803 3806 3805
3807 3805 3806
3807 3806 3808
3809 3807 3808
3809 3810 3807
3810 3809 3811
3810 3811 3812
3813 3812 3811
3813 3811 3814
3814 3815 3813
3814 3811 3816
3809 3756 3816
3809 3816 3817
3814 3816 3818
3814 3819 3815
3818 3819 3814
3818 3820 3819
3821 3815 3819
3820 3821 3819
3821 3822 3823
3824 3823 3822
3824 3822 3825
3825 3826 3824
3825 3827 3826
3828 3826 3827
3828 3827 3829
3828 3829 3830
3828 3830 3831
3830 3832 3831
3830 3833 3832
3832 3833 3834
3832 3834 3835
3836 3835 3834
3836 3837 3835
3836 3838 3837
3836 3799 3838
3839 3840 3841
3839 3841 3842
3843 3839 3842
3843 3842 3844
3845 3843 3844
3845 3844 3846
3846 3847 3845
3846 3848 3847
3848 3849 3847
3848 3850 3849
3851 3849 3850
3851 3850 3852
3853 3851 3852
3853 3852 3854
3855 3853 3854
3855 3854 3856
3857 3855 3856
3857 3856 3858
3859 3857 3858
3859 3858 3860
3861 3859 3860
3861 3860 3862
3863 3861 3862
3863 3862 3864
3865 3863 3864
3865 3864 3866
3867 3865 3866
3867 3866 3868
3869 3867 3870
3869 3870 3871
3872 3869 3871
3872 3871 3873
3872 3873 3874
3874 3873 3875
3873 3876 3875
3873 3871 3876
3871 3877 3876
3871 3870 3877
3870 3878 3877
3870 3879 3878
3879 3880 3878
3879 3881 3880
3881 3882 3880
3881 3883 3882
3883 3884 3882
3883 3885 3884
3885 3886 3884
3885 3887 3886
3888 3886 3887
3888 3887 3889
3889 3890 3888
3888 3890 3891
3892 3890 3889
3890 3893 3891
3892 3894 3890
3890 3894 3893
3892 3895 3894
3894 3896 3893
3895 3897 3894
3894 3897 3896
3895 3898 3897
3897 3899 3896
3898 3900 3897
3897 3900 3899
3898 3901 3900
3900 3902 3899
3903 3900 3901
3903 3902 3900
3903 3901 3904
3903 3905 3902
3904 3906 3903
3903 3906 3905
3904 3844 3906
3906 3907 3905
3844 3908 3906
3906 3908 3907
3844 3909 3908
3910 3907 3908
3908 3909 3910
3909 3841 3910
3911 3912 3913
3913 3912 3914
3914 3915 3913
3913 3915 3916
3914 3917 3915
3915 3918 3916
3917 3919 3915
3920 3919 3917
3915 3919 3921
3920 3921 3919
3921 3920 3922
3922 3920 3923
3922 3790 3921
3924 3915 3921
3921 3790 3924
3915 3924 3918
3790 3925 3924
3924 3925 3918
3790 3791 3925
3791 3926 3925
3927 3918 3925
3926 3927 3925
3918 3927 3928
3928 3927 3929
3929 3927 3926
3926 3930 3929
3931 3932 3933
3931 3934 3932
3934 3931 3935
3934 3935 3936
3936 3937 3934
3934 3937 3938
3938 3932 3934
3939 3938 3937
3939 3937 3940
3941 3939 3940
3941 3940 3942
3943 3941 3942
3944 3941 3943
3943 3945 3944
3944 3945 3946
3947 3946 3945
3947 3945 3948
3947 3948 3949
3947 3949 3950
3950 3949 3951
3952 3941 3944
3952 3953 3941
3953 3939 3954
3950 3951 3955
3956 3950 3955
3956 3947 3957
3951 3958 3955
3959 3958 3951
3960 3952 3944
3960 3944 3961
3953 3962 3939
3962 3938 3939
3956 3955 3963
3958 3963 3955
3959 3964 3958
3965 3964 3959
3965 3966 3964
3965 3967 3966
3968 3958 3964
3966 3968 3964
3958 3969 3963
3968 3969 3958
3962 3970 3938
3938 3970 3932
3932 3970 3971
3932 3971 3972
3970 3973 3971
3970 3962 3973
3962 3974 3973
3962 3953 3974
3975 3974 3953
3975 3953 3952
3952 3976 3975
3952 3960 3976
3976 3960 3977
3977 3960 3978
3978 3960 3961
3978 3961 3979
3978 3980 3977
3956 3978 3979
3956 3980 3978
3981 3980 3956
3981 3956 3963
3969 3981 3963
3969 3982 3981
3983 3982 3969
3983 3969 3968
3968 3984 3983
3968 3985 3984
3985 3968 3966
3986 3984 3985
3987 3985 3966
3986 3985 3987
3987 3966 3988
3988 3966 3967
3988 3967 3989
3990 3988 3989
3990 3991 3988
3991 3987 3988
3990 3992 3991
3993 3986 3987
3991 3993 3987
3991 3992 3993
3993 3994 3986
3993 3992 3994
3992 3995 3996
3997 3995 3989
3997 3996 3995
3998 3999 3997
3998 4000 3999
4001 3999 4000
4001 4000 4002
4003 4001 4002
4003 4002 4004
4004 4005 4003
4004 4006 4005
4006 4007 4005
4006 4008 4007
4009 4007 4008
4009 4008 4010
4011 4009 4010
4011 4012 4009
4013 4012 4011
4013 4014 4012
4013 4015 4014
4013 4016 4015
4016 4017 4015
4016 4018 4017
4018 4019 4017
4018 4020 4019
4021 4022 4023
4021 4024 4025
4025 4024 4026
4027 4025 4026
4028 4025 4027
4029 4025 4028
4023 4025 4030
4029 4030 4025
4031 4023 4030
4029 4031 4030
4032 4023 4031
4029 4033 4031
4031 4034 4032
4033 4034 4031
4033 4035 4034
4032 4034 4036
4034 4035 4037
4034 4038 4036
4034 4037 4038
4036 4038 4039
4039 4038 4040
4039 4040 4041
4041 4040 4042
4037 4043 4038
4037 4044 4043
4045 4043 4044
4045 4046 4043
4042 4043 4046
4047 4046 4045
4042 4046 4048
4042 4048 4049
4047 4050 4046
4051 4050 4047
4052 4049 4050
4051 4052 4050
4052 4053 4049
4052 4054 4053
4051 4055 4052
4052 4055 4054
4051 4056 4055
4057 4054 4055
4058 4055 4056
4057 4055 4058
4058 4056 4059
4060 4057 4058
4061 4058 4059
4060 4058 4061
4061 4059 4062
4063 4061 4062
4064 4060 4061
4063 4064 4061
4064 4065 4060
4066 4065 4064
4067 4064 4063
4066 4064 4067
4067 4063 4068
4066 4067 4069
4068 4069 4067
4070 4071 4072
4070 1040 4071
4073 4074 4075
4073 4076 4074
4077 4076 4073
4077 4078 4076
4079 4078 4077
4079 4080 4078
4081 4079 4082
4081 4082 4083
4083 4082 4073
4083 4073 4084
4084 4073 4085
4085 4074 4086
4084 4085 4087
4085 4086 4088
4087 4085 4088
4088 4086 4089
4087 4088 4090
4088 4089 4091
4090 4088 4092
4091 4089 4093
4090 4092 4094
4091 4093 4095
4094 4092 4096
4095 4093 4097
4094 4096 4098
4095 4097 4099
4098 4096 4099
4099 4097 4100
4098 4099 4101
4099 4100 4102
4101 4099 4102
4102 4100 4103
4101 4102 4104
4102 4103 4105
4104 4102 4105
4105 4103 4106
4104 4105 4107
4105 4106 4108
4107 4105 4108
4108 4106 4109
4107 4108 4110
4108 4109 4111
4110 4108 4111
4111 4109 4112
4110 4111 4113
4113 4111 4112
4114 4115 4116
4117 4115 4114
4118 4115 4117
4117 4114 4119
4118 4120 4115
4121 4120 4118
4121 4122 4120
4122 4123 4120
4119 4114 4124
4119 4124 4125
4114 4126 4124
4114 4127 4126
4127 4115 4128
4124 4126 4129
4125 4124 4130
4124 4129 4130
4125 4130 4131
4130 4129 4132
4131 4130 4133
4130 4132 4133
4131 4133 4134
4133 4132 4135
4134 4133 4136
4133 4135 4136
4134 4136 4137
4136 4135 4138
4137 4136 4139
4136 4138 4139
4137 4139 4140
4139 4138 4141
4140 4139 4142
4139 4141 4142
4140 4142 4143
4142 4141 4144
4143 4142 4145
4142 4144 4145
4143 4145 4146
4145 4144 4147
4146 4145 4148
4145 4147 4148
4146 4148 4149
4148 4147 4150
4149 4148 4150
4151 4152 4153
4151 4153 4154
4155 4154 4153
4155 4156 4154
4157 4154 4156
4154 4158 4151
4157 4158 4154
4151 4158 4159
4160 4158 4157
4159 4158 4161
4160 4162 4158
4158 4162 4161
4163 4162 4160
4161 4162 4164
4165 4162 4163
4165 4163 4166
4164 4162 4167
4162 4165 4167
4168 4164 4167
4169 4165 4166
4169 4167 4165
4169 4168 4167
4169 4166 4170
4169 4170 4171
4170 4172 4171
4169 4173 4168
4171 4173 4169
4171 4172 4174
4171 4174 4173
4174 4172 4175
4176 4173 4174
4176 4174 4175
4168 4177 4176
4168 4176 4178
4179 4180 4181
4179 4182 4180
4183 4180 4182
4183 4182 4184
4185 4184 4182
4185 4182 4186
4179 4186 4182
4187 4185 4186
4188 4186 4179
4188 4179 4189
4187 4186 4190
4191 4188 4190
4192 4187 4190
4190 4188 4193
4193 4194 4190
4195 4192 4190
4190 4194 4195
4196 4192 4195
4197 4195 4194
4197 4196 4195
4197 4198 4196
4197 4199 4198
4198 4199 4200
4199 4201 4200
4201 4202 4200
4203 4202 4201
4199 4204 4201
4199 4197 4204
4203 4201 4204
4197 4205 4204
4205 4206 4193
4197 4206 4205
4207 4208 4203
4207 4203 4209
4210 4211 4212
4210 4212 4213
4212 4214 4213
4213 4214 4215
4216 4210 4213
4213 4215 4217
4216 4213 4218
4213 4217 4218
4216 4218 4219
4218 4217 4219
4216 4219 4220
4219 4217 4221
4219 4222 4220
4223 4219 4221
4219 4224 4222
4223 4224 4219
4224 4225 4222
4223 4226 4224
4224 4226 4225
4223 4227 4226
4228 4226 4227
4225 4226 4229
4228 4229 4226
4225 4229 4230
4231 4229 4228
4231 4228 4232
4233 4231 4232
4233 4234 4231
4233 4235 4234
4233 4236 4235
4237 4235 4236
4237 4238 4235
4238 4237 4239
4238 4239 4240
4241 4240 4239
4241 4242 4240
4241 4243 4242
4241 4244 4243
4244 4245 4243
4246 4245 4247
4247 4248 4246
4247 4249 4248
4250 4248 4249
4250 4251 4248
4252 4251 4250
4252 4253 4251
4254 4253 4252
4254 4255 4253
4254 4256 4255
4254 4257 4256
4258 4256 4257
4258 4259 4256
4259 4258 4230
4259 4230 4260
4261 4262 4263
4261 4264 4262
4264 4265 4262
4264 4266 4265
4266 4267 4265
4266 4268 4267
4267 4268 4269
4267 4269 4270
4271 4270 4269
4271 4269 4272
4271 4272 4273
4271 4273 4274
4275 4274 4273
4275 4276 4274
4277 4276 4275
4277 4278 4276
4277 4279 4278
4277 4280 4279
4279 4280 4281
4279 4281 4282
4283 4282 4281
4284 4285 4283
4286 4285 4284
4286 4287 4285
4288 4287 4286
4288 4286 4289
4288 4289 4290
4288 4290 4291
4291 4290 4292
4291 4292 4293
4294 4293 4292
4294 4295 4293
4294 4296 4295
4294 4297 4296
4298 4296 4297
4298 4299 4296
4298 4300 4299
4298 4301 4300
4302 4265 4301
4302 4262 4265
4303 4262 4302
4303 4304 4262
4305 4306 4307
4306 4308 4307
4306 4309 4308
4309 4310 4308
4309 4311 4310
4310 4311 4312
4311 4313 4312
4313 4314 4312
4313 4315 4314
4315 4316 4314
4315 4317 4316
4317 4318 4316
4317 4319 4318
4319 4320 4318
4319 4321 4320
4321 4322 4320
4321 4323 4322
4323 4324 4322
4323 4325 4324
4325 4326 4324
4327 4328 4329
4330 4327 4329
4330 4329 4331
4332 4330 4331
4332 4331 4333
4334 4332 4333
4334 4333 4335
4336 4334 4335
4336 4335 4337
4338 4336 4337
4338 4337 4339
4340 4338 4339
4340 4339 4341
4342 4340 4341
4342 4341 4343
4344 4342 4343
4344 4343 4345
4346 4344 4345
4346 4345 4347
4348 4346 4347
4348 4349 4346
4349 4344 4346
4349 4350 4344
4350 4342 4344
4350 4351 4342
4351 4352 4342
4351 4353 4352
4353 4354 4352
4353 4355 4354
4355 4356 4354
4355 4357 4356
4357 4358 4356
4357 4359 4358
4359 4360 4358
4359 4361 4360
4361 4362 4360
4361 4363 4362
4363 4364 4362
4363 4365 4364
4365 4366 4364
4367 4368 4369
4369 4368 4370
4369 4370 4371
4371 4370 4372
4371 4372 4373
4373 4372 4374
4373 4374 4375
4375 4374 4376
4375 4376 4377
4377 4376 4378
4377 4378 4379
4380 4379 4378
4380 4378 4381
4380 4381 4382
4380 4382 4383
4383 4382 4384
4383 4384 4385
4385 4384 4386
4385 4386 4387
4387 4386 4388
4389 4390 4391
4392 4390 4389
4392 4393 4390
4394 4393 4392
4394 4395 4393
4396 4395 4394
4396 4397 4395
4396 4398 4397
4396 4399 4398
4400 4398 4399
4400 4401 4398
4402 4401 4400
4402 4403 4401
4404 4403 4402
4404 4405 4403
4406 4405 4404
4406 4407 4405
4408 4407 4406
4408 4409 4407
4410 4409 4408
4410 4408 4411
4411 4408 4406
4411 4406 4412
4412 4406 4413
4412 4413 4414
4414 4413 4415
4414 4415 4416
4416 4415 4417
4416 4417 4418
4418 4417 4419
4418 4419 4420
4421 4420 4419
4421 4419 4422
4421 4422 4423
4421 4423 4424
4424 4423 4425
4424 4425 4426
4426 4425 4427
4426 4427 4428
4428 4427 4429
4430 4431 4432
4430 4432 4433
4434 4430 4433
4434 4433 4435
4436 4434 4435
4436 4437 4434
4436 4438 4437
4436 4439 4438
4439 4440 4438
4439 4441 4440
4441 4442 4440
4441 4443 4442
4444 4442 4443
4445 4440 4442
4446 4440 4445
4446 4445 4447
4447 4448 4446
4447 4449 4448
4450 4448 4449
4450 4449 4451
4450 4451 4452
4450 4452 4453
4453 4452 4454
4455 4449 4447
4455 4447 4456
4457 4456 4447
4457 4447 4445
4457 4445 4458
4445 4442 4458
4457 4458 4459
4460 4458 4442
4444 4460 4442
4459 4458 4461
4460 4461 4458
4459 4461 4462
4463 4462 4461
4444 4464 4460
4444 4465 4464
4466 4464 4465
4467 4461 4460
4463 4461 4467
4467 4460 4464
4466 4468 4464
4468 4467 4464
4469 4468 4466
4470 4468 4469
4463 4467 4471
4468 4471 4467
4470 4471 4468
4463 4471 4472
4470 4472 4471
4473 4474 4475
4473 4476 4474
4477 4476 4473
4477 4473 4478
4479 4477 4478
4479 4480 4477
4481 4480 4479
4481 4482 4480
4483 4482 4481
4483 4484 4482
4485 4484 4483
4485 4486 4484
4487 4486 4485
4487 4488 4486
4487 4489 4488
4490 4489 4487
4490 4491 4489
4490 4492 4491
4492 4493 4491
4492 4494 4493
4495 4490 4487
4495 4492 4490
4495 4487 4496
4496 4487 4485
4495 4497 4492
4497 4498 4492
4497 4499 4498
4496 4485 4500
4500 4485 4483
4500 4483 4501
4501 4483 4481
4501 4481 4502
4502 4481 4479
4502 4479 4503
4503 4479 4504
4503 4504 4505
4504 4506 4505
4504 4507 4506
4506 4507 4508
4506 4508 4509
4509 4508 4510
4509 4510 4511
4508 4512 4510
4508 4474 4512
4510 4512 4513
4511 4510 4514
4510 4513 4514
4511 4514 4515
4514 4513 4516
4515 4514 4517
4514 4516 4517
4515 4517 4518
4517 4519 4518
4517 4520 4519
4519 4520 4521
4519 4521 4522
4522 4521 4523
4516 4524 4517
4516 4525 4524
4524 4525 4526
4524 4526 4527
4527 4526 4528
4529 4530 4531
4532 4531 4530
4532 4530 4533
4533 4534 4532
4533 4535 4534
4536 4534 4535
4536 4535 4537
4538 4536 4537
4538 4539 4536
4538 4540 4539
4538 4541 4540
4541 4542 4540
4541 4543 4542
4544 4542 4543
4544 4543 4545
4544 4545 4546
4544 4546 4547
4547 4546 4548
4547 4548 4549
4548 4550 4549
4548 4551 4550
4552 4550 4551
4552 4551 4553
4553 4554 4552
4553 4555 4554
4555 4556 4554
4555 4557 4556
4558 4559 4560
4559 4561 4560
4559 4562 4561
4562 4563 4561
4562 4564 4563
4564 4565 4563
4564 4566 4565
4566 4567 4565
4566 4568 4567
4569 4567 4568
4569 4568 4570
4569 4570 4571
4569 4571 4572
4573 4572 4571
4573 4571 4574
4573 4574 4575
4573 4575 4576
4577 4576 4575
4577 4575 4578
4577 4578 4579
4577 4579 4580
4580 4579 4581
4581 4579 4582
4583 4584 4585
4583 4586 4584
4583 4587 4586
4587 4588 4586
4587 4589 4588
4589 4590 4588
4589 4591 4590
4591 4592 4590
4591 4593 4592
4592 4593 4594
4594 4593 4595
4594 4595 4596
4596 4595 4597
4598 4596 4597
4598 4597 4599
4598 4599 4600
4598 4600 4601
4602 4601 4600
4602 4600 4603
4603 4604 4602
4603 4605 4604
4606 4607 4604
4606 4608 4607
4609 4610 4611
4609 4611 4612
4613 4609 4612
4613 4612 4614
4613 4614 4615
4613 4615 4616
4616 4615 4617
4616 4617 4618
4619 4618 4617
4619 4617 4620
4621 4619 4620
4621 4622 4619
4623 4622 4621
4623 4621 4624
4624 4625 4623
4624 4626 4625
4625 4626 4627
4625 4627 4628
4629 4628 4627
4629 4627 4630
4631 4629 4630
4631 4630 4632
4631 4632 4633
4631 4633 4634
4633 4635 4634
4636 4635 4637
4638 4635 4636
4636 4637 4639
4640 4638 4636
4636 4639 4640
4640 4641 4638
4640 4642 4641
4639 4643 4640
4640 4643 4642
4639 4644 4643
4643 4645 4642
4643 4646 4645
4647 4645 4646
4647 4648 4645
4648 4647 4649
4648 4649 4650
4649 4651 4650
4649 4652 4651
4653 4651 4652
4653 4652 4654
4655 4653 4654
4655 4654 4656
4655 4656 4657
4655 4657 4658
4659 4658 4657
4659 4657 4660
4661 4659 4660
4657 4656 4662
4660 4657 4662
4661 4660 4663
4663 4664 4661
4663 4665 4664
4666 4663 4660
4660 4662 4666
4667 4665 4663
4666 4667 4663
4667 4668 4665
4669 4667 4666
4669 4670 4667
4671 4669 4666
4671 4666 4662
4672 4671 4662
4656 4672 4662
4656 4673 4672
4656 4654 4673
4654 4674 4673
4654 4675 4674
4676 4674 4675
4676 4675 4677
4678 4676 4677
4678 4679 4676
4680 4679 4678
4680 4681 4679
4644 4681 4680
4644 4680 4682
4683 4684 4685
4683 4685 4686
4687 4683 4686
4687 4686 4688
4689 4687 4688
4689 4690 4687
4691 4690 4689
4691 4692 4690
4693 4692 4691
4693 4691 4694
4695 4693 4694
4695 4696 4693
4697 4696 4695
4697 4695 4698
4698 4699 4697
4698 4700 4699
4701 4699 4700
4701 4702 4699
4703 4702 4701
4703 4701 4704
4705 4703 4704
4705 4704 4706
4705 4706 4707
4705 4707 4708
4707 4709 4708
4710 4711 4712
4710 4712 4713
4714 4715 4716
4714 4717 4715
4718 4717 4714
4718 4719 4717
4720 4719 4718
4720 4718 4721
4722 4720 4721
4722 4721 4723
4724 4722 4723
4724 4723 4725
4726 4724 4725
4726 4725 4727
4728 4726 4727
4728 4727 4729
4730 4728 4729
4730 4729 4731
4732 4730 4731
4732 4731 4733
4733 4734 4732
4733 4735 4734
4734 4735 4736
4734 4736 4737
4736 4738 4737
4736 4739 4738
4738 4739 4740
4741 4742 4743
4741 4743 4744
4745 4744 4743
4745 4746 4744
4747 4741 4744
4746 4748 4744
4747 4744 4748
4746 4749 4748
4748 4749 4750
4751 4747 4748
4751 4752 4747
4748 4750 4753
4748 4753 4751
4753 4750 4754
4754 4750 4755
4754 4755 4756
4756 4755 4757
4757 4758 4756
4757 4759 4758
4759 4760 4758
4759 4761 4760
4762 4760 4761
4762 4761 4763
4764 4751 4753
4763 4765 4762
4766 4751 4764
4766 4752 4751
4764 4767 4766
4752 4766 4768
4766 4767 4769
4766 4769 4768
4768 4769 4770
4771 4769 4767
4770 4769 4772
4772 4769 4771
4771 4773 4772
4772 4773 4774
4775 4774 4773
4776 4774 4775
4776 4762 4777
4776 4777 4778
4762 4765 4777
4777 4779 4778
4765 4780 4777
4777 4780 4779
4779 4780 4781
4765 4782 4780
4781 4780 4782
4779 4781 4783
4781 4782 4784
4785 4783 4781
4781 4784 4786
4785 4781 4787
4781 4786 4787
4785 4787 4788
4787 4786 4788
4789 4790 4791
4792 4793 4790
4790 4794 4792
4794 4795 4792
4795 4794 4796
4791 4796 4794
4797 4795 4796
4798 4797 4796
4798 4796 4799
4799 4800 4798
4799 4801 4800
4799 4796 4802
4802 4801 4799
4796 4791 4802
4803 4801 4802
4803 4804 4801
4804 4803 4805
4806 4805 4803
4807 4806 4803
4808 4807 4803
4808 4803 4809
4803 4802 4809
4802 4791 4809
4810 4809 4791
4810 4791 4811
4812 4809 4810
4812 4813 4809
4812 4810 4814
4810 4811 4815
4814 4810 4815
4816 4815 4811
4816 4814 4815
4817 4818 4819
4817 4820 4818
4820 4817 4821
4822 4818 4820
4822 4820 4823
4820 4821 4823
4824 4822 4823
4823 4821 4825
4826 4823 4825
4827 4826 4825
4821 4827 4825
4817 4828 4821
4828 4817 4829
4830 4829 4817
4830 4831 4829
4831 4832 4829
4832 4833 4829
4833 4828 4829
4832 4834 4833
4834 4828 4833
4821 4835 4827
4828 4836 4821
4836 4835 4821
4837 4827 4835
4837 4838 4827
4837 4835 4839
4839 4835 4836
4839 4836 4840
4841 4840 4836
4828 4842 4836
4842 4828 4834
4842 4841 4836
4834 4843 4842
4841 4842 4843
4843 4834 4844
4841 4843 4845
4843 4844 4845
4846 4847 4848
4849 4846 4848
4850 4849 4848
4849 4850 4851
4852 4849 4851
4851 4853 4852
4851 4854 4853
4855 4851 4850
4855 4854 4851
4854 4855 4856
4857 4854 4856
4848 4858 4850
4848 4859 4858
4858 4859 4860
4858 4860 4861
4857 4861 4860
4862 4857 4860
4863 4862 4860
4863 4860 4864
4859 4864 4860
4848 4865 4859
4866 4865 4848
4866 4848 4867
4866 4868 4865
4865 4869 4859
4864 4859 4869
4868 4870 4865
4869 4865 4870
4868 4871 4870
4870 4871 4872
4869 4870 4872
4864 4869 4873
4874 4864 4873
4875 4874 4873
4874 4876 4864
4864 4876 4877
4878 4879 4880
4879 4878 4881
4882 4878 4883
4882 4884 4879
4885 4883 4878
4886 4883 4885
4887 4886 4885
4888 4887 4885
4889 4885 4878
4889 4888 4885
4890 4889 4879
4879 4891 4890
4879 4884 4891
4891 4884 4892
4892 4893 4891
4894 4895 4896
4896 4895 4897
4896 4897 4898
4898 4899 4896
4899 4900 4896
4895 4901 4897
4901 4902 4897
4901 4903 4902
4901 4904 4903
4901 4895 4905
4905 4904 4901
4906 4905 4895
4907 4906 4896
4896 4900 4908
4896 4908 4907
4908 4900 4909
4910 4907 4908
4910 4908 4909
4910 4911 4907
4910 4909 4912
4905 4913 4904
4904 4913 4914
4915 4914 4913
4905 4915 4913
4915 4916 4914
4917 4915 4905
4915 4917 4916
4917 4905 4918
4919 4916 4917
4920 4917 4918
4919 4917 4920
4920 4921 4919
4922 4921 4920
4921 4922 4923
4920 1307 4922
4920 4924 1307
4922 1315 4923
4925 1315 4922
4926 4923 1315
4927 4928 4929
4927 4929 4930
4930 4929 4931
4932 4927 4930
4931 4933 4930
4934 4932 4930
4933 4934 4930
4934 4935 4932
4936 4934 4933
4937 4934 4936
4937 4938 4935
4939 4934 4937
4940 4937 4936
4941 4937 4942
4941 4942 4943
4944 4942 4937
4942 4945 4943
4946 4942 4944
4946 4945 4942
4947 4948 4949
4947 4949 4950
4950 4949 4951
4950 4951 4952
4952 4953 4950
4953 4954 4950
4953 4955 4954
4950 4954 4956
4957 4949 4958
4949 4957 4959
4957 4960 4959
4961 4957 4958
4957 4962 4960
4961 4963 4957
4957 4963 4962
4963 4961 4964
4964 4962 4963
1333 4965 4966
4967 1333 4966
1333 4967 4968
4967 4969 4968
4968 4969 4970
4971 4970 4969
4972 4968 4970
1333 4973 4972
4974 4975 4976
4977 4975 4974
4977 4974 4978
4979 4977 4978
4974 4980 4978
4981 4980 4974
4981 4982 4980
4981 4974 4983
4983 4984 4981
4985 4981 4984
4986 4981 4985
4985 4987 4986
4988 4981 4986
4989 4981 4988
4987 4990 4986
4990 4987 4991
4992 4990 4991
4990 4992 4986
4992 4993 4986
4994 4995 4996
4994 4996 4997
4994 4997 4998
4998 4997 4999
4997 5000 4999
4997 5001 5000
4997 5002 5001
4997 4996 5002
5003 4998 5004
5003 5004 5000
5005 4996 5006
4996 5007 5006
5007 5008 5006
5009 5005 5006
5008 5010 5006
5006 5011 5009
5010 5011 5006
5009 5011 5012
5013 5011 5010
5011 5013 5012
5014 5015 5016
5017 5014 5016
5014 5017 5018
5019 5017 5016
5019 5020 5017
5020 5021 5017
5017 5021 5018
5016 5022 5019
5016 5023 5022
5022 5024 5019
5023 5025 5022
5024 5022 5026
5025 5026 5022
5018 5021 5027
5018 5027 5028
5027 5029 5028
5030 5029 5027
5030 5027 5021
5030 5021 5031
5031 5021 5032
5033 5026 5025
5034 5026 5033
5034 5035 5026
5036 5034 5033
5025 5037 5033
5036 5033 5037
5038 5036 5037
5025 5039 5037
5040 5037 5039
5039 5041 5040
5040 5041 5042
5040 5042 5043
5044 5037 5040
5045 5037 5044
5046 5044 5040
5046 5040 5043
5047 5046 5043
5048 5047 5043
5049 5050 5051
5049 5052 5050
5052 5049 5053
5054 5053 5049
5055 5054 5049
5056 5054 5055
5055 5049 5057
5058 5056 5055
5057 5059 5055
5060 5058 5055
5055 5059 5061
5061 5060 5055
5062 5060 5061
5062 5061 5063
5064 5060 5062
5064 5065 5060
5064 5062 5066
5067 5062 5063
5066 5062 5067
5068 5067 5063
5068 5066 5067
5069 5070 5071
5069 5072 5070
5073 5070 5072
5073 5072 5074
5075 5073 5074
5072 5076 5074
5076 5072 5077
5072 5069 5077
5077 5069 5078
5079 5078 5069
5079 5080 5078
5081 5077 5078
5080 5082 5078
5081 5078 5083
5082 5083 5078
5084 5081 5083
5082 5084 5083
5085 5086 5087
5085 5087 5088
5088 5089 5085
5088 5090 5089
5091 5089 5090
5092 5090 5088
5088 5087 5092
5092 5093 5090
5093 5091 5090
5094 5092 5087
5095 5094 5087
5095 5087 5096
5096 5087 5097
5096 5097 5098
5096 5099 5095
5098 5100 5096
5100 5099 5096
5100 5101 5099
5102 5091 5093
5102 5103 5091
5103 5102 5104
5105 5104 5102
5105 5102 5106
5106 5102 5093
5107 5105 5106
5108 5106 5093
5107 5106 5108
5108 5093 5109
5110 5107 5108
5109 5111 5108
5110 5108 5111
5109 5112 5111
5113 5110 5111
5113 5111 5114
5111 5115 5114
5114 5115 5116
5117 5113 5114
5114 5116 5117
5118 5113 5117
5117 5116 5119
5120 5118 5117
5120 5117 5119
5121 5122 5123
5121 5123 5124
5125 5121 5124
5126 5125 5124
5126 5124 5127
5124 5123 5127
5128 5127 5123
5128 5123 5129
5130 5129 5123
5130 5123 5131
5132 5129 5133
5129 5134 5133
5135 5133 5134
5129 5136 5134
5129 5137 5136
5134 5136 5138
5135 5134 5138
5139 5135 5138
5140 5141 5142
5140 5142 5143
5143 5144 5140
5144 5145 5140
5145 5144 5146
5147 5145 5146
5146 5148 5147
5146 5149 5148
5150 5146 5144
5150 5149 5146
5143 5150 5144
5143 5151 5150
5152 5151 5143
5152 5143 5142
5142 5153 5152
5149 5150 5154
5155 5149 5154
5150 5156 5154
5154 5156 5155
5150 5157 5156
5155 5156 5158
5157 5159 5156
5159 5158 5156
5159 5160 5158
5157 5161 5159
5161 5162 5159
5163 5162 5161
5159 5162 5164
5160 5162 5165
5166 5165 5162
5166 5162 5167
5168 5166 5167
5162 5169 5167
5170 5171 5172
5170 5173 5171
5173 5174 5171
5175 5173 5170
5175 5176 5173
5177 5173 5176
5173 5177 5174
5177 5176 5178
5179 5177 5178
5174 5177 5179
5179 5178 5180
5181 5179 5180
5174 5179 5182
5182 5183 5181
5182 5181 5184
5174 5182 5184
5184 5181 5185
5184 5185 5186
5184 5186 5187
5184 5188 5174
5188 5184 5187
5189 5174 5188
5190 5188 5187
5188 5190 5189
5190 5187 5191
5189 5190 5192
5192 5190 5191
5193 5189 5192
5192 5191 5194
5195 5196 5192
5192 5197 5195
5192 5198 5197
5199 5200 5195
5199 5195 5201
5198 5202 5201
5201 5202 5203
5199 5201 5203
5199 5203 5204
5205 5142 5206
5205 5207 5142
5208 5207 5205
5207 5153 5142
5208 5209 5207
5153 5207 5209
5208 5210 5209
5153 5209 5211
5209 5210 5211
5212 5213 5214
5215 5214 5213
5216 5215 5213
5217 5215 5216
5218 5214 5215
5170 5215 5217
5170 5218 5215
5218 5170 5219
5220 5221 5222
5222 5223 5220
5220 5223 5224
5223 5225 5224
5223 5222 5226
5223 5227 5225
5226 5227 5223
5226 5228 5227
5229 5227 5228
5227 5229 5230
5230 5229 5231
5229 5232 5231
5233 5232 5229
5234 5232 5233
5235 5233 5229
5229 5228 5235
5236 5234 5233
5235 5236 5233
5237 5235 5228
5237 5236 5235
5228 5226 5238
5237 5228 5238
5236 5239 5234
5239 5240 5234
5240 5239 5241
5242 5241 5239
5243 5239 5236
5242 5239 5243
5237 5243 5236
5244 5242 5243
5244 5243 5237
5245 5244 5237
5245 5237 5238
5246 5245 5238
5238 5226 5247
5246 5238 5247
5247 5226 5248
5249 5246 5247
5247 5248 5249
5250 5246 5249
5251 5249 5248
5251 5250 5249
5252 5253 5254
5252 5254 5255
5255 5256 5252
5256 5257 5252
5257 5256 5258
5259 5257 5258
5255 5260 5256
5260 5258 5256
5254 5261 5255
5255 5262 5260
5261 5262 5255
5263 5259 5258
5260 5264 5258
5258 5264 5263
5260 5262 5265
5262 5261 5266
5262 5266 5265
5264 5260 5267
5260 5265 5267
5268 5265 5266
5268 5269 5265
5265 5269 5267
5267 5269 5270
5270 5264 5267
5261 5271 5266
5266 5271 5272
5266 5272 5273
5274 5272 5271
5274 5271 5275
5276 5274 5275
5271 5277 5275
5277 5271 5261
5254 5277 5261
5254 5278 5277
5279 5278 5254
5279 5254 5280
5281 5278 5279
5277 5278 5282
5281 5282 5278
5277 5282 5283
5281 5284 5282
5282 5284 5283
5285 5286 5287
5285 5288 5286
5288 5289 5286
5289 5290 5286
5291 5286 5290
5289 5292 5290
5293 5292 5289
5294 5285 5291
5294 5291 5295
5296 5294 5295
5296 5259 5294
5296 5297 5259
5294 5259 5263
5263 5285 5294
5263 5298 5285
5298 5288 5285
5299 5298 5263
5299 5263 5264
5300 5293 5289
5288 5300 5289
5288 5298 5301
5299 5301 5298
5302 5300 5288
5288 5301 5302
5301 5303 5302
5302 5303 5304
5302 5305 5300
5304 5305 5302
5305 5293 5300
5304 5306 5305
5306 5307 5305
5308 5305 5307
5305 5308 5293
5309 5301 5299
5309 5310 5301
5309 5299 5311
5311 5299 5312
5313 5311 5312
5299 5264 5312
5313 5312 5264
5308 5314 5293
5314 5315 5293
5316 5315 5314
5316 5314 5317
5308 5317 5314
5316 5317 5318
5318 5317 5319
5318 5319 5320
5321 5317 5308
5321 5319 5317
5322 5321 5308
5322 5308 5323
5324 5322 5323
5325 5324 5323
5324 5326 5322
5327 5322 5326
5322 5327 5321
5327 5326 5328
5321 5329 5319
5330 5319 5329
5331 5319 5330
5321 5332 5329
5332 5321 5327
5332 5327 5333
5334 5333 5327
5334 5335 5333
5335 5336 5333
5336 5337 5333
5336 5338 5337
5339 5333 5337
5339 5332 5333
5338 5339 5337
5340 5332 5339
5341 5332 5340
5330 5341 5342
5342 5341 5340
5340 5343 5342
5339 5338 5344
5339 5344 5340
5344 5343 5340
5344 5338 5345
5344 5345 5343
5346 5347 5348
5346 5348 5349
5349 5350 5346
5349 5351 5350
5350 5351 5352
5352 5351 5353
5353 5354 5352
5354 5353 5355
5356 5353 5351
5357 5351 5349
5357 5356 5351
5349 5348 5358
5349 5358 5357
5359 5356 5357
5357 5358 5360
5357 5360 5359
5359 5361 5356
5361 5362 5356
5363 5362 5361
5363 5364 5362
5365 5363 5361
5365 5361 5359
5366 5365 5359
5366 5359 5360
5367 5358 5348
5368 5360 5358
5368 5358 5367
5367 5348 5369
5369 5348 5370
5369 5370 5371
5372 5369 5371
5369 5373 5367
5372 5373 5369
5372 5374 5373
5368 5367 5375
5376 5360 5368
5376 5377 5360
5376 5368 5378
5368 5375 5379
5378 5368 5379
5380 5379 5375
5380 5378 5379
5381 5382 5383
5381 5384 5382
5384 5381 5385
5381 5386 5385
5381 5387 5386
5388 5387 5381
5387 5389 5386
5388 5382 5390
5388 5391 5387
5390 5382 5392
5384 5393 5382
5382 5393 5392
5394 5392 5393
5393 5395 5394
5384 5396 5393
5394 5396 5397
5398 5387 5391
5387 5398 5389
5398 5391 5399
5397 5396 5400
5400 5401 5397
5400 5396 5402
5403 5398 5399
5389 5398 5403
5403 5399 5404
5405 5403 5404
5400 5406 5401
5400 5402 5406
5407 5406 5402
5406 5408 5401
5407 5408 5406
5402 5409 5407
5410 5408 5407
5407 5411 5410
5409 5412 5407
5407 5413 5411
5412 5413 5407
5413 5414 5411
5415 5413 5412
5413 5415 5414
5412 5389 5415
5415 5416 5414
5416 5415 5389
5416 5417 5414
5416 5418 5417
5416 5405 5418
5389 5419 5416
5419 5405 5416
5389 5403 5419
5419 5403 5405
5420 5421 5422
5420 5422 5423
5420 5423 5424
5420 5424 5425
5426 5420 5425
5426 5427 5420
5427 5428 5420
5429 5422 5428
5423 5422 5430
5429 5430 5422
5430 5431 5423
5429 5431 5430
5431 5432 5423
5429 5433 5431
5433 5434 5431
5431 5434 5435
5434 5436 5432
5433 5437 5434
5434 5438 5436
5438 5434 5437
5439 5440 5441
5442 5440 5439
5439 5443 5442
5444 5443 5439
5445 5442 5443
5445 5443 5446
5446 5443 5447
5447 5443 5444
5447 5444 5448
5448 5444 5449
5450 5448 5449
5449 5451 5450
5448 5450 5452
5452 5453 5448
5452 5454 5453
5455 5454 5452
5455 5452 5450
5450 5451 5455
5455 5451 5456
5457 5456 5451
5457 5451 5458
5459 5457 5458
5451 5440 5458
5459 5458 5460
5440 5460 5458
5459 5460 5461
5440 5462 5460
5460 5462 5463
5463 5462 5464
5464 5462 5440
5465 5464 5440
5465 5440 5442
5466 5464 5465
5467 5464 5466
5466 5465 5468
5442 5468 5465
5442 5469 5468
5470 5471 5472
5470 5473 5471
5470 5474 5473
5474 5475 5473
5476 5475 5474
5476 5477 5475
5473 5475 5477
5473 5477 5478
5473 5478 5471
5479 5471 5478
5480 5471 5479
5481 5471 5480
5481 5480 5482
5482 5480 5483
5483 5480 5484
5485 5484 5480
5480 5486 5485
5480 5479 5486
5479 5487 5486
5487 5488 5486
5487 5489 5488
5487 5479 5490
5489 5487 5490
5490 5479 5478
5489 5490 5491
5491 5490 5492
5478 5493 5490
5492 5490 5493
5493 5478 5494
5493 5495 5492
5494 5495 5493
5495 5494 5496
5497 5498 5499
5499 5500 5497
5500 5501 5497
5500 5502 5501
5502 5500 5503
5503 5500 5504
5499 5504 5500
5504 5505 5503
5505 5504 5499
5503 5505 5506
5506 5505 5507
5505 5499 5508
5499 5509 5508
5499 5510 5509
5511 5510 5497
5511 5509 5510
5512 5509 5511
5513 5509 5512
5513 5514 5509
5508 5509 5514
5505 5508 5515
5516 5505 5515
5516 5517 5505
5516 5515 5518
5515 5508 5519
5514 5519 5508
5518 5515 5520
5519 5520 5515
5518 5520 5521
5520 5522 5521
5519 5522 5520
5514 5523 5519
5524 5523 5514
5525 5523 5524
5524 5514 5526
5514 5527 5526
5528 5529 5530
5530 5531 5528
5532 5533 5528
5532 5530 5534
5535 5528 5533
5536 5535 5533
5537 5535 5536
5538 5535 5537
5539 5528 5535
5539 5535 5538
5540 5530 5539
5530 5540 5541
5530 5541 5534
5541 5542 5534
5542 5541 5543
5544 5545 5546
5546 5545 5547
5547 5545 5548
5545 5549 5548
5549 5550 5548
5545 5551 5549
5551 5545 5552
5552 5546 5553
5554 5550 5549
5554 5549 5551
5554 5555 5550
5554 5551 5556
5547 5557 5546
5547 5558 5557
5546 5557 5559
5559 5553 5546
5559 5557 5560
5559 5560 5561
5559 5561 5562
5553 5559 5562
5553 5562 5563
5562 5564 5563
5565 5563 5564
5553 5563 5565
5565 5564 5566
5567 5553 5565
5565 5566 5567
5567 5568 5553
5569 5567 5566
5570 5568 5567
5569 5570 5567
5570 5569 5571
5572 5570 5571
5571 5573 5572
5570 5572 1815
5570 1815 5574
5572 5573 1824
5575 5572 1824
5576 1824 5573
5577 5578 5579
5577 5580 5578
5580 5581 5578
5582 5580 5577
5581 5580 5583
5584 5580 5582
5583 5580 5584
5584 5582 5585
5586 5583 5584
5587 5586 5584
5587 5585 5588
5589 5586 5587
5590 5587 5584
5591 5592 5587
5591 5593 5592
5594 5587 5592
5592 5593 5595
5596 5594 5592
5596 5592 5595
5597 5598 5599
5597 5600 5598
5600 5601 5598
5600 5602 5601
5602 5600 5603
5603 5600 5604
5603 5604 5605
5600 5606 5604
5607 5608 5598
5598 5609 5607
5607 5609 5610
5611 5608 5607
5607 5610 5612
5607 5612 5613
5611 5607 5614
5615 5614 5612
5614 5615 5611
1838 5616 5617
5618 5616 1838
1838 5619 5618
1838 5620 5619
5618 5619 5621
5620 5622 5619
5619 5622 5621
5623 5621 5622
5624 5625 5626
5627 5624 5626
5627 5628 5624
5629 5628 5627
5624 5628 5630
5631 5624 5630
5631 5630 5632
5631 5633 5624
5633 5631 5634
5635 5634 5631
5636 5635 5631
5635 5636 5637
5638 5636 5631
5639 5638 5631
5637 5636 5640
5640 5641 5637
5642 5641 5640
5640 5636 5642
5642 5636 5643
5644 5645 5646
5644 5647 5645
5644 5648 5647
5647 5649 5645
5647 5650 5649
5647 5651 5650
5648 5652 5647
5647 5652 5651
5653 5652 5648
5653 5651 5652
5654 5655 5645
5645 5655 5656
5656 5655 5657
5658 5655 5654
5657 5655 5659
5655 5658 5660
5659 5655 5660
5658 5661 5660
5662 5659 5660
5660 5661 5662
5663 5664 5665
5666 5664 5663
5663 5667 5666
5668 5664 5666
5668 5666 5669
5669 5666 5670
5666 5667 5670
5664 5668 5671
5664 5671 5672
5671 5668 5673
5672 5671 5674
5673 5675 5671
5674 5671 5675
5667 5676 5670
5667 5677 5676
5676 5677 5678
5679 5676 5678
5679 5670 5676
5679 5680 5670
5680 5681 5670
5682 5674 5675
5683 5682 5675
5683 5675 5684
5685 5682 5683
5674 5682 5686
5685 5686 5682
5687 5686 5685
5674 5686 5688
5689 5688 5686
5688 5689 5690
5689 5691 5690
5689 5692 5691
5693 5689 5686
5694 5693 5686
5695 5689 5693
5695 5692 5689
5696 5692 5695
5697 5692 5696
5698 5699 5700
5698 5700 5701
5701 5702 5698
5703 5698 5702
5704 5698 5703
5705 5704 5703
5704 5706 5698
5707 5704 5705
5706 5704 5708
5709 5704 5707
5704 5710 5708
5710 5704 5709
5711 5710 5709
5711 5712 5710
5713 5711 5709
5713 5709 5714
5713 5715 5711
5716 5712 5711
5715 5716 5711
5717 5712 5716
5717 5716 5715
5718 5719 5720
5718 5720 5721
5722 5721 5720
5722 5723 5721
5724 5723 5722
5721 5723 5725
5725 5726 5721
5721 5726 5718
5726 5727 5718
5728 5718 5727
5728 5727 5729
5730 5727 5726
5729 5727 5731
5730 5732 5727
5731 5727 5732
5733 5732 5730
5731 5732 5733
5734 5735 5736
5734 5737 5735
5737 5734 5738
5737 5738 5739
5740 5739 5738
5741 5737 5739
5737 5741 5735
5741 5739 5742
5742 5739 5740
5743 5735 5741
5744 5735 5743
5744 5745 5735
5745 5746 5735
5745 5747 5746
5745 5744 5748
5747 5745 5749
5749 5745 5748
5749 5748 5750
5751 5742 5740
5751 5740 5752
5752 5753 5751
5754 5751 5753
5754 5755 5751
5755 5742 5751
5756 5755 5754
5757 5742 5755
5756 5757 5755
5757 5758 5742
5759 5757 5756
5758 5757 5760
5759 5760 5757
5758 5760 5761
5762 5760 5759
5762 5763 5760
5760 5763 5764
5763 5765 5764
5766 5763 5762
5763 5766 5765
5767 5766 5762
5766 5768 5765
5769 5766 5767
5769 5768 5766
5770 5771 5772
5770 5773 5771
5774 5773 5770
5775 5773 5774
5775 5776 5773
5773 5776 5771
5777 5771 5776
5777 5778 5771
5779 5771 5778
5779 5780 5771
5781 5782 5778
5778 5782 5783
5784 5783 5782
5778 5783 5785
5778 5785 5786
5783 5787 5785
5784 5787 5783
5788 5787 5784
5789 5790 5791
5789 5792 5790
5792 5789 5793
5793 5789 5794
5794 5795 5793
5796 5795 5794
5795 5796 5797
5795 5797 5798
5799 5793 5795
5799 5795 5798
5792 5793 5799
5792 5799 5800
5801 5792 5800
5801 5790 5792
5790 5801 5802
5798 5803 5799
5804 5803 5798
5799 5803 5805
5803 5804 5805
5799 5805 5806
5804 5807 5805
5806 5805 5808
5808 5805 5807
5808 5807 5809
5806 5808 5810
5810 5808 5811
5812 5810 5811
5808 5813 5811
5809 5814 5811
5815 5811 5814
5815 5816 5811
5817 5816 5815
5811 5816 5818
5819 5820 5821
5819 5821 5822
5822 5821 5823
5824 5819 5822
5824 5822 5825
5826 5825 5822
5822 5823 5826
5826 5827 5825
5828 5827 5826
5823 5828 5826
5828 5829 5827
5830 5829 5828
5823 5831 5828
5831 5830 5832
5831 5833 5830
5823 5833 5831
5833 5834 5830
5833 5835 5834
5833 5836 5835
5833 5823 5837
5837 5836 5833
5838 5837 5823
5839 5836 5837
5837 5838 5839
5839 5840 5836
5838 5841 5839
5841 5840 5839
5842 5841 5838
5841 5843 5840
5844 5841 5845
5841 5844 5846
5841 5846 5847
5847 5846 5848
5846 5849 5848
5850 5846 5844
5850 5849 5846
5850 5844 5851
5850 5852 5849
5853 5854 5790
5853 5790 5855
5856 5853 5855
5855 5790 5802
5856 5855 5857
5802 5857 5855
5856 5857 5858
5802 5859 5857
5857 5859 5858
5860 5861 5862
5863 5862 5861
5864 5862 5863
5865 5864 5863
5866 5863 5861
5819 5865 5863
5819 5863 5866
5866 5867 5819
5868 5869 5870
5869 5868 5871
5868 5872 5871
5871 5872 5873
5871 5874 5869
5871 5873 5875
5874 5871 5875
5874 5875 5876
5876 5877 5874
5878 5877 5876
5877 5879 5874
5879 5880 5874
5879 5881 5880
5882 5880 5881
5882 5881 5883
5883 5881 5884
5881 5879 5884
5884 5879 5877
5884 5877 5885
5885 5877 5878
5885 5878 5886
5886 5878 5887
5886 5887 5888
5888 5887 5889
5888 5889 5890
5891 5890 5889
5889 5892 5891
5887 5893 5889
5878 5893 5887
5893 5892 5889
5878 5894 5893
5878 5895 5894
5893 5896 5892
5894 5896 5893
5892 5896 5897
5898 5894 5895
5894 5898 5896
5896 5898 5897
5898 5895 5875
5898 5899 5897
5875 5900 5898
5900 5899 5898
2233 5901 2203
2233 2203 5902
5903 5904 5905
5903 5906 5904
5906 5903 5907
5906 5907 5908
5907 5909 5908
5909 5910 5908
5910 5909 5911
5911 5912 5910
5913 5906 5908
5906 5914 5904
5906 5913 5914
5915 5908 5910
5913 5908 5915
5916 5915 5910
5917 5913 5915
5917 5915 5916
5918 5916 5910
5918 5910 5919
5920 5916 5918
5920 5917 5916
5921 5917 5920
5921 5922 5917
5913 5917 5922
5913 5922 5914
5923 5904 5914
5924 5914 5922
5924 5923 5914
5923 5925 5904
5925 5926 5904
5925 5927 5926
5928 5927 5925
5925 5923 5929
5928 5925 5929
5928 5929 5930
5924 5931 5923
5932 5924 5922
5932 5922 5933
5932 5934 5924
5924 5935 5931
5934 5935 5924
5936 5931 5935
5936 5935 5934
5937 5938 5939
5937 5939 5940
5940 5941 5937
5937 5941 5942
5937 5942 5943
5944 5937 5943
5943 5942 5945
5944 5946 5939
5944 5943 5947
5946 5948 5939
5949 5947 5943
5943 5945 5949
5949 5950 5947
5940 5939 5951
5939 5948 5951
5952 5951 5948
5940 5951 5953
5951 5952 5953
5952 5954 5953
5954 5955 5953
5955 5954 5956
5955 5957 5953
5955 5956 5958
5958 5956 5959
5955 5960 5957
5961 5960 5959
5961 5957 5960
5962 5961 5959
5957 5961 5963
5961 5962 5964
5963 5961 5965
5961 5964 5966
5965 5961 5966
5966 5964 5967
5968 5965 5966
5966 5967 5968
5965 5968 5945
5968 5967 5969
5969 5945 5968
5969 5967 5970
5969 5970 5971
5969 5971 5972
5945 5969 5973
5973 5969 5972
5945 5973 5974
5973 5972 5974
5945 5974 5975
5972 5976 5974
5974 5950 5975
5974 5976 5950
5977 5978 5979
5977 5980 5978
5980 5981 5978
5982 5978 5981
5982 5983 5978
5984 5977 5983
5985 5977 5984
5985 5986 5977
5977 5986 5987
5977 5987 5980
5982 5988 5989
5988 5980 5989
5989 5980 5990
5982 5989 5991
5991 5989 5992
5989 5993 5992
5992 5990 5994
5991 5992 5995
5992 5994 5996
5996 5995 5992
5997 5998 5999
5997 5999 6000
6001 5997 6000
6001 6000 6002
6003 6001 6002
6003 6002 6004
6005 6003 6004
6005 6004 6006
6007 6005 6006
6007 6006 6008
6009 6007 6008
6000 5999 6010
6000 6010 6011
6002 6000 6011
6012 6010 5999
6002 6011 6013
6004 6002 6013
6004 6013 6014
6006 6004 6014
6006 6014 6015
6008 6006 6015
6012 5999 6016
6008 6015 6017
6018 6012 6016
6019 6008 6017
6009 6008 6019
6019 6017 6020
6009 6019 6021
6020 6021 6019
6009 6021 6022
6020 6023 6021
6021 6024 6022
6023 6025 6021
6021 6025 6024
6026 6024 6025
6023 6027 6025
6026 6025 6028
6028 6025 6027
6028 6027 6029
6030 6031 6016
6030 6032 6031
6018 6016 6031
6033 6031 6032
6034 6018 6031
6033 6034 6031
6034 6035 6018
6033 6036 6034
6036 6035 6034
6033 6037 6036
6036 6038 6035
6037 6039 6036
6039 6038 6036
6037 6040 6039
6039 6041 6038
6042 6043 6044
6042 6045 6043
6045 6046 6043
6045 6047 6046
6045 6042 6048
6049 6047 6045
6045 6048 6050
6049 6045 6050
6051 6050 6048
6052 6049 6050
6051 6052 6050
6052 6053 6049
6052 6051 6054
6055 6053 6052
6052 6054 6056
6055 6052 6056
6057 6056 6054
6058 6055 6056
6057 6058 6056
6058 6059 6055
6060 6058 6057
6061 6059 6058
6060 6061 6058
6061 6062 6059
6061 6060 6063
6062 6061 6064
6061 6063 6064
6062 6064 6065
6066 6064 6063
6067 6065 6064
6066 6067 6064
6067 6068 6065
6069 6067 6066
6070 6068 6067
6069 6070 6067
6070 6071 6068
6072 6070 6069
6073 6071 6070
6072 6073 6070
6073 6074 6071
6075 6073 6072
6076 6074 6073
6075 6076 6073
6076 6077 6074
6078 6076 6075
6079 6077 6076
6078 6079 6076
6079 6080 6077
6081 6079 6078
6082 6080 6079
6081 6082 6079
6082 6083 6080
6084 6083 6082
6084 6082 6085
6085 6082 6081
6085 6081 6086
6087 6088 6089
6087 6089 6090
6090 6089 6091
6090 6091 6092
6091 6093 6092
6091 6094 6093
6094 6095 6093
6094 6096 6095
6095 6096 6097
6095 6097 6098
6097 6099 6098
6097 6100 6099
6099 6100 6101
6099 6101 6102
6101 6103 6102
6101 6104 6103
6103 6104 6105
6103 6105 6106
6105 6107 6106
6105 6108 6107
6109 6107 6108
6110 6111 6112
6113 6110 6112
6113 6114 6110
6113 6115 6114
6113 6116 6115
6116 6117 6115
6116 6118 6117
6118 6119 6117
6116 6113 6120
6116 6120 6121
6118 6116 6121
6122 6120 6113
6122 6113 6123
6124 6122 6123
6125 6124 6123
6118 6121 6126
6127 6118 6126
6118 6127 6119
6127 6126 6128
6127 6128 6129
6119 6127 6130
6127 6129 6130
6119 6130 6131
6130 6129 6132
6131 6130 6133
6130 6132 6133
6131 6133 6134
6135 6134 6133
6136 6133 6132
6135 6133 6136
6136 6132 6137
6138 6135 6136
6139 6136 6137
6138 6136 6139
6139 6137 6140
6141 6138 6139
6142 6139 6140
6141 6139 6142
6142 6140 6143
6144 6141 6142
6145 6142 6143
6144 6142 6145
6145 6143 6146
6147 6145 6146
6148 6144 6145
6147 6148 6145
6148 6149 6144
6150 6148 6147
6150 6149 6148
6151 6152 6153
6151 6087 6152
6154 6155 6156
6156 6155 6157
6156 6157 6158
6157 6159 6158
6157 6160 6159
6159 6160 6161
6162 6156 6158
6163 6156 6162
6162 6158 6164
6159 6164 6158
6159 6165 6164
6166 6165 6159
6159 6161 6167
6166 6159 6167
6161 6168 6167
6168 6166 6167
6161 6169 6168
6168 6170 6166
6168 6169 6171
6170 6168 6172
6168 6171 6172
6170 6172 6173
6174 6172 6171
6175 6173 6172
6174 6175 6172
6175 6176 6173
6175 6174 6177
6176 6175 6178
6175 6177 6178
6176 6178 6179
6178 6177 6180
6179 6178 6181
6178 6180 6181
6179 6181 6182
6181 6180 6183
6183 6182 6181
6183 6180 6184
6183 6185 6182
6186 6183 6184
6186 6185 6183
6186 6184 6187
6186 6188 6185
6189 6186 6187
6189 6188 6186
6189 6187 6190
6189 6191 6188
6192 6189 6190
6192 6191 6189
6192 6190 6193
6192 6194 6191
6192 6193 6195
6196 6194 6192
6192 6195 6196
6196 6197 6194
6196 6195 6198
6199 6197 6196
6196 6198 6199
6199 6200 6197
6198 6201 6199
6201 6200 6199
6201 6202 6200
6203 6202 6201
6198 6204 6201
6203 6201 6205
6204 6205 6201
6204 6206 6205
6207 6208 6209
6207 6209 6210
6211 6212 6213
6211 6213 6214
6215 6216 6217
6217 6216 6218
6217 6218 6219
6220 6219 6218
6220 6218 6221
6222 6220 6221
6222 6223 6220
6224 6223 6222
6224 6222 6225
6226 6224 6225
6226 6227 6224
6227 6226 6228
6227 6228 6229
6228 6230 6229
6228 6231 6230
6230 6231 6232
6230 6232 6233
6232 6234 6233
6232 6235 6234
6234 6235 6236
6234 6236 6237
6236 6238 6237
6236 6239 6238
6239 6240 6238
6239 6241 6240
6241 6242 6240
6243 6244 6245
6243 6246 6244
6247 6246 6243
6247 6248 6246
6249 6248 6247
6249 6250 6248
6251 6250 6249
6251 6252 6250
6253 6252 6251
6253 6254 6252
6255 6254 6253
6246 6256 6244
6246 6257 6256
6248 6257 6246
6258 6244 6256
6248 6259 6257
6250 6259 6248
6250 6260 6259
6252 6260 6250
6252 6261 6260
6254 6261 6252
6258 6262 6244
6254 6263 6261
6264 6262 6258
6265 6263 6254
6255 6265 6254
6265 6266 6263
6255 6267 6265
6266 6265 6267
6255 6268 6267
6266 6267 6269
6267 6268 6270
6269 6267 6271
6267 6270 6271
6272 6271 6270
6269 6271 6273
6272 6274 6271
6274 6273 6271
6274 6275 6273
6276 6262 6277
6276 6277 6278
6264 6277 6262
6279 6278 6277
6280 6277 6264
6279 6277 6280
6280 6264 6281
6279 6280 6282
6282 6280 6281
6279 6282 6283
6282 6281 6284
6283 6282 6285
6285 6282 6284
6283 6285 6286
6285 6284 6287
6288 6289 6290
6288 6290 6291
6291 6290 6292
6291 6292 6293
6291 6294 6288
6295 6291 6293
6291 6296 6294
6295 6296 6291
6297 6294 6296
6298 6296 6295
6297 6296 6298
6298 6295 6299
6298 6300 6297
6301 6298 6299
6298 6302 6300
6301 6302 6298
6303 6300 6302
6304 6302 6301
6303 6302 6304
6304 6301 6305
6306 6303 6304
6307 6304 6305
6306 6304 6307
6307 6305 6308
6307 6309 6306
6308 6310 6307
6307 6310 6309
6308 6311 6310
6312 6309 6310
6313 6310 6311
6312 6310 6313
6313 6311 6314
6315 6312 6313
6316 6313 6314
6315 6313 6316
6316 6314 6317
6318 6315 6316
6319 6316 6317
6318 6316 6319
6319 6317 6320
6321 6318 6319
6322 6319 6320
6321 6319 6322
6322 6320 6323
6324 6321 6322
6325 6322 6323
6324 6322 6325
6325 6323 6326
6327 6324 6325
6328 6325 6326
6327 6325 6328
6328 6326 6329
6330 6328 6329
6330 6331 6328
6331 6327 6328
6331 6332 6327
6333 6334 6335
6333 6336 6334
6336 6337 6334
6336 6338 6337
6337 6338 6339
6337 6339 6340
6340 6339 6341
6340 6341 6342
6341 6343 6342
6341 6344 6343
6343 6344 6345
6343 6345 6346
6345 6347 6346
6345 6348 6347
6347 6348 6349
6347 6349 6350
6349 6351 6350
6349 6352 6351
6351 6352 6353
6351 6353 6354
6355 6354 6353
6356 6357 6358
6359 6357 6356
6359 6356 6360
6359 6360 6361
6359 6361 6362
6362 6361 6363
6362 6363 6364
6364 6363 6365
6362 6366 6359
6362 6367 6366
6364 6367 6362
6368 6359 6366
6368 6369 6359
6370 6369 6368
6371 6369 6370
6364 6372 6367
6373 6372 6364
6364 6365 6373
6373 6374 6372
6373 6375 6374
6365 6376 6373
6373 6376 6375
6365 6377 6376
6376 6378 6375
6377 6379 6376
6376 6379 6378
6377 6380 6379
6381 6379 6380
6382 6378 6379
6381 6382 6379
6382 6383 6378
6384 6382 6381
6385 6383 6382
6384 6385 6382
6385 6386 6383
6387 6385 6384
6388 6386 6385
6387 6388 6385
6388 6389 6386
6390 6388 6387
6391 6389 6388
6390 6391 6388
6391 6392 6389
6393 6392 6391
6394 6391 6390
6393 6391 6394
6394 6390 6395
6396 6393 6394
6396 6394 6395
6397 6398 6399
6397 6399 6333
6400 6401 6402
6401 6403 6402
6401 6404 6403
6403 6404 6405
6403 6405 6406
6405 6407 6406
6408 6404 6401
6409 6408 6401
6408 6410 6404
6405 6404 6410
6405 6410 6411
6412 6405 6411
6405 6413 6407
6412 6413 6405
6407 6413 6414
6414 6413 6412
6407 6414 6415
6414 6412 6416
6414 6417 6415
6416 6418 6414
6414 6418 6417
6416 6419 6418
6420 6417 6418
6421 6418 6419
6420 6418 6421
6421 6419 6422
6421 6423 6420
6422 6424 6421
6421 6424 6423
6422 6425 6424
6424 6426 6423
6425 6427 6424
6424 6427 6426
6425 6428 6427
6427 6429 6426
6429 6427 6428
6429 6430 6426
6429 6428 6431
6432 6430 6429
6432 6429 6431
6432 6433 6430
6432 6431 6434
6435 6433 6432
6435 6432 6434
6435 6436 6433
6435 6434 6437
6438 6436 6435
6438 6435 6437
6438 6439 6436
6438 6437 6440
6438 6441 6439
6442 6438 6440
6438 6442 6441
6442 6440 6443
6442 6444 6441
6445 6442 6443
6442 6445 6444
6445 6443 6446
6444 6445 6447
6447 6445 6446
6447 6446 6448
6449 6447 6448
6444 6447 6450
6449 6451 6447
6450 6447 6451
6450 6451 6452
6453 6454 6455
6453 6456 6454
6457 6458 6459
6457 6460 6458
6461 6462 6463
6462 6464 6463
6462 6465 6464
6466 6464 6465
6466 6467 6464
6468 6467 6466
6468 6466 6469
6470 6468 6469
6470 6471 6468
6472 6471 6470
6472 6470 6473
6473 6474 6472
6473 6475 6474
6474 6475 6476
6474 6476 6477
6476 6478 6477
6476 6479 6478
6478 6479 6480
6478 6480 6481
6480 6482 6481
6480 6483 6482
6482 6483 6484
6482 6484 6485
6485 6484 6486
6485 6486 6487
6487 6486 6488
6489 6490 6491
6492 6490 6489
6492 6493 6490
6494 6493 6492
6494 6495 6493
6494 6496 6495
6494 6497 6496
6497 6498 6496
6497 6499 6498
6499 6500 6498
6500 6501 6498
6501 6500 6502
6501 6502 6503
6504 6503 6502
6504 6505 6503
6505 6504 6506
6505 6506 6507
6508 6507 6506
6507 6509 6505
6507 6510 6509
6511 6505 6509
6507 6512 6510
6508 6512 6507
6505 6511 6513
6508 6514 6512
6515 6513 6511
6508 6516 6514
6517 6513 6515
6516 6518 6514
6516 6519 6518
6518 6519 6520
6521 6520 6519
6522 6517 6515
6520 6521 6523
6521 6524 6523
6517 6522 6525
6526 6523 6524
6525 6522 6527
6525 6527 6528
6522 6529 6527
6530 6527 6529
6527 6531 6528
6530 6532 6527
6527 6532 6531
6532 6530 6533
6532 6533 6534
6531 6532 6534
6531 6534 6535
6534 6536 6535
6526 6537 6523
6526 6538 6537
6539 6523 6537
6540 6523 6539
6541 6540 6539
6542 6540 6541
6543 6542 6541
6543 6541 6544
6543 6544 6545
6543 6545 6546
6539 6537 6547
6539 6547 6548
6538 6549 6537
6538 6550 6549
6538 6551 6550
6549 6552 6537
6552 6547 6537
6552 6549 6550
6551 6553 6550
6551 6554 6553
6553 6554 6555
6554 6556 6555
6550 6553 6557
6553 6558 6557
6558 6553 6555
6557 6559 6550
6552 6550 6559
6560 6558 6555
6555 6561 6560
6561 6555 6562
6562 6563 6561
6562 6564 6563
6556 6565 6555
6555 6565 6562
6562 6566 6564
6565 6566 6562
6564 6566 6567
6556 6568 6565
6568 6566 6565
6569 6568 6556
6566 6570 6567
6568 6570 6566
6568 6569 6571
6571 6570 6568
6569 6572 6571
6573 6571 6572
6567 6570 6574
6571 6574 6570
6571 6573 6574
6575 6567 6574
6574 6573 6576
6575 6574 6577
6574 6576 6577
6578 6579 6580
6581 6578 6580
6578 6581 6582
6580 6583 6581
6581 6584 6582
6584 6585 6582
6584 6586 6585
6584 6587 6586
6583 6588 6581
6583 6589 6588
6584 6581 6590
6584 6590 6587
6581 6588 6590
6587 6590 6591
6591 6590 6588
6587 6591 6592
6593 6588 6589
6591 6588 6593
6593 6589 6594
6592 6591 6595
6593 6595 6591
6592 6595 6596
6597 6593 6594
6595 6593 6597
6597 6594 6598
6599 6597 6598
6599 6598 6600
6599 6600 6601
6602 6595 6597
6599 6602 6597
6599 6601 6603
6601 6604 6603
6595 6602 6605
6595 6605 6596
6606 6602 6599
6605 6602 6606
6606 6599 6603
6605 6606 6607
6606 6608 6607
6609 6608 6606
6609 6606 6603
6610 6608 6609
6604 6611 6603
6611 6609 6603
6611 6604 6612
6613 6610 6609
6614 6610 6613
6614 6615 6610
6616 6615 6614
6617 6616 6614
6618 6609 6611
6611 6612 6619
6618 6611 6619
6619 6612 6620
6618 6619 6621
6619 6620 6621
6622 6618 6621
6622 6621 6623
6620 6623 6621
6620 6624 6623
6625 6626 6627
6625 6628 6626
6629 6628 6625
6629 6625 6630
6629 6630 6631
6632 6633 6626
6632 6626 6634
6632 6634 6635
6632 6635 6636
6636 6635 6637
6636 6637 6638
6639 6638 6637
6639 6637 6640
6641 6639 6640
6641 6640 6642
6641 6642 6643
6641 6643 6644
6644 6643 6645
6644 6645 6646
6647 6646 6645
6647 6648 6646
6648 6647 6649
6648 6649 6650
6651 6652 6653
6654 6652 6651
6654 6651 6655
6656 6654 6655
6655 6657 6656
6656 6657 6658
6657 6659 6658
6660 6658 6659
6659 6661 6660
6661 6662 6660
6660 6662 6663
6664 6663 6662
6664 6665 6663
6666 6665 6664
6666 6667 6665
6668 6667 6666
6668 6666 6669
6670 6668 6669
6671 6672 6673
6671 6674 6672
6672 6674 6675
6671 6676 6674
6671 6677 6676
6675 6674 6678
6676 6678 6674
6675 6678 6679
6678 6680 6679
6679 6680 6681
6676 6682 6678
6682 6680 6678
6676 6677 6683
6676 6683 6682
6680 6684 6681
6685 6681 6684
6686 6683 6677
6686 6677 6687
6688 6686 6687
6682 6683 6689
6683 6686 6689
6682 6690 6680
6684 6680 6690
6682 6689 6690
6688 6691 6686
6686 6691 6689
6688 6692 6691
6689 6693 6690
6693 6689 6691
6692 6694 6691
6694 6693 6691
6694 6692 6695
6696 6684 6690
6693 6696 6690
6697 6684 6696
6684 6697 6685
6697 6698 6685
6698 6697 6696
6698 6699 6685
6699 6698 6700
6701 6696 6693
6701 6698 6696
6698 6702 6700
6701 6702 6698
6702 6703 6700
6703 6702 6704
6702 6705 6704
6704 6705 6559
6705 6706 6559
6559 6706 6552
6706 6707 6552
6552 6707 6547
6701 6693 6708
6693 6694 6708
6709 6702 6701
6709 6701 6708
6710 6702 6709
6694 6711 6708
6711 6694 6695
6712 6708 6711
6709 6708 6712
6713 6711 6695
6713 6712 6711
6596 6713 6695
6709 6714 6710
6714 6715 6710
6707 6715 6714
6716 6709 6712
6716 6712 6713
6716 6714 6709
6717 6713 6596
6717 6716 6713
6717 6596 6718
6707 6714 6719
6719 6714 6716
6718 6720 6717
6718 6721 6720
6716 6717 6722
6719 6716 6722
6717 6720 6722
6723 6707 6719
6707 6723 6547
6548 6547 6723
6722 6724 6719
6722 6720 6724
6723 6719 6725
6548 6723 6725
6724 6725 6719
6721 6726 6720
6721 6727 6726
6727 6728 6726
6548 6725 6729
6545 6548 6729
6720 6730 6724
6726 6730 6720
6728 6731 6726
6731 6730 6726
6731 6728 6732
6725 6724 6733
6733 6724 6730
6725 6733 6729
6731 6733 6730
6734 6729 6733
6734 6545 6729
6734 6733 6731
6735 6731 6732
6735 6734 6731
6736 6735 6732
6737 6545 6734
6737 6546 6545
6738 6734 6735
6738 6735 6736
6738 6737 6734
6736 6739 6738
6736 6740 6739
6740 6741 6739
6737 6738 6742
6738 6739 6742
6741 6743 6739
6742 6739 6743
6743 6741 6744
6737 6745 6546
6737 6742 6745
6746 6743 6744
6747 6746 6744
6742 6743 6748
6745 6742 6748
6745 6749 6546
6749 6750 6546
6748 6743 6751
6743 6746 6751
6745 6748 6752
6749 6745 6752
6751 6752 6748
6749 6753 6750
6753 6542 6750
6753 6749 6754
6749 6752 6754
6754 6752 6755
6755 6752 6756
6751 6756 6752
6755 6756 6757
6755 6757 6758
6759 6758 6757
6758 6759 6760
6761 6757 6756
6759 6757 6761
6762 6756 6751
6761 6756 6762
6763 6762 6751
6763 6751 6746
6759 6764 6760
6760 6764 6765
6765 6764 6766
6759 6761 6767
6767 6761 6768
6767 6768 6763
6746 6769 6763
6747 6769 6746
6763 6769 6770
6769 6747 6770
6770 6767 6763
6747 6771 6770
6767 6772 6759
6770 6772 6767
6759 6772 6764
6770 6771 6773
6770 6773 6772
6771 6774 6773
6775 6773 6774
6776 6772 6773
6776 6773 6775
6764 6772 6776
6777 6776 6775
6764 6776 6778
6778 6766 6764
6777 6779 6776
6778 6776 6779
6777 6780 6779
6766 6778 6781
6781 6778 6779
6766 6781 6782
6783 6782 6781
6779 6783 6781
6783 6784 6782
6780 6785 6779
6779 6785 6783
6785 6780 6786
6784 6783 6787
6784 6787 6788
6789 6785 6786
6786 6790 6789
6783 6785 6791
6785 6789 6791
6791 6792 6783
6790 6793 6789
6793 6791 6789
6793 6790 6794
6793 6794 6795
6793 6796 6791
6793 6795 6796
6796 6792 6791
6795 6797 6796
6792 6796 6798
6798 6796 6797
6799 6792 6798
6799 6798 6800
6798 6801 6800
6798 6797 6802
6798 6802 6801
6803 6802 6797
6801 6802 6803
6803 6797 6804
6801 6803 6805
6803 6804 6806
6807 6805 6803
6803 6806 6807
6807 6808 6805
6809 6807 6806
6809 6808 6807
6809 6806 6810
6809 6811 6808
6808 6811 6812
6813 6809 6810
6813 6811 6809
6814 6813 6810
6812 6811 6815
6813 6815 6811
6812 6815 6816
6813 6814 6817
6817 6815 6813
6817 6814 6818
6816 6815 6819
6817 6819 6815
6816 6819 6820
6819 6821 6820
6822 6817 6818
6822 6819 6817
6823 6822 6818
6819 6824 6821
6822 6824 6819
6821 6824 6825
6822 6823 6826
6826 6824 6822
6823 6827 6826
6824 6828 6825
6826 6828 6824
6828 6829 6825
6829 6828 6826
6826 6827 6830
6829 6826 6830
6827 6831 6830
6829 6832 6825
6832 6829 6833
6834 6830 6831
6834 6831 6835
6836 6829 6830
6834 6836 6830
6833 6829 6837
6836 6837 6829
6837 6838 6833
6834 6835 6839
6839 6836 6834
6835 6840 6839
6839 6840 6841
6842 6837 6836
6842 6838 6837
6842 6836 6839
6839 6841 6843
6843 6842 6839
6838 6842 6844
6843 6844 6842
6845 6838 6844
6841 6846 6843
6844 6843 6846
6841 6847 6846
6845 6844 6848
6844 6846 6848
6845 6848 6849
6846 6847 6850
6850 6848 6846
6847 6851 6850
6852 6850 6851
6853 6849 6848
6850 6853 6848
6853 6854 6849
6852 6855 6850
6855 6853 6850
6852 6856 6855
6852 6857 6856
6856 6857 6858
6859 6854 6853
6855 6859 6853
6856 6859 6855
6859 6860 6854
6860 6859 6861
6856 6861 6859
6860 6861 6862
6862 6861 6863
6863 6861 6856
6862 6863 6864
6856 6858 6865
6863 6856 6865
6866 6865 6858
6866 6867 6865
6863 6865 6867
6867 6866 6868
6869 6864 6863
6863 6867 6869
6868 6869 6867
6869 6870 6864
6870 6869 6868
6871 6872 6873
6874 6871 6873
6875 6874 6873
6876 6874 6875
6877 6871 6874
6877 6878 6871
6878 6879 6871
6878 6880 6879
6881 6877 6874
6876 6881 6874
6881 6882 6877
6883 6882 6881
6884 6881 6876
6883 6881 6884
6884 6876 6885
6886 6883 6884
6884 6885 6887
6886 6884 6888
6884 6887 6888
6888 6889 6886
6888 6887 6890
6888 6891 6889
6891 6888 6890
6892 6891 6890
6889 6891 6893
6894 6891 6892
6891 6895 6893
6894 6895 6891
6896 6893 6895
6894 6897 6895
6896 6895 6898
6897 6899 6895
6895 6899 6898
6897 6900 6899
6899 6901 6898
6902 6899 6900
6899 6902 6901
6903 6904 6905
6903 6906 6904
6906 6907 6904
6906 6908 6907
6908 6909 6907
6910 6908 6906
6911 6910 6906
6911 6912 6910
6913 6910 6912
6913 6914 6910
6914 6915 6910
6910 6915 6908
6914 6916 6915
6917 6915 6916
6908 6918 6909
6915 6918 6908
6918 6919 6909
6917 6920 6915
6915 6920 6918
6920 6917 6921
6918 6922 6919
6918 6920 6922
6922 6923 6919
6921 6924 6920
6920 6924 6922
6921 6925 6924
6922 6926 6923
6922 6924 6926
6926 6927 6923
6924 6925 6928
6924 6928 6926
6926 6928 6929
6925 6930 6928
6928 6930 6929
6930 6931 6929
6929 6931 6932
6926 6933 6927
6933 6926 6929
6933 6934 6927
6933 6935 6934
6933 6929 6935
6935 6936 6934
6937 6929 6932
6929 6937 6935
6935 6938 6936
6937 6938 6935
6938 6939 6936
6932 6940 6937
6937 6940 6938
6932 6941 6940
6938 6942 6939
6940 6942 6938
6942 6943 6939
6941 6944 6940
6940 6944 6942
6941 6945 6944
6944 6945 6946
6942 6947 6943
6947 6948 6943
6944 6949 6942
6949 6944 6946
6949 6947 6942
6947 6950 6948
6949 6950 6947
6951 6949 6946
6949 6951 6950
6950 6951 6952
6953 6951 6946
6952 6951 6953
6954 6952 6953
6952 6954 6955
6956 6948 6950
6950 6952 6956
6956 6957 6948
6956 6958 6957
6956 6959 6958
6952 6959 6956
6959 6960 6958
6961 6952 6955
6952 6961 6959
6959 6962 6960
6961 6962 6959
6962 6963 6960
6955 6964 6961
6961 6964 6962
6955 6965 6964
6962 6966 6963
6964 6966 6962
6966 6967 6963
6965 6968 6964
6964 6968 6966
6968 6967 6966
6965 6969 6968
6969 6967 6968
6970 6971 6972
6970 6973 6971
6970 6974 6973
6970 6975 6974
6975 6976 6974
6975 6977 6976
6977 6978 6976
6977 6979 6978
6979 6980 6978
6979 6981 6980
6981 6982 6980
6981 6983 6982
6983 6984 6982
6983 6985 6984
6985 6986 6984
6985 6987 6986
6987 6988 6986
6987 6989 6988
6989 6990 6988
6989 6991 6990
6992 6990 6991
6992 6993 6990
6992 6994 6993
6992 6995 6994
6995 6996 6994
6995 6997 6996
6997 6998 6996
6997 6999 6998
6999 7000 6998
6999 7001 7000
7001 7002 7000
7001 7003 7002
7003 7004 7002
7003 7005 7004
7004 7005 7006
7004 7006 7007
7007 7006 7008
7009 7010 7011
7009 7012 7010
7009 7013 7012
7009 7014 7013
7014 7015 7013
7014 7016 7015
7016 7017 7015
7016 7018 7017
7018 7019 7017
7018 7020 7019
7020 7021 7019
7020 7022 7021
7022 7023 7021
7022 7024 7023
7024 7025 7023
7024 7026 7025
7026 7027 7025
7026 7028 7027
7028 7029 7027
7028 7030 7029
7031 7029 7030
7031 7032 7029
7031 7033 7032
7031 7034 7033
7034 7035 7033
7034 7036 7035
7036 7037 7035
7036 7038 7037
7038 7039 7037
7038 7040 7039
7040 7041 7039
7040 7042 7041
7042 7043 7041
7042 7044 7043
7043 7044 7045
7043 7045 7046
7046 7045 7047
7048 7049 7050
7049 7051 7050
7051 7052 7050
7051 7053 7052
7053 7054 7052
7052 7054 7055
7054 7056 7055
7053 7057 7054
7054 7058 7056
7057 7059 7054
7054 7059 7058
7057 7060 7059
7061 7059 7060
7062 7058 7059
7061 7062 7059
7062 7063 7058
7061 7064 7062
7061 7065 7064
7062 7066 7063
7066 7067 7063
7065 7068 7064
7065 7069 7068
7062 7064 7070
7062 7070 7066
7069 7071 7068
7069 7072 7071
7064 7068 7073
7064 7073 7070
7068 7074 7073
7068 7071 7074
7072 7075 7071
7072 7076 7075
7075 7076 7077
7078 7070 7073
7078 7073 7074
7066 7070 7079
7078 7079 7070
7071 7080 7074
7071 7075 7080
7075 7077 7081
7081 7077 7082
7075 7081 7083
7075 7083 7080
7080 7084 7074
7084 7078 7074
7081 7082 7085
7083 7081 7085
7082 7086 7085
7087 7086 7082
7066 7079 7088
7066 7088 7067
7083 7089 7080
7080 7089 7084
7083 7085 7090
7090 7085 7086
7083 7091 7089
7090 7091 7083
7084 7089 7092
7092 7089 7091
7084 7092 7093
7078 7084 7093
7078 7093 7094
7079 7078 7094
7079 7094 7095
7088 7079 7095
7088 7095 7096
7088 7096 7097
7092 7091 7098
7088 7097 7067
7098 7091 7099
7098 7099 7100
7090 7099 7091
7099 7101 7100
7067 7097 7102
7103 7067 7102
7097 7104 7102
7103 7102 7105
7106 7102 7104
7106 7105 7102
7107 7106 7104
7106 7108 7105
7106 7107 7109
7108 7106 7109
7108 7109 7110
7111 7110 7109
7107 7112 7109
7111 7109 7113
7113 7109 7112
7114 7113 7112
7115 7116 7117
7118 7115 7117
7118 7117 7119
7120 7118 7119
7120 7121 7118
7122 7121 7120
7122 7123 7121
7124 7123 7122
7124 7122 7125
7126 7124 7125
7126 7125 7127
7128 7126 7127
7128 7127 7129
7128 7129 7130
7128 7130 7131
7132 7131 7130
7132 7130 7133
7134 7132 7133
7134 7133 7135
7136 7134 7135
7136 7135 7137
7138 7136 7137
7138 7137 7139
7140 7138 7139
7140 7139 7141
7142 7140 7141
7142 7141 7143
7144 7142 7143
7144 7143 7145
7146 7144 7145
7146 7145 7147
7148 7146 7147
7148 7147 7149
7150 7148 7149
7150 7149 7151
7150 7151 7152
7151 7153 7152
7152 7153 7101
7154 7152 7101
7099 7154 7101
7099 7090 7154
7090 7155 7154
7155 7152 7154
7090 7086 7155
7155 7156 7152
7152 7156 7150
7155 7086 7156
7156 7157 7150
7150 7157 7158
7086 7159 7156
7156 7159 7157
7087 7159 7086
7160 7159 7087
7160 7161 7159
7159 7161 7157
7160 7162 7161
7157 7163 7158
7158 7163 7164
7162 7165 7161
7162 7166 7165
7157 7161 7167
7157 7167 7163
7161 7165 7167
7163 7168 7164
7167 7168 7163
7169 7164 7168
7166 7170 7165
7166 7171 7170
7165 7172 7167
7167 7172 7168
7165 7170 7172
7173 7169 7168
7168 7172 7173
7173 7174 7169
7171 7175 7170
7175 7172 7170
7171 7176 7175
7173 7177 7174
7174 7177 7178
7172 7179 7173
7175 7179 7172
7179 7177 7173
7176 7180 7175
7180 7179 7175
7180 7177 7179
7176 7181 7180
7177 7182 7178
7182 7177 7180
7178 7182 7183
7180 7181 7184
7184 7182 7180
7181 7185 7184
7182 7186 7183
7182 7184 7186
7186 7187 7183
7185 7188 7184
7184 7188 7186
7185 7189 7188
7186 7190 7187
7190 7186 7188
7191 7187 7190
7192 7188 7189
7188 7192 7190
7193 7192 7189
7192 7193 7194
7195 7191 7190
7192 7195 7190
7196 7192 7194
7192 7196 7195
7195 7197 7191
7195 7196 7197
7197 7198 7191
7197 7199 7198
7196 7194 7200
7196 7200 7197
7194 7201 7200
7197 7202 7199
7202 7197 7200
7200 7201 7203
7203 7202 7200
7201 7204 7203
7205 7203 7204
7205 7202 7203
7205 7204 7206
7202 7207 7199
7205 7207 7202
7207 7208 7199
7207 7209 7208
7207 7210 7209
7207 7205 7210
7209 7210 7211
7206 7212 7205
7205 7212 7210
7206 7213 7212
7210 7214 7211
7210 7212 7214
7214 7215 7211
7213 7216 7212
7212 7216 7214
7213 7217 7216
7214 7218 7215
7216 7218 7214
7217 7219 7216
7216 7219 7218
7217 7220 7219
7219 7220 7221
7219 7221 7222
7218 7219 7222
7222 7221 7223
7224 7215 7218
7218 7222 7224
7224 7225 7215
7226 7225 7224
7222 7223 7227
7224 7222 7227
7227 7226 7224
7227 7223 7228
7227 7229 7226
7227 7228 7230
7227 7230 7229
7228 7231 7230
7230 7231 7229
7232 7233 7234
7232 7235 7233
7235 7236 7233
7235 7237 7236
7238 7236 7237
7238 7239 7236
7238 7240 7239
7238 7241 7240
7241 7242 7240
7241 7243 7242
7243 7244 7242
7243 7245 7244
7245 7246 7244
7245 7247 7246
7247 7248 7246
7247 7249 7248
7249 7250 7248
7249 7251 7250
7251 7252 7250
7251 7253 7252
7253 7254 7252
7253 7255 7254
7255 7256 7254
7255 7257 7256
7257 7258 7256
7257 7259 7258
7259 7260 7258
7259 7261 7260
7261 7262 7260
7261 7263 7262
7263 7264 7262
7263 7265 7264
7266 7264 7265
7266 7267 7264
7266 7268 7267
7266 7269 7268
7269 7270 7268
7269 7271 7270
7271 7272 7270
7271 7273 7272
7273 7274 7272
7275 7274 7273
7276 7275 7273
7276 7273 7277
7278 7276 7277
7278 7277 7279
7280 7278 7279
7280 7279 7281
7282 7280 7281
7282 7283 7280
7284 7283 7282
7284 7282 7285
7286 7284 7285
7286 7285 7287
7288 7286 7287
7288 7287 7289
7290 7288 7289
7290 7289 7291
7292 7290 7291
7292 7291 7293
7294 7292 7293
7294 7293 7295
7296 7294 7295
7296 7295 7297
7298 7296 7297
7298 7297 7299
7300 7298 7299
7300 7299 7301
7302 7300 7301
7302 7301 7303
7304 7302 7303
7304 7303 7305
7306 7304 7305
7306 7305 7307
7308 7306 7307
7308 7307 7309
7310 7308 7309
7310 7311 7308
7312 7311 7310
7312 7310 7313
7314 7312 7313
7314 7313 7315
7316 7317 7318
7316 7319 7317
7319 7320 7317
7319 7321 7320
7320 7321 7322
7320 7322 7323
7322 7324 7323
7322 7325 7324
7325 7326 7324
7325 7327 7326
7327 7328 7326
7327 7329 7328
7329 7330 7328
7329 7331 7330
7331 7332 7330
7331 7333 7332
7333 7334 7332
7333 7335 7334
7335 7336 7334
7335 7337 7336
7337 7338 7336
7337 7339 7338
7339 7340 7338
7339 7341 7340
7341 7342 7340
7341 7343 7342
7343 7344 7342
7343 7345 7344
7345 7346 7344
7345 7347 7346
7347 7348 7346
7347 7349 7348
7348 7349 7350
7348 7350 7351
7350 7352 7351
7350 7353 7352
7353 7354 7352
7353 7355 7354
7355 7356 7354
7355 7357 7356
7357 7358 7356
7359 7360 7361
7359 7362 7360
7362 7363 7360
7362 7364 7363
7363 7364 7365
7363 7365 7366
7365 7367 7366
7365 7368 7367
7368 7369 7367
7368 7370 7369
7370 7371 7369
7370 7372 7371
7372 7373 7371
7372 7374 7373
7374 7375 7373
7374 7376 7375
7376 7377 7375
7376 7378 7377
7378 7379 7377
7378 7380 7379
7380 7381 7379
7380 7382 7381
7382 7383 7381
7382 7384 7383
7384 7385 7383
7384 7386 7385
7386 7387 7385
7386 7388 7387
7388 7389 7387
7388 7390 7389
7390 7391 7389
7390 7392 7391
7391 7392 7393
7391 7393 7394
7393 7395 7394
7393 7396 7395
7396 7397 7395
7396 7398 7397
7398 7399 7397
7398 7400 7399
7400 7401 7399
7402 7403 7404
7405 7403 7402
7406 7403 7405
7406 7407 7403
7408 7406 7405
7409 7405 7402
7408 7405 7409
7409 7402 7410
7411 7408 7409
7412 7409 7410
7411 7409 7412
7413 7412 7410
7413 7414 7412
7415 7411 7412
7414 7415 7412
7415 7416 7411
7417 7416 7415
7418 7415 7414
7417 7415 7418
7418 7414 7419
7420 7417 7418
7421 7418 7419
7420 7418 7421
7421 7419 7422
7423 7421 7422
7424 7420 7421
7423 7424 7421
7424 7425 7420
7426 7425 7424
7427 7424 7423
7426 7424 7427
7427 7423 7428
7429 7426 7427
7430 7427 7428
7429 7427 7430
7430 7428 7431
7432 7429 7430
7433 7430 7431
7432 7430 7433
7433 7431 7434
7435 7432 7433
7436 7433 7434
7435 7433 7436
7436 7434 7437
7438 7435 7436
7439 7436 7437
7438 7436 7439
7439 7437 7440
7441 7438 7439
7442 7439 7440
7441 7439 7442
7442 7440 7443
7444 7441 7442
7445 7442 7443
7444 7442 7445
7445 7443 7446
7447 7445 7446
7447 7448 7445
7448 7444 7445
7448 7449 7444
7450 7451 7452
7450 7452 7453
7453 7454 7450
7453 7455 7454
7453 7456 7455
7452 7457 7453
7453 7457 7456
7452 7458 7457
7457 7459 7456
7458 7460 7457
7457 7460 7459
7458 7461 7460
7460 7462 7459
7461 7463 7460
7460 7463 7462
7461 7464 7463
7463 7465 7462
7464 7466 7463
7463 7466 7465
7464 7467 7466
7466 7468 7465
7467 7468 7466
7467 7469 7468
7468 7470 7465
7471 7468 7469
7472 7470 7468
7471 7472 7468
7472 7473 7470
7471 7474 7472
7472 7475 7473
7474 7476 7472
7472 7476 7475
7476 7474 7477
7478 7475 7476
7476 7477 7478
7478 7479 7475
7478 7480 7479
7477 7481 7478
7478 7481 7480
7477 7482 7481
7481 7483 7480
7482 7484 7481
7481 7484 7483
7482 7485 7484
7484 7485 7486
7487 7483 7484
7484 7486 7487
7487 7488 7483
7486 7489 7487
7487 7490 7488
7489 7491 7487
7487 7491 7490
7489 7492 7491
7491 7493 7490
7492 7494 7491
7491 7494 7493
7494 7495 7493
7496 7494 7492
7494 7497 7495
7497 7494 7496
7495 7497 7498
7497 7499 7498
7497 7496 7499
7496 7500 7499
7501 7502 7503
7503 7502 7504
7503 7504 7505
7505 7504 7506
7505 7506 7507
7507 7506 7508
7507 7508 7509
7509 7508 7510
7509 7510 7511
7511 7510 7512
7511 7512 7513
7514 7513 7512
7514 7515 7513
7516 7517 7518
7519 7516 7518
7520 7519 7518
7520 7518 7521
7520 7522 7519
7522 7523 7519
7524 7522 7520
7525 7522 7524
7525 7524 7526
7521 7527 7520
7527 7524 7520
7521 7528 7527
7524 7527 7528
7521 7529 7528
7524 7528 7530
7531 7524 7530
7531 7530 7532
7533 7528 7529
7528 7533 7530
7533 7529 7534
7535 7532 7530
7533 7535 7530
7535 7536 7532
7535 7537 7536
7538 7533 7534
7535 7533 7538
7538 7534 7539
7540 7538 7539
7535 7541 7537
7535 7538 7541
7540 7542 7538
7542 7541 7538
7542 7540 7543
7544 7537 7541
7542 7544 7541
7544 7545 7537
7544 7546 7545
7542 7543 7547
7547 7544 7542
7544 7548 7546
7547 7548 7544
7548 7549 7546
7550 7547 7543
7548 7547 7550
7550 7543 7551
7548 7552 7549
7548 7550 7552
7552 7553 7549
7554 7550 7551
7552 7550 7554
7554 7551 7555
7552 7556 7553
7556 7552 7554
7556 7557 7553
7558 7554 7555
7556 7554 7558
7558 7555 7559
7558 7559 7560
7558 7560 7561
7560 7562 7561
7558 7563 7556
7556 7563 7557
7563 7558 7561
7564 7557 7563
7564 7563 7561
7564 7565 7557
7565 7564 7566
7564 7561 7566
7565 7566 7567
7561 7568 7566
7561 7569 7568
7562 7569 7561
7568 7569 7570
7568 7570 7571
7569 7562 7572
7570 7569 7572
7573 7571 7570
7573 7574 7571
7575 7574 7573
7576 7573 7570
7576 7570 7572
7577 7575 7573
7576 7577 7573
7575 7577 7578
7572 7562 7579
7572 7579 7580
7562 7581 7579
7572 7580 7582
7572 7582 7576
7562 7583 7581
7576 7582 7584
7576 7584 7577
7583 7585 7581
7583 7586 7585
7586 7587 7585
7586 7588 7587
7588 7589 7587
7588 7590 7589
7590 7591 7589
7590 7592 7591
7592 7593 7591
7592 7594 7593
7593 7594 7595
7595 7596 7593
7595 7597 7596
7598 7577 7584
7598 7599 7577
7599 7598 7600
7577 7599 7578
7599 7600 7601
7601 7600 7602
7603 7599 7601
7603 7578 7599
7601 7602 7604
7604 7603 7601
7604 7602 7605
7604 7605 7606
7606 7605 7607
7604 7608 7603
7606 7608 7604
7609 7578 7603
7609 7603 7608
7609 7610 7578
7578 7610 7611
7578 7611 7612
7612 7611 7613
7612 7613 7614
7614 7613 7615
7614 7615 7616
7617 7616 7615
7617 7615 7618
7609 7608 7619
7619 7608 7620
7619 7620 7621
7622 7621 7620
7606 7620 7608
7622 7620 7623
7623 7620 7606
7622 7623 7624
7623 7606 7625
7606 7607 7625
7607 7626 7625
7623 7627 7624
7627 7623 7625
7626 7627 7625
7628 7624 7627
7629 7627 7626
7628 7627 7629
7629 7626 7630
7629 7630 7631
7632 7628 7629
7629 7631 7633
7632 7629 7633
7633 7631 7634
7632 7633 7635
7633 7634 7635
7632 7635 7636
7637 7635 7634
7638 7636 7635
7637 7638 7635
7638 7639 7636
7640 7638 7637
7641 7639 7638
7640 7641 7638
7641 7642 7639
7643 7642 7641
7640 7644 7641
7644 7643 7641
7640 7645 7644
7644 7645 7646
7643 7644 7647
7644 7646 7647
7643 7647 7648
7649 7647 7646
7650 7648 7647
7649 7650 7647
7650 7651 7648
7650 7649 7652
7650 7652 7651
7653 7654 7655
7656 7653 7655
7657 7653 7656
7658 7657 7656
7658 7659 7657
7658 7660 7659
7660 7661 7659
7660 7662 7661
7662 7663 7661
7662 7664 7663
7664 7665 7663
7664 7666 7665
7666 7667 7665
7666 7668 7667
7668 7669 7667
7670 7660 7658
7671 7670 7658
7671 7658 7656
7670 7672 7660
7672 7662 7660
7672 7673 7662
7673 7664 7662
7673 7674 7664
7674 7666 7664
7674 7675 7666
7675 7668 7666
7676 7671 7656
7675 7677 7668
7676 7656 7678
7655 7678 7656
7679 7676 7678
7680 7668 7677
7680 7677 7681
7668 7680 7669
7680 7681 7682
7683 7678 7655
7679 7678 7683
7679 7683 7684
7683 7655 7685
7684 7683 7685
7686 7679 7684
7687 7684 7685
7688 7686 7684
7684 7687 7689
7688 7684 7690
7684 7689 7690
7669 7680 7691
7680 7682 7691
7669 7691 7692
7691 7693 7692
7682 7694 7691
7691 7694 7693
7694 7695 7693
7694 7696 7695
7695 7696 7697
7695 7697 7698
7697 7699 7698
7700 7701 7702
7700 7703 7701
7703 7704 7701
7703 7705 7704
7705 7706 7704
7705 7707 7706
7706 7707 7708
7709 7706 7708
7708 7710 7709
7708 7711 7710
7711 7712 7710
7711 7713 7712
7713 7714 7712
7713 7715 7714
7715 7716 7714
7715 7717 7716
7717 7718 7716
7717 7719 7718
7719 7720 7718
7719 7721 7720
7721 7722 7720
7721 7723 7722
7722 7723 7724
7722 7724 7725
7724 7726 7725
7724 7727 7726
7727 7728 7726
7727 7729 7728
7729 7730 7728
7729 7731 7730
7731 7732 7730
7733 7734 7735
7733 7735 7736
7736 7737 7733
7736 7738 7737
7736 7739 7738
7735 7740 7736
7736 7740 7739
7735 7741 7740
7740 7742 7739
7741 7743 7740
7740 7743 7742
7741 7744 7743
7743 7744 7745
7746 7742 7743
7743 7745 7746
7746 7747 7742
7746 7748 7747
7745 7749 7746
7746 7749 7748
7745 7750 7749
7749 7751 7748
7750 7752 7749
7749 7752 7751
7750 7753 7752
7752 7753 7754
7755 7751 7752
7752 7754 7755
7755 7756 7751
7755 7757 7756
7754 7758 7755
7755 7758 7757
7754 7759 7758
7758 7760 7757
7759 7761 7758
7758 7761 7760
7759 7762 7761
7761 7763 7760
7762 7764 7761
7761 7764 7763
7762 7765 7764
7764 7766 7763
7765 7767 7764
7764 7767 7766
7765 7768 7767
7767 7769 7766
7768 7770 7767
7767 7770 7769
7768 7771 7770
7770 7772 7769
7771 7773 7770
7770 7773 7772
7771 7774 7773
7773 7775 7772
7774 7776 7773
7773 7776 7775
7774 7777 7776
7777 7778 7776
7775 7776 7778
7777 7779 7778
7780 7778 7779
7778 7780 7775
7780 7779 7781
7780 7782 7775
7782 7783 7775
7781 7784 7780
7782 7780 7784
7781 7785 7784
7786 7782 7784
7785 7787 7784
7784 7787 7786
7787 7788 7786
7785 7789 7787
7787 7790 7788
7789 7791 7787
7787 7791 7790
7789 7792 7791
7791 7793 7790
7792 7794 7791
7791 7794 7793
7792 7795 7794
7794 7796 7793
7795 7797 7794
7794 7797 7796
7795 7798 7797
7797 7799 7796
7798 7800 7797
7797 7800 7799
7798 7801 7800
7800 7802 7799
7801 7803 7800
7800 7803 7802
7801 7804 7803
7803 7804 7805
7806 7802 7803
7803 7805 7806
7806 7807 7802
7806 7808 7807
7805 7809 7806
7806 7809 7808
7805 7810 7809
7809 7811 7808
7810 7811 7809
7812 7813 7814
7812 7815 7813
7816 7817 7815
7816 7818 7817
7819 7820 7821
7819 7821 7822
7823 7819 7822
7824 7822 7821
7823 7822 7825
7824 7826 7822
7826 7825 7822
7826 7824 7827
7826 7828 7825
7826 7827 7829
7828 7826 7829
7828 7829 7830
7831 7829 7827
7832 7830 7829
7831 7832 7829
7832 7833 7830
7833 7832 7834
7831 7835 7832
7832 7835 7834
7831 7836 7835
7834 7835 7837
7836 7837 7835
7838 7834 7837
7836 7839 7837
7837 7840 7838
7839 7841 7837
7837 7841 7840
7839 7842 7841
7841 7843 7840
7842 7844 7841
7841 7844 7843
7842 7845 7844
7844 7845 7846
7843 7844 7847
7844 7846 7847
7843 7847 7848
7847 7846 7849
7848 7847 7850
7847 7849 7850
7848 7850 7851
7849 7852 7850
7851 7850 7852
7853 7851 7852
7849 7854 7852
7852 7855 7853
7854 7856 7852
7852 7856 7855
7854 7857 7856
7856 7858 7855
7857 7859 7856
7856 7860 7858
7859 7860 7856
7860 7861 7858
7859 7862 7860
7860 7863 7861
7862 7863 7860
7863 7864 7861
7862 7865 7863
7863 7865 7864
7862 7866 7865
7864 7865 7867
7866 7867 7865
7868 7864 7867
7866 7869 7867
7868 7867 7870
7869 7870 7867
7871 7868 7870
7869 7872 7870
7872 7873 7870
7870 7874 7871
7870 7873 7874
7874 7873 7875
7876 7874 7875
7877 7876 7875
7878 7877 7875
7878 7879 7877
7878 7880 7879
7879 7880 7881
7882 7879 7881
7882 7881 7883
7884 7882 7883
7885 7884 7883
7885 7886 7884
7885 7887 7886
7885 7888 7887
7889 7887 7888
7889 7890 7887
7889 7891 7890
7889 7892 7891
7891 7892 7893
7891 7893 7894
7894 7893 7895
7894 7895 7896
7895 7897 7896
7895 7898 7897
7898 7899 7897
6534 7900 7901
6534 7901 7902
6534 7902 6536
7903 7902 7901
7904 6536 7902
7903 7904 7902
7904 7905 6536
7903 7906 7904
7905 7904 7906
7905 7906 7907
7908 7907 7906
7908 7906 7909
7910 7908 7909
7910 7909 7911
7912 7910 7911
7912 7911 7913
7914 7912 7913
7914 7913 7915
7916 7914 7915
7916 7917 7914
7917 7916 6825
7918 7919 7920
7918 7920 7921
7922 7921 7920
7922 7923 7921
7924 7923 7922
7924 7922 7925
7926 7924 7925
7924 7926 7927
7927 7926 7928
7927 7928 7929
7929 7928 7930
7929 7930 7931
7931 7930 7932
7931 7932 7933
7934 7933 7932
7934 7932 7935
7934 7935 7936
7937 7938 7939
7937 7939 7940
7941 7942 7943
7941 7943 7944
7945 7944 7943
7945 7946 7944
7947 7946 7945
7947 7948 7946
7949 7948 7947
7949 7950 7948
7951 7950 7949
7951 7952 7950
7953 7952 7951
7953 7954 7952
7955 7954 7953
7955 7956 7954
7957 7956 7955
7958 7959 7960
7958 7960 7961
7960 7962 7961
7960 7963 7962
7962 7963 7964
7962 7964 7965
7966 7965 7964
7966 7967 7965
7967 7966 7968
7967 7968 7969
7970 7971 7972
7973 7971 7970
7970 7974 7973
7971 7973 7975
7973 7974 7976
7976 7974 7977
7976 7977 7978
7976 7978 7979
7975 7973 7980
7975 7980 7981
7976 7982 7973
7976 7979 7982
7973 7982 7980
7979 7983 7982
7983 7980 7982
7979 7984 7983
7985 7981 7980
7983 7985 7980
7985 7986 7981
7984 7987 7983
7985 7983 7987
7984 2423 7987
7988 7986 7985
7987 7988 7985
7988 7989 7986
7987 2423 7990
7991 7989 7988
7991 7992 7989
7991 7993 7992
7994 7988 7987
7987 7990 7994
7991 7988 7994
7990 7995 7994
7995 7991 7994
7990 7996 7995
7995 7996 7997
7991 7998 7993
7995 7998 7991
7993 7998 7999
7995 7997 8000
8000 7997 8001
8000 8001 8002
8002 8001 8003
8001 8004 8003
8004 8005 8003
8006 8005 8004
8005 8006 8007
8008 7995 8000
8008 7998 7995
8008 8000 8009
7999 7998 8010
8010 7998 8008
8009 8010 8008
8010 8011 7999
8010 8012 8011
8009 8012 8010
8012 8013 8011
8014 8012 8009
8012 8014 8013
8014 8009 8015
8014 8016 8013
8017 8014 8015
8014 8018 8016
8017 8018 8014
8019 8020 8021
8019 8021 8022
8023 8024 8025
8026 8023 8025
8026 8027 8023
8028 8027 8026
8027 8028 8029
8028 8030 8029
8029 8030 8031
8032 8031 8030
8031 8032 8033
8033 8032 8034
8032 8035 8034
8036 8034 8035
8036 8035 8037
8038 8036 8037
8038 8037 8039
8040 8038 8039
8040 8041 8038
8042 8041 8040
8043 8044 8045
8043 8045 8046
8045 8047 8046
8043 8046 8048
8043 8048 8049
8047 8050 8046
8048 8046 8050
8047 8051 8050
8050 8051 8052
8051 8053 8052
8048 8050 8054
8054 8050 8052
8048 8055 8049
8048 8054 8055
8052 8053 8056
2450 8056 8053
8057 8049 8055
8057 8058 8049
8059 8058 8057
8054 8060 8055
8055 8060 8057
8054 8052 8061
8056 8061 8052
8054 8061 8060
8059 8057 8062
8057 8060 8062
8059 8062 8063
8056 2450 8064
8064 2450 2448
8064 8065 8056
8065 8061 8056
2448 8065 8064
8060 8061 8066
8066 8062 8060
8066 8061 8065
8063 8062 8067
8067 8062 8066
8067 8068 8063
8069 8065 2448
8069 8066 8065
8069 2448 2436
2435 8069 2436
8069 8070 8066
2435 8070 8069
8066 8070 8067
2435 2439 8070
8067 8070 8071
2439 8071 8070
8071 8068 8067
2431 8071 2439
2431 8068 8071
2423 8068 2431
8072 8073 8074
8072 8075 8073
8076 8075 8072
8076 8077 8075
8078 8077 8076
8078 8079 8077
8079 8078 8080
8079 8080 8081
8082 8081 8080
8082 8083 8081
8084 8085 8086
8084 8086 8087
8087 8086 8088
8087 8088 8089
8089 8088 8090
8091 8087 8089
8092 8087 8091
8092 8091 8093
8094 8093 8091
8094 8091 8095
8095 8091 8096
8091 8089 8096
8095 8096 8097
8098 8097 8096
8089 8090 8099
8096 8089 8099
8099 8090 8100
8098 8096 8101
8096 8099 8101
8101 8102 8098
8099 8100 8103
8099 8103 8101
8103 8100 8104
8102 8101 8105
8101 8103 8105
8102 8105 8106
8103 8104 8107
8103 8107 8105
8107 8104 8108
8105 8109 8106
8105 8107 8109
8107 8110 8109
8106 8109 8111
8109 8110 8111
8111 8110 8112
8110 8113 8112
8107 8108 8114
8114 8110 8107
8114 8108 8115
8114 8115 8116
8114 8116 8110
8116 8115 8117
8118 8113 8110
8110 8116 8118
8116 8117 8119
8118 8116 8119
8119 8117 8120
8113 8118 8121
8118 8119 8121
8113 8121 8122
8119 8120 8123
8121 8119 8123
8123 8120 8124
8122 8121 8125
8121 8123 8125
8122 8125 8126
8125 8127 8126
8123 8124 8128
8128 8124 8129
8125 8123 8130
8130 8127 8125
8130 8123 8128
8128 8129 8131
8130 8128 8131
8132 8127 8130
8130 8131 8132
8131 8133 8132
8134 8127 8132
8133 8134 8132
8135 8134 8133
8133 8136 8135
8137 8131 8129
8131 8137 8133
8137 8129 8138
8137 8138 8139
8137 8139 8140
8133 8137 8140
8140 8139 8141
8142 8136 8133
8133 8140 8142
8140 8141 8143
8142 8140 8143
8143 8141 8144
8136 8142 8145
8142 8143 8145
8136 8145 8146
8143 8144 8147
8145 8143 8147
8147 8144 8148
8146 8145 8149
8145 8147 8149
8149 8147 8148
8146 8149 8150
8150 8149 8148
8151 8152 8153
8151 8154 8152
8155 8154 8151
8155 8156 8154
8157 8154 8156
8157 8158 8154
8159 8157 8156
8160 8159 8156
8161 8156 8155
8160 8156 8161
8161 8155 8162
8163 8161 8162
8164 8160 8161
8163 8164 8161
8164 8165 8160
8166 8164 8163
8164 8167 8165
8166 8168 8164
8164 8168 8167
8168 8166 8169
8168 8170 8167
8168 8169 8171
8171 8170 8168
8172 8170 8171
8169 8173 8171
8174 8172 8171
8171 8173 8175
8174 8171 8175
8176 8175 8173
8174 8175 8177
8176 8178 8175
8177 8175 8179
8175 8178 8179
8177 8179 8180
8179 8178 8181
8182 8180 8179
8179 8181 8182
8183 8184 8185
8183 8185 8186
8183 8186 8187
8183 8187 8188
8188 8187 8189
8188 8189 8190
8190 8189 8191
8190 8191 8192
8192 8191 8193
8192 8193 8194
8194 8193 8195
8194 8195 8196
8196 8195 8197
8196 8197 8198
8198 8197 8199
8198 8199 8200
8200 8199 8201
8200 8201 8202
8202 8201 8203
8202 8203 8204
8205 8204 8203
8205 8203 8206
8205 8206 8207
8205 8207 8208
8208 8207 8209
8208 8209 8210
8210 8209 8211
8210 8211 8212
8212 8211 8213
8212 8213 8214
8214 8213 8215
8214 8215 8216
8216 8215 8217
8216 8217 8218
8217 8219 8218
8217 8220 8219
8220 8221 8219
8222 8223 8224
8222 8224 8225
8222 8225 8226
8222 8226 8227
8227 8226 8228
8227 8228 8229
8229 8228 8230
8229 8230 8231
8231 8230 8232
8231 8232 8233
8233 8232 8234
8233 8234 8235
8235 8234 8236
8235 8236 8237
8237 8236 8238
8237 8238 8239
8239 8238 8240
8239 8240 8241
8241 8240 8242
8241 8242 8243
8244 8243 8242
8244 8242 8245
8244 8245 8246
8244 8246 8247
8247 8246 8248
8247 8248 8249
8249 8248 8250
8249 8250 8251
8251 8250 8252
8251 8252 8253
8253 8252 8254
8253 8254 8255
8255 8254 8256
8255 8256 8257
8256 8258 8257
8256 8259 8258
8259 8260 8258
8261 8262 8263
8263 8262 8264
8264 8262 8265
8264 8265 8266
8266 8265 8267
8265 8268 8267
8267 8268 8269
8266 8267 8270
8267 8269 8271
8270 8267 8272
8267 8271 8272
8270 8272 8273
8274 8273 8272
8275 8272 8271
8274 8272 8275
8275 8271 8276
8274 8275 8277
8274 8277 8278
8275 8276 8279
8279 8276 8280
8278 8277 8281
8278 8281 8282
8275 8283 8277
8275 8279 8283
8277 8284 8281
8277 8283 8284
8282 8281 8285
8282 8285 8286
8281 8284 8287
8281 8287 8285
8288 8284 8283
8288 8287 8284
8279 8289 8283
8288 8283 8289
8286 8285 8290
8286 8290 8291
8290 8292 8291
8285 8287 8293
8285 8293 8290
8290 8294 8292
8294 8295 8292
8290 8296 8294
8290 8293 8296
8293 8287 8297
8297 8287 8288
8294 8298 8295
8296 8298 8294
8295 8298 8299
8300 8295 8299
8296 8293 8301
8293 8297 8301
8296 8302 8298
8302 8299 8298
8296 8301 8303
8302 8296 8303
8297 8304 8301
8304 8303 8301
8297 8305 8304
8288 8305 8297
8288 8306 8305
8289 8306 8288
8304 8307 8303
8289 8308 8306
8307 8309 8303
8302 8303 8309
8307 8310 8309
8309 8310 8311
8312 8308 8289
8279 8312 8289
8312 8313 8308
8279 8280 8312
8312 8314 8313
8312 8280 8314
8280 8315 8314
8316 8315 8280
8314 8315 8317
8316 8318 8315
8319 8317 8315
8319 8315 8318
8320 8317 8319
8319 8318 8321
8319 8322 8320
8321 8322 8319
8321 8323 8322
8324 8322 8323
8320 8322 8325
8324 8326 8322
8326 8325 8322
8327 8325 8326
8328 8329 8330
8331 8329 8328
8331 8332 8329
8333 8332 8331
8333 8331 8334
8335 8333 8334
8335 8334 8336
8337 8335 8336
8337 8338 8335
8339 8338 8337
8339 8340 8338
8341 8340 8339
8341 8342 8340
8341 8343 8342
8341 8344 8343
8345 8343 8344
8345 8346 8343
8347 8346 8345
8347 8348 8346
8349 8348 8347
8349 8350 8348
8351 8350 8349
8351 8352 8350
8353 8352 8351
8353 8354 8352
8355 8354 8353
8355 8356 8354
8357 8356 8355
8357 8358 8356
8359 8358 8357
8359 8360 8358
8361 8360 8359
8361 8362 8360
8363 8362 8361
8363 8364 8362
8363 8365 8364
8364 8365 8366
8365 8311 8366
8367 8311 8365
8309 8311 8367
8309 8367 8302
8302 8367 8368
8368 8367 8365
8302 8368 8299
8368 8365 8369
8365 8363 8369
8368 8369 8299
8369 8363 8370
8363 8371 8370
8299 8369 8372
8369 8370 8372
8300 8299 8372
8373 8300 8372
8373 8372 8374
8372 8370 8374
8373 8374 8375
8370 8371 8376
8371 8377 8376
8370 8378 8374
8370 8376 8378
8375 8374 8379
8374 8378 8379
8375 8379 8380
8376 8377 8381
8378 8376 8381
8382 8381 8377
8380 8379 8383
8380 8383 8384
8379 8378 8385
8378 8381 8385
8379 8385 8383
8386 8381 8382
8381 8386 8385
8386 8382 8387
8384 8383 8388
8388 8383 8385
8384 8388 8389
8386 8387 8390
8387 8391 8390
8385 8386 8392
8388 8385 8392
8392 8386 8390
8389 8388 8393
8393 8388 8392
8393 8392 8390
8389 8393 8394
8390 8391 8395
8395 8393 8390
8391 8396 8395
8393 8397 8394
8397 8393 8395
8394 8397 8398
8395 8396 8399
8395 8399 8397
8399 8396 8400
8398 8397 8401
8397 8399 8401
8398 8401 8402
8399 8400 8403
8403 8401 8399
8404 8403 8400
8405 8402 8401
8401 8403 8405
8406 8402 8405
8405 8407 8406
8408 8403 8404
8405 8403 8408
8409 8407 8405
8405 8408 8409
8408 8404 8410
8408 8410 8409
8410 8404 8411
8410 8411 8412
8409 8413 8407
8409 8410 8413
8407 8413 8414
8410 8412 8415
8415 8413 8410
8413 8416 8414
8416 8413 8415
8414 8416 8417
8418 8417 8416
8418 8416 8415
8418 8419 8417
8415 8412 8420
8418 8415 8420
8420 8412 8421
8420 8421 8422
8420 8422 8423
8420 8423 8418
8422 8424 8423
8419 8418 8425
8418 8423 8425
8419 8425 8426
8423 8424 8427
8423 8427 8425
8427 8424 8428
8426 8425 8429
8425 8427 8429
8426 8429 8430
8427 8428 8431
8429 8427 8431
8430 8429 8432
8429 8431 8432
8430 8432 8433
8432 8434 8433
8432 8435 8434
8431 8435 8432
8435 8436 8434
8437 8431 8428
8431 8437 8435
8437 8428 8438
8439 8437 8438
8435 8440 8436
8437 8440 8435
8440 8437 8439
8440 8441 8436
8440 8439 8442
8440 8443 8441
8440 8442 8443
8441 8443 8444
8443 8442 8444
8445 8446 8447
8445 8447 8448
8448 8447 8449
8448 8449 8450
8451 8450 8449
8451 8449 8452
8451 8452 8453
8451 8453 8454
8454 8453 8455
8454 8455 8456
8456 8455 8457
8456 8457 8458
8458 8457 8459
8458 8459 8460
8460 8459 8461
8460 8461 8462
8462 8461 8463
8462 8463 8464
8464 8463 8465
8464 8465 8466
8466 8465 8467
8466 8467 8468
8468 8467 8469
8468 8469 8470
8470 8469 8471
8470 8471 8472
8472 8471 8473
8472 8473 8474
8474 8473 8475
8474 8475 8476
8476 8475 8477
8476 8477 8478
8479 8478 8477
8479 8477 8480
8479 8480 8481
8479 8481 8482
8482 8481 8483
8482 8483 8484
8484 8483 8485
8484 8485 8486
8486 8485 8487
8488 8486 8487
8489 8486 8488
8489 8490 8486
8491 8490 8489
8491 8492 8490
8493 8492 8491
8493 8494 8492
8495 8494 8493
8495 8493 8496
8497 8495 8496
8497 8498 8495
8499 8498 8497
8499 8500 8498
8501 8500 8499
8501 8502 8500
8503 8502 8501
8503 8504 8502
8505 8504 8503
8505 8506 8504
8507 8506 8505
8507 8508 8506
8509 8508 8507
8509 8510 8508
8511 8510 8509
8511 8512 8510
8513 8512 8511
8513 8514 8512
8515 8514 8513
8515 8516 8514
8517 8516 8515
8517 8518 8516
8519 8518 8517
8519 8520 8518
8521 8520 8519
8521 8522 8520
8523 8522 8521
8523 8521 8524
8525 8523 8524
8525 8526 8523
8527 8526 8525
8527 8528 8526
8529 8530 8531
8529 8531 8532
8532 8531 8533
8532 8533 8534
8533 8535 8534
8533 8536 8535
8535 8536 8537
8535 8537 8538
8538 8537 8539
8538 8539 8540
8540 8539 8541
8540 8541 8542
8542 8541 8543
8542 8543 8544
8544 8543 8545
8544 8545 8546
8546 8545 8547
8546 8547 8548
8548 8547 8549
8548 8549 8550
8550 8549 8551
8550 8551 8552
8552 8551 8553
8552 8553 8554
8554 8553 8555
8554 8555 8556
8556 8555 8557
8556 8557 8558
8558 8557 8559
8558 8559 8560
8560 8559 8561
8560 8561 8562
8561 8563 8562
8561 8564 8563
8563 8564 8565
8563 8565 8566
8566 8565 8567
8566 8567 8568
8568 8567 8569
8568 8569 8570
8570 8569 8571
8572 8573 8574
8572 8574 8575
8575 8574 8576
8575 8576 8577
8576 8578 8577
8576 8579 8578
8578 8579 8580
8578 8580 8581
8581 8580 8582
8581 8582 8583
8583 8582 8584
8583 8584 8585
8585 8584 8586
8585 8586 8587
8587 8586 8588
8587 8588 8589
8589 8588 8590
8589 8590 8591
8591 8590 8592
8591 8592 8593
8593 8592 8594
8593 8594 8595
8595 8594 8596
8595 8596 8597
8597 8596 8598
8597 8598 8599
8599 8598 8600
8599 8600 8601
8601 8600 8602
8601 8602 8603
8603 8602 8604
8603 8604 8605
8604 8606 8605
8604 8607 8606
8606 8607 8608
8606 8608 8609
8609 8608 8610
8609 8610 8611
8611 8610 8612
8611 8612 8613
8613 8612 8614
8615 8616 8617
8618 8615 8617
8619 8618 8617
8619 8617 8620
8621 8618 8619
8622 8615 8618
8621 8622 8618
8622 8623 8615
8624 8622 8621
8625 8623 8622
8624 8625 8622
8626 8623 8625
8626 8625 8627
8628 8625 8624
8627 8625 8628
8628 8624 8629
8630 8628 8629
8631 8627 8628
8630 8631 8628
8631 8632 8627
8633 8631 8630
8634 8632 8631
8633 8634 8631
8634 8635 8632
8636 8635 8634
8637 8634 8633
8636 8634 8637
8637 8633 8638
8639 8637 8638
8640 8636 8637
8639 8640 8637
8640 8641 8636
8642 8640 8639
8643 8641 8640
8642 8643 8640
8643 8644 8641
8645 8643 8642
8646 8644 8643
8645 8646 8643
8646 8647 8644
8648 8646 8645
8649 8647 8646
8648 8649 8646
8649 8650 8647
8651 8649 8648
8652 8650 8649
8651 8652 8649
8652 8653 8650
8654 8652 8651
8655 8653 8652
8654 8655 8652
8655 8656 8653
8657 8655 8654
8658 8656 8655
8657 8658 8655
8658 8659 8656
8660 8659 8658
8660 8658 8661
8661 8658 8657
8661 8657 8662
8663 8664 8665
8663 8666 8664
8666 8663 8667
8666 8667 8668
8666 8668 8669
8664 8666 8670
8666 8669 8670
8664 8670 8671
8670 8669 8672
8671 8670 8673
8670 8672 8673
8671 8673 8674
8673 8672 8675
8674 8673 8676
8673 8675 8676
8674 8676 8677
8676 8675 8678
8677 8676 8679
8676 8678 8679
8677 8679 8680
8679 8678 8681
8680 8679 8681
8680 8681 8682
8681 8678 8683
8684 8682 8681
8685 8681 8683
8684 8681 8685
8685 8683 8686
8684 8685 8687
8685 8686 8688
8687 8685 8689
8685 8688 8689
8689 8690 8687
8691 8689 8688
8689 8691 8690
8691 8688 8692
8691 8692 8693
8690 8691 8694
8691 8693 8694
8690 8694 8695
8694 8693 8696
8695 8694 8697
8694 8696 8697
8695 8697 8698
8697 8699 8698
8700 8697 8696
8697 8700 8699
8700 8696 8701
8699 8700 8702
8700 8701 8703
8702 8700 8704
8700 8703 8704
8702 8704 8705
8704 8703 8706
8705 8704 8707
8704 8706 8707
8707 8706 8708
8709 8705 8707
8707 8708 8710
8710 8709 8707
8708 8711 8710
8710 8711 8712
8710 8712 8709
8709 8712 8713
8714 8715 8716
8717 8715 8714
8717 8718 8715
8719 8718 8717
8719 8720 8718
8721 8720 8719
8721 8722 8720
8723 8722 8721
8723 8724 8722
8725 8724 8723
8725 8726 8724
8727 8726 8725
8727 8728 8726
8729 8728 8727
8729 8730 8728
8731 8730 8729
8731 8732 8730
8731 8733 8732
8731 8734 8733
8734 8735 8733
8734 8736 8735
8737 8735 8736
8737 8736 8738
8738 8739 8737
8738 8740 8739
8740 8741 8739
8740 8742 8741
8742 8743 8741
8744 8740 8738
8742 8740 8744
8742 8745 8743
8745 8746 8743
8736 8747 8738
8744 8738 8747
8742 8744 8748
8745 8742 8748
8745 8749 8746
8746 8749 8750
8751 8744 8747
8751 8748 8744
8751 8747 8752
8751 8753 8748
8747 8754 8752
8747 8755 8754
8755 8756 8754
8755 8757 8756
8757 8758 8756
8757 8759 8758
8760 8758 8759
8760 8761 8758
8753 8762 8748
8753 8763 8762
8745 8748 8762
8764 8762 8763
8765 8745 8762
8764 8765 8762
8765 8749 8745
8764 8766 8765
8767 8749 8765
8765 8766 8767
8750 8749 8767
8768 8767 8766
8769 8750 8767
8768 8769 8767
8769 8770 8750
8769 8771 8770
8772 8769 8768
8769 8773 8771
8772 8773 8769
8773 8774 8771
8772 8775 8773
8773 8775 8774
8772 8776 8775
8777 8774 8775
8778 8775 8776
8777 8775 8778
8778 8776 8779
8780 8777 8778
8781 8778 8779
8780 8778 8781
8781 8779 8782
8783 8781 8782
8780 8781 8784
8784 8781 8783
8780 8784 8785
8784 8786 8785
8783 8787 8784
8784 8787 8786
8783 8788 8787
8789 8786 8787
8790 8787 8788
8789 8787 8790
8790 8788 8791
8790 8792 8789
8791 8792 8790
8793 8794 8795
8793 8795 8796
8796 8797 8793
8798 8793 8797
8797 8796 8799
8799 8796 8800
8801 8797 8799
8798 8797 8802
8802 8797 8801
8798 8802 8803
8801 8803 8802
8798 8803 8804
8801 8805 8803
8806 8805 8801
8805 8806 8807
8808 8804 8803
8803 8805 8808
8808 8809 8804
8805 8807 8810
8808 8805 8810
8810 8807 8811
8812 8809 8808
8810 8812 8808
8812 8813 8809
8814 8813 8812
8810 8811 8815
8810 8815 8812
8814 8812 8816
8816 8812 8815
8816 8817 8814
8816 8815 8818
8818 8815 8819
8816 8820 8817
8820 8816 8818
8821 8817 8820
8821 8822 8817
8820 8818 8823
8823 8821 8820
8824 8822 8821
8824 8825 8822
8823 8826 8821
8826 8824 8821
8827 8825 8824
8827 8828 8825
8827 8829 8828
8827 8830 8829
8829 8830 8729
8824 8831 8827
8831 8824 8826
8729 8830 8832
8832 8731 8729
8833 8731 8832
8734 8731 8833
8827 8831 8834
8834 8830 8827
8830 8835 8832
8835 8833 8832
8835 8836 8833
8830 8837 8835
8734 8833 8838
8838 8833 8836
8838 8836 8839
8734 8838 8736
8840 8838 8839
8736 8838 8840
8840 8747 8736
8841 8830 8834
8841 8837 8830
8842 8837 8841
8842 8843 8837
8841 8844 8842
8841 8834 8844
8831 8844 8834
8831 8845 8844
8826 8845 8831
8826 8846 8845
8823 8846 8826
8823 8847 8846
8823 8818 8847
8847 8818 8848
8847 8848 8849
8818 8819 8848
8819 8849 8848
8819 8850 8849
8811 8851 8850
8852 8851 8811
8852 8853 8851
8854 8853 8855
8853 8854 8856
8856 8854 8857
8858 8859 8860
8858 8860 8861
8861 8860 8862
8861 8862 8863
8863 8862 8864
8863 8864 8865
8864 8866 8865
8867 8866 8864
8866 8867 8868
8866 8868 8869
8869 8868 8870
8869 8870 8871
8871 8870 8872
8871 8872 8873
8873 8872 8874
8873 8874 8875
8875 8874 8876
8875 8876 8877
8877 8876 8878
8877 8878 8879
8879 8878 8880
8879 8880 8881
8880 8882 8881
8880 8883 8882
8882 8883 8884
8882 8884 8885
8885 8884 8886
8885 8886 8887
8887 8886 8888
8887 8888 8889
8889 8888 8890
8891 8892 8893
8894 8892 8891
8894 8891 8895
8896 8894 8895
8896 8897 8894
8898 8897 8896
8898 8899 8897
8900 8898 8896
8901 8899 8898
8902 8898 8900
8901 8898 8902
8902 8900 8903
8902 8903 8904
8905 8901 8902
8902 8904 8905
8905 8906 8901
8907 8905 8904
8908 8906 8905
8907 8908 8905
8908 8909 8906
8910 8908 8907
8911 8909 8908
8910 8911 8908
8911 8912 8909
8913 8911 8910
8914 8912 8911
8913 8914 8911
8914 8915 8912
8916 8914 8913
8917 8915 8914
8916 8917 8914
8917 8918 8915
8919 8917 8916
8920 8918 8917
8919 8920 8917
8920 8921 8918
8920 8922 8921
8923 8920 8919
8923 8922 8920
8921 8922 8924
8925 8924 8922
8926 8922 8923
8922 8927 8925
8926 8928 8922
8922 8928 8927
8929 8928 8926
8930 8927 8928
8929 8930 8928
8929 8931 8930
8930 8932 8927
8931 8932 8930
8933 8931 8929
8934 8932 8931
8935 8931 8933
8931 8936 8934
8935 8937 8931
8931 8937 8936
8938 8939 8940
8938 8941 8939
8941 8938 8942
8941 8942 8943
8941 8943 8944
8939 8941 8945
8941 8944 8945
8939 8945 8946
8945 8944 8947
8946 8945 8948
8945 8947 8948
8946 8948 8949
8948 8950 8949
8951 8948 8947
8948 8951 8950
8951 8947 8952
8951 8952 8953
8950 8951 8954
8951 8953 8954
8950 8954 8955
8954 8953 8956
8955 8954 8957
8954 8956 8957
8955 8957 8958
8957 8959 8958
8960 8957 8956
8957 8960 8959
8960 8956 8961
8960 8961 8962
8959 8960 8963
8960 8962 8963
8959 8963 8964
8963 8962 8965
8964 8963 8966
8963 8965 8966
8964 8966 8967
8966 8965 8968
8967 8966 8969
8966 8968 8969
8967 8969 8970
8969 8968 8971
8970 8969 8972
8969 8971 8972
8970 8972 8973
8972 8971 8974
8973 8972 8975
8972 8974 8975
8973 8975 8976
8975 8974 8977
8976 8975 8978
8975 8977 8978
8976 8978 8979
8978 8977 8980
8979 8978 8981
8978 8980 8981
8979 8981 8982
8981 8980 8983
8982 8981 8984
8981 8983 8984
8982 8984 8985
8986 8984 8983
8987 8985 8984
8986 8987 8984
8987 8988 8985
8986 8989 8987
8988 8987 8989
8990 8989 8986
8988 8989 8991
8989 8990 8992
8991 8989 8992
8992 8990 8993
8991 8992 8994
8992 8993 8995
8994 8992 8996
8992 8995 8996
8994 8996 8997
8996 8995 8998
8997 8996 8999
8996 8998 8999
8997 8999 9000
8999 8998 9001
9000 8999 9002
8999 9001 9002
9000 9002 9003
9002 9001 9004
9003 9002 9005
9002 9004 9005
9003 9005 9006
9005 9004 9007
9006 9005 9008
9005 9007 9008
9006 9008 9009
9008 9010 9009
9011 9008 9007
9008 9011 9010
9011 9007 9012
9011 9012 9013
9010 9011 9014
9011 9013 9014
9010 9014 9015
9014 9013 9016
9015 9014 9016
9017 9018 9019
9020 9018 9017
9021 9022 9020
9023 9022 9021
9024 9025 9026
9024 9027 9025
9028 9027 9024
9029 9025 9027
9028 9030 9027
9029 9027 9031
9031 9027 9030
9031 9032 9029
9031 9030 9033
9031 9034 9032
9033 9034 9031
9033 9035 9034
9036 9032 9034
9037 9034 9035
9036 9034 9037
9037 9035 9038
9038 9039 9037
9036 9037 9040
9037 9039 9040
9036 9040 9041
9039 9042 9040
9041 9040 9042
9043 9042 9039
9041 9042 9044
9042 9043 9045
9044 9042 9046
9042 9045 9046
9044 9046 9047
9046 9045 9048
9047 9046 9049
9046 9048 9049
9047 9049 9050
9049 9051 9050
9048 9052 9049
9049 9052 9051
9048 9053 9052
9052 9054 9051
9053 9055 9052
9052 9055 9054
9053 9056 9055
9054 9055 9057
9056 9057 9055
9058 9057 9056
9054 9057 9059
9057 9058 9060
9059 9057 9061
9057 9060 9061
9059 9061 9062
9061 9060 9063
9062 9061 9064
9061 9063 9065
9064 9061 9065
9065 9063 9066
9064 9065 9067
9065 9066 9068
9067 9065 9068
9068 9066 9069
9067 9068 9070
9068 9069 9070
9067 9070 9071
9069 9072 9070
9071 9070 9072
9073 9072 9069
9071 9072 9074
9073 9075 9072
9074 9072 9075
9076 9075 9073
9074 9075 9077
9077 9075 9078
9075 9076 9079
9075 9079 9078
9079 9080 9078
9081 9080 9079
9082 9080 9081
9083 9080 9082
9083 9082 9084
9083 9084 9085
9084 9086 9085
9087 9086 9084
9087 9088 9086
9089 9088 9087
9090 9088 9089
9090 9089 9091
9090 9091 9092
9090 9092 9093
9094 9093 9092
9094 9092 9095
9094 9095 9096
9094 9096 9097
9096 9098 9097
9096 9099 9098
9099 9100 9098
9099 9101 9100
9100 9101 9102
9100 9102 9103
9103 9102 9104
9105 2331 9106
2331 9105 9107
9107 9105 9108
2329 2331 9107
9108 2329 9107
9108 9105 9109
9109 9110 9108
9108 9111 2329
2329 9111 2330
2330 9111 9112
9110 9113 9108
9113 9110 9114
9115 9111 9108
9115 9108 9113
9116 9112 9111
9116 9111 9115
9116 9117 9112
9116 9118 9117
9118 9116 9115
9117 9118 9119
9118 9120 9119
9121 9115 9113
9121 9113 9114
9121 9118 9115
9118 9122 9120
9122 9118 9121
9114 9123 9121
9122 9121 9123
9124 9123 9114
9120 9122 9125
9123 9125 9122
9120 9125 9126
9124 9127 9123
9123 9127 9125
9124 9128 9127
9125 9129 9126
9129 9125 9127
9126 9129 9130
9131 9130 9129
9132 9127 9128
9129 9127 9132
9132 9128 9133
9131 9129 9134
9134 9129 9132
9131 9134 9135
9131 9135 9136
9135 9137 9136
9138 9132 9133
9134 9132 9138
9135 9134 9138
9138 9133 9139
9139 9140 9138
9135 9138 9140
9139 9141 9140
9141 9142 9140
9142 9135 9140
9141 9143 9142
9135 9144 9137
9142 9144 9135
9145 9137 9144
9145 9144 9146
9142 9146 9144
9146 9147 9145
9148 9142 9143
9142 9148 9146
9147 9146 9148
9148 9143 9149
9149 9147 9148
9150 9151 9152
9153 9150 9152
9153 9152 9154
9155 9153 9154
9155 9154 9156
9157 9155 9156
9157 9156 9158
9159 9160 9161
9159 9161 9162
9163 9164 439
9165 9164 9163
443 9165 9163
9166 9167 9168
9169 9167 9166
9170 9169 9166
9171 9166 9168
9170 9166 9171
9171 9168 9172
9171 9173 9170
9174 9171 9172
9171 9174 9173
9174 9172 9175
9176 9173 9174
9177 9174 9175
9176 9174 9177
9177 9175 9178
9177 9179 9176
9178 9180 9177
9177 9180 9179
9178 9181 9180
9182 9179 9180
9183 9180 9181
9182 9180 9183
9183 9181 9184
9185 9182 9183
9186 9183 9184
9185 9183 9186
9186 9184 9187
9186 9188 9185
9188 9186 9187
9185 9188 9189
9188 9187 9190
9189 9188 9191
9192 9188 9190
9191 9188 9192
9192 9190 9193
9194 9191 9192
9195 9192 9193
9194 9192 9195
9195 9193 9196
9197 9194 9195
9198 9195 9196
9197 9195 9198
9198 9196 9199
9200 9197 9198
9201 9198 9199
9200 9198 9201
9201 9199 9202
9203 9200 9201
9204 9201 9202
9203 9201 9204
9204 9202 9205
9206 9203 9204
9207 9204 9205
9206 9204 9207
9207 9205 9208
9209 9206 9207
9210 9207 9208
9209 9207 9211
9211 9207 9210
9212 9213 9214
9212 9214 9215
9216 9212 9215
9217 9213 9212
9217 9218 9213
9219 9218 9217
9220 9219 9217
9221 9212 9216
9212 9221 9217
9222 9220 9217
9217 9221 9222
9222 9223 9220
9224 9223 9222
9224 9222 9221
9224 9225 9223
9226 9221 9216
9224 9221 9226
9226 9216 9227
9225 9224 9228
9228 9224 9226
9225 9228 9229
9230 9226 9227
9228 9226 9230
9230 9227 9231
9228 9232 9229
9232 9228 9230
9229 9232 9233
9234 9230 9231
9234 9231 9235
9234 9235 9236
9234 9236 9237
9237 9236 9238
9237 9238 9239
9240 9239 9238
9240 9241 9239
9240 9242 9241
9240 9243 9242
9242 9243 9244
9242 9244 9245
9245 9244 9246
9232 9230 9247
9247 9248 9232
9247 9249 9248
9248 9233 9232
9248 9250 9233
9248 9249 9251
9252 9250 9248
9248 9251 9252
9252 9253 9250
9251 9254 9252
9253 9252 9254
9251 9255 9254
9253 9254 9256
9255 9257 9254
9256 9254 9257
9255 9258 9257
9256 9257 9259
9258 9260 9257
9259 9257 9260
9258 9261 9260
9259 9260 9262
9246 9260 9261
9262 9260 9246
9263 9264 9265
9263 9265 9266
9263 9266 9267
9263 9267 9268
9263 9268 9269
9270 9264 9263
9263 9269 9270
9270 9271 9264
9270 9269 9272
9271 9270 9273
9270 9272 9273
9271 9273 9274
9275 9274 9273
9272 9276 9273
9275 9273 9276
9277 9275 9276
9272 9278 9276
9278 9277 9276
9278 9279 9277
9277 9279 9280
9277 9281 9275
9277 9280 9282
9282 9280 9283
9281 9277 9284
9284 9277 9282
9282 9283 9285
9284 9282 9285
9285 9283 9286
9281 9284 9287
9288 9281 9287
9289 9288 9287
9287 9284 9290
9289 9287 9290
9290 9284 9285
9291 9289 9290
9285 9292 9290
9291 9290 9292
9285 9286 9292
9293 9291 9292
9294 9292 9286
9293 9292 9294
9294 9286 9295
9296 9293 9294
9297 9294 9295
9296 9294 9297
9297 9295 9298
9299 9296 9297
9298 9300 9297
9299 9297 9300
9298 9301 9300
9302 9300 9301
9303 9299 9300
9302 9303 9300
9303 9304 9299
9305 9304 9303
9306 9303 9302
9305 9303 9306
9306 9302 9307
9308 9305 9306
9307 9308 9306
9308 9309 9305
9307 9310 9308
9311 9309 9308
9312 9308 9310
9311 9308 9312
9312 9310 9313
9314 9311 9312
9315 9312 9313
9314 9312 9315
9315 9313 9316
9317 9314 9315
9317 9315 9316
9318 9319 9320
9318 9320 9321
9320 9322 9321
9319 9323 9320
9320 9323 9322
9319 9324 9323
9325 9322 9323
9326 9323 9324
9325 9323 9326
9326 9324 9327
9328 9325 9326
9329 9326 9327
9328 9326 9329
9329 9327 9330
9331 9328 9329
9332 9329 9330
9331 9329 9332
9332 9330 9333
9334 9331 9332
9335 9332 9333
9334 9332 9335
9335 9333 9336
9335 9337 9334
9336 9338 9335
9335 9338 9337
9336 9339 9338
9338 9340 9337
9339 9341 9338
9338 9341 9340
9339 9342 9341
9341 9343 9340
9342 9344 9341
9341 9344 9343
9342 9345 9344
9344 9346 9343
9345 9347 9344
9344 9347 9346
9345 9348 9347
9347 9349 9346
9347 9348 9350
9347 9351 9349
9347 9350 9351
9351 9352 9349
9350 9353 9351
9351 9353 9352
9350 9354 9353
9353 9355 9352
9354 9356 9353
9353 9356 9355
9354 9357 9356
9358 9355 9356
9357 9358 9356
9359 9360 9361
9359 9362 9360
9359 9363 9362
9359 9361 9364
9359 9365 9363
9366 9359 9364
9359 9366 9365
9366 9364 9367
9366 9368 9365
9367 9369 9366
9366 9369 9368
9367 9370 9369
9371 9369 9370
9368 9369 9372
9371 9372 9369
9373 9372 9371
9368 9372 9374
9374 9372 9373
9374 9373 9375
9373 9376 9375
9373 9371 9377
9373 9378 9376
9378 9379 9376
9377 9380 9373
9380 9378 9373
9378 9381 9379
9380 9381 9378
9381 9382 9379
9377 9383 9380
9384 9383 9377
9385 9383 9384
9383 9386 9380
9385 9386 9383
9386 9381 9380
9387 9386 9385
9381 9386 9388
9387 9388 9386
9381 9388 9382
9389 9388 9387
9390 9382 9388
9389 9390 9388
9390 9391 9382
9392 9390 9389
9393 9391 9390
9392 9393 9390
9393 9394 9391
9395 9393 9392
9394 9393 9396
9395 9396 9393
9394 9396 9397
9398 9397 9396
9399 9396 9395
9398 9396 9399
9399 9395 9400
9401 9399 9400
9402 9398 9399
9401 9402 9399
9402 9403 9398
9404 9402 9401
9403 9402 9404
9404 9401 9405
9403 9404 9406
9407 9404 9405
9408 9406 9404
9407 9408 9404
9408 9409 9406
9410 9408 9407
9411 9409 9408
9410 9411 9408
9411 9412 9409
9413 9411 9410
9413 9412 9411
9414 9415 9416
9414 9417 9415
9415 9417 9418
9416 9415 9419
9415 9418 9419
9416 9419 9420
9421 9419 9418
9422 9420 9419
9421 9422 9419
9422 9423 9420
9424 9422 9421
9425 9423 9422
9424 9425 9422
9425 9426 9423
9427 9425 9424
9428 9426 9425
9427 9428 9425
9428 9429 9426
9430 9428 9427
9431 9429 9428
9430 9431 9428
9431 9432 9429
9431 9430 9433
9432 9431 9434
9431 9433 9434
9432 9434 9435
9434 9433 9436
9435 9434 9437
9434 9436 9437
9435 9437 9438
9437 9436 9439
9438 9437 9440
9437 9439 9440
9438 9440 9441
9440 9439 9442
9441 9440 9443
9440 9442 9443
9441 9443 9444
9443 9442 9445
9443 9446 9444
9443 9445 9447
9443 9447 9446
9447 9445 9448
9446 9447 9449
9447 9448 9449
9446 9449 9450
9449 9448 9451
9450 9449 9452
9449 9451 9452
9450 9452 9453
9454 9452 9451
9453 9452 9454
9455 9456 9457
9458 9457 9456
9455 9457 9459
9460 9455 9459
9460 9459 9461
9462 9460 9461
9462 9461 9463
9464 9462 9463
9464 9463 9465
9466 9464 9465
9466 9465 9467
9468 9466 9467
9468 9467 9469
9470 9468 9469
9470 9469 9471
9472 9470 9471
9472 9471 9473
9474 9472 9473
9474 9473 9475
9476 9474 9475
9476 9475 9477
9478 9476 9477
9478 9477 9479
9477 9480 9479
9475 9480 9477
9475 9481 9480
9475 9482 9481
9475 9473 9482
9473 9483 9482
9473 9471 9483
9471 9484 9483
9471 9469 9484
9469 9485 9484
9469 9467 9485
9467 9486 9485
9467 9465 9486
9465 9487 9486
9465 9463 9487
9463 9488 9487
9463 9461 9488
9461 9489 9488
9461 9459 9489
9459 9490 9489
9459 9457 9490
9491 9490 9457
9491 9492 9490
9458 9491 9457
9491 9493 9492
9491 9458 9494
9491 9494 9493
9458 9495 9494
9494 9496 9493
9494 9495 9497
9494 9497 9496
9495 9498 9497
9497 9499 9496
9498 9500 9497
9497 9500 9499
9498 9501 9500
9500 9502 9499
9501 9503 9500
9500 9503 9502
9501 9504 9503
9503 9505 9502
9504 9506 9503
9503 9506 9505
9504 9507 9506
9506 9508 9505
9507 9509 9506
9506 9509 9508
9507 9510 9509
9509 9510 9511
9512 9508 9509
9509 9511 9512
9512 9513 9508
9512 9511 9514
9514 9513 9512
9515 9516 9517
9517 9516 9518
9519 9515 9517
9520 9517 9518
9519 9517 9520
9520 9518 9521
9522 9520 9521
9523 9519 9520
9522 9523 9520
9523 9524 9519
9525 9524 9523
9526 9523 9522
9525 9523 9526
9526 9522 9527
9528 9525 9526
9529 9526 9527
9528 9526 9529
9529 9527 9530
9531 9528 9529
9532 9529 9530
9531 9529 9532
9532 9530 9533
9534 9531 9532
9534 9532 9533
9534 9535 9531
9534 9533 9536
9537 9535 9534
9538 9534 9536
9537 9534 9538
9538 9536 9539
9540 9537 9538
9538 9539 9541
9540 9538 9542
9538 9541 9542
9543 9540 9542
9542 9541 9544
9543 9542 9545
9542 9544 9545
9546 9543 9545
9544 9547 9545
9546 9545 9547
9544 9548 9547
9549 9546 9547
9548 9550 9547
9549 9547 9550
9548 9551 9550
9552 9549 9550
9553 9550 9551
9552 9550 9553
9554 9552 9553
9553 9551 9555
9554 9553 9555
9554 9556 9552
9554 9555 9557
9558 9556 9554
9557 9559 9554
9558 9554 9560
9559 9560 9554
9561 9558 9560
9562 9560 9559
9561 9560 9562
9562 9559 9563
9564 9561 9562
9565 9562 9563
9564 9562 9565
9565 9563 9566
9567 9564 9565
9568 9565 9566
9567 9565 9568
9568 9566 9569
9570 9567 9568
9571 9568 9569
9570 9568 9571
9571 9569 9572
9573 9571 9572
9574 9570 9571
9573 9574 9571
9574 9575 9570
9576 9575 9574
9577 9574 9573
9576 9574 9577
9577 9573 9578
9579 9576 9577
9580 9577 9578
9579 9577 9580
9580 9578 9581
9582 9580 9581
9583 9579 9580
9582 9583 9580
9583 9584 9579
9585 9584 9583
9586 9583 9582
9585 9583 9586
9586 9582 9587
9588 9585 9586
9587 9589 9586
9588 9586 9590
9589 9590 9586
9590 9591 9588
9592 9590 9589
9590 9593 9591
9592 9593 9590
9594 9595 9596
9597 9596 9595
9594 9598 9595
9599 9598 9594
9599 9600 9598
9601 9600 9599
9601 9602 9600
9603 9602 9601
9603 9604 9602
9605 9604 9603
9605 9606 9604
9607 9606 9605
9607 9608 9606
9609 9608 9607
9609 9610 9608
9611 9610 9609
9611 9612 9610
9613 9612 9611
9613 9614 9612
9615 9614 9613
9615 9616 9614
9617 9616 9615
9617 9618 9616
9616 9618 9619
9614 9616 9619
9614 9619 9620
9614 9620 9621
9614 9621 9612
9612 9621 9622
9612 9622 9610
9610 9622 9623
9610 9623 9608
9608 9623 9624
9608 9624 9606
9606 9624 9625
9606 9625 9604
9604 9625 9626
9604 9626 9602
9602 9626 9627
9602 9627 9600
9600 9627 9628
9600 9628 9598
9598 9628 9629
9598 9629 9595
9630 9595 9629
9630 9629 9631
9597 9595 9630
9630 9631 9632
9630 9633 9597
9630 9632 9633
9597 9633 9634
9633 9632 9635
9633 9636 9634
9633 9635 9636
9634 9636 9637
9636 9635 9638
9637 9636 9639
9636 9638 9639
9637 9639 9640
9639 9638 9641
9640 9639 9642
9639 9641 9642
9640 9642 9643
9642 9641 9644
9643 9642 9645
9642 9644 9645
9643 9645 9646
9645 9644 9647
9646 9645 9648
9645 9647 9648
9646 9648 9649
9648 9650 9649
9651 9648 9647
9648 9651 9650
9651 9647 9652
9651 9653 9650
9653 9651 9652
9654 9655 9656
9655 9657 9656
9658 9655 9654
9659 9657 9655
9658 9659 9655
9659 9660 9657
9661 9660 9659
9662 9659 9658
9661 9659 9662
9662 9658 9663
9664 9662 9663
9665 9661 9662
9664 9665 9662
9665 9666 9661
9667 9665 9664
9668 9666 9665
9667 9668 9665
9668 9669 9666
9670 9668 9667
9671 9669 9668
9670 9671 9668
9671 9672 9669
9673 9671 9670
9673 9672 9671
9673 9670 9674
9673 9675 9672
9676 9673 9674
9677 9675 9673
9676 9677 9673
9677 9678 9675
9679 9677 9676
9677 9680 9678
9679 9681 9677
9677 9681 9680
9682 9681 9679
9681 9683 9680
9682 9684 9681
9681 9684 9683
9685 9684 9682
9683 9684 9686
9685 9686 9684
9683 9686 9687
9688 9686 9685
9687 9686 9689
9688 9689 9686
9687 9689 9690
9691 9689 9688
9692 9690 9689
9691 9692 9689
9693 9692 9691
9692 9694 9690
9693 9694 9692
9693 9691 9695
9693 9696 9694
9697 9693 9695
9696 9693 9698
9697 9699 9693
9698 9693 9699
9700 9699 9697
9701 9698 9699
9700 9701 9699
9701 9702 9698
9703 9701 9700
9704 9702 9701
9703 9704 9701
9704 9705 9702
9706 9704 9703
9707 9705 9704
9706 9707 9704
9707 9708 9705
9709 9707 9706
9710 9708 9707
9709 9710 9707
9710 9711 9708
9712 9711 9710
9713 9710 9709
9712 9710 9713
9713 9709 9714
9715 9713 9714
9716 9712 9713
9715 9716 9713
9716 9717 9712
9718 9716 9715
9719 9717 9716
9718 9719 9716
9719 9720 9717
9721 9720 9719
9722 9719 9718
9721 9719 9722
9722 9718 9723
9724 9722 9723
9725 9721 9722
9724 9725 9722
9725 9726 9721
9727 9725 9724
9726 9725 9728
9727 9729 9725
9728 9725 9729
9729 9727 9730
9731 9728 9729
9729 9730 9732
9731 9729 9732
2456 9733 2454
9733 2456 9734
9733 9734 9735
2454 9733 9736
2461 2454 9736
9733 9735 9737
9736 9733 9737
9735 9738 9737
2461 9736 9739
9739 9736 9737
9740 2461 9739
9737 9738 9741
9739 9737 9741
9739 9742 9740
9742 9739 9741
9740 9742 9743
9744 9743 9742
9738 9745 9741
9742 9741 9745
9742 9745 9744
9746 9745 9738
9745 9747 9744
9746 9748 9745
9745 9748 9747
