byte offset: 0
first index: 0
index count: 52281
topology: trianglelist
format: DXGI_FORMAT_R16_UINT

0 1 2
3 4 5
6 7 8
9 10 11
12 13 14
15 16 17
18 19 20
21 22 23
24 25 26
27 28 29
30 31 32
33 34 35
36 37 38
39 40 41
42 43 44
45 43 46
47 48 49
50 48 51
52 53 54
55 56 57
58 59 60
61 62 63
64 65 66
67 68 64
67 69 68
67 70 71
72 73 74
75 76 77
78 79 80
81 82 83
84 85 83
86 87 88
89 90 91
92 93 94
92 95 96
97 98 99
100 101 102
103 104 105
106 107 108
109 110 111
112 113 114
115 116 117
118 119 120
121 122 123
124 125 126
127 128 124
129 130 128
129 131 130
132 131 129
129 133 132
133 129 134
129 135 134
129 136 135
129 137 136
138 139 137
140 139 141
138 142 140
129 143 142
129 144 143
129 145 144
146 147 148
149 150 151
152 153 154
155 156 157
158 159 160
161 160 162
163 161 162
160 164 162
160 165 164
166 164 165
166 165 167
168 166 167
168 167 169
170 168 169
170 169 171
170 171 172
170 172 173
174 175 176
174 176 177
177 176 178
179 174 177
180 177 178
179 177 181
182 179 181
182 181 183
180 184 177
184 181 177
180 185 184
184 186 181
186 183 181
186 187 183
188 189 190
188 191 189
189 191 192
189 192 193
194 189 193
193 195 194
193 196 195
196 197 195
196 198 197
199 200 201
199 201 202
199 202 203
199 203 204
203 205 204
206 202 201
206 201 207
208 203 202
208 202 206
203 209 205
209 203 208
210 206 207
210 207 211
212 210 211
212 213 210
214 206 210
214 210 213
214 208 206
214 213 215
216 214 215
208 214 216
216 215 217
218 205 209
218 219 205
220 219 218
209 208 221
208 216 221
218 209 221
217 222 216
221 216 222
217 223 222
223 224 222
220 218 225
224 225 222
226 220 225
218 221 227
221 222 227
225 218 227
225 227 222
224 228 225
226 225 228
224 229 228
230 226 228
229 230 228
230 231 226
229 232 230
233 234 235
233 235 236
237 233 236
237 236 238
237 238 239
240 237 239
240 239 241
240 241 242
240 242 243
244 245 246
244 247 245
247 248 245
249 247 244
250 248 247
249 251 247
252 251 249
252 253 251
250 247 254
254 247 251
250 254 255
254 251 256
256 251 253
256 253 257
258 259 260
258 260 261
260 262 261
260 263 262
264 263 260
263 264 265
263 265 266
266 265 267
266 267 268
269 270 271
269 272 270
269 273 272
269 274 273
273 274 275
276 270 272
276 277 270
278 272 273
278 276 272
273 275 279
279 278 273
280 277 276
280 281 277
282 281 280
282 280 283
284 280 276
284 283 280
284 276 278
284 285 283
286 285 284
278 286 284
286 287 285
288 279 275
288 275 289
290 288 289
279 291 278
278 291 286
288 291 279
287 286 292
291 292 286
287 292 293
293 292 294
290 295 288
294 292 295
296 295 290
288 297 291
291 297 292
295 297 288
295 292 297
294 295 298
296 298 295
294 298 299
300 298 296
299 298 300
300 296 301
299 300 302
303 304 305
303 306 304
307 306 303
307 308 306
307 309 308
310 309 307
310 311 309
310 312 311
310 313 312
314 315 316
314 317 315
317 318 315
317 319 318
319 320 318
319 321 320
321 322 320
321 323 322
323 324 322
323 325 324
325 326 324
325 327 326
327 328 326
327 329 328
329 330 328
329 331 330
331 332 330
331 333 332
333 334 332
333 335 334
335 336 334
335 337 336
337 338 336
337 339 338
339 340 338
339 341 340
341 342 340
341 343 342
343 344 342
343 345 344
345 346 344
345 347 346
348 349 350
348 351 349
351 352 349
351 353 352
353 354 352
353 355 354
355 356 354
355 357 356
357 358 356
357 359 358
359 360 358
359 361 360
361 362 360
361 363 362
363 364 362
363 365 364
365 366 364
365 367 366
367 368 366
367 369 368
369 370 368
369 371 370
371 372 370
371 373 372
373 374 372
373 375 374
375 376 374
375 377 376
377 378 376
377 379 378
379 380 378
379 381 380
382 383 384
382 384 385
386 382 385
386 385 387
388 386 387
388 387 389
390 388 389
390 389 391
392 390 391
392 391 393
394 392 393
394 393 395
396 394 395
396 395 397
398 396 397
398 397 399
400 398 399
400 399 401
402 400 401
402 401 403
404 402 403
404 403 405
406 404 405
406 405 407
408 406 407
408 407 409
410 408 409
410 409 411
412 410 411
412 411 413
414 412 413
414 413 415
416 417 418
416 418 419
420 416 419
420 419 421
422 420 421
422 421 423
424 422 423
424 423 425
426 424 425
426 425 427
428 426 427
428 427 429
430 428 429
430 429 431
432 430 431
432 431 433
434 432 433
434 433 435
436 434 435
436 435 437
438 436 437
438 437 439
440 438 439
440 439 441
442 440 441
442 441 443
444 442 443
444 443 445
446 444 445
446 445 447
448 446 447
448 447 449
450 451 452
450 453 451
453 454 451
453 455 454
455 456 454
455 457 456
457 458 456
457 459 458
459 460 458
459 461 460
461 462 460
461 463 462
463 464 462
463 465 464
465 466 464
465 467 466
467 468 466
467 469 468
469 470 468
469 471 470
471 472 470
471 473 472
473 474 472
473 475 474
475 476 474
475 477 476
477 478 476
477 479 478
479 480 478
479 481 480
481 482 480
481 483 482
484 485 486
484 487 485
487 488 485
487 489 488
489 490 488
489 491 490
491 492 490
491 493 492
493 494 492
493 495 494
495 496 494
495 497 496
497 498 496
497 499 498
499 500 498
499 501 500
501 502 500
501 503 502
503 504 502
503 505 504
505 506 504
505 507 506
507 508 506
507 509 508
509 510 508
509 511 510
511 512 510
511 513 512
513 514 512
513 515 514
515 516 514
515 517 516
518 519 520
520 519 521
520 521 522
522 521 523
522 523 524
524 523 525
524 525 526
526 525 527
526 527 528
528 527 529
528 529 530
530 529 531
530 531 532
532 531 533
532 533 534
534 533 535
534 535 536
536 535 537
536 537 538
539 540 541
542 540 539
543 544 545
546 544 543
546 547 544
548 547 546
548 549 547
550 549 548
550 551 549
552 553 554
552 554 555
555 554 556
555 556 557
557 556 558
557 558 559
559 558 560
559 560 561
561 560 562
561 562 563
563 562 564
563 564 565
565 564 566
565 566 567
567 566 568
567 568 569
569 568 570
569 570 571
571 570 572
571 572 573
573 572 574
573 574 575
575 574 576
575 576 577
577 576 578
577 578 579
579 578 580
579 580 581
581 580 582
581 582 583
583 582 584
583 584 585
586 587 588
586 588 589
590 591 592
590 592 593
594 595 596
594 597 595
598 597 594
598 594 599
600 598 599
600 601 598
602 603 604
602 604 605
606 607 608
606 608 609
610 611 612
610 612 613
612 614 613
612 615 614
614 615 616
614 616 617
618 619 620
618 620 621
622 623 624
622 624 625
626 627 628
626 628 629
630 631 632
630 632 633
634 635 636
634 637 635
638 637 634
638 639 637
640 639 638
640 641 639
642 643 644
642 644 645
645 644 646
645 646 647
647 646 648
647 648 649
650 651 652
650 652 653
654 655 656
654 656 657
658 659 660
658 660 661
662 663 664
662 664 665
666 667 668
666 668 669
670 671 672
670 672 673
674 675 676
674 676 677
678 679 680
678 680 681
682 683 684
682 684 685
686 687 688
686 688 689
690 691 692
690 692 693
694 695 696
694 696 697
698 699 700
698 700 701
702 698 701
701 700 703
702 701 704
701 703 705
704 701 705
705 703 706
704 705 707
705 706 708
707 705 708
708 706 709
707 708 710
708 709 711
710 708 711
711 709 712
710 711 713
711 712 714
713 711 714
714 712 715
713 714 716
714 715 717
716 714 717
717 715 718
716 717 719
717 718 720
719 717 720
719 720 721
722 723 724
722 725 723
725 726 723
727 725 722
725 728 726
727 729 725
729 728 725
730 729 727
729 731 728
730 732 729
732 731 729
733 732 730
732 734 731
733 735 732
735 734 732
735 736 734
737 735 733
738 736 735
737 738 735
738 739 736
740 739 738
740 738 741
741 738 737
741 737 742
743 744 745
743 746 744
747 746 743
746 748 744
747 749 746
746 750 748
749 750 746
750 751 748
749 752 750
750 753 751
752 753 750
753 754 751
752 755 753
753 756 754
755 756 753
756 757 754
755 758 756
756 759 757
758 759 756
759 760 757
758 761 759
759 762 760
761 762 759
762 763 760
761 764 762
762 765 763
764 765 762
765 766 763
764 767 765
765 768 766
767 768 765
768 769 766
767 770 768
768 771 769
770 771 768
771 772 769
770 773 771
771 774 772
773 774 771
774 775 772
773 776 774
774 777 775
776 777 774
777 778 775
776 779 777
777 780 778
779 780 777
779 781 780
782 783 784
782 785 783
786 785 782
785 787 783
786 788 785
785 789 787
788 789 785
789 790 787
788 791 789
789 792 790
791 792 789
792 793 790
791 794 792
792 795 793
794 795 792
795 796 793
794 797 795
795 798 796
797 798 795
798 799 796
797 800 798
798 801 799
800 801 798
800 802 801
803 804 805
803 806 804
807 806 803
806 808 804
807 809 806
806 810 808
809 810 806
810 811 808
809 812 810
810 813 811
812 813 810
813 814 811
812 815 813
813 816 814
815 816 813
816 817 814
815 818 816
816 819 817
818 819 816
819 820 817
818 821 819
819 822 820
821 822 819
822 823 820
821 824 822
822 825 823
824 825 822
824 826 825
827 828 829
827 830 828
831 830 827
830 832 828
831 833 830
830 834 832
833 834 830
834 835 832
833 836 834
834 837 835
836 837 834
837 838 835
836 839 837
837 840 838
839 840 837
840 841 838
839 842 840
840 843 841
842 843 840
843 844 841
842 845 843
843 846 844
845 846 843
846 847 844
845 848 846
846 849 847
848 849 846
849 850 847
848 851 849
849 852 850
851 852 849
852 853 850
851 854 852
852 855 853
854 855 852
855 856 853
854 857 855
855 858 856
857 858 855
858 859 856
857 860 858
858 861 859
860 861 858
861 862 859
860 863 861
861 864 862
863 864 861
863 865 864
866 867 868
866 868 869
870 866 869
869 868 871
870 869 872
873 870 872
869 871 874
872 869 874
874 871 875
873 872 876
877 873 876
874 875 878
878 875 879
878 879 880
880 879 881
872 874 882
882 874 878
876 872 882
882 878 883
883 878 880
876 882 884
884 882 883
877 876 885
885 876 884
886 877 885
886 887 877
888 886 885
888 885 884
889 888 884
884 883 890
889 884 890
890 883 880
891 889 890
890 880 891
892 891 880
892 880 893
880 881 893
894 892 893
893 881 895
894 893 896
893 895 896
897 894 896
896 895 898
897 896 899
896 898 899
900 897 899
899 898 901
900 899 902
899 901 902
903 900 902
902 901 904
903 902 905
902 904 905
906 903 905
905 904 907
906 905 908
905 907 908
908 907 909
910 906 908
908 909 911
910 908 911
912 911 909
912 913 911
913 910 911
913 914 910
915 916 917
918 915 917
918 917 919
920 918 919
920 919 921
922 920 921
922 921 923
924 922 923
924 923 925
926 924 925
926 925 927
928 926 927
928 927 929
930 928 929
930 929 931
932 930 931
932 931 933
934 932 933
934 933 935
936 934 935
936 935 937
938 936 937
938 937 939
940 938 939
940 939 941
942 943 944
943 945 944
945 943 946
946 947 945
946 948 947
946 949 948
946 950 949
949 950 951
952 949 951
952 951 953
954 952 953
954 953 955
956 954 955
956 955 957
958 956 957
958 957 959
960 958 959
960 959 961
962 960 961
962 961 963
964 962 963
964 963 965
966 964 965
966 965 967
968 966 967
968 967 969
970 968 969
970 969 971
972 970 971
972 971 973
974 972 973
974 973 975
976 977 978
976 978 979
980 976 979
980 979 981
982 980 981
982 981 983
984 982 983
984 983 985
986 984 985
986 985 987
988 986 987
988 987 989
990 988 989
990 989 991
992 990 991
992 993 990
992 994 993
992 995 994
995 996 994
995 997 996
996 997 998
997 999 998
996 998 1000
998 999 1001
1000 998 1002
998 1001 1002
1000 1002 1003
1002 1001 1004
1002 1004 1005
1006 1002 1005
1006 1005 1007
1008 1009 1010
1008 1011 1009
1011 1012 1009
1011 1013 1012
1014 1011 1008
1014 1013 1011
1014 1008 1015
1014 1016 1013
1017 1014 1015
1018 1016 1014
1017 1018 1014
1018 1019 1016
1020 1018 1017
1021 1019 1018
1020 1021 1018
1021 1022 1019
1023 1022 1021
1023 1021 1024
1024 1021 1020
1024 1020 1025
1026 1027 1028
1026 1029 1027
1029 1030 1027
1029 1031 1030
1029 1032 1031
1026 1033 1029
1029 1033 1032
1026 1034 1033
1035 1033 1034
1036 1032 1033
1035 1036 1033
1036 1037 1032
1036 1038 1037
1035 1039 1036
1036 1039 1038
1035 1040 1039
1041 1039 1040
1042 1038 1039
1041 1042 1039
1042 1043 1038
1042 1044 1043
1041 1045 1042
1042 1045 1044
1041 1046 1045
1047 1045 1046
1048 1044 1045
1047 1048 1045
1048 1049 1044
1048 1050 1049
1047 1051 1048
1048 1051 1050
1047 1052 1051
1053 1051 1052
1054 1050 1051
1053 1054 1051
1054 1055 1050
1054 1056 1055
1053 1057 1054
1054 1057 1056
1053 1058 1057
1059 1057 1058
1060 1056 1057
1059 1060 1057
1060 1061 1056
1060 1062 1061
1059 1063 1060
1060 1063 1062
1059 1064 1063
1065 1063 1064
1066 1062 1063
1065 1066 1063
1066 1067 1062
1066 1068 1067
1065 1069 1066
1066 1069 1068
1065 1070 1069
1071 1069 1070
1072 1068 1069
1071 1072 1069
1072 1073 1068
1072 1074 1073
1072 1075 1074
1071 1075 1072
1071 1076 1075
1077 1078 1079
1077 1080 1078
1081 1080 1077
1081 1082 1080
1083 1084 1085
1083 1086 1084
1086 1087 1084
1088 1086 1083
1086 1089 1087
1088 1090 1086
1090 1089 1086
1090 1091 1089
1092 1090 1088
1093 1091 1090
1092 1093 1090
1093 1094 1091
1095 1093 1092
1095 1094 1093
1095 1096 1094
1095 1092 1097
1095 1098 1096
1099 1095 1097
1095 1099 1098
1098 1099 1100
1099 1097 1101
1101 1100 1099
1098 1100 1102
1101 1103 1100
1104 1100 1103
1105 1102 1100
1104 1106 1100
1105 1100 1106
1107 1106 1104
1105 1106 1108
1107 1108 1106
1105 1108 1109
1110 1108 1107
1111 1109 1108
1110 1111 1108
1111 1112 1109
1111 1113 1112
1110 1114 1111
1111 1114 1113
1110 1115 1114
1116 1114 1115
1117 1113 1114
1116 1117 1114
1117 1118 1113
1117 1119 1118
1116 1120 1117
1117 1120 1119
1116 1121 1120
1122 1120 1121
1123 1119 1120
1122 1123 1120
1123 1124 1119
1123 1125 1124
1122 1126 1123
1123 1126 1125
1122 1127 1126
1128 1126 1127
1129 1125 1126
1128 1129 1126
1129 1130 1125
1129 1131 1130
1128 1132 1129
1129 1132 1131
1128 1133 1132
1134 1132 1133
1135 1131 1132
1134 1135 1132
1135 1136 1131
1135 1137 1136
1134 1138 1135
1135 1138 1137
1134 1139 1138
1140 1138 1139
1141 1137 1138
1140 1141 1138
1141 1142 1137
1141 1143 1142
1141 1144 1143
1140 1144 1141
1140 1145 1144
1146 1147 1148
1146 1149 1147
1150 1149 1146
1150 1146 1151
1147 1149 1152
1147 1152 1153
1152 1154 1153
1149 1150 1155
1149 1155 1152
1156 1150 1151
1155 1150 1156
1156 1151 1157
1156 1157 1158
1152 1159 1154
1160 1154 1159
1156 1158 1161
1161 1158 1162
1155 1156 1163
1161 1163 1156
1155 1164 1152
1164 1159 1152
1160 1159 1165
1166 1160 1165
1161 1162 1167
1168 1167 1162
1155 1169 1164
1169 1155 1163
1164 1170 1159
1159 1170 1165
1169 1170 1164
1166 1165 1171
1172 1166 1171
1172 1171 1173
1171 1174 1173
1165 1175 1171
1165 1170 1175
1171 1175 1174
1169 1176 1170
1176 1175 1170
1174 1175 1177
1176 1177 1175
1174 1177 1178
1169 1163 1179
1179 1176 1169
1180 1177 1176
1179 1180 1176
1178 1177 1181
1180 1181 1177
1178 1181 1182
1183 1181 1180
1179 1183 1180
1182 1181 1184
1183 1184 1181
1182 1184 1185
1185 1184 1186
1183 1186 1184
1185 1186 1187
1188 1179 1163
1161 1188 1163
1188 1161 1167
1179 1189 1183
1188 1189 1179
1189 1190 1183
1183 1190 1186
1187 1186 1191
1187 1191 1192
1193 1189 1188
1189 1193 1190
1194 1186 1190
1194 1191 1186
1194 1190 1193
1192 1191 1195
1192 1195 1196
1195 1197 1196
1198 1195 1191
1198 1191 1194
1194 1199 1198
1195 1200 1197
1198 1200 1195
1193 1188 1201
1188 1167 1201
1194 1193 1202
1194 1202 1199
1203 1193 1201
1203 1202 1193
1167 1203 1201
1203 1199 1202
1167 1204 1203
1168 1204 1167
1204 1205 1203
1203 1205 1199
1168 1206 1204
1204 1206 1205
1168 1207 1206
1208 1205 1206
1199 1205 1208
1207 1209 1206
1208 1206 1209
1207 1210 1209
1208 1209 1210
1207 1211 1210
1210 1211 1212
1199 1208 1213
1208 1210 1214
1213 1208 1214
1210 1212 1215
1214 1210 1215
1199 1213 1216
1199 1216 1198
1198 1216 1200
1212 1217 1215
1212 1218 1217
1219 1217 1218
1213 1214 1220
1220 1216 1213
1214 1215 1221
1221 1215 1217
1221 1220 1214
1222 1200 1216
1220 1222 1216
1222 1223 1200
1197 1200 1223
1197 1223 1224
1220 1225 1222
1223 1222 1225
1226 1224 1223
1223 1225 1226
1226 1227 1224
1226 1228 1227
1220 1229 1225
1221 1229 1220
1226 1225 1230
1230 1225 1229
1226 1231 1228
1226 1230 1231
1228 1231 1232
1232 1231 1230
1228 1232 1233
1232 1234 1233
1232 1235 1234
1236 1235 1232
1232 1230 1236
1236 1237 1235
1238 1237 1236
1230 1229 1239
1221 1239 1229
1239 1236 1230
1238 1236 1240
1239 1240 1236
1241 1238 1240
1221 1242 1239
1240 1239 1242
1221 1217 1242
1241 1240 1243
1240 1242 1243
1244 1241 1243
1242 1217 1245
1242 1245 1243
1244 1243 1245
1219 1245 1217
1219 1244 1245
1219 1246 1244
1247 1248 1249
1247 1250 1248
1251 1250 1247
1250 1252 1248
1251 1253 1250
1254 1253 1251
1250 1255 1252
1253 1255 1250
1255 1256 1252
1255 1257 1256
1258 1257 1255
1253 1258 1255
1258 1259 1257
1254 1260 1253
1260 1258 1253
1260 1254 1261
1262 1259 1258
1260 1262 1258
1262 1263 1259
1264 1263 1262
1260 1261 1265
1266 1265 1261
1267 1262 1260
1264 1262 1267
1267 1260 1265
1266 1268 1265
1268 1267 1265
1269 1268 1266
1270 1264 1267
1268 1270 1267
1270 1271 1264
1269 1272 1268
1272 1270 1268
1273 1272 1269
1274 1271 1270
1272 1274 1270
1274 1275 1271
1273 1276 1272
1276 1274 1272
1277 1276 1273
1278 1275 1274
1276 1278 1274
1278 1279 1275
1277 1280 1276
1280 1278 1276
1281 1280 1277
1282 1279 1278
1280 1282 1278
1282 1283 1279
1281 1284 1280
1284 1282 1280
1285 1284 1281
1286 1283 1282
1284 1286 1282
1286 1287 1283
1285 1288 1284
1288 1286 1284
1289 1288 1285
1290 1287 1286
1288 1290 1286
1290 1291 1287
1289 1292 1288
1292 1290 1288
1293 1292 1289
1294 1291 1290
1292 1294 1290
1294 1295 1291
1293 1296 1292
1296 1294 1292
1297 1296 1293
1298 1295 1294
1296 1298 1294
1298 1299 1295
1297 1300 1296
1300 1298 1296
1301 1300 1297
1301 1302 1300
1303 1299 1298
1300 1303 1298
1302 1303 1300
1303 1304 1299
1302 1305 1303
1305 1304 1303
1305 1306 1304
1307 1308 1309
1307 1309 1310
1310 1309 1311
1312 1307 1310
1312 1313 1307
1310 1311 1314
1312 1310 1314
1312 1314 1315
1314 1311 1316
1317 1315 1314
1314 1316 1318
1317 1314 1318
1318 1316 1319
1317 1318 1320
1318 1319 1320
1317 1320 1321
1322 1320 1319
1323 1321 1320
1322 1323 1320
1323 1324 1321
1325 1323 1322
1326 1324 1323
1325 1326 1323
1326 1327 1324
1328 1326 1325
1329 1327 1326
1328 1329 1326
1329 1330 1327
1331 1329 1328
1332 1330 1329
1331 1332 1329
1332 1333 1330
1332 1331 1334
1335 1333 1332
1332 1334 1336
1335 1332 1336
1336 1334 1337
1335 1336 1338
1336 1337 1338
1335 1338 1339
1338 1337 1340
1341 1339 1338
1338 1340 1342
1341 1338 1342
1342 1340 1343
1341 1342 1344
1342 1343 1344
1341 1344 1345
1344 1343 1346
1347 1345 1344
1344 1346 1348
1347 1344 1348
1348 1346 1349
1347 1348 1350
1348 1349 1350
1347 1350 1351
1350 1349 1352
1353 1351 1350
1350 1352 1354
1353 1350 1354
1354 1352 1355
1353 1354 1356
1354 1355 1356
1353 1356 1357
1355 1358 1356
1356 1358 1357
1359 1360 1361
1359 1361 1362
1363 1364 1365
1363 1365 1366
1367 1368 1369
1367 1369 1370
1371 1372 1373
1371 1373 1374
1375 1376 1377
1375 1377 1378
1379 1380 1381
1379 1381 1382
1383 1384 1385
1383 1385 1386
1387 1388 1389
1387 1389 1390
1391 1392 1393
1391 1393 1394
1395 1396 1397
1395 1397 1398
1399 1400 1401
1399 1401 1402
1403 1404 1405
1403 1405 1406
1407 1408 1409
1407 1409 1410
1411 1412 1413
1411 1413 1414
1415 1416 1417
1415 1417 1418
1419 1420 1421
1419 1421 1422
1423 1424 1425
1423 1426 1424
1426 1427 1424
1426 1428 1427
1423 1429 1426
1429 1428 1426
1423 1430 1429
1429 1431 1428
1432 1429 1430
1433 1431 1429
1432 1433 1429
1432 1434 1433
1433 1435 1431
1434 1435 1433
1432 1436 1434
1434 1437 1435
1434 1436 1438
1439 1437 1434
1434 1438 1440
1439 1434 1440
1440 1438 1441
1442 1439 1440
1440 1441 1443
1442 1440 1443
1443 1441 1444
1445 1442 1443
1443 1444 1446
1445 1443 1446
1446 1444 1447
1448 1445 1446
1446 1447 1449
1448 1446 1449
1450 1449 1447
1451 1448 1449
1450 1451 1449
1451 1452 1448
1450 1453 1451
1453 1452 1451
1450 1454 1453
1453 1455 1452
1456 1453 1454
1457 1455 1453
1456 1457 1453
1457 1458 1455
1456 1459 1457
1459 1458 1457
1456 1460 1459
1459 1461 1458
1462 1459 1460
1463 1461 1459
1462 1463 1459
1463 1464 1461
1462 1465 1463
1465 1464 1463
1462 1466 1465
1465 1467 1464
1468 1465 1466
1469 1467 1465
1468 1469 1465
1469 1470 1467
1471 1470 1469
1468 1472 1469
1471 1469 1472
1468 1473 1472
1474 1471 1472
1473 1474 1472
1475 1476 1477
1475 1477 1478
1479 1480 1481
1479 1481 1482
1483 1484 1485
1483 1485 1486
1487 1488 1489
1487 1489 1490
1491 1492 1493
1491 1493 1494
1495 1496 1497
1495 1497 1498
1499 1500 1501
1499 1501 1502
1503 1504 1505
1503 1505 1506
1507 1508 1509
1507 1509 1510
1511 1512 1513
1511 1513 1514
1515 1516 1517
1515 1517 1518
1519 1520 1521
1519 1521 1522
1523 1524 1525
1523 1525 1526
1527 1528 1529
1527 1529 1530
1531 1532 1533
1531 1533 1534
1535 1536 1537
1535 1537 1538
1539 1540 1541
1539 1541 1542
1543 1539 1542
1542 1541 1544
1543 1542 1545
1546 1543 1545
1542 1544 1547
1545 1542 1547
1547 1544 1548
1546 1545 1549
1550 1546 1549
1547 1548 1551
1551 1548 1552
1545 1547 1553
1553 1549 1545
1553 1547 1551
1550 1549 1554
1555 1550 1554
1553 1556 1549
1556 1554 1549
1555 1554 1557
1558 1555 1557
1551 1552 1559
1559 1552 1560
1553 1551 1561
1561 1556 1553
1556 1562 1554
1562 1557 1554
1558 1557 1563
1563 1564 1558
1559 1560 1565
1565 1560 1566
1551 1559 1567
1551 1567 1561
1567 1559 1565
1556 1561 1568
1562 1556 1568
1567 1568 1561
1557 1562 1569
1557 1569 1563
1563 1570 1564
1570 1563 1569
1570 1571 1564
1565 1566 1572
1572 1566 1573
1567 1565 1574
1574 1565 1572
1567 1575 1568
1574 1575 1567
1568 1576 1562
1576 1569 1562
1575 1576 1568
1570 1569 1577
1577 1569 1576
1570 1578 1571
1578 1570 1577
1579 1571 1578
1579 1578 1580
1580 1578 1581
1578 1577 1581
1581 1577 1582
1580 1581 1583
1583 1581 1582
1583 1582 1584
1585 1584 1582
1586 1577 1576
1586 1582 1577
1575 1587 1576
1586 1576 1587
1585 1582 1588
1585 1588 1589
1582 1586 1590
1582 1590 1588
1586 1587 1590
1588 1591 1589
1588 1590 1591
1587 1575 1592
1574 1592 1575
1590 1587 1593
1590 1593 1591
1589 1591 1594
1589 1594 1595
1596 1592 1574
1574 1572 1596
1587 1592 1597
1587 1597 1593
1591 1593 1598
1591 1598 1594
1595 1594 1599
1595 1599 1600
1597 1592 1601
1596 1601 1592
1593 1597 1602
1593 1602 1598
1597 1601 1602
1596 1572 1603
1572 1573 1603
1603 1573 1604
1594 1598 1605
1594 1605 1599
1606 1601 1596
1596 1603 1606
1603 1604 1607
1606 1603 1607
1607 1604 1608
1598 1602 1609
1598 1609 1605
1602 1601 1610
1606 1610 1601
1602 1610 1609
1611 1610 1606
1609 1610 1611
1607 1608 1612
1612 1608 1613
1606 1607 1614
1611 1606 1614
1614 1607 1612
1605 1609 1615
1605 1615 1599
1612 1613 1616
1616 1613 1617
1614 1612 1618
1611 1614 1618
1618 1612 1616
1616 1617 1619
1619 1617 1620
1619 1620 1621
1618 1616 1622
1622 1616 1619
1623 1619 1621
1622 1619 1623
1623 1621 1624
1625 1618 1622
1611 1618 1625
1626 1623 1624
1626 1624 1627
1628 1622 1623
1625 1622 1628
1628 1623 1626
1611 1625 1629
1629 1625 1628
1630 1626 1627
1630 1627 1631
1632 1628 1626
1629 1628 1632
1633 1632 1626
1630 1633 1626
1629 1632 1633
1634 1630 1631
1633 1630 1634
1634 1631 1635
1636 1611 1629
1609 1611 1636
1609 1636 1615
1629 1637 1636
1633 1637 1629
1637 1615 1636
1633 1634 1638
1633 1638 1637
1639 1634 1635
1634 1639 1638
1639 1635 1640
1637 1641 1615
1638 1641 1637
1640 1642 1639
1640 1643 1642
1639 1644 1638
1641 1638 1644
1639 1642 1644
1641 1645 1615
1599 1615 1645
1643 1646 1642
1643 1647 1646
1642 1648 1644
1642 1646 1648
1649 1641 1644
1641 1649 1645
1649 1644 1648
1650 1599 1645
1649 1650 1645
1650 1600 1599
1600 1650 1651
1651 1650 1649
1651 1649 1652
1652 1649 1648
1652 1648 1653
1653 1648 1646
1653 1646 1654
1654 1646 1647
1654 1647 1655
1656 1657 1658
1656 1658 1659
1660 1656 1659
1661 1660 1659
1660 1662 1656
1658 1663 1659
1661 1659 1663
1658 1664 1663
1665 1662 1660
1661 1665 1660
1665 1666 1662
1664 1667 1663
1667 1661 1663
1664 1668 1667
1669 1667 1668
1669 1668 1670
1671 1669 1670
1666 1665 1672
1666 1672 1673
1667 1674 1661
1669 1674 1667
1673 1672 1675
1673 1675 1676
1677 1676 1675
1671 1678 1669
1669 1679 1674
1679 1669 1678
1680 1678 1671
1680 1671 1681
1679 1678 1682
1682 1678 1680
1674 1679 1683
1682 1683 1679
1661 1674 1684
1674 1683 1684
1661 1684 1685
1661 1685 1665
1685 1684 1686
1686 1684 1683
1665 1685 1687
1685 1686 1687
1665 1687 1672
1672 1687 1688
1672 1688 1675
1689 1680 1681
1689 1681 1690
1687 1686 1691
1687 1691 1688
1692 1689 1690
1692 1690 1693
1694 1692 1693
1694 1695 1692
1696 1695 1694
1696 1697 1695
1698 1697 1696
1675 1688 1699
1688 1691 1700
1688 1700 1699
1675 1699 1701
1699 1702 1701
1677 1675 1701
1702 1677 1701
1702 1703 1677
1704 1703 1702
1705 1692 1695
1695 1697 1706
1695 1706 1705
1705 1707 1692
1689 1692 1707
1706 1697 1708
1698 1708 1697
1709 1708 1698
1709 1698 1710
1709 1710 1711
1706 1708 1712
1709 1712 1708
1713 1705 1706
1713 1706 1712
1689 1707 1714
1680 1689 1714
1680 1714 1715
1682 1680 1715
1716 1715 1714
1716 1714 1707
1707 1705 1717
1713 1717 1705
1718 1682 1715
1716 1718 1715
1716 1719 1718
1718 1720 1682
1719 1720 1718
1682 1720 1683
1707 1717 1721
1716 1707 1721
1722 1683 1720
1686 1683 1722
1722 1720 1723
1719 1723 1720
1724 1686 1722
1723 1724 1722
1724 1691 1686
1725 1721 1717
1713 1725 1717
1726 1716 1721
1716 1726 1719
1726 1721 1727
1725 1727 1721
1727 1728 1726
1719 1726 1728
1729 1723 1719
1723 1729 1724
1691 1724 1730
1691 1730 1700
1725 1731 1727
1727 1731 1728
1719 1728 1732
1729 1719 1732
1733 1724 1729
1733 1730 1724
1734 1700 1730
1699 1700 1734
1735 1729 1732
1735 1733 1729
1736 1732 1728
1736 1735 1732
1737 1736 1728
1737 1728 1731
1738 1737 1731
1735 1736 1739
1737 1739 1736
1740 1730 1733
1734 1730 1740
1733 1735 1741
1735 1739 1741
1737 1742 1739
1742 1737 1738
1738 1731 1743
1725 1743 1731
1743 1725 1744
1713 1744 1725
1740 1733 1745
1733 1741 1745
1746 1740 1745
1746 1745 1741
1741 1739 1747
1742 1747 1739
1738 1743 1748
1743 1744 1748
1744 1713 1749
1713 1712 1749
1744 1749 1750
1748 1744 1750
1751 1749 1712
1750 1749 1751
1746 1752 1740
1734 1740 1752
1751 1712 1753
1709 1753 1712
1709 1754 1753
1754 1751 1753
1709 1755 1754
1709 1711 1755
1755 1711 1756
1755 1756 1757
1757 1754 1755
1757 1756 1758
1754 1759 1751
1757 1760 1754
1760 1759 1754
1757 1758 1761
1760 1757 1761
1762 1761 1758
1762 1758 1763
1764 1761 1762
1764 1765 1761
1760 1761 1765
1764 1766 1765
1760 1765 1766
1764 1767 1766
1766 1767 1768
1769 1751 1759
1750 1751 1769
1770 1750 1769
1760 1771 1759
1760 1766 1771
1772 1759 1771
1772 1771 1766
1769 1759 1773
1773 1770 1769
1772 1773 1759
1766 1768 1774
1772 1766 1774
1768 1775 1774
1772 1774 1775
1768 1776 1775
1775 1776 1777
1778 1773 1772
1773 1778 1770
1770 1778 1779
1778 1772 1780
1772 1775 1780
1780 1779 1778
1775 1777 1781
1781 1780 1775
1777 1782 1781
1777 1783 1782
1781 1784 1780
1780 1784 1779
1782 1784 1781
1783 1785 1782
1783 1786 1785
1782 1787 1784
1787 1779 1784
1787 1782 1785
1788 1785 1786
1788 1786 1789
1787 1785 1790
1790 1785 1788
1791 1788 1789
1791 1789 1792
1793 1791 1792
1793 1794 1791
1794 1793 1795
1794 1795 1796
1797 1794 1796
1798 1788 1791
1794 1798 1791
1797 1799 1794
1794 1799 1798
1800 1799 1797
1800 1801 1799
1801 1798 1799
1798 1802 1788
1790 1788 1802
1802 1798 1803
1801 1803 1798
1804 1801 1800
1804 1800 1805
1804 1805 1806
1790 1802 1807
1802 1803 1807
1808 1803 1801
1808 1801 1804
1807 1803 1808
1790 1807 1809
1787 1790 1809
1787 1809 1810
1787 1810 1779
1811 1809 1807
1811 1810 1809
1779 1810 1812
1811 1812 1810
1807 1808 1813
1811 1807 1813
1814 1813 1808
1814 1811 1813
1815 1808 1804
1814 1808 1815
1815 1804 1816
1804 1806 1816
1816 1817 1815
1817 1814 1815
1806 1818 1816
1816 1818 1817
1806 1819 1818
1818 1819 1820
1814 1821 1811
1821 1812 1811
1818 1820 1822
1823 1822 1820
1817 1824 1814
1821 1814 1824
1817 1818 1825
1825 1818 1822
1823 1826 1822
1827 1826 1823
1817 1825 1828
1828 1824 1817
1825 1822 1829
1822 1826 1829
1828 1825 1829
1821 1830 1812
1821 1824 1831
1831 1830 1821
1828 1832 1824
1831 1824 1832
1828 1829 1833
1832 1828 1833
1826 1834 1829
1833 1829 1834
1827 1835 1826
1826 1835 1834
1836 1835 1827
1836 1827 1837
1838 1836 1837
1839 1812 1830
1779 1812 1839
1770 1779 1839
1835 1840 1834
1835 1836 1840
1833 1834 1841
1842 1834 1840
1842 1841 1834
1836 1843 1840
1843 1842 1840
1838 1844 1836
1836 1844 1843
1838 1845 1844
1838 1846 1845
1847 1833 1841
1832 1833 1847
1848 1843 1844
1848 1844 1845
1849 1845 1846
1849 1846 1850
1845 1851 1848
1845 1849 1851
1843 1848 1852
1852 1848 1851
1853 1849 1850
1853 1850 1854
1855 1849 1853
1855 1851 1849
1854 1856 1853
1855 1853 1856
1854 1857 1856
1857 1858 1856
1857 1859 1858
1856 1858 1860
1856 1860 1861
1855 1856 1861
1860 1862 1861
1862 1855 1861
1860 1863 1862
1862 1863 1864
1865 1851 1855
1862 1865 1855
1862 1864 1866
1866 1864 1867
1865 1868 1851
1852 1851 1868
1869 1865 1862
1869 1862 1866
1869 1868 1865
1866 1867 1870
1869 1866 1870
1870 1867 1871
1869 1872 1868
1872 1852 1868
1870 1871 1873
1873 1871 1874
1869 1870 1875
1875 1872 1869
1875 1870 1873
1873 1874 1876
1876 1874 1704
1875 1873 1877
1877 1873 1876
1876 1704 1878
1704 1702 1878
1879 1876 1878
1877 1876 1879
1877 1880 1875
1875 1880 1872
1702 1881 1878
1879 1878 1881
1879 1882 1877
1877 1882 1880
1879 1883 1882
1881 1883 1879
1702 1884 1881
1699 1884 1702
1699 1734 1884
1884 1885 1881
1884 1734 1885
1881 1885 1883
1734 1752 1885
1883 1885 1752
1880 1882 1886
1886 1882 1883
1883 1752 1887
1886 1883 1887
1887 1752 1746
1880 1886 1888
1888 1872 1880
1887 1889 1886
1887 1746 1889
1890 1886 1889
1890 1888 1886
1888 1891 1872
1872 1891 1852
1892 1891 1888
1852 1891 1892
1892 1888 1890
1852 1892 1843
1843 1892 1842
1892 1893 1842
1892 1890 1893
1893 1841 1842
1890 1889 1894
1746 1894 1889
1890 1894 1893
1893 1895 1841
1894 1895 1893
1847 1841 1895
1746 1896 1894
1746 1741 1896
1741 1747 1896
1896 1897 1894
1894 1897 1895
1896 1747 1897
1898 1847 1895
1898 1895 1897
1898 1897 1747
1832 1847 1898
1898 1747 1899
1742 1899 1747
1832 1898 1900
1900 1898 1899
1831 1832 1900
1900 1899 1901
1742 1901 1899
1901 1831 1900
1742 1902 1901
1742 1738 1902
1901 1903 1831
1831 1903 1830
1904 1901 1902
1904 1903 1901
1904 1902 1738
1830 1903 1904
1904 1738 1905
1738 1748 1905
1830 1904 1906
1906 1904 1905
1839 1830 1906
1906 1905 1907
1839 1906 1907
1748 1907 1905
1839 1907 1770
1748 1908 1907
1770 1907 1908
1748 1750 1908
1770 1908 1750
1909 1910 1911
1909 1912 1910
1913 1912 1909
1913 1909 1914
1914 1915 1913
1914 1916 1915
1915 1916 1917
1915 1917 1918
1917 1919 1918
1917 1920 1919
1921 1919 1920
1921 1920 1922
1921 1922 1923
1921 1923 1924
1924 1923 1925
1924 1925 1926
1925 1927 1926
1925 1928 1927
1929 1927 1928
1929 1928 1930
1929 1930 1931
1929 1931 1932
1933 1932 1931
1933 1934 1932
1933 1935 1934
1933 1936 1935
1935 1936 1937
1935 1937 1938
1939 1938 1937
1939 1937 1940
1940 1941 1939
1940 1942 1941
1943 1944 1945
1943 1945 1946
1947 1943 1946
1948 1946 1945
1947 1946 1949
1950 1947 1949
1950 1949 1951
1948 1952 1946
1952 1949 1946
1953 1952 1948
1954 1951 1949
1952 1954 1949
1954 1955 1951
1953 1956 1952
1956 1954 1952
1957 1956 1953
1958 1955 1954
1956 1958 1954
1958 1959 1955
1957 1960 1956
1960 1958 1956
1961 1960 1957
1962 1959 1958
1960 1962 1958
1962 1963 1959
1961 1964 1960
1964 1962 1960
1964 1961 1965
1966 1963 1962
1964 1966 1962
1966 1967 1963
1964 1965 1968
1966 1964 1968
1968 1965 1969
1967 1966 1970
1966 1968 1970
1967 1970 1971
1972 1971 1970
1968 1969 1973
1970 1968 1973
1974 1973 1969
1972 1970 1975
1970 1973 1975
1974 1976 1973
1976 1975 1973
1976 1974 1977
1978 1972 1975
1976 1978 1975
1978 1979 1972
1980 1979 1978
1976 1977 1981
1978 1976 1981
1981 1977 1982
1980 1978 1983
1978 1981 1983
1984 1980 1983
1981 1982 1985
1983 1981 1985
1985 1982 1986
1984 1983 1987
1983 1985 1987
1985 1986 1988
1987 1985 1988
1984 1987 1989
1987 1988 1989
1984 1989 1990
1986 1991 1988
1991 1989 1988
1986 1992 1991
1993 1990 1989
1991 1993 1989
1993 1994 1990
1992 1995 1991
1995 1993 1991
1992 1996 1995
1997 1994 1993
1995 1997 1993
1997 1998 1994
1996 1999 1995
1999 1997 1995
1996 2000 1999
2001 1999 2000
2002 1998 1997
1999 2002 1997
2002 2003 1998
2001 2004 1999
2004 2002 1999
2004 2001 2005
2004 2005 2006
2007 2003 2002
2004 2007 2002
2007 2004 2006
2007 2008 2003
2007 2006 2009
2010 2008 2007
2010 2007 2009
2011 2012 2013
2011 2013 2014
2015 2011 2014
2016 2014 2013
2015 2014 2017
2018 2015 2017
2016 2019 2014
2019 2017 2014
2019 2016 2020
2019 2020 2021
2021 2020 2022
2019 2023 2017
2023 2019 2021
2018 2017 2024
2023 2024 2017
2021 2022 2025
2025 2022 2026
2027 2018 2024
2027 2028 2018
2029 2027 2024
2023 2029 2024
2029 2030 2027
2031 2030 2029
2023 2021 2032
2029 2023 2032
2032 2021 2025
2031 2029 2033
2029 2032 2033
2034 2031 2033
2025 2026 2035
2035 2026 2036
2032 2025 2037
2033 2032 2037
2037 2025 2035
2034 2033 2038
2033 2037 2038
2039 2034 2038
2035 2036 2040
2040 2036 2041
2037 2035 2042
2038 2037 2042
2042 2035 2040
2039 2038 2043
2038 2042 2043
2044 2039 2043
2040 2041 2045
2046 2045 2041
2042 2040 2047
2043 2042 2047
2047 2040 2045
2044 2043 2048
2043 2047 2048
2049 2044 2048
2046 2050 2045
2051 2050 2046
2047 2045 2052
2048 2047 2052
2050 2052 2045
2049 2048 2053
2048 2052 2053
2051 2054 2050
2054 2051 2055
2050 2056 2052
2056 2053 2052
2054 2056 2050
2057 2049 2053
2056 2057 2053
2057 2058 2049
2054 2055 2059
2059 2055 2060
2054 2061 2056
2061 2057 2056
2061 2054 2059
2062 2058 2057
2061 2062 2057
2062 2063 2058
2064 2063 2062
2059 2060 2065
2065 2060 2066
2065 2066 2067
2061 2059 2068
2062 2061 2068
2068 2059 2065
2064 2062 2069
2062 2068 2069
2070 2064 2069
2071 2065 2067
2068 2065 2071
2069 2068 2071
2071 2067 2072
2070 2069 2073
2069 2071 2073
2073 2071 2072
2074 2070 2073
2073 2072 2075
2074 2073 2075
2076 2077 2078
2079 2077 2076
2079 2080 2077
2081 2080 2079
2081 2082 2080
2083 2082 2081
2084 2085 2086
2084 2087 2085
2088 2087 2084
2088 2089 2087
2090 2089 2088
2091 2092 2093
2091 2093 2094
2094 2093 2095
2093 2096 2095
2095 2096 2097
2098 2099 2100
2098 2100 2101
2101 2100 2102
2101 2102 2103
2103 2102 2104
2103 2104 2105
2105 2104 2106
2105 2106 2107
2107 2106 2108
2107 2108 2109
2109 2108 2110
2109 2110 2111
2111 2110 2112
2111 2112 2113
2113 2112 2114
2113 2114 2115
2115 2114 2116
2115 2116 2117
2116 2118 2117
2116 2119 2118
2118 2119 2120
2118 2120 2121
2121 2120 2122
2121 2122 2123
2123 2122 2124
2123 2124 2125
2125 2124 2126
2125 2126 2127
2126 2128 2127
2126 2129 2128
2128 2129 2130
2128 2130 2131
2131 2130 2132
2131 2132 2133
2133 2132 2134
2133 2134 2135
2135 2134 2136
2135 2136 2137
2137 2136 2138
2137 2138 2139
2139 2138 2140
2139 2140 2141
2141 2140 2142
2141 2142 2143
2143 2142 2144
2143 2144 2145
2146 2147 2148
2147 2149 2148
2150 2151 2152
2150 2153 2151
2154 2155 2156
2154 2156 2157
2158 2159 2160
2158 2160 2161
2158 2161 2162
2163 2161 2160
2164 2162 2161
2163 2164 2161
2165 2166 2167
2167 2166 2168
2167 2168 2169
2170 2171 2169
2170 2172 2171
2172 2173 2174
2172 2175 2173
2175 2176 2173
2175 2177 2176
2177 2178 2179
2177 2179 2180
2181 2182 2183
2181 2183 2184
2185 2184 2183
2185 2186 2184
2187 2188 2183
2187 2183 2189
2190 2189 2183
2190 2191 2189
2192 2193 2194
2192 2194 2195
2196 2195 2194
2196 2197 2195
2198 2199 2200
2198 2200 2201
2202 2198 2201
2202 2203 2198
2204 2205 2206
2205 2207 2206
2208 2209 2210
2208 2211 2209
2212 2213 2214
2212 2214 2215
2216 2217 2218
2216 2218 2219
2216 2219 2220
2221 2220 2219
2222 2219 2218
2222 2221 2219
2223 2222 2224
2223 2224 2225
2226 2225 2224
2226 2227 2225
2228 2223 2229
2228 2229 2230
2231 2230 2229
2231 2232 2230
2233 2228 2230
2232 2233 2230
2233 2234 2228
2232 2235 2233
2236 2237 2238
2238 2237 2239
2238 2239 2240
2239 2241 2240
2239 2242 2241
2242 2243 2241
2242 2244 2243
2245 2246 2243
2245 2247 2246
2248 2249 2250
2251 2249 2248
2251 2248 2252
2253 2251 2252
2251 2253 2254
2254 2253 2255
2254 2255 2256
2255 2257 2256
2255 2258 2257
2257 2258 2259
2259 2258 2260
2259 2260 2261
2260 2262 2261
2263 2261 2262
2264 2265 2266
2264 2267 2265
2268 2267 2264
2267 2269 2265
2268 2270 2267
2271 2270 2268
2267 2272 2269
2270 2272 2267
2273 2269 2272
2271 2274 2270
2275 2274 2271
2273 2272 2276
2277 2273 2276
2277 2276 2278
2270 2279 2272
2276 2272 2279
2274 2279 2270
2278 2276 2280
2276 2279 2280
2278 2280 2281
2275 2282 2274
2283 2282 2275
2274 2284 2279
2280 2279 2284
2282 2284 2274
2281 2280 2285
2280 2284 2285
2281 2285 2286
2283 2287 2282
2287 2283 2288
2282 2289 2284
2285 2284 2289
2287 2289 2282
2286 2285 2290
2285 2289 2290
2286 2290 2291
2290 2289 2292
2287 2292 2289
2291 2290 2293
2290 2292 2293
2291 2293 2294
2287 2288 2295
2296 2295 2288
2297 2292 2287
2293 2292 2297
2297 2287 2295
2294 2293 2298
2293 2297 2298
2294 2298 2299
2296 2300 2295
2300 2297 2295
2301 2300 2296
2301 2302 2300
2300 2303 2297
2302 2303 2300
2298 2297 2303
2302 2304 2303
2299 2298 2305
2298 2303 2305
2305 2303 2304
2299 2305 2306
2305 2304 2307
2306 2305 2307
2306 2307 2308
2309 2310 2311
2309 2311 2312
2313 2314 2315
2313 2315 2316
2317 2318 2319
2317 2319 2320
2321 2322 2323
2321 2323 2324
2325 2326 2327
2328 2325 2327
2328 2327 2329
2328 2329 2330
2328 2330 2331
2330 2332 2331
2330 2333 2332
2333 2334 2332
2335 2336 2337
2336 2338 2337
2336 2339 2338
2338 2339 2340
2338 2340 2341
2342 2341 2340
2342 2340 2343
2344 2342 2343
2345 2346 2347
2345 2347 2348
2349 2350 2351
2349 2351 2352
2353 2354 2355
2353 2355 2356
2357 2358 2359
2357 2359 2360
2361 2362 2363
2361 2363 2364
2365 2366 2367
2365 2367 2368
2369 2370 2371
2369 2371 2372
2373 2374 2375
2373 2375 2376
2377 2378 2379
2377 2379 2380
2381 2382 2383
2381 2383 2384
2385 2386 2387
2388 2385 2387
2388 2387 2389
2390 2388 2389
2390 2391 2388
2390 2392 2391
2390 2393 2392
2393 2394 2392
2395 2396 2397
2396 2398 2397
2396 2399 2398
2400 2398 2399
2400 2399 2401
2402 2400 2401
2402 2401 2403
2404 2402 2403
2405 2406 2407
2405 2407 2408
2409 2410 2411
2409 2411 2412
2413 2414 2415
2413 2415 2416
2417 2418 2419
2417 2419 2420
2421 2422 2423
2421 2423 2424
2425 2426 2427
2425 2427 2428
2429 2430 2431
2429 2432 2430
2429 2433 2432
2429 2434 2433
2435 2433 2434
2435 2436 2433
2435 2437 2436
2435 2438 2437
2439 2437 2438
2439 2440 2437
2439 2441 2440
2439 2442 2441
2443 2441 2442
2443 2444 2441
2443 2445 2444
2443 2446 2445
2447 2445 2446
2447 2448 2445
2447 2449 2448
2447 2450 2449
2451 2449 2450
2451 2452 2449
2451 2453 2452
2451 2454 2453
2455 2456 2457
2455 2458 2456
2455 2459 2458
2455 2460 2459
2461 2459 2460
2461 2462 2459
2461 2463 2462
2461 2464 2463
2465 2463 2464
2465 2466 2463
2465 2467 2466
2465 2468 2467
2469 2467 2468
2469 2470 2467
2469 2471 2470
2469 2472 2471
2473 2471 2472
2473 2474 2471
2473 2475 2474
2473 2476 2475
2477 2475 2476
2477 2478 2475
2477 2479 2478
2477 2480 2479
2481 2479 2480
2481 2482 2479
2481 2483 2482
2481 2484 2483
2485 2483 2484
2485 2486 2483
2485 2487 2486
2485 2488 2487
2489 2490 2491
2489 2491 2492
2492 2493 2489
2492 2491 2494
2492 2495 2493
2495 2496 2493
2492 2494 2497
2497 2495 2492
2497 2498 2495
2497 2499 2498
2499 2497 2494
2499 2494 2500
2495 2501 2496
2498 2501 2495
2502 2496 2501
2502 2501 2503
2501 2504 2503
2505 2499 2500
2499 2505 2498
2505 2500 2506
2501 2507 2504
2498 2507 2501
2507 2508 2504
2509 2505 2506
2505 2509 2498
2509 2506 2510
2507 2511 2508
2511 2507 2498
2511 2512 2508
2513 2509 2510
2509 2513 2498
2513 2511 2498
2513 2510 2512
2511 2513 2512
2514 2515 2516
2514 2517 2515
2517 2518 2515
2519 2517 2514
2519 2520 2517
2519 2521 2520
2517 2522 2518
2520 2522 2517
2521 2523 2520
2520 2524 2522
2523 2525 2520
2526 2524 2520
2525 2527 2520
2527 2526 2520
2528 2529 2530
2528 2531 2529
2531 2528 2532
2531 2533 2529
2531 2532 2534
2534 2532 2535
2531 2536 2533
2536 2531 2534
2536 2534 2537
2536 2537 2538
2538 2533 2536
2538 2539 2533
2534 2535 2540
2537 2534 2540
2541 2540 2535
2541 2542 2540
2540 2542 2543
2544 2539 2538
2538 2537 2544
2544 2545 2539
2540 2543 2546
2537 2540 2546
2546 2543 2547
2548 2545 2544
2544 2537 2548
2548 2549 2545
2546 2547 2550
2550 2537 2546
2550 2547 2551
2552 2549 2548
2548 2537 2552
2552 2537 2550
2552 2551 2549
2550 2551 2552
2553 2554 2555
2553 2555 2556
2556 2555 2557
2558 2553 2556
2558 2556 2559
2558 2559 2560
2556 2557 2561
2559 2556 2561
2560 2559 2562
2559 2561 2563
2562 2559 2564
2565 2559 2563
2564 2559 2566
2566 2559 2565
2567 2568 2569
2567 2569 2570
2571 2570 2569
2571 2572 2570
2573 2572 2571
2573 2574 2572
2575 2574 2573
2575 2573 2576
2577 2575 2576
2577 2576 2578
2579 2577 2578
2579 2578 2580
2581 2582 2583
2581 2583 2584
2585 2586 2587
2585 2587 2588
2589 2590 2591
2589 2591 2592
2593 2594 2595
2593 2595 2596
2597 2598 2599
2597 2599 2600
2601 2602 2603
2601 2603 2604
2604 2603 2605
2604 2605 2606
2607 2608 2609
2607 2609 2610
2611 2612 2613
2611 2613 2614
2615 2616 2617
2615 2617 2618
2619 2620 2621
2619 2621 2622
2623 2624 2625
2623 2625 2626
2627 2628 2629
2627 2629 2630
2631 2630 2629
2631 2632 2630
2631 2633 2632
2631 2634 2633
2634 2635 2633
2634 2636 2635
2636 2637 2635
2636 2638 2637
2638 2639 2637
2638 2640 2639
2640 2641 2639
2640 2642 2641
2643 2641 2642
2643 2642 2644
2645 2646 2647
2645 2647 2648
2649 2645 2648
2649 2648 2650
2651 2649 2650
2651 2650 2652
2653 2651 2652
2653 2652 2654
2653 2654 2655
2653 2655 2656
2655 2657 2656
2655 2658 2657
2658 2659 2657
2658 2660 2659
2660 2661 2659
2660 2662 2661
2663 2664 2665
2663 2665 2666
2666 2665 2667
2666 2667 2668
2667 2669 2668
2667 2670 2669
2670 2671 2669
2670 2672 2671
2671 2672 2673
2671 2673 2674
2673 2675 2674
2673 2676 2675
2677 2678 2679
2677 2679 2680
2681 2682 2683
2681 2683 2684
2685 2681 2684
2685 2684 2686
2685 2686 2687
2688 2689 2690
2688 2691 2689
2691 2692 2689
2691 2693 2692
2693 2694 2692
2695 2696 2697
2695 2697 2698
2698 2699 2695
2699 2700 2701
2701 2702 2699
2702 2703 2699
2704 2705 2706
2704 2706 2707
2706 2708 2707
2706 2709 2708
2710 2708 2709
2710 2709 2711
2712 2710 2711
2712 2713 2710
2714 2713 2712
2714 2712 2715
2716 2714 2715
2716 2717 2714
2718 2719 2720
2721 2718 2720
2720 2722 2721
2723 2724 2722
2722 2725 2723
2722 2726 2725
2727 2728 2729
2729 2728 2730
2731 2730 2732
2731 2733 2734
2729 2734 2735
2729 2735 2736
2737 2738 2736
2739 2732 2740
2739 2740 2741
2738 2741 2742
2743 2744 2742
2744 2743 2745
2746 2747 2748
2746 2748 2749
2748 2750 2749
2748 2751 2750
2749 2750 2752
2749 2752 2753
2754 2749 2753
2754 2746 2749
2746 2755 2756
2746 2756 2757
2746 2757 2758
2746 2758 2759
2760 2761 2759
2760 2762 2761
2763 2764 2765
2763 2766 2764
2767 2764 2766
2763 2768 2766
2763 2769 2768
2767 2766 2770
2770 2766 2768
2771 2767 2770
2769 2772 2768
2769 2773 2772
2771 2770 2774
2775 2771 2774
2770 2768 2776
2776 2768 2772
2774 2770 2776
2773 2777 2772
2773 2778 2777
2775 2774 2779
2779 2780 2775
2774 2776 2781
2779 2774 2781
2776 2772 2782
2782 2772 2777
2781 2776 2782
2778 2783 2777
2778 2784 2783
2785 2783 2784
2785 2786 2783
2782 2777 2787
2787 2777 2783
2788 2783 2786
2787 2783 2788
2788 2786 2789
2790 2788 2789
2790 2789 2791
2792 2788 2790
2792 2787 2788
2793 2782 2787
2781 2782 2793
2793 2787 2792
2794 2781 2793
2779 2781 2794
2795 2793 2792
2794 2793 2795
2795 2792 2796
2796 2792 2797
2798 2797 2791
2796 2797 2798
2798 2791 2799
2799 2800 2798
2799 2801 2800
2802 2796 2798
2802 2798 2800
2803 2795 2796
2803 2796 2802
2794 2795 2804
2804 2795 2803
2779 2794 2805
2794 2804 2805
2801 2806 2800
2801 2807 2806
2808 2802 2800
2808 2800 2806
2809 2803 2802
2809 2802 2808
2810 2804 2803
2810 2803 2809
2807 2811 2806
2807 2812 2811
2813 2808 2806
2813 2806 2811
2814 2811 2812
2813 2811 2814
2814 2812 2815
2816 2809 2808
2816 2808 2813
2804 2810 2817
2804 2817 2805
2818 2810 2809
2818 2809 2816
2816 2813 2819
2813 2814 2819
2820 2814 2815
2820 2815 2821
2810 2822 2817
2810 2818 2822
2818 2816 2823
2816 2819 2823
2814 2824 2819
2814 2820 2824
2821 2825 2820
2821 2826 2825
2822 2818 2827
2818 2823 2827
2819 2828 2823
2819 2824 2828
2824 2829 2828
2820 2830 2824
2820 2825 2830
2824 2830 2829
2823 2828 2831
2823 2831 2827
2828 2829 2831
2826 2832 2825
2826 2833 2832
2825 2834 2830
2825 2832 2834
2827 2831 2835
2829 2835 2831
2833 2836 2832
2833 2837 2836
2830 2834 2838
2830 2838 2829
2832 2839 2834
2832 2836 2839
2837 2840 2836
2837 2841 2840
2836 2840 2842
2836 2842 2839
2843 2840 2841
2843 2842 2840
2843 2841 2844
2843 2845 2842
2845 2846 2842
2839 2842 2846
2845 2847 2846
2834 2839 2848
2834 2848 2838
2839 2846 2848
2847 2849 2846
2847 2850 2849
2846 2851 2848
2851 2838 2848
2846 2849 2851
2850 2852 2849
2851 2849 2852
2850 2853 2852
2854 2852 2853
2854 2855 2852
2856 2852 2855
2851 2852 2856
2856 2855 2857
2851 2858 2838
2858 2851 2856
2829 2838 2858
2859 2856 2857
2858 2856 2859
2859 2857 2860
2829 2858 2861
2861 2858 2859
2829 2861 2835
2862 2859 2860
2861 2859 2862
2862 2835 2861
2862 2860 2863
2864 2862 2863
2862 2864 2835
2864 2863 2865
2864 2866 2835
2827 2835 2866
2822 2827 2866
2865 2867 2864
2864 2867 2866
2867 2822 2866
2865 2868 2867
2867 2869 2822
2868 2869 2867
2817 2822 2869
2868 2870 2869
2817 2869 2871
2871 2869 2870
2805 2817 2871
2871 2870 2872
2805 2871 2873
2873 2871 2872
2779 2805 2873
2873 2872 2780
2779 2873 2780
2874 2875 2876
2874 2877 2875
2877 2878 2875
2877 2879 2878
2880 2879 2877
2881 2877 2874
2880 2877 2881
2881 2874 2882
2883 2880 2881
2884 2881 2882
2883 2881 2884
2884 2882 2885
2886 2883 2884
2887 2884 2885
2886 2884 2887
2887 2885 2888
2889 2886 2887
2887 2888 2890
2889 2887 2891
2887 2890 2891
2892 2889 2891
2891 2890 2893
2894 2892 2891
2894 2891 2893
2895 2896 2897
2895 2898 2896
2899 2898 2895
2899 2895 2900
2901 2899 2900
2901 2900 2902
2903 2901 2902
2903 2902 2904
2903 2904 2905
2903 2905 2906
2906 2905 2907
2906 2907 2908
2906 2908 2909
2910 2906 2909
2910 2903 2906
2910 2911 2903
2911 2901 2903
2911 2912 2901
2912 2899 2901
2912 2913 2899
2913 2898 2899
2913 2914 2898
2898 2914 2915
2898 2915 2916
2917 2918 2919
2917 2920 2918
2920 2921 2918
2920 2917 2922
2920 2923 2921
2920 2924 2923
2923 2925 2921
2923 2926 2925
2924 2926 2923
2926 2927 2925
2926 2928 2927
2929 2928 2926
2924 2929 2926
2924 2930 2929
2929 2931 2928
2930 2931 2929
2920 2922 2932
2920 2932 2924
2922 2933 2932
2924 2932 2933
2922 2934 2933
2924 2935 2930
2924 2933 2935
2933 2936 2935
2936 2930 2935
2937 2933 2934
2933 2937 2936
2937 2934 2938
2939 2937 2938
2936 2937 2939
2939 2938 2940
2941 2939 2940
2941 2942 2939
2942 2943 2939
2936 2939 2943
2942 2944 2943
2944 2945 2943
2936 2943 2945
2944 2946 2945
2936 2947 2930
2936 2945 2947
2946 2948 2945
2946 2949 2948
2945 2950 2947
2945 2948 2950
2947 2951 2930
2947 2950 2951
2949 2952 2948
2949 2953 2952
2954 2950 2948
2954 2948 2952
2953 2955 2952
2955 2954 2952
2953 2956 2955
2957 2950 2954
2957 2951 2950
2930 2951 2958
2930 2958 2931
2959 2955 2956
2959 2956 2960
2955 2961 2954
2961 2957 2954
2961 2955 2959
2951 2962 2958
2951 2957 2962
2963 2931 2958
2963 2958 2962
2957 2964 2962
2964 2963 2962
2961 2965 2957
2957 2965 2964
2966 2931 2963
2966 2967 2931
2965 2961 2968
2961 2959 2968
2969 2959 2960
2969 2960 2970
2967 2966 2971
2967 2971 2927
2966 2972 2971
2973 2966 2963
2964 2973 2963
2966 2974 2972
2973 2974 2966
2975 2972 2974
2975 2974 2976
2977 2975 2976
2974 2973 2978
2974 2978 2976
2977 2976 2979
2978 2979 2976
2980 2977 2979
2973 2964 2981
2973 2981 2978
2980 2979 2982
2983 2980 2982
2978 2984 2979
2981 2984 2978
2982 2979 2984
2964 2985 2981
2964 2965 2985
2965 2968 2985
2983 2982 2986
2987 2983 2986
2985 2988 2981
2981 2988 2984
2984 2988 2989
2984 2989 2990
2982 2984 2990
2986 2982 2990
2985 2991 2988
2968 2991 2985
2989 2988 2991
2968 2992 2991
2989 2991 2992
2959 2992 2968
2959 2969 2992
2987 2986 2993
2994 2987 2993
2994 2993 2995
2993 2996 2995
2986 2990 2997
2997 2993 2986
2989 2997 2990
2993 2998 2996
2997 2998 2993
2998 2999 2996
2998 3000 2999
3000 2998 2997
3001 2999 3000
3002 2992 2969
2989 2992 3002
2989 3002 3003
2989 3004 2997
3000 2997 3004
2989 3003 3004
3003 3000 3004
3002 2969 3005
3003 3002 3005
3005 2969 2970
3005 2970 3006
3007 3005 3006
3003 3005 3007
3007 3006 3008
3009 3007 3008
3009 3003 3007
3009 3008 3010
3003 3011 3000
3009 3011 3003
3001 3000 3011
3009 3001 3011
3009 3012 3001
3012 3009 3010
3012 3010 3013
3014 3015 3016
3014 3017 3015
3017 3014 3018
3017 3018 3019
3018 3020 3019
3018 3021 3020
3021 3022 3020
3021 3023 3022
3023 3024 3022
3024 3025 3022
3025 3026 3022
3026 3027 3022
3020 3022 3027
3020 3027 3028
3019 3020 3028
3019 3028 3029
3029 3017 3019
3029 3030 3017
3017 3030 3031
3017 3031 3032
3033 3034 3035
3033 3035 3036
3036 3035 3037
3038 3033 3036
3038 3039 3033
3038 3036 3040
3036 3037 3040
3038 3040 3041
3042 3041 3040
3043 3040 3037
3042 3040 3043
3043 3037 3044
3045 3043 3044
3046 3042 3043
3045 3046 3043
3046 3047 3042
3045 3048 3046
3049 3047 3046
3048 3050 3046
3050 3049 3046
3051 3052 3053
3051 3053 3054
3051 3054 3055
3056 3054 3053
3054 3057 3055
3056 3057 3054
3057 3058 3055
3059 3057 3056
3057 3060 3058
3059 3060 3057
3061 3060 3059
3060 3062 3058
3061 3063 3060
3060 3063 3062
3064 3063 3061
3063 3065 3062
3064 3065 3063
3065 3066 3062
3067 3065 3064
3067 3066 3065
3068 3069 3070
3068 3070 3071
3072 3068 3071
3072 3073 3068
3070 3074 3071
3074 3072 3071
3070 3075 3074
3074 3076 3072
3077 3078 3079
3077 3079 3080
3081 3077 3080
3081 3080 3082
3083 3081 3082
3083 3082 3084
3085 3083 3084
3085 3084 3086
3087 3085 3086
3087 3086 3088
3089 3087 3088
3089 3090 3087
3091 3092 3093
3091 3093 3094
3095 3091 3094
3096 3094 3093
3095 3094 3097
3096 3098 3094
3098 3097 3094
3098 3099 3097
3100 3101 3102
3100 3102 3103
3100 3103 3104
3100 3104 3105
3102 3106 3103
3102 3107 3106
3107 3108 3106
3108 3109 3106
3106 3109 3110
3103 3106 3111
3106 3110 3111
3103 3111 3104
3111 3110 3112
3111 3112 3113
3104 3111 3113
3113 3112 3114
3115 3113 3114
3113 3115 3116
3105 3104 3117
3104 3113 3117
3113 3116 3117
3105 3117 3118
3116 3118 3117
3116 3119 3118
3120 3121 3122
3120 3122 3123
3124 3125 3126
3124 3126 3127
3128 3124 3127
3128 3127 3129
3130 3128 3129
3130 3129 3131
3132 3130 3131
3132 3131 3133
3134 3132 3133
3134 3135 3132
3134 3136 3135
3134 3137 3136
3138 3139 3140
3138 3140 3141
3142 3138 3141
3142 3141 3143
3144 3142 3143
3144 3143 3145
3146 3144 3145
3146 3145 3147
3148 3149 3150
3148 3151 3149
3151 3152 3149
3151 3153 3152
3154 3152 3153
3154 3153 3155
3156 3154 3155
3156 3157 3154
3158 3159 3160
3158 3161 3159
3158 3162 3161
3163 3164 3165
3165 3166 3163
3166 3167 3163
3168 3163 3167
3166 3169 3167
3169 3170 3167
3167 3171 3168
3170 3171 3167
3169 3172 3170
3170 3173 3171
3172 3174 3170
3170 3175 3173
3174 3176 3170
3170 3176 3175
3176 3177 3175
3176 3178 3177
3179 3177 3178
3180 3178 3176
3181 3178 3180
3181 3179 3178
3179 3182 3177
3183 3182 3179
3183 3179 3184
3185 3184 3179
3181 3186 3179
3185 3179 3186
3187 3185 3186
3186 3188 3187
3189 3190 3191
3192 3190 3189
3192 3189 3193
3194 3195 3196
3196 3197 3194
3196 3198 3197
3198 3196 3199
3199 3200 3198
3199 3201 3200
3202 3203 3204
3202 3204 3205
3206 3207 3208
3206 3208 3209
3209 3208 3210
3209 3210 3211
3211 3210 3212
3211 3212 3213
3213 3212 3214
3213 3214 3215
3216 3217 3218
3216 3218 3219
3220 3221 3222
3220 3222 3223
3224 3225 3226
3224 3226 3227
3228 3229 3230
3228 3230 3231
3232 3231 3230
3233 3232 3230
3233 3230 3234
3235 3233 3234
3235 3234 3236
3237 3235 3238
3237 3236 3239
3237 3239 3240
3241 3242 3243
3241 3243 3244
3245 3244 3243
3241 3244 3246
3247 3241 3246
3245 3248 3244
3244 3248 3246
3249 3248 3245
3249 3250 3248
3251 3250 3249
3248 3252 3246
3248 3250 3252
3250 3253 3252
3251 3254 3250
3250 3254 3253
3255 3254 3251
3255 3256 3254
3254 3256 3253
3257 3256 3255
3257 3258 3256
3256 3258 3253
3253 3258 3259
3252 3260 3246
3247 3246 3260
3253 3261 3252
3252 3261 3260
3262 3247 3260
3261 3262 3260
3262 3263 3247
3253 3259 3264
3253 3264 3261
3259 3265 3264
3259 3266 3265
3264 3267 3261
3261 3267 3262
3264 3265 3267
3263 3262 3268
3269 3263 3268
3269 3268 3270
3268 3271 3270
3262 3272 3268
3268 3272 3271
3267 3272 3262
3272 3273 3271
3267 3274 3272
3272 3274 3273
3265 3274 3267
3274 3275 3273
3274 3276 3275
3265 3276 3274
3276 3277 3275
3278 3276 3265
3276 3278 3277
3266 3278 3265
3278 3279 3277
3278 3266 3279
3280 3281 3282
3280 3282 3283
3283 3282 3284
3285 3280 3283
3285 3283 3286
3283 3284 3287
3286 3283 3287
3288 3285 3286
3286 3287 3289
3286 3289 3290
3291 3288 3286
3292 3286 3290
3291 3286 3292
3292 3290 3293
3294 3292 3293
3294 3295 3292
3295 3291 3292
3295 3296 3291
3297 3298 3299
3297 3299 3300
3301 3297 3300
3301 3300 3302
3303 3301 3302
3303 3302 3304
3305 3303 3304
3305 3304 3306
3307 3305 3306
3307 3308 3305
3309 3310 3311
3309 3311 3312
3313 3309 3312
3313 3312 3314
3315 3313 3314
3315 3314 3316
3317 3315 3316
3317 3316 3318
3319 3317 3318
3319 3320 3317
3321 3322 3323
3321 3323 3324
3325 3321 3324
3324 3323 3326
3325 3324 3327
3324 3326 3328
3329 3327 3324
3329 3324 3328
3330 3331 3332
3330 3333 3331
3333 3330 3334
3333 3335 3331
3333 3334 3336
3333 3337 3335
3338 3333 3336
3338 3337 3333
3339 3340 3341
3339 3341 3342
3343 3339 3342
3344 3342 3341
3343 3342 3345
3346 3343 3345
3344 3347 3342
3347 3345 3342
3347 3348 3345
3347 3344 3349
3346 3345 3350
3348 3350 3345
3351 3346 3350
3347 3349 3352
3348 3347 3352
3352 3349 3353
3352 3353 3354
3355 3352 3354
3348 3352 3355
3355 3354 3356
3357 3355 3356
3348 3355 3357
3357 3356 3358
3351 3350 3359
3348 3359 3350
3360 3348 3357
3348 3360 3359
3361 3357 3358
3360 3357 3361
3361 3358 3362
3363 3361 3362
3363 3364 3361
3364 3360 3361
3364 3365 3360
3360 3365 3366
3360 3366 3359
3366 3351 3359
3366 3367 3351
3368 3369 3370
3368 3370 3371
3372 3371 3370
3372 3373 3371
3374 3375 3376
3374 3376 3377
3378 3374 3377
3379 3377 3376
3378 3377 3380
3379 3381 3377
3377 3382 3380
3377 3381 3382
3383 3384 3385
3383 3385 3386
3387 3383 3386
3387 3388 3383
3389 3390 3391
3389 3391 3392
3393 3389 3392
3393 3392 3394
3395 3396 3397
3395 3397 3398
3398 3397 3399
3398 3399 3400
3401 3395 3398
3402 3398 3400
3401 3398 3402
3402 3400 3403
3404 3402 3403
3404 3405 3402
3405 3401 3402
3405 3406 3401
3407 3408 3409
3407 3409 3410
3411 3407 3410
3411 3410 3412
3413 3414 3415
3413 3416 3414
3414 3416 3417
3414 3417 3418
3419 3420 3421
3419 3421 3422
3423 3419 3422
3423 3424 3419
3425 3426 3427
3425 3428 3426
3428 3425 3429
3428 3430 3426
3428 3429 3431
3428 3432 3430
3432 3428 3431
3432 3433 3430
3432 3431 3434
3432 3435 3433
3436 3432 3434
3436 3435 3432
3437 3438 3439
3437 3439 3440
3441 3442 3443
3441 3443 3444
3445 3446 3447
3445 3448 3446
3449 3446 3448
3449 3450 3446
3448 3445 3451
3452 3450 3449
3448 3451 3453
3453 3449 3448
3453 3451 3454
3452 3449 3455
3456 3452 3455
3457 3456 3455
3458 3456 3457
3457 3459 3458
3460 3455 3449
3457 3455 3460
3453 3461 3449
3461 3460 3449
3462 3459 3457
3462 3463 3459
3463 3462 3464
3463 3464 3465
3464 3466 3465
3453 3454 3467
3468 3467 3454
3468 3454 3469
3470 3467 3468
3471 3453 3467
3470 3471 3467
3472 3471 3470
3471 3461 3453
3472 3461 3471
3472 3470 3473
3472 3474 3461
3461 3474 3460
3475 3472 3473
3475 3473 3476
3477 3475 3476
3477 3478 3475
3478 3477 3479
3472 3475 3480
3472 3480 3481
3481 3474 3472
3480 3475 3482
3482 3475 3478
3481 3480 3482
3483 3460 3474
3474 3481 3484
3483 3474 3484
3481 3482 3485
3484 3481 3485
3486 3482 3478
3485 3482 3486
3478 3479 3487
3487 3486 3478
3484 3485 3488
3483 3484 3488
3489 3460 3483
3460 3489 3457
3479 3490 3487
3479 3491 3490
3489 3483 3492
3483 3488 3492
3493 3457 3489
3489 3492 3493
3493 3462 3457
3488 3485 3494
3485 3486 3494
3487 3495 3486
3490 3495 3487
3492 3488 3496
3488 3494 3496
3493 3492 3497
3492 3496 3497
3462 3493 3498
3493 3497 3498
3462 3498 3499
3497 3499 3498
3462 3499 3464
3486 3495 3500
3486 3500 3494
3496 3501 3497
3497 3501 3499
3494 3502 3496
3494 3500 3502
3496 3502 3501
3500 3495 3503
3490 3503 3495
3502 3500 3504
3500 3503 3504
3501 3502 3505
3502 3504 3505
3499 3501 3506
3501 3505 3506
3464 3499 3507
3499 3506 3507
3464 3507 3508
3464 3508 3466
3506 3509 3507
3507 3509 3508
3505 3510 3506
3506 3510 3509
3504 3511 3505
3505 3511 3510
3510 3511 3512
3504 3513 3511
3503 3513 3504
3512 3511 3513
3514 3466 3508
3514 3515 3466
3516 3515 3514
3517 3516 3514
3517 3518 3516
3517 3519 3518
3520 3519 3517
3503 3521 3513
3490 3521 3503
3508 3522 3514
3508 3509 3522
3514 3523 3517
3514 3522 3523
3522 3524 3523
3509 3525 3522
3522 3525 3524
3509 3510 3525
3525 3510 3526
3524 3525 3526
3510 3512 3526
3527 3513 3521
3512 3513 3527
3528 3521 3490
3491 3528 3490
3491 3529 3528
3528 3530 3521
3527 3521 3530
3529 3531 3528
3531 3530 3528
3529 3532 3531
3527 3530 3533
3531 3533 3530
3532 3534 3531
3534 3533 3531
3532 3535 3534
3527 3533 3536
3512 3527 3536
3512 3537 3526
3524 3526 3537
3512 3538 3537
3512 3536 3538
3538 3539 3537
3539 3524 3537
3535 3540 3534
3535 3541 3540
3540 3541 3542
3534 3543 3533
3543 3536 3533
3536 3544 3538
3538 3544 3539
3534 3540 3545
3534 3545 3543
3540 3542 3546
3546 3545 3540
3542 3547 3546
3542 3548 3547
3549 3547 3548
3549 3550 3547
3551 3550 3549
3543 3552 3536
3536 3552 3544
3543 3545 3553
3543 3553 3552
3546 3554 3545
3547 3554 3546
3553 3545 3554
3552 3555 3544
3552 3553 3555
3551 3556 3550
3557 3556 3551
3553 3554 3558
3555 3553 3558
3555 3558 3559
3544 3555 3560
3560 3555 3559
3544 3560 3539
3554 3561 3558
3561 3559 3558
3560 3562 3539
3539 3562 3524
3554 3563 3561
3547 3563 3554
3564 3560 3559
3560 3564 3562
3524 3562 3565
3524 3565 3523
3517 3523 3565
3517 3565 3566
3565 3567 3566
3565 3568 3567
3562 3568 3565
3562 3564 3568
3517 3566 3569
3569 3520 3517
3569 3566 3520
3566 3570 3520
3566 3571 3570
3566 3572 3571
3566 3567 3572
3567 3573 3572
3567 3574 3573
3574 3567 3575
3576 3575 3567
3576 3577 3575
3576 3578 3577
3579 3578 3576
3580 3579 3576
3580 3581 3579
3580 3582 3581
3582 3580 3583
3582 3583 3584
3567 3585 3576
3567 3568 3585
3576 3585 3586
3576 3586 3580
3568 3587 3585
3587 3586 3585
3568 3564 3587
3564 3559 3587
3587 3588 3586
3559 3588 3587
3589 3584 3583
3589 3590 3584
3591 3590 3589
3591 3589 3592
3592 3593 3591
3580 3586 3594
3588 3594 3586
3559 3595 3588
3561 3595 3559
3588 3596 3594
3595 3596 3588
3597 3580 3594
3596 3597 3594
3561 3598 3595
3595 3598 3596
3580 3597 3599
3580 3599 3583
3600 3597 3596
3598 3600 3596
3599 3597 3600
3561 3601 3598
3601 3561 3563
3598 3602 3600
3601 3602 3598
3600 3602 3603
3599 3600 3604
3600 3603 3604
3605 3599 3604
3605 3604 3603
3583 3599 3606
3599 3605 3606
3583 3606 3607
3605 3607 3606
3608 3583 3607
3608 3589 3583
3592 3589 3608
3592 3608 3609
3605 3610 3607
3610 3608 3607
3601 3611 3602
3603 3602 3611
3609 3612 3592
3592 3612 3593
3613 3593 3612
3613 3612 3614
3609 3614 3612
3614 3615 3613
3616 3615 3614
3617 3616 3614
3617 3618 3616
3617 3619 3618
3617 3620 3619
3609 3621 3614
3621 3617 3614
3620 3617 3622
3622 3623 3620
3622 3624 3623
3622 3625 3624
3626 3622 3617
3621 3626 3617
3627 3626 3621
3628 3625 3622
3626 3628 3622
3628 3629 3625
3630 3629 3628
3630 3628 3631
3631 3628 3626
3632 3630 3631
3632 3631 3633
3631 3626 3634
3633 3631 3634
3627 3634 3626
3633 3634 3635
3635 3634 3627
3635 3627 3636
3627 3557 3636
3627 3637 3557
3557 3637 3556
3637 3627 3638
3621 3638 3627
3637 3639 3556
3637 3638 3639
3621 3640 3638
3609 3640 3621
3641 3638 3640
3609 3641 3640
3556 3639 3642
3556 3642 3550
3638 3643 3639
3641 3643 3638
3644 3642 3639
3644 3639 3643
3609 3645 3641
3609 3608 3645
3610 3645 3608
3641 3645 3610
3643 3641 3646
3641 3610 3646
3643 3646 3644
3644 3647 3642
3642 3647 3550
3610 3648 3646
3610 3605 3648
3605 3603 3648
3649 3644 3646
3649 3646 3648
3644 3649 3647
3603 3649 3648
3647 3650 3550
3649 3650 3647
3603 3651 3649
3651 3650 3649
3603 3611 3651
3611 3650 3651
3550 3650 3652
3611 3652 3650
3550 3652 3547
3601 3652 3611
3547 3652 3653
3652 3601 3653
3563 3547 3653
3601 3563 3653
3654 3655 3656
3657 3654 3656
3658 3654 3657
3659 3658 3657
3660 3659 3657
3659 3660 3661
3662 3663 3664
3662 3664 3665
3666 3662 3665
3666 3665 3667
3668 3666 3667
3668 3667 3669
3670 3668 3669
3670 3669 3671
3670 3671 3672
3670 3672 3673
3674 3673 3672
3674 3675 3673
3676 3674 3672
3677 3678 3679
3677 3679 3680
3681 3682 3683
3681 3684 3682
3685 3684 3681
3685 3681 3686
3687 3685 3686
3687 3686 3688
3689 3687 3688
3689 3688 3690
3691 3689 3690
3691 3690 3692
3693 3691 3692
3693 3692 3694
3695 3693 3694
3695 3694 3696
3697 3695 3696
3697 3696 3698
3699 3697 3698
3699 3698 3700
3700 3701 3699
3700 3702 3701
3702 3703 3701
3702 3704 3703
3704 3705 3703
3704 3706 3705
3706 3707 3705
3706 3708 3707
3709 3707 3708
3709 3710 3707
3711 3712 3713
3711 3713 3714
3715 3711 3714
3715 3714 3716
3717 3718 3719
3717 3719 3720
3721 3722 3723
3721 3723 3724
3725 3726 3727
3725 3728 3726
3729 3726 3728
3729 3730 3726
3731 3732 3733
3731 3734 3732
3732 3734 3735
3732 3735 3736
3737 3738 3739
3737 3739 3740
3737 3740 3741
3737 3741 3742
3743 3744 3745
3743 3745 3746
3745 3747 3746
3745 3748 3747
3749 3750 3751
3749 3751 3752
3753 3749 3752
3753 3752 3754
3755 3756 3757
3755 3757 3758
3759 3755 3758
3759 3760 3755
3761 3762 3763
3761 3763 3764
3763 3765 3764
3763 3766 3765
3767 3768 3769
3767 3770 3768
3770 3771 3768
3770 3772 3771
3773 3774 3775
3773 3775 3776
3777 3773 3776
3777 3776 3778
3779 3780 3781
3779 3781 3782
3783 3784 3785
3783 3786 3784
3786 3787 3784
3786 3788 3787
3789 3790 3791
3789 3791 3792
3793 3789 3792
3793 3792 3794
3795 3796 3797
3795 3798 3796
3798 3799 3796
3798 3800 3799
3801 3802 3803
3801 3804 3802
3804 3805 3802
3806 3807 3808
3806 3809 3807
3809 3810 3807
3811 3812 3813
3813 3812 3814
3815 3816 3817
3818 3816 3815
3819 3820 3821
3821 3822 3819
3821 3823 3822
3823 3824 3822
3823 3825 3824
3826 3824 3825
3826 3825 3827
3828 3826 3827
3828 3827 3829
3830 3828 3829
3823 3821 3831
3825 3823 3832
3823 3831 3832
3821 3833 3831
3821 3834 3833
3833 3835 3831
3832 3831 3835
3832 3835 3836
3825 3832 3837
3837 3832 3836
3827 3825 3837
3837 3836 3838
3827 3837 3839
3839 3837 3838
3829 3827 3839
3839 3838 3840
3841 3839 3840
3829 3839 3841
3841 3840 3842
3843 3829 3841
3830 3829 3843
3844 3841 3842
3843 3841 3844
3844 3842 3845
3846 3844 3845
3847 3830 3843
3847 3848 3830
3849 3848 3847
3850 3843 3844
3846 3850 3844
3850 3847 3843
3849 3847 3851
3851 3847 3850
3852 3849 3851
3853 3850 3846
3851 3850 3853
3853 3846 3854
3852 3851 3855
3855 3851 3853
3856 3852 3855
3857 3853 3854
3855 3853 3857
3857 3854 3858
3856 3855 3859
3859 3855 3857
3860 3856 3859
3861 3857 3858
3859 3857 3861
3861 3858 3862
3860 3859 3863
3863 3859 3861
3863 3864 3860
3865 3861 3862
3863 3861 3865
3865 3862 3866
3863 3867 3864
3867 3868 3864
3867 3869 3868
3869 3870 3868
3871 3870 3869
3872 3863 3865
3866 3873 3865
3872 3865 3873
3866 3874 3873
3875 3873 3874
3875 3871 3876
3871 3869 3876
3876 3869 3872
3875 3876 3873
3876 3872 3873
3877 3878 3879
3877 3879 3880
3881 3877 3880
3881 3882 3877
3883 3882 3881
3883 3881 3884
3883 3884 3885
3883 3885 3886
3885 3887 3886
3885 3888 3887
3889 3887 3888
3889 3890 3887
3891 3890 3889
3891 3892 3890
3893 3892 3891
3893 3894 3892
3895 3894 3893
3895 3893 3896
3895 3896 3897
3895 3897 3898
3897 3899 3898
3897 3900 3899
3901 3899 3900
3901 3902 3899
3903 3902 3901
3903 3904 3902
3903 3905 3904
3903 3906 3905
3907 3908 3909
3907 3910 3908
3911 3910 3907
3911 3912 3910
3913 3912 3911
3913 3914 3912
3915 3914 3913
3915 3916 3914
3917 3916 3915
3917 3918 3916
3919 3918 3917
3919 3920 3918
3921 3920 3919
3921 3922 3920
3923 3922 3921
3923 3921 3924
3925 3923 3924
3925 3926 3923
3927 3926 3925
3927 3928 3926
3929 3928 3927
3929 3930 3928
3931 3932 3933
3931 3933 3934
3931 3934 3935
3936 3934 3933
3937 3935 3934
3936 3937 3934
3938 3935 3937
3939 3937 3936
3939 3938 3937
3939 3940 3938
3941 3940 3939
3941 3939 3942
3942 3943 3941
3944 3942 3939
3939 3945 3944
3944 3946 3942
3942 3947 3943
3946 3947 3942
3946 3948 3947
3947 3948 3949
3947 3950 3943
3947 3949 3950
3950 3949 3951
3950 3951 3952
3953 3952 3951
3954 3955 3956
3957 3955 3954
3957 3958 3955
3955 3958 3959
3960 3958 3957
3961 3960 3957
3960 3961 3962
3959 3958 3963
3960 3963 3958
3960 3962 3964
3964 3962 3965
3966 3960 3964
3966 3963 3960
3964 3965 3967
3966 3964 3967
3968 3967 3965
3959 3963 3969
3969 3970 3959
3971 3963 3966
3971 3969 3963
3966 3967 3972
3968 3972 3967
3971 3966 3972
3969 3973 3970
3969 3971 3973
3974 3970 3973
3974 3973 3975
3976 3973 3971
3976 3975 3973
3971 3972 3976
3976 3977 3975
3977 3976 3972
3977 3972 3978
3968 3978 3972
3977 3978 3979
3968 3979 3978
3968 3980 3979
3979 3980 3981
3979 3981 3982
3983 3984 3985
3983 3986 3984
3987 3986 3983
3986 3988 3984
3987 3989 3986
3986 3990 3988
3989 3990 3986
3990 3991 3988
3989 3992 3990
3990 3993 3991
3992 3993 3990
3993 3994 3991
3992 3995 3993
3993 3996 3994
3995 3996 3993
3995 3997 3996
3996 3998 3994
3997 3999 3996
3999 3998 3996
4000 3998 3999
4000 3999 4001
4002 4000 4001
4002 4003 4000
4004 4003 4002
4004 4002 4005
4006 4004 4005
4006 4005 4007
4008 4006 4007
4008 4007 4009
4010 4008 4009
4010 4009 4011
4012 4010 4011
4012 4011 4013
4011 4014 4013
4015 4012 4013
4014 4015 4013
4015 4016 4012
4014 4017 4015
4015 4018 4016
4017 4019 4015
4015 4019 4018
4017 4020 4019
4019 4021 4018
4020 4022 4019
4019 4022 4021
4020 4023 4022
4022 4024 4021
4023 4025 4022
4022 4025 4024
4023 4026 4025
4025 4027 4024
4026 4028 4025
4025 4028 4027
4026 4029 4028
4028 4030 4027
4029 4031 4028
4028 4031 4030
4029 4032 4031
4033 4030 4031
4032 4034 4031
4033 4031 4034
4032 4035 4034
4036 4033 4034
4035 4037 4034
4036 4034 4037
4038 4036 4037
4038 4037 4039
4040 4038 4039
4040 4039 4041
4042 4040 4041
4042 4043 4040
4044 4043 4042
4044 4045 4043
4046 4045 4044
4046 4047 4045
4048 4047 4046
4048 4046 4049
4050 4048 4049
4050 4049 4051
4052 4050 4051
4052 4051 4053
4054 4052 4053
4054 4055 4052
4053 4056 4054
4054 4057 4055
4056 4058 4054
4054 4058 4057
4058 4059 4057
4056 4060 4058
4058 4061 4059
4060 4061 4058
4060 4062 4061
4063 4064 4065
4063 4066 4064
4066 4067 4064
4063 4068 4066
4063 4069 4068
4066 4070 4067
4070 4071 4067
4066 4072 4070
4066 4068 4072
4070 4073 4071
4070 4072 4073
4073 4074 4071
4069 4075 4068
4069 4076 4075
4075 4076 4077
4075 4077 4078
4068 4075 4079
4079 4075 4078
4068 4079 4072
4079 4078 4080
4072 4079 4081
4081 4079 4080
4073 4072 4081
4081 4080 4082
4083 4081 4082
4083 4073 4081
4083 4082 4084
4073 4085 4074
4083 4085 4073
4085 4086 4074
4087 4083 4084
4087 4085 4083
4087 4084 4088
4085 4089 4086
4087 4089 4085
4089 4090 4086
4091 4087 4088
4091 4089 4087
4091 4088 4092
4089 4093 4090
4091 4093 4089
4093 4094 4090
4095 4091 4092
4095 4093 4091
4095 4092 4096
4093 4097 4094
4095 4097 4093
4097 4098 4094
4099 4095 4096
4099 4097 4095
4099 4096 4100
4097 4101 4098
4099 4101 4097
4102 4099 4100
4102 4101 4099
4102 4100 4103
4098 4101 4104
4102 4104 4101
4098 4104 4105
4104 4106 4105
4107 4102 4103
4107 4104 4102
4107 4103 4108
4109 4107 4108
4109 4108 4110
4104 4111 4106
4107 4111 4104
4109 4111 4107
4111 4112 4106
4111 4113 4112
4109 4113 4111
4113 4114 4112
4113 4115 4114
4109 4115 4113
4115 4116 4114
4117 4109 4110
4117 4110 4118
4109 4119 4115
4109 4117 4119
4115 4120 4116
4120 4121 4116
4115 4119 4122
4117 4122 4119
4115 4122 4120
4123 4117 4118
4117 4123 4122
4123 4118 4124
4125 4123 4124
4122 4123 4125
4125 4124 4126
4120 4127 4121
4127 4128 4121
4120 4122 4129
4122 4125 4129
4120 4129 4127
4130 4125 4126
4129 4125 4130
4130 4126 4131
4127 4132 4128
4132 4133 4128
4127 4129 4134
4129 4130 4134
4127 4134 4132
4135 4130 4131
4135 4131 4136
4130 4137 4134
4132 4134 4137
4130 4135 4137
4132 4138 4133
4132 4137 4138
4138 4139 4133
4140 4135 4136
4140 4136 4141
4135 4142 4137
4138 4137 4142
4135 4140 4142
4140 4143 4142
4138 4144 4139
4138 4142 4144
4144 4142 4143
4144 4145 4139
4146 4140 4141
4140 4146 4143
4146 4141 4147
4144 4148 4145
4144 4143 4148
4148 4149 4145
4150 4146 4147
4143 4146 4150
4150 4147 4151
4148 4152 4149
4143 4152 4148
4152 4153 4149
4154 4150 4151
4154 4151 4155
4143 4150 4156
4143 4156 4152
4156 4150 4154
4152 4157 4153
4157 4152 4156
4157 4156 4154
4157 4158 4153
4159 4154 4155
4159 4157 4154
4159 4155 4160
4157 4161 4158
4159 4161 4157
4160 4162 4159
4162 4161 4159
4160 4163 4162
4158 4161 4164
4162 4164 4161
4158 4164 4165
4164 4166 4165
4167 4162 4163
4167 4164 4162
4167 4163 4168
4164 4169 4166
4167 4169 4164
4169 4170 4166
4169 4171 4170
4171 4169 4167
4171 4172 4170
4173 4167 4168
4171 4167 4173
4173 4168 4174
4171 4175 4172
4175 4171 4173
4175 4176 4172
4177 4173 4174
4175 4173 4177
4177 4174 4178
4175 4179 4176
4179 4175 4177
4179 4180 4176
4181 4177 4178
4179 4177 4181
4181 4178 4182
4179 4183 4180
4183 4184 4180
4185 4181 4182
4185 4182 4186
4187 4179 4181
4181 4185 4187
4187 4183 4179
4188 4185 4186
4187 4185 4188
4188 4186 4189
4183 4190 4184
4190 4191 4184
4183 4187 4192
4187 4188 4192
4183 4192 4190
4193 4188 4189
4192 4188 4193
4193 4189 4194
4195 4193 4194
4195 4194 4196
4195 4196 4197
4195 4197 4198
4199 4195 4198
4192 4193 4200
4190 4192 4200
4200 4193 4195
4190 4201 4191
4190 4200 4201
4201 4202 4191
4200 4195 4203
4199 4203 4195
4201 4200 4203
4201 4204 4202
4201 4203 4204
4204 4203 4199
4205 4202 4204
4204 4199 4206
4205 4204 4206
4207 4208 4209
4207 4209 4210
4211 4212 4207
4213 4211 4214
4213 4214 4215
4207 4216 4215
4213 4217 4211
4213 4215 4218
4213 4219 4217
4211 4217 4220
4217 4219 4221
4217 4221 4220
4213 4218 4222
4213 4223 4219
4213 4222 4223
4223 4224 4219
4223 4222 4224
4219 4225 4221
4220 4221 4226
4226 4221 4225
4224 4227 4219
4219 4227 4225
4220 4228 4211
4220 4226 4229
4220 4229 4228
4230 4211 4228
4230 4231 4211
4218 4232 4222
4218 4233 4232
4215 4233 4218
4222 4232 4234
4233 4235 4232
4235 4234 4232
4222 4234 4236
4224 4222 4236
4233 4215 4237
4233 4238 4235
4233 4237 4238
4239 4237 4215
4239 4215 4240
4235 4241 4234
4238 4242 4235
4241 4235 4242
4241 4242 4243
4243 4244 4241
4241 4244 4245
4241 4245 4246
4241 4246 4234
4247 4234 4246
4247 4236 4234
4236 4247 4248
4238 4249 4242
4250 4242 4249
4236 4248 4251
4224 4236 4251
4252 4249 4238
4252 4238 4237
4250 4249 4253
4253 4249 4252
4250 4253 4254
4255 4251 4248
4255 4248 4256
4257 4251 4255
4257 4224 4251
4255 4258 4257
4253 4259 4254
4260 4254 4259
4253 4252 4261
4261 4259 4253
4261 4262 4259
4260 4259 4263
4263 4259 4262
4264 4260 4263
4264 4263 4265
4263 4262 4266
4266 4265 4263
4262 4267 4266
4262 4268 4267
4262 4269 4268
4262 4270 4269
4269 4270 4252
4271 4264 4265
4271 4272 4264
4272 4271 4273
4272 4273 4274
4275 4271 4265
4275 4273 4271
4266 4276 4265
4275 4265 4276
4277 4276 4266
4277 4266 4267
4278 4268 4269
4268 4278 4267
4269 4252 4279
4237 4279 4252
4275 4280 4273
4280 4281 4273
4280 4282 4281
4283 4282 4280
4275 4283 4280
4283 4284 4282
4237 4285 4279
4239 4285 4237
4286 4279 4285
4286 4285 4239
4287 4269 4279
4286 4287 4279
4287 4288 4269
4278 4269 4288
4288 4287 4289
4286 4289 4287
4286 4239 4290
4291 4290 4239
4288 4292 4278
4288 4289 4292
4293 4286 4290
4286 4293 4289
4293 4294 4289
4293 4290 4295
4296 4295 4290
4297 4293 4295
4293 4297 4294
4297 4295 4298
4298 4295 4299
4278 4292 4300
4278 4300 4267
4289 4301 4292
4301 4289 4294
4302 4292 4301
4292 4302 4300
4294 4297 4303
4303 4297 4298
4303 4298 4304
4294 4303 4305
4306 4304 4298
4298 4299 4307
4306 4298 4307
4209 4307 4299
4209 4308 4307
4306 4307 4309
4309 4307 4308
4306 4309 4310
4309 4308 4311
4312 4310 4309
4305 4313 4294
4305 4314 4313
4312 4309 4315
4315 4309 4311
4316 4312 4315
4316 4317 4312
4315 4311 4318
4318 4316 4315
4294 4313 4319
4294 4319 4301
4302 4301 4319
4320 4313 4314
4320 4314 4321
4322 4320 4321
4313 4323 4319
4323 4302 4319
4313 4320 4323
4322 4324 4320
4324 4323 4320
4322 4325 4324
4324 4325 4326
4322 4327 4325
4328 4325 4327
4323 4329 4302
4300 4302 4329
4324 4330 4323
4326 4330 4324
4329 4323 4330
4300 4329 4331
4267 4300 4331
4329 4330 4332
4331 4329 4332
4326 4333 4330
4332 4330 4333
4334 4333 4326
4332 4333 4334
4335 4334 4326
4332 4334 4336
4335 4336 4334
4331 4332 4337
4337 4332 4336
4267 4331 4338
4338 4331 4337
4267 4338 4339
4267 4339 4277
4335 4326 4340
4335 4340 4341
4341 4340 4342
4340 4326 4343
4340 4343 4342
4325 4343 4326
4325 4344 4343
4342 4343 4344
4325 4345 4344
4346 4344 4345
4328 4345 4325
4328 4346 4345
4328 4347 4346
4348 4346 4347
4342 4344 4349
4346 4349 4344
4346 4350 4349
4348 4351 4346
4351 4350 4346
4352 4342 4349
4352 4349 4350
4353 4342 4352
4354 4352 4350
4354 4353 4352
4348 4355 4351
4348 4356 4355
4355 4356 4357
4355 4357 4358
4317 4358 4357
4317 4316 4358
4351 4355 4359
4358 4359 4355
4353 4360 4342
4341 4342 4360
4350 4351 4361
4351 4359 4361
4316 4362 4358
4358 4362 4359
4363 4360 4353
4363 4341 4360
4363 4353 4364
4363 4365 4341
4366 4364 4353
4367 4341 4365
4366 4353 4368
4354 4368 4353
4369 4366 4368
4354 4369 4368
4369 4370 4366
4367 4371 4341
4335 4341 4371
4372 4371 4367
4335 4371 4372
4372 4367 4373
4374 4370 4369
4374 4375 4370
4374 4376 4375
4335 4372 4377
4335 4377 4336
4378 4372 4373
4378 4373 4379
4378 4379 4380
4372 4381 4377
4381 4336 4377
4372 4378 4381
4382 4381 4378
4378 4380 4383
4382 4378 4383
4384 4383 4380
4381 4385 4336
4385 4381 4382
4337 4336 4385
4384 4386 4383
4386 4382 4383
4387 4386 4384
4388 4337 4385
4385 4382 4388
4388 4389 4337
4338 4337 4389
4390 4388 4382
4390 4389 4388
4338 4389 4391
4390 4391 4389
4338 4391 4339
4386 4392 4382
4390 4382 4392
4387 4393 4386
4393 4392 4386
4394 4390 4392
4393 4394 4392
4395 4391 4390
4394 4395 4390
4396 4339 4391
4395 4396 4391
4397 4393 4387
4397 4387 4398
4398 4399 4397
4400 4393 4397
4399 4400 4397
4400 4394 4393
4399 4401 4400
4400 4401 4402
4403 4394 4400
4403 4395 4394
4400 4402 4403
4404 4395 4403
4402 4404 4403
4396 4395 4404
4402 4284 4404
4396 4405 4339
4404 4405 4396
4405 4277 4339
4404 4284 4406
4404 4406 4405
4283 4406 4284
4405 4406 4283
4405 4407 4277
4405 4283 4407
4407 4276 4277
4407 4283 4275
4407 4275 4276
4408 4409 4311
4318 4311 4409
4318 4409 4410
4410 4411 4318
4318 4411 4316
4410 4409 4230
4412 4230 4409
4413 4316 4411
4316 4413 4362
4414 4362 4413
4359 4362 4414
4410 4230 4415
4230 4228 4415
4410 4415 4416
4228 4416 4415
4411 4417 4413
4414 4413 4417
4359 4414 4418
4418 4361 4359
4410 4419 4411
4410 4416 4419
4419 4416 4420
4228 4421 4416
4420 4416 4421
4421 4228 4229
4422 4411 4419
4422 4417 4411
4419 4420 4422
4417 4423 4414
4423 4418 4414
4422 4424 4417
4424 4422 4420
4424 4423 4417
4424 4425 4423
4426 4425 4424
4424 4420 4426
4420 4421 4427
4428 4420 4427
4428 4426 4420
4428 4425 4426
4423 4429 4418
4425 4429 4423
4429 4430 4418
4418 4430 4361
4430 4431 4361
4350 4361 4431
4432 4350 4431
4430 4432 4431
4354 4350 4432
4430 4433 4432
4354 4432 4433
4429 4434 4430
4434 4433 4430
4425 4435 4429
4435 4434 4429
4354 4433 4436
4354 4436 4369
4369 4436 4437
4437 4436 4433
4369 4437 4374
4438 4374 4437
4437 4433 4439
4434 4439 4433
4439 4438 4437
4440 4439 4434
4439 4440 4438
4440 4434 4441
4435 4441 4434
4442 4440 4441
4442 4438 4440
4435 4443 4441
4442 4441 4443
4425 4444 4435
4435 4444 4443
4438 4445 4374
4374 4445 4376
4446 4376 4445
4446 4445 4447
4447 4445 4438
4448 4446 4447
4447 4438 4449
4442 4449 4438
4448 4447 4450
4450 4447 4449
4451 4449 4442
4450 4449 4451
4452 4442 4443
4451 4442 4452
4453 4448 4450
4453 4454 4448
4454 4453 4455
4456 4453 4450
4456 4450 4451
4455 4453 4456
4452 4443 4457
4457 4443 4444
4458 4451 4452
4458 4456 4451
4455 4456 4459
4459 4460 4455
4457 4461 4452
4461 4458 4452
4456 4458 4462
4456 4462 4459
4462 4458 4461
4462 4461 4463
4457 4444 4464
4461 4457 4464
4459 4465 4460
4465 4466 4460
4459 4462 4467
4467 4462 4463
4459 4467 4465
4464 4444 4468
4425 4468 4444
4461 4469 4463
4461 4464 4469
4464 4470 4469
4470 4463 4469
4468 4425 4471
4428 4471 4425
4464 4468 4472
4464 4472 4470
4472 4468 4473
4468 4471 4473
4472 4473 4474
4472 4474 4470
4471 4475 4473
4474 4473 4475
4476 4471 4428
4471 4476 4475
4476 4428 4477
4478 4477 4428
4478 4479 4477
4479 4478 4421
4479 4421 4480
4421 4229 4480
4229 4481 4480
4229 4226 4481
4482 4479 4480
4482 4480 4481
4482 4483 4479
4479 4483 4477
4484 4477 4483
4484 4476 4477
4485 4476 4484
4485 4475 4476
4486 4481 4226
4486 4487 4481
4487 4486 4488
4486 4489 4488
4486 4490 4489
4226 4225 4486
4486 4225 4490
4491 4490 4225
4491 4225 4227
4227 4492 4491
4493 4475 4485
4493 4485 4494
4474 4475 4493
4494 4495 4493
4474 4493 4495
4494 4496 4495
4474 4495 4497
4474 4497 4470
4497 4495 4498
4470 4497 4499
4497 4498 4499
4500 4499 4498
4470 4499 4463
4500 4463 4499
4500 4498 4501
4502 4500 4501
4502 4503 4500
4500 4503 4504
4500 4505 4463
4500 4504 4505
4467 4463 4505
4467 4505 4504
4467 4504 4506
4504 4507 4506
4506 4465 4467
4506 4508 4465
4507 4508 4506
4465 4508 4466
4509 4466 4508
4507 4509 4508
4509 4510 4466
4510 4509 4511
4507 4511 4509
4510 4511 4512
4512 4511 4513
4512 4513 4514
4513 4511 4515
4507 4515 4511
4513 4515 4516
4517 4516 4515
4518 4515 4507
4517 4515 4518
4518 4507 4519
4504 4519 4507
4520 4519 4504
4520 4518 4519
4520 4504 4503
4521 4517 4518
4520 4521 4518
4521 4522 4517
4523 4522 4521
4523 4521 4520
4523 4524 4522
4523 4520 4525
4525 4520 4503
4525 4503 4526
4527 4528 4529
4527 4529 4530
4531 4527 4530
4532 4533 4534
4533 4532 4535
4533 4535 4224
4224 4535 4227
4227 4535 4492
4532 4492 4535
4532 4536 4492
4537 4538 4539
4537 4539 4540
4541 4542 4543
4541 4543 4544
4545 4546 4547
4545 4547 4548
4549 4550 4551
4549 4551 4552
4553 4554 4555
4553 4556 4554
4557 4556 4553
4557 4553 4558
4559 4560 4561
4562 4560 4559
4563 4560 4562
4564 4565 4566
4564 4566 4567
4568 4569 4570
4568 4570 4571
4572 4568 4571
4572 4573 4568
4574 4575 4576
4574 4576 4577
4578 4577 4576
4579 4580 4581
4579 4581 4582
4583 4584 4585
4586 4583 4585
4587 4588 4589
4587 4589 4590
4589 4591 4590
4589 4592 4591
4591 4593 4590
4591 4594 4593
4593 4595 4596
4596 4595 4597
4596 4597 4598
4599 4596 4598
4600 4597 4595
4595 4601 4600
4596 4599 4602
4603 4602 4599
4604 4603 4599
4605 4603 4604
4606 4603 4605
4602 4603 4607
4608 4596 4602
4609 4596 4608
4609 4608 4610
4611 4596 4609
4611 4609 4612
4613 4596 4611
4613 4611 4614
4615 4616 4600
4607 4617 4618
4618 4603 4619
4619 4603 4620
4620 4617 4621
4621 4603 4622
4623 4624 4600
4625 4623 4626
4624 4597 4626
4627 4615 4626
4628 4627 4626
4629 4628 4626
4601 4629 4626
4630 4631 4632
4630 4632 4633
4633 4632 4634
4633 4634 4635
4635 4634 4636
4635 4636 4637
4637 4636 4638
4637 4638 4639
4639 4638 4640
4639 4640 4641
4641 4640 4642
4641 4642 4643
4643 4642 4644
4643 4644 4645
4645 4644 4646
4645 4646 4647
4647 4646 4648
4647 4648 4649
4649 4648 4650
4649 4650 4651
4651 4650 4652
4651 4652 4653
4653 4652 4654
4653 4654 4655
4655 4654 4656
4655 4656 4657
4657 4656 4658
4657 4658 4659
4660 4661 4662
4660 4663 4661
4664 4663 4660
4664 4665 4663
4666 4665 4664
4666 4667 4665
4668 4667 4666
4668 4669 4667
4670 4671 4672
4670 4673 4671
4674 4673 4670
4674 4675 4673
4676 4677 4678
4676 4679 4677
4680 4679 4676
4680 4681 4679
4682 4683 4684
4682 4684 4685
4686 4687 4688
4686 4689 4687
4690 4689 4686
4690 4691 4689
4692 4693 4694
4692 4694 4695
4695 4694 4696
4695 4696 4697
4697 4696 4698
4697 4698 4699
4700 4701 4702
4700 4702 4703
4704 4705 4706
4704 4706 4707
4707 4706 4708
4707 4708 4709
4710 4711 4712
4710 4712 4713
4713 4712 4714
4713 4714 4715
4716 4717 4718
4716 4718 4719
4720 4721 4722
4720 4723 4721
4720 4724 4723
4720 4725 4724
4721 4723 4726
4721 4726 4727
4726 4723 4728
4724 4729 4723
4726 4728 4730
4724 4731 4729
4728 4723 4732
4729 4733 4723
4729 4734 4733
4733 4735 4723
4723 4736 4732
4737 4732 4736
4732 4737 4738
4738 4737 4739
4739 4737 4740
4740 4737 4741
4741 4737 4742
4742 4737 4743
4743 4737 4744
4744 4737 4745
4745 4737 4736
4723 4746 4736
4747 4746 4723
4723 4735 4747
4748 4747 4735
4749 4747 4748
4735 4750 4748
4751 4749 4748
4750 4752 4748
4753 4751 4748
4752 4754 4748
4755 4753 4748
4754 4756 4748
4756 4755 4748
4757 4758 4759
4757 4760 4758
4757 4761 4760
4761 4762 4760
4761 4763 4762
4763 4764 4762
4763 4765 4764
4765 4766 4764
4765 4767 4766
4767 4768 4766
4767 4769 4768
4769 4770 4768
4769 4771 4770
4771 4772 4770
4771 4773 4772
4773 4774 4772
4773 4775 4774
4775 4776 4774
4775 4777 4776
4777 4778 4776
4777 4779 4778
4779 4780 4778
4779 4781 4780
4781 4782 4780
4781 4783 4782
4784 4785 4786
4784 4787 4785
4787 4788 4785
4787 4789 4788
4789 4790 4788
4789 4791 4790
4791 4792 4790
4793 4794 4795
4793 4796 4794
4796 4797 4794
4796 4798 4797
4798 4799 4797
4798 4800 4799
4800 4801 4799
4800 4802 4801
4802 4803 4801
4802 4804 4803
4804 4805 4803
4804 4806 4805
4806 4807 4805
4806 4808 4807
4808 4809 4807
4808 4810 4809
4810 4811 4809
4810 4812 4811
4812 4813 4811
4812 4814 4813
4814 4815 4813
4814 4816 4815
4816 4817 4815
4816 4818 4817
4818 4819 4817
4818 4820 4819
4820 4821 4819
4820 4822 4821
4822 4823 4821
4822 4824 4823
4824 4825 4823
4824 4826 4825
4827 4828 4829
4830 4828 4827
4830 4831 4828
4832 4831 4830
4832 4833 4831
4834 4833 4832
4834 4835 4833
4836 4835 4834
4836 4837 4835
4838 4837 4836
4838 4839 4837
4840 4839 4838
4840 4841 4839
4842 4841 4840
4842 4843 4841
4844 4843 4842
4844 4845 4843
4846 4845 4844
4846 4847 4845
4848 4847 4846
4848 4849 4847
4850 4851 4852
4850 4853 4851
4854 4853 4850
4854 4855 4853
4856 4855 4854
4856 4857 4855
4858 4857 4856
4858 4859 4857
4860 4859 4858
4860 4861 4859
4862 4861 4860
4863 4864 4865
4863 4865 4866
4866 4865 4867
4866 4867 4868
4868 4867 4869
4868 4869 4870
4870 4869 4871
4870 4871 4872
4872 4871 4873
4872 4873 4874
4874 4873 4875
4874 4875 4876
4876 4875 4877
4876 4877 4878
4878 4877 4879
4878 4879 4880
4880 4879 4881
4880 4881 4882
4882 4881 4883
4882 4883 4884
4884 4883 4885
4884 4885 4886
4886 4885 4887
4886 4887 4888
4888 4887 4889
4888 4889 4890
4890 4889 4891
4890 4891 4892
4892 4891 4893
4892 4893 4894
4894 4893 4895
4894 4895 4896
4897 4898 4899
4897 4900 4898
4900 4901 4898
4900 4902 4901
4902 4903 4901
4902 4904 4903
4904 4905 4903
4904 4906 4905
4906 4907 4905
4906 4908 4907
4908 4909 4907
4908 4910 4909
4910 4911 4909
4910 4912 4911
4912 4913 4911
4912 4914 4913
4914 4915 4913
4914 4916 4915
4916 4917 4915
4916 4918 4917
4918 4919 4917
4918 4920 4919
4920 4921 4919
4920 4922 4921
4922 4923 4921
4922 4924 4923
4924 4925 4923
4924 4926 4925
4926 4927 4925
4926 4928 4927
4928 4929 4927
4928 4930 4929
4931 4932 4933
4931 4934 4932
4934 4935 4932
4934 4936 4935
4936 4937 4935
4936 4938 4937
4938 4939 4937
4938 4940 4939
4940 4941 4939
4940 4942 4941
4942 4943 4941
4942 4944 4943
4944 4945 4943
4944 4946 4945
4946 4947 4945
4946 4948 4947
4948 4949 4947
4948 4950 4949
4950 4951 4949
4950 4952 4951
4952 4953 4951
4952 4954 4953
4954 4955 4953
4954 4956 4955
4956 4957 4955
4956 4958 4957
4958 4959 4957
4958 4960 4959
4960 4961 4959
4960 4962 4961
4962 4963 4961
4962 4964 4963
4965 4966 4967
4965 4967 4968
4968 4967 4969
4968 4969 4970
4970 4969 4971
4970 4971 4972
4972 4971 4973
4972 4973 4974
4974 4973 4975
4974 4975 4976
4976 4975 4977
4976 4977 4978
4978 4977 4979
4978 4979 4980
4980 4979 4981
4980 4981 4982
4982 4981 4983
4982 4983 4984
4984 4983 4985
4984 4985 4986
4986 4985 4987
4986 4987 4988
4988 4987 4989
4988 4989 4990
4990 4989 4991
4990 4991 4992
4992 4991 4993
4992 4993 4994
4994 4993 4995
4994 4995 4996
4996 4995 4997
4996 4997 4998
4999 5000 5001
4999 5001 5002
5002 5001 5003
5002 5003 5004
5004 5003 5005
5004 5005 5006
5006 5005 5007
5006 5007 5008
5008 5007 5009
5008 5009 5010
5010 5009 5011
5010 5011 5012
5012 5011 5013
5012 5013 5014
5014 5013 5015
5014 5015 5016
5016 5015 5017
5016 5017 5018
5018 5017 5019
5018 5019 5020
5020 5019 5021
5020 5021 5022
5022 5021 5023
5022 5023 5024
5024 5023 5025
5024 5025 5026
5026 5025 5027
5026 5027 5028
5028 5027 5029
5028 5029 5030
5030 5029 5031
5030 5031 5032
5033 5034 5035
5033 5036 5034
5036 5037 5034
5038 5036 5033
5036 5039 5037
5040 5037 5039
5038 5041 5036
5039 5036 5041
5038 5042 5041
5042 5038 5043
5044 5042 5043
5044 5043 5045
5044 5045 5046
5044 5046 5047
5044 5047 5048
5047 5046 5049
5047 5049 5050
5048 5047 5050
5051 5050 5049
5042 5044 5052
5044 5048 5052
5052 5048 5053
5042 5052 5054
5041 5042 5054
5054 5052 5053
5051 5055 5050
5055 5051 5056
5057 5041 5054
5039 5041 5057
5048 5050 5058
5055 5058 5050
5054 5053 5059
5057 5054 5059
5055 5056 5060
5060 5061 5055
5055 5061 5058
5060 5062 5061
5063 5061 5062
5058 5061 5063
5063 5062 5064
5065 5048 5058
5058 5063 5065
5066 5065 5063
5067 5063 5064
5066 5063 5067
5067 5064 5068
5067 5068 5069
5065 5070 5048
5053 5048 5070
5067 5069 5071
5066 5067 5071
5070 5065 5072
5072 5065 5066
5070 5072 5073
5070 5073 5053
5074 5071 5069
5074 5069 5075
5075 5076 5074
5075 5077 5076
5078 5076 5077
5071 5074 5079
5079 5074 5076
5072 5066 5080
5073 5072 5080
5066 5071 5081
5071 5079 5081
5066 5081 5082
5066 5082 5080
5079 5082 5081
5080 5082 5083
5073 5080 5084
5080 5083 5084
5079 5085 5082
5083 5082 5085
5073 5084 5086
5086 5053 5073
5079 5076 5087
5087 5085 5079
5083 5088 5084
5086 5084 5088
5089 5053 5086
5059 5053 5089
5086 5088 5090
5089 5086 5090
5059 5089 5091
5057 5059 5091
5057 5091 5092
5039 5057 5092
5093 5091 5089
5092 5091 5093
5089 5090 5094
5093 5089 5094
5039 5092 5095
5040 5039 5095
5096 5094 5090
5090 5088 5096
5095 5092 5097
5097 5092 5093
5040 5095 5098
5098 5095 5097
5040 5098 5099
5098 5100 5099
5093 5094 5101
5096 5101 5094
5102 5100 5098
5103 5100 5102
5104 5103 5102
5097 5093 5105
5093 5101 5105
5098 5097 5106
5102 5098 5106
5107 5097 5105
5107 5106 5097
5105 5101 5108
5105 5108 5107
5107 5108 5109
5110 5108 5101
5110 5101 5096
5110 5109 5108
5107 5111 5106
5107 5109 5111
5112 5106 5111
5112 5111 5109
5102 5106 5113
5112 5113 5106
5102 5113 5114
5102 5114 5104
5115 5104 5114
5116 5104 5115
5115 5114 5117
5118 5114 5113
5117 5114 5118
5118 5113 5112
5118 5119 5117
5119 5118 5112
5117 5119 5120
5120 5119 5121
5112 5109 5122
5119 5112 5122
5121 5119 5123
5123 5124 5121
5119 5122 5125
5125 5122 5109
5119 5125 5123
5123 5126 5124
5126 5127 5124
5128 5126 5123
5128 5123 5125
5126 5129 5127
5126 5128 5129
5127 5129 5130
5125 5109 5131
5110 5131 5109
5125 5131 5132
5110 5132 5131
5125 5132 5128
5110 5133 5132
5096 5133 5110
5096 5134 5133
5096 5088 5134
5135 5134 5088
5135 5088 5083
5136 5133 5134
5136 5134 5135
5137 5132 5133
5137 5133 5136
5138 5128 5132
5137 5138 5132
5135 5139 5136
5137 5136 5139
5083 5140 5135
5135 5140 5139
5139 5140 5141
5083 5142 5140
5141 5140 5142
5083 5085 5142
5085 5143 5142
5141 5142 5143
5138 5144 5128
5129 5128 5144
5138 5145 5144
5129 5144 5145
5146 5138 5137
5138 5146 5145
5137 5139 5147
5146 5137 5147
5129 5145 5148
5130 5129 5148
5149 5148 5145
5146 5149 5145
5150 5130 5148
5149 5150 5148
5150 5149 5151
5152 5130 5150
5153 5152 5150
5150 5151 5153
5154 5152 5153
5153 5155 5154
5156 5155 5153
5151 5156 5153
5157 5155 5156
5146 5158 5149
5158 5151 5149
5157 5156 5159
5160 5157 5159
5146 5161 5158
5146 5147 5161
5151 5162 5156
5162 5159 5156
5158 5163 5151
5164 5158 5161
5164 5163 5158
5151 5163 5165
5151 5165 5162
5166 5163 5164
5166 5165 5163
5147 5167 5161
5161 5168 5164
5161 5167 5168
5147 5169 5167
5147 5139 5169
5139 5141 5169
5167 5169 5170
5167 5170 5168
5141 5170 5169
5171 5162 5165
5172 5165 5166
5172 5171 5165
5171 5173 5162
5162 5173 5159
5164 5168 5174
5175 5168 5170
5174 5168 5175
5141 5176 5170
5175 5170 5176
5177 5176 5141
5177 5141 5143
5164 5178 5166
5164 5174 5178
5175 5176 5179
5179 5176 5177
5173 5171 5180
5159 5173 5181
5173 5180 5181
5171 5182 5180
5183 5180 5182
5171 5172 5182
5184 5182 5172
5183 5182 5184
5159 5181 5185
5160 5159 5185
5181 5180 5186
5183 5186 5180
5187 5160 5185
5187 5188 5160
5188 5187 5189
5188 5189 5190
5191 5190 5189
5192 5185 5181
5192 5187 5185
5181 5186 5192
5189 5187 5192
5192 5186 5193
5183 5193 5186
5191 5189 5194
5194 5195 5191
5194 5196 5195
5194 5197 5196
5194 5198 5197
5189 5198 5194
5198 5199 5197
5189 5192 5200
5189 5200 5198
5192 5193 5200
5200 5201 5198
5201 5199 5198
5200 5193 5201
5199 5201 5202
5199 5202 5203
5202 5204 5203
5205 5201 5193
5205 5202 5201
5183 5205 5193
5202 5206 5204
5205 5206 5202
5205 5207 5206
5207 5205 5183
5207 5183 5208
5183 5184 5208
5208 5209 5207
5208 5210 5209
5210 5208 5184
5207 5209 5211
5209 5210 5211
5207 5211 5212
5207 5212 5213
5213 5214 5204
5213 5215 5214
5213 5212 5215
5214 5215 5216
5215 5217 5216
5216 5217 5218
5215 5219 5217
5215 5212 5219
5219 5212 5220
5212 5211 5220
5219 5220 5221
5211 5222 5220
5211 5210 5222
5223 5221 5220
5220 5222 5223
5223 5224 5221
5224 5223 5225
5226 5224 5225
5223 5222 5227
5223 5227 5225
5225 5227 5228
5226 5225 5229
5225 5228 5229
5226 5229 5230
5231 5230 5229
5227 5222 5232
5232 5222 5210
5228 5227 5232
5231 5229 5233
5233 5229 5228
5234 5231 5233
5234 5235 5231
5210 5236 5232
5184 5236 5210
5233 5228 5237
5234 5233 5237
5238 5235 5234
5238 5239 5235
5240 5236 5184
5184 5172 5240
5172 5166 5240
5166 5241 5240
5240 5241 5236
5166 5178 5241
5236 5242 5232
5241 5242 5236
5241 5178 5243
5243 5242 5241
5243 5178 5174
5174 5244 5243
5175 5244 5174
5245 5243 5244
5242 5243 5245
5175 5246 5244
5245 5244 5246
5179 5246 5175
5232 5242 5247
5228 5232 5247
5242 5248 5247
5228 5247 5248
5245 5248 5242
5228 5248 5237
5249 5248 5245
5245 5246 5249
5249 5246 5250
5249 5251 5248
5237 5248 5251
5249 5250 5251
5246 5179 5252
5250 5246 5252
5237 5251 5253
5234 5237 5253
5253 5238 5234
5254 5253 5251
5253 5254 5238
5252 5179 5255
5179 5177 5255
5256 5255 5177
5256 5177 5143
5252 5255 5257
5256 5257 5255
5250 5252 5258
5252 5257 5258
5251 5250 5259
5254 5251 5259
5250 5260 5259
5260 5254 5259
5254 5261 5238
5239 5238 5261
5239 5261 5262
5261 5263 5262
5254 5264 5261
5260 5264 5254
5261 5265 5263
5264 5265 5261
5264 5260 5265
5263 5265 5266
5250 5267 5260
5250 5258 5267
5260 5268 5265
5267 5268 5260
5269 5266 5265
5269 5265 5268
5270 5266 5269
5270 5269 5271
5267 5272 5268
5267 5258 5272
5269 5268 5272
5273 5271 5269
5269 5272 5273
5273 5274 5271
5275 5274 5273
5276 5272 5258
5273 5272 5276
5276 5258 5257
5275 5273 5277
5273 5276 5277
5277 5078 5275
5277 5278 5078
5278 5277 5276
5078 5278 5076
5257 5279 5276
5278 5276 5279
5279 5076 5278
5257 5256 5279
5279 5087 5076
5256 5087 5279
5256 5280 5087
5256 5143 5280
5087 5280 5085
5085 5280 5143
5281 5282 5283
5281 5283 5284
5284 5283 5285
5286 5281 5284
5284 5285 5287
5288 5287 5285
5286 5284 5289
5287 5289 5284
5286 5289 5290
5290 5291 5286
5292 5291 5290
5292 5293 5291
5292 5294 5293
5292 5295 5294
5292 5296 5295
5295 5297 5294
5295 5298 5297
5296 5298 5295
5299 5297 5298
5290 5300 5292
5292 5300 5296
5300 5301 5296
5290 5302 5300
5289 5302 5290
5302 5301 5300
5299 5298 5303
5303 5056 5299
5303 5304 5056
5305 5302 5289
5287 5305 5289
5303 5298 5306
5296 5306 5298
5304 5303 5307
5303 5306 5307
5304 5307 5308
5309 5308 5307
5306 5309 5307
5309 5310 5308
5311 5306 5296
5306 5311 5309
5312 5309 5311
5313 5310 5309
5312 5313 5309
5313 5314 5310
5313 5315 5314
5311 5296 5316
5301 5316 5296
5313 5317 5315
5312 5317 5313
5316 5318 5311
5318 5312 5311
5316 5319 5318
5316 5301 5319
5320 5315 5317
5320 5321 5315
5321 5320 5322
5321 5322 5323
5324 5323 5322
5317 5325 5320
5325 5322 5320
5318 5326 5312
5319 5326 5318
5312 5327 5317
5317 5327 5325
5312 5328 5327
5312 5326 5328
5325 5327 5328
5326 5329 5328
5319 5330 5326
5326 5330 5329
5325 5328 5331
5329 5331 5328
5319 5332 5330
5332 5319 5301
5325 5333 5322
5333 5325 5331
5329 5330 5334
5332 5334 5330
5335 5332 5301
5332 5336 5334
5335 5336 5332
5337 5335 5301
5302 5337 5301
5305 5337 5302
5305 5338 5337
5337 5338 5335
5305 5339 5338
5287 5339 5305
5340 5335 5338
5339 5340 5338
5335 5341 5336
5340 5341 5335
5287 5342 5339
5288 5342 5287
5343 5336 5341
5336 5343 5334
5342 5344 5339
5344 5340 5339
5288 5345 5342
5345 5344 5342
5288 5346 5345
5345 5346 5347
5340 5348 5341
5343 5341 5348
5349 5345 5347
5350 5349 5347
5351 5349 5350
5344 5352 5340
5340 5352 5348
5345 5353 5344
5349 5353 5345
5354 5352 5344
5354 5344 5353
5352 5355 5348
5352 5354 5355
5354 5356 5355
5357 5348 5355
5357 5343 5348
5357 5355 5356
5354 5353 5358
5354 5358 5356
5359 5358 5353
5359 5356 5358
5349 5360 5353
5359 5353 5360
5349 5361 5360
5349 5351 5361
5362 5361 5351
5363 5362 5351
5362 5364 5361
5365 5360 5361
5364 5365 5361
5365 5359 5360
5365 5364 5366
5366 5359 5365
5364 5367 5366
5367 5368 5366
5359 5369 5356
5366 5369 5359
5368 5370 5366
5370 5368 5371
5366 5372 5369
5372 5356 5369
5366 5370 5372
5370 5371 5373
5373 5371 5374
5375 5370 5373
5375 5372 5370
5373 5374 5376
5373 5376 5375
5374 5377 5376
5372 5378 5356
5357 5356 5378
5372 5379 5378
5357 5378 5379
5372 5375 5379
5357 5379 5380
5343 5357 5380
5343 5380 5381
5343 5381 5334
5382 5334 5381
5382 5329 5334
5383 5381 5380
5383 5382 5381
5384 5380 5379
5384 5383 5380
5385 5379 5375
5384 5379 5385
5382 5383 5386
5384 5386 5383
5329 5382 5387
5382 5386 5387
5386 5388 5387
5329 5387 5389
5388 5389 5387
5329 5389 5331
5331 5389 5390
5388 5390 5389
5385 5375 5391
5376 5391 5375
5385 5391 5392
5376 5392 5391
5393 5384 5385
5385 5392 5393
5384 5394 5386
5393 5394 5384
5376 5395 5392
5377 5395 5376
5396 5392 5395
5393 5392 5396
5397 5395 5377
5396 5395 5397
5397 5398 5396
5399 5397 5377
5400 5397 5399
5397 5400 5398
5401 5400 5399
5400 5401 5402
5403 5400 5402
5398 5400 5403
5404 5403 5402
5393 5396 5405
5405 5396 5398
5404 5406 5403
5407 5406 5404
5393 5405 5408
5393 5408 5394
5398 5403 5409
5409 5403 5406
5405 5398 5410
5411 5408 5405
5411 5405 5410
5398 5412 5410
5398 5409 5412
5413 5411 5410
5413 5410 5412
5394 5408 5414
5408 5411 5415
5408 5415 5414
5394 5414 5416
5394 5416 5386
5386 5416 5388
5414 5417 5416
5414 5415 5417
5388 5416 5417
5418 5412 5409
5419 5413 5412
5419 5412 5418
5418 5409 5420
5409 5406 5420
5411 5421 5415
5422 5417 5415
5421 5422 5415
5388 5417 5423
5422 5423 5417
5424 5388 5423
5424 5390 5388
5411 5413 5425
5411 5425 5421
5422 5426 5423
5426 5424 5423
5420 5427 5418
5406 5428 5420
5420 5428 5427
5418 5427 5429
5430 5429 5427
5418 5429 5419
5431 5419 5429
5430 5431 5429
5406 5432 5428
5407 5432 5406
5428 5433 5427
5430 5427 5433
5434 5432 5407
5434 5407 5435
5435 5436 5434
5435 5437 5436
5438 5436 5437
5439 5428 5432
5439 5432 5434
5428 5439 5433
5436 5439 5434
5439 5440 5433
5430 5433 5440
5438 5441 5436
5441 5438 5442
5441 5442 5443
5441 5443 5444
5441 5444 5445
5436 5441 5445
5445 5444 5446
5436 5447 5439
5436 5445 5447
5439 5447 5440
5447 5445 5448
5448 5445 5446
5447 5448 5440
5446 5449 5448
5446 5450 5449
5449 5450 5451
5452 5440 5448
5452 5448 5449
5430 5440 5452
5449 5451 5453
5452 5449 5453
5452 5453 5454
5454 5430 5452
5454 5455 5430
5430 5455 5431
5455 5454 5456
5455 5456 5457
5457 5431 5455
5454 5458 5456
5456 5458 5457
5454 5459 5458
5454 5460 5459
5460 5451 5461
5460 5461 5462
5460 5462 5459
5461 5463 5462
5462 5463 5464
5463 5465 5464
5462 5464 5466
5462 5466 5459
5466 5467 5459
5459 5467 5458
5466 5468 5467
5458 5467 5469
5458 5469 5457
5470 5467 5468
5467 5470 5469
5470 5468 5471
5471 5472 5470
5473 5472 5471
5470 5474 5469
5470 5472 5474
5472 5475 5474
5473 5476 5472
5472 5476 5475
5473 5477 5476
5478 5476 5477
5474 5479 5469
5479 5457 5469
5475 5479 5474
5478 5480 5476
5480 5475 5476
5481 5480 5478
5481 5478 5482
5457 5479 5483
5431 5457 5483
5480 5484 5475
5481 5484 5480
5485 5481 5482
5485 5482 5486
5487 5431 5483
5431 5487 5419
5419 5487 5413
5413 5487 5488
5487 5483 5488
5413 5488 5425
5483 5479 5489
5488 5483 5489
5488 5490 5425
5490 5488 5489
5490 5421 5425
5421 5490 5491
5422 5421 5491
5492 5491 5490
5489 5492 5490
5422 5491 5493
5492 5493 5491
5426 5422 5493
5479 5494 5489
5475 5494 5479
5489 5494 5495
5475 5495 5494
5492 5489 5495
5475 5484 5495
5496 5492 5495
5492 5496 5493
5496 5497 5493
5496 5495 5498
5484 5498 5495
5496 5498 5497
5493 5499 5426
5497 5499 5493
5484 5500 5498
5481 5500 5484
5500 5481 5485
5501 5498 5500
5500 5485 5501
5499 5502 5426
5426 5502 5424
5503 5424 5502
5503 5390 5424
5499 5504 5502
5503 5502 5504
5497 5505 5499
5499 5505 5504
5498 5506 5497
5501 5506 5498
5497 5506 5507
5507 5506 5501
5501 5485 5508
5486 5508 5485
5486 5509 5508
5508 5509 5510
5501 5508 5511
5507 5501 5511
5508 5510 5512
5511 5508 5512
5511 5512 5507
5510 5513 5512
5497 5507 5514
5497 5514 5505
5515 5512 5513
5516 5515 5513
5516 5517 5515
5507 5512 5518
5514 5507 5518
5515 5518 5512
5514 5518 5519
5514 5519 5505
5515 5519 5518
5520 5515 5517
5515 5520 5519
5520 5517 5521
5522 5520 5521
5523 5505 5519
5520 5523 5519
5523 5504 5505
5522 5524 5520
5520 5524 5523
5524 5522 5324
5524 5324 5525
5525 5523 5524
5324 5322 5525
5504 5523 5526
5525 5526 5523
5526 5525 5322
5504 5526 5503
5526 5322 5333
5503 5526 5333
5503 5333 5527
5503 5527 5390
5333 5331 5527
5331 5390 5527
5528 5529 5530
5528 5530 5531
5531 5532 5528
5531 5533 5532
5533 5534 5532
5533 5535 5534
5536 5534 5535
5536 5535 5537
5538 5536 5537
5538 5539 5536
5540 5539 5538
5540 5538 5541
5542 5540 5541
5542 5541 5543
5543 5544 5542
5543 5545 5544
5546 5547 5548
5546 5548 5549
5549 5550 5546
5549 5548 5551
5549 5552 5550
5552 5553 5550
5549 5551 5554
5555 5554 5551
5555 5551 5556
5557 5555 5556
5558 5549 5554
5558 5552 5549
5558 5554 5555
5559 5552 5558
5552 5560 5553
5559 5560 5552
5553 5560 5561
5561 5560 5559
5553 5561 5562
5562 5561 5563
5562 5563 5564
5565 5564 5563
5557 5566 5555
5567 5555 5566
5568 5566 5557
5568 5569 5566
5569 5567 5566
5569 5570 5567
5567 5570 5571
5561 5559 5572
5563 5561 5572
5567 5573 5555
5558 5555 5573
5573 5559 5558
5567 5571 5574
5575 5574 5571
5567 5576 5573
5573 5576 5559
5574 5576 5567
5575 5577 5574
5574 5577 5576
5577 5575 5578
5579 5559 5576
5577 5579 5576
5579 5572 5559
5580 5577 5578
5580 5579 5577
5581 5580 5578
5582 5580 5581
5581 5583 5582
5582 5583 5584
5585 5580 5582
5585 5579 5580
5585 5582 5584
5586 5572 5579
5585 5586 5579
5587 5585 5584
5585 5587 5586
5587 5584 5588
5587 5588 5589
5587 5589 5590
5586 5587 5590
5586 5591 5572
5563 5572 5591
5592 5590 5589
5592 5589 5593
5586 5590 5594
5591 5586 5594
5592 5594 5590
5595 5563 5591
5565 5563 5595
5596 5592 5593
5596 5593 5597
5592 5596 5598
5595 5591 5599
5591 5594 5599
5565 5595 5600
5600 5595 5599
5565 5600 5601
5600 5602 5601
5600 5603 5602
5600 5599 5604
5604 5603 5600
5594 5604 5599
5604 5605 5603
5598 5605 5604
5592 5598 5606
5592 5606 5594
5598 5604 5606
5594 5606 5604
5607 5597 5608
5607 5608 5609
5609 5610 5607
5609 5608 5611
5609 5612 5610
5610 5612 5613
5610 5613 5614
5613 5615 5614
5609 5616 5612
5616 5613 5612
5609 5611 5617
5609 5617 5616
5613 5618 5615
5618 5619 5615
5618 5620 5619
5621 5620 5618
5622 5617 5611
5622 5611 5623
5622 5623 5624
5618 5613 5625
5616 5625 5613
5621 5618 5626
5618 5625 5626
5627 5616 5617
5627 5617 5622
5628 5625 5616
5626 5625 5628
5628 5616 5627
5621 5626 5629
5626 5628 5629
5621 5629 5630
5631 5630 5629
5622 5624 5632
5632 5627 5622
5627 5633 5628
5629 5628 5633
5631 5629 5634
5629 5633 5634
5634 5633 5635
5636 5631 5634
5627 5637 5633
5632 5637 5627
5637 5635 5633
5632 5624 5638
5638 5624 5639
5640 5638 5639
5632 5638 5641
5638 5640 5641
5632 5641 5637
5640 5642 5641
5641 5642 5643
5641 5643 5637
5643 5642 5644
5636 5634 5645
5634 5635 5645
5646 5636 5645
5635 5646 5645
5646 5647 5636
5643 5648 5637
5637 5648 5635
5644 5649 5643
5649 5648 5643
5649 5650 5648
5644 5651 5649
5650 5649 5651
5650 5651 5652
5653 5650 5652
5654 5647 5646
5654 5655 5647
5656 5635 5648
5650 5656 5648
5650 5657 5656
5653 5658 5650
5650 5658 5657
5659 5658 5653
5659 5660 5658
5660 5657 5658
5660 5661 5657
5657 5661 5662
5635 5663 5646
5656 5663 5635
5663 5656 5657
5663 5654 5646
5663 5657 5664
5657 5662 5664
5663 5664 5654
5654 5664 5662
5654 5662 5665
5655 5654 5665
5655 5665 5666
5667 5668 5669
5667 5669 5670
5670 5671 5667
5670 5672 5671
5673 5671 5672
5673 5672 5674
5674 5675 5673
5674 5676 5675
5677 5675 5676
5677 5676 5678
5679 5677 5678
5679 5680 5677
5681 5680 5679
5681 5679 5682
5683 5681 5682
5683 5682 5684
5685 5686 5687
5685 5687 5688
5688 5689 5685
5688 5687 5690
5688 5691 5689
5691 5692 5689
5688 5690 5693
5693 5691 5688
5693 5690 5694
5693 5694 5695
5695 5696 5693
5693 5696 5691
5695 5697 5696
5691 5698 5692
5696 5698 5691
5697 5699 5696
5696 5699 5698
5697 5700 5699
5692 5698 5701
5701 5698 5699
5692 5701 5702
5701 5703 5702
5704 5699 5700
5701 5699 5704
5704 5700 5705
5701 5706 5703
5704 5706 5701
5707 5703 5706
5705 5708 5704
5704 5708 5706
5705 5709 5708
5707 5706 5710
5710 5706 5708
5711 5707 5710
5712 5708 5709
5710 5708 5712
5712 5709 5713
5711 5710 5714
5714 5710 5712
5714 5715 5711
5714 5716 5715
5717 5712 5713
5714 5712 5717
5717 5716 5714
5717 5713 5718
5717 5719 5716
5718 5719 5717
5718 5720 5719
5721 5722 5723
5721 5724 5722
5725 5724 5721
5724 5726 5722
5725 5727 5724
5728 5727 5725
5724 5729 5726
5727 5729 5724
5730 5726 5729
5728 5731 5727
5732 5727 5731
5730 5729 5733
5733 5734 5730
5727 5735 5729
5732 5735 5727
5733 5729 5735
5736 5735 5732
5733 5735 5736
5736 5732 5737
5738 5736 5737
5733 5739 5734
5736 5739 5733
5740 5734 5739
5738 5741 5736
5736 5741 5739
5740 5739 5742
5742 5739 5741
5742 5743 5740
5744 5741 5738
5742 5741 5744
5744 5738 5745
5746 5744 5745
5742 5747 5743
5744 5747 5742
5748 5743 5747
5746 5749 5744
5744 5749 5747
5748 5747 5750
5750 5747 5749
5750 5751 5748
5750 5752 5751
5753 5749 5746
5750 5749 5753
5753 5752 5750
5753 5746 5754
5753 5755 5752
5756 5753 5754
5756 5755 5753
5756 5757 5758
5756 5758 5759
5758 5760 5759
5758 5757 5761
5758 5762 5760
5762 5763 5760
5762 5764 5763
5758 5761 5765
5762 5758 5765
5764 5762 5766
5762 5765 5766
5764 5766 5767
5761 5768 5765
5768 5766 5765
5761 5769 5768
5768 5769 5770
5771 5767 5766
5768 5771 5766
5771 5772 5767
5768 5770 5773
5771 5768 5773
5772 5771 5774
5771 5773 5774
5772 5774 5775
5770 5776 5773
5776 5774 5773
5770 5777 5776
5776 5777 5778
5779 5775 5774
5776 5779 5774
5779 5780 5775
5776 5778 5781
5779 5776 5781
5780 5779 5782
5779 5781 5782
5780 5782 5783
5778 5784 5781
5784 5782 5781
5778 5785 5784
5728 5784 5785
5728 5786 5784
5787 5783 5782
5784 5787 5782
5786 5787 5784
5787 5788 5783
5786 5789 5787
5789 5788 5787
5789 5790 5788
5791 5792 5793
5791 5794 5792
5794 5791 5795
5794 5795 5796
5796 5795 5797
5796 5797 5798
5799 5798 5797
5799 5800 5798
5801 5800 5799
5801 5799 5802
5803 5801 5802
5803 5804 5801
5805 5804 5803
5805 5806 5804
5806 5805 5807
5806 5807 5808
5809 5810 5811
5809 5812 5810
5812 5809 5813
5812 5813 5814
5815 5814 5813
5815 5816 5814
5816 5815 5817
5816 5817 5818
5819 5818 5817
5819 5820 5818
5821 5820 5819
5821 5819 5822
5823 5821 5822
5823 5824 5821
5825 5824 5823
5825 5826 5824
5827 5828 5829
5827 5830 5828
5830 5827 5831
5830 5832 5828
5830 5831 5833
5833 5831 5834
5830 5835 5832
5835 5830 5833
5835 5836 5832
5835 5837 5836
5837 5835 5838
5835 5833 5838
5837 5838 5839
5833 5834 5840
5838 5833 5840
5839 5838 5841
5838 5840 5841
5839 5841 5842
5834 5843 5840
5843 5841 5840
5834 5844 5843
5843 5844 5845
5846 5842 5841
5843 5846 5841
5846 5847 5842
5843 5845 5848
5846 5843 5848
5849 5848 5845
5847 5846 5850
5846 5848 5850
5847 5850 5851
5849 5852 5848
5852 5850 5848
5853 5852 5849
5854 5851 5850
5852 5854 5850
5854 5855 5851
5853 5856 5852
5856 5854 5852
5856 5853 5857
5856 5857 5858
5859 5855 5854
5856 5859 5854
5859 5856 5858
5859 5860 5855
5859 5858 5861
5860 5859 5861
5860 5861 5862
5863 5864 5865
5863 5866 5864
5867 5866 5863
5867 5868 5866
5864 5866 5869
5868 5869 5866
5864 5869 5870
5870 5871 5864
5870 5869 5872
5872 5873 5870
5870 5873 5871
5869 5874 5872
5868 5874 5869
5875 5874 5868
5875 5876 5874
5876 5872 5874
5876 5875 5877
5871 5873 5878
5871 5878 5879
5872 5880 5873
5880 5878 5873
5879 5878 5881
5880 5882 5878
5881 5878 5882
5879 5881 5883
5884 5879 5883
5884 5883 5885
5886 5885 5883
5886 5883 5887
5883 5881 5888
5883 5888 5887
5888 5881 5882
5888 5889 5887
5888 5890 5889
5891 5889 5890
5888 5882 5892
5888 5892 5890
5890 5892 5893
5894 5892 5882
5893 5892 5894
5891 5890 5895
5890 5893 5895
5894 5882 5896
5880 5896 5882
5880 5897 5896
5872 5897 5880
5898 5891 5895
5899 5891 5898
5899 5900 5891
5901 5899 5898
5901 5898 5902
5898 5895 5903
5903 5895 5893
5898 5904 5902
5898 5903 5904
5904 5903 5893
5904 5905 5902
5904 5906 5905
5907 5905 5906
5908 5904 5893
5908 5906 5904
5909 5908 5893
5893 5894 5909
5907 5906 5910
5911 5907 5910
5911 5912 5907
5913 5912 5911
5906 5914 5910
5906 5908 5914
5914 5911 5910
5894 5915 5909
5909 5916 5908
5915 5916 5909
5908 5917 5914
5908 5916 5917
5914 5918 5911
5914 5917 5918
5913 5911 5919
5919 5911 5918
5913 5919 5920
5913 5920 5921
5922 5921 5920
5894 5923 5915
5923 5894 5896
5919 5918 5924
5920 5919 5924
5915 5925 5916
5916 5926 5917
5916 5925 5926
5918 5917 5927
5917 5926 5927
5928 5925 5915
5928 5915 5923
5918 5927 5929
5918 5929 5924
5926 5930 5927
5929 5927 5930
5925 5931 5926
5925 5928 5931
5926 5931 5930
5923 5896 5932
5933 5932 5896
5933 5896 5897
5933 5897 5934
5872 5934 5897
5872 5935 5934
5933 5934 5936
5935 5936 5934
5872 5937 5935
5935 5937 5938
5876 5937 5872
5938 5937 5876
5938 5876 5939
5876 5877 5939
5940 5939 5877
5940 5938 5939
5940 5877 5941
5940 5942 5938
5938 5942 5943
5942 5944 5943
5943 5944 5945
5935 5938 5946
5938 5943 5946
5946 5943 5947
5946 5947 5948
5948 5935 5946
5943 5945 5949
5949 5947 5943
5945 5950 5949
5950 5951 5949
5949 5951 5947
5950 5952 5951
5953 5951 5952
5947 5951 5953
5953 5952 5954
5948 5955 5935
5935 5955 5936
5955 5956 5936
5933 5936 5956
5955 5948 5957
5955 5957 5956
5948 5958 5957
5948 5947 5958
5954 5959 5953
5954 5960 5959
5961 5959 5960
5961 5960 5962
5961 5963 5959
5953 5959 5963
5961 5964 5963
5963 5964 5965
5947 5953 5966
5953 5963 5966
5963 5965 5967
5967 5966 5963
5965 5968 5967
5965 5969 5968
5968 5969 5970
5947 5966 5971
5967 5971 5966
5971 5967 5968
5947 5971 5958
5958 5971 5968
5968 5970 5972
5972 5970 5973
5958 5968 5974
5958 5974 5957
5974 5956 5957
5972 5973 5975
5975 5973 5976
5975 5976 5977
5968 5972 5978
5975 5978 5972
5968 5978 5974
5977 5979 5975
5975 5979 5978
5977 5980 5979
5981 5979 5980
5982 5974 5978
5979 5982 5978
5981 5983 5979
5979 5983 5982
5983 5981 5984
5974 5985 5956
5982 5985 5974
5986 5956 5985
5933 5956 5986
5932 5933 5986
5932 5986 5987
5985 5987 5986
5923 5932 5987
5982 5988 5985
5985 5988 5987
5923 5987 5989
5988 5989 5987
5928 5923 5989
5983 5990 5982
5982 5990 5988
5983 5984 5991
5983 5991 5990
5992 5928 5989
5988 5992 5989
5988 5990 5993
5991 5993 5990
5988 5993 5992
5994 5991 5984
5994 5984 5995
5994 5995 5996
5991 5997 5993
5997 5992 5993
5991 5994 5997
5992 5998 5928
5998 5931 5928
5994 5996 5999
5999 5996 6000
5992 6001 5998
5997 6001 5992
5931 5998 6002
6001 6002 5998
5931 6002 5930
6003 5997 5994
6003 5994 5999
5997 6004 6001
6001 6004 6002
5997 6003 6004
5999 6000 6005
6006 6005 6000
5999 6007 6003
5999 6005 6007
6007 6004 6003
6006 6008 6005
6008 6007 6005
6008 6006 6009
6008 6009 6010
6010 6011 6008
6008 6011 6007
6010 6012 6011
6004 6013 6002
6013 5930 6002
6007 6014 6004
6014 6007 6011
6004 6014 6013
6011 6012 6015
6015 6012 6016
6016 6017 6015
6014 6011 6018
6015 6018 6011
6017 6019 6015
6018 6015 6019
6017 6020 6019
6021 6014 6018
6014 6021 6013
6013 6022 5930
5929 5930 6022
6023 6022 6013
5929 6022 6023
6023 6013 6021
6024 6023 6021
6025 6021 6018
6025 6018 6019
6024 6021 6025
5929 6023 6026
6026 6023 6024
6026 5924 5929
6019 6027 6025
6024 6025 6027
6020 6028 6019
6019 6028 6027
6028 6020 6029
6029 6020 6030
6028 6031 6027
6029 6031 6028
6026 6032 5924
6033 6032 6026
5920 5924 6032
5920 6032 6033
6034 6024 6027
6027 6031 6034
6026 6024 6035
6033 6026 6035
6035 6036 6033
6037 6033 6036
6037 6038 6033
5920 6033 6039
6038 6039 6033
5922 5920 6039
6024 6040 6035
6024 6034 6040
6040 6036 6035
6034 6031 6041
6041 6040 6034
5922 6039 6042
6042 6043 5922
6042 6044 6043
6042 6039 6045
6045 6044 6042
6038 6045 6039
6045 6046 6044
6038 6047 6045
6037 6047 6038
6037 6048 6047
6049 6041 6031
6049 6031 6029
6048 6037 6050
6051 6048 6050
6051 6050 6052
6050 6053 6052
6050 6054 6053
6050 6037 6054
6037 6055 6054
6037 6056 6055
6056 6037 6036
6056 6057 6055
6058 6056 6036
6056 6058 6057
6059 6049 6029
6059 6029 6060
6060 6029 6030
6061 6060 6030
6059 6060 6061
6061 6030 6062
6059 6061 6063
6064 6059 6063
6049 6059 6064
6064 6063 6065
6049 6064 6066
6066 6041 6049
6064 6067 6066
6067 6041 6066
6068 6064 6065
6068 6067 6064
6069 6068 6065
6069 6065 6070
6068 6069 6071
6068 6071 6072
6068 6072 6067
6072 6071 6073
6067 6074 6041
6041 6074 6040
6040 6074 6036
6075 6067 6072
6075 6074 6067
6072 6073 6076
6075 6072 6076
6076 6073 6077
6036 6074 6078
6078 6074 6075
6058 6036 6078
6076 6077 6079
6079 6075 6076
6080 6079 6077
6080 6081 6079
6078 6075 6082
6079 6082 6075
6082 6079 6081
6078 6082 6058
6082 6081 6083
6084 6082 6083
6084 6058 6082
6058 6084 6085
6085 6057 6058
6084 6086 6085
6086 6057 6085
6084 6087 6086
6086 6088 6057
6089 6090 6091
6089 6091 6092
6092 6091 6093
6092 6093 6094
6095 6094 6093
6095 6093 6096
6097 6095 6096
6097 6096 6098
6099 6097 6098
6099 6098 6100
6099 6100 6101
6095 6097 6102
6102 6097 6099
6103 6094 6095
6095 6102 6103
6092 6094 6104
6103 6104 6094
6099 6101 6105
6106 6105 6101
6102 6099 6107
6107 6099 6105
6108 6102 6107
6109 6103 6102
6108 6109 6102
6109 6110 6103
6104 6103 6110
6092 6104 6111
6111 6089 6092
6106 6112 6105
6113 6105 6112
6089 6113 6112
6114 6112 6106
6114 6089 6112
6107 6105 6115
6108 6107 6115
6113 6115 6105
6116 6109 6108
6110 6109 6116
6111 6104 6117
6104 6110 6117
6111 6118 6089
6089 6118 6113
6119 6118 6111
6111 6117 6119
6108 6115 6120
6113 6120 6115
6121 6113 6118
6119 6121 6118
6113 6122 6120
6121 6122 6113
6108 6120 6123
6123 6120 6122
6119 6124 6121
6124 6122 6121
6125 6119 6117
6119 6125 6124
6126 6117 6110
6125 6117 6126
6108 6123 6127
6116 6108 6127
6123 6122 6128
6124 6128 6122
6129 6127 6123
6129 6123 6128
6130 6128 6124
6129 6128 6130
6125 6131 6124
6130 6124 6131
6129 6132 6127
6132 6116 6127
6110 6116 6133
6126 6110 6133
6134 6133 6116
6132 6134 6116
6135 6134 6132
6134 6136 6133
6126 6133 6136
6135 6136 6134
6126 6137 6125
6125 6137 6131
6138 6132 6129
6130 6138 6129
6135 6132 6139
6138 6139 6132
6126 6136 6140
6126 6140 6137
6136 6141 6140
6141 6137 6140
6142 6131 6137
6141 6142 6137
6143 6130 6131
6142 6143 6131
6135 6144 6136
6136 6144 6141
6135 6145 6144
6141 6144 6145
6135 6139 6146
6138 6146 6139
6130 6147 6138
6143 6147 6130
6141 6148 6142
6143 6142 6148
6149 6138 6147
6138 6149 6146
6150 6147 6143
6149 6147 6150
6151 6146 6149
6151 6149 6152
6152 6149 6150
6146 6151 6153
6135 6146 6154
6146 6153 6154
6135 6154 6145
6145 6154 6153
6141 6155 6148
6141 6145 6155
6145 6156 6155
6148 6155 6156
6143 6148 6157
6150 6143 6157
6145 6153 6158
6145 6158 6156
6159 6157 6148
6148 6156 6159
6160 6150 6157
6159 6160 6157
6158 6153 6161
6158 6161 6162
6163 6162 6161
6162 6164 6158
6158 6164 6156
6160 6165 6150
6152 6150 6165
6163 6166 6162
6164 6162 6166
6167 6159 6156
6164 6168 6156
6168 6167 6156
6168 6169 6167
6170 6159 6167
6170 6160 6159
6169 6170 6167
6164 6166 6171
6171 6168 6164
6166 6163 6172
6172 6171 6166
6168 6173 6169
6171 6173 6168
6171 6174 6173
6174 6169 6173
6163 6175 6172
6176 6175 6163
6172 6177 6171
6171 6177 6174
6178 6174 6177
6172 6179 6177
6172 6175 6179
6178 6177 6179
6180 6179 6175
6180 6175 6181
6180 6182 6179
6182 6178 6179
6180 6181 6183
6182 6184 6178
6181 6185 6183
6186 6178 6184
6187 6174 6178
6174 6187 6169
6186 6188 6178
6187 6178 6188
6189 6169 6187
6189 6187 6188
6190 6188 6186
6189 6188 6190
6190 6186 6191
6189 6192 6169
6169 6192 6170
6191 6193 6190
6193 6191 6194
6190 6195 6189
6189 6195 6192
6190 6193 6195
6196 6170 6192
6196 6192 6195
6196 6195 6193
6170 6196 6160
6194 6197 6193
6196 6193 6197
6197 6160 6196
6194 6198 6197
6197 6198 6199
6197 6165 6160
6197 6199 6165
6200 6165 6199
6201 6165 6200
6165 6201 6152
6202 6152 6201
6152 6202 6151
6151 6202 6203
6203 6204 6151
6185 6151 6204
6185 6205 6151
6181 6205 6185
6151 6205 6206
6206 6205 6181
6151 6206 6153
6206 6181 6207
6208 6209 6210
6208 6210 6211
6212 6208 6211
6212 6211 6213
6213 6214 6212
6210 6215 6211
6213 6211 6215
6213 6216 6214
6216 6217 6214
6216 6218 6217
6213 6219 6216
6213 6215 6220
6213 6220 6219
6216 6221 6218
6216 6219 6221
6222 6220 6215
6223 6219 6220
6222 6223 6220
6223 6224 6219
6219 6225 6221
6219 6224 6225
6226 6223 6222
6226 6224 6223
6221 6225 6227
6228 6225 6224
6228 6227 6225
6229 6218 6221
6221 6227 6229
6226 6230 6224
6228 6224 6230
6231 6222 6215
6231 6215 6232
6210 6232 6215
6210 6233 6232
6231 6232 6233
6210 6234 6233
6234 6210 6235
6234 6235 6236
6237 6234 6236
6237 6236 6238
6239 6233 6234
6239 6234 6237
6240 6237 6238
6240 6238 6241
6218 6240 6241
6218 6241 6242
6229 6240 6218
6229 6237 6240
6229 6239 6237
6239 6229 6227
6243 6233 6239
6231 6233 6243
6239 6227 6244
6243 6239 6244
6245 6231 6243
6244 6245 6243
6244 6227 6246
6228 6246 6227
6244 6246 6247
6244 6247 6245
6228 6248 6246
6247 6246 6248
6245 6249 6231
6249 6222 6231
6228 6250 6248
6230 6250 6228
6249 6251 6222
6226 6222 6251
6252 6230 6226
6230 6252 6250
6253 6226 6251
6252 6226 6253
6249 6254 6251
6253 6251 6254
6255 6249 6245
6249 6255 6254
6256 6245 6247
6255 6245 6256
6247 6248 6257
6256 6247 6257
6252 6258 6250
6259 6252 6253
6252 6259 6258
6260 6253 6254
6259 6253 6260
6255 6261 6254
6260 6254 6261
6262 6260 6261
6255 6263 6261
6263 6255 6256
6263 6262 6261
6250 6264 6248
6250 6258 6264
6248 6265 6257
6248 6264 6265
6264 6266 6265
6267 6256 6257
6267 6257 6265
6263 6256 6267
6266 6267 6265
6258 6268 6264
6264 6268 6266
6269 6263 6267
6263 6269 6262
6262 6270 6260
6270 6259 6260
6259 6271 6258
6258 6271 6268
6259 6272 6271
6270 6272 6259
6268 6271 6273
6272 6273 6271
6270 6274 6272
6272 6274 6273
6270 6275 6274
6275 6270 6262
6266 6268 6276
6268 6273 6276
6277 6273 6274
6275 6277 6274
6278 6276 6273
6277 6278 6273
6278 6277 6279
6275 6280 6277
6280 6279 6277
6280 6281 6279
6275 6282 6280
6281 6280 6282
6275 6262 6283
6275 6283 6282
6284 6283 6262
6284 6262 6269
6285 6282 6283
6285 6283 6284
6278 6286 6276
6278 6279 6287
6287 6286 6278
6286 6288 6276
6266 6276 6288
6269 6289 6284
6289 6266 6288
6284 6290 6285
6284 6289 6290
6290 6289 6288
6285 6290 6291
6269 6292 6289
6289 6292 6266
6269 6267 6292
6266 6292 6267
6290 6288 6293
6286 6293 6288
6291 6290 6293
6285 6291 6294
6295 6294 6291
6296 6293 6286
6291 6293 6296
6296 6286 6297
6287 6297 6286
6291 6296 6298
6297 6298 6296
6295 6291 6299
6291 6298 6299
6297 6287 6300
6297 6301 6298
6297 6300 6301
6302 6300 6287
6302 6287 6279
6303 6300 6302
6301 6300 6304
6303 6302 6305
6305 6306 6303
6307 6302 6279
6279 6308 6307
6307 6309 6302
6305 6302 6309
6305 6309 6310
6310 6311 6305
6305 6311 6306
6281 6308 6279
6281 6312 6308
6281 6313 6312
6281 6314 6313
6315 6306 6311
6281 6316 6314
6317 6314 6316
6281 6282 6316
6318 6317 6316
6319 6316 6282
6319 6282 6285
6318 6316 6320
6320 6316 6319
6321 6318 6320
6320 6319 6295
6321 6320 6322
6295 6322 6320
6295 6323 6322
6324 6321 6322
6323 6324 6322
6324 6325 6321
6326 6324 6323
6325 6324 6327
6327 6324 6326
6327 6328 6325
6329 6328 6327
6330 6329 6327
6329 6331 6328
6329 6332 6331
6329 6315 6332
6330 6315 6329
6332 6315 6333
6327 6326 6334
6330 6327 6334
6335 6334 6326
6335 6330 6334
6330 6336 6315
6336 6306 6315
6336 6337 6306
6304 6306 6337
6330 6338 6336
6337 6336 6338
6304 6337 6339
6337 6338 6339
6340 6304 6339
6338 6340 6339
6301 6304 6340
6301 6340 6341
6341 6340 6338
6301 6341 6298
6330 6342 6338
6335 6342 6330
6341 6338 6342
6335 6341 6342
6298 6341 6343
6335 6343 6341
6298 6343 6299
6344 6343 6335
6335 6326 6344
6326 6345 6344
6344 6345 6343
6345 6299 6343
6345 6295 6299
6346 6347 6348
6346 6348 6349
6348 6350 6349
6348 6351 6350
6352 6350 6351
6352 6351 6353
6354 6352 6353
6354 6355 6352
6349 6356 6346
6357 6349 6350
6349 6357 6356
6358 6350 6352
6357 6350 6358
6357 6358 6359
6358 6352 6360
6360 6352 6355
6360 6359 6358
6361 6346 6356
6362 6346 6361
6362 6361 6363
6364 6363 6361
6365 6364 6361
6364 6366 6363
6367 6366 6364
6367 6364 6365
6367 6368 6366
6368 6367 6355
6368 6355 6369
6355 6367 6370
6367 6365 6370
6355 6370 6371
6360 6355 6371
6371 6370 6372
6365 6372 6370
6360 6371 6373
6371 6372 6373
6365 6361 6374
6375 6365 6374
6361 6356 6374
6375 6374 6356
6360 6373 6376
6360 6376 6359
6365 6377 6372
6375 6377 6365
6372 6377 6378
6375 6378 6377
6375 6356 6379
6379 6356 6357
6380 6373 6372
6372 6378 6380
6381 6376 6373
6381 6359 6376
6379 6357 6382
6357 6359 6382
6379 6382 6383
6359 6383 6382
6375 6379 6384
6379 6383 6384
6375 6385 6378
6375 6384 6385
6378 6385 6386
6386 6385 6384
6387 6380 6378
6378 6386 6387
6380 6388 6373
6381 6373 6388
6380 6389 6388
6389 6381 6388
6381 6390 6359
6359 6390 6383
6383 6391 6384
6386 6384 6391
6387 6392 6380
6380 6392 6389
6393 6392 6387
6386 6393 6387
6394 6390 6381
6389 6394 6381
6390 6395 6383
6383 6395 6391
6389 6392 6396
6393 6396 6392
6396 6393 6397
6386 6398 6393
6397 6393 6398
6390 6399 6395
6394 6399 6390
6386 6391 6400
6386 6400 6398
6401 6391 6395
6399 6401 6395
6401 6400 6391
6394 6389 6402
6389 6396 6402
6396 6403 6402
6404 6399 6394
6399 6404 6401
6394 6402 6405
6404 6394 6405
6403 6405 6402
6406 6401 6404
6406 6404 6405
6400 6401 6407
6406 6407 6401
6408 6398 6400
6400 6407 6408
6396 6409 6403
6396 6397 6409
6403 6409 6410
6410 6409 6397
6403 6410 6411
6410 6412 6411
6403 6413 6405
6406 6405 6413
6414 6403 6411
6414 6413 6403
6414 6411 6412
6415 6407 6406
6408 6407 6415
6416 6406 6413
6416 6413 6414
6415 6406 6416
6417 6415 6416
6408 6415 6418
6417 6418 6415
6419 6416 6414
6417 6416 6419
6420 6417 6419
6419 6414 6421
6414 6412 6421
6421 6420 6419
6422 6408 6418
6408 6422 6398
6397 6398 6422
6422 6418 6423
6397 6422 6423
6424 6423 6418
6417 6424 6418
6412 6425 6421
6421 6425 6420
6397 6423 6426
6410 6397 6426
6423 6427 6426
6426 6427 6428
6428 6410 6426
6423 6429 6427
6428 6430 6410
6431 6429 6423
6410 6430 6432
6423 6433 6431
6410 6432 6434
6423 6435 6433
6424 6435 6423
6435 6436 6433
6410 6434 6437
6410 6437 6412
6438 6437 6434
6412 6437 6438
6438 6434 6439
6439 6440 6438
6412 6438 6441
6438 6442 6441
6440 6442 6438
6443 6435 6424
6436 6435 6443
6443 6424 6444
6417 6444 6424
6443 6445 6436
6444 6445 6443
6445 6446 6436
6447 6446 6445
6448 6442 6440
6440 6449 6448
6448 6449 6450
6447 6451 6450
6448 6450 6451
6452 6447 6445
6447 6452 6451
6453 6442 6448
6453 6448 6451
6452 6445 6454
6454 6445 6444
6451 6452 6455
6452 6454 6455
6451 6455 6456
6453 6451 6456
6454 6457 6455
6457 6456 6455
6454 6444 6458
6454 6458 6457
6458 6444 6459
6459 6457 6458
6417 6459 6444
6420 6459 6417
6420 6457 6459
6457 6460 6456
6457 6420 6460
6456 6460 6461
6420 6461 6460
6456 6461 6453
6420 6425 6461
6462 6453 6461
6425 6462 6461
6462 6463 6453
6453 6463 6442
6464 6442 6463
6464 6463 6462
6425 6464 6462
6412 6464 6425
6465 6466 6467
6466 6468 6467
6469 6468 6466
6470 6468 6469
6470 6471 6468
6470 6472 6471
6470 6473 6472
6474 6472 6473
6474 6473 6475
6474 6475 6476
6477 6478 6479
6480 6478 6477
6480 6481 6478
6481 6480 6482
6481 6482 6483
6484 6483 6482
6484 6482 6485
6486 6484 6485
6486 6487 6484
6488 6487 6486
6489 6490 6491
6492 6491 6490
6493 6491 6492
6490 6494 6492
6495 6493 6492
6495 6496 6493
6495 6497 6496
6495 6498 6497
6492 6494 6499
6492 6499 6495
6495 6500 6498
6500 6501 6498
6500 6502 6501
6500 6503 6502
6504 6502 6503
6503 6505 6504
6503 6506 6505
6506 6507 6505
6507 6506 6508
6507 6508 6509
6509 6508 6510
6509 6510 6511
6512 6503 6500
6506 6503 6513
6512 6513 6503
6508 6506 6514
6506 6513 6514
6510 6508 6515
6514 6515 6508
6512 6500 6516
6516 6500 6495
6511 6510 6517
6518 6510 6515
6518 6517 6510
6514 6519 6515
6515 6519 6518
6514 6513 6520
6514 6520 6519
6512 6521 6513
6520 6513 6521
6522 6511 6517
6522 6523 6511
6522 6524 6523
6525 6517 6518
6517 6525 6522
6519 6526 6518
6520 6526 6519
6526 6525 6518
6522 6527 6524
6525 6527 6522
6528 6524 6527
6528 6529 6524
6529 6528 6530
6531 6527 6525
6531 6528 6527
6525 6526 6531
6530 6528 6532
6531 6532 6528
6533 6530 6532
6531 6533 6532
6526 6533 6531
6533 6494 6530
6520 6534 6526
6534 6533 6526
6494 6533 6535
6534 6535 6533
6494 6535 6499
6534 6520 6536
6520 6521 6536
6535 6534 6537
6534 6536 6537
6538 6499 6535
6535 6537 6538
6538 6539 6499
6539 6495 6499
6540 6536 6521
6537 6536 6540
6537 6541 6538
6539 6538 6541
6539 6542 6495
6516 6495 6542
6537 6540 6543
6537 6543 6541
6542 6539 6544
6539 6541 6544
6540 6521 6545
6546 6543 6540
6545 6546 6540
6547 6541 6543
6546 6547 6543
6547 6548 6541
6548 6544 6541
6521 6549 6545
6521 6512 6549
6516 6549 6512
6542 6550 6516
6516 6550 6549
6542 6544 6551
6542 6551 6550
6552 6551 6544
6548 6552 6544
6550 6551 6553
6552 6553 6551
6549 6550 6554
6550 6553 6554
6545 6549 6555
6549 6554 6555
6556 6554 6553
6555 6554 6556
6557 6553 6552
6556 6553 6557
6557 6552 6558
6548 6559 6552
6560 6557 6558
6548 6561 6559
6560 6559 6561
6545 6555 6562
6545 6562 6546
6563 6561 6548
6563 6548 6547
6546 6563 6547
6564 6546 6562
6546 6564 6563
6565 6562 6555
6564 6562 6565
6566 6561 6563
6564 6566 6563
6565 6555 6567
6555 6556 6567
6568 6564 6565
6567 6568 6565
6567 6556 6569
6569 6556 6557
6566 6570 6561
6560 6561 6570
6564 6571 6566
6568 6571 6564
6570 6566 6572
6571 6572 6566
6567 6573 6568
6567 6569 6573
6574 6571 6568
6571 6574 6572
6560 6575 6557
6569 6557 6575
6576 6560 6570
6570 6572 6576
6577 6575 6560
6576 6577 6560
6569 6575 6578
6577 6578 6575
6572 6579 6576
6577 6576 6579
6573 6580 6568
6574 6568 6580
6581 6573 6569
6569 6578 6581
6582 6572 6574
6572 6582 6579
6581 6583 6573
6573 6583 6580
6584 6581 6578
6583 6581 6584
6585 6578 6577
6584 6578 6585
6586 6574 6580
6582 6574 6586
6587 6580 6583
6586 6580 6587
6577 6579 6588
6585 6577 6588
6579 6589 6588
6579 6590 6589
6582 6591 6579
6582 6592 6591
6593 6585 6588
6593 6594 6585
6595 6585 6594
6596 6592 6582
6596 6582 6586
6596 6586 6587
6595 6584 6585
6596 6587 6597
6584 6595 6598
6597 6587 6599
6597 6599 6598
6584 6598 6599
6587 6583 6599
6583 6584 6599
6600 6601 6602
6603 6600 6602
6604 6600 6603
6604 6603 6605
6603 6606 6605
6606 6607 6605
6607 6608 6605
6609 6608 6607
6609 6610 6608
6611 6610 6609
6612 6613 6614
6615 6613 6612
6616 6613 6615
6616 6615 6617
6617 6618 6616
6617 6619 6618
6620 6618 6619
6621 6617 6615
6621 6615 6612
6621 6622 6617
6619 6617 6622
6621 6612 6623
6624 6620 6619
6624 6625 6620
6626 6625 6624
6626 6624 6627
6624 6628 6627
6626 6627 6629
6630 6624 6619
6624 6630 6628
6631 6629 6627
6631 6632 6629
6632 6631 6633
6632 6633 6634
6627 6635 6631
6635 6633 6631
6636 6627 6628
6627 6636 6635
6636 6628 6637
6635 6638 6633
6639 6633 6638
6640 6634 6633
6639 6640 6633
6641 6634 6640
6642 6640 6639
6642 6639 6643
6644 6640 6642
6640 6644 6645
6646 6644 6642
6646 6642 6647
6647 6642 6643
6648 6646 6647
6647 6643 6649
6648 6647 6650
6650 6647 6649
6650 6612 6648
6648 6612 6651
6652 6612 6650
6650 6649 6652
6623 6612 6652
6649 6643 6653
6653 6643 6654
6655 6652 6649
6655 6623 6652
6653 6654 6656
6656 6654 6657
6655 6649 6658
6649 6653 6658
6659 6658 6653
6655 6658 6659
6656 6660 6653
6659 6653 6660
6656 6657 6661
6661 6660 6656
6657 6662 6661
6660 6661 6662
6657 6635 6662
6663 6662 6635
6660 6664 6659
6660 6662 6664
6655 6659 6665
6664 6665 6659
6663 6666 6662
6666 6663 6637
6667 6664 6662
6667 6662 6666
6655 6665 6668
6655 6668 6623
6669 6623 6668
6668 6665 6669
6669 6670 6623
6669 6622 6670
6665 6664 6671
6665 6671 6669
6667 6671 6664
6669 6671 6622
6672 6622 6671
6667 6672 6671
6672 6673 6622
6619 6622 6673
6667 6674 6672
6673 6672 6674
6675 6667 6666
6667 6675 6674
6676 6619 6673
6630 6619 6676
6675 6666 6677
6666 6637 6677
6673 6674 6678
6676 6673 6678
6674 6679 6678
6676 6678 6679
6630 6676 6680
6676 6679 6680
6675 6681 6674
6674 6681 6679
6677 6637 6682
6628 6682 6637
6683 6628 6630
6630 6680 6683
6677 6684 6675
6675 6684 6681
6677 6682 6685
6677 6685 6684
6683 6686 6628
6628 6686 6682
6683 6687 6686
6682 6686 6687
6688 6683 6680
6683 6688 6687
6689 6680 6679
6688 6680 6689
6690 6679 6681
6689 6679 6690
6691 6685 6682
6682 6687 6691
6690 6681 6692
6684 6692 6681
6693 6684 6685
6691 6693 6685
6692 6694 6690
6689 6690 6695
6696 6688 6689
6687 6688 6696
6689 6695 6697
6696 6689 6697
6695 6698 6697
6696 6697 6698
6695 6699 6698
6693 6700 6684
6684 6700 6692
6693 6701 6700
6701 6692 6700
6692 6702 6694
6702 6699 6694
6701 6702 6692
6693 6703 6701
6704 6701 6703
6703 6693 6691
6703 6691 6705
6705 6704 6703
6705 6706 6704
6707 6702 6701
6702 6707 6699
6708 6704 6706
6708 6709 6704
6710 6704 6709
6704 6711 6701
6710 6711 6704
6707 6701 6711
6707 6711 6710
6707 6710 6712
6699 6707 6712
6699 6712 6713
6698 6699 6713
6698 6713 6714
6698 6714 6715
6698 6715 6716
6696 6698 6716
6715 6717 6716
6715 6718 6717
6717 6718 6719
6717 6719 6706
6720 6696 6716
6720 6716 6717
6706 6720 6717
6687 6696 6720
6706 6721 6720
6687 6720 6721
6687 6721 6691
6722 6723 6724
6725 6724 6723
6725 6723 6726
6725 6726 6727
6725 6727 6728
6728 6727 6729
6730 6731 6732
6731 6733 6732
6731 6734 6733
6735 6733 6734
6735 6734 6736
6735 6736 6737
6735 6737 6738
6738 6737 6739
6738 6739 6740
6740 6739 6741
6742 6743 6744
6742 6744 6745
6746 6742 6745
6746 6745 6747
6744 6748 6745
6747 6745 6748
6744 6749 6748
6749 6744 6750
6749 6751 6748
6751 6749 6752
6749 6750 6752
6748 6751 6753
6747 6748 6753
6754 6747 6753
6754 6753 6755
6755 6753 6751
6755 6756 6754
6750 6757 6752
6750 6758 6757
6751 6752 6759
6759 6752 6757
6758 6760 6757
6759 6757 6761
6760 6761 6757
6758 6762 6760
6763 6762 6758
6763 6764 6762
6765 6762 6764
6765 6766 6762
6762 6767 6760
6762 6766 6767
6767 6761 6760
6767 6766 6768
6767 6768 6769
6770 6769 6768
6767 6771 6761
6767 6769 6771
6769 6772 6771
6773 6761 6771
6772 6773 6771
6770 6774 6769
6769 6774 6772
6773 6775 6761
6759 6761 6775
6759 6775 6776
6751 6759 6776
6777 6774 6770
6778 6777 6770
6778 6770 6779
6780 6777 6778
6780 6781 6777
6777 6782 6774
6782 6772 6774
6777 6781 6783
6777 6783 6782
6783 6772 6782
6783 6781 6784
6783 6784 6785
6786 6785 6784
6787 6772 6783
6787 6783 6785
6788 6772 6787
6772 6788 6773
6786 6789 6785
6790 6789 6786
6790 6786 6791
6792 6790 6791
6785 6789 6793
6785 6793 6787
6793 6789 6790
6788 6787 6794
6773 6788 6795
6795 6788 6794
6787 6793 6796
6787 6796 6794
6793 6790 6797
6793 6797 6796
6792 6798 6790
6798 6797 6790
6792 6799 6798
6792 6800 6799
6801 6799 6800
6773 6795 6802
6802 6775 6773
6798 6803 6797
6799 6803 6798
6795 6794 6804
6794 6796 6805
6794 6805 6804
6797 6806 6796
6796 6806 6805
6807 6795 6804
6807 6802 6795
6797 6808 6806
6797 6803 6808
6805 6806 6809
6808 6809 6806
6804 6805 6810
6804 6810 6807
6805 6809 6810
6799 6811 6803
6799 6812 6811
6813 6803 6811
6813 6808 6803
6812 6813 6811
6799 6814 6812
6801 6814 6799
6801 6815 6814
6815 6801 6816
6815 6816 6817
6818 6815 6817
6815 6818 6814
6818 6817 6819
6820 6814 6818
6820 6812 6814
6820 6818 6821
6822 6820 6821
6822 6812 6820
6822 6823 6812
6822 6821 6824
6812 6825 6813
6825 6812 6823
6813 6825 6826
6824 6827 6822
6828 6827 6824
6828 6829 6827
6827 6829 6830
6827 6830 6831
6827 6831 6822
6822 6831 6832
6822 6832 6833
6833 6823 6822
6833 6832 6834
6813 6826 6835
6808 6813 6835
6826 6825 6836
6836 6825 6823
6833 6834 6837
6837 6823 6833
6808 6835 6838
6808 6838 6809
6835 6839 6838
6839 6809 6838
6826 6840 6835
6835 6840 6839
6839 6841 6809
6810 6809 6841
6810 6841 6842
6842 6807 6810
6843 6841 6839
6844 6842 6841
6844 6841 6843
6845 6807 6842
6845 6842 6844
6846 6839 6840
6843 6839 6846
6845 6847 6807
6807 6847 6802
6848 6845 6844
6848 6844 6843
6802 6847 6849
6850 6847 6845
6850 6849 6847
6848 6851 6845
6850 6845 6851
6802 6849 6852
6802 6852 6775
6853 6775 6852
6853 6776 6775
6852 6849 6854
6852 6854 6853
6855 6854 6849
6855 6849 6850
6853 6856 6776
6751 6776 6856
6751 6856 6857
6853 6854 6858
6854 6855 6858
6853 6859 6856
6857 6856 6859
6853 6858 6859
6751 6857 6860
6857 6861 6860
6755 6751 6860
6861 6755 6860
6862 6859 6858
6857 6859 6862
6861 6863 6755
6755 6863 6756
6864 6756 6863
6864 6863 6861
6864 6865 6756
6864 6861 6866
6861 6867 6866
6866 6867 6868
6867 6869 6868
6857 6870 6861
6861 6870 6867
6870 6871 6867
6870 6872 6871
6872 6870 6857
6872 6857 6862
6867 6873 6869
6873 6867 6871
6869 6873 6874
6874 6873 6875
6873 6871 6875
6874 6875 6876
6877 6876 6875
6871 6877 6875
6877 6878 6876
6862 6879 6872
6862 6858 6879
6872 6879 6880
6872 6880 6871
6881 6879 6858
6880 6879 6881
6881 6858 6855
6880 6881 6882
6880 6882 6883
6871 6880 6883
6884 6881 6855
6884 6855 6850
6871 6883 6885
6871 6885 6877
6878 6877 6886
6878 6886 6887
6888 6885 6883
6883 6882 6888
6877 6885 6889
6877 6889 6886
6888 6889 6885
6890 6887 6886
6890 6886 6889
6890 6891 6887
6890 6889 6892
6889 6893 6892
6889 6888 6893
6893 6888 6882
6893 6882 6894
6882 6895 6894
6882 6896 6895
6896 6897 6895
6882 6898 6896
6882 6881 6898
6884 6898 6881
6896 6899 6897
6899 6896 6898
6899 6900 6897
6899 6901 6900
6899 6898 6902
6901 6899 6902
6902 6898 6884
6901 6902 6903
6904 6903 6902
6904 6902 6905
6902 6884 6905
6905 6906 6904
6905 6884 6907
6884 6850 6907
6850 6851 6907
6905 6907 6908
6908 6907 6851
6905 6908 6906
6908 6851 6848
6909 6906 6908
6908 6848 6909
6909 6910 6906
6909 6911 6910
6912 6909 6848
6848 6843 6912
6909 6913 6911
6912 6913 6909
6913 6914 6911
6915 6912 6843
6913 6912 6915
6915 6843 6846
6913 6916 6914
6913 6915 6916
6917 6914 6916
6917 6916 6918
6918 6916 6915
6918 6919 6917
6918 6920 6919
6918 6915 6921
6920 6918 6921
6846 6921 6915
6920 6921 6922
6846 6923 6921
6840 6923 6846
6921 6924 6922
6924 6921 6923
6924 6925 6922
6925 6924 6926
6926 6924 6927
6923 6927 6924
6926 6927 6928
6929 6923 6840
6929 6927 6923
6826 6929 6840
6927 6929 6930
6826 6930 6929
6928 6927 6931
6927 6930 6931
6932 6930 6826
6826 6836 6932
6931 6933 6928
6933 6934 6928
6931 6930 6935
6930 6932 6935
6933 6931 6935
6936 6932 6836
6932 6936 6935
6937 6933 6935
6937 6935 6936
6936 6836 6938
6836 6823 6938
6823 6939 6938
6837 6939 6823
6940 6934 6933
6941 6940 6933
6941 6933 6937
6942 6934 6940
6941 6942 6940
6942 6943 6934
6941 6944 6942
6945 6944 6941
6937 6945 6941
6945 6946 6944
6947 6937 6936
6937 6947 6945
6948 6947 6936
6945 6947 6948
6948 6936 6938
6939 6949 6938
6949 6948 6938
6950 6946 6945
6950 6945 6948
6951 6946 6950
6951 6952 6946
6950 6953 6951
6950 6948 6954
6950 6954 6953
6949 6954 6948
6954 6955 6953
6954 6956 6955
6949 6956 6954
6956 6957 6955
6956 6958 6957
6958 6956 6949
6959 6957 6958
6959 6958 6960
6958 6949 6961
6961 6960 6958
6939 6961 6949
6961 6962 6960
6939 6837 6961
6963 6962 6961
6963 6961 6837
6837 6964 6963
6964 6837 6834
6963 6964 6965
6965 6964 6834
6963 6965 6966
6965 6834 6967
6968 6969 6970
6968 6971 6969
6971 6972 6969
6971 6973 6972
6974 6972 6973
6974 6975 6972
6976 6975 6974
6976 6977 6975
6978 6977 6976
6978 6979 6977
6978 6980 6979
6974 6981 6976
6981 6978 6976
6982 6974 6973
6974 6982 6981
6971 6983 6973
6982 6973 6983
6978 6984 6980
6985 6980 6984
6981 6986 6978
6986 6984 6978
6987 6986 6981
6988 6981 6982
6987 6981 6988
6988 6982 6989
6983 6989 6982
6971 6990 6983
6990 6971 6968
6985 6984 6991
6992 6991 6984
6968 6991 6992
6993 6985 6991
6993 6991 6968
6986 6994 6984
6987 6994 6986
6992 6984 6994
6995 6987 6988
6989 6995 6988
6990 6996 6983
6983 6996 6989
6990 6968 6997
6968 6992 6997
6998 6990 6997
6990 6998 6996
6987 6999 6994
6992 6994 6999
7000 6997 6992
6998 6997 7000
6992 6999 7001
7000 6992 7001
6987 7002 6999
7002 7001 6999
6998 7000 7003
7003 7000 7001
7004 6996 6998
6998 7003 7004
7005 6989 6996
7004 7005 6996
6987 7006 7002
6995 7006 6987
7002 7007 7001
7003 7001 7007
7008 7002 7006
7008 7007 7002
7009 7003 7007
7008 7009 7007
7004 7003 7010
7009 7010 7003
7008 7006 7011
7011 7006 6995
6989 7012 6995
7005 7012 6989
7013 6995 7012
7011 6995 7013
7014 7011 7013
7013 7012 7015
7005 7015 7012
7014 7013 7015
7005 7004 7016
7004 7010 7016
7017 7008 7011
7009 7008 7017
7014 7018 7011
7017 7011 7018
7005 7019 7015
7005 7016 7019
7015 7019 7020
7020 7019 7016
7021 7016 7010
7020 7016 7021
7022 7010 7009
7021 7010 7022
7014 7015 7023
7015 7020 7023
7014 7023 7024
7020 7024 7023
7014 7025 7018
7017 7018 7025
7009 7017 7026
7022 7009 7026
7020 7021 7027
7022 7027 7021
7028 7026 7017
7017 7025 7028
7029 7022 7026
7028 7029 7026
7030 7028 7025
7030 7031 7028
7031 7029 7028
7025 7032 7030
7014 7033 7025
7025 7033 7032
7014 7024 7033
7024 7032 7033
7020 7027 7034
7020 7034 7024
7024 7034 7035
7027 7035 7034
7022 7036 7027
7029 7036 7022
7024 7037 7032
7024 7035 7037
7038 7027 7036
7027 7038 7035
7039 7036 7029
7038 7036 7039
7037 7040 7032
7037 7041 7040
7042 7040 7041
7041 7037 7043
7037 7035 7043
7039 7029 7044
7031 7044 7029
7042 7041 7045
7043 7045 7041
7046 7035 7038
7043 7035 7047
7047 7035 7046
7047 7046 7048
7049 7046 7038
7049 7038 7039
7048 7046 7049
7043 7050 7045
7050 7043 7047
7045 7051 7042
7051 7045 7050
7047 7048 7052
7050 7047 7052
7050 7052 7053
7053 7052 7048
7042 7051 7054
7055 7042 7054
7051 7050 7056
7050 7053 7056
7057 7056 7053
7051 7056 7058
7051 7058 7054
7057 7058 7056
7059 7054 7058
7059 7060 7054
7059 7058 7061
7061 7058 7057
7059 7062 7060
7061 7057 7063
7060 7062 7064
7065 7063 7057
7066 7057 7053
7053 7048 7066
7065 7057 7067
7066 7067 7057
7068 7066 7048
7068 7067 7066
7069 7065 7067
7068 7069 7067
7069 7070 7065
7068 7048 7071
7048 7049 7071
7070 7069 7072
7072 7073 7070
7069 7068 7074
7068 7071 7074
7069 7074 7072
7075 7071 7049
7075 7074 7071
7075 7072 7074
7049 7039 7075
7073 7072 7076
7075 7076 7072
7076 7075 7039
7073 7076 7077
7076 7078 7077
7076 7039 7044
7076 7044 7078
7079 7078 7044
7080 7079 7044
7044 7031 7080
7081 7080 7031
7031 7030 7081
7030 7082 7081
7082 7030 7083
7064 7083 7030
7064 7030 7084
7060 7064 7084
7030 7085 7084
7085 7060 7084
7030 7032 7085
7085 7086 7060
7087 7088 7089
7087 7090 7088
7091 7090 7087
7091 7092 7090
7092 7091 7093
7088 7090 7094
7092 7094 7090
7092 7093 7095
7095 7093 7096
7095 7096 7097
7092 7095 7098
7092 7099 7094
7092 7098 7099
7095 7097 7100
7095 7100 7098
7101 7094 7099
7102 7099 7098
7101 7099 7102
7102 7098 7103
7098 7100 7104
7098 7104 7103
7105 7101 7102
7105 7102 7103
7100 7106 7104
7107 7103 7104
7107 7104 7106
7108 7100 7097
7100 7108 7106
7105 7103 7109
7107 7109 7103
7110 7094 7101
7110 7111 7094
7088 7094 7111
7088 7111 7112
7110 7112 7111
7088 7112 7113
7113 7114 7088
7113 7115 7114
7116 7115 7113
7116 7117 7115
7118 7113 7112
7118 7116 7113
7119 7117 7116
7119 7120 7117
7097 7120 7119
7097 7121 7120
7108 7097 7119
7108 7119 7116
7108 7116 7118
7118 7106 7108
7122 7118 7112
7110 7122 7112
7118 7123 7106
7122 7123 7118
7124 7122 7110
7123 7122 7124
7123 7125 7106
7107 7106 7125
7123 7126 7125
7123 7124 7126
7107 7125 7127
7126 7127 7125
7124 7110 7128
7128 7110 7101
7107 7127 7129
7109 7107 7129
7128 7101 7130
7105 7130 7101
7131 7105 7109
7109 7129 7131
7132 7130 7105
7131 7132 7105
7128 7130 7133
7132 7133 7130
7134 7124 7128
7128 7133 7134
7135 7126 7124
7134 7135 7124
7126 7136 7127
7135 7136 7126
7131 7129 7137
7138 7132 7131
7131 7137 7138
7139 7133 7132
7138 7139 7132
7134 7133 7140
7139 7140 7133
7141 7140 7139
7134 7140 7142
7142 7135 7134
7142 7140 7141
7129 7127 7143
7129 7143 7137
7127 7136 7144
7127 7144 7143
7143 7144 7145
7146 7136 7135
7146 7144 7136
7142 7146 7135
7145 7144 7146
7137 7143 7147
7143 7145 7147
7148 7146 7142
7142 7141 7148
7141 7139 7149
7149 7139 7138
7138 7137 7150
7137 7147 7150
7138 7150 7151
7149 7138 7151
7147 7152 7150
7151 7150 7152
7149 7151 7153
7151 7152 7153
7149 7153 7154
7154 7141 7149
7145 7155 7147
7147 7155 7152
7156 7153 7152
7154 7153 7156
7157 7152 7155
7156 7152 7157
7157 7158 7156
7159 7156 7158
7154 7156 7159
7159 7158 7160
7154 7159 7161
7160 7161 7159
7154 7162 7141
7154 7161 7162
7163 7141 7162
7163 7148 7141
7164 7162 7161
7164 7163 7162
7157 7155 7165
7157 7166 7158
7166 7157 7165
7165 7155 7167
7145 7167 7155
7148 7163 7168
7168 7167 7145
7163 7164 7169
7163 7169 7168
7169 7167 7168
7164 7170 7169
7148 7168 7171
7168 7145 7171
7148 7171 7146
7145 7146 7171
7169 7172 7167
7165 7167 7172
7170 7172 7169
7164 7173 7170
7174 7170 7173
7175 7165 7172
7170 7175 7172
7175 7176 7165
7166 7165 7176
7170 7177 7175
7176 7175 7177
7174 7178 7170
7170 7178 7177
7176 7179 7166
7176 7177 7180
7176 7180 7179
7181 7166 7179
7181 7158 7166
7182 7181 7179
7180 7183 7179
7182 7184 7181
7184 7182 7185
7158 7181 7186
7184 7186 7181
7158 7186 7187
7184 7188 7186
7158 7187 7189
7188 7184 7190
7184 7185 7190
7160 7158 7189
7160 7189 7191
7160 7191 7192
7160 7192 7193
7194 7190 7185
7160 7193 7195
7196 7195 7193
7160 7195 7161
7197 7195 7196
7198 7161 7195
7198 7164 7161
7197 7199 7195
7199 7198 7195
7200 7199 7197
7199 7174 7198
7200 7201 7199
7174 7199 7201
7174 7201 7202
7203 7201 7200
7202 7201 7203
7203 7200 7204
7205 7202 7203
7204 7206 7203
7206 7205 7203
7206 7204 7207
7208 7206 7207
7209 7206 7208
7208 7207 7210
7208 7210 7211
7208 7211 7194
7209 7208 7194
7211 7212 7194
7206 7213 7205
7209 7213 7206
7214 7205 7213
7214 7213 7209
7209 7194 7215
7215 7194 7185
7215 7185 7216
7183 7216 7185
7209 7215 7217
7216 7217 7215
7183 7218 7216
7216 7218 7217
7219 7218 7183
7217 7218 7219
7180 7219 7183
7180 7220 7219
7220 7217 7219
7180 7177 7220
7209 7217 7221
7214 7209 7221
7220 7221 7217
7214 7221 7220
7177 7222 7220
7214 7220 7222
7177 7178 7222
7223 7214 7222
7214 7223 7205
7205 7223 7224
7223 7222 7224
7224 7222 7178
7224 7178 7174
7225 7226 7227
7225 7228 7226
7226 7228 7229
7226 7229 7230
7231 7230 7229
7231 7232 7230
7233 7232 7231
7233 7231 7234
7228 7225 7235
7236 7229 7228
7228 7235 7236
7237 7231 7229
7236 7237 7229
7236 7238 7237
7237 7239 7231
7239 7234 7231
7239 7237 7238
7240 7235 7225
7241 7240 7225
7241 7242 7240
7243 7240 7242
7244 7240 7243
7243 7242 7245
7246 7243 7245
7246 7244 7243
7246 7245 7247
7247 7234 7246
7247 7248 7234
7234 7249 7246
7246 7249 7244
7234 7250 7249
7239 7250 7234
7250 7251 7249
7244 7249 7251
7239 7252 7250
7250 7252 7251
7244 7253 7240
7254 7253 7244
7240 7253 7235
7254 7235 7253
7239 7255 7252
7239 7238 7255
7244 7251 7256
7254 7244 7256
7251 7257 7256
7254 7256 7257
7254 7258 7235
7258 7236 7235
7259 7251 7252
7251 7259 7257
7260 7252 7255
7260 7255 7238
7258 7261 7236
7236 7261 7238
7258 7262 7261
7238 7261 7262
7254 7263 7258
7258 7263 7262
7259 7252 7264
7260 7264 7252
7254 7257 7265
7254 7265 7263
7257 7266 7265
7266 7263 7265
7260 7238 7267
7238 7262 7267
7268 7264 7260
7259 7264 7268
7269 7257 7259
7257 7269 7266
7262 7263 7270
7266 7270 7263
7269 7259 7271
7259 7268 7271
7272 7269 7271
7266 7269 7272
7267 7262 7273
7262 7270 7273
7274 7260 7267
7268 7260 7274
7268 7275 7271
7272 7271 7275
7275 7276 7272
7266 7272 7277
7276 7277 7272
7266 7278 7270
7266 7277 7278
7267 7273 7279
7274 7267 7279
7280 7273 7270
7279 7273 7280
7280 7270 7278
7274 7281 7268
7268 7281 7275
7275 7281 7282
7283 7274 7279
7279 7280 7283
7274 7284 7281
7283 7284 7274
7282 7281 7284
7285 7283 7280
7285 7284 7283
7278 7286 7280
7285 7280 7286
7287 7278 7277
7278 7287 7286
7275 7282 7288
7275 7288 7276
7282 7289 7288
7289 7276 7288
7282 7290 7289
7289 7290 7291
7282 7284 7292
7285 7292 7284
7293 7290 7282
7293 7282 7292
7293 7291 7290
7294 7285 7286
7287 7294 7286
7295 7292 7285
7295 7293 7292
7294 7295 7285
7296 7295 7294
7287 7297 7294
7296 7294 7297
7298 7293 7295
7296 7298 7295
7299 7298 7296
7298 7300 7293
7293 7300 7291
7300 7298 7299
7301 7297 7287
7287 7277 7301
7301 7302 7297
7276 7302 7301
7276 7301 7277
7296 7297 7303
7303 7297 7302
7291 7300 7304
7300 7299 7304
7276 7305 7302
7289 7305 7276
7302 7305 7306
7305 7307 7306
7307 7305 7289
7302 7306 7308
7307 7289 7309
7289 7310 7309
7311 7302 7308
7289 7312 7310
7311 7313 7302
7311 7314 7313
7303 7302 7313
7313 7314 7315
7289 7316 7312
7289 7291 7316
7317 7312 7316
7291 7317 7316
7317 7318 7312
7318 7317 7319
7291 7320 7317
7317 7320 7321
7319 7317 7321
7322 7303 7313
7315 7322 7313
7322 7323 7303
7296 7303 7323
7322 7315 7324
7323 7322 7324
7324 7315 7325
7326 7324 7325
7327 7319 7321
7319 7327 7328
7327 7329 7328
7326 7329 7330
7327 7330 7329
7331 7324 7326
7326 7330 7331
7332 7327 7321
7332 7330 7327
7331 7333 7324
7333 7323 7324
7330 7334 7331
7331 7334 7333
7330 7335 7334
7332 7335 7330
7333 7334 7336
7336 7334 7335
7333 7337 7323
7333 7336 7337
7337 7338 7323
7338 7337 7336
7296 7323 7338
7299 7296 7338
7299 7338 7336
7336 7335 7339
7336 7339 7299
7335 7340 7339
7299 7339 7340
7335 7332 7340
7299 7340 7304
7341 7340 7332
7304 7340 7341
7341 7332 7342
7332 7321 7342
7343 7342 7321
7343 7341 7342
7304 7341 7343
7291 7304 7343
7344 7345 7346
7346 7345 7347
7348 7346 7347
7349 7348 7347
7349 7347 7350
7349 7350 7351
7349 7351 7352
7353 7352 7351
7353 7354 7352
7353 7355 7354
7356 7357 7358
7359 7356 7358
7359 7358 7360
7360 7361 7359
7360 7362 7361
7363 7361 7362
7363 7364 7361
7365 7364 7363
7365 7363 7366
7367 7365 7366
7368 7369 7370
7371 7370 7369
7372 7371 7369
7370 7371 7373
7374 7371 7372
7374 7372 7375
7374 7375 7376
7374 7376 7377
7371 7378 7373
7371 7374 7378
7374 7377 7379
7379 7377 7380
7379 7380 7381
7379 7381 7382
7383 7382 7381
7383 7384 7382
7383 7385 7384
7384 7385 7386
7386 7387 7384
7386 7388 7387
7388 7389 7387
7388 7390 7389
7391 7379 7382
7384 7392 7382
7391 7382 7392
7387 7393 7384
7384 7393 7392
7389 7394 7387
7393 7387 7394
7391 7395 7379
7395 7374 7379
7390 7396 7389
7397 7394 7389
7397 7389 7396
7393 7394 7398
7394 7397 7398
7393 7399 7392
7393 7398 7399
7391 7392 7400
7399 7400 7392
7401 7396 7390
7401 7390 7402
7401 7402 7403
7404 7397 7396
7396 7401 7404
7398 7397 7405
7399 7398 7405
7405 7397 7404
7401 7403 7406
7404 7401 7406
7407 7406 7403
7407 7403 7408
7408 7409 7407
7410 7404 7406
7410 7406 7407
7404 7410 7405
7409 7411 7407
7410 7407 7411
7412 7411 7409
7410 7411 7412
7405 7410 7412
7412 7409 7373
7399 7405 7413
7413 7405 7412
7373 7414 7412
7413 7412 7414
7373 7378 7414
7413 7415 7399
7399 7415 7400
7414 7416 7413
7413 7416 7415
7417 7414 7378
7414 7417 7416
7417 7378 7418
7418 7378 7374
7419 7400 7415
7416 7419 7415
7416 7417 7420
7418 7420 7417
7418 7374 7421
7395 7421 7374
7416 7422 7419
7416 7420 7422
7421 7423 7418
7418 7423 7420
7419 7424 7400
7425 7419 7422
7424 7419 7425
7426 7422 7420
7425 7422 7426
7426 7420 7427
7427 7420 7423
7400 7424 7428
7400 7428 7391
7395 7391 7428
7421 7395 7429
7395 7428 7429
7421 7430 7423
7421 7429 7430
7431 7423 7430
7427 7423 7431
7429 7432 7430
7431 7430 7432
7428 7433 7429
7429 7433 7432
7424 7434 7428
7428 7434 7433
7435 7432 7433
7434 7435 7433
7436 7431 7432
7435 7436 7432
7436 7437 7431
7427 7431 7438
7439 7437 7436
7427 7438 7440
7439 7440 7438
7424 7441 7434
7424 7425 7441
7442 7427 7440
7442 7426 7427
7425 7426 7442
7443 7441 7425
7425 7442 7443
7444 7434 7441
7443 7444 7441
7445 7442 7440
7443 7442 7445
7444 7446 7434
7434 7446 7435
7447 7436 7435
7446 7447 7435
7448 7444 7443
7446 7444 7448
7445 7440 7449
7439 7449 7440
7443 7445 7450
7448 7443 7450
7449 7451 7445
7450 7445 7451
7439 7436 7452
7447 7452 7436
7453 7449 7439
7449 7453 7451
7454 7439 7452
7453 7439 7454
7446 7448 7455
7446 7455 7447
7456 7448 7450
7450 7451 7456
7447 7457 7452
7454 7452 7457
7451 7453 7458
7454 7458 7453
7455 7448 7459
7456 7459 7448
7460 7447 7455
7447 7460 7457
7461 7456 7451
7451 7458 7461
7460 7455 7462
7455 7459 7462
7463 7457 7460
7462 7463 7460
7464 7454 7457
7463 7464 7457
7465 7459 7456
7461 7465 7456
7466 7462 7459
7465 7466 7459
7454 7467 7458
7464 7467 7454
7461 7458 7468
7461 7468 7469
7470 7461 7469
7470 7465 7461
7470 7466 7465
7470 7471 7466
7466 7472 7462
7471 7472 7466
7471 7473 7472
7462 7472 7463
7463 7472 7473
7463 7473 7474
7474 7464 7463
7474 7475 7464
7476 7464 7475
7458 7476 7477
7476 7467 7464
7458 7467 7476
7478 7479 7480
7481 7479 7478
7482 7481 7478
7482 7483 7481
7481 7483 7484
7484 7483 7485
7485 7483 7486
7487 7485 7486
7487 7486 7488
7489 7487 7488
7490 7491 7492
7493 7490 7492
7494 7493 7492
7494 7495 7493
7495 7494 7496
7495 7496 7497
7498 7497 7496
7499 7493 7495
7499 7490 7493
7499 7495 7500
7497 7500 7495
7499 7501 7490
7502 7497 7498
7502 7498 7503
7504 7502 7503
7502 7504 7505
7504 7503 7506
7506 7507 7504
7508 7497 7502
7502 7505 7508
7509 7504 7507
7509 7507 7510
7510 7511 7509
7510 7512 7511
7504 7509 7513
7513 7509 7511
7514 7505 7504
7504 7513 7514
7514 7515 7505
7513 7511 7516
7517 7516 7511
7518 7511 7512
7517 7511 7518
7519 7518 7512
7520 7517 7518
7520 7521 7517
7522 7520 7518
7518 7523 7522
7524 7520 7522
7524 7525 7520
7525 7521 7520
7526 7525 7524
7525 7527 7521
7526 7528 7525
7528 7527 7525
7528 7526 7490
7526 7529 7490
7530 7528 7490
7528 7530 7527
7501 7530 7490
7527 7531 7521
7531 7532 7521
7533 7527 7530
7533 7530 7501
7531 7534 7532
7534 7535 7532
7533 7536 7527
7527 7536 7531
7537 7531 7536
7533 7537 7536
7534 7531 7538
7537 7538 7531
7534 7539 7535
7539 7534 7538
7535 7539 7540
7538 7540 7539
7535 7540 7513
7541 7513 7540
7538 7537 7542
7538 7542 7540
7533 7543 7537
7542 7537 7543
7533 7501 7544
7533 7544 7543
7545 7544 7501
7544 7545 7543
7545 7501 7546
7545 7546 7500
7543 7545 7547
7543 7547 7542
7545 7500 7547
7541 7540 7548
7548 7515 7541
7549 7540 7542
7549 7542 7547
7549 7548 7540
7550 7547 7500
7549 7547 7550
7550 7500 7551
7497 7551 7500
7549 7550 7552
7551 7552 7550
7553 7548 7549
7549 7552 7553
7548 7554 7515
7553 7554 7548
7555 7551 7497
7508 7555 7497
7551 7556 7552
7555 7556 7551
7552 7556 7557
7555 7557 7556
7553 7552 7558
7552 7557 7558
7508 7559 7555
7555 7559 7557
7554 7560 7515
7505 7515 7560
7554 7553 7561
7553 7558 7561
7562 7508 7505
7508 7562 7559
7554 7563 7560
7554 7561 7563
7562 7505 7564
7505 7560 7564
7562 7564 7565
7560 7565 7564
7566 7559 7562
7562 7565 7566
7567 7557 7559
7566 7567 7559
7568 7558 7557
7567 7568 7557
7569 7560 7563
7560 7569 7565
7568 7570 7558
7561 7558 7570
7571 7563 7561
7569 7563 7571
7570 7568 7572
7567 7573 7568
7574 7567 7566
7565 7574 7566
7567 7575 7573
7574 7575 7567
7573 7575 7576
7574 7576 7575
7573 7576 7577
7571 7561 7578
7561 7570 7578
7571 7578 7579
7579 7578 7570
7570 7572 7580
7580 7572 7577
7579 7570 7580
7571 7579 7581
7582 7581 7579
7581 7569 7571
7581 7583 7569
7583 7581 7582
7583 7582 7584
7585 7579 7580
7580 7577 7585
7586 7584 7582
7586 7582 7587
7588 7587 7582
7582 7579 7589
7588 7582 7589
7585 7589 7579
7585 7588 7589
7585 7590 7588
7577 7590 7585
7577 7591 7590
7576 7591 7577
7576 7592 7591
7576 7593 7592
7576 7594 7593
7574 7594 7576
7593 7594 7595
7593 7595 7596
7595 7597 7596
7595 7584 7597
7598 7594 7574
7598 7595 7594
7584 7595 7598
7565 7598 7574
7584 7598 7599
7565 7599 7598
7565 7569 7599
7600 7601 7602
7603 7602 7601
7603 7604 7602
7603 7605 7604
7603 7606 7605
7606 7607 7605
7608 7609 7610
7610 7609 7611
7610 7611 7612
7613 7612 7611
7613 7614 7612
7613 7615 7614
7613 7616 7615
7616 7617 7615
7616 7618 7617
7618 7619 7617
7620 7621 7622
7620 7623 7621
7624 7623 7620
7623 7625 7621
7624 7626 7623
7627 7626 7624
7623 7628 7625
7626 7628 7623
7627 7629 7626
7630 7629 7627
7625 7628 7631
7625 7631 7632
7631 7633 7632
7626 7634 7628
7629 7634 7626
7631 7628 7634
7630 7635 7629
7636 7635 7630
7629 7637 7634
7635 7637 7629
7636 7638 7635
7639 7638 7636
7635 7640 7637
7638 7640 7635
7639 7641 7638
7641 7639 7642
7641 7643 7638
7638 7643 7640
7642 7644 7641
7641 7644 7643
7645 7644 7642
7643 7644 7645
7640 7643 7646
7643 7645 7646
7637 7640 7647
7640 7646 7647
7634 7637 7648
7637 7647 7648
7649 7645 7642
7642 7650 7649
7645 7649 7651
7651 7649 7650
7645 7651 7646
7651 7650 7652
7646 7651 7653
7653 7651 7652
7646 7653 7647
7653 7652 7654
7647 7653 7655
7655 7653 7654
7647 7655 7648
7655 7654 7656
7657 7655 7656
7648 7655 7657
7657 7656 7658
7648 7657 7659
7634 7648 7659
7631 7634 7659
7658 7660 7657
7659 7657 7660
7659 7660 7631
7658 7661 7660
7631 7660 7633
7661 7633 7660
7661 7662 7633
7663 7664 7665
7663 7665 7666
7666 7667 7663
7666 7665 7668
7666 7669 7667
7669 7670 7667
7666 7668 7671
7671 7669 7666
7668 7672 7671
7668 7673 7672
7671 7674 7669
7672 7674 7671
7669 7675 7670
7674 7675 7669
7673 7676 7672
7673 7677 7676
7670 7675 7678
7670 7678 7679
7678 7680 7679
7678 7681 7680
7672 7682 7674
7676 7682 7672
7674 7683 7675
7678 7675 7683
7682 7683 7674
7684 7681 7678
7678 7683 7684
7684 7685 7681
7686 7685 7684
7683 7686 7684
7686 7687 7685
7677 7688 7676
7677 7689 7688
7676 7690 7682
7688 7690 7676
7682 7691 7683
7683 7691 7686
7690 7691 7682
7692 7687 7686
7691 7692 7686
7692 7693 7687
7689 7694 7688
7689 7695 7694
7694 7695 7696
7688 7697 7690
7694 7697 7688
7690 7698 7691
7691 7698 7692
7697 7698 7690
7699 7693 7692
7698 7699 7692
7699 7700 7693
7694 7701 7697
7701 7694 7696
7697 7702 7698
7698 7702 7699
7701 7702 7697
7703 7700 7699
7702 7703 7699
7703 7704 7700
7704 7703 7696
7701 7705 7702
7702 7705 7703
7696 7705 7701
7703 7705 7696
7706 7707 7708
7706 7708 7709
7710 7706 7709
7710 7709 7711
7712 7713 7714
7712 7714 7715
7715 7714 7716
7715 7716 7717
7716 7718 7717
7716 7719 7718
7718 7719 7720
7718 7720 7721
7721 7720 7722
7721 7722 7723
7723 7722 7724
7723 7724 7725
7725 7726 7723
7725 7727 7726
7726 7727 7728
7726 7729 7723
7726 7728 7730
7726 7731 7729
7731 7726 7730
7731 7718 7729
7731 7730 7732
7733 7731 7732
7731 7734 7718
7733 7734 7731
7718 7734 7735
7735 7734 7733
7718 7735 7717
7717 7735 7736
7735 7733 7737
7736 7735 7737
7717 7736 7738
7736 7737 7739
7736 7740 7738
7741 7736 7739
7736 7742 7740
7741 7742 7736
7743 7744 7740
7743 7745 7744
7746 7745 7743
7746 7747 7745
7747 7746 7748
7747 7748 7749
7750 7749 7748
7750 7748 7751
7752 7750 7751
7752 7753 7750
7754 7753 7752
7754 7752 7755
7752 7756 7755
7752 7757 7756
7757 7758 7756
7757 7759 7758
7757 7752 7760
7761 7759 7757
7757 7760 7762
7761 7757 7762
7748 7762 7760
7763 7761 7762
7748 7764 7762
7763 7762 7764
7746 7764 7748
7765 7763 7764
7746 7765 7764
7765 7766 7763
7767 7765 7746
7768 7766 7765
7767 7768 7765
7768 7769 7766
7768 7767 7712
7741 7769 7768
7768 7712 7770
7741 7768 7770
7771 7772 7773
7773 7772 7774
7773 7774 7775
7775 7774 7776
7777 7773 7775
7778 7773 7777
7777 7775 7779
7775 7776 7780
7779 7775 7780
7780 7776 7781
7779 7780 7782
7780 7781 7783
7782 7780 7783
7783 7781 7784
7782 7783 7785
7783 7784 7786
7785 7783 7786
7785 7786 7787
7788 7789 7790
7788 7790 7791
7792 7788 7791
7791 7790 7793
7792 7791 7794
7795 7792 7794
7791 7793 7796
7794 7791 7796
7796 7793 7797
7795 7794 7798
7799 7795 7798
7794 7796 7800
7798 7794 7800
7796 7797 7801
7800 7796 7801
7801 7797 7802
7801 7802 7803
7804 7801 7803
7800 7801 7804
7804 7803 7805
7799 7798 7806
7806 7807 7799
7798 7800 7808
7808 7800 7804
7806 7798 7808
7809 7804 7805
7808 7804 7809
7809 7805 7810
7806 7808 7811
7811 7808 7809
7812 7809 7810
7811 7809 7812
7812 7810 7813
7806 7814 7807
7811 7814 7806
7812 7815 7811
7811 7815 7814
7813 7816 7812
7812 7816 7815
7813 7817 7816
7816 7817 7818
7816 7818 7819
7815 7816 7819
7819 7818 7820
7807 7814 7821
7807 7821 7822
7814 7815 7823
7815 7819 7823
7814 7823 7821
7819 7820 7824
7823 7819 7824
7824 7820 7825
7822 7821 7826
7822 7826 7827
7821 7823 7828
7823 7824 7828
7821 7828 7826
7824 7825 7829
7828 7824 7829
7829 7825 7830
7828 7829 7831
7826 7828 7831
7831 7829 7830
7827 7826 7832
7826 7831 7832
7832 7831 7830
7827 7832 7833
7833 7832 7830
7834 7835 7830
7836 7835 7834
7836 7837 7835
7838 7837 7836
7835 7839 7830
7837 7839 7835
7838 7840 7837
7841 7840 7838
7839 7842 7830
7842 7843 7830
7837 7844 7839
7844 7842 7839
7840 7844 7837
7845 7843 7842
7844 7845 7842
7845 7846 7843
7840 7847 7844
7847 7845 7844
7848 7846 7845
7847 7848 7845
7848 7849 7846
7841 7850 7840
7850 7847 7840
7851 7848 7847
7850 7851 7847
7852 7849 7848
7851 7852 7848
7852 7853 7849
7854 7853 7852
7854 7852 7855
7855 7852 7851
7855 7856 7854
7857 7850 7841
7857 7841 7858
7859 7851 7850
7855 7851 7859
7859 7850 7857
7855 7860 7856
7859 7860 7855
7860 7861 7856
7858 7862 7857
7858 7863 7862
7857 7864 7859
7859 7864 7860
7857 7862 7864
7860 7865 7861
7864 7865 7860
7865 7866 7861
7863 7867 7862
7863 7868 7867
7862 7869 7864
7864 7869 7865
7862 7867 7869
7865 7870 7866
7869 7870 7865
7870 7871 7866
7870 7872 7871
7869 7873 7870
7873 7872 7870
7867 7873 7869
7873 7874 7872
7868 7875 7867
7867 7875 7873
7875 7874 7873
7868 7876 7875
7875 7877 7874
7876 7877 7875
7876 7802 7877
7878 7879 7880
7878 7880 7881
7882 7878 7881
7881 7880 7883
7882 7881 7884
7885 7882 7884
7881 7883 7886
7884 7881 7886
7885 7884 7887
7888 7885 7887
7883 7889 7886
7883 7890 7889
7889 7890 7891
7884 7886 7892
7887 7884 7892
7889 7892 7886
7888 7887 7893
7894 7888 7893
7887 7892 7895
7893 7887 7895
7894 7893 7896
7897 7894 7896
7893 7895 7898
7896 7893 7898
7897 7896 7899
7899 7900 7897
7899 7896 7901
7896 7898 7901
7900 7899 7902
7899 7901 7902
7903 7900 7902
7901 7903 7902
7898 7904 7901
7901 7904 7903
7895 7905 7898
7898 7905 7904
7892 7906 7895
7895 7906 7905
7907 7900 7903
7900 7907 7908
7903 7909 7907
7909 7908 7907
7903 7904 7909
7909 7910 7908
7904 7911 7909
7911 7910 7909
7904 7905 7911
7911 7912 7910
7905 7913 7911
7913 7912 7911
7905 7906 7913
7913 7914 7912
7915 7914 7913
7906 7915 7913
7915 7916 7914
7906 7917 7915
7892 7917 7906
7889 7917 7892
7916 7915 7918
7917 7918 7915
7917 7889 7918
7916 7918 7919
7889 7891 7918
7919 7918 7891
7919 7891 7920
7921 7922 7923
7921 7924 7922
7924 7921 7925
7924 7926 7922
7924 7925 7927
7927 7925 7928
7924 7929 7926
7929 7924 7927
7926 7929 7930
7926 7930 7931
7929 7927 7932
7930 7929 7932
7927 7928 7933
7932 7927 7933
7931 7930 7934
7931 7934 7935
7928 7936 7933
7928 7937 7936
7936 7937 7938
7936 7938 7939
7930 7932 7940
7934 7930 7940
7932 7933 7941
7936 7941 7933
7940 7932 7941
7942 7936 7939
7936 7942 7941
7942 7939 7943
7944 7942 7943
7941 7942 7944
7944 7943 7945
7935 7934 7946
7935 7946 7947
7934 7940 7948
7946 7934 7948
7940 7941 7949
7941 7944 7949
7948 7940 7949
7950 7944 7945
7949 7944 7950
7950 7945 7951
7947 7946 7952
7947 7952 7953
7952 7954 7953
7946 7948 7955
7952 7946 7955
7948 7949 7956
7949 7950 7956
7955 7948 7956
7957 7950 7951
7956 7950 7957
7957 7951 7958
7952 7955 7959
7959 7954 7952
7955 7956 7960
7956 7957 7960
7959 7955 7960
7961 7957 7958
7960 7957 7961
7961 7958 7962
7962 7954 7961
7959 7960 7963
7954 7959 7963
7960 7961 7963
7961 7954 7963
7964 7965 7966
7964 7966 7967
7968 7967 7966
7968 7969 7967
7970 7971 7972
7970 7972 7973
7974 7973 7972
7974 7975 7973
7976 7970 7973
7973 7975 7977
7976 7973 7978
7973 7977 7978
7979 7976 7978
7978 7977 7980
7979 7978 7981
7978 7980 7981
7982 7979 7981
7981 7980 7983
7982 7981 7984
7981 7983 7984
7985 7984 7983
7986 7982 7984
7986 7987 7988
7987 7986 7989
7987 7990 7988
7987 7991 7990
7991 7987 7989
7990 7991 7992
7990 7992 7993
7991 7989 7994
7992 7991 7994
7993 7992 7995
7993 7995 7996
7995 7997 7996
7995 7998 7997
7995 7992 7999
7992 7994 7999
7998 7995 8000
7995 7999 8000
7998 8000 8001
8001 8000 8002
7999 8002 8000
8001 8002 8003
7994 8004 7999
7999 8004 8002
7989 8005 7994
7994 8005 8004
8006 8003 8002
8006 8007 8003
8008 8002 8004
8008 8006 8002
8009 8007 8006
8009 8010 8007
8010 8009 8011
8010 8011 8012
8009 8013 8011
8006 8014 8009
8009 8014 8013
8006 8008 8014
8014 8015 8013
8014 8016 8015
8008 8016 8014
8016 8017 8015
8018 8008 8004
8008 8018 8016
8018 8004 8005
8016 8019 8017
8019 8016 8018
8019 8020 8017
8019 8018 8021
8005 8021 8018
8020 8019 8021
8005 8022 8021
8022 8020 8021
7989 8022 8005
8020 8022 7989
8023 8024 8025
8023 8025 8026
8027 8023 8026
8027 8026 8028
8026 8029 8028
8026 8030 8029
8025 8030 8026
8025 8031 8030
8032 8033 8031
8034 8033 8032
8032 8031 8035
8034 8032 8036
8037 8032 8035
8036 8032 8037
8037 8035 8038
8036 8037 8039
8040 8041 8042
8040 8043 8041
8044 8043 8040
8043 8045 8041
8044 8046 8043
8047 8046 8044
8043 8048 8045
8046 8048 8043
8048 8049 8045
8047 8050 8046
8051 8050 8047
8046 8052 8048
8050 8052 8046
8048 8053 8049
8052 8053 8048
8053 8054 8049
8053 8055 8054
8056 8055 8053
8052 8056 8053
8056 8057 8055
8051 8058 8050
8058 8051 8059
8050 8060 8052
8060 8056 8052
8058 8060 8050
8061 8057 8056
8060 8061 8056
8061 8062 8057
8058 8063 8060
8063 8061 8060
8064 8062 8061
8063 8064 8061
8064 8065 8062
8058 8059 8066
8063 8058 8066
8064 8063 8067
8063 8066 8067
8065 8064 8068
8064 8067 8068
8065 8068 8069
8068 8070 8069
8068 8071 8070
8067 8071 8068
8071 8072 8070
8059 8073 8066
8059 8074 8073
8066 8075 8067
8067 8075 8071
8066 8073 8075
8071 8076 8072
8075 8076 8071
8076 8077 8072
8074 8078 8073
8074 8079 8078
8073 8080 8075
8075 8080 8076
8073 8078 8080
8076 8081 8077
8080 8081 8076
8081 8082 8077
8080 8083 8081
8078 8083 8080
8083 8082 8081
8079 8084 8078
8078 8084 8083
8084 8082 8083
8079 8085 8084
8085 8082 8084
8086 8082 8087
8088 8086 8087
8088 8087 8089
8090 8088 8089
8087 8082 8091
8089 8087 8091
8090 8089 8092
8093 8090 8092
8091 8082 8094
8094 8082 8095
8089 8091 8096
8096 8091 8094
8092 8089 8096
8097 8094 8095
8096 8094 8097
8097 8095 8098
8092 8096 8099
8099 8096 8097
8100 8097 8098
8099 8097 8100
8100 8098 8101
8093 8092 8102
8102 8092 8099
8103 8099 8100
8102 8099 8103
8104 8100 8101
8103 8100 8104
8104 8101 8105
8106 8104 8105
8106 8107 8104
8107 8103 8104
8107 8106 8108
8109 8093 8102
8109 8110 8093
8111 8102 8103
8107 8111 8103
8111 8109 8102
8107 8108 8112
8111 8107 8112
8112 8108 8113
8110 8109 8114
8110 8114 8115
8109 8111 8116
8111 8112 8116
8109 8116 8114
8112 8113 8117
8116 8112 8117
8117 8113 8118
8115 8114 8119
8115 8119 8120
8114 8116 8121
8116 8117 8121
8114 8121 8119
8117 8118 8122
8121 8117 8122
8122 8118 8123
8122 8123 8124
8121 8122 8125
8125 8122 8124
8119 8121 8125
8125 8124 8126
8120 8119 8127
8119 8125 8127
8127 8125 8126
8120 8127 8128
8127 8126 8129
8128 8127 8129
8128 8129 8130
8131 8132 8133
8131 8134 8132
8135 8134 8131
8136 8132 8134
8136 8137 8132
8138 8137 8136
8135 8139 8134
8139 8135 8140
8141 8136 8134
8141 8134 8139
8139 8140 8142
8142 8140 8143
8144 8141 8139
8144 8139 8142
8136 8141 8145
8145 8141 8144
8138 8136 8146
8136 8145 8146
8142 8143 8147
8147 8143 8148
8149 8144 8142
8149 8142 8147
8150 8138 8146
8150 8151 8138
8147 8148 8152
8152 8148 8153
8154 8146 8145
8154 8150 8146
8145 8144 8155
8155 8144 8149
8156 8151 8150
8156 8157 8151
8158 8149 8147
8158 8147 8152
8152 8153 8159
8160 8159 8153
8161 8152 8159
8161 8158 8152
8159 8160 8161
8162 8149 8158
8155 8149 8162
8163 8145 8155
8163 8154 8145
8164 8158 8161
8162 8158 8164
8161 8160 8165
8164 8161 8165
8160 8166 8165
8166 8164 8165
8166 8160 8167
8166 8168 8164
8167 8168 8166
8168 8162 8164
8167 8169 8168
8170 8155 8162
8168 8170 8162
8169 8170 8168
8170 8163 8155
8169 8171 8170
8171 8163 8170
8171 8172 8163
8172 8154 8163
8172 8173 8154
8173 8150 8154
8173 8156 8150
8174 8173 8172
8175 8156 8173
8174 8175 8173
8175 8176 8156
8176 8157 8156
8176 8177 8157
8178 8177 8176
8176 8175 8179
8179 8175 8174
8180 8174 8172
8180 8172 8181
8178 8176 8182
8176 8179 8182
8183 8178 8182
8183 8184 8178
8185 8174 8180
8179 8174 8185
8186 8180 8181
8186 8181 8187
8188 8182 8179
8188 8183 8182
8189 8184 8183
8189 8190 8184
8190 8189 8191
8190 8191 8192
8189 8193 8191
8194 8189 8183
8189 8194 8193
8194 8183 8188
8193 8194 8195
8195 8194 8188
8193 8195 8196
8197 8188 8179
8195 8188 8197
8197 8179 8185
8196 8195 8198
8198 8195 8197
8196 8198 8199
8200 8197 8185
8198 8197 8200
8199 8198 8201
8201 8198 8200
8199 8201 8202
8200 8185 8203
8185 8180 8203
8203 8180 8186
8201 8200 8204
8204 8200 8203
8202 8201 8205
8205 8201 8204
8202 8205 8206
8205 8207 8206
8203 8186 8208
8204 8203 8208
8205 8204 8209
8209 8207 8205
8209 8204 8208
8208 8186 8210
8210 8186 8187
8210 8187 8211
8211 8207 8210
8209 8208 8212
8207 8209 8212
8208 8210 8212
8210 8207 8212
8213 8214 8215
8213 8216 8214
8216 8217 8214
8218 8216 8213
8218 8213 8219
8216 8220 8217
8220 8221 8217
8222 8216 8218
8222 8220 8216
8223 8218 8219
8223 8219 8224
8225 8223 8224
8220 8226 8221
8226 8227 8221
8228 8218 8223
8228 8222 8218
8225 8229 8223
8229 8228 8223
8229 8225 8230
8231 8220 8222
8231 8226 8220
8226 8232 8227
8232 8233 8227
8234 8222 8228
8234 8231 8222
8229 8235 8228
8235 8234 8228
8229 8230 8236
8235 8229 8236
8237 8226 8231
8237 8232 8226
8232 8238 8233
8238 8239 8233
8240 8231 8234
8240 8237 8231
8235 8241 8234
8241 8240 8234
8242 8232 8237
8242 8238 8232
8238 8243 8239
8243 8244 8239
8245 8237 8240
8245 8242 8237
8246 8238 8242
8246 8243 8238
8243 8247 8244
8247 8248 8244
8247 8249 8248
8250 8249 8247
8251 8247 8243
8250 8247 8251
8251 8243 8246
8252 8250 8251
8253 8246 8242
8253 8242 8245
8254 8251 8246
8252 8251 8254
8254 8246 8253
8255 8245 8240
8241 8255 8240
8256 8252 8254
8256 8257 8252
8258 8253 8245
8255 8258 8245
8259 8254 8253
8259 8256 8254
8258 8259 8253
8257 8256 8260
8257 8260 8261
8260 8262 8261
8256 8259 8263
8256 8263 8260
8260 8264 8262
8263 8264 8260
8264 8265 8262
8259 8258 8266
8259 8266 8263
8258 8255 8267
8258 8267 8266
8263 8268 8264
8266 8268 8263
8264 8269 8265
8268 8269 8264
8269 8270 8265
8266 8271 8268
8267 8271 8266
8255 8272 8267
8255 8241 8272
8268 8273 8269
8271 8273 8268
8269 8274 8270
8273 8274 8269
8274 8275 8270
8267 8276 8271
8272 8277 8267
8276 8278 8271
8271 8278 8273
8276 8279 8278
8273 8280 8274
8280 8275 8274
8278 8280 8273
8279 8281 8278
8278 8281 8280
8281 8275 8280
8279 8282 8281
8282 8275 8281
8272 8283 8277
8283 8284 8277
8285 8283 8272
8241 8285 8272
8241 8235 8285
8235 8236 8285
8283 8286 8284
8286 8287 8284
8285 8288 8283
8236 8288 8285
8288 8286 8283
8286 8289 8287
8289 8290 8287
8236 8291 8288
8230 8291 8236
8230 8292 8291
8288 8293 8286
8293 8289 8286
8291 8293 8288
8292 8294 8291
8291 8294 8293
8292 8295 8294
8293 8296 8289
8296 8290 8289
8294 8296 8293
8295 8297 8294
8294 8297 8296
8297 8290 8296
8295 8298 8297
8298 8290 8297
8299 8300 8301
8299 8302 8300
8303 8302 8299
8302 8304 8300
8303 8305 8302
8306 8305 8303
8302 8307 8304
8305 8307 8302
8307 8308 8304
8306 8309 8305
8310 8309 8306
8310 8311 8309
8305 8312 8307
8309 8312 8305
8307 8313 8308
8312 8313 8307
8313 8314 8308
8311 8315 8309
8309 8315 8312
8311 8316 8315
8312 8317 8313
8315 8317 8312
8313 8318 8314
8317 8318 8313
8318 8319 8314
8316 8320 8315
8315 8320 8317
8316 8321 8320
8317 8322 8318
8322 8319 8318
8320 8322 8317
8321 8323 8320
8320 8323 8322
8323 8319 8322
8321 8324 8323
8324 8319 8323
8325 8326 8327
8325 8327 8328
8329 8325 8328
8330 8328 8327
8330 8327 8331
8332 8330 8331
8329 8328 8333
8333 8334 8329
8335 8328 8330
8335 8333 8328
8333 8336 8334
8336 8337 8334
8338 8333 8335
8338 8336 8333
8330 8339 8335
8339 8338 8335
8332 8340 8330
8330 8340 8339
8336 8341 8337
8341 8342 8337
8343 8336 8338
8343 8341 8336
8344 8340 8332
8344 8332 8345
8341 8346 8342
8346 8347 8342
8348 8339 8340
8348 8340 8344
8339 8349 8338
8349 8343 8338
8350 8344 8345
8350 8345 8351
8352 8341 8343
8352 8346 8341
8346 8353 8347
8354 8347 8353
8355 8353 8346
8355 8346 8352
8353 8355 8354
8356 8352 8343
8349 8356 8343
8357 8349 8339
8357 8339 8348
8358 8355 8352
8356 8358 8352
8355 8359 8354
8358 8359 8355
8354 8359 8360
8360 8359 8358
8360 8361 8354
8360 8358 8362
8361 8360 8362
8362 8358 8356
8361 8362 8363
8364 8356 8349
8362 8356 8364
8363 8362 8364
8364 8349 8357
8363 8364 8365
8365 8364 8357
8365 8357 8366
8366 8357 8348
8366 8348 8367
8367 8348 8344
8367 8344 8350
8368 8366 8367
8369 8367 8350
8368 8367 8369
8369 8350 8370
8370 8350 8351
8370 8351 8371
8372 8370 8371
8370 8373 8369
8373 8368 8369
8374 8366 8368
8374 8375 8366
8372 8376 8370
8370 8376 8373
8377 8376 8372
8377 8372 8378
8379 8374 8368
8373 8379 8368
8380 8375 8374
8380 8381 8375
8382 8373 8376
8382 8376 8377
8383 8377 8378
8383 8378 8384
8384 8385 8383
8384 8386 8385
8383 8385 8387
8388 8377 8383
8383 8387 8388
8388 8382 8377
8387 8389 8388
8389 8382 8388
8387 8390 8389
8391 8373 8382
8389 8391 8382
8391 8379 8373
8390 8392 8389
8392 8391 8389
8390 8393 8392
8394 8379 8391
8392 8394 8391
8393 8395 8392
8395 8394 8392
8393 8396 8395
8394 8397 8379
8379 8397 8374
8397 8380 8374
8396 8398 8395
8396 8399 8398
8398 8399 8400
8395 8401 8394
8401 8397 8394
8398 8401 8395
8397 8402 8380
8401 8402 8397
8398 8403 8401
8403 8398 8400
8403 8402 8401
8402 8404 8380
8404 8381 8380
8404 8405 8381
8405 8404 8400
8403 8406 8402
8402 8406 8404
8400 8406 8403
8404 8406 8400
8407 8408 8409
8407 8409 8410
8410 8409 8411
8412 8407 8410
8412 8413 8407
8410 8411 8414
8414 8411 8415
8416 8412 8410
8416 8410 8414
8417 8413 8412
8417 8418 8413
8419 8418 8417
8414 8415 8420
8420 8415 8421
8422 8417 8412
8422 8412 8416
8419 8417 8423
8423 8417 8422
8423 8424 8419
8425 8416 8414
8425 8414 8420
8420 8421 8426
8426 8421 8427
8428 8422 8416
8428 8416 8425
8423 8422 8429
8429 8422 8428
8423 8430 8424
8429 8430 8423
8431 8425 8420
8431 8420 8426
8426 8427 8432
8432 8427 8433
8434 8428 8425
8434 8425 8431
8429 8428 8435
8435 8428 8434
8436 8431 8426
8436 8426 8432
8432 8433 8437
8437 8433 8438
8439 8434 8431
8439 8431 8436
8440 8436 8432
8440 8432 8437
8437 8438 8441
8441 8438 8442
8441 8442 8443
8444 8441 8443
8445 8437 8441
8444 8445 8441
8445 8440 8437
8446 8445 8444
8447 8436 8440
8447 8439 8436
8448 8440 8445
8446 8448 8445
8448 8447 8440
8449 8434 8439
8435 8434 8449
8450 8448 8446
8450 8446 8451
8452 8439 8447
8449 8439 8452
8453 8447 8448
8453 8448 8450
8452 8447 8453
8451 8454 8450
8451 8455 8454
8454 8455 8456
8450 8457 8453
8450 8454 8457
8454 8456 8458
8457 8454 8458
8458 8456 8459
8453 8460 8452
8453 8457 8460
8452 8461 8449
8452 8460 8461
8457 8458 8462
8460 8457 8462
8458 8459 8463
8462 8458 8463
8463 8459 8464
8460 8462 8465
8461 8460 8465
8449 8461 8466
8449 8466 8435
8462 8463 8467
8465 8462 8467
8463 8464 8468
8467 8463 8468
8468 8464 8469
8461 8465 8470
8466 8461 8471
8470 8465 8472
8465 8467 8472
8470 8472 8473
8467 8468 8474
8474 8468 8469
8472 8467 8474
8473 8472 8475
8472 8474 8475
8475 8474 8469
8473 8475 8476
8476 8475 8469
8466 8471 8477
8477 8471 8478
8479 8466 8477
8435 8466 8479
8435 8479 8429
8429 8479 8430
8477 8478 8480
8480 8478 8481
8479 8477 8482
8430 8479 8482
8482 8477 8480
8480 8481 8483
8483 8481 8484
8430 8482 8485
8424 8430 8485
8424 8485 8486
8482 8480 8487
8487 8480 8483
8485 8482 8487
8486 8485 8488
8485 8487 8488
8486 8488 8489
8487 8483 8490
8490 8483 8484
8488 8487 8490
8489 8488 8491
8488 8490 8491
8491 8490 8484
8489 8491 8492
8492 8491 8484
8493 8494 8495
8493 8495 8496
8497 8493 8496
8496 8495 8498
8497 8496 8499
8500 8497 8499
8496 8498 8501
8499 8496 8501
8501 8498 8502
8500 8499 8503
8504 8500 8503
8504 8503 8505
8499 8501 8506
8503 8499 8506
8501 8502 8507
8506 8501 8507
8507 8502 8508
8505 8503 8509
8503 8506 8509
8505 8509 8510
8506 8507 8511
8509 8506 8511
8507 8508 8512
8511 8507 8512
8512 8508 8513
8510 8509 8514
8509 8511 8514
8510 8514 8515
8511 8512 8516
8516 8512 8513
8514 8511 8516
8515 8514 8517
8514 8516 8517
8517 8516 8513
8515 8517 8518
8518 8517 8513
8519 8520 8521
8521 8522 8523
8521 8523 8524
8524 8523 8525
8524 8525 8526
8527 8521 8524
8527 8528 8520
8529 8527 8524
8527 8530 8528
8530 8527 8529
8531 8529 8524
8529 8531 8532
8531 8524 8533
8534 8531 8533
8532 8531 8534
8532 8534 8535
8532 8535 8536
8528 8530 8537
8530 8538 8537
8528 8537 8539
8537 8540 8539
8530 8529 8541
8529 8532 8541
8530 8541 8538
8532 8538 8541
8537 8542 8540
8538 8542 8537
8543 8540 8542
8532 8536 8544
8532 8544 8538
8536 8545 8544
8538 8544 8545
8536 8546 8545
8543 8542 8547
8547 8548 8543
8547 8549 8548
8538 8550 8542
8547 8542 8550
8538 8545 8550
8547 8550 8551
8545 8551 8550
8549 8547 8551
8552 8545 8546
8545 8552 8551
8552 8546 8553
8554 8552 8553
8551 8552 8554
8554 8553 8555
8549 8551 8556
8551 8554 8556
8557 8549 8556
8554 8558 8556
8557 8556 8558
8559 8557 8558
8554 8560 8558
8560 8559 8558
8560 8554 8561
8560 8561 8562
8563 8560 8562
8564 8549 8557
8564 8565 8549
8557 8566 8564
8557 8567 8566
8559 8567 8557
8567 8568 8566
8567 8569 8568
8559 8569 8567
8569 8570 8568
8563 8571 8560
8560 8571 8559
8572 8571 8563
8559 8571 8572
8572 8563 8573
8574 8572 8573
8569 8575 8570
8575 8576 8570
8559 8577 8569
8559 8572 8577
8577 8575 8569
8574 8578 8572
8577 8572 8578
8575 8579 8576
8576 8579 8580
8577 8581 8575
8577 8578 8581
8582 8575 8581
8582 8579 8575
8578 8582 8581
8583 8578 8574
8578 8583 8582
8583 8574 8584
8583 8584 8585
8579 8586 8580
8579 8582 8586
8586 8582 8583
8586 8583 8585
8587 8580 8586
8587 8586 8588
8585 8588 8586
8585 8589 8588
8590 8591 8592
8590 8592 8593
8594 8590 8593
8594 8595 8590
8596 8595 8594
8596 8597 8595
8598 8597 8596
8598 8596 8599
8600 8598 8599
8600 8601 8598
8601 8600 8602
8601 8602 8603
8602 8604 8603
8605 8606 8607
8605 8608 8606
8609 8606 8608
8609 8610 8606
8611 8610 8609
8611 8612 8610
8613 8612 8611
8613 8611 8614
8615 8613 8614
8615 8614 8616
8615 8616 8617
8615 8617 8618
8617 8619 8618
8620 8621 8622
8621 8623 8624
8621 8625 8623
8625 8626 8623
8625 8627 8626
8628 8625 8621
8628 8622 8629
8630 8625 8628
8628 8629 8631
8631 8630 8628
8632 8625 8630
8630 8633 8632
8632 8634 8625
8635 8634 8632
8633 8635 8632
8633 8636 8635
8633 8637 8636
8629 8638 8631
8631 8638 8639
8629 8640 8638
8638 8640 8641
8631 8642 8630
8630 8642 8633
8631 8639 8642
8633 8642 8639
8638 8641 8643
8639 8638 8643
8644 8643 8641
8633 8645 8637
8633 8639 8645
8637 8645 8646
8639 8646 8645
8637 8646 8647
8644 8648 8643
8648 8644 8649
8648 8649 8650
8639 8643 8651
8639 8651 8646
8648 8651 8643
8652 8647 8646
8651 8652 8646
8652 8653 8647
8648 8654 8651
8651 8654 8652
8650 8654 8648
8655 8653 8652
8654 8655 8652
8655 8656 8653
8654 8657 8655
8650 8657 8654
8657 8658 8655
8658 8659 8655
8658 8660 8659
8661 8660 8658
8662 8657 8650
8663 8662 8650
8663 8650 8664
8662 8663 8665
8657 8666 8658
8662 8666 8657
8662 8665 8667
8667 8665 8668
8669 8666 8662
8658 8666 8669
8669 8662 8667
8667 8668 8670
8669 8667 8670
8670 8668 8671
8661 8658 8672
8658 8669 8672
8670 8671 8673
8673 8671 8674
8669 8670 8675
8672 8669 8675
8675 8670 8673
8676 8661 8672
8672 8675 8676
8676 8677 8661
8678 8677 8676
8675 8679 8676
8678 8676 8679
8673 8674 8680
8674 8681 8680
8675 8673 8682
8675 8682 8679
8683 8682 8673
8683 8673 8680
8679 8682 8683
8684 8678 8679
8679 8683 8684
8684 8685 8678
8684 8686 8685
8680 8681 8687
8680 8687 8683
8687 8684 8683
8687 8686 8684
8688 8687 8681
8688 8689 8687
8686 8687 8689
8686 8689 8690
8691 8692 8693
8691 8694 8692
8695 8694 8691
8695 8691 8696
8697 8695 8696
8697 8696 8698
8699 8697 8698
8699 8700 8697
8701 8700 8699
8701 8699 8702
8702 8703 8701
8702 8704 8703
8703 8704 8705
8706 8707 8708
8706 8708 8709
8710 8709 8708
8710 8708 8711
8712 8710 8711
8712 8711 8713
8714 8712 8713
8714 8715 8712
8716 8715 8714
8716 8717 8715
8716 8718 8717
8716 8719 8718
8718 8719 8720
8721 8722 8723
8721 8724 8722
8725 8724 8721
8725 8726 8724
8726 8725 8727
8726 8727 8728
8729 8726 8728
8729 8728 8730
8731 8729 8730
8731 8730 8732
8725 8733 8727
8725 8734 8733
8735 8731 8732
8735 8732 8736
8733 8734 8737
8733 8737 8738
8737 8739 8738
8737 8740 8739
8740 8741 8739
8740 8742 8741
8743 8735 8736
8743 8744 8735
8742 8745 8741
8742 8746 8745
8747 8744 8743
8747 8743 8748
8745 8746 8749
8745 8749 8750
8751 8747 8748
8751 8752 8747
8749 8753 8750
8749 8754 8753
8755 8752 8751
8755 8751 8756
8753 8754 8757
8753 8757 8758
8757 8759 8758
8757 8760 8759
8760 8761 8759
8760 8762 8761
8763 8755 8756
8763 8764 8755
8765 8764 8763
8765 8763 8766
8762 8767 8761
8762 8768 8767
8769 8765 8766
8767 8768 8770
8767 8770 8771
8769 8766 8772
8770 8773 8771
8769 8772 8773
8770 8774 8773
8769 8773 8774
8769 8774 8775
8769 8775 8776
8777 8778 8779
8777 8780 8778
8778 8780 8781
8778 8781 8782
8781 8783 8782
8781 8784 8783
8785 8786 8787
8785 8788 8786
8789 8788 8785
8789 8785 8790
8790 8791 8789
8790 8792 8791
8789 8791 8793
8789 8793 8794
8795 8792 8790
8795 8796 8792
8793 8797 8794
8793 8798 8797
8799 8796 8795
8799 8795 8800
8797 8798 8801
8797 8801 8802
8803 8799 8800
8803 8804 8799
8801 8805 8802
8801 8806 8805
8807 8804 8803
8807 8803 8808
8805 8806 8809
8805 8809 8810
8811 8807 8808
8811 8812 8807
8809 8813 8810
8809 8814 8813
8815 8812 8811
8815 8811 8816
8813 8814 8817
8813 8817 8818
8817 8819 8818
8817 8820 8819
8821 8815 8816
8821 8822 8815
8823 8822 8821
8823 8821 8824
8820 8825 8819
8820 8826 8825
8827 8823 8824
8827 8824 8828
8825 8826 8829
8825 8829 8830
8829 8831 8830
8829 8832 8831
8832 8833 8831
8832 8834 8833
8835 8827 8828
8834 8836 8833
8835 8837 8827
8834 8838 8836
8839 8837 8835
8836 8838 8840
8841 8839 8835
8836 8840 8841
8841 8842 8839
8840 8842 8841
8835 8843 8841
8843 8836 8841
8835 8844 8843
8843 8845 8836
8843 8844 8846
8845 8843 8847
8843 8846 8847
8845 8847 8848
8849 8848 8847
8847 8846 8850
8849 8847 8850
8851 8849 8850
8851 8850 8852
8852 8853 8851
8852 8854 8853
8855 8856 8857
8855 8858 8856
8858 8859 8856
8858 8860 8859
8860 8861 8859
8860 8862 8861
8863 8864 8865
8863 8866 8864
8867 8866 8863
8867 8863 8868
8869 8870 8871
8869 8872 8870
8870 8872 8873
8870 8873 8874
8875 8876 8877
8875 8878 8876
8878 8879 8876
8878 8880 8879
8881 8882 8883
8881 8883 8884
8885 8881 8884
8885 8884 8886
8887 8888 8889
8887 8889 8890
8891 8892 8893
8891 8893 8894
8895 8891 8894
8895 8894 8896
8897 8895 8896
8897 8896 8898
8899 8897 8898
8899 8898 8900
8901 8899 8900
8901 8900 8902
8903 8901 8902
8903 8902 8904
8905 8903 8904
8905 8904 8906
8907 8905 8906
8907 8906 8908
8909 8907 8908
8909 8908 8910
8911 8909 8910
8911 8910 8912
8913 8911 8912
8913 8914 8911
8915 8914 8913
8915 8913 8916
8915 8916 8917
8916 8918 8917
8916 8919 8918
8920 8918 8919
8920 8919 8921
8922 8923 8924
8922 8925 8923
8925 8926 8923
8925 8927 8926
8927 8928 8926
8927 8929 8928
8929 8930 8928
8929 8931 8930
8931 8932 8930
8931 8933 8932
8933 8934 8932
8933 8935 8934
8935 8936 8934
8935 8937 8936
8937 8938 8936
8937 8939 8938
8939 8940 8938
8939 8941 8940
8941 8942 8940
8941 8943 8942
8943 8944 8942
8943 8945 8944
8945 8946 8944
8945 8947 8946
8947 8948 8946
8947 8949 8948
8950 8948 8949
8950 8949 8951
8950 8951 8952
8950 8952 8953
8953 8952 8954
8955 8953 8954
8955 8956 8953
8955 8957 8956
8955 8958 8957
8959 8960 8961
8959 8962 8960
8959 8963 8962
8959 8964 8963
8963 8964 8965
8963 8965 8966
8967 8968 8969
8967 8969 8970
8971 8972 8973
8971 8973 8974
8975 8976 8977
8975 8977 8978
8979 8980 8981
8979 8981 8982
8983 8984 8985
8983 8985 8986
8987 8988 8989
8987 8989 8990
8991 8992 8993
8991 8993 8994
8995 8996 8997
8995 8998 8996
8998 8999 8996
8998 9000 8999
9000 9001 8999
9000 9002 9001
9002 9003 9001
9004 9005 9006
9004 9006 9007
9008 9009 9010
9008 9010 9011
9012 9013 9014
9012 9014 9015
9016 9017 9018
9016 9018 9019
9020 9021 9022
9020 9022 9023
9024 9025 9026
9024 9026 9027
9028 9029 9030
9028 9030 9031
9032 9033 9034
9032 9034 9035
9036 9037 9038
9036 9038 9039
9040 9041 9042
9043 9040 9042
9043 9042 9044
9045 9043 9044
9045 9044 9046
9047 9045 9046
9047 9046 9048
9049 9047 9048
9049 9048 9050
9051 9049 9050
9051 9050 9052
9053 9051 9052
9053 9054 9051
9053 9055 9054
9056 9057 9058
9056 9059 9057
9056 9060 9059
9056 9061 9060
9062 9061 9056
9062 9056 9063
9062 9063 9064
9062 9065 9061
9066 9061 9065
9067 9060 9061
9066 9067 9061
9067 9068 9060
9069 9068 9067
9069 9067 9070
9071 9069 9070
9071 9070 9072
9073 9071 9072
9073 9074 9071
9073 9075 9074
9073 9076 9075
9077 9075 9076
9077 9078 9075
9079 9078 9077
9079 9077 9080
9081 9079 9080
9081 9082 9079
9083 9082 9081
9083 9084 9082
9085 9084 9083
9085 9086 9084
9087 9086 9085
9087 9085 9088
9089 9087 9088
9089 9088 9090
9089 9090 9091
9089 9091 9092
9092 9091 9093
9092 9093 9094
9095 9096 9097
9098 9099 9097
9100 9098 9101
9100 9102 9096
9100 9103 9102
9100 9104 9103
9105 9104 9100
9100 9106 9105
9106 9100 9107
9100 9108 9107
9100 9109 9108
9100 9110 9111
9100 9111 9112
9113 9114 9109
9113 9112 9115
9114 9116 9115
9117 9118 9119
9117 9119 9120
9120 9119 9121
9120 9121 9122
9121 9123 9122
9121 9124 9123
9124 9125 9123
9123 9125 9126
9126 9125 9127
9126 9127 9128
9127 9129 9128
9129 9127 9130
9128 9129 9131
9129 9130 9132
9131 9129 9133
9129 9132 9133
9131 9133 9134
9133 9135 9134
9132 9136 9133
9133 9136 9135
9132 9137 9136
9136 9137 9138
9135 9136 9139
9136 9138 9139
9135 9139 9140
9141 9139 9138
9140 9139 9142
9142 9139 9141
9141 9143 9142
9142 9143 9144
9143 9141 9145
9143 9146 9144
9145 9147 9143
9143 9147 9146
9145 9148 9147
9147 9066 9146
9067 9147 9148
9067 9066 9147
9149 9150 9151
9149 9151 9152
9153 9149 9152
9153 9152 9154
9154 9155 9153
9154 9156 9155
9157 9156 9154
9157 9158 9156
9159 9158 9157
9159 9160 9158
9153 9155 9161
9153 9161 9162
9163 9160 9159
9163 9164 9160
9161 9165 9162
9161 9166 9165
9165 9166 9167
9165 9167 9168
9168 9167 9169
9168 9169 9170
9171 9164 9163
9171 9163 9172
9170 9169 9173
9170 9173 9174
9175 9171 9172
9175 9176 9171
9173 9177 9174
9173 9178 9177
9179 9176 9175
9179 9175 9180
9177 9178 9181
9177 9181 9182
9181 9183 9182
9181 9184 9183
9185 9179 9180
9185 9186 9179
9187 9186 9185
9187 9185 9188
9184 9189 9183
9184 9190 9189
9191 9187 9188
9191 9188 9192
9189 9190 9193
9189 9193 9194
9193 9195 9194
9193 9196 9195
9196 9197 9195
9196 9198 9197
9199 9191 9192
9198 9200 9197
9199 9201 9191
9198 9202 9200
9199 9202 9201
9199 9200 9202
9199 9203 9200
9199 9204 9203
9205 9206 9207
9205 9208 9206
9208 9209 9206
9208 9210 9209
9210 9211 9209
9210 9212 9211
9213 9214 9215
9213 9215 9216
9217 9213 9216
9217 9218 9213
9219 9220 9221
9219 9222 9220
9220 9222 9223
9220 9223 9224
9223 9225 9224
9223 9226 9225
9227 9228 9229
9227 9229 9230
9231 9227 9230
9231 9232 9227
9233 9234 9235
9233 9235 9236
9235 9237 9236
9235 9238 9237
9239 9240 9241
9239 9242 9240
9240 9242 9243
9240 9243 9244
9245 9246 9247
9245 9248 9246
9249 9248 9245
9249 9245 9250
9251 9252 9253
9251 9253 9254
9255 9256 9257
9255 9258 9256
9259 9258 9255
9259 9260 9258
9261 9260 9259
9261 9262 9260
9263 9262 9261
9263 9264 9262
9265 9264 9263
9265 9266 9264
9267 9266 9265
9267 9268 9266
9269 9268 9267
9269 9270 9268
9271 9270 9269
9271 9272 9270
9273 9272 9271
9273 9271 9274
9275 9273 9274
9275 9276 9273
9275 9277 9276
9277 9275 9278
9279 9277 9278
9277 9279 9280
9281 9280 9279
9282 9280 9281
9282 9283 9280
9284 9283 9282
9284 9282 9285
9286 9287 9288
9286 9288 9289
9289 9288 9290
9289 9290 9291
9291 9290 9292
9291 9292 9293
9293 9292 9294
9293 9294 9295
9295 9294 9296
9295 9296 9297
9297 9296 9298
9297 9298 9299
9299 9298 9300
9299 9300 9301
9301 9300 9302
9301 9302 9303
9302 9304 9303
9302 9305 9304
9304 9305 9306
9304 9306 9307
9306 9308 9307
9306 9309 9308
9308 9309 9310
9308 9310 9311
9310 9312 9311
9310 9313 9312
9312 9313 9314
9312 9314 9315
9314 9316 9315
9317 9316 9314
9316 9317 9318
9318 9317 9319
9318 9319 9320
9320 9319 9321
9320 9321 9322
9323 9324 9325
9323 9325 9326
9323 9326 9327
9323 9327 9328
9327 9329 9328
9327 9330 9329
9331 9332 9333
9331 9334 9332
9334 9335 9332
9334 9336 9335
9336 9337 9335
9336 9338 9337
9338 9339 9337
9340 9341 9342
9340 9342 9343
9344 9345 9346
9344 9346 9347
9348 9349 9350
9348 9350 9351
9352 9353 9354
9352 9354 9355
9356 9357 9358
9356 9358 9359
9360 9361 9362
9360 9362 9363
9364 9365 9366
9364 9366 9367
9368 9369 9370
9368 9370 9371
9372 9373 9374
9372 9374 9375
9376 9377 9378
9376 9378 9379
9380 9381 9382
9380 9382 9383
9384 9385 9386
9384 9386 9387
9388 9389 9390
9388 9390 9391
9392 9393 9394
9392 9394 9395
9396 9397 9398
9396 9398 9399
9400 9401 9402
9400 9402 9403
9404 9405 9406
9407 9405 9404
9407 9408 9405
9409 9408 9407
9409 9410 9408
9411 9410 9409
9411 9412 9410
9413 9412 9411
9413 9414 9412
9415 9414 9413
9415 9416 9414
9417 9416 9415
9417 9415 9418
9417 9418 9419
9420 9421 9422
9420 9422 9423
9420 9423 9424
9420 9424 9425
9426 9420 9425
9426 9427 9420
9426 9428 9427
9426 9425 9429
9430 9429 9425
9431 9425 9424
9430 9425 9431
9431 9424 9432
9433 9431 9432
9433 9434 9431
9435 9434 9433
9435 9436 9434
9437 9436 9435
9437 9435 9438
9437 9438 9439
9437 9439 9440
9441 9440 9439
9441 9439 9442
9443 9441 9442
9443 9444 9441
9445 9444 9443
9445 9443 9446
9447 9445 9446
9447 9446 9448
9449 9447 9448
9449 9448 9450
9451 9449 9450
9451 9452 9449
9453 9452 9451
9453 9454 9452
9453 9455 9454
9453 9456 9455
9456 9457 9455
9456 9458 9457
9459 9460 9461
9459 9462 9460
9462 9463 9460
9462 9464 9463
9463 9464 9465
9463 9465 9466
9466 9465 9467
9465 9468 9467
9468 9469 9467
9468 9470 9469
9469 9470 9471
9471 9472 9469
9470 9473 9471
9471 9474 9472
9473 9475 9471
9471 9475 9474
9473 9476 9475
9475 9476 9477
9474 9475 9478
9475 9477 9478
9474 9478 9479
9478 9480 9479
9477 9481 9478
9478 9481 9480
9477 9482 9481
9483 9480 9481
9482 9484 9481
9484 9483 9481
9483 9484 9485
9484 9486 9485
9485 9487 9483
9485 9486 9488
9487 9485 9489
9485 9488 9489
9487 9489 9490
9489 9488 9430
9431 9490 9489
9431 9489 9430
9491 9492 9493
9492 9494 9493
9492 9495 9494
9494 9496 9493
9495 9497 9494
9494 9498 9496
9498 9499 9496
9498 9500 9499
9497 9501 9494
9497 9502 9501
9503 9494 9501
9503 9498 9494
9502 9504 9501
9504 9503 9501
9502 9505 9504
9504 9506 9503
9506 9507 9503
9507 9498 9503
9506 9508 9507
9498 9509 9500
9507 9509 9498
9508 9510 9507
9510 9509 9507
9508 9511 9510
9510 9512 9509
9509 9512 9513
9509 9513 9514
9509 9514 9500
9514 9515 9500
9514 9516 9515
9517 9518 9519
9518 9520 9519
9518 9521 9520
9521 9522 9520
9521 9523 9522
9523 9524 9522
9523 9525 9524
9525 9526 9524
9527 9528 9529
9530 9527 9529
9530 9529 9531
9530 9531 9532
9530 9532 9533
9532 9534 9533
9532 9535 9534
9535 9536 9534
9537 9538 9539
9538 9537 9540
9537 9541 9540
9542 9541 9537
9541 9543 9540
9542 9537 9544
9542 9544 9545
9546 9543 9541
9542 9545 9547
9546 9541 9548
9548 9541 9542
9549 9546 9548
9549 9550 9546
9551 9549 9548
9551 9548 9552
9548 9542 9552
9553 9551 9552
9552 9542 9554
9547 9554 9542
9553 9552 9555
9552 9554 9555
9556 9553 9555
9556 9555 9557
9555 9558 9557
9555 9554 9558
9559 9558 9554
9559 9554 9547
9560 9559 9547
9547 9561 9560
9561 9562 9560
9563 9564 9565
9565 9564 9566
9565 9566 9567
9566 9564 9568
9567 9566 9569
9566 9568 9570
9570 9568 9571
9570 9571 9572
9569 9566 9573
9569 9573 9574
9575 9573 9566
9575 9566 9570
9574 9573 9576
9576 9573 9575
9574 9576 9577
9576 9575 9578
9578 9575 9579
9579 9575 9570
9578 9579 9580
9570 9572 9581
9579 9570 9581
9580 9579 9582
9582 9579 9581
9580 9582 9583
9582 9581 9584
9581 9585 9584
9581 9586 9585
9581 9572 9586
9586 9572 9587
9586 9587 9588
9589 9590 9591
9591 9590 9592
9591 9592 9593
9593 9592 9594
9593 9594 9595
9595 9594 9596
9595 9596 9597
9597 9596 9598
9599 9600 9601
9602 9600 9599
9602 9603 9600
9602 9604 9603
9602 9605 9604
9604 9605 9606
9604 9606 9607
9607 9606 9608
9609 9610 9611
9611 9612 9609
9609 9612 9613
9614 9609 9613
9613 9612 9615
9614 9616 9609
9614 9617 9616
9618 9613 9615
9614 9619 9617
9618 9620 9613
9620 9614 9613
9621 9620 9618
9621 9618 9622
9623 9620 9621
9623 9624 9620
9620 9624 9614
9625 9624 9623
9624 9626 9614
9619 9614 9626
9625 9627 9624
9624 9627 9626
9628 9627 9625
9628 9629 9627
9627 9629 9630
9627 9630 9626
9631 9626 9630
9631 9619 9626
9632 9619 9631
9619 9632 9633
9633 9632 9634
9635 9636 9637
9635 9638 9636
9639 9636 9638
9639 9638 9640
9641 9640 9638
9635 9642 9638
9641 9638 9642
9635 9643 9642
9644 9641 9642
9643 9644 9642
9644 9645 9641
9643 9646 9644
9647 9648 9649
9647 9649 9650
9651 9652 9653
9651 9654 9652
9655 9652 9654
9651 9656 9654
9651 9657 9656
9656 9658 9654
9655 9654 9658
9656 9659 9658
9660 9655 9658
9659 9660 9658
9660 9661 9655
9659 9662 9660
9663 9664 9665
9663 9665 9666
9665 9667 9666
9665 9668 9667
9669 9670 9671
9669 9671 9672
9673 9674 9675
9673 9675 9676
9677 9678 9679
9677 9679 9680
9680 9679 9681
9682 9677 9680
9682 9683 9677
9684 9682 9680
9684 9685 9681
9686 9687 9688
9686 9689 9687
9690 9689 9686
9690 9686 9691
9692 9690 9691
9692 9693 9694
9691 9695 9694
9696 9695 9691
9696 9697 9695
9698 9697 9696
9698 9696 9699
9700 9701 9702
9700 9702 9703
9704 9705 9706
9704 9706 9707
9708 9709 9710
9708 9710 9711
9712 9713 9714
9712 9714 9715
9716 9717 9718
9716 9718 9719
9720 9719 9718
9720 9721 9719
9722 9716 9719
9721 9722 9719
9722 9723 9716
9721 9724 9722
9725 9726 9727
9725 9728 9726
9729 9728 9725
9728 9730 9726
9729 9731 9728
9728 9732 9730
9731 9732 9728
9731 9733 9732
9734 9735 9736
9734 9736 9737
9738 9737 9736
9738 9739 9737
9740 9734 9737
9739 9740 9737
9740 9741 9734
9739 9742 9740
9743 9742 9739
9743 9744 9742
9745 9743 9739
9745 9739 9746
9747 9743 9745
9747 9748 9743
9748 9744 9743
9748 9749 9744
9750 9751 9752
9752 9753 9750
9752 9754 9753
9754 9755 9753
9754 9756 9755
9756 9757 9755
9758 9759 9760
9758 9760 9761
9762 9761 9760
9762 9763 9761
9764 9761 9763
9758 9761 9765
9764 9765 9761
9758 9765 9766
9767 9765 9764
9766 9765 9767
9767 9764 9768
9766 9767 9769
9770 9771 9772
9770 9772 9773
9774 9775 9776
9774 9776 9777
9778 9777 9776
9774 9777 9779
9774 9779 9780
9779 9777 9781
9778 9781 9777
9779 9781 9782
9783 9781 9778
9782 9781 9783
9783 9778 9784
9782 9783 9785
9786 9787 9788
9786 9789 9787
9787 9789 9790
9787 9790 9791
9792 9793 9794
9792 9794 9795
9796 9797 9798
9796 9798 9799
9800 9801 9802
9800 9803 9801
9803 9804 9801
9805 9803 9800
9805 9800 9806
9807 9803 9805
9807 9804 9808
9809 9810 9811
9809 9811 9812
9813 9809 9812
9813 9814 9809
9815 9814 9813
9815 9816 9817
9814 9816 9818
9819 9814 9818
9819 9818 9820
9821 9819 9820
9821 9822 9819
9823 9824 9825
9823 9825 9826
9827 9828 9829
9827 9829 9830
9831 9832 9833
9831 9833 9834
9835 9836 9837
9835 9837 9838
9839 9840 9841
9839 9842 9840
9842 9839 9843
9842 9844 9840
9842 9843 9845
9842 9846 9844
9847 9842 9845
9847 9846 9842
9848 9849 9850
9848 9850 9851
9851 9850 9852
9851 9852 9853
9854 9851 9853
9854 9855 9851
9855 9848 9851
9855 9856 9848
9857 9858 9859
9857 9860 9858
9860 9861 9858
9860 9862 9861
9863 9862 9860
9860 9857 9864
9863 9860 9865
9860 9864 9865
9865 9864 9866
9865 9866 9867
9867 9866 9868
9867 9868 9869
9870 9867 9869
9870 9871 9867
9871 9865 9867
9871 9872 9865
9873 9874 9875
9873 9876 9874
9877 9876 9873
9876 9878 9874
9877 9879 9876
9879 9878 9876
9880 9881 9882
9883 9881 9880
9884 9885 9886
9884 9886 9887
9887 9886 9888
9884 9887 9889
9884 9889 9890
9887 9888 9891
9889 9887 9891
9891 9888 9892
9893 9890 9889
9893 9894 9890
9895 9894 9893
9889 9891 9896
9891 9892 9897
9896 9891 9897
9898 9893 9889
9898 9889 9896
9895 9893 9899
9899 9893 9898
9892 9900 9897
9892 9901 9900
9896 9897 9902
9902 9897 9900
9903 9895 9899
9903 9904 9895
9905 9903 9899
9899 9898 9906
9905 9899 9906
9907 9898 9896
9906 9898 9907
9907 9896 9902
9905 9906 9908
9906 9907 9908
9907 9909 9908
9905 9908 9910
9909 9910 9908
9909 9911 9910
9912 9911 9909
9913 9907 9902
9907 9913 9909
9912 9909 9914
9915 9912 9914
9909 9913 9916
9909 9916 9914
9915 9914 9917
9918 9915 9917
9914 9916 9919
9914 9919 9917
9918 9917 9920
9921 9918 9920
9917 9919 9922
9917 9922 9920
9923 9919 9916
9922 9919 9923
9924 9916 9913
9923 9916 9924
9913 9902 9925
9924 9913 9925
9902 9926 9925
9902 9900 9926
9927 9924 9925
9927 9925 9926
9926 9900 9928
9926 9928 9927
9901 9928 9900
9901 9929 9928
9929 9930 9928
9927 9928 9930
9929 9931 9930
9930 9931 9932
9933 9924 9927
9927 9930 9933
9933 9923 9924
9930 9932 9934
9933 9930 9934
9934 9932 9935
9923 9933 9936
9933 9934 9936
9934 9935 9937
9936 9934 9937
9937 9935 9938
9923 9936 9939
9922 9923 9939
9936 9937 9940
9939 9936 9940
9937 9938 9941
9940 9937 9941
9941 9938 9942
9943 9922 9939
9920 9922 9943
9939 9940 9944
9943 9939 9944
9940 9941 9945
9945 9944 9940
9941 9942 9946
9945 9941 9946
9947 9946 9942
9947 9948 9946
9949 9946 9948
9945 9946 9949
9949 9948 9950
9951 9949 9950
9951 9952 9949
9952 9945 9949
9952 9951 9953
9945 9954 9944
9954 9943 9944
9952 9954 9945
9952 9953 9955
9954 9952 9955
9954 9956 9943
9920 9943 9956
9921 9920 9956
9954 9957 9956
9957 9921 9956
9954 9955 9957
9957 9958 9921
9955 9958 9957
9955 9959 9958
9953 9959 9955
9953 9960 9959
9961 9962 9963
9961 9963 9964
9965 9966 9967
9965 9967 9968
9969 9970 9971
9969 9971 9972
9973 9974 9975
9973 9975 9976
9977 9978 9979
9977 9979 9980
9981 9982 9983
9981 9983 9984
9985 9986 9987
9985 9987 9988
9989 9990 9991
9989 9991 9992
9993 9994 9995
9993 9995 9996
9997 9998 9999
9997 9999 10000
10001 10002 10003
10001 10003 10004
10005 10006 10007
10005 10007 10008
10009 10010 10011
10009 10011 10012
10013 10014 10015
10015 10016 10013
10016 10017 10013
10016 10018 10017
10018 10019 10017
10018 10020 10019
10021 10022 10023
10021 10023 10024
10025 10026 10027
10025 10027 10028
10029 10030 10031
10029 10031 10032
10033 10034 10035
10033 10035 10036
10037 10038 10039
10037 10039 10040
10041 10042 10043
10041 10043 10044
10045 10046 10047
10045 10047 10048
10049 10050 10051
10049 10051 10052
10053 10054 10055
10053 10055 10056
10057 10058 10059
10057 10059 10060
10061 10062 10063
10061 10063 10064
10065 10066 10067
10065 10067 10068
10069 10070 10071
10069 10071 10072
10073 10074 10075
10073 10075 10076
10077 10078 10079
10077 10079 10080
10081 10082 10083
10081 10083 10084
10085 10086 10087
10085 10087 10088
10087 10089 10088
10087 10090 10089
10090 10091 10089
10090 10092 10091
10091 10092 10093
10091 10093 10094
10094 10093 10095
10094 10095 10096
10096 10095 10097
10096 10097 10098
10099 10100 10101
10099 10101 10102
10103 10104 10105
10103 10105 10106
10107 10108 10109
10107 10109 10110
10111 10112 10113
10111 10113 10114
10115 10116 10117
10115 10117 10118
10119 10120 10121
10119 10121 10122
10119 10122 10123
10119 10123 10124
10125 10126 10127
10125 10127 10128
10129 10130 10131
10129 10131 10132
10133 10134 10135
10133 10135 10136
10137 10138 10139
10137 10139 10140
10141 10142 10143
10141 10143 10144
10145 10146 10147
10145 10147 10148
10147 10149 10148
10147 10150 10149
10150 10151 10149
10150 10152 10151
10151 10152 10153
10151 10153 10154
10154 10153 10155
10154 10155 10156
10156 10155 10157
10156 10157 10158
10159 10160 10161
10159 10161 10162
10161 10163 10162
10161 10164 10163
10164 10165 10163
10164 10166 10165
10166 10167 10165
10168 10169 10170
10168 10170 10171
10170 10172 10171
10170 10173 10172
10173 10174 10172
10173 10175 10174
10175 10176 10174
10177 10178 10179
10177 10179 10180
10180 10179 10181
10182 10177 10180
10182 10180 10183
10184 10182 10183
10184 10183 10185
10186 10184 10185
10186 10187 10184
10186 10185 10188
10189 10190 10191
10189 10192 10190
10193 10192 10189
10192 10194 10190
10193 10195 10192
10196 10195 10193
10192 10197 10194
10195 10197 10192
10197 10198 10194
10196 10199 10195
10196 10200 10199
10200 10201 10199
10197 10202 10198
10202 10203 10198
10202 10204 10203
10195 10205 10197
10199 10205 10195
10205 10202 10197
10201 10206 10199
10199 10206 10205
10201 10207 10206
10208 10204 10202
10205 10208 10202
10206 10208 10205
10208 10209 10204
10207 10210 10206
10206 10210 10208
10210 10209 10208
10207 10211 10210
10210 10212 10209
10211 10213 10210
10213 10212 10210
10214 10215 10216
10214 10217 10215
10217 10218 10215
10219 10217 10214
10219 10220 10217
10221 10220 10219
10221 10222 10220
10223 10222 10221
10223 10221 10224
10223 10225 10222
10226 10227 10228
10226 10228 10229
10230 10226 10229
10229 10228 10231
10230 10229 10232
10233 10230 10232
10229 10231 10234
10232 10229 10234
10234 10231 10235
10233 10232 10236
10233 10236 10237
10237 10236 10238
10234 10235 10239
10239 10235 10240
10239 10240 10241
10232 10234 10242
10236 10232 10242
10242 10234 10239
10238 10236 10243
10236 10242 10243
10238 10243 10244
10245 10239 10241
10242 10239 10245
10243 10242 10245
10245 10241 10246
10244 10243 10247
10243 10245 10247
10247 10245 10246
10244 10247 10248
10247 10246 10249
10248 10247 10250
10250 10247 10249
10251 10252 10253
10251 10253 10254
10254 10253 10255
10254 10255 10256
10255 10257 10256
10255 10258 10257
10257 10258 10259
10257 10259 10260
10261 10262 10263
10261 10264 10262
10265 10264 10261
10265 10266 10264
10267 10266 10265
10267 10268 10266
10269 10268 10267
10269 10270 10268
10269 10271 10270
10272 10273 10274
10275 10272 10274
10275 10276 10272
10275 10277 10276
10275 10278 10277
10279 10277 10278
10279 10280 10277
10279 10281 10280
10279 10282 10281
10283 10281 10282
10283 10284 10281
10285 10284 10283
10285 10283 10286
10287 10288 10289
10287 10289 10290
10290 10291 10287
10289 10292 10290
10289 10293 10292
10294 10292 10293
10294 10295 10292
10290 10296 10291
10292 10296 10290
10296 10297 10291
10295 10298 10292
10292 10298 10296
10295 10299 10298
10298 10299 10300
10296 10301 10297
10298 10301 10296
10301 10302 10297
10298 10300 10303
10300 10304 10303
10300 10305 10304
10298 10306 10301
10307 10304 10305
10301 10308 10302
10306 10308 10301
10306 10304 10308
10309 10302 10308
10309 10308 10310
10308 10311 10310
10308 10304 10311
10307 10312 10304
10304 10312 10311
10311 10312 10313
10314 10312 10307
10312 10315 10313
10314 10316 10312
10312 10317 10315
10318 10316 10314
10318 10319 10316
10320 10319 10318
10320 10318 10321
10321 10322 10320
10321 10323 10322
10323 10324 10322
10323 10325 10324
10326 10324 10325
10326 10325 10327
10328 10326 10327
10328 10327 10329
10330 10315 10317
10330 10317 10331
10332 10328 10329
10332 10329 10333
10330 10331 10334
10335 10332 10333
10335 10336 10332
10335 10337 10336
10335 10338 10337
10330 10334 10339
10340 10339 10334
10341 10337 10338
10341 10338 10342
10343 10341 10342
10343 10344 10341
10345 10344 10343
10345 10346 10344
10334 10347 10340
10334 10348 10347
10349 10347 10348
10349 10350 10347
10351 10350 10349
10351 10352 10350
10353 10346 10345
10353 10354 10346
10355 10352 10351
10355 10356 10352
10353 10357 10354
10353 10358 10357
10359 10356 10355
10359 10355 10360
10361 10357 10358
10361 10362 10357
10363 10362 10361
10363 10361 10364
10365 10359 10360
10365 10366 10359
10367 10366 10365
10367 10365 10368
10364 10369 10363
10370 10367 10368
10370 10368 10371
10364 10372 10369
10373 10370 10371
10373 10374 10370
10375 10374 10373
10375 10373 10376
10377 10375 10376
10377 10378 10375
10379 10378 10377
10379 10377 10380
10381 10379 10380
10381 10382 10379
10383 10382 10381
10383 10381 10384
10385 10383 10384
10384 10386 10385
10384 10369 10386
10386 10369 10387
10386 10387 10388
10387 10389 10388
10390 10387 10369
10390 10369 10372
10391 10387 10390
10387 10392 10389
10391 10392 10387
10392 10393 10389
10394 10392 10391
10393 10392 10395
10394 10395 10392
10393 10395 10396
10393 10396 10397
10396 10398 10397
10396 10399 10398
10400 10399 10396
10400 10396 10401
10401 10396 10395
10402 10400 10401
10403 10395 10394
10401 10395 10403
10403 10394 10404
10405 10403 10404
10402 10401 10406
10407 10402 10406
10401 10403 10408
10405 10408 10403
10401 10408 10406
10407 10406 10409
10409 10406 10408
10409 10410 10407
10409 10411 10410
10412 10408 10405
10409 10408 10412
10412 10411 10409
10412 10405 10413
10412 10414 10411
10413 10414 10412
10413 10415 10414
10416 10417 10418
10416 10419 10417
10417 10419 10420
10417 10420 10421
10421 10420 10422
10423 10424 10425
10423 10426 10424
10423 10427 10426
10426 10427 10428
10428 10427 10429
10423 10430 10427
10429 10427 10430
10429 10430 10431
10432 10429 10431
10424 10426 10433
10426 10428 10433
10432 10434 10429
10435 10434 10432
10435 10432 10436
10435 10436 10437
10438 10437 10436
10439 10437 10438
10434 10435 10440
10440 10435 10437
10439 10441 10437
10440 10437 10441
10439 10442 10441
10441 10442 10443
10429 10434 10444
10434 10440 10444
10445 10440 10441
10445 10444 10440
10441 10443 10446
10445 10441 10446
10446 10443 10447
10446 10447 10448
10448 10445 10446
10448 10449 10445
10449 10450 10445
10445 10450 10444
10451 10450 10449
10451 10452 10450
10429 10444 10453
10450 10453 10444
10450 10452 10453
10428 10429 10453
10428 10453 10452
10428 10452 10454
10455 10428 10454
10455 10433 10428
10455 10456 10433
10455 10457 10456
10424 10433 10456
10458 10456 10457
10458 10457 10459
10460 10456 10458
10460 10424 10456
10461 10424 10460
10461 10462 10424
10463 10464 10465
10463 10466 10464
10467 10466 10463
10468 10464 10466
10468 10423 10464
10469 10468 10466
10467 10470 10466
10469 10466 10470
10471 10470 10467
10469 10470 10472
10471 10472 10470
10469 10472 10473
10474 10472 10471
10474 10475 10472
10472 10476 10473
10472 10475 10476
10477 10476 10478
10477 10478 10479
10477 10480 10476
10477 10481 10480
10482 10477 10479
10482 10481 10477
10480 10481 10483
10480 10483 10484
10483 10485 10484
10483 10486 10485
10486 10487 10485
10481 10488 10483
10489 10486 10483
10489 10483 10488
10486 10490 10487
10489 10490 10486
10482 10491 10481
10481 10491 10488
10492 10487 10490
10493 10487 10492
10493 10492 10494
10495 10494 10492
10490 10496 10492
10495 10492 10496
10489 10497 10490
10490 10497 10496
10495 10496 10498
10495 10498 10499
10500 10497 10489
10488 10500 10489
10496 10497 10501
10496 10501 10498
10500 10501 10497
10499 10498 10502
10499 10502 10503
10498 10504 10502
10498 10501 10504
10505 10504 10501
10505 10501 10500
10506 10505 10500
10506 10500 10488
10507 10506 10488
10507 10488 10491
10482 10507 10491
10482 10508 10507
10508 10482 10509
10508 10509 10510
10511 10510 10509
10511 10509 10512
10482 10479 10509
10512 10509 10479
10512 10479 10513
10513 10479 10514
10513 10514 10515
10516 10517 10518
10518 10517 10519
10518 10519 10520
10519 10521 10520
10519 10522 10521
10523 10524 10525
10523 10526 10524
10523 10527 10526
10523 10528 10527
10529 10527 10528
10529 10530 10527
10531 10530 10529
10531 10532 10530
10533 10532 10531
10533 10534 10532
10535 10534 10533
10535 10536 10534
10537 10536 10535
10537 10538 10536
10539 10540 10541
10539 10542 10540
10542 10539 10543
10542 10543 10544
10542 10545 10540
10546 10544 10543
10542 10547 10545
10542 10544 10547
10545 10547 10548
10544 10548 10547
10545 10548 10549
10550 10549 10548
10550 10551 10549
10552 10550 10548
10552 10548 10544
10544 10553 10552
10544 10554 10553
10546 10554 10544
10555 10553 10554
10546 10556 10554
10555 10554 10556
10546 10557 10556
10556 10558 10555
10559 10556 10557
10556 10560 10558
10559 10560 10556
10561 10558 10560
10559 10561 10560
10561 10562 10558
10559 10563 10561
10564 10562 10561
10565 10562 10564
10565 10566 10562
10567 10566 10565
10567 10565 10568
10569 10567 10568
10569 10568 10570
10571 10569 10570
10571 10570 10572
10573 10571 10572
10573 10572 10574
10575 10573 10574
10575 10574 10576
10574 10577 10576
10570 10578 10572
10578 10574 10572
10568 10579 10570
10570 10579 10578
10565 10580 10568
10568 10580 10579
10574 10581 10577
10578 10581 10574
10582 10577 10581
10582 10583 10577
10584 10582 10581
10584 10581 10578
10579 10584 10578
10579 10585 10584
10585 10579 10580
10585 10580 10586
10565 10587 10580
10587 10586 10580
10587 10588 10586
10587 10565 10564
10589 10588 10587
10587 10564 10589
10589 10590 10588
10589 10564 10591
10564 10561 10591
10590 10589 10592
10589 10591 10592
10590 10592 10593
10561 10594 10591
10594 10592 10591
10561 10563 10594
10595 10593 10592
10594 10595 10592
10595 10596 10593
10596 10595 10597
10594 10597 10595
10596 10597 10598
10563 10599 10594
10594 10599 10597
10563 10600 10599
10601 10599 10600
10597 10599 10601
10601 10600 10602
10598 10597 10603
10597 10601 10603
10598 10603 10604
10605 10604 10603
10606 10601 10602
10606 10603 10601
10606 10602 10607
10605 10603 10608
10606 10608 10603
10609 10605 10608
10610 10606 10607
10608 10606 10610
10610 10607 10611
10609 10608 10612
10608 10610 10612
10613 10610 10611
10613 10612 10610
10613 10611 10614
10615 10609 10612
10613 10615 10612
10615 10616 10609
10617 10613 10614
10615 10613 10617
10617 10614 10618
10615 10617 10619
10619 10616 10615
10619 10620 10616
10621 10622 10623
10621 10623 10624
10625 10621 10624
10624 10623 10626
10625 10624 10627
10627 10628 10625
10624 10626 10629
10627 10624 10629
10629 10626 10630
10629 10630 10631
10627 10629 10632
10632 10629 10633
10632 10633 10634
10627 10635 10628
10627 10632 10636
10627 10636 10635
10628 10635 10637
10636 10637 10635
10628 10637 10638
10632 10634 10639
10632 10639 10636
10639 10640 10636
10636 10640 10637
10639 10641 10640
10640 10641 10642
10638 10637 10643
10638 10643 10644
10645 10637 10640
10637 10645 10643
10640 10642 10646
10645 10640 10646
10646 10642 10647
10644 10643 10648
10644 10648 10649
10643 10645 10650
10643 10650 10648
10645 10646 10651
10646 10647 10651
10645 10651 10650
10652 10649 10648
10652 10653 10649
10654 10648 10650
10651 10654 10650
10654 10652 10648
10655 10651 10647
10651 10655 10654
10656 10655 10647
10656 10657 10655
10658 10655 10657
10658 10654 10655
10658 10652 10654
10658 10659 10652
10659 10653 10652
10659 10660 10653
10661 10662 10663
10661 10663 10664
10664 10634 10661
10664 10665 10634
10664 10663 10666
10667 10665 10664
10664 10666 10668
10667 10664 10668
10668 10666 10669
10667 10668 10670
10668 10669 10670
10670 10669 10671
10667 10670 10672
10670 10671 10673
10672 10670 10673
10672 10673 10674
10674 10675 10676
10674 10676 10677
10674 10677 10678
10677 10679 10678
10679 10680 10678
10674 10678 10681
10680 10681 10678
10680 10682 10681
10683 10682 10680
10676 10684 10677
10677 10684 10679
10683 10680 10685
10686 10683 10685
10686 10687 10683
10686 10688 10687
10689 10687 10688
10690 10689 10688
10685 10691 10686
10691 10688 10686
10690 10688 10692
10691 10692 10688
10690 10692 10693
10692 10694 10693
10680 10695 10685
10685 10695 10691
10696 10692 10691
10696 10691 10695
10692 10697 10694
10696 10697 10692
10697 10698 10694
10697 10699 10698
10699 10697 10696
10699 10696 10700
10700 10696 10701
10696 10695 10701
10702 10700 10701
10702 10701 10703
10680 10704 10695
10701 10695 10704
10701 10704 10703
10679 10704 10680
10679 10703 10704
10679 10705 10703
10706 10705 10679
10706 10679 10684
10706 10684 10707
10706 10707 10708
10707 10709 10708
10707 10710 10709
10676 10707 10684
10676 10710 10707
10676 10711 10710
10712 10711 10676
10712 10713 10711
10714 10715 10716
10714 10716 10717
10718 10714 10717
10718 10717 10719
10720 10718 10719
10720 10719 10721
10722 10720 10721
10722 10721 10723
10722 10723 10724
10725 10726 10727
10728 10726 10725
10728 10725 10729
10728 10729 10730
10728 10730 10731
10732 10731 10730
10732 10730 10733
10732 10733 10734
10732 10734 10735
10736 10735 10734
10736 10734 10737
10737 10738 10736
10737 10739 10738
10740 10741 10742
10740 10743 10741
10743 10740 10744
10741 10743 10745
10741 10745 10746
10747 10746 10745
10747 10745 10748
10743 10744 10749
10745 10743 10749
10749 10744 10750
10748 10745 10751
10745 10749 10751
10748 10751 10752
10751 10753 10752
10749 10750 10754
10751 10749 10754
10754 10750 10755
10751 10756 10753
10753 10756 10757
10753 10757 10758
10751 10754 10759
10760 10758 10757
10754 10755 10761
10759 10754 10761
10759 10761 10757
10762 10761 10755
10762 10763 10761
10761 10763 10764
10761 10764 10757
10760 10757 10765
10757 10764 10765
10764 10766 10765
10767 10760 10765
10765 10766 10768
10767 10765 10769
10765 10768 10770
10771 10767 10769
10772 10770 10768
10771 10769 10773
10772 10774 10770
10773 10775 10771
10776 10774 10772
10773 10777 10775
10776 10778 10774
10779 10778 10776
10780 10778 10779
10780 10779 10781
10782 10780 10781
10782 10781 10783
10784 10782 10783
10784 10783 10785
10786 10775 10777
10786 10777 10787
10786 10787 10788
10786 10788 10789
10790 10789 10788
10790 10791 10789
10792 10791 10790
10792 10793 10791
10794 10784 10785
10794 10785 10795
10796 10793 10792
10796 10797 10793
10798 10794 10795
10798 10799 10794
10800 10797 10796
10800 10796 10801
10800 10801 10802
10800 10802 10803
10804 10799 10798
10804 10798 10805
10806 10804 10805
10806 10807 10804
10808 10803 10802
10808 10809 10803
10810 10809 10808
10810 10808 10811
10812 10810 10811
10812 10811 10813
10814 10807 10806
10814 10815 10807
10816 10812 10813
10816 10813 10817
10818 10815 10814
10818 10814 10819
10816 10817 10820
10816 10820 10821
10822 10821 10820
10822 10820 10823
10823 10824 10822
10823 10825 10824
10826 10824 10825
10827 10818 10819
10827 10828 10818
10826 10825 10829
10830 10828 10827
10830 10827 10831
10832 10830 10831
10832 10833 10830
10834 10833 10832
10834 10832 10835
10835 10836 10834
10835 10837 10836
10838 10836 10837
10829 10836 10838
10839 10826 10829
10829 10838 10840
10839 10829 10841
10840 10841 10829
10840 10842 10841
10843 10839 10841
10841 10842 10844
10843 10841 10845
10841 10844 10845
10846 10843 10845
10845 10844 10847
10846 10845 10848
10847 10848 10845
10849 10846 10848
10849 10850 10846
10851 10850 10849
10847 10852 10848
10847 10853 10852
10852 10853 10854
10852 10854 10855
10856 10852 10855
10857 10848 10852
10856 10857 10852
10857 10849 10848
10858 10857 10856
10851 10849 10859
10857 10859 10849
10858 10860 10857
10857 10860 10859
10861 10860 10858
10861 10862 10860
10862 10859 10860
10862 10861 10863
10862 10863 10864
10865 10851 10859
10862 10865 10859
10865 10862 10864
10865 10866 10851
10865 10864 10867
10866 10865 10867
10866 10867 10868
10869 10870 10871
10869 10871 10872
10873 10869 10872
10873 10872 10874
10875 10873 10874
10875 10874 10876
10877 10875 10876
10877 10876 10878
10879 10877 10878
10879 10878 10880
10881 10879 10880
10881 10880 10882
10883 10881 10882
10883 10882 10884
10885 10886 10887
10885 10887 10888
10888 10889 10885
10888 10890 10889
10888 10887 10891
10892 10889 10890
10888 10891 10893
10888 10893 10890
10894 10893 10891
10894 10895 10893
10890 10893 10895
10896 10895 10894
10896 10894 10897
10898 10895 10896
10898 10890 10895
10890 10898 10899
10890 10899 10900
10892 10890 10900
10901 10900 10899
10892 10900 10902
10901 10902 10900
10892 10902 10903
10902 10901 10904
10905 10903 10902
10902 10904 10906
10905 10902 10906
10907 10906 10904
10905 10906 10907
10907 10904 10908
10905 10907 10909
10910 10907 10908
10911 10910 10908
10911 10908 10912
10913 10911 10912
10913 10914 10911
10915 10914 10913
10915 10916 10914
10917 10916 10915
10917 10918 10916
10919 10918 10917
10907 10920 10909
10910 10921 10907
10907 10921 10920
10909 10920 10922
10909 10922 10923
10924 10923 10922
10924 10925 10923
10920 10926 10922
10926 10924 10922
10927 10925 10924
10927 10928 10925
10926 10929 10924
10927 10924 10929
10930 10928 10927
10930 10931 10928
10927 10929 10932
10932 10930 10927
10933 10931 10930
10933 10934 10931
10935 10934 10933
10935 10933 10936
10933 10930 10937
10932 10937 10930
10938 10936 10933
10933 10937 10938
10938 10939 10936
10939 10938 10940
10939 10940 10941
10938 10942 10940
10938 10937 10942
10942 10937 10932
10942 10932 10943
10943 10932 10929
10943 10929 10944
10945 10944 10929
10945 10929 10926
10946 10945 10926
10946 10926 10947
10947 10948 10946
10920 10947 10926
10947 10949 10948
10920 10949 10947
10950 10948 10949
10920 10921 10949
10950 10949 10951
10951 10949 10921
10951 10952 10950
10951 10921 10910
10951 10953 10952
10953 10951 10910
10953 10954 10952
10953 10910 10911
10953 10955 10954
10911 10955 10953
10956 10954 10955
10911 10914 10955
10956 10955 10957
10914 10957 10955
10914 10916 10957
10957 10958 10956
10916 10959 10957
10957 10959 10958
10916 10918 10959
10958 10959 10960
10958 10960 10961
10962 10961 10960
10962 10960 10963
10959 10918 10964
10959 10964 10960
10964 10963 10960
10919 10964 10918
10964 10965 10963
10965 10964 10919
10965 10919 10966
10967 10968 10969
10967 10970 10968
10970 10967 10971
10970 10971 10972
10972 10971 10973
10974 10975 10976
10974 10977 10975
10978 10977 10974
10978 10979 10977
10979 10978 10980
10979 10980 10981
10982 10981 10980
10982 10983 10981
10984 10985 10986
10984 10986 10987
10988 10987 10986
10988 10989 10987
10990 10989 10988
10991 10992 10993
10991 10993 10994
10995 10996 10997
10995 10997 10998
10999 10995 10998
10998 10997 11000
10999 10998 11001
10998 11000 11002
10998 11003 11001
10998 11002 11003
11004 11005 11006
11004 11007 11005
11007 11004 11008
11009 11010 11011
11009 11011 11012
11013 11014 11015
11013 11016 11014
11013 11017 11016
11018 11019 11020
11018 11021 11019
11021 11022 11019
11021 11023 11022
11021 11024 11023
11025 11021 11018
11021 11025 11024
11025 11018 11026
11025 11027 11024
11028 11025 11026
11025 11028 11027
11028 11026 11029
11028 11030 11027
11031 11028 11029
11028 11032 11030
11031 11032 11028
11033 11034 11035
11033 11035 11036
11037 11038 11039
11037 11040 11038
11041 11040 11037
11040 11042 11038
11041 11043 11040
11040 11044 11042
11040 11043 11045
11040 11045 11044
11046 11047 11048
11046 11048 11049
11049 11050 11046
11051 11052 11053
11051 11053 11054
11055 11056 11057
11055 11057 11058
11055 11058 11059
11060 11061 11062
11060 11062 11063
11063 11062 11064
11063 11064 11065
11063 11065 11066
11067 11060 11063
11063 11066 11067
11067 11068 11060
11067 11066 11069
11070 11068 11067
11067 11069 11070
11070 11071 11068
11070 11069 11072
11073 11071 11070
11070 11072 11074
11073 11070 11074
11075 11076 11077
11075 11077 11078
11079 11075 11078
11079 11080 11075
11080 11079 11081
11082 11083 11084
11082 11084 11085
11086 11082 11085
11085 11084 11087
11086 11085 11088
11085 11087 11089
11085 11090 11088
11085 11089 11090
11091 11092 11093
11091 11093 11094
11095 11091 11094
11095 11094 11096
11095 11096 11097
11098 11099 11100
11098 11101 11099
11101 11102 11099
11101 11103 11102
11101 11104 11103
11105 11101 11098
11101 11105 11104
11105 11098 11106
11105 11107 11104
11108 11105 11106
11105 11108 11107
11108 11106 11109
11108 11110 11107
11111 11108 11109
11108 11112 11110
11111 11112 11108
11113 11114 11115
11113 11115 11116
11115 11117 11116
11118 11113 11116
11117 11119 11116
11118 11116 11120
11121 11118 11120
11121 11120 11122
11119 11123 11116
11123 11120 11116
11119 11124 11123
11123 11125 11120
11125 11122 11120
11125 11126 11122
11127 11128 11129
11127 11130 11128
11128 11130 11131
11128 11131 11132
11133 11128 11132
11132 11134 11133
11132 11135 11134
11135 11136 11134
11135 11137 11136
11138 11139 11140
11138 11140 11141
11142 11141 11140
11142 11143 11141
11144 11143 11142
11144 11145 11143
11146 11145 11144
11146 11147 11145
11148 11149 11150
11148 11150 11151
11152 11148 11151
11152 11153 11148
11154 11152 11151
11150 11155 11151
11154 11151 11155
11150 11156 11155
11154 11155 11157
11158 11154 11157
11159 11158 11157
11156 11160 11155
11156 11161 11160
11160 11161 11162
11160 11163 11155
11155 11163 11157
11159 11157 11164
11164 11165 11159
11160 11162 11166
11163 11160 11166
11157 11163 11167
11157 11167 11164
11163 11166 11167
11164 11168 11165
11167 11168 11164
11168 11169 11165
11168 11170 11169
11167 11171 11168
11171 11170 11168
11166 11171 11167
11171 11172 11170
11173 11166 11162
11166 11173 11171
11173 11172 11171
11173 11162 11174
11173 11175 11172
11176 11173 11174
11176 11175 11173
11177 11178 11179
11177 11179 11180
11181 11177 11180
11181 11180 11182
11181 11182 11183
11184 11181 11183
11184 11183 11185
11184 11185 11186
11184 11186 11187
11188 11189 11190
11188 11191 11189
11192 11191 11188
11192 11188 11193
11193 11194 11192
11195 11196 11197
11195 11198 11196
11199 11198 11195
11198 11200 11196
11199 11201 11198
11198 11202 11200
11198 11201 11203
11198 11203 11202
11204 11205 11206
11204 11207 11205
11208 11207 11204
11208 11209 11207
11208 11210 11209
11211 11212 11213
11211 11213 11214
11214 11213 11215
11214 11215 11216
11214 11216 11217
11218 11211 11214
11214 11217 11218
11218 11219 11211
11218 11217 11220
11221 11219 11218
11218 11220 11221
11221 11222 11219
11221 11220 11223
11224 11222 11221
11221 11223 11225
11224 11221 11225
11226 11227 11228
11226 11229 11227
11227 11229 11230
11231 11229 11226
11230 11229 11232
11231 11233 11229
11234 11233 11231
11234 11235 11233
11232 11229 11236
11236 11229 11233
11232 11236 11237
11236 11233 11238
11238 11233 11235
11238 11235 11239
11240 11241 11242
11240 11242 11243
11242 11244 11243
11242 11245 11244
11246 11245 11242
11245 11246 11247
11245 11247 11248
11248 11247 11249
11248 11249 11250
11251 11252 11253
11251 11254 11252
11255 11252 11254
11255 11254 11256
11257 11255 11256
11257 11256 11258
11259 11257 11258
11259 11258 11260
11261 11262 11263
11261 11264 11262
11265 11264 11261
11265 11261 11266
11267 11264 11265
11262 11264 11268
11267 11268 11264
11262 11268 11269
11267 11270 11268
11271 11270 11267
11272 11270 11271
11269 11268 11273
11269 11273 11274
11273 11275 11274
11273 11268 11276
11268 11270 11276
11272 11277 11270
11277 11272 11278
11273 11279 11275
11276 11279 11273
11270 11280 11276
11270 11277 11280
11276 11280 11279
11277 11278 11281
11280 11277 11281
11281 11278 11282
11281 11282 11283
11280 11281 11284
11284 11281 11283
11279 11280 11284
11284 11283 11285
11286 11275 11279
11279 11284 11286
11286 11284 11285
11286 11287 11275
11286 11285 11288
11289 11287 11286
11289 11286 11288
11290 11291 11292
11290 11293 11291
11294 11293 11290
11294 11295 11293
11294 11296 11295
11297 11296 11294
11297 11298 11296
11297 11299 11298
11297 11300 11299
11301 11302 11303
11303 11304 11301
11304 11305 11301
11303 11306 11304
11303 11307 11306
11308 11307 11303
11308 11303 11309
11310 11308 11309
11310 11309 11311
11312 11310 11311
11312 11311 11313
11314 11312 11313
11314 11313 11315
11315 11316 11314
11315 11317 11316
11317 11315 11318
11317 11318 11319
11319 11320 11317
11321 11322 11323
11321 11323 11324
11325 11321 11324
11325 11326 11321
11327 11326 11325
11327 11328 11326
11329 11328 11327
11329 11327 11330
11331 11329 11330
11331 11330 11332
11333 11331 11332
11333 11332 11334
11335 11336 11337
11335 11337 11338
11339 11335 11338
11339 11340 11335
11341 11340 11339
11341 11339 11342
11343 11341 11342
11343 11342 11344
11345 11343 11344
11345 11344 11346
11347 11345 11346
11347 11346 11348
11349 11350 11351
11349 11352 11350
11352 11349 11353
11352 11353 11354
11355 11354 11353
11356 11355 11353
11355 11357 11354
11355 11356 11358
11359 11357 11355
11355 11358 11360
11359 11355 11360
11361 11359 11360
11362 11360 11358
11362 11361 11360
11361 11363 11359
11361 11364 11363
11365 11363 11364
11365 11364 11366
11361 11367 11364
11361 11368 11367
11369 11368 11361
11369 11361 11362
11369 11362 11370
11362 11371 11370
11362 11372 11371
11373 11365 11366
11373 11374 11365
11375 11374 11373
11375 11373 11376
11377 11375 11376
11377 11376 11378
11372 11379 11371
11372 11380 11379
11381 11377 11378
11381 11378 11382
11379 11380 11383
11379 11383 11384
11385 11381 11382
11385 11386 11381
11383 11387 11384
11383 11388 11387
11389 11386 11385
11389 11385 11390
11387 11388 11391
11387 11391 11392
11393 11389 11390
11393 11394 11389
11391 11395 11392
11391 11396 11395
11397 11394 11393
11397 11393 11398
11395 11396 11399
11395 11399 11400
11401 11397 11398
11401 11402 11397
11399 11403 11400
11399 11404 11403
11405 11402 11401
11405 11401 11406
11403 11404 11407
11403 11407 11408
11407 11409 11408
11407 11410 11409
11410 11411 11409
11410 11412 11411
11413 11405 11406
11412 11413 11411
11413 11414 11405
11412 11414 11413
11415 11416 11417
11415 11417 11418
11419 11420 11421
11419 11421 11422
11423 11424 11425
11423 11425 11426
11427 11428 11429
11427 11429 11430
11431 11432 11433
11434 11432 11431
11435 11436 11437
11438 11436 11435
11439 11440 11441
11442 11440 11439
11439 11441 11443
11442 11439 11444
11441 11445 11443
11446 11442 11444
11441 11447 11445
11446 11444 11448
11447 11449 11445
11450 11446 11448
11447 11451 11449
11450 11448 11452
11453 11450 11452
11453 11452 11454
11455 11453 11454
11455 11454 11456
11457 11449 11451
11457 11451 11458
11459 11457 11458
11459 11460 11457
11461 11460 11459
11461 11462 11460
11463 11462 11461
11463 11464 11462
11465 11464 11463
11465 11466 11464
11467 11466 11465
11467 11468 11466
11469 11468 11467
11469 11455 11456
11469 11470 11468
11469 11456 11470
11471 11472 11473
11474 11472 11471
11471 11473 11475
11474 11471 11476
11475 11473 11477
11478 11474 11476
11475 11477 11479
11478 11476 11480
11479 11477 11481
11479 11481 11482
11482 11481 11483
11482 11483 11484
11484 11483 11485
11484 11485 11486
11486 11485 11487
11486 11487 11488
11488 11487 11489
11488 11489 11490
11490 11489 11491
11490 11491 11492
11492 11491 11493
11492 11493 11494
11494 11493 11495
11494 11495 11496
11496 11495 11497
11496 11497 11498
11498 11497 11499
11498 11499 11500
11500 11499 11501
11500 11501 11502
11501 11480 11502
11501 11478 11480
11503 11504 11505
11503 11506 11504
11503 11505 11507
11503 11508 11506
11507 11505 11509
11508 11510 11506
11507 11509 11511
11508 11512 11510
11511 11509 11513
11512 11514 11510
11511 11513 11515
11512 11516 11514
11515 11513 11517
11516 11518 11514
11515 11517 11519
11516 11520 11518
11519 11517 11521
11520 11522 11518
11519 11521 11523
11520 11524 11522
11523 11521 11525
11523 11525 11526
11524 11527 11522
11524 11528 11527
11527 11528 11529
11527 11529 11530
11531 11530 11529
11531 11532 11530
11525 11533 11526
11533 11532 11531
11525 11534 11533
11533 11534 11532
11535 11536 11537
11535 11537 11538
11535 11539 11536
11535 11538 11540
11536 11539 11541
11540 11538 11542
11543 11542 11538
11540 11542 11544
11542 11545 11544
11542 11546 11545
11546 11542 11543
11545 11546 11547
11545 11547 11548
11549 11548 11547
11536 11541 11550
11550 11541 11551
11550 11551 11552
11552 11551 11553
11554 11536 11550
11554 11550 11552
11546 11543 11555
11547 11546 11555
11549 11547 11556
11556 11557 11549
11554 11558 11536
11559 11536 11558
11556 11560 11557
11560 11561 11557
11560 11562 11561
11562 11563 11561
11564 11560 11556
11562 11560 11564
11547 11565 11556
11564 11556 11565
11547 11566 11565
11547 11555 11566
11566 11567 11565
11564 11565 11567
11568 11566 11555
11566 11568 11567
11562 11569 11563
11569 11570 11563
11568 11555 11571
11543 11571 11555
11569 11572 11570
11569 11573 11572
11574 11570 11572
11574 11572 11575
11573 11575 11572
11573 11576 11575
11573 11577 11576
11578 11569 11562
11569 11578 11573
11573 11579 11577
11580 11577 11579
11578 11562 11581
11562 11564 11581
11582 11573 11578
11582 11579 11573
11582 11578 11581
11579 11582 11583
11580 11579 11584
11579 11583 11584
11585 11580 11584
11585 11584 11583
11585 11586 11580
11587 11586 11585
11581 11564 11588
11564 11567 11588
11582 11581 11589
11583 11582 11589
11581 11588 11589
11587 11585 11590
11591 11587 11590
11591 11590 11592
11593 11589 11588
11583 11589 11593
11594 11588 11567
11593 11588 11594
11585 11583 11595
11595 11590 11585
11596 11592 11590
11595 11596 11590
11596 11597 11592
11583 11593 11598
11583 11598 11595
11596 11595 11598
11594 11598 11593
11597 11596 11599
11596 11598 11599
11597 11599 11600
11601 11599 11598
11594 11601 11598
11602 11600 11599
11601 11602 11599
11602 11603 11600
11604 11601 11594
11602 11601 11604
11603 11602 11605
11602 11604 11605
11603 11605 11606
11607 11606 11605
11604 11594 11608
11594 11567 11608
11608 11567 11568
11605 11604 11609
11608 11609 11604
11608 11568 11610
11608 11610 11609
11610 11568 11571
11607 11605 11611
11605 11609 11611
11610 11571 11612
11612 11609 11610
11613 11607 11611
11613 11614 11607
11615 11614 11613
11616 11611 11609
11612 11616 11609
11616 11613 11611
11613 11616 11617
11612 11617 11616
11612 11571 11618
11543 11618 11571
11615 11613 11619
11613 11617 11619
11620 11615 11619
11620 11621 11615
11622 11621 11620
11612 11618 11623
11612 11623 11617
11624 11618 11543
11623 11618 11624
11625 11619 11617
11625 11620 11619
11626 11617 11623
11626 11625 11617
11623 11624 11626
11624 11543 11627
11543 11538 11627
11559 11627 11538
11628 11624 11627
11626 11624 11628
11559 11629 11627
11628 11627 11629
11559 11558 11629
11630 11625 11626
11625 11630 11620
11631 11628 11629
11631 11629 11558
11626 11628 11632
11630 11626 11632
11632 11628 11631
11633 11631 11558
11633 11558 11554
11632 11631 11634
11634 11630 11632
11634 11631 11633
11620 11630 11635
11634 11635 11630
11633 11554 11636
11554 11552 11636
11634 11633 11637
11635 11634 11637
11620 11635 11638
11622 11620 11638
11633 11636 11639
11637 11633 11639
11552 11640 11636
11640 11639 11636
11638 11635 11641
11635 11637 11641
11622 11638 11642
11638 11641 11642
11622 11642 11643
11637 11644 11641
11642 11641 11644
11643 11642 11645
11642 11644 11645
11643 11645 11646
11647 11646 11645
11647 11648 11646
11649 11648 11647
11649 11647 11650
11647 11651 11650
11652 11647 11645
11645 11644 11652
11637 11653 11644
11637 11639 11653
11647 11654 11651
11652 11654 11647
11644 11655 11652
11644 11653 11655
11654 11652 11655
11653 11639 11656
11653 11656 11655
11640 11656 11639
11657 11651 11654
11654 11655 11657
11657 11658 11651
11657 11659 11658
11655 11660 11657
11655 11656 11660
11657 11660 11659
11656 11661 11660
11659 11660 11661
11656 11640 11661
11659 11661 11662
11661 11663 11662
11661 11664 11663
11664 11661 11640
11665 11663 11664
11665 11664 11666
11664 11553 11666
11664 11640 11667
11664 11667 11553
11552 11667 11640
11552 11553 11667
11668 11669 11670
11671 11669 11668
11668 11670 11672
11671 11668 11673
11670 11674 11672
11675 11671 11673
11670 11676 11674
11675 11673 11677
11676 11678 11674
11679 11675 11677
11676 11680 11678
11679 11677 11681
11682 11679 11681
11682 11681 11683
11684 11682 11683
11684 11683 11685
11686 11678 11680
11686 11680 11687
11688 11686 11687
11688 11689 11686
11690 11689 11688
11690 11691 11689
11692 11691 11690
11692 11693 11691
11694 11693 11692
11694 11695 11693
11696 11695 11694
11696 11697 11695
11698 11697 11696
11698 11684 11685
11698 11699 11697
11698 11685 11699
11700 11701 11702
11703 11701 11700
11700 11702 11704
11703 11700 11705
11704 11702 11706
11707 11703 11705
11704 11706 11708
11707 11705 11709
11708 11706 11710
11708 11710 11711
11711 11710 11712
11711 11712 11713
11713 11712 11714
11713 11714 11715
11715 11714 11716
11715 11716 11717
11717 11716 11718
11717 11718 11719
11719 11718 11720
11719 11720 11721
11721 11720 11722
11721 11722 11723
11723 11722 11724
11723 11724 11725
11725 11724 11726
11725 11726 11727
11727 11726 11728
11727 11728 11729
11729 11728 11730
11729 11730 11731
11730 11709 11731
11730 11707 11709
11732 11733 11734
11735 11733 11732
11732 11734 11736
11735 11732 11737
11734 11738 11736
11739 11735 11737
11734 11740 11738
11739 11737 11741
11742 11739 11741
11742 11741 11743
11744 11742 11743
11744 11743 11745
11746 11744 11745
11746 11745 11747
11740 11748 11738
11740 11749 11748
11750 11748 11749
11750 11751 11748
11752 11746 11747
11752 11747 11753
11752 11753 11754
11752 11754 11755
11755 11754 11756
11755 11756 11757
11757 11756 11758
11757 11758 11759
11759 11758 11760
11759 11760 11761
11761 11760 11762
11761 11762 11763
11763 11762 11764
11763 11764 11765
11764 11766 11765
11764 11767 11766
11766 11767 11751
11766 11751 11750
11768 11769 11770
11771 11769 11768
11768 11770 11772
11771 11768 11773
11772 11770 11774
11775 11771 11773
11772 11774 11776
11775 11773 11777
11776 11774 11778
11776 11778 11779
11779 11778 11780
11779 11780 11781
11781 11780 11782
11781 11782 11783
11784 11775 11777
11784 11777 11785
11784 11785 11786
11784 11786 11787
11787 11786 11788
11787 11788 11789
11783 11782 11790
11783 11790 11791
11792 11791 11790
11792 11790 11793
11794 11792 11793
11794 11793 11795
11796 11794 11795
11796 11795 11797
11798 11796 11797
11798 11797 11799
11800 11798 11799
11800 11799 11801
11789 11788 11802
11802 11800 11801
11789 11802 11803
11802 11801 11803
11804 11805 11806
11807 11805 11804
11804 11806 11808
11807 11804 11809
11806 11810 11808
11811 11807 11809
11806 11812 11810
11811 11809 11813
11812 11814 11810
11815 11811 11813
11812 11816 11814
11815 11813 11817
11818 11815 11817
11818 11817 11819
11820 11818 11819
11820 11819 11821
11822 11814 11816
11822 11816 11823
11824 11822 11823
11824 11825 11822
11826 11825 11824
11826 11827 11825
11828 11827 11826
11828 11829 11827
11830 11829 11828
11830 11831 11829
11832 11831 11830
11832 11833 11831
11834 11833 11832
11834 11820 11821
11834 11835 11833
11834 11821 11835
11836 11837 11838
11839 11837 11836
11836 11838 11840
11839 11836 11841
11840 11838 11842
11843 11839 11841
11840 11842 11844
11843 11841 11845
11844 11842 11846
11844 11846 11847
11847 11846 11848
11847 11848 11849
11849 11848 11850
11849 11850 11851
11851 11850 11852
11851 11852 11853
11853 11852 11854
11853 11854 11855
11855 11854 11856
11855 11856 11857
11857 11856 11858
11857 11858 11859
11859 11858 11860
11859 11860 11861
11861 11860 11862
11861 11862 11863
11863 11862 11864
11863 11864 11865
11865 11864 11866
11865 11866 11867
11866 11845 11867
11866 11843 11845
11868 11869 11870
11871 11869 11868
11868 11870 11872
11872 11870 11873
11872 11873 11874
11874 11873 11875
11868 11872 11876
11874 11876 11872
11874 11875 11877
11877 11875 11878
11874 11879 11876
11879 11874 11877
11877 11878 11880
11880 11878 11881
11880 11881 11882
11883 11877 11880
11879 11877 11883
11884 11880 11882
11883 11880 11884
11884 11882 11885
11886 11884 11885
11886 11887 11884
11887 11883 11884
11888 11887 11886
11888 11889 11887
11887 11889 11890
11887 11891 11883
11887 11890 11891
11891 11879 11883
11891 11890 11892
11891 11892 11893
11891 11893 11879
11893 11892 11894
11879 11893 11895
11893 11894 11895
11895 11894 11896
11879 11895 11876
11895 11896 11897
11876 11895 11897
11897 11896 11898
11876 11897 11899
11868 11876 11899
11900 11868 11899
11871 11868 11900
11901 11899 11897
11900 11899 11901
11897 11898 11902
11901 11897 11902
11898 11903 11902
11903 11901 11902
11898 11904 11903
11903 11904 11905
11906 11871 11900
11906 11907 11871
11908 11907 11906
11909 11900 11901
11909 11906 11900
11903 11909 11901
11908 11906 11910
11910 11906 11909
11911 11909 11903
11910 11909 11911
11903 11905 11912
11911 11903 11912
11905 11913 11912
11913 11911 11912
11905 11914 11913
11913 11914 11915
11916 11908 11910
11916 11917 11908
11918 11910 11911
11913 11918 11911
11918 11916 11910
11913 11915 11919
11919 11915 11920
11913 11921 11918
11921 11916 11918
11913 11919 11921
11922 11917 11916
11921 11922 11916
11922 11923 11917
11919 11920 11924
11921 11919 11924
11924 11920 11925
11922 11921 11926
11921 11924 11926
11927 11923 11922
11922 11926 11927
11927 11928 11923
11924 11925 11929
11926 11924 11929
11929 11925 11930
11927 11926 11931
11926 11929 11931
11932 11928 11927
11927 11931 11932
11932 11933 11928
11929 11930 11934
11934 11931 11929
11934 11930 11935
11934 11935 11936
11934 11936 11937
11934 11938 11931
11938 11932 11931
11934 11937 11938
11939 11933 11932
11938 11939 11932
11937 11939 11938
11939 11940 11933
11937 11941 11939
11942 11940 11939
11942 11939 11941
11943 11944 11945
11943 11946 11944
11943 11945 11947
11947 11945 11948
11943 11949 11946
11949 11950 11946
11951 11943 11947
11951 11949 11943
11947 11948 11952
11952 11948 11953
11949 11954 11950
11954 11955 11950
11951 11947 11956
11956 11947 11952
11952 11953 11957
11957 11953 11958
11951 11959 11949
11959 11954 11949
11954 11960 11955
11960 11961 11955
11962 11951 11956
11962 11959 11951
11956 11952 11963
11963 11952 11957
11959 11964 11954
11964 11960 11954
11960 11965 11961
11965 11966 11961
11962 11956 11967
11967 11956 11963
11967 11968 11962
11962 11969 11959
11969 11964 11959
11969 11962 11968
11964 11970 11960
11970 11965 11960
11969 11971 11964
11971 11969 11968
11971 11970 11964
11965 11972 11966
11972 11973 11966
11967 11963 11974
11974 11968 11967
11971 11975 11970
11975 11971 11968
11970 11976 11965
11975 11976 11970
11976 11972 11965
11972 11977 11973
11977 11978 11973
11974 11963 11979
11963 11957 11979
11980 11968 11974
11974 11979 11980
11981 11975 11968
11975 11981 11976
11968 11980 11982
11983 11981 11968
11976 11984 11972
11981 11984 11976
11984 11977 11972
11981 11983 11984
11977 11985 11978
11985 11986 11978
11984 11987 11977
11983 11987 11984
11987 11985 11977
11980 11979 11988
11980 11988 11982
11985 11989 11986
11990 11986 11989
11983 11991 11987
11991 11983 11968
11987 11992 11985
11991 11992 11987
11992 11989 11985
11990 11989 11993
11994 11990 11993
11991 11995 11992
11995 11991 11968
11992 11996 11989
11995 11996 11992
11993 11989 11996
11995 11997 11996
11997 11995 11968
11993 11996 11998
11998 11996 11997
11994 11993 11999
11999 11993 11998
11998 11997 12000
11997 11968 12000
12001 11998 12000
11999 11998 12001
12002 11994 11999
12002 12003 11994
11958 12003 12002
12000 11968 12004
12001 12000 12004
11968 12005 12004
12005 12001 12004
12005 11968 11982
11988 12005 11982
12006 11999 12001
12005 12006 12001
12006 12002 11999
11988 12006 12005
11958 12002 12007
12007 12002 12006
12007 12006 11988
11957 11958 12007
11979 12007 11988
11979 11957 12007
12008 12009 12010
12011 12009 12008
12010 12009 12012
12013 12009 12011
12012 12009 12014
12015 12009 12013
12014 12009 12016
12016 12009 12015
12017 12018 12019
12020 12018 12017
12017 12019 12021
12019 12022 12021
12019 12023 12022
12022 12023 12024
12020 12017 12025
12026 12017 12021
12017 12026 12025
12022 12027 12021
12027 12026 12021
12022 12024 12028
12027 12022 12028
12029 12020 12025
12029 12030 12020
12031 12030 12029
12026 12032 12025
12032 12029 12025
12024 12033 12028
12024 12034 12033
12033 12034 12035
12027 12036 12026
12026 12036 12032
12037 12027 12028
12037 12036 12027
12033 12037 12028
12032 12036 12038
12039 12036 12037
12029 12032 12040
12032 12038 12040
12031 12029 12040
12037 12033 12041
12033 12035 12041
12039 12037 12041
12042 12031 12040
12038 12042 12040
12042 12043 12031
12042 12044 12043
12035 12045 12041
12045 12039 12041
12035 12046 12045
12045 12046 12047
12042 12048 12044
12048 12042 12038
12048 12049 12044
12039 12045 12050
12045 12047 12050
12048 12038 12051
12051 12038 12036
12048 12052 12049
12052 12048 12051
12052 12053 12049
12052 12054 12053
12054 12052 12051
12054 12055 12053
12056 12039 12050
12056 12036 12039
12047 12057 12050
12057 12056 12050
12047 12058 12057
12059 12057 12058
12057 12059 12056
12059 12058 12060
12054 12051 12061
12061 12051 12036
12054 12062 12055
12062 12054 12061
12062 12063 12055
12062 12064 12063
12064 12062 12061
12064 12065 12063
12059 12066 12056
12056 12066 12036
12067 12059 12060
12059 12067 12066
12067 12060 12068
12069 12067 12068
12067 12069 12066
12069 12068 12070
12071 12061 12036
12064 12061 12071
12064 12072 12065
12072 12064 12071
12072 12073 12065
12066 12074 12036
12069 12074 12066
12074 12071 12036
12075 12069 12070
12069 12075 12074
12075 12070 12076
12072 12077 12073
12077 12072 12071
12077 12071 12074
12075 12077 12074
12077 12075 12076
12077 12076 12073
12078 12079 12080
12081 12079 12078
12078 12080 12082
12081 12083 12079
12084 12078 12082
12081 12085 12083
12084 12086 12078
12086 12081 12078
12085 12081 12087
12087 12088 12085
12089 12086 12084
12089 12084 12090
12091 12089 12090
12091 12092 12089
12092 12093 12089
12093 12086 12089
12092 12094 12093
12094 12095 12093
12087 12096 12088
12096 12097 12088
12081 12098 12087
12086 12099 12081
12081 12099 12098
12093 12100 12086
12100 12099 12086
12095 12101 12093
12101 12100 12093
12102 12099 12100
12101 12102 12100
12102 12098 12099
12095 12103 12101
12102 12101 12103
12095 12104 12103
12087 12105 12096
12087 12098 12105
12098 12102 12106
12102 12103 12106
12098 12106 12105
12104 12107 12103
12104 12108 12107
12107 12108 12109
12109 12108 12110
12109 12110 12111
12103 12112 12106
12103 12107 12112
12112 12105 12106
12112 12107 12109
12105 12113 12096
12096 12113 12097
12112 12114 12105
12105 12114 12113
12097 12113 12115
12097 12115 12116
12115 12117 12116
12114 12112 12118
12112 12109 12118
12119 12118 12109
12109 12111 12120
12119 12109 12120
12120 12111 12121
12113 12114 12122
12114 12118 12122
12113 12122 12115
12119 12122 12118
12115 12122 12119
12115 12123 12117
12115 12119 12123
12124 12117 12123
12119 12124 12123
12124 12125 12117
12126 12119 12120
12119 12126 12124
12127 12125 12124
12126 12127 12124
12127 12128 12125
12127 12129 12128
12120 12121 12130
12126 12120 12130
12121 12131 12130
12131 12126 12130
12131 12121 12132
12127 12133 12129
12133 12134 12129
12126 12135 12127
12131 12135 12126
12133 12127 12135
12136 12131 12132
12136 12132 12137
12131 12138 12135
12133 12135 12138
12131 12136 12138
12133 12139 12134
12139 12133 12138
12139 12140 12134
12140 12139 12141
12139 12142 12141
12139 12138 12143
12139 12143 12142
12136 12143 12138
12144 12142 12143
12145 12136 12137
12136 12145 12143
12144 12143 12145
12145 12137 12146
12147 12144 12145
12145 12146 12147
12148 12149 12150
12149 12148 12151
12149 12151 12152
12152 12151 12153
12149 12152 12154
12150 12149 12154
12152 12153 12155
12154 12152 12155
12155 12153 12156
12155 12156 12157
12157 12156 12158
12154 12155 12159
12159 12155 12157
12150 12154 12160
12160 12154 12159
12157 12158 12161
12161 12158 12162
12159 12157 12163
12161 12163 12157
12164 12159 12163
12160 12159 12164
12161 12165 12163
12161 12162 12165
12164 12163 12165
12166 12150 12160
12166 12167 12150
12168 12160 12164
12166 12160 12168
12169 12167 12166
12169 12166 12168
12169 12170 12167
12171 12170 12169
12171 12169 12168
12171 12172 12170
12168 12164 12173
12173 12164 12165
12171 12168 12173
12174 12172 12171
12174 12171 12173
12174 12175 12172
12173 12165 12176
12174 12173 12176
12162 12176 12165
12177 12175 12174
12177 12174 12176
12162 12177 12176
12177 12178 12175
12178 12177 12162
12179 12180 12181
12182 12180 12179
12182 12179 12183
12184 12182 12183
12184 12183 12185
12186 12184 12185
12186 12185 12187
12188 12186 12187
12188 12187 12189
12190 12188 12189
12190 12189 12191
12192 12190 12191
12183 12193 12185
12183 12194 12193
12179 12194 12183
12185 12193 12195
12185 12195 12187
12187 12195 12196
12187 12196 12189
12189 12196 12197
12189 12197 12191
12179 12198 12194
12191 12197 12199
12200 12198 12179
12191 12199 12201
12192 12191 12201
12201 12199 12202
12200 12179 12203
12204 12200 12203
12179 12181 12203
12192 12201 12205
12201 12202 12205
12192 12205 12206
12205 12202 12207
12204 12203 12208
12181 12208 12203
12181 12209 12208
12210 12204 12208
12206 12205 12211
12205 12207 12211
12206 12211 12212
12211 12207 12213
12209 12214 12208
12210 12208 12214
12209 12215 12214
12212 12211 12216
12211 12213 12216
12212 12216 12217
12216 12213 12218
12219 12210 12214
12219 12214 12215
12219 12215 12220
12219 12221 12210
12222 12219 12220
12217 12216 12223
12216 12218 12223
12217 12223 12224
12223 12218 12225
12226 12225 12221
12226 12221 12219
12222 12226 12219
12224 12226 12222
12224 12223 12226
12223 12225 12226
12227 12228 12229
12230 12227 12229
12231 12230 12229
12229 12228 12232
12233 12229 12232
12233 12231 12229
12234 12227 12230
12233 12235 12231
12234 12230 12236
12235 12237 12231
12230 12238 12236
12231 12237 12239
12240 12238 12230
12231 12239 12241
12240 12230 12242
12231 12242 12230
12241 12242 12231
12242 12243 12240
12241 12244 12242
12242 12244 12243
12245 12246 12247
12248 12247 12246
12249 12248 12246
12250 12249 12246
12245 12251 12246
12246 12251 12252
12245 12253 12251
12253 12254 12251
12254 12255 12251
12251 12255 12252
12255 12256 12252
12252 12256 12257
12258 12252 12257
12252 12258 12259
12250 12246 12260
12246 12252 12260
12252 12259 12260
12250 12260 12261
12260 12259 12262
12261 12260 12263
12260 12262 12263
12264 12265 12266
12266 12265 12267
12265 12268 12267
12265 12269 12268
12264 12270 12265
12271 12265 12270
12270 12264 12272
12273 12270 12272
12273 12274 12270
12271 12270 12274
12271 12274 12275
12276 12271 12275
12277 12271 12276
12277 12278 12271
12279 12269 12265
12271 12279 12265
12271 12278 12279
12279 12280 12269
12278 12281 12279
12280 12279 12282
12279 12281 12282
12283 12284 12285
12283 12286 12284
12287 12284 12286
12284 12288 12285
12284 12289 12288
12284 12290 12289
12287 12290 12284
12286 12283 12291
12292 12290 12287
12293 12286 12291
12287 12294 12292
12293 12295 12286
12296 12294 12287
12297 12286 12295
12296 12287 12298
12297 12299 12286
12287 12286 12299
12287 12299 12298
12300 12299 12297
12299 12301 12298
12301 12299 12300
12302 12303 12304
12302 12305 12303
12306 12304 12303
12302 12307 12305
12308 12306 12303
12309 12305 12307
12309 12310 12305
12308 12303 12311
12312 12305 12310
12303 12313 12311
12305 12313 12303
12313 12314 12311
12314 12313 12315
12316 12315 12313
12312 12317 12305
12305 12317 12313
12317 12316 12313
12317 12312 12318
12317 12319 12316
12317 12318 12320
12317 12320 12319
12321 12322 12323
12324 12322 12321
12325 12322 12324
12322 12326 12323
12327 12326 12322
12327 12322 12325
12328 12324 12321
12327 12325 12329
12328 12330 12324
12329 12325 12331
12324 12330 12332
12325 12333 12331
12334 12324 12332
12325 12335 12333
12334 12336 12324
12325 12324 12336
12335 12325 12336
12336 12334 12337
12335 12336 12338
12336 12337 12338
12339 12340 12341
12341 12340 12342
12341 12342 12343
12344 12341 12343
12339 12341 12345
12341 12346 12345
12339 12345 12347
12347 12345 12348
12348 12345 12349
12345 12346 12349
12349 12346 12350
12346 12351 12350
12352 12351 12346
12346 12353 12352
12344 12354 12341
12341 12354 12346
12346 12354 12353
12344 12355 12354
12356 12353 12354
12355 12357 12354
12357 12356 12354
12358 12359 12360
12359 12361 12360
12361 12362 12360
12362 12363 12360
12358 12360 12364
12365 12364 12360
12366 12358 12364
12367 12366 12364
12364 12368 12367
12365 12368 12364
12365 12369 12368
12370 12369 12365
12371 12370 12365
12371 12365 12372
12373 12360 12363
12365 12360 12373
12365 12373 12372
12373 12363 12374
12372 12373 12375
12374 12376 12373
12373 12376 12375
12377 12378 12379
12377 12379 12380
12381 12380 12379
12379 12378 12382
12379 12382 12383
12379 12383 12384
12381 12379 12384
12385 12377 12380
12386 12381 12384
12387 12385 12380
12381 12386 12388
12380 12389 12387
12390 12381 12388
12391 12389 12380
12390 12392 12381
12391 12380 12393
12381 12393 12380
12381 12392 12393
12394 12391 12393
12393 12392 12395
12395 12394 12393
12396 12397 12398
12396 12398 12399
12400 12398 12397
12396 12399 12401
12402 12398 12400
12403 12401 12399
12399 12404 12403
12402 12405 12398
12406 12404 12399
12398 12405 12407
12399 12398 12407
12407 12405 12408
12408 12409 12407
12410 12407 12409
12406 12399 12411
12399 12407 12411
12411 12407 12410
12411 12412 12406
12411 12410 12413
12411 12414 12412
12411 12413 12414
12415 12416 12417
12416 12415 12418
12415 12417 12419
12415 12420 12418
12420 12415 12419
12420 12421 12418
12421 12422 12418
12421 12420 12423
12420 12419 12423
12422 12421 12424
12421 12423 12424
12422 12424 12425
12424 12426 12425
12417 12427 12419
12417 12428 12427
12427 12428 12429
12423 12430 12424
12424 12430 12426
12419 12431 12423
12419 12427 12431
12423 12431 12430
12427 12429 12432
12431 12427 12432
12432 12429 12433
12426 12430 12434
12426 12434 12435
12430 12431 12436
12431 12432 12436
12430 12436 12434
12432 12433 12437
12436 12432 12437
12435 12434 12438
12435 12438 12439
12438 12440 12439
12434 12436 12441
12434 12441 12438
12436 12437 12441
12438 12442 12440
12441 12442 12438
12440 12442 12443
12441 12444 12442
12437 12444 12441
12442 12444 12443
12433 12445 12437
12437 12445 12444
12444 12445 12443
12433 12446 12445
12445 12446 12443
12447 12448 12449
12450 12448 12447
12450 12447 12451
12447 12452 12451
12447 12449 12453
12453 12449 12454
12447 12455 12452
12455 12447 12453
12455 12456 12452
12453 12454 12457
12457 12454 12458
12455 12453 12459
12459 12453 12457
12455 12460 12456
12459 12460 12455
12457 12458 12461
12461 12458 12462
12456 12460 12463
12456 12463 12464
12463 12465 12464
12459 12457 12466
12461 12466 12457
12459 12467 12460
12463 12460 12467
12466 12467 12459
12462 12468 12461
12461 12468 12466
12463 12469 12465
12469 12470 12465
12469 12471 12470
12466 12472 12467
12472 12466 12468
12473 12468 12462
12472 12468 12473
12474 12473 12462
12463 12467 12475
12469 12463 12475
12475 12467 12472
12471 12469 12476
12469 12475 12476
12471 12476 12477
12478 12472 12473
12475 12472 12478
12476 12475 12478
12478 12473 12474
12477 12476 12479
12476 12478 12479
12479 12478 12474
12477 12479 12480
12479 12474 12481
12481 12480 12479
12481 12474 12482
12481 12483 12480
12482 12483 12481
12484 12485 12486
12485 12484 12487
12484 12486 12488
12488 12486 12489
12484 12490 12487
12490 12484 12488
12488 12489 12491
12491 12489 12492
12490 12488 12493
12493 12488 12491
12491 12492 12494
12494 12492 12495
12490 12496 12487
12496 12490 12493
12493 12491 12497
12497 12491 12494
12494 12495 12498
12498 12495 12499
12496 12493 12500
12500 12493 12497
12497 12494 12501
12501 12494 12498
12498 12499 12502
12502 12499 12503
12496 12504 12487
12504 12496 12500
12500 12497 12505
12505 12497 12501
12501 12498 12506
12506 12498 12502
12502 12503 12507
12507 12503 12508
12504 12500 12509
12509 12500 12505
12505 12501 12510
12510 12501 12506
12506 12502 12511
12511 12502 12507
12504 12512 12487
12512 12504 12509
12509 12505 12513
12513 12505 12510
12510 12506 12514
12514 12506 12511
12511 12507 12515
12515 12507 12508
12512 12509 12516
12516 12509 12513
12512 12517 12487
12517 12512 12516
12513 12510 12518
12518 12510 12514
12514 12511 12519
12519 12511 12515
12517 12520 12487
12520 12521 12487
12517 12516 12522
12520 12517 12522
12516 12513 12523
12523 12513 12518
12522 12516 12523
12521 12520 12524
12520 12522 12524
12521 12524 12525
12518 12514 12526
12526 12514 12519
12519 12515 12527
12527 12515 12508
12522 12523 12528
12524 12522 12528
12525 12524 12529
12524 12528 12529
12525 12529 12530
12523 12518 12531
12528 12523 12531
12531 12518 12526
12526 12519 12532
12532 12519 12527
12530 12529 12533
12530 12533 12534
12529 12528 12535
12528 12531 12535
12529 12535 12533
12531 12526 12536
12535 12531 12536
12536 12526 12532
12532 12527 12537
12537 12527 12508
12534 12533 12538
12534 12538 12539
12533 12535 12540
12535 12536 12540
12533 12540 12538
12536 12532 12541
12541 12532 12537
12540 12536 12541
12539 12538 12542
12539 12542 12543
12538 12540 12544
12540 12541 12544
12538 12544 12542
12541 12537 12545
12544 12541 12545
12545 12537 12508
12544 12545 12546
12542 12544 12546
12546 12545 12508
12543 12542 12547
12542 12546 12547
12547 12546 12508
12543 12547 12548
12548 12547 12508
12549 12550 12551
12552 12550 12549
12549 12551 12553
12553 12551 12554
12553 12554 12555
12556 12555 12554
12556 12557 12555
12557 12553 12555
12556 12558 12557
12559 12557 12558
12556 12560 12558
12560 12559 12558
12557 12561 12553
12561 12549 12553
12559 12561 12557
12561 12562 12549
12562 12561 12559
12552 12549 12563
12562 12563 12549
12564 12552 12563
12564 12565 12552
12566 12565 12564
12567 12566 12564
12568 12566 12567
12562 12569 12563
12569 12564 12563
12562 12559 12570
12569 12562 12570
12569 12571 12564
12571 12567 12564
12571 12569 12572
12569 12570 12572
12571 12572 12573
12567 12571 12573
12570 12574 12572
12574 12573 12572
12559 12575 12570
12570 12575 12574
12568 12567 12576
12576 12577 12568
12559 12578 12575
12560 12578 12559
12576 12579 12577
12580 12579 12576
12567 12580 12576
12580 12581 12579
12582 12581 12580
12583 12567 12573
12567 12583 12580
12582 12580 12584
12583 12584 12580
12585 12582 12584
12585 12586 12582
12587 12583 12573
12574 12587 12573
12583 12588 12584
12588 12585 12584
12589 12586 12585
12589 12590 12586
12591 12590 12589
12583 12587 12592
12588 12583 12592
12587 12574 12593
12587 12593 12592
12594 12592 12593
12574 12595 12593
12595 12594 12593
12574 12575 12595
12575 12596 12595
12575 12578 12596
12597 12589 12585
12588 12597 12585
12588 12592 12598
12594 12598 12592
12588 12598 12599
12597 12588 12599
12599 12598 12594
12596 12600 12595
12595 12600 12594
12578 12601 12596
12578 12560 12601
12596 12602 12600
12601 12602 12596
12560 12603 12601
12601 12603 12602
12560 12556 12603
12594 12600 12604
12604 12600 12602
12602 12603 12605
12603 12556 12605
12599 12594 12606
12594 12604 12606
12602 12605 12607
12604 12602 12607
12605 12608 12607
12608 12604 12607
12609 12606 12604
12608 12609 12604
12609 12608 12610
12605 12611 12608
12556 12611 12605
12610 12608 12611
12612 12599 12606
12609 12612 12606
12556 12613 12611
12610 12611 12613
12556 12614 12613
12614 12610 12613
12614 12556 12615
12556 12616 12615
12615 12616 12617
12618 12614 12615
12614 12618 12610
12615 12617 12619
12618 12615 12619
12619 12617 12620
12609 12610 12621
12612 12609 12621
12610 12618 12622
12622 12618 12619
12610 12622 12621
12619 12620 12623
12622 12619 12623
12623 12620 12624
12621 12622 12625
12625 12622 12623
12612 12621 12626
12621 12625 12626
12623 12624 12627
12625 12623 12627
12628 12612 12626
12612 12628 12599
12628 12597 12599
12628 12626 12629
12625 12629 12626
12597 12628 12629
12624 12630 12627
12624 12631 12630
12632 12630 12631
12633 12625 12627
12625 12633 12629
12633 12627 12630
12634 12597 12629
12633 12634 12629
12634 12633 12630
12632 12634 12630
12597 12634 12589
12634 12632 12635
12634 12635 12589
12591 12589 12635
12591 12635 12636
12591 12636 12637
12636 12638 12637
12639 12636 12635
12639 12635 12640
12636 12641 12638
12641 12642 12638
12643 12636 12639
12643 12641 12636
12644 12641 12643
12641 12645 12642
12644 12645 12641
12642 12645 12646
12642 12646 12647
12646 12648 12647
12640 12649 12639
12640 12650 12649
12649 12650 12651
12652 12645 12644
12652 12646 12645
12653 12646 12652
12646 12654 12648
12653 12654 12646
12654 12577 12648
12654 12655 12577
12655 12654 12653
12655 12653 12656
12657 12656 12653
12657 12658 12656
12659 12658 12657
12649 12651 12660
12661 12649 12660
12649 12661 12639
12661 12662 12639
12662 12643 12639
12651 12663 12660
12651 12664 12663
12663 12664 12665
12661 12660 12666
12662 12661 12666
12662 12667 12643
12644 12643 12667
12663 12665 12668
12668 12665 12669
12660 12663 12670
12660 12670 12666
12670 12663 12668
12662 12666 12671
12667 12662 12671
12666 12670 12672
12666 12672 12671
12670 12668 12673
12672 12670 12673
12668 12669 12674
12673 12668 12674
12675 12674 12669
12673 12674 12675
12675 12669 12676
12676 12677 12675
12675 12678 12673
12672 12673 12678
12675 12677 12678
12671 12672 12679
12679 12672 12678
12677 12680 12678
12679 12678 12680
12667 12671 12681
12671 12679 12681
12682 12667 12681
12679 12682 12681
12676 12683 12677
12677 12683 12680
12680 12684 12679
12679 12684 12682
12684 12685 12682
12682 12686 12667
12685 12686 12682
12667 12686 12644
12680 12687 12684
12687 12680 12683
12686 12688 12644
12685 12688 12686
12644 12688 12689
12689 12688 12685
12644 12689 12652
12687 12690 12684
12684 12690 12685
12687 12683 12691
12687 12692 12690
12692 12687 12691
12693 12691 12683
12692 12691 12693
12693 12683 12676
12685 12690 12694
12694 12690 12692
12689 12685 12695
12685 12694 12695
12689 12696 12652
12696 12689 12695
12694 12692 12697
12697 12692 12693
12696 12698 12652
12698 12653 12652
12696 12695 12699
12698 12696 12699
12695 12694 12700
12700 12694 12697
12695 12700 12699
12698 12701 12653
12701 12657 12653
12698 12699 12702
12701 12698 12702
12699 12700 12703
12699 12703 12702
12700 12697 12704
12703 12700 12704
12697 12693 12705
12704 12697 12705
12706 12705 12693
12704 12705 12706
12706 12693 12676
12707 12657 12701
12659 12657 12707
12701 12702 12708
12707 12701 12708
12702 12709 12708
12702 12703 12709
12709 12707 12708
12703 12704 12710
12706 12710 12704
12709 12703 12710
12711 12659 12707
12709 12711 12707
12711 12712 12659
12706 12713 12710
12676 12713 12706
12709 12710 12714
12714 12711 12709
12713 12714 12710
12715 12712 12711
12714 12715 12711
12715 12716 12712
12713 12717 12714
12676 12717 12713
12717 12715 12714
12718 12716 12715
12717 12718 12715
12676 12718 12717
12718 12719 12716
12676 12719 12718
12720 12721 12722
12720 12723 12721
12720 12722 12724
12725 12723 12720
12720 12724 12726
12725 12720 12727
12720 12726 12728
12720 12729 12727
12720 12728 12730
12720 12731 12729
12720 12730 12732
12720 12733 12731
12720 12732 12734
12720 12735 12733
12720 12734 12736
12720 12736 12735
12737 12738 12739
12737 12739 12740
12737 12741 12738
12742 12737 12740
12737 12743 12741
12742 12744 12737
12737 12745 12743
12737 12744 12746
12737 12747 12745
12737 12746 12748
12737 12749 12747
12737 12748 12750
12737 12751 12749
12737 12750 12752
12737 12753 12751
12737 12752 12753
12754 12755 12756
12754 12756 12757
12754 12758 12755
12754 12757 12759
12754 12760 12758
12754 12759 12761
12754 12762 12760
12754 12761 12763
12754 12764 12762
12754 12763 12764
12765 12766 12767
12768 12765 12767
12766 12769 12767
12770 12768 12767
12769 12771 12767
12772 12770 12767
12771 12773 12767
12774 12772 12767
12773 12775 12767
12776 12774 12767
12775 12777 12767
12777 12776 12767
12778 12779 12780
12781 12779 12778
12780 12779 12782
12783 12779 12781
12782 12779 12784
12785 12779 12783
12784 12779 12786
12787 12779 12785
12786 12779 12788
12789 12779 12787
12788 12779 12790
12790 12779 12789
12791 12792 12793
12792 12794 12793
12791 12795 12792
12792 12796 12794
12797 12795 12791
12796 12798 12794
12797 12791 12799
12796 12800 12798
12801 12797 12799
12801 12799 12802
12803 12801 12802
12803 12802 12804
12805 12803 12804
12805 12804 12806
12807 12805 12806
12807 12806 12808
12809 12798 12800
12809 12800 12810
12811 12809 12810
12811 12812 12809
12813 12812 12811
12813 12814 12812
12815 12814 12813
12815 12816 12814
12817 12816 12815
12817 12818 12816
12819 12818 12817
12819 12820 12818
12821 12820 12819
12821 12807 12808
12821 12822 12820
12821 12808 12822
12823 12824 12825
12826 12824 12823
12823 12825 12827
12826 12823 12828
12827 12825 12829
12830 12826 12828
12827 12829 12831
12830 12828 12832
12831 12829 12833
12831 12833 12834
12834 12833 12835
12834 12835 12836
12836 12835 12837
12836 12837 12838
12838 12837 12839
12838 12839 12840
12840 12839 12841
12840 12841 12842
12842 12841 12843
12842 12843 12844
12844 12843 12845
12844 12845 12846
12846 12845 12847
12846 12847 12848
12848 12847 12849
12848 12849 12850
12850 12849 12851
12850 12851 12852
12852 12851 12853
12852 12853 12854
12853 12832 12854
12853 12830 12832
12855 12856 12857
12857 12856 12858
12855 12857 12859
12857 12858 12860
12861 12855 12859
12860 12858 12862
12861 12863 12855
12860 12862 12864
12865 12863 12861
12865 12866 12863
12867 12866 12865
12867 12868 12866
12869 12868 12867
12869 12870 12868
12871 12870 12869
12871 12872 12870
12873 12864 12862
12873 12874 12864
12875 12874 12873
12875 12873 12876
12877 12875 12876
12877 12876 12878
12879 12877 12878
12879 12878 12880
12881 12879 12880
12881 12880 12882
12883 12881 12882
12883 12882 12884
12885 12883 12884
12885 12884 12886
12885 12886 12872
12885 12872 12871
12887 12888 12889
12890 12887 12889
12887 12891 12888
12890 12892 12887
12891 12893 12888
12894 12892 12890
12891 12895 12893
12894 12896 12892
12895 12897 12893
12895 12898 12897
12898 12899 12897
12898 12900 12899
12900 12901 12899
12900 12902 12901
12902 12903 12901
12902 12904 12903
12904 12905 12903
12904 12906 12905
12906 12907 12905
12906 12908 12907
12908 12909 12907
12908 12910 12909
12910 12911 12909
12910 12912 12911
12912 12913 12911
12912 12914 12913
12914 12915 12913
12914 12916 12915
12916 12917 12915
12916 12918 12917
12917 12918 12896
12917 12896 12894
12919 12920 12921
12922 12920 12919
12921 12920 12923
12924 12920 12922
12925 12920 12924
12920 12926 12923
12927 12920 12925
12920 12928 12926
12927 12928 12920
12928 12929 12926
12927 12930 12928
12928 12931 12929
12930 12931 12928
12930 12932 12931
12933 12929 12931
12934 12931 12932
12933 12931 12934
12934 12932 12935
12936 12933 12934
12936 12937 12933
12938 12934 12935
12938 12936 12934
12939 12937 12936
12938 12940 12936
12941 12939 12936
12940 12942 12936
12943 12941 12936
12942 12943 12936
12944 12945 12946
12947 12945 12944
12946 12945 12948
12949 12945 12947
12950 12945 12949
12945 12951 12948
12952 12945 12950
12945 12953 12951
12952 12953 12945
12953 12954 12951
12952 12955 12953
12953 12956 12954
12955 12956 12953
12955 12957 12956
12958 12954 12956
12959 12956 12957
12958 12956 12959
12959 12957 12960
12961 12958 12959
12961 12962 12958
12963 12959 12960
12963 12961 12959
12964 12962 12961
12963 12965 12961
12966 12964 12961
12965 12967 12961
12968 12966 12961
12967 12968 12961
12969 12970 12971
12972 12969 12971
12969 12973 12970
12972 12974 12969
12973 12975 12970
12976 12974 12972
12973 12977 12975
12976 12978 12974
12977 12979 12975
12977 12980 12979
12980 12981 12979
12980 12982 12981
12982 12983 12981
12982 12984 12983
12984 12985 12983
12984 12986 12985
12986 12987 12985
12986 12988 12987
12988 12989 12987
12988 12990 12989
12990 12991 12989
12990 12992 12991
12992 12993 12991
12992 12994 12993
12994 12995 12993
12994 12996 12995
12996 12997 12995
12996 12998 12997
12998 12999 12997
12998 13000 12999
12999 13000 12978
12999 12978 12976
13001 13002 13003
13001 13004 13002
13001 13003 13005
13001 13006 13004
13005 13003 13007
13004 13006 13008
13005 13007 13009
13004 13008 13010
13011 13009 13007
13010 13008 13012
13011 13013 13009
13010 13012 13014
13015 13013 13011
13014 13012 13016
13015 13017 13013
13014 13016 13018
13019 13017 13015
13018 13016 13020
13019 13021 13017
13018 13020 13022
13023 13021 13019
13022 13020 13024
13023 13025 13021
13022 13024 13026
13027 13025 13023
13026 13024 13028
13027 13029 13025
13026 13028 13030
13031 13029 13027
13030 13028 13032
13030 13032 13031
13031 13032 13029
13033 13034 13035
13033 13036 13034
13033 13035 13037
13033 13038 13036
13037 13035 13039
13038 13040 13036
13037 13039 13041
13038 13042 13040
13041 13039 13043
13042 13044 13040
13041 13043 13045
13042 13046 13044
13045 13043 13047
13046 13048 13044
13045 13047 13049
13046 13050 13048
13049 13047 13051
13050 13052 13048
13049 13051 13053
13050 13054 13052
13053 13051 13055
13054 13056 13052
13053 13055 13057
13054 13058 13056
13057 13055 13059
13057 13059 13060
13058 13061 13056
13058 13062 13061
13063 13060 13059
13063 13059 13064
13065 13061 13062
13065 13066 13061
13067 13063 13064
13067 13066 13065
13067 13068 13063
13067 13065 13068
13069 13070 13071
13069 13072 13070
13069 13071 13073
13069 13074 13072
13073 13071 13075
13072 13074 13076
13073 13075 13077
13072 13076 13078
13079 13077 13075
13078 13076 13080
13079 13081 13077
13078 13080 13082
13083 13081 13079
13082 13080 13084
13083 13085 13081
13082 13084 13086
13087 13085 13083
13086 13084 13088
13087 13089 13085
13086 13088 13090
13091 13089 13087
13090 13088 13092
13091 13093 13089
13090 13092 13094
13095 13093 13091
13094 13092 13096
13095 13097 13093
13094 13096 13098
13099 13097 13095
13098 13096 13100
13098 13100 13099
13099 13100 13097
13101 13102 13103
13102 13104 13103
13101 13105 13102
13106 13105 13101
13106 13107 13105
13108 13107 13106
13108 13109 13107
13110 13109 13108
13102 13111 13104
13105 13112 13102
13112 13111 13102
13107 13113 13105
13105 13113 13112
13109 13114 13107
13107 13114 13113
13104 13111 13115
13104 13115 13116
13115 13117 13116
13115 13118 13117
13118 13119 13117
13111 13120 13115
13120 13118 13115
13112 13121 13111
13111 13121 13120
13113 13122 13112
13122 13121 13112
13118 13123 13119
13124 13119 13123
13120 13125 13118
13125 13123 13118
13121 13126 13120
13126 13125 13120
13124 13123 13127
13128 13124 13127
13125 13129 13123
13127 13123 13129
13128 13127 13130
13131 13128 13130
13113 13132 13122
13132 13133 13122
13114 13132 13113
13122 13134 13121
13133 13134 13122
13121 13134 13126
13134 13133 13126
13126 13135 13125
13135 13129 13125
13133 13135 13126
13127 13129 13136
13130 13127 13136
13135 13137 13129
13133 13137 13135
13136 13129 13137
13114 13138 13132
13138 13133 13132
13139 13137 13133
13136 13137 13139
13140 13133 13138
13141 13139 13133
13142 13138 13114
13142 13140 13138
13109 13142 13114
13143 13136 13139
13130 13136 13143
13143 13139 13141
13144 13142 13109
13110 13144 13109
13145 13140 13142
13144 13145 13142
13146 13130 13143
13131 13130 13146
13147 13131 13146
13148 13143 13141
13146 13143 13148
13147 13146 13149
13149 13146 13148
13150 13147 13149
13110 13151 13144
13110 13152 13151
13148 13141 13153
13153 13141 13133
13150 13149 13154
13155 13150 13154
13152 13155 13156
13152 13156 13151
13155 13154 13156
13149 13148 13157
13157 13148 13153
13154 13149 13157
13144 13151 13158
13144 13158 13145
13151 13156 13159
13151 13159 13158
13156 13154 13160
13154 13157 13160
13156 13160 13159
13157 13153 13161
13160 13157 13161
13161 13153 13133
13160 13161 13162
13159 13160 13162
13162 13161 13133
13159 13162 13163
13158 13159 13163
13163 13162 13133
13158 13163 13164
13145 13158 13164
13164 13163 13133
13145 13164 13165
13165 13164 13133
13145 13165 13140
13165 13133 13140
13166 13167 13168
13169 13167 13166
13168 13167 13170
13171 13167 13169
13170 13167 13172
13173 13167 13171
13172 13167 13174
13174 13167 13173
13175 13176 13177
13178 13176 13175
13177 13176 13179
13180 13176 13178
13179 13176 13181
13182 13176 13180
13181 13176 13183
13184 13176 13182
13183 13176 13185
13186 13176 13184
13185 13176 13187
13187 13176 13186
13188 13189 13190
13191 13189 13188
13190 13189 13192
13193 13189 13191
13192 13189 13194
13195 13189 13193
13194 13189 13196
13197 13189 13195
13196 13189 13198
13199 13189 13197
13198 13189 13200
13200 13189 13199
13201 13202 13203
13204 13202 13201
13203 13202 13205
13206 13202 13204
13205 13202 13207
13208 13202 13206
13207 13202 13209
13210 13202 13208
13209 13202 13211
13212 13202 13210
13211 13202 13213
13213 13202 13212
13214 13215 13216
13217 13215 13214
13216 13215 13218
13219 13215 13217
13218 13215 13220
13221 13215 13219
13220 13215 13222
13223 13215 13221
13222 13215 13224
13225 13215 13223
13224 13215 13226
13226 13215 13225
13227 13228 13229
13230 13228 13227
13229 13228 13231
13232 13228 13230
13231 13228 13233
13234 13228 13232
13233 13228 13235
13236 13228 13234
13235 13228 13237
13238 13228 13236
13237 13228 13239
13239 13228 13238
13240 13241 13242
13241 13240 13243
13241 13244 13242
13245 13241 13243
13244 13241 13246
13245 13247 13241
13241 13248 13246
13247 13249 13241
13248 13241 13250
13249 13251 13241
13241 13252 13250
13251 13253 13241
13252 13241 13254
13253 13255 13241
13241 13256 13254
13255 13257 13241
13256 13241 13258
13257 13259 13241
13241 13260 13258
13259 13261 13241
13262 13260 13241
13261 13263 13241
13264 13262 13241
13263 13264 13241
13265 13266 13267
13265 13268 13266
13265 13267 13269
13265 13270 13268
13269 13267 13271
13268 13270 13272
13269 13271 13273
13268 13272 13274
13275 13273 13271
13274 13272 13276
13275 13277 13273
13274 13276 13278
13279 13277 13275
13278 13276 13280
13279 13281 13277
13278 13280 13282
13283 13281 13279
13282 13280 13284
13283 13285 13281
13282 13284 13286
13287 13285 13283
13286 13284 13288
13287 13289 13285
13286 13288 13290
13291 13289 13287
13290 13288 13292
13291 13293 13289
13290 13292 13294
13295 13293 13291
13294 13292 13296
13294 13296 13295
13295 13296 13293
13297 13298 13299
13299 13300 13297
13297 13301 13298
13301 13302 13298
13297 13300 13303
13303 13301 13297
13301 13304 13302
13304 13305 13302
13303 13300 13306
13306 13300 13307
13303 13308 13301
13306 13308 13303
13308 13304 13301
13307 13309 13306
13306 13309 13308
13307 13310 13309
13304 13311 13305
13311 13312 13305
13308 13313 13304
13309 13313 13308
13313 13311 13304
13310 13314 13309
13309 13314 13313
13310 13315 13314
13311 13316 13312
13316 13317 13312
13313 13318 13311
13314 13318 13313
13318 13316 13311
13315 13319 13314
13314 13319 13318
13315 13320 13319
13316 13321 13317
13321 13322 13317
13318 13323 13316
13319 13323 13318
13323 13321 13316
13320 13324 13319
13319 13324 13323
13320 13325 13324
13323 13326 13321
13326 13322 13321
13324 13326 13323
13325 13327 13324
13324 13327 13326
13327 13322 13326
13325 13328 13327
13328 13322 13327
13329 13330 13331
13331 13332 13329
13329 13333 13330
13333 13334 13330
13329 13332 13335
13335 13333 13329
13333 13336 13334
13336 13337 13334
13335 13338 13333
13338 13336 13333
13336 13339 13337
13339 13340 13337
13335 13332 13341
13341 13338 13335
13338 13342 13336
13342 13339 13336
13339 13343 13340
13343 13344 13340
13341 13345 13338
13345 13342 13338
13342 13346 13339
13346 13343 13339
13343 13347 13344
13347 13348 13344
13341 13332 13349
13349 13345 13341
13345 13350 13342
13350 13346 13342
13346 13351 13343
13351 13347 13343
13347 13352 13348
13352 13353 13348
13349 13354 13345
13354 13350 13345
13350 13355 13346
13355 13351 13346
13351 13356 13347
13356 13352 13347
13349 13332 13357
13357 13354 13349
13354 13358 13350
13358 13355 13350
13355 13359 13351
13359 13356 13351
13356 13360 13352
13360 13353 13352
13357 13361 13354
13361 13358 13354
13357 13332 13362
13362 13361 13357
13358 13363 13355
13363 13359 13355
13359 13364 13356
13364 13360 13356
13362 13332 13365
13365 13332 13366
13362 13367 13361
13365 13367 13362
13361 13368 13358
13368 13363 13358
13367 13368 13361
13366 13369 13365
13365 13369 13367
13366 13370 13369
13363 13371 13359
13371 13364 13359
13364 13372 13360
13372 13353 13360
13367 13373 13368
13369 13373 13367
13370 13374 13369
13369 13374 13373
13370 13375 13374
13368 13376 13363
13373 13376 13368
13376 13371 13363
13371 13377 13364
13377 13372 13364
13375 13378 13374
13375 13379 13378
13374 13380 13373
13373 13380 13376
13374 13378 13380
13376 13381 13371
13380 13381 13376
13381 13377 13371
13377 13382 13372
13382 13353 13372
13379 13383 13378
13379 13384 13383
13378 13385 13380
13380 13385 13381
13378 13383 13385
13381 13386 13377
13386 13382 13377
13385 13386 13381
13384 13387 13383
13384 13388 13387
13383 13389 13385
13385 13389 13386
13383 13387 13389
13386 13390 13382
13389 13390 13386
13390 13353 13382
13389 13391 13390
13387 13391 13389
13391 13353 13390
13388 13392 13387
13387 13392 13391
13392 13353 13391
13388 13393 13392
13393 13353 13392
13394 13395 13396
13394 13397 13395
13394 13396 13398
13394 13399 13397
13398 13396 13400
13397 13399 13401
13398 13400 13402
13397 13401 13403
13404 13402 13400
13403 13401 13405
13404 13406 13402
13403 13405 13407
13408 13406 13404
13407 13405 13409
13408 13410 13406
13407 13409 13411
13412 13410 13408
13411 13409 13413
13412 13414 13410
13411 13413 13415
13416 13414 13412
13415 13413 13417
13416 13418 13414
13415 13417 13419
13420 13418 13416
13419 13417 13421
13420 13422 13418
13419 13421 13423
13424 13422 13420
13423 13421 13425
13423 13425 13424
13424 13425 13422
13426 13427 13428
13426 13428 13429
13426 13430 13427
13426 13429 13431
13430 13432 13427
13429 13433 13431
13430 13434 13432
13429 13435 13433
13436 13432 13434
13435 13437 13433
13436 13434 13438
13435 13439 13437
13440 13436 13438
13439 13441 13437
13440 13438 13442
13439 13443 13441
13444 13440 13442
13443 13445 13441
13444 13442 13446
13443 13447 13445
13448 13444 13446
13447 13449 13445
13448 13446 13450
13447 13451 13449
13452 13448 13450
13451 13453 13449
13452 13450 13454
13451 13455 13453
13456 13452 13454
13455 13457 13453
13455 13456 13457
13456 13454 13457
13458 13459 13460
13458 13460 13461
13462 13459 13458
13461 13460 13463
13461 13463 13464
13462 13465 13459
13466 13465 13462
13459 13467 13460
13460 13467 13463
13465 13467 13459
13463 13467 13468
13464 13463 13468
13469 13467 13465
13466 13469 13465
13464 13468 13470
13471 13469 13466
13470 13468 13472
13468 13467 13472
13470 13472 13473
13471 13474 13469
13474 13467 13469
13475 13474 13471
13473 13472 13476
13472 13467 13476
13473 13476 13477
13475 13478 13474
13478 13467 13474
13479 13478 13475
13477 13476 13480
13476 13467 13480
13477 13480 13481
13481 13482 13479
13479 13482 13478
13482 13467 13478
13481 13480 13482
13480 13467 13482
13483 13484 13485
13483 13485 13486
13487 13484 13483
13486 13485 13488
13486 13488 13489
13487 13490 13484
13491 13490 13487
13484 13492 13485
13485 13492 13488
13490 13492 13484
13488 13492 13493
13489 13488 13493
13494 13492 13490
13491 13494 13490
13489 13493 13495
13496 13494 13491
13495 13493 13497
13493 13492 13497
13495 13497 13498
13496 13499 13494
13499 13492 13494
13500 13499 13496
13498 13497 13501
13497 13492 13501
13498 13501 13502
13500 13503 13499
13503 13492 13499
13504 13503 13500
13502 13501 13505
13501 13492 13505
13502 13505 13506
13506 13507 13504
13504 13507 13503
13507 13492 13503
13506 13505 13507
13505 13492 13507
13508 13509 13510
13508 13510 13511
13512 13509 13508
13511 13510 13513
13511 13513 13514
13512 13515 13509
13516 13515 13512
13509 13517 13510
13510 13517 13513
13515 13517 13509
13513 13517 13518
13514 13513 13518
13519 13517 13515
13516 13519 13515
13514 13518 13520
13521 13519 13516
13520 13518 13522
13518 13517 13522
13520 13522 13523
13521 13524 13519
13524 13517 13519
13525 13524 13521
13523 13522 13526
13522 13517 13526
13523 13526 13527
13525 13528 13524
13528 13517 13524
13529 13528 13525
13527 13526 13530
13526 13517 13530
13527 13530 13531
13531 13532 13529
13529 13532 13528
13532 13517 13528
13531 13530 13532
13530 13517 13532
13533 13534 13535
13533 13535 13536
13537 13534 13533
13536 13535 13538
13536 13538 13539
13537 13540 13534
13541 13540 13537
13534 13542 13535
13535 13542 13538
13540 13542 13534
13538 13542 13543
13539 13538 13543
13544 13542 13540
13541 13544 13540
13539 13543 13545
13546 13544 13541
13545 13543 13547
13543 13542 13547
13545 13547 13548
13546 13549 13544
13549 13542 13544
13550 13549 13546
13548 13547 13551
13547 13542 13551
13548 13551 13552
13550 13553 13549
13553 13542 13549
13554 13553 13550
13552 13551 13555
13551 13542 13555
13552 13555 13556
13556 13557 13554
13554 13557 13553
13557 13542 13553
13556 13555 13557
13555 13542 13557
13558 13559 13560
13558 13560 13561
13562 13559 13558
13561 13560 13563
13561 13563 13564
13562 13565 13559
13566 13565 13562
13559 13567 13560
13560 13567 13563
13565 13567 13559
13563 13567 13568
13564 13563 13568
13569 13567 13565
13566 13569 13565
13564 13568 13570
13571 13569 13566
13570 13568 13572
13568 13567 13572
13570 13572 13573
13571 13574 13569
13574 13567 13569
13575 13574 13571
13573 13572 13576
13572 13567 13576
13573 13576 13577
13575 13578 13574
13578 13567 13574
13579 13578 13575
13577 13576 13580
13576 13567 13580
13577 13580 13581
13581 13582 13579
13579 13582 13578
13582 13567 13578
13581 13580 13582
13580 13567 13582
13583 13584 13585
13583 13586 13584
13586 13587 13584
13588 13583 13585
13588 13585 13589
13586 13590 13587
13590 13591 13587
13592 13588 13589
13592 13589 13593
13590 13594 13591
13594 13595 13591
13596 13592 13593
13596 13593 13597
13594 13598 13595
13598 13599 13595
13600 13596 13597
13600 13597 13601
13598 13602 13599
13602 13603 13599
13604 13600 13601
13604 13601 13605
13606 13605 13603
13602 13606 13603
13606 13604 13605
13607 13592 13596
13608 13596 13600
13608 13607 13596
13609 13600 13604
13609 13608 13600
13610 13604 13606
13610 13609 13604
13608 13609 13611
13607 13608 13611
13609 13610 13611
13612 13607 13611
13607 13612 13592
13610 13613 13611
13613 13610 13606
13613 13606 13602
13612 13588 13592
13614 13613 13602
13613 13614 13611
13614 13602 13598
13612 13615 13588
13615 13612 13611
13615 13583 13588
13616 13614 13598
13614 13616 13611
13616 13598 13594
13615 13617 13583
13617 13615 13611
13617 13586 13583
13618 13616 13594
13616 13618 13611
13618 13594 13590
13617 13619 13586
13619 13617 13611
13618 13619 13611
13619 13618 13590
13619 13590 13586
13620 13621 13622
13620 13622 13623
13623 13622 13624
13625 13621 13620
13625 13626 13621
13623 13624 13627
13627 13624 13628
13629 13626 13625
13629 13630 13626
13627 13628 13631
13631 13628 13632
13633 13630 13629
13633 13634 13630
13631 13632 13635
13635 13632 13636
13637 13634 13633
13637 13638 13634
13635 13636 13639
13639 13636 13640
13641 13638 13637
13641 13642 13638
13643 13640 13642
13639 13640 13643
13643 13642 13641
13644 13633 13629
13645 13637 13633
13645 13633 13644
13646 13641 13637
13646 13637 13645
13647 13643 13641
13647 13641 13646
13645 13648 13646
13644 13648 13645
13646 13648 13647
13649 13648 13644
13644 13629 13649
13647 13648 13650
13650 13643 13647
13650 13639 13643
13649 13629 13625
13651 13639 13650
13650 13648 13651
13651 13635 13639
13649 13625 13652
13652 13648 13649
13652 13625 13620
13653 13635 13651
13651 13648 13653
13653 13631 13635
13652 13620 13654
13654 13648 13652
13654 13620 13623
13655 13631 13653
13653 13648 13655
13655 13627 13631
13654 13623 13656
13656 13648 13654
13655 13648 13656
13656 13623 13627
13656 13627 13655
13657 13658 13659
13657 13659 13660
13660 13659 13661
13662 13658 13657
13662 13663 13658
13660 13661 13664
13664 13661 13665
13666 13663 13662
13666 13667 13663
13664 13665 13668
13668 13665 13669
13670 13667 13666
13670 13671 13667
13668 13669 13672
13672 13669 13673
13674 13671 13670
13674 13675 13671
13672 13673 13676
13676 13673 13677
13678 13675 13674
13678 13679 13675
13680 13677 13679
13676 13677 13680
13680 13679 13678
13681 13670 13666
13682 13674 13670
13682 13670 13681
13683 13678 13674
13683 13674 13682
13684 13680 13678
13684 13678 13683
13682 13685 13683
13681 13685 13682
13683 13685 13684
13686 13685 13681
13681 13666 13686
13684 13685 13687
13687 13680 13684
13687 13676 13680
13686 13666 13662
13688 13676 13687
13687 13685 13688
13688 13672 13676
13686 13662 13689
13689 13685 13686
13689 13662 13657
13690 13672 13688
13688 13685 13690
13690 13668 13672
13689 13657 13691
13691 13685 13689
13691 13657 13660
13692 13668 13690
13690 13685 13692
13692 13664 13668
13691 13660 13693
13693 13685 13691
13692 13685 13693
13693 13660 13664
13693 13664 13692
13694 13695 13696
13694 13697 13695
13697 13698 13695
13699 13694 13696
13699 13696 13700
13697 13701 13698
13701 13702 13698
13703 13699 13700
13703 13700 13704
13701 13705 13702
13705 13706 13702
13707 13703 13704
13707 13704 13708
13705 13709 13706
13709 13710 13706
13711 13707 13708
13711 13708 13712
13709 13713 13710
13713 13714 13710
13715 13711 13712
13715 13712 13716
13717 13716 13714
13713 13717 13714
13717 13715 13716
13718 13703 13707
13719 13707 13711
13719 13718 13707
13720 13711 13715
13720 13719 13711
13721 13715 13717
13721 13720 13715
13719 13720 13722
13718 13719 13722
13720 13721 13722
13723 13718 13722
13718 13723 13703
13721 13724 13722
13724 13721 13717
13724 13717 13713
13723 13699 13703
13725 13724 13713
13724 13725 13722
13725 13713 13709
13723 13726 13699
13726 13723 13722
13726 13694 13699
13727 13725 13709
13725 13727 13722
13727 13709 13705
13726 13728 13694
13728 13726 13722
13728 13697 13694
13729 13727 13705
13727 13729 13722
13729 13705 13701
13728 13730 13697
13730 13728 13722
13729 13730 13722
13730 13729 13701
13730 13701 13697
13731 13732 13733
13731 13734 13732
13734 13735 13732
13736 13731 13733
13736 13733 13737
13734 13738 13735
13738 13739 13735
13740 13736 13737
13740 13737 13741
13738 13742 13739
13742 13743 13739
13744 13740 13741
13744 13741 13745
13742 13746 13743
13746 13747 13743
13748 13744 13745
13748 13745 13749
13746 13750 13747
13750 13751 13747
13752 13748 13749
13752 13749 13753
13754 13753 13751
13750 13754 13751
13754 13752 13753
13755 13740 13744
13756 13755 13744
13756 13744 13748
13755 13757 13740
13758 13756 13748
13758 13748 13752
13757 13736 13740
13759 13758 13752
13759 13752 13754
13757 13760 13736
13761 13759 13754
13761 13754 13750
13760 13731 13736
13762 13761 13750
13760 13763 13731
13762 13750 13746
13763 13734 13731
13764 13762 13746
13763 13765 13734
13764 13746 13742
13765 13738 13734
13766 13764 13742
13765 13766 13738
13766 13742 13738
13767 13768 13769
13767 13769 13770
13770 13769 13771
13772 13768 13767
13772 13773 13768
13770 13771 13774
13774 13771 13775
13776 13773 13772
13776 13777 13773
13774 13775 13778
13778 13775 13779
13780 13777 13776
13780 13781 13777
13778 13779 13782
13782 13779 13783
13784 13781 13780
13784 13785 13781
13782 13783 13786
13786 13783 13787
13788 13785 13784
13788 13789 13785
13790 13787 13789
13786 13787 13790
13790 13789 13788
13791 13780 13776
13792 13780 13791
13792 13784 13780
13791 13776 13793
13794 13784 13792
13794 13788 13784
13793 13776 13772
13795 13788 13794
13795 13790 13788
13793 13772 13796
13797 13790 13795
13797 13786 13790
13796 13772 13767
13798 13786 13797
13796 13767 13799
13798 13782 13786
13799 13767 13770
13800 13782 13798
13799 13770 13801
13800 13778 13782
13801 13770 13774
13802 13778 13800
13801 13774 13802
13802 13774 13778
13803 13804 13805
13803 13805 13806
13807 13803 13806
13804 13808 13805
13804 13809 13808
13807 13806 13810
13811 13807 13810
13809 13812 13808
13809 13813 13812
13811 13810 13814
13815 13811 13814
13813 13816 13812
13813 13817 13816
13815 13814 13818
13819 13815 13818
13817 13820 13816
13817 13821 13820
13819 13818 13822
13823 13819 13822
13821 13824 13820
13821 13825 13824
13825 13823 13826
13823 13822 13826
13825 13826 13824
13812 13816 13827
13816 13820 13828
13816 13828 13827
13820 13824 13829
13820 13829 13828
13824 13826 13830
13824 13830 13829
13829 13831 13828
13828 13831 13827
13830 13831 13829
13827 13831 13832
13812 13827 13832
13833 13831 13830
13826 13833 13830
13826 13822 13833
13808 13812 13832
13822 13834 13833
13834 13831 13833
13822 13818 13834
13808 13832 13835
13832 13831 13835
13805 13808 13835
13818 13836 13834
13836 13831 13834
13818 13814 13836
13805 13835 13837
13835 13831 13837
13806 13805 13837
13814 13838 13836
13838 13831 13836
13814 13810 13838
13806 13837 13839
13837 13831 13839
13810 13806 13839
13810 13839 13838
13839 13831 13838
13840 13841 13842
13840 13842 13843
13844 13841 13840
13843 13842 13845
13843 13845 13846
13844 13847 13841
13848 13847 13844
13846 13845 13849
13846 13849 13850
13848 13851 13847
13852 13851 13848
13850 13849 13853
13850 13853 13854
13852 13855 13851
13856 13855 13852
13854 13853 13857
13854 13857 13858
13856 13859 13855
13860 13859 13856
13858 13857 13861
13858 13861 13862
13862 13863 13860
13860 13863 13859
13862 13861 13863
13849 13864 13853
13853 13865 13857
13853 13864 13865
13857 13866 13861
13857 13865 13866
13861 13867 13863
13861 13866 13867
13866 13865 13868
13865 13864 13868
13867 13866 13868
13864 13869 13868
13849 13869 13864
13870 13867 13868
13863 13867 13870
13863 13870 13859
13845 13869 13849
13859 13870 13871
13871 13870 13868
13859 13871 13855
13845 13872 13869
13869 13872 13868
13842 13872 13845
13855 13871 13873
13873 13871 13868
13855 13873 13851
13842 13874 13872
13872 13874 13868
13841 13874 13842
13851 13873 13875
13875 13873 13868
13851 13875 13847
13841 13876 13874
13874 13876 13868
13876 13875 13868
13847 13875 13876
13847 13876 13841
13877 13878 13879
13877 13879 13880
13881 13878 13877
13880 13879 13882
13880 13882 13883
13881 13884 13878
13885 13884 13881
13883 13882 13886
13883 13886 13887
13885 13888 13884
13889 13888 13885
13887 13886 13890
13887 13890 13891
13889 13892 13888
13893 13892 13889
13891 13890 13894
13891 13894 13895
13893 13896 13892
13897 13896 13893
13895 13894 13898
13895 13898 13899
13899 13900 13897
13897 13900 13896
13899 13898 13900
13886 13901 13890
13890 13902 13894
13890 13901 13902
13894 13903 13898
13894 13902 13903
13898 13904 13900
13898 13903 13904
13903 13902 13905
13902 13901 13905
13904 13903 13905
13901 13906 13905
13886 13906 13901
13907 13904 13905
13900 13904 13907
13900 13907 13896
13882 13906 13886
13896 13907 13908
13908 13907 13905
13896 13908 13892
13882 13909 13906
13906 13909 13905
13879 13909 13882
13892 13908 13910
13910 13908 13905
13892 13910 13888
13879 13911 13909
13909 13911 13905
13878 13911 13879
13888 13910 13912
13912 13910 13905
13888 13912 13884
13878 13913 13911
13911 13913 13905
13913 13912 13905
13884 13912 13913
13884 13913 13878
13914 13915 13916
13914 13916 13917
13918 13914 13917
13915 13919 13916
13915 13920 13919
13918 13917 13921
13922 13918 13921
13920 13923 13919
13920 13924 13923
13922 13921 13925
13926 13922 13925
13924 13927 13923
13924 13928 13927
13926 13925 13929
13930 13926 13929
13928 13931 13927
13928 13932 13931
13930 13929 13933
13934 13930 13933
13932 13935 13931
13932 13936 13935
13936 13934 13937
13934 13933 13937
13936 13937 13935
13923 13927 13938
13927 13931 13939
13927 13939 13938
13931 13935 13940
13931 13940 13939
13935 13937 13941
13935 13941 13940
13940 13942 13939
13939 13942 13938
13941 13942 13940
13938 13942 13943
13923 13938 13943
13944 13942 13941
13937 13944 13941
13937 13933 13944
13919 13923 13943
13933 13945 13944
13945 13942 13944
13933 13929 13945
13919 13943 13946
13943 13942 13946
13916 13919 13946
13929 13947 13945
13947 13942 13945
13929 13925 13947
13916 13946 13948
13946 13942 13948
13917 13916 13948
13925 13949 13947
13949 13942 13947
13925 13921 13949
13917 13948 13950
13948 13942 13950
13921 13917 13950
13921 13950 13949
13950 13942 13949
