byte offset: 0
first index: 0
index count: 44652
topology: trianglelist
format: DXGI_FORMAT_R16_UINT

0 1 2
3 4 5
6 7 8
9 10 11
12 13 14
15 16 17
18 19 20
21 22 23
24 25 26
27 28 29
30 31 32
33 34 35
36 37 38
39 40 41
42 43 40
42 44 43
45 46 47
48 49 50
51 52 53
52 54 55
56 57 58
59 60 61
62 59 63
64 65 66
67 68 69
70 68 71
70 72 68
73 72 70
70 74 73
75 72 73
75 76 72
77 75 73
77 73 78
78 73 74
78 74 79
79 80 78
81 80 79
82 81 79
79 83 82
71 84 70
70 84 74
85 84 71
82 83 86
87 82 86
87 86 88
89 88 86
89 90 88
86 91 89
92 91 86
92 86 83
92 93 91
94 93 92
94 95 93
74 84 96
85 96 84
83 97 92
92 97 94
98 94 97
99 95 94
94 98 99
95 99 100
95 100 101
99 102 100
99 103 102
103 99 98
103 98 104
105 103 104
106 105 104
107 106 104
104 108 107
109 97 83
98 97 109
110 98 109
109 111 110
112 104 98
110 112 98
104 112 113
113 108 104
113 112 110
110 111 114
111 115 114
111 116 115
113 110 117
108 113 117
110 118 117
116 111 119
116 119 120
111 121 119
122 121 111
121 122 83
123 121 83
123 83 79
124 121 123
121 124 119
79 125 123
124 123 125
125 79 74
74 124 125
74 96 124
96 119 124
126 120 119
96 126 119
126 127 120
126 96 128
128 96 85
126 128 129
130 126 129
131 130 129
132 129 128
131 129 133
132 133 129
134 128 85
132 128 134
134 85 135
135 136 134
132 134 136
132 136 137
137 136 138
131 133 139
140 131 139
141 133 132
132 137 141
140 139 142
142 143 140
144 143 142
139 133 145
141 145 133
146 144 142
146 147 144
146 148 147
149 142 139
149 146 142
149 139 145
149 148 146
141 150 145
149 145 150
151 141 137
141 151 150
150 152 149
149 152 148
153 150 151
150 153 152
152 154 148
151 137 155
153 151 156
155 156 151
157 152 153
153 156 157
158 152 157
159 157 156
152 158 160
158 161 154
158 162 161
156 163 159
155 163 156
164 159 163
163 165 164
155 137 166
166 137 138
167 163 155
155 166 167
165 163 168
167 168 163
165 168 169
167 166 170
166 138 170
167 170 171
172 168 167
172 173 168
173 169 168
173 174 169
138 175 176
138 177 175
85 177 138
177 85 178
178 179 177
178 180 179
71 178 85
71 181 178
178 181 182
182 183 178
182 184 183
185 186 187
188 189 187
188 190 189
191 187 189
192 191 189
190 192 189
192 193 191
193 192 194
195 190 188
195 196 190
197 195 188
190 198 192
199 198 190
199 200 198
198 201 192
194 192 201
198 202 201
198 203 202
201 204 194
202 204 205
202 206 204
206 207 204
204 207 208
206 209 207
207 209 210
207 210 211
211 208 207
211 212 208
213 208 212
194 204 214
204 208 214
194 214 215
215 214 216
208 216 214
216 217 215
213 218 208
208 218 216
219 218 213
219 213 220
221 219 220
218 222 216
218 219 222
216 222 217
221 223 219
223 222 219
221 224 223
221 225 224
226 224 225
223 227 222
227 223 224
217 222 228
227 224 229
226 230 224
231 230 226
232 229 224
232 224 230
233 228 229
234 229 232
233 229 234
217 228 235
235 228 233
236 234 232
236 232 237
230 237 238
231 239 230
230 239 237
240 239 231
240 231 241
239 242 237
239 240 242
241 243 240
241 244 243
245 236 237
245 237 242
240 246 242
240 243 246
247 243 244
247 244 248
249 247 248
250 247 249
251 243 247
251 246 243
250 252 247
253 246 252
254 242 246
254 245 242
253 254 246
255 251 250
255 253 251
256 255 250
256 250 257
258 255 256
258 259 255
253 255 259
253 259 260
261 253 260
254 253 261
261 262 254
245 254 262
263 245 262
245 263 236
264 236 263
264 234 236
264 263 265
234 264 266
234 266 233
264 265 267
267 266 264
267 268 266
269 233 266
233 269 235
270 266 268
270 269 266
271 235 269
269 270 272
269 272 271
273 235 271
272 273 271
273 217 235
270 268 274
270 274 272
275 274 268
276 275 268
277 276 265
277 275 276
275 278 274
278 275 277
279 277 265
279 265 280
279 280 281
282 277 279
278 277 282
283 279 281
282 279 283
284 272 274
274 278 285
274 285 284
284 286 272
287 286 284
272 286 273
288 273 286
273 288 217
284 285 289
289 287 284
287 290 286
288 286 290
291 217 288
291 292 217
293 288 290
287 293 290
293 291 288
292 291 294
292 294 194
295 294 291
295 291 293
287 296 293
293 296 295
285 297 289
289 298 287
297 298 289
287 299 296
287 298 299
296 187 295
296 299 187
285 300 297
300 285 278
187 299 301
187 301 188
188 301 302
197 188 302
299 303 301
303 302 301
304 197 302
303 304 302
299 305 303
298 305 299
304 306 197
307 306 304
307 304 308
309 308 304
309 310 308
309 311 310
309 305 311
298 312 305
312 311 305
312 313 311
297 312 298
312 314 313
312 297 314
314 297 300
314 300 315
316 315 300
316 300 317
300 278 317
282 317 278
318 316 317
282 318 317
318 319 316
318 282 283
319 318 320
318 283 320
319 320 321
322 320 283
283 281 322
323 321 320
322 323 320
323 324 321
325 324 323
325 326 324
326 325 327
323 322 328
323 328 325
327 325 329
329 325 328
330 327 329
330 329 331
331 329 328
332 328 322
332 322 281
331 328 332
333 332 281
333 281 334
335 332 333
332 335 336
332 336 331
337 331 336
337 338 331
339 340 341
342 343 339
344 342 345
342 344 346
347 346 344
344 348 347
349 346 347
349 347 350
344 351 348
352 347 348
352 353 347
352 354 353
352 348 355
356 352 355
356 357 352
358 355 348
358 348 359
360 359 348
360 348 351
360 361 359
351 361 360
361 362 359
351 363 361
351 364 363
351 365 364
339 364 365
339 366 364
366 367 364
366 339 368
366 368 367
369 368 339
370 368 369
370 371 368
364 372 363
372 364 367
373 367 368
373 368 374
373 374 375
363 372 376
372 367 377
372 377 376
376 378 363
361 363 378
373 379 367
373 380 379
373 381 380
382 377 367
382 367 379
382 383 377
383 382 384
379 384 382
379 385 384
379 386 385
376 377 387
388 387 377
377 389 388
390 388 389
387 391 376
376 391 378
391 392 378
378 392 361
393 361 392
361 393 394
387 395 391
391 396 392
395 396 391
393 392 397
397 392 396
393 397 398
398 362 393
397 396 399
399 400 397
400 399 401
400 401 402
403 402 401
401 404 403
399 396 405
395 405 396
406 405 395
407 405 406
399 405 407
399 407 401
401 407 408
409 407 406
409 408 407
410 401 408
411 401 410
412 411 410
412 410 413
414 413 410
408 414 410
414 415 413
408 409 416
408 416 414
417 414 416
415 414 418
417 418 414
415 418 419
420 419 418
420 418 421
416 409 422
422 417 416
422 409 423
406 423 409
424 417 422
422 423 425
424 426 417
427 418 417
428 418 427
427 417 429
429 417 426
430 427 429
429 431 430
425 423 432
425 432 426
433 429 426
426 432 433
429 434 431
433 434 429
435 431 434
435 434 436
433 436 434
435 436 437
438 432 423
438 423 406
432 439 433
439 436 433
440 439 432
440 436 439
438 440 432
437 436 441
440 441 436
441 442 437
443 440 438
440 443 441
438 406 444
443 438 444
445 442 441
446 441 443
446 447 441
448 442 447
448 449 442
446 450 445
450 451 445
443 452 446
446 452 450
450 453 451
453 454 451
453 455 454
444 456 443
443 456 452
452 457 450
457 458 450
459 452 456
452 459 457
444 460 456
459 456 461
461 456 460
460 444 462
406 462 444
463 462 406
463 406 395
395 464 463
395 387 464
387 388 464
465 457 459
466 465 459
466 459 461
465 467 457
461 468 466
467 469 457
467 470 469
457 469 458
471 458 469
471 472 458
461 473 468
460 473 461
474 468 473
460 475 473
460 462 475
476 475 462
476 473 475
476 462 463
474 473 477
477 473 476
474 477 478
479 476 463
477 476 479
479 480 477
479 463 464
481 478 477
481 477 480
481 482 478
481 480 482
483 478 482
483 482 484
464 485 479
485 464 388
485 388 486
487 479 485
479 487 480
485 486 487
488 484 482
489 484 488
489 488 490
491 486 388
492 491 388
491 492 493
491 493 486
494 493 492
493 494 495
493 495 496
497 486 493
497 493 498
497 498 499
488 482 500
488 500 501
488 501 502
500 503 501
500 504 503
505 500 482
505 482 480
504 500 506
505 506 500
506 505 480
506 507 504
497 508 486
497 509 508
497 510 509
511 508 509
511 512 508
513 486 508
508 512 513
513 487 486
514 513 512
513 514 487
512 515 514
487 516 480
517 507 516
518 480 516
516 519 518
520 521 522
523 524 525
526 527 528
529 530 531
532 469 533
534 535 536
537 538 539
540 541 542
542 543 544
545 546 547
548 549 550
551 552 553
554 555 553
556 557 558
559 560 561
562 563 564
565 566 567
568 569 570
571 570 572
573 571 572
571 573 574
575 574 573
575 576 574
573 572 577
573 577 575
578 576 575
578 579 576
580 576 579
580 579 581
582 578 575
578 582 579
583 581 579
584 581 583
584 583 585
583 579 586
583 586 587
583 587 588
589 586 579
589 579 582
582 575 590
582 590 591
575 592 590
592 575 577
593 590 592
594 592 577
593 592 594
591 590 595
590 593 595
594 577 596
572 596 577
572 597 596
597 572 598
598 599 597
598 600 599
601 599 600
599 601 602
602 603 599
595 593 604
605 593 594
593 605 604
606 604 605
607 594 596
605 594 607
597 608 596
607 596 608
609 607 608
610 609 608
597 610 608
597 599 610
607 611 605
605 611 606
599 612 610
613 612 599
595 604 614
595 614 591
604 606 615
616 615 606
617 614 604
617 604 618
618 619 617
617 620 614
620 617 619
620 619 621
620 621 622
623 614 620
623 620 624
623 624 625
626 627 606
626 606 611
628 606 627
629 606 628
628 630 629
628 627 630
631 629 630
630 632 631
630 633 632
634 630 627
634 635 630
634 636 635
611 637 626
626 638 627
638 626 637
637 639 638
637 611 640
607 640 611
640 607 609
634 627 641
642 627 638
642 641 627
634 641 643
634 643 644
645 643 641
645 641 646
641 642 646
642 638 647
647 646 642
638 639 647
646 647 648
649 647 639
647 649 650
651 639 652
653 639 651
651 654 653
651 652 654
655 653 654
653 655 656
657 647 656
654 658 655
654 659 658
660 659 654
660 654 652
660 661 659
660 652 662
663 660 662
663 664 660
665 662 652
665 652 666
667 666 652
667 652 639
667 668 666
667 639 668
669 666 668
637 668 639
669 668 670
669 670 671
668 637 672
668 672 670
637 640 672
672 640 673
640 609 673
674 671 670
674 675 671
672 676 670
672 673 676
677 670 676
677 676 673
677 674 670
675 674 678
675 678 679
677 673 680
609 680 673
674 677 681
678 674 681
680 681 677
679 678 682
679 682 683
678 681 684
684 682 678
680 685 681
685 684 681
686 680 609
685 680 686
683 682 687
683 687 688
689 688 687
682 690 687
691 687 690
691 690 692
682 693 690
684 693 682
685 694 684
694 693 684
694 695 693
693 695 696
693 696 697
694 685 698
694 698 699
695 698 700
701 699 700
701 700 702
698 703 700
697 701 704
697 704 705
706 698 685
685 686 706
703 698 707
706 707 698
708 703 707
708 707 709
708 709 710
711 710 709
711 712 710
712 711 713
713 711 714
715 709 707
715 711 709
706 716 707
716 715 707
706 717 716
686 717 706
717 715 716
715 718 711
711 718 714
718 715 717
686 719 717
686 609 719
720 718 717
720 714 718
720 717 719
609 721 719
721 609 610
721 610 612
722 720 719
722 719 721
720 722 714
723 722 721
612 723 721
722 723 714
612 724 723
714 723 725
612 613 724
714 725 726
713 714 726
727 713 726
728 727 726
728 726 729
730 726 725
730 729 726
724 731 730
724 613 731
732 731 613
732 613 602
733 734 735
736 737 738
193 739 294
398 740 741
400 742 740
743 744 745
743 745 746
746 747 743
746 745 748
745 749 748
745 750 749
750 751 749
746 748 752
753 752 748
746 754 747
752 754 746
752 753 755
753 756 755
752 757 754
752 755 757
754 757 758
755 758 757
747 754 759
754 758 759
756 760 755
755 760 758
758 761 759
758 762 761
758 760 763
758 763 764
753 765 756
765 753 766
753 767 766
766 767 749
765 766 768
766 749 769
769 749 770
756 771 760
760 771 772
760 772 773
756 774 771
774 775 771
774 776 775
777 756 765
756 778 774
777 778 756
778 779 774
779 780 774
779 781 780
765 782 777
765 783 782
784 778 777
784 785 778
778 785 779
777 786 784
777 782 786
787 779 785
788 787 785
787 789 779
779 789 790
779 790 791
788 792 787
792 788 786
782 793 786
782 794 793
794 795 793
796 786 793
792 786 796
796 793 797
797 793 798
799 792 796
799 796 800
792 799 747
792 747 787
747 801 787
747 802 801
747 759 802
801 802 803
801 803 804
759 805 802
759 806 805
807 808 809
807 810 808
810 811 808
810 812 811
808 813 814
808 814 815
816 808 815
816 815 817
810 818 819
810 820 818
821 820 810
821 822 820
823 824 815
823 815 825
825 815 826
825 826 827
828 829 825
828 825 830
830 825 831
830 831 832
830 833 834
830 834 835
836 830 835
836 835 837
838 839 840
838 840 841
842 838 841
843 838 842
843 844 838
844 845 838
844 846 845
847 848 849
847 849 850
850 849 851
849 852 851
853 854 855
853 856 854
857 856 853
858 857 853
858 853 859
859 853 860
859 860 861
862 861 863
862 863 864
865 862 864
865 864 866
866 864 867
864 868 867
864 869 868
870 871 872
870 873 871
874 873 870
875 874 870
875 870 876
876 870 877
876 877 878
879 880 881
879 882 880
882 883 880
882 884 883
885 886 887
885 888 886
886 888 889
885 890 891
885 891 892
892 891 893
894 895 896
894 896 897
896 898 897
899 894 897
899 897 900
897 898 900
901 899 900
901 900 902
900 898 902
903 901 902
903 902 904
902 898 904
905 898 896
906 905 896
906 907 905
907 908 905
908 898 905
907 909 908
910 898 908
909 910 908
904 898 910
909 911 910
911 904 910
911 912 904
913 914 915
915 916 913
915 917 916
917 918 916
917 919 918
919 920 918
921 922 923
921 923 924
925 921 924
924 926 925
927 926 924
927 924 928
928 929 927
928 930 929
930 931 929
930 932 931
933 931 932
933 934 931
935 936 937
935 937 938
935 938 939
939 940 935
941 935 940
941 940 942
943 941 942
943 944 941
945 944 943
945 946 944
945 947 946
945 948 947
949 950 951
949 952 950
952 953 950
952 954 953
954 955 953
954 956 955
957 958 959
957 959 960
961 957 960
961 960 962
963 964 965
963 965 966
967 963 966
967 966 968
969 967 968
969 968 970
971 969 970
971 970 972
973 974 975
973 975 976
977 973 976
977 976 978
979 980 981
979 982 980
982 983 980
982 984 983
985 986 987
985 988 986
989 988 985
988 989 990
991 988 990
991 992 988
992 991 993
992 993 994
994 993 995
994 995 996
997 996 995
997 995 998
999 1000 1001
999 1002 1000
999 1003 1002
1003 999 1004
1005 1004 999
1005 1006 1004
1007 1006 1005
1007 1005 1008
1009 1007 1008
1009 1008 1010
1009 1010 1011
1009 1011 1012
1013 1014 1015
1013 1015 1016
1016 1015 1017
1016 1017 1018
1018 1017 1019
1018 1019 1020
1021 1022 1023
1021 1024 1022
1025 1024 1021
1025 1026 1024
1027 1028 1029
1027 1030 1028
1031 1030 1027
1031 1032 1030
1033 1032 1031
1033 1034 1032
1035 1034 1033
1035 1036 1034
1037 1038 1039
1037 1040 1038
1041 1040 1037
1041 1042 1040
1043 1044 1045
1043 1045 1046
1046 1045 1047
1046 1047 1048
1049 1050 1051
1049 1052 1050
1053 1052 1049
1053 1054 1052
1052 1054 1055
1056 1054 1053
1056 1057 1054
1054 1057 1055
1058 1057 1056
1058 1059 1057
1057 1059 1055
1059 1060 1055
1061 1060 1059
1061 1059 1062
1063 1060 1061
1063 1064 1060
1060 1064 1055
1065 1064 1063
1065 1066 1064
1064 1066 1055
1067 1066 1065
1067 1068 1066
1066 1068 1055
1068 1069 1055
1070 1071 1072
1072 1073 1070
1073 1074 1070
1073 1075 1074
1075 1076 1074
1075 1077 1076
1078 1079 1080
1078 1080 1081
1082 1083 1084
1084 1083 1085
1085 1083 1086
1084 1085 1087
1084 1087 1088
1084 1088 1089
1089 1088 1090
1089 1090 1091
1091 1090 1092
1091 1092 1093
1093 1092 1094
1093 1094 1095
1095 1094 1096
1095 1096 1097
1097 1096 1098
1097 1098 1099
1099 1098 1100
1099 1100 1101
1101 1100 1102
1101 1102 1103
1103 1102 1104
1103 1104 1105
1105 1104 1106
1105 1106 1107
1107 1106 1108
1107 1108 1109
1110 1109 1108
1110 1111 1109
1112 1111 1110
1112 1113 1111
1113 1112 1114
1113 1114 1115
1115 1114 1116
1115 1116 1117
1117 1116 1118
1117 1118 1119
1119 1118 1120
1119 1120 1121
1119 1121 1122
1123 1121 1120
1120 1124 1123
1124 1125 1123
1086 1125 1124
1124 1085 1086
1126 1123 1125
1126 1125 1086
1127 1123 1126
1126 1086 1128
1129 1130 1131
1131 1130 1132
1131 1132 1133
1131 1133 1134
1131 1134 1135
1135 1134 1136
1135 1136 1137
1137 1136 1138
1137 1138 1139
1139 1138 1140
1139 1140 1141
1141 1140 1142
1141 1142 1143
1143 1142 1144
1143 1144 1145
1145 1144 1146
1145 1146 1147
1147 1146 1148
1147 1148 1149
1149 1148 1150
1149 1150 1151
1151 1150 1152
1151 1152 1153
1153 1152 1154
1153 1154 1155
1155 1154 1156
1155 1156 1157
1157 1156 1158
1157 1158 1159
1159 1158 1160
1159 1160 1161
1161 1160 1162
1161 1162 1163
1163 1162 1164
1163 1164 1165
1165 1164 1166
1165 1166 1167
1165 1167 1168
1169 1167 1166
1169 1170 1167
1171 1170 1169
1172 1170 1171
1171 1169 1173
1171 1173 1174
1130 1173 1169
1130 1169 1132
1175 1176 1177
1175 1177 1178
1179 1180 1181
1181 1180 1182
1181 1182 1183
1183 1182 1184
1183 1184 1185
1185 1184 1186
1185 1186 1187
1187 1186 1188
1187 1188 1189
1189 1188 1190
1189 1190 1191
1191 1190 1192
1191 1192 1193
1193 1192 1194
1193 1194 1195
1195 1194 1196
1195 1196 1197
1197 1196 1198
1199 1200 1201
1199 1201 1202
1203 1204 1205
1203 1205 1206
1207 1208 1209
1207 1209 1210
1211 1212 1213
1214 1212 1211
1215 1216 1217
1215 1217 1218
1219 1220 1221
1219 1221 1222
1222 1223 1224
1225 1223 1222
1222 1226 1227
1222 1227 1228
1229 1230 1231
1229 1232 1230
1233 1230 1232
1233 1232 1234
1235 1236 1237
1238 1236 1235
1239 1240 1241
1239 1242 1240
1243 1240 1242
1243 1242 1244
1245 1246 1247
1245 1247 1248
1248 1249 1250
1251 1249 1248
1248 1252 1253
1248 1253 1254
1255 1256 1257
1255 1257 1258
1259 1260 1261
1259 1261 1262
1263 1264 1265
1263 1265 1266
1267 1268 1269
1267 1269 1270
1271 1272 1273
1271 1273 1274
1275 1276 1277
1275 1277 1278
1279 1280 1281
1279 1281 1282
1281 1283 1282
1281 1284 1283
1283 1284 1285
1283 1285 1286
1287 1288 1289
1287 1289 1290
1290 1289 1291
1290 1291 1292
1293 1292 1291
1287 1290 1294
1294 1290 1292
1287 1294 1295
1294 1296 1295
1294 1297 1296
1297 1294 1292
1297 1292 1298
1292 1299 1298
1293 1300 1292
1292 1300 1299
1300 1301 1299
1302 1300 1293
1300 1303 1301
1302 1303 1300
1303 1304 1301
1303 1305 1304
1303 1302 1305
1305 1306 1304
1305 1307 1306
1302 1308 1305
1302 1309 1308
1305 1308 1310
1305 1310 1311
1312 1313 1314
1312 1314 1315
1314 1316 1315
1314 1317 1316
1316 1317 1318
1316 1318 1319
1320 1321 1322
1320 1322 1323
1324 1325 1326
1327 1324 1326
1327 1326 1328
1327 1328 1329
1327 1329 1330
1331 1332 1333
1331 1334 1332
1332 1334 1335
1332 1335 1336
1335 1337 1336
1335 1338 1337
1339 1340 1341
1339 1342 1340
1343 1342 1339
1343 1344 1342
1345 1344 1343
1345 1346 1344
1347 1348 1349
1347 1350 1348
1351 1350 1347
1351 1347 1352
1348 1350 1353
1353 1350 1351
1348 1353 1354
1355 1351 1352
1355 1352 1356
1357 1351 1355
1357 1353 1351
1354 1353 1358
1358 1353 1357
1354 1358 1359
1358 1357 1360
1361 1359 1358
1362 1358 1360
1362 1360 1363
1361 1364 1359
1365 1362 1363
1365 1363 1366
1367 1365 1366
1367 1368 1365
1361 1369 1364
1369 1370 1364
1370 1371 1364
1372 1370 1369
1372 1373 1370
1374 1375 1376
1374 1376 1377
1378 1374 1377
1378 1377 1379
1380 1378 1379
1380 1381 1378
1382 1381 1380
1382 1383 1381
1384 1385 1386
1384 1387 1385
1387 1384 1388
1387 1388 1389
1390 1389 1388
1390 1388 1391
1392 1390 1391
1392 1393 1390
1394 1395 1396
1394 1397 1395
1398 1397 1394
1398 1399 1397
1400 1399 1398
1400 1401 1399
1402 1403 1404
1402 1404 1405
1405 1404 1406
1405 1406 1407
1407 1406 1408
1407 1408 1409
1410 1411 1412
1410 1412 1413
1413 1414 1410
1412 1415 1413
1412 1416 1415
1413 1417 1414
1415 1417 1413
1417 1418 1414
1419 1415 1416
1419 1416 1420
1421 1415 1419
1421 1422 1415
1415 1422 1417
1423 1422 1421
1417 1424 1418
1422 1424 1417
1423 1425 1422
1422 1425 1424
1426 1418 1424
1426 1424 1425
1426 1427 1418
1426 1425 1428
1423 1428 1425
1423 1429 1428
1430 1431 1432
1432 1431 1433
1433 1431 1434
1434 1435 1433
1434 1436 1435
1436 1437 1435
1436 1438 1437
1439 1440 1441
1439 1441 1442
1443 1439 1442
1443 1442 1444
1445 1443 1444
1445 1444 1446
1447 1445 1446
1447 1446 1448
1449 1450 1451
1449 1452 1450
1452 1449 1453
1450 1452 1454
1450 1454 1455
1452 1453 1456
1454 1452 1456
1456 1453 1457
1458 1455 1454
1458 1459 1455
1460 1458 1454
1460 1454 1461
1454 1456 1461
1462 1460 1461
1456 1457 1463
1461 1456 1463
1462 1461 1464
1461 1463 1464
1465 1463 1457
1465 1464 1463
1465 1457 1466
1465 1467 1464
1462 1464 1467
1462 1467 1468
1469 1470 1471
1470 1472 1471
1471 1472 1473
1474 1471 1473
1473 1475 1474
1475 1473 1476
1475 1476 1477
1478 1479 1480
1478 1481 1479
1482 1481 1478
1482 1483 1481
1484 1483 1482
1484 1485 1483
1486 1485 1484
1486 1487 1485
1488 1489 1490
1488 1490 1491
1491 1492 1488
1491 1493 1492
1494 1493 1491
1494 1491 1495
1496 1494 1495
1497 1498 1499
1497 1500 1498
1501 1500 1497
1502 1500 1501
1503 1500 1502
1503 1502 1504
1505 1503 1504
1506 1507 1508
1506 1508 1509
1506 1509 1510
1506 1510 1511
1506 1511 1512
1506 1512 1513
1506 1513 1514
1515 1514 1513
1515 1513 1516
1515 1516 1517
1515 1517 1518
1519 1520 1521
1521 1520 1522
1521 1522 1523
1521 1523 1524
1524 1525 1521
1525 1526 1521
1525 1527 1526
1527 1528 1526
1526 1528 1529
1526 1529 1530
1530 1529 1531
1530 1531 1532
1533 1532 1531
1533 1531 1534
1535 1533 1534
1535 1534 1536
1535 1536 1537
1538 1535 1537
1538 1537 1539
1538 1539 1540
1538 1540 1541
1538 1541 1542
1538 1542 1543
1544 1538 1543
1545 1546 1547
1545 1547 1548
1548 1549 1545
1550 1548 1547
1550 1547 1551
1548 1550 1552
1548 1553 1549
1548 1552 1553
1553 1554 1549
1552 1555 1553
1553 1555 1554
1552 1556 1555
1557 1554 1555
1558 1555 1556
1557 1555 1559
1558 1559 1555
1557 1559 1560
1560 1559 1558
1557 1560 1561
1560 1558 1562
1560 1563 1561
1562 1564 1560
1560 1564 1563
1562 1565 1564
1564 1566 1563
1565 1567 1564
1564 1567 1566
1565 1568 1567
1566 1567 1569
1567 1568 1570
1571 1572 1569
1572 1571 1570
1573 1574 1575
1573 1575 1576
1577 1576 1575
1573 1576 1578
1573 1578 1579
1577 1580 1576
1580 1578 1576
1581 1580 1577
1580 1582 1578
1581 1583 1580
1583 1582 1580
1583 1581 1584
1583 1585 1582
1585 1583 1586
1583 1584 1586
1585 1586 1587
1588 1587 1586
1584 1588 1586
1588 1589 1587
1584 1590 1588
1584 1591 1590
1592 1591 1584
1593 1592 1584
1593 1584 1594
1595 1593 1594
1595 1594 1596
1595 1596 1597
1598 1599 1600
1601 1599 1598
1601 1602 1599
1603 1602 1601
1603 1601 1604
1605 1603 1604
1603 1605 1606
1607 1603 1606
1607 1606 1608
1609 1602 1603
1609 1603 1607
1610 1607 1608
1610 1608 1611
1612 1607 1610
1612 1609 1607
1609 1612 1613
1602 1609 1614
1609 1613 1614
1602 1614 1599
1614 1613 1615
1599 1614 1616
1614 1615 1616
1599 1616 1617
1616 1615 1618
1619 1617 1616
1616 1618 1620
1619 1616 1620
1621 1622 1623
1621 1623 1624
1625 1626 1627
1625 1627 1628
1625 1629 1630
1625 1630 1631
1632 1633 1634
1632 1635 1633
1636 1635 1637
1636 1637 1638
1639 1640 1641
1639 1641 1642
1643 1644 1645
1645 1644 1646
1645 1646 1647
1647 1646 1648
1647 1648 1649
1648 1650 1649
1648 1651 1650
1648 1652 1651
1648 1653 1652
1653 1654 1652
1653 1655 1654
1648 1656 1653
1656 1655 1653
1648 1657 1656
1656 1658 1655
1656 1657 1659
1658 1656 1660
1656 1659 1660
1658 1660 1661
1660 1659 1662
1661 1660 1663
1660 1662 1663
1663 1662 1664
1661 1663 1665
1663 1664 1666
1665 1663 1666
1665 1666 1667
1668 1669 1670
1671 1668 1670
1671 1670 1672
1673 1671 1672
1673 1672 1674
1675 1673 1674
1676 1675 1674
1677 1676 1674
1678 1672 1670
1674 1672 1678
1677 1674 1679
1674 1678 1679
1677 1679 1680
1678 1680 1679
1677 1680 1681
1678 1682 1680
1678 1670 1683
1682 1678 1683
1683 1670 1684
1682 1683 1685
1683 1684 1686
1685 1683 1686
1687 1686 1684
1685 1686 1688
1687 1689 1686
1689 1688 1686
1689 1690 1688
1691 1692 1693
1691 1693 1694
1695 1694 1693
1695 1696 1694
1697 1696 1695
1697 1695 1698
1699 1697 1698
1699 1700 1697
1701 1700 1699
1701 1702 1700
1703 1704 1705
1703 1705 1706
1707 1706 1705
1707 1705 1708
1709 1707 1708
1709 1710 1707
1711 1710 1709
1711 1709 1712
1713 1711 1712
1713 1714 1711
1715 1716 1717
1715 1717 1718
1719 1720 1721
1719 1721 1722
1723 1724 1725
1723 1725 1726
1727 1728 1729
1727 1729 1730
1731 1732 1733
1731 1733 1734
1735 1731 1734
1734 1733 1736
1735 1734 1737
1737 1734 1736
1738 1735 1737
1737 1736 1739
1739 1736 1740
1738 1737 1741
1741 1737 1739
1742 1738 1741
1739 1740 1743
1743 1740 1744
1742 1741 1745
1746 1742 1745
1741 1739 1747
1747 1739 1743
1743 1744 1748
1748 1744 1749
1746 1745 1750
1751 1746 1750
1745 1741 1752
1741 1747 1752
1750 1745 1752
1750 1752 1753
1747 1743 1754
1752 1747 1754
1754 1743 1748
1748 1749 1755
1755 1749 1756
1751 1750 1757
1757 1750 1753
1752 1754 1758
1753 1752 1758
1754 1748 1759
1759 1748 1755
1758 1754 1759
1755 1756 1760
1760 1756 1761
1762 1751 1757
1762 1763 1751
1764 1763 1762
1760 1761 1765
1765 1761 1766
1758 1759 1767
1759 1755 1768
1767 1759 1768
1769 1755 1760
1768 1755 1769
1770 1760 1765
1770 1769 1760
1771 1770 1765
1769 1770 1772
1772 1770 1771
1765 1766 1773
1771 1765 1773
1766 1774 1773
1774 1771 1773
1766 1775 1774
1774 1775 1776
1777 1768 1769
1767 1768 1777
1774 1776 1778
1778 1776 1779
1777 1769 1780
1769 1772 1780
1781 1777 1780
1767 1777 1781
1774 1782 1771
1782 1774 1778
1778 1779 1783
1783 1779 1784
1782 1778 1785
1785 1778 1783
1782 1786 1771
1786 1782 1785
1783 1784 1787
1787 1784 1788
1785 1783 1789
1789 1783 1787
1781 1780 1790
1790 1780 1772
1772 1771 1791
1771 1786 1791
1772 1791 1792
1786 1792 1791
1786 1785 1793
1793 1785 1789
1788 1794 1787
1789 1787 1794
1790 1772 1795
1772 1792 1795
1796 1786 1793
1786 1796 1792
1797 1781 1790
1798 1790 1795
1797 1790 1798
1799 1795 1792
1798 1795 1799
1799 1792 1800
1796 1800 1792
1801 1799 1800
1798 1799 1801
1802 1781 1797
1802 1767 1781
1796 1803 1800
1801 1800 1803
1796 1804 1803
1796 1793 1805
1804 1796 1805
1806 1767 1802
1806 1758 1767
1753 1758 1806
1807 1806 1802
1753 1806 1807
1808 1802 1797
1807 1802 1808
1809 1808 1797
1809 1797 1798
1810 1807 1808
1810 1808 1809
1811 1753 1807
1811 1807 1810
1809 1798 1812
1798 1801 1812
1813 1810 1809
1813 1809 1812
1814 1812 1801
1813 1812 1814
1815 1753 1811
1816 1815 1811
1757 1753 1815
1817 1811 1810
1817 1810 1813
1816 1811 1817
1818 1757 1815
1816 1818 1815
1818 1762 1757
1819 1817 1813
1819 1816 1817
1820 1762 1818
1764 1762 1820
1814 1801 1821
1821 1801 1803
1822 1813 1814
1819 1813 1822
1823 1818 1816
1820 1818 1823
1764 1820 1824
1764 1824 1825
1826 1825 1824
1820 1823 1827
1827 1823 1816
1820 1827 1824
1826 1824 1828
1828 1824 1827
1829 1826 1828
1827 1816 1830
1830 1816 1819
1831 1827 1830
1828 1827 1831
1829 1828 1832
1832 1833 1829
1832 1834 1833
1835 1832 1828
1835 1834 1832
1835 1828 1831
1835 1836 1834
1837 1830 1819
1831 1830 1837
1838 1835 1831
1831 1837 1838
1836 1835 1839
1838 1839 1835
1836 1839 1840
1839 1841 1840
1837 1819 1842
1842 1819 1822
1843 1838 1837
1839 1838 1843
1843 1837 1842
1839 1844 1841
1839 1843 1844
1841 1844 1845
1845 1844 1843
1841 1845 1846
1847 1845 1843
1847 1843 1842
1846 1845 1848
1848 1845 1847
1846 1848 1849
1850 1849 1848
1850 1848 1851
1852 1850 1851
1848 1847 1853
1848 1853 1851
1847 1842 1854
1854 1853 1847
1852 1851 1855
1856 1852 1855
1854 1842 1857
1842 1822 1857
1858 1855 1851
1858 1851 1853
1856 1855 1859
1859 1855 1858
1860 1856 1859
1854 1861 1853
1861 1854 1857
1857 1822 1862
1822 1814 1862
1862 1814 1821
1853 1863 1858
1853 1861 1863
1861 1857 1864
1857 1862 1864
1863 1861 1864
1860 1859 1865
1866 1860 1865
1859 1858 1867
1863 1867 1858
1859 1867 1865
1862 1821 1868
1864 1862 1868
1863 1864 1869
1864 1868 1869
1863 1870 1867
1870 1863 1869
1865 1867 1871
1870 1871 1867
1866 1865 1872
1872 1865 1871
1868 1821 1873
1821 1803 1873
1804 1873 1803
1869 1868 1874
1868 1873 1874
1866 1872 1875
1866 1875 1876
1877 1875 1872
1877 1872 1871
1878 1876 1875
1878 1875 1877
1878 1879 1876
1879 1878 1880
1879 1880 1881
1880 1882 1881
1878 1877 1883
1880 1878 1883
1871 1884 1877
1884 1883 1877
1885 1883 1884
1880 1886 1882
1887 1882 1886
1887 1886 1888
1886 1889 1888
1880 1883 1890
1886 1880 1890
1885 1890 1883
1886 1891 1889
1886 1890 1891
1891 1892 1889
1891 1893 1892
1890 1893 1891
1893 1894 1892
1890 1895 1893
1885 1895 1890
1896 1895 1885
1893 1897 1894
1895 1897 1893
1895 1896 1897
1897 1898 1894
1897 1899 1898
1896 1899 1897
1898 1899 1900
1896 1900 1899
1898 1900 1901
1900 1902 1901
1900 1903 1902
1903 1904 1902
1896 1905 1900
1905 1903 1900
1903 1906 1904
1906 1907 1904
1905 1908 1903
1908 1906 1903
1909 1905 1896
1909 1908 1905
1906 1910 1907
1910 1911 1907
1908 1912 1906
1912 1910 1906
1910 1788 1911
1788 1913 1911
1788 1910 1794
1910 1912 1794
1912 1789 1794
1788 1914 1913
1915 1914 1788
1914 1916 1913
1915 1917 1914
1914 1917 1916
1918 1912 1908
1909 1918 1908
1912 1919 1789
1918 1919 1912
1793 1789 1919
1805 1793 1919
1805 1919 1918
1920 1805 1918
1920 1918 1909
1804 1805 1920
1920 1909 1921
1909 1896 1921
1896 1885 1921
1920 1921 1922
1885 1922 1921
1804 1920 1922
1885 1923 1922
1885 1884 1923
1804 1922 1924
1925 1922 1923
1925 1924 1922
1926 1804 1924
1926 1924 1925
1804 1926 1873
1926 1874 1873
1927 1923 1884
1927 1925 1923
1926 1928 1874
1926 1925 1928
1927 1884 1929
1871 1929 1884
1870 1929 1871
1930 1925 1927
1927 1929 1930
1930 1928 1925
1930 1929 1870
1928 1931 1874
1928 1930 1931
1930 1870 1931
1869 1874 1931
1870 1869 1931
1932 1933 1934
1932 1935 1933
1936 1935 1932
1935 1937 1933
1936 1938 1935
1938 1937 1935
1939 1938 1936
1938 1940 1937
1940 1941 1937
1939 1942 1938
1942 1940 1938
1943 1942 1939
1940 1944 1941
1944 1945 1941
1943 1946 1942
1947 1946 1943
1942 1948 1940
1948 1944 1940
1944 1949 1945
1949 1950 1945
1947 1951 1946
1952 1951 1947
1946 1953 1942
1942 1953 1948
1951 1953 1946
1951 1954 1953
1948 1955 1944
1953 1955 1948
1955 1949 1944
1949 1956 1950
1956 1957 1950
1952 1958 1951
1958 1954 1951
1953 1959 1955
1954 1959 1953
1955 1960 1949
1960 1956 1949
1959 1960 1955
1956 1961 1957
1961 1962 1957
1963 1958 1952
1963 1952 1964
1965 1963 1964
1961 1966 1962
1966 1967 1962
1959 1968 1960
1960 1969 1956
1968 1969 1960
1970 1961 1956
1969 1970 1956
1971 1966 1961
1971 1961 1970
1972 1966 1971
1970 1973 1971
1973 1972 1971
1966 1974 1967
1972 1974 1966
1967 1974 1975
1975 1974 1972
1967 1975 1976
1975 1977 1976
1978 1970 1969
1968 1978 1969
1975 1979 1977
1979 1980 1977
1978 1981 1970
1970 1981 1973
1982 1981 1978
1968 1982 1978
1975 1972 1983
1983 1979 1975
1979 1984 1980
1984 1985 1980
1983 1986 1979
1986 1984 1979
1983 1972 1987
1987 1986 1983
1988 1973 1981
1982 1988 1981
1984 1989 1985
1989 1990 1985
1991 1989 1984
1990 1989 1991
1986 1992 1984
1991 1984 1992
1973 1993 1972
1972 1993 1987
1973 1994 1993
1987 1993 1994
1987 1995 1986
1995 1992 1986
1988 1996 1973
1973 1996 1994
1997 1995 1987
1987 1994 1997
1998 1991 1992
1995 1999 1992
1998 1992 1999
2000 1999 1995
1997 2000 1995
2001 2000 1997
2000 2002 1999
2002 1998 1999
1991 1998 2003
1990 1991 2003
2001 2004 2000
2004 2002 2000
2005 1994 1996
1997 1994 2006
2005 2006 1994
2007 2005 1996
2007 1996 1988
1997 2006 2008
1997 2008 2001
2009 2006 2005
2007 2009 2005
2009 2008 2006
2010 2007 1988
2010 1988 1982
2011 2010 1982
2011 1982 1968
2012 2011 1968
2012 1968 1959
1954 2012 1959
2013 2011 2012
1954 2013 2012
2014 2010 2011
2013 2014 2011
2015 2007 2010
2015 2010 2014
2016 2014 2013
2016 2015 2014
2017 2013 1954
2017 2016 2013
2015 2018 2007
2007 2018 2009
2019 2015 2016
2019 2018 2015
2020 2009 2018
2019 2020 2018
2021 2017 1954
2022 2017 2021
1958 2021 1954
2023 2016 2017
2023 2019 2016
2022 2023 2017
2024 2021 1958
2022 2021 2024
2024 1958 1963
2025 2019 2023
2025 2023 2022
2026 2024 1963
1965 2026 1963
2020 2027 2009
2027 2008 2009
2028 2020 2019
2025 2028 2019
2029 2022 2024
2026 2029 2024
1965 2030 2026
1965 2031 2030
2032 2030 2031
2026 2033 2029
2033 2022 2029
2026 2030 2033
2032 2034 2030
2034 2033 2030
2035 2034 2032
2033 2036 2022
2036 2025 2022
2037 2036 2033
2034 2037 2033
2035 2038 2034
2038 2035 2039
2038 2039 2040
2041 2034 2038
2041 2038 2040
2041 2037 2034
2041 2040 2042
2043 2025 2036
2037 2043 2036
2044 2037 2041
2037 2044 2043
2042 2045 2041
2044 2041 2045
2042 2046 2045
2045 2046 2047
2043 2048 2025
2048 2028 2025
2049 2043 2044
2045 2049 2044
2049 2048 2043
2045 2047 2050
2045 2050 2049
2047 2051 2050
2051 2049 2050
2047 2052 2051
2053 2049 2051
2053 2048 2049
2052 2054 2051
2054 2053 2051
2052 2055 2054
2056 2054 2055
2056 2057 2054
2058 2057 2056
2054 2059 2053
2054 2057 2059
2053 2060 2048
2060 2053 2059
2058 2061 2057
2062 2061 2058
2060 2063 2048
2048 2063 2028
2064 2057 2061
2064 2059 2057
2062 2065 2061
2065 2064 2061
2066 2065 2062
2060 2059 2067
2067 2063 2060
2063 2068 2028
2028 2068 2020
2068 2027 2020
2059 2064 2069
2059 2069 2067
2067 2070 2063
2063 2070 2068
2069 2070 2067
2066 2071 2065
2072 2071 2066
2065 2073 2064
2069 2064 2073
2065 2071 2073
2068 2074 2027
2070 2074 2068
2069 2075 2070
2070 2075 2074
2069 2073 2076
2076 2075 2069
2071 2077 2073
2076 2073 2077
2072 2078 2071
2078 2077 2071
2074 2079 2027
2027 2079 2008
2001 2008 2079
2075 2080 2074
2074 2080 2079
2072 2081 2078
2072 2082 2081
2083 2078 2081
2083 2077 2078
2084 2081 2082
2084 2083 2081
2084 2082 2085
2085 2086 2084
2085 2087 2086
2086 2087 2088
2084 2089 2083
2086 2089 2084
2077 2083 2090
2090 2083 2089
2091 2090 2089
2086 2088 2092
2093 2092 2088
2093 2094 2092
2092 2094 2095
2086 2096 2089
2092 2096 2086
2091 2089 2096
2092 2095 2097
2092 2097 2096
2097 2095 2098
2097 2098 2099
2096 2097 2099
2099 2098 2100
2096 2099 2101
2091 2096 2101
2102 2091 2101
2099 2100 2103
2101 2099 2103
2101 2103 2102
2103 2100 2104
2103 2104 2105
2102 2103 2105
2104 2106 2105
2102 2105 2106
2104 2107 2106
2106 2107 2108
2106 2108 2109
2109 2108 2110
2102 2106 2111
2111 2106 2109
2109 2110 2112
2112 2110 2113
2111 2109 2114
2114 2109 2112
2115 2102 2111
2115 2111 2114
2112 2113 2003
2003 2113 2116
1998 2112 2003
2114 2112 1998
2002 2114 1998
2115 2114 2002
2003 2116 1990
1990 2116 2117
2004 2115 2002
2115 2118 2102
2004 2118 2115
2102 2118 2091
1990 2117 2119
1990 2119 2120
2119 2117 2121
2120 2119 2122
2119 2121 2122
2004 2123 2118
2091 2118 2123
2001 2123 2004
2091 2123 2124
2091 2124 2090
2001 2125 2123
2126 2124 2123
2126 2123 2125
2127 2125 2001
2127 2126 2125
2001 2079 2127
2127 2079 2080
2128 2090 2124
2128 2124 2126
2127 2080 2129
2127 2129 2126
2128 2130 2090
2077 2090 2130
2076 2077 2130
2131 2128 2126
2128 2131 2130
2131 2126 2129
2131 2076 2130
2129 2080 2132
2129 2132 2131
2131 2132 2076
2075 2132 2080
2076 2132 2075
2133 2134 2135
2133 2135 2136
2137 2138 2139
2137 2139 2140
2141 2137 2140
2141 2142 2137
2143 2142 2141
2143 2144 2142
2145 2144 2143
2145 2143 2146
2147 2145 2146
2147 2146 2148
2149 2150 2151
2149 2152 2150
2152 2153 2150
2152 2154 2153
2153 2154 2155
2155 2154 2156
2157 2155 2156
2156 2158 2157
2157 2159 2155
2159 2157 2160
2161 2162 2163
2161 2163 2164
2165 2166 2167
2167 2168 2165
2169 2168 2167
2168 2170 2165
2165 2170 2171
2169 2172 2168
2173 2172 2169
2173 2169 2174
2175 2173 2174
2175 2174 2176
2177 2178 2179
2177 2179 2180
2181 2177 2180
2181 2180 2182
2183 2181 2182
2183 2184 2181
2185 2184 2183
2185 2183 2186
2187 2185 2186
2187 2186 2188
2189 2190 2191
2189 2191 2192
2193 2194 2195
2193 2195 2196
2197 2193 2196
2197 2198 2193
2199 2198 2197
2199 2200 2198
2201 2200 2199
2201 2202 2200
2203 2202 2201
2203 2204 2202
2205 2204 2203
2205 2203 2206
2205 2206 2207
2205 2207 2208
2209 2210 2211
2209 2212 2210
2210 2212 2213
2210 2213 2214
2214 2213 2215
2214 2215 2216
2216 2215 2217
2216 2217 2218
2218 2217 2219
2218 2219 2220
2221 2222 2223
2221 2224 2222
2222 2224 2225
2222 2225 2226
2226 2225 2227
2226 2227 2228
2228 2227 2229
2228 2229 2230
2230 2229 2231
2230 2231 2232
2233 2234 2235
2233 2236 2234
2237 2236 2233
2237 2238 2236
2239 2238 2237
2239 2240 2238
2241 2240 2239
2241 2242 2240
2243 2242 2241
2243 2241 2244
2243 2244 2245
2243 2245 2246
2247 2248 2249
2247 2249 2250
2251 2252 2253
2251 2253 2254
2255 2256 2257
2255 2257 2258
2258 2257 2259
2258 2259 2260
2260 2259 2261
2260 2261 2262
2262 2261 2263
2262 2263 2264
2264 2263 2265
2264 2265 2266
2267 2268 2269
2267 2269 2270
2270 2269 2271
2272 2267 2270
2272 2273 2267
2272 2274 2273
2272 2275 2274
2270 2271 2276
2276 2272 2270
2276 2271 2277
2278 2275 2272
2276 2278 2272
2278 2279 2275
2276 2277 2280
2280 2278 2276
2280 2277 2281
2282 2279 2278
2280 2282 2278
2282 2283 2279
2280 2281 2284
2284 2282 2280
2284 2281 2285
2284 2285 2286
2287 2284 2286
2288 2283 2282
2284 2288 2282
2287 2288 2284
2288 2289 2283
2287 2289 2288
2287 2290 2289
2291 2292 2293
2291 2293 2294
2295 2296 2297
2295 2297 2298
2299 2300 2301
2300 2302 2301
2303 2302 2300
2301 2302 2304
2301 2304 2305
2303 2306 2302
2303 2307 2306
2306 2307 2308
2306 2308 2309
2310 2311 2312
2310 2312 2313
2314 2313 2312
2310 2313 2315
2310 2315 2316
2317 2310 2316
2315 2318 2316
2318 2315 2313
2318 2319 2316
2318 2313 2320
2314 2320 2313
2318 2320 2321
2314 2312 2322
2323 2322 2312
2323 2312 2324
2325 2322 2323
2325 2326 2322
2327 2326 2325
2327 2328 2326
2322 2326 2328
2328 2327 2329
2328 2330 2322
2330 2314 2322
2328 2329 2331
2314 2330 2332
2333 2331 2329
2333 2334 2331
2333 2335 2334
2333 2336 2335
2337 2335 2336
2314 2332 2338
2337 2336 2339
2314 2338 2340
2338 2337 2340
2314 2340 2320
2339 2341 2337
2340 2337 2341
2339 2342 2341
2342 2340 2341
2342 2343 2340
2343 2320 2340
2343 2344 2320
2345 2346 2347
2345 2347 2348
2349 2350 2351
2349 2352 2350
2353 2350 2352
2354 2355 2356
2354 2356 2357
2358 2359 2360
2358 2360 2361
2362 2363 2364
2362 2364 2365
2366 2367 2368
2368 2367 2369
2370 2368 2369
2367 2371 2369
2367 2372 2371
2370 2369 2373
2370 2373 2374
2373 2375 2374
2373 2376 2375
2377 2378 2379
2377 2379 2380
2381 2382 2383
2381 2383 2384
2385 2384 2383
2386 2387 2388
2386 2388 2389
2390 2391 2392
2390 2392 2393
2394 2395 2396
2394 2396 2397
2398 2399 2400
2398 2401 2399
2401 2402 2399
2401 2403 2402
2402 2403 2404
2402 2404 2405
2405 2404 2406
2405 2406 2407
2408 2407 2406
2408 2406 2409
2410 2411 2412
2410 2412 2413
2413 2412 2414
2413 2414 2415
2415 2414 2416
2415 2416 2417
2418 2419 2420
2418 2420 2421
2421 2420 2422
2421 2422 2423
2423 2422 2424
2423 2424 2425
2426 2427 2428
2426 2428 2429
2429 2428 2430
2429 2430 2431
2431 2430 2432
2431 2432 2433
2434 2435 2436
2434 2436 2437
2438 2439 2440
2438 2440 2441
2442 2443 2444
2444 2443 2445
2445 2443 2446
2447 2445 2446
2448 2447 2446
2448 2446 2449
2450 2451 2452
2453 2450 2452
2454 2455 2450
2455 2454 2456
2453 2457 2458
2457 2459 2458
2457 2460 2459
2457 2461 2460
2460 2461 2462
2462 2461 2463
2464 2465 2466
2464 2467 2465
2464 2468 2467
2464 2469 2468
2469 2470 2468
2469 2471 2470
2471 2472 2470
2471 2473 2472
2473 2474 2472
2473 2475 2474
2474 2475 2476
2474 2476 2477
2477 2476 2478
2477 2478 2479
2480 2481 2482
2480 2483 2481
2480 2484 2485
2486 2485 2484
2487 2488 2489
2487 2489 2490
2491 2492 2493
2493 2492 2494
2494 2492 2495
2494 2496 2493
2494 2495 2497
2497 2495 2498
2494 2499 2496
2497 2499 2494
2497 2498 2500
2500 2499 2497
2496 2499 2501
2496 2501 2502
2502 2501 2503
2502 2503 2504
2505 2504 2503
2505 2503 2506
2505 2506 2507
2505 2507 2508
2507 2509 2508
2507 2510 2509
2510 2511 2509
2510 2512 2511
2512 2513 2511
2512 2514 2513
2513 2514 2515
2513 2515 2516
2516 2515 2517
2516 2517 2518
2519 2518 2517
2520 2519 2517
2517 2521 2520
2521 2522 2520
2521 2523 2522
2522 2523 2524
2522 2524 2525
2525 2524 2526
2525 2526 2527
2527 2526 2528
2529 2530 2531
2529 2531 2532
2533 2532 2531
2534 2529 2532
2533 2535 2532
2535 2533 2536
2532 2535 2537
2535 2536 2537
2534 2532 2537
2537 2536 2538
2539 2534 2537
2537 2538 2539
2539 2540 2534
2539 2538 2541
2540 2539 2542
2539 2541 2542
2542 2541 2543
2540 2542 2544
2542 2543 2545
2544 2542 2545
2545 2543 2546
2545 2546 2547
2547 2546 2548
2547 2548 2549
2549 2548 2550
2547 2551 2545
2549 2551 2547
2544 2545 2552
2551 2552 2545
2549 2550 2553
2553 2550 2554
2552 2555 2544
2555 2556 2544
2549 2557 2551
2553 2557 2549
2553 2558 2557
2551 2557 2559
2560 2558 2553
2553 2554 2561
2560 2553 2561
2561 2554 2562
2563 2552 2551
2563 2551 2559
2552 2563 2555
2563 2559 2564
2565 2563 2564
2565 2555 2563
2560 2561 2566
2561 2562 2566
2567 2560 2566
2562 2568 2566
2568 2567 2566
2562 2569 2568
2568 2569 2570
2570 2567 2568
2570 2571 2567
2572 2571 2570
2572 2573 2571
2574 2573 2572
2574 2575 2573
2576 2575 2574
2555 2577 2556
2577 2578 2556
2579 2577 2555
2577 2579 2580
2579 2555 2565
2565 2581 2579
2581 2580 2579
2581 2582 2580
2577 2583 2578
2577 2580 2583
2583 2584 2578
2583 2585 2584
2580 2585 2583
2582 2586 2580
2582 2587 2586
2587 2499 2586
2586 2499 2500
2588 2580 2586
2580 2588 2585
2586 2500 2589
2586 2589 2588
2589 2500 2498
2589 2498 2590
2591 2588 2589
2590 2591 2589
2591 2585 2588
2590 2592 2591
2593 2591 2592
2594 2584 2585
2594 2585 2591
2593 2594 2591
2594 2595 2584
2594 2593 2596
2594 2596 2595
2597 2598 2599
2599 2598 2600
2600 2598 2601
2601 2598 2602
2601 2602 2603
2603 2602 2604
2603 2604 2605
2605 2604 2606
2607 2608 2609
2607 2610 2608
2607 2611 2610
2612 2610 2611
2612 2611 2613
2614 2612 2613
2614 2615 2612
2610 2616 2608
2612 2615 2617
2610 2618 2616
2619 2616 2618
2619 2618 2620
2621 2619 2620
2610 2622 2618
2620 2618 2622
2612 2623 2610
2610 2623 2622
2624 2623 2612
2624 2622 2623
2612 2617 2625
2624 2612 2625
2626 2625 2617
2626 2624 2625
2626 2617 2627
2626 2627 2628
2626 2628 2629
2629 2628 2630
2628 2631 2630
2632 2626 2629
2632 2624 2626
2633 2624 2632
2624 2633 2622
2633 2632 2634
2633 2634 2635
2636 2622 2633
2636 2633 2635
2620 2622 2636
2637 2636 2635
2637 2635 2638
2639 2637 2638
2636 2640 2620
2636 2637 2640
2621 2620 2640
2641 2637 2639
2641 2640 2637
2641 2621 2640
2641 2642 2621
2643 2641 2639
2644 2642 2641
2644 2641 2643
2645 2644 2643
2645 2646 2644
2645 2647 2646
2645 2648 2647
2647 2648 2649
2647 2649 2650
2649 2648 2651
2649 2652 2650
2652 2649 2651
2652 2651 2653
2652 2653 2654
2652 2654 2655
2655 2654 2656
2655 2656 2657
2657 2656 2658
2657 2658 2659
2659 2658 2660
2661 2662 2663
2663 2664 2661
2664 2665 2661
2664 2666 2665
2664 2667 2666
2664 2668 2667
2667 2669 2666
2670 2669 2667
2671 2670 2667
2667 2668 2671
2671 2672 2670
2671 2673 2672
2663 2674 2664
2674 2668 2664
2675 2674 2663
2675 2668 2674
2675 2663 2676
2677 2675 2676
2677 2668 2675
2677 2676 2678
2679 2677 2678
2679 2668 2677
2679 2678 2680
2681 2668 2679
2681 2679 2680
2681 2680 2682
2681 2682 2683
2681 2684 2668
2681 2683 2684
2684 2685 2668
2684 2683 2686
2684 2686 2685
2685 2686 2687
2685 2687 2688
2685 2688 2668
2688 2687 2689
2688 2690 2668
2688 2689 2690
2691 2690 2689
2690 2691 2668
2689 2692 2691
2689 2693 2692
2691 2692 2694
2691 2694 2695
2691 2695 2696
2691 2696 2668
2696 2695 2697
2698 2696 2697
2699 2696 2698
2696 2699 2668
2699 2698 2700
2699 2700 2701
2699 2702 2668
2702 2703 2668
2703 2704 2668
2699 2701 2705
2705 2702 2699
2703 2702 2705
2701 2706 2705
2703 2705 2707
2704 2703 2707
2704 2707 2708
2709 2704 2708
2704 2709 2668
2709 2708 2710
2711 2709 2710
2709 2711 2668
2711 2710 2712
2711 2712 2713
2711 2713 2714
2714 2668 2711
2714 2713 2715
2714 2715 2716
2716 2668 2714
2716 2715 2717
2716 2717 2718
2718 2668 2716
2718 2717 2719
2720 2668 2718
2718 2719 2720
2671 2668 2720
2671 2720 2719
2673 2671 2719
2719 2721 2673
2722 2723 2724
2724 2723 2725
2724 2725 2726
2725 2727 2726
2725 2728 2727
2728 2729 2727
2728 2730 2729
2731 2732 2733
2733 2734 2731
2735 2734 2733
2735 2733 2736
2737 2735 2736
2737 2736 2738
2736 2739 2738
2738 2740 2737
2739 2741 2738
2738 2741 2740
2739 2742 2741
2743 2741 2742
2744 2740 2741
2743 2744 2741
2744 2745 2740
2746 2744 2743
2745 2744 2746
2745 2746 2747
2747 2746 2748
2747 2748 2749
2748 2750 2749
2750 2748 2751
2752 2753 2754
2753 2755 2754
2753 2756 2755
2755 2756 2757
2755 2757 2758
2758 2757 2759
2758 2759 2760
2761 2762 2763
2762 2764 2763
2762 2765 2764
2764 2765 2766
2764 2766 2767
2767 2766 2768
2767 2768 2769
2770 2771 2772
2771 2770 2773
2774 2771 2773
2774 2775 2771
2776 2775 2774
2776 2777 2775
2775 2777 2778
2777 2776 2779
2778 2777 2780
2777 2779 2780
2778 2780 2781
2782 2781 2780
2783 2780 2779
2782 2780 2783
2783 2779 2784
2785 2782 2783
2784 2785 2783
2784 2786 2785
2786 2787 2785
2786 2788 2787
2787 2788 2789
2789 2790 2787
2791 2792 2793
2793 2792 2794
2793 2794 2795
2794 2796 2795
2794 2797 2796
2797 2798 2796
2797 2799 2798
2800 2801 2802
2800 2802 2803
2803 2802 2804
2803 2804 2805
2805 2804 2806
2805 2806 2807
2807 2806 2808
2807 2808 2809
2809 2808 2810
2809 2810 2811
2812 2813 2814
2812 2814 2815
2816 2812 2815
2816 2815 2817
2818 2816 2817
2818 2817 2819
2820 2818 2819
2820 2821 2818
2820 2822 2821
2820 2823 2822
2824 2825 2826
2824 2827 2825
2827 2828 2825
2827 2829 2828
2829 2830 2828
2829 2831 2830
2831 2832 2830
2831 2833 2832
2833 2834 2832
2833 2835 2834
2836 2837 2838
2836 2839 2837
2840 2839 2836
2840 2841 2839
2842 2841 2840
2842 2843 2841
2844 2843 2842
2844 2842 2845
2844 2845 2846
2844 2846 2847
2848 2849 2850
2848 2850 2851
2851 2850 2852
2851 2852 2853
2853 2852 2854
2853 2854 2855
2855 2854 2856
2855 2856 2857
2857 2856 2858
2857 2858 2859
2860 2861 2862
2860 2862 2863
2864 2860 2863
2864 2863 2865
2866 2864 2865
2866 2865 2867
2868 2866 2867
2868 2869 2866
2868 2870 2869
2868 2871 2870
2872 2873 2874
2872 2874 2875
2876 2872 2875
2876 2875 2877
2878 2876 2877
2878 2877 2879
2880 2878 2879
2880 2881 2878
2882 2881 2880
2882 2883 2881
2884 2885 2886
2884 2886 2887
2888 2889 2890
2888 2890 2891
2888 2891 2892
2893 2888 2892
2893 2892 2894
2893 2894 2895
2896 2893 2895
2897 2893 2896
2888 2893 2897
2888 2897 2898
2899 2900 2901
2899 2902 2900
2902 2903 2900
2902 2904 2903
2902 2905 2904
2905 2906 2904
2905 2907 2906
2908 2907 2905
2908 2905 2902
2908 2902 2909
2910 2911 2912
2910 2912 2913
2914 2915 2916
2914 2917 2915
2917 2918 2915
2917 2919 2918
2919 2920 2918
2919 2921 2920
2921 2922 2920
2921 2923 2922
2923 2924 2922
2923 2925 2924
2926 2927 2928
2926 2929 2927
2930 2929 2926
2930 2931 2929
2932 2931 2930
2932 2933 2931
2934 2933 2932
2934 2932 2935
2934 2935 2936
2934 2936 2937
2938 2939 2940
2938 2941 2939
2942 2941 2938
2942 2938 2943
2944 2942 2943
2944 2943 2945
2946 2944 2945
2946 2945 2947
2948 2946 2947
2948 2947 2949
2950 2951 2952
2950 2952 2953
2954 2955 2956
2954 2957 2955
2958 2957 2954
2959 2958 2954
2959 2960 2958
2959 2961 2960
2962 2961 2959
2963 2962 2959
2954 2963 2959
2954 2964 2963
2965 2966 2967
2965 2967 2968
2968 2967 2969
2968 2969 2970
2968 2970 2971
2970 2972 2971
2971 2972 2973
2974 2971 2973
2974 2968 2971
2974 2975 2968
2976 2977 2978
2976 2978 2979
2980 2981 2982
2980 2982 2983
2983 2982 2984
2983 2984 2985
2985 2984 2986
2985 2986 2987
2987 2986 2988
2987 2988 2989
2989 2988 2990
2989 2990 2991
2992 2993 2994
2992 2994 2995
2996 2992 2995
2996 2995 2997
2998 2996 2997
2998 2997 2999
3000 2998 2999
3000 3001 2998
3000 3002 3001
3000 3003 3002
3004 3005 3006
3004 3006 3007
3007 3006 3008
3007 3008 3009
3009 3008 3010
3009 3010 3011
3011 3010 3012
3011 3012 3013
3013 3012 3014
3013 3014 3015
3016 3017 3018
3016 3018 3019
3020 3016 3019
3020 3019 3021
3022 3020 3021
3022 3021 3023
3024 3022 3023
3024 3025 3022
3024 3026 3025
3024 3027 3026
3028 3029 3030
3028 3031 3029
3032 3029 3031
3031 3028 3033
3032 3031 3034
3035 3032 3034
3031 3033 3036
3036 3034 3031
3037 3036 3033
3037 3033 3038
3037 3038 3039
3035 3034 3040
3040 3041 3035
3036 3042 3034
3042 3036 3037
3042 3040 3034
3040 3043 3041
3043 3044 3041
3042 3045 3040
3045 3043 3040
3043 3046 3044
3047 3044 3046
3047 3046 3048
3049 3046 3043
3045 3049 3043
3048 3046 3050
3049 3050 3046
3048 3050 3051
3052 3045 3042
3042 3037 3052
3049 3045 3053
3052 3053 3045
3054 3051 3050
3054 3055 3051
3056 3050 3049
3049 3053 3056
3056 3054 3050
3057 3052 3037
3057 3053 3052
3058 3055 3054
3058 3059 3055
3060 3059 3058
3056 3053 3061
3057 3061 3053
3054 3056 3062
3054 3062 3058
3056 3061 3062
3060 3058 3063
3063 3058 3062
3064 3060 3063
3065 3062 3061
3063 3062 3065
3064 3063 3066
3066 3063 3065
3066 3067 3064
3065 3061 3068
3068 3061 3057
3066 3069 3067
3069 3070 3067
3066 3065 3071
3071 3065 3068
3071 3069 3066
3069 3072 3070
3072 3073 3070
3071 3074 3069
3074 3072 3069
3071 3068 3075
3074 3071 3075
3068 3057 3076
3075 3068 3076
3077 3076 3057
3077 3057 3037
3037 3039 3077
3078 3077 3039
3077 3078 3076
3078 3039 3079
3075 3076 3080
3080 3076 3078
3079 3081 3078
3080 3078 3081
3079 3082 3081
3074 3075 3083
3083 3075 3080
3084 3081 3082
3084 3082 3085
3081 3086 3080
3083 3080 3086
3081 3084 3086
3074 3083 3087
3074 3087 3072
3085 3088 3084
3085 3089 3088
3090 3088 3089
3084 3091 3086
3084 3088 3091
3086 3092 3083
3087 3083 3092
3086 3091 3092
3093 3072 3087
3087 3092 3093
3090 3094 3088
3094 3090 3095
3096 3091 3088
3096 3088 3094
3093 3097 3072
3072 3097 3073
3098 3093 3092
3097 3093 3098
3091 3099 3092
3091 3096 3099
3098 3092 3099
3073 3097 3100
3097 3098 3100
3073 3100 3101
3100 3102 3101
3099 3103 3098
3103 3100 3098
3100 3104 3102
3103 3104 3100
3104 3105 3102
3106 3099 3096
3099 3106 3103
3106 3096 3107
3107 3096 3094
3103 3106 3108
3107 3108 3106
3109 3104 3103
3103 3108 3109
3104 3110 3105
3109 3110 3104
3111 3105 3110
3111 3112 3105
3110 3113 3111
3110 3109 3113
3109 3114 3113
3109 3108 3114
3108 3115 3114
3108 3116 3115
3107 3116 3108
3116 3117 3115
3107 3094 3118
3118 3116 3107
3094 3095 3118
3116 3119 3117
3118 3119 3116
3095 3119 3118
3119 3120 3117
3095 3121 3119
3119 3121 3120
3122 3123 3124
3122 3124 3125
3126 3125 3124
3125 3127 3122
3126 3128 3125
3129 3128 3126
3125 3130 3127
3130 3125 3128
3131 3127 3130
3131 3132 3127
3131 3133 3132
3129 3134 3128
3134 3129 3135
3130 3128 3136
3136 3131 3130
3136 3128 3134
3134 3135 3137
3137 3135 3138
3136 3134 3139
3139 3134 3137
3137 3138 3140
3141 3140 3138
3141 3142 3140
3143 3137 3140
3139 3137 3143
3142 3144 3140
3143 3140 3144
3142 3145 3144
3146 3136 3139
3136 3146 3131
3143 3147 3139
3146 3139 3147
3148 3144 3145
3148 3145 3149
3150 3143 3144
3143 3150 3147
3150 3144 3148
3131 3146 3151
3151 3146 3147
3152 3148 3149
3152 3149 3153
3154 3152 3153
3150 3155 3147
3151 3147 3155
3148 3156 3150
3148 3152 3156
3150 3156 3155
3154 3157 3152
3157 3156 3152
3158 3157 3154
3159 3155 3156
3157 3159 3156
3158 3160 3157
3160 3159 3157
3160 3158 3161
3159 3162 3155
3162 3151 3155
3160 3161 3163
3163 3161 3164
3160 3165 3159
3165 3162 3159
3165 3160 3163
3163 3164 3166
3166 3164 3167
3165 3163 3168
3168 3163 3166
3165 3169 3162
3168 3169 3165
3162 3170 3151
3169 3170 3162
3171 3151 3170
3171 3131 3151
3131 3171 3133
3172 3133 3171
3171 3170 3172
3172 3173 3133
3169 3174 3170
3174 3172 3170
3173 3172 3175
3174 3175 3172
3173 3175 3176
3168 3177 3169
3177 3174 3169
3175 3174 3178
3177 3178 3174
3179 3176 3175
3175 3178 3179
3179 3180 3176
3168 3181 3177
3168 3166 3181
3178 3177 3182
3181 3182 3177
3179 3178 3183
3178 3182 3183
3180 3179 3184
3179 3183 3184
3180 3184 3185
3186 3185 3184
3187 3181 3166
3181 3187 3182
3186 3184 3188
3188 3189 3186
3190 3184 3183
3190 3188 3184
3187 3166 3191
3166 3167 3191
3192 3182 3187
3191 3192 3187
3183 3182 3193
3183 3193 3190
3192 3193 3182
3167 3194 3191
3191 3194 3192
3167 3195 3194
3194 3195 3196
3193 3192 3197
3197 3192 3194
3194 3196 3198
3197 3194 3198
3198 3196 3199
3200 3190 3193
3193 3197 3200
3200 3201 3190
3201 3188 3190
3197 3202 3200
3201 3200 3202
3203 3197 3198
3197 3203 3202
3198 3199 3204
3203 3198 3204
3205 3204 3199
3205 3199 3206
3204 3205 3207
3204 3207 3203
3203 3207 3208
3203 3208 3202
3202 3208 3209
3202 3209 3210
3201 3202 3210
3210 3209 3211
3212 3201 3210
3201 3212 3188
3188 3212 3189
3210 3211 3213
3212 3210 3213
3189 3212 3213
3213 3211 3214
3189 3213 3215
3213 3214 3215
3216 3217 3218
3216 3219 3217
3219 3220 3217
3219 3221 3220
3221 3222 3220
3221 3223 3222
3223 3224 3222
3223 3225 3224
3225 3226 3224
3225 3227 3226
3228 3229 3230
3228 3231 3229
3232 3231 3228
3232 3233 3231
3234 3233 3232
3234 3235 3233
3236 3235 3234
3236 3234 3237
3236 3237 3238
3236 3238 3239
3240 3241 3242
3240 3243 3241
3244 3243 3240
3243 3245 3241
3244 3246 3243
3247 3246 3244
3245 3243 3248
3248 3243 3246
3245 3248 3249
3248 3250 3249
3250 3251 3249
3252 3251 3250
3247 3253 3246
3254 3253 3247
3254 3255 3253
3256 3253 3255
3246 3253 3256
3256 3255 3257
3248 3246 3258
3250 3248 3258
3246 3256 3258
3258 3259 3250
3256 3259 3258
3257 3260 3256
3256 3260 3259
3257 3261 3260
3262 3260 3261
3262 3263 3260
3263 3259 3260
3263 3262 3264
3265 3250 3259
3252 3250 3265
3252 3265 3266
3265 3259 3266
3252 3266 3267
3266 3268 3267
3269 3266 3259
3263 3269 3259
3270 3268 3266
3266 3269 3270
3271 3268 3270
3263 3264 3272
3273 3272 3264
3273 3274 3272
3275 3269 3263
3275 3263 3272
3274 3275 3272
3270 3269 3275
3274 3276 3275
3271 3270 3277
3270 3275 3277
3276 3277 3275
3277 3278 3271
3276 3279 3277
3279 3278 3277
3279 3280 3278
3281 3282 3283
3281 3284 3282
3285 3284 3281
3285 3286 3284
3287 3286 3285
3287 3288 3286
3289 3288 3287
3289 3290 3288
3290 3289 3291
3292 3290 3291
3292 3293 3290
3294 3293 3292
3295 3293 3294
3293 3295 3296
3293 3296 3297
3298 3299 3282
3298 3282 3300
3301 3298 3300
3301 3300 3302
3303 3301 3302
3303 3302 3304
3305 3303 3304
3305 3304 3306
3307 3305 3306
3308 3307 3306
3308 3306 3309
3310 3308 3309
3311 3310 3309
3309 3312 3311
3309 3313 3312
3314 3315 3316
3314 3316 3317
3317 3316 3318
3317 3318 3319
3320 3314 3317
3317 3319 3321
3322 3314 3320
3321 3319 3323
3322 3324 3314
3321 3323 3325
3324 3322 3326
3325 3323 3327
3324 3326 3328
3329 3328 3326
3329 3330 3328
3325 3327 3331
3331 3327 3332
3331 3332 3333
3334 3333 3335
3334 3335 3336
3337 3334 3336
3337 3336 3338
3339 3337 3338
3339 3338 3340
3341 3339 3340
3341 3340 3342
3341 3342 3343
3344 3341 3343
3344 3343 3345
3346 3341 3344
3347 3346 3344
3347 3344 3348
3348 3349 3347
3348 3350 3349
3351 3349 3350
3351 3350 3352
3353 3354 3355
3355 3354 3356
3357 3358 3359
3359 3358 3360
3359 3360 3361
3361 3360 3362
3361 3362 3363
3362 3364 3363
3362 3365 3364
3366 3364 3365
3366 3365 3367
3368 3366 3367
3368 3369 3366
3368 3370 3369
3368 3371 3370
3370 3371 3372
3373 3374 3375
3376 3374 3373
3377 3378 3379
3379 3378 3380
3379 3380 3381
3380 3382 3381
3380 3383 3382
3382 3383 3384
3382 3384 3385
3385 3384 3386
3385 3386 3387
3387 3386 3388
3387 3388 3389
3390 3389 3388
3390 3391 3389
3391 3392 3389
3391 3393 3392
3389 3392 3394
3389 3394 3395
3394 3396 3395
3393 3397 3392
3397 3394 3392
3393 3398 3397
3398 3399 3397
3398 3400 3399
3401 3399 3400
3401 3400 3402
3402 3403 3401
3402 3404 3403
3403 3405 3401
3405 3399 3401
3403 3406 3405
3397 3399 3407
3405 3407 3399
3406 3408 3405
3408 3407 3405
3406 3409 3408
3409 3410 3408
3409 3411 3410
3409 3412 3411
3413 3411 3412
3410 3411 3413
3413 3412 3414
3410 3413 3415
3415 3416 3410
3416 3417 3410
3397 3407 3418
3397 3418 3394
3408 3419 3407
3410 3419 3408
3418 3407 3419
3418 3420 3394
3394 3420 3396
3396 3420 3421
3396 3421 3422
3423 3422 3421
3418 3424 3420
3418 3419 3424
3424 3421 3420
3410 3425 3419
3424 3419 3425
3417 3425 3410
3424 3425 3426
3426 3425 3417
3424 3426 3421
3417 3421 3426
3417 3427 3421
3423 3421 3427
3428 3423 3427
3429 3430 3431
3429 3431 3432
3433 3432 3431
3433 3431 3434
3435 3436 3437
3435 3437 3438
3439 3440 3441
3439 3442 3440
3443 3440 3442
3443 3444 3440
3445 3446 3447
3446 3448 3447
3449 3450 3451
3450 3452 3451
3450 3453 3452
3454 3452 3453
3454 3455 3452
3455 3454 3456
3455 3456 3457
3457 3456 3458
3457 3458 3459
3460 3459 3458
3460 3458 3461
3460 3461 3462
3460 3462 3463
3462 3464 3463
3465 3466 3467
3466 3468 3467
3466 3469 3468
3469 3470 3468
3469 3471 3470
3472 3470 3471
3472 3473 3470
3474 3473 3472
3474 3475 3473
3476 3475 3474
3476 3477 3475
3478 3477 3476
3478 3476 3479
3476 3480 3479
3476 3481 3480
3482 3481 3476
3482 3476 3483
3484 3482 3483
3480 3481 3485
3485 3481 3482
3480 3485 3486
3485 3487 3486
3485 3488 3487
3489 3487 3488
3485 3482 3490
3490 3488 3485
3484 3491 3482
3490 3482 3491
3492 3491 3484
3492 3484 3493
3490 3491 3494
3494 3491 3492
3490 3495 3488
3494 3495 3490
3489 3488 3496
3496 3488 3495
3489 3496 3497
3489 3497 3498
3497 3496 3499
3496 3495 3499
3497 3499 3500
3494 3501 3495
3499 3495 3501
3500 3499 3502
3499 3501 3502
3500 3502 3503
3503 3502 3504
3505 3501 3494
3494 3492 3505
3502 3501 3506
3505 3506 3501
3502 3506 3504
3506 3505 3507
3507 3505 3492
3506 3507 3504
3507 3492 3508
3508 3492 3493
3508 3493 3509
3510 3508 3509
3507 3511 3504
3511 3512 3504
3504 3512 3513
3503 3504 3514
3504 3513 3514
3503 3514 3515
3513 3515 3514
3513 3516 3515
3517 3518 3519
3517 3520 3518
3521 3522 3523
3524 3521 3523
3525 3526 3527
3525 3528 3526
3529 3526 3528
3529 3530 3526
3530 3529 3531
3530 3531 3532
3531 3533 3532
3531 3534 3533
3534 3535 3533
3534 3536 3535
3537 3538 3539
3537 3539 3540
3537 3540 3541
3542 3537 3541
3542 3541 3543
3542 3543 3544
3545 3542 3544
3545 3544 3546
3545 3546 3547
3546 3548 3547
3549 3550 3551
3549 3551 3552
3553 3554 3555
3553 3556 3554
3556 3557 3554
3556 3558 3557
3559 3560 3561
3559 3562 3560
3562 3563 3560
3562 3564 3563
3565 3563 3564
3565 3566 3563
3567 3566 3565
3567 3568 3566
3569 3570 3571
3569 3571 3572
3573 3569 3572
3574 3575 3576
3574 3576 3577
3578 3577 3576
3578 3576 3579
3580 3578 3579
3579 3581 3580
3579 3582 3581
3583 3581 3582
3583 3584 3581
3584 3585 3581
3586 3587 3588
3588 3589 3586
3588 3590 3589
3588 3591 3590
3588 3592 3591
3593 3592 3588
3593 3594 3592
3591 3595 3590
3595 3596 3590
3591 3597 3595
3591 3598 3597
3599 3600 3601
3599 3601 3602
3603 3602 3601
3603 3601 3604
3604 3605 3603
3604 3606 3605
3605 3606 3607
3605 3607 3608
3608 3607 3609
3608 3609 3610
3611 3612 3613
3611 3614 3612
3611 3615 3614
3616 3615 3611
3616 3617 3615
3616 3618 3617
3619 3618 3616
3619 3620 3618
3619 3621 3620
3620 3621 3622
3623 3624 3625
3623 3625 3626
3627 3628 3629
3627 3629 3630
3630 3629 3631
3630 3631 3632
3633 3634 3635
3633 3636 3634
3637 3636 3633
3638 3639 3640
3638 3641 3639
3642 3639 3641
3642 3643 3639
3644 3643 3642
3643 3644 3645
3643 3645 3646
3647 3646 3645
3647 3645 3648
3648 3645 3649
3650 3651 3652
3652 3653 3650
3653 3654 3650
3650 3654 3655
3650 3655 3656
3657 3650 3656
3657 3656 3658
3655 3654 3659
3659 3654 3660
3655 3659 3661
3655 3661 3662
3663 3664 3665
3663 3665 3666
3667 3663 3666
3666 3665 3668
3667 3666 3669
3670 3667 3669
3668 3671 3666
3671 3669 3666
3668 3672 3671
3671 3672 3673
3673 3672 3674
3675 3673 3674
3670 3669 3676
3677 3670 3676
3677 3676 3678
3679 3678 3676
3669 3679 3676
3679 3680 3678
3671 3681 3669
3673 3681 3671
3669 3681 3679
3681 3673 3682
3679 3681 3682
3680 3679 3683
3679 3682 3683
3680 3683 3684
3685 3684 3683
3685 3683 3686
3686 3683 3682
3686 3687 3685
3688 3682 3673
3675 3688 3673
3675 3689 3688
3688 3689 3682
3675 3690 3689
3689 3690 3691
3692 3682 3689
3686 3682 3692
3693 3689 3691
3689 3693 3692
3694 3693 3691
3686 3695 3687
3696 3687 3695
3696 3695 3697
3698 3686 3692
3698 3695 3686
3697 3695 3698
3693 3698 3692
3697 3698 3699
3694 3700 3693
3693 3700 3698
3699 3698 3700
3700 3694 3701
3699 3700 3702
3702 3700 3701
3702 3701 3703
3704 3705 3706
3704 3706 3707
3708 3704 3707
3708 3707 3709
3710 3708 3709
3710 3709 3711
3712 3710 3711
3712 3711 3713
3713 3714 3712
3715 3714 3713
3715 3713 3716
3717 3715 3716
3718 3717 3716
3716 3719 3718
3716 3720 3719
3721 3722 3723
3721 3724 3722
3724 3725 3722
3724 3726 3725
3727 3724 3721
3724 3728 3726
3729 3727 3721
3728 3730 3726
3729 3721 3731
3728 3732 3730
3731 3733 3729
3732 3734 3730
3731 3735 3733
3732 3736 3734
3736 3737 3734
3736 3738 3737
3739 3733 3735
3739 3735 3740
3741 3742 3738
3741 3743 3742
3744 3743 3741
3744 3745 3743
3746 3745 3744
3746 3747 3745
3748 3747 3746
3748 3749 3747
3748 3750 3749
3751 3750 3748
3751 3752 3750
3753 3751 3748
3754 3751 3753
3754 3755 3751
3755 3754 3756
3755 3756 3757
3739 3757 3756
3739 3758 3757
3759 3760 3761
3760 3762 3761
3763 3764 3765
3764 3766 3765
3764 3767 3766
3767 3768 3766
3767 3769 3768
3768 3769 3770
3768 3770 3771
3772 3771 3770
3772 3773 3771
3774 3773 3772
3774 3772 3775
3774 3775 3776
3774 3776 3777
3776 3778 3777
3779 3780 3781
3782 3779 3781
3783 3784 3785
3784 3786 3785
3784 3787 3786
3786 3787 3788
3786 3788 3789
3788 3790 3789
3788 3791 3790
3791 3792 3790
3791 3793 3792
3793 3794 3792
3793 3795 3794
3796 3794 3795
3796 3795 3797
3797 3795 3798
3797 3798 3799
3795 3800 3798
3795 3801 3800
3800 3801 3802
3799 3798 3803
3803 3798 3800
3799 3803 3804
3804 3803 3805
3804 3805 3806
3807 3806 3805
3807 3808 3806
3808 3807 3809
3808 3809 3810
3809 3807 3811
3811 3807 3805
3809 3811 3812
3803 3813 3805
3811 3805 3813
3812 3811 3814
3814 3811 3813
3812 3814 3815
3815 3814 3816
3815 3816 3817
3815 3817 3818
3819 3818 3817
3816 3819 3817
3819 3820 3818
3816 3821 3819
3821 3816 3822
3822 3816 3823
3803 3824 3813
3803 3800 3824
3814 3813 3825
3816 3814 3825
3824 3825 3813
3824 3800 3826
3800 3802 3826
3802 3827 3826
3802 3828 3827
3829 3827 3828
3824 3826 3830
3824 3830 3825
3830 3826 3827
3816 3825 3831
3830 3831 3825
3816 3831 3823
3830 3832 3831
3832 3823 3831
3830 3827 3832
3823 3832 3827
3823 3827 3833
3829 3833 3827
3834 3833 3829
3835 3836 3837
3835 3838 3836
3839 3836 3838
3839 3840 3836
3841 3842 3843
3841 3844 3842
3845 3846 3847
3845 3847 3848
3849 3848 3847
3849 3847 3850
3851 3852 3853
3851 3854 3852
3855 3854 3851
3855 3856 3854
3857 3856 3855
3857 3858 3856
3859 3858 3857
3859 3860 3858
3861 3860 3859
3862 3860 3861
3862 3863 3860
3864 3863 3862
3865 3863 3864
3863 3865 3866
3863 3866 3867
3868 3869 3870
3870 3869 3871
3872 3873 3874
3874 3873 3875
3874 3875 3876
3877 3876 3875
3877 3875 3878
3878 3879 3877
3878 3880 3879
3880 3881 3879
3880 3882 3881
3883 3881 3882
3883 3884 3881
3883 3885 3884
3883 3886 3885
3885 3886 3887
3888 3889 3890
3890 3889 3891
3890 3891 3892
3892 3891 3893
3892 3893 3894
3895 3894 3893
3895 3893 3896
3897 3895 3896
3897 3896 3898
3899 3897 3898
3899 3898 3900
3901 3899 3900
3901 3902 3899
3899 3902 3903
3899 3903 3904
3905 3899 3904
3905 3906 3899
3907 3906 3905
3903 3908 3904
3908 3905 3904
3903 3909 3908
3908 3909 3910
3908 3910 3911
3912 3911 3910
3908 3913 3905
3913 3908 3911
3907 3905 3914
3913 3914 3905
3915 3907 3914
3915 3916 3907
3913 3917 3914
3917 3915 3914
3913 3911 3918
3917 3913 3918
3912 3919 3911
3919 3918 3911
3912 3920 3919
3912 3921 3920
3920 3922 3919
3919 3922 3918
3920 3923 3922
3917 3918 3924
3922 3924 3918
3923 3925 3922
3922 3925 3924
3923 3926 3925
3926 3927 3925
3928 3917 3924
3917 3928 3915
3925 3929 3924
3928 3924 3929
3925 3927 3929
3929 3930 3928
3930 3915 3928
3929 3927 3930
3930 3931 3915
3931 3916 3915
3931 3932 3916
3933 3932 3931
3927 3934 3930
3934 3927 3935
3927 3936 3935
3926 3937 3927
3927 3937 3936
3926 3938 3937
3936 3937 3938
3936 3938 3939
3940 3941 3942
3940 3942 3943
3944 3945 3946
3947 3945 3944
3948 3949 3950
3948 3950 3951
3952 3951 3950
3952 3950 3953
3953 3954 3952
3953 3955 3954
3954 3955 3956
3954 3956 3957
3957 3956 3958
3957 3958 3959
3960 3961 3962
3960 3963 3961
3960 3964 3963
3965 3964 3960
3965 3966 3964
3965 3967 3966
3968 3967 3965
3968 3969 3967
3968 3970 3969
3969 3970 3971
3972 3973 3974
3972 3974 3975
3976 3977 3978
3976 3978 3979
3979 3978 3980
3979 3980 3981
3982 3983 3984
3982 3984 3985
3985 3984 3986
3985 3986 3987
3988 3987 3986
3988 3986 3989
3990 3988 3989
3990 3989 3991
3992 3993 3994
3992 3995 3993
3996 3995 3992
3997 3998 3999
3997 4000 3998
4001 3998 4000
4001 4002 3998
4003 4002 4001
4002 4003 4004
4002 4004 4005
4006 4005 4004
4006 4004 4007
4007 4004 4008
4009 4010 4011
4011 4012 4009
4012 4013 4009
4009 4013 4014
4009 4014 4015
4016 4009 4015
4016 4015 4017
4014 4013 4018
4018 4013 4019
4014 4018 4020
4014 4020 4021
4022 4023 4024
4022 4025 4023
4026 4023 4025
4026 4027 4023
4027 4026 4028
4027 4028 4029
4028 4030 4029
4028 4031 4030
4031 4032 4030
4031 4033 4032
4034 4035 4036
4034 4036 4037
4034 4037 4038
4039 4034 4038
4039 4038 4040
4039 4040 4041
4042 4039 4041
4042 4041 4043
4042 4043 4044
4043 4045 4044
4046 4047 4048
4046 4048 4049
4050 4051 4052
4050 4053 4051
4053 4054 4051
4053 4055 4054
4056 4057 4058
4056 4058 4059
4060 4056 4059
4061 4062 4063
4061 4063 4064
4065 4064 4063
4065 4063 4066
4067 4065 4066
4066 4068 4067
4066 4069 4068
4070 4068 4069
4070 4071 4068
4071 4072 4068
4073 4074 4075
4075 4076 4073
4075 4077 4076
4075 4078 4077
4075 4079 4078
4080 4079 4075
4080 4081 4079
4078 4082 4077
4082 4083 4077
4078 4084 4082
4078 4085 4084
4086 4087 4088
4086 4088 4089
4090 4091 4092
4090 4092 4093
4092 4094 4093
4092 4095 4094
4094 4096 4097
4094 4097 4098
4099 4100 4101
4099 4101 4102
4103 4104 4105
4103 4105 4106
4107 4108 4109
4107 4110 4108
4108 4110 4111
4108 4111 4112
4113 4114 4115
4113 4115 4116
4117 4118 4119
4117 4119 4120
4121 4117 4120
4121 4120 4122
4123 4121 4122
4123 4122 4124
4125 4123 4124
4125 4126 4123
4127 4128 4129
4127 4129 4130
4131 4127 4130
4131 4130 4132
4131 4132 4133
4134 4131 4133
4134 4133 4135
4136 4134 4135
4136 4137 4134
4138 4139 4140
4138 4140 4141
4142 4143 4144
4142 4144 4145
4146 4147 4148
4146 4148 4149
4150 4151 4152
4153 4150 4152
4153 4152 4154
4155 4156 4157
4155 4157 4158
4159 4160 4161
4159 4161 4162
4159 4162 4163
4164 4161 4165
4163 4164 4166
4164 4165 4166
4163 4166 4167
4165 4168 4166
4168 4167 4166
4165 4169 4168
4168 4170 4167
4169 4171 4168
4171 4170 4168
4169 4172 4171
4172 4173 4171
4171 4174 4170
4173 4174 4171
4175 4170 4174
4173 4176 4174
4176 4175 4174
4176 4173 4177
4176 4178 4175
4176 4177 4179
4178 4176 4179
4180 4181 4182
4180 4182 4183
4184 4185 4186
4184 4186 4187
4187 4186 4188
4187 4189 4184
4187 4188 4190
4187 4190 4191
4190 4188 4192
4190 4192 4193
4191 4190 4193
4191 4193 4194
4195 4191 4194
4195 4196 4191
4191 4196 4197
4198 4189 4197
4187 4199 4189
4187 4191 4199
4191 4197 4199
4189 4199 4197
4200 4201 4202
4200 4202 4203
4204 4200 4203
4204 4205 4200
4206 4205 4204
4206 4207 4205
4208 4207 4206
4202 4209 4203
4202 4210 4209
4202 4211 4210
4210 4211 4212
4212 4211 4213
4203 4214 4204
4215 4203 4209
4203 4215 4214
4210 4216 4209
4216 4215 4209
4204 4217 4206
4204 4214 4217
4212 4218 4210
4216 4210 4218
4208 4206 4219
4220 4206 4217
4220 4219 4206
4221 4208 4219
4221 4222 4208
4214 4223 4217
4220 4217 4223
4224 4219 4220
4224 4221 4219
4222 4221 4225
4225 4226 4222
4220 4223 4227
4227 4224 4220
4228 4223 4214
4229 4227 4223
4229 4223 4228
4227 4230 4224
4230 4227 4229
4228 4214 4231
4215 4231 4214
4215 4232 4231
4216 4232 4215
4221 4224 4233
4224 4230 4234
4224 4234 4233
4221 4233 4235
4221 4235 4225
4236 4235 4233
4236 4233 4234
4225 4235 4237
4236 4237 4235
4237 4236 4238
4238 4236 4239
4239 4236 4234
4240 4234 4230
4230 4229 4240
4225 4237 4241
4225 4241 4226
4240 4242 4234
4239 4234 4242
4243 4240 4229
4243 4242 4240
4237 4238 4244
4244 4241 4237
4245 4226 4241
4245 4246 4226
4245 4241 4247
4244 4247 4241
4248 4246 4245
4247 4248 4245
4248 4249 4246
4250 4249 4248
4250 4251 4249
4247 4252 4248
4250 4248 4252
4253 4247 4244
4247 4253 4252
4254 4244 4238
4253 4244 4254
4253 4254 4255
4256 4254 4238
4254 4256 4255
4255 4256 4257
4256 4258 4257
4259 4256 4238
4256 4259 4258
4251 4250 4260
4250 4252 4261
4260 4250 4261
4262 4251 4260
4262 4263 4251
4262 4264 4263
4264 4262 4265
4264 4265 4266
4265 4267 4266
4262 4268 4265
4262 4260 4268
4265 4269 4267
4268 4269 4265
4270 4267 4269
4270 4271 4267
4270 4272 4271
4270 4273 4272
4273 4274 4272
4260 4275 4268
4268 4276 4269
4275 4276 4268
4260 4277 4275
4260 4261 4277
4278 4270 4269
4279 4273 4270
4278 4279 4270
4280 4279 4278
4278 4269 4281
4269 4276 4281
4280 4278 4281
4276 4282 4281
4282 4280 4281
4275 4283 4276
4276 4283 4282
4277 4284 4275
4284 4283 4275
4261 4285 4277
4277 4285 4284
4286 4282 4283
4284 4286 4283
4287 4286 4284
4261 4288 4285
4252 4288 4261
4284 4285 4289
4284 4289 4287
4288 4289 4285
4286 4290 4282
4290 4280 4282
4252 4291 4288
4253 4291 4252
4287 4292 4286
4290 4286 4292
4288 4293 4289
4291 4293 4288
4289 4293 4294
4289 4294 4295
4295 4287 4289
4253 4296 4291
4253 4255 4296
4291 4296 4297
4291 4297 4293
4297 4296 4255
4297 4298 4293
4294 4293 4298
4297 4255 4299
4299 4298 4297
4255 4300 4299
4255 4301 4300
4299 4300 4302
4300 4303 4302
4299 4304 4298
4299 4302 4304
4303 4305 4302
4303 4258 4305
4306 4305 4258
4307 4302 4305
4307 4304 4302
4308 4298 4304
4294 4298 4308
4308 4304 4309
4307 4309 4304
4307 4305 4310
4306 4310 4305
4306 4258 4311
4311 4258 4259
4294 4308 4312
4312 4308 4309
4309 4307 4313
4310 4313 4307
4311 4259 4314
4314 4259 4238
4312 4309 4315
4309 4313 4315
4314 4238 4316
4238 4239 4316
4317 4314 4316
4316 4239 4317
4311 4314 4318
4317 4318 4314
4319 4317 4239
4239 4242 4319
4320 4319 4242
4320 4321 4319
4320 4322 4321
4319 4323 4317
4321 4323 4319
4322 4324 4321
4321 4325 4323
4323 4326 4317
4325 4326 4323
4317 4326 4318
4327 4326 4325
4328 4324 4322
4328 4329 4324
4330 4328 4322
4243 4330 4242
4330 4243 4328
4318 4326 4331
4327 4331 4326
4332 4329 4328
4332 4333 4329
4334 4328 4243
4334 4332 4328
4243 4229 4334
4334 4229 4228
4334 4228 4335
4335 4332 4334
4231 4335 4228
4336 4333 4332
4335 4336 4332
4336 4337 4333
4231 4338 4335
4338 4336 4335
4232 4338 4231
4339 4337 4336
4339 4340 4337
4341 4340 4339
4338 4342 4336
4341 4343 4340
4232 4344 4338
4344 4342 4338
4344 4341 4342
4216 4344 4232
4345 4343 4341
4345 4341 4344
4345 4346 4343
4347 4346 4345
4216 4348 4344
4348 4345 4344
4216 4218 4348
4218 4345 4348
4218 4347 4345
4349 4347 4218
4349 4350 4347
4351 4350 4349
4351 4352 4350
4353 4352 4351
4353 4354 4352
4355 4354 4353
4355 4356 4354
4357 4356 4355
4357 4358 4356
4359 4358 4357
4359 4357 4360
4361 4359 4360
4362 4361 4360
4363 4361 4362
4363 4362 4364
4365 4362 4360
4364 4362 4365
4365 4360 4366
4360 4367 4366
4366 4367 4368
4365 4366 4368
4367 4369 4368
4365 4368 4370
4364 4365 4371
4372 4368 4369
4368 4372 4370
4372 4369 4373
4372 4213 4370
4374 4372 4373
4372 4374 4213
4374 4373 4375
4212 4213 4374
4374 4375 4376
4374 4376 4212
4212 4376 4218
4364 4371 4377
4371 4378 4377
4377 4379 4364
4364 4379 4380
4364 4380 4381
4363 4364 4381
4381 4380 4382
4363 4381 4383
4381 4382 4383
4363 4383 4384
4383 4382 4385
4384 4383 4386
4383 4385 4386
4384 4386 4387
4386 4385 4388
4386 4389 4387
4386 4388 4390
4386 4390 4389
4391 4390 4388
4388 4392 4391
4393 4389 4390
4393 4394 4389
4393 4395 4394
4391 4396 4390
4391 4397 4396
4393 4390 4398
4399 4393 4398
4400 4393 4399
4393 4400 4395
4400 4399 4401
4400 4401 4402
4395 4400 4403
4400 4402 4403
4395 4403 4404
4405 4403 4402
4404 4403 4405
4404 4405 4406
4405 4402 4407
4406 4405 4408
4406 4408 4409
4405 4407 4310
4405 4310 4408
4310 4407 4313
4313 4407 4410
4306 4408 4310
4409 4408 4306
4313 4410 4411
4315 4313 4411
4409 4306 4412
4412 4413 4409
4413 4414 4409
4327 4414 4413
4327 4413 4331
4331 4413 4412
4415 4412 4306
4331 4412 4415
4415 4306 4311
4318 4331 4415
4311 4318 4415
4315 4411 4416
4417 4315 4416
4417 4312 4315
4417 4418 4312
4418 4294 4312
4416 4411 4419
4411 4420 4419
4421 4417 4416
4417 4421 4418
4416 4419 4422
4421 4416 4422
4422 4419 4423
4422 4423 4424
4421 4422 4424
4424 4423 4391
4424 4391 4392
4421 4424 4425
4425 4424 4392
4418 4421 4425
4426 4425 4392
4427 4425 4426
4418 4425 4427
4427 4426 4428
4427 4429 4418
4418 4429 4294
4430 4427 4428
4427 4430 4429
4430 4428 4431
4432 4294 4429
4432 4295 4294
4433 4429 4430
4431 4433 4430
4433 4432 4429
4432 4434 4295
4295 4434 4287
4433 4435 4432
4432 4435 4434
4436 4433 4431
4433 4437 4435
4436 4437 4433
4438 4436 4431
4438 4431 4439
4438 4440 4436
4436 4440 4437
4438 4441 4440
4440 4441 4442
4440 4442 4443
4437 4440 4443
4443 4442 4444
4435 4437 4445
4437 4443 4445
4434 4435 4446
4435 4445 4446
4443 4444 4447
4445 4443 4447
4448 4447 4444
4448 4444 4449
4445 4447 4450
4446 4445 4450
4450 4447 4448
4451 4448 4449
4451 4449 4452
4453 4450 4448
4453 4448 4451
4434 4446 4454
4287 4434 4454
4455 4446 4450
4455 4450 4453
4456 4453 4451
4451 4457 4456
4458 4446 4455
4454 4446 4458
4455 4453 4459
4459 4453 4456
4458 4455 4459
4460 4456 4457
4460 4457 4461
4459 4456 4462
4460 4462 4456
4460 4463 4462
4464 4459 4462
4458 4459 4464
4463 4464 4462
4465 4464 4463
4458 4464 4466
4454 4458 4466
4464 4465 4466
4461 4467 4460
4467 4461 4468
4468 4469 4467
4467 4469 4470
4460 4467 4470
4463 4460 4470
4463 4470 4471
4471 4470 4472
4471 4472 4473
4474 4473 4472
4463 4471 4475
4473 4475 4471
4476 4463 4475
4476 4465 4463
4474 4477 4473
4474 4478 4477
4473 4479 4475
4479 4476 4475
4477 4480 4473
4478 4480 4477
4480 4479 4473
4479 4481 4476
4481 4482 4476
4482 4465 4476
4478 4483 4480
4478 4484 4483
4478 4485 4484
4484 4485 4486
4483 4487 4480
4484 4487 4483
4487 4484 4488
4484 4486 4489
4488 4484 4489
4490 4489 4486
4491 4480 4487
4480 4491 4479
4487 4488 4491
4491 4492 4479
4488 4492 4491
4493 4479 4492
4490 4494 4489
4494 4490 4495
4488 4489 4496
4496 4489 4494
4494 4495 4497
4498 4497 4495
4496 4494 4499
4499 4494 4497
4500 4488 4496
4500 4496 4499
4499 4497 4501
4501 4497 4498
4493 4492 4502
4493 4502 4482
4488 4503 4492
4500 4503 4488
4500 4499 4504
4504 4499 4501
4492 4503 4505
4492 4505 4502
4506 4503 4500
4506 4505 4503
4504 4506 4500
4507 4505 4506
4508 4502 4505
4482 4502 4509
4509 4502 4508
4504 4510 4506
4510 4511 4506
4512 4482 4509
4482 4512 4465
4513 4509 4508
4512 4509 4513
4513 4508 4514
4290 4513 4514
4515 4510 4504
4501 4515 4504
4510 4516 4511
4515 4516 4510
4517 4512 4513
4290 4517 4513
4512 4518 4465
4517 4518 4512
4518 4519 4465
4517 4519 4518
4519 4466 4465
4290 4292 4517
4517 4292 4519
4520 4466 4519
4520 4519 4292
4454 4466 4520
4520 4292 4521
4521 4454 4520
4521 4292 4287
4454 4521 4287
4516 4515 4279
4280 4516 4279
4280 4290 4522
4511 4516 4280
4511 4280 4522
4279 4515 4273
4273 4515 4501
4523 4273 4501
4273 4523 4274
4501 4498 4523
4274 4523 4498
4524 4274 4498
4524 4498 4525
4526 4527 4528
4526 4529 4527
4529 4530 4527
4529 4526 4531
4529 4532 4530
4529 4533 4532
4532 4534 4530
4532 4535 4534
4533 4535 4532
4533 4536 4535
4537 4536 4533
4529 4531 4538
4529 4538 4533
4539 4538 4531
4533 4538 4539
4540 4539 4531
4533 4539 4541
4537 4533 4541
4537 4541 4542
4543 4537 4542
4544 4545 4546
4544 4547 4545
4548 4547 4544
4547 4549 4545
4548 4550 4547
4551 4550 4548
4547 4552 4549
4550 4552 4547
4552 4553 4549
4551 4554 4550
4555 4554 4551
4550 4556 4552
4554 4556 4550
4552 4557 4553
4556 4557 4552
4557 4558 4553
4555 4559 4554
4554 4560 4556
4559 4560 4554
4556 4561 4557
4560 4561 4556
4557 4562 4558
4561 4562 4557
4563 4559 4555
4563 4555 4564
4563 4564 4565
4563 4565 4566
4563 4566 4567
4567 4559 4563
4567 4566 4568
4569 4567 4568
4559 4570 4560
4567 4570 4559
4569 4571 4567
4571 4570 4567
4572 4571 4569
4560 4573 4561
4570 4573 4560
4571 4574 4570
4570 4574 4573
4572 4575 4571
4575 4574 4571
4575 4576 4574
4574 4576 4577
4574 4577 4573
4573 4578 4561
4573 4577 4578
4561 4578 4562
4579 4578 4577
4580 4562 4578
4579 4580 4578
4581 4579 4577
4581 4577 4582
4583 4581 4582
4572 4584 4583
4583 4584 4581
4572 4585 4584
4586 4579 4581
4584 4586 4581
4585 4587 4584
4584 4587 4586
4585 4588 4587
4587 4588 4589
4586 4590 4579
4590 4580 4579
4580 4591 4562
4591 4558 4562
4591 4592 4558
4587 4593 4586
4593 4590 4586
4594 4587 4589
4587 4594 4593
4595 4594 4589
4595 4589 4596
4594 4595 4597
4594 4597 4593
4597 4598 4593
4593 4598 4590
4597 4599 4598
4590 4600 4580
4600 4591 4580
4598 4600 4590
4601 4592 4591
4600 4601 4591
4601 4602 4592
4599 4603 4598
4598 4603 4600
4603 4601 4600
4599 4604 4603
4603 4605 4601
4604 4605 4603
4605 4602 4601
4604 4606 4605
4606 4607 4605
4605 4608 4602
4607 4608 4605
4608 4609 4602
4608 4607 4610
4608 4611 4609
4610 4611 4608
4612 4613 4614
4612 4615 4613
4615 4616 4613
4615 4617 4616
4617 4618 4616
4617 4619 4618
4619 4620 4618
4619 4621 4620
4620 4621 4622
4620 4622 4623
4622 4624 4623
4622 4625 4624
4625 4626 4624
4626 4627 4624
4627 4626 4628
4629 4630 4631
4629 4631 4632
4633 4629 4632
4633 4632 4634
4635 4633 4634
4635 4634 4636
4637 4635 4636
4637 4636 4638
4639 4637 4638
4639 4638 4640
4641 4639 4640
4641 4640 4642
4643 4641 4642
4643 4642 4644
4645 4643 4644
4645 4644 4646
4647 4645 4646
4647 4646 4648
4647 4648 4649
4650 4647 4649
4650 4649 4651
4650 4651 4652
4653 4650 4652
4653 4652 4654
4655 4653 4654
4655 4654 4656
4657 4655 4656
4657 4656 4658
4659 4657 4658
4659 4658 4660
4661 4659 4660
4661 4660 4662
4663 4661 4662
4663 4662 4664
4665 4663 4664
4665 4664 4666
4667 4665 4666
4667 4666 4668
4667 4668 4669
4670 4667 4669
4670 4669 4671
4670 4671 4672
4673 4670 4672
4673 4672 4674
4675 4673 4674
4675 4674 4676
4677 4675 4676
4677 4676 4678
4679 4677 4678
4679 4678 4680
4681 4679 4680
4681 4680 4682
4683 4681 4682
4683 4682 4684
4685 4683 4684
4685 4684 4686
4687 4685 4686
4687 4686 4688
4689 4687 4688
4689 4688 4690
4691 4692 4693
4692 4694 4693
4692 4695 4694
4694 4695 4696
4694 4696 4697
4697 4696 4698
4697 4698 4699
4700 4699 4698
4700 4698 4701
4702 4700 4701
4703 4704 4705
4704 4706 4705
4704 4707 4706
4708 4706 4707
4708 4707 4709
4710 4708 4709
4710 4709 4711
4712 4710 4711
4712 4711 4713
4714 4712 4713
4714 4715 4712
4715 4714 4716
4715 4716 4717
4716 4718 4717
4719 4717 4718
4718 4720 4719
4720 4721 4719
4720 4722 4721
4723 4721 4722
4719 4724 4717
4719 4721 4724
4723 4725 4721
4725 4724 4721
4723 4726 4725
4725 4726 4727
4728 4717 4724
4728 4729 4717
4725 4730 4724
4725 4731 4730
4732 4730 4731
4730 4733 4724
4733 4728 4724
4732 4734 4730
4730 4734 4733
4734 4732 4735
4729 4728 4736
4729 4736 4737
4728 4733 4738
4734 4738 4733
4728 4738 4736
4739 4737 4736
4738 4739 4736
4739 4740 4737
4741 4740 4739
4741 4742 4740
4741 4743 4742
4734 4735 4744
4734 4744 4738
4738 4745 4739
4745 4738 4744
4745 4741 4739
4746 4744 4735
4745 4744 4746
4741 4745 4746
4746 4735 4747
4748 4746 4747
4741 4746 4748
4748 4747 4749
4750 4748 4749
4750 4741 4748
4750 4749 4751
4750 4752 4741
4741 4752 4753
4754 4753 4752
4751 4755 4750
4755 4752 4750
4751 4756 4755
4754 4752 4757
4755 4757 4752
4758 4754 4757
4755 4758 4757
4758 4759 4754
4756 4760 4755
4755 4760 4758
4756 4761 4760
4761 4762 4760
4760 4762 4763
4760 4763 4758
4763 4759 4758
4763 4764 4759
4765 4766 4767
4765 4768 4766
4769 4768 4765
4769 4770 4768
4771 4770 4769
4771 4769 4772
4771 4772 4773
4771 4773 4774
4773 4775 4774
4773 4776 4775
4777 4778 4779
4777 4780 4778
4781 4780 4777
4781 4782 4780
4782 4781 4783
4782 4783 4784
4785 4784 4783
4785 4786 4784
4787 4788 4789
4787 4789 4790
4790 4789 4791
4790 4791 4792
4792 4791 4793
4792 4793 4794
4794 4793 4795
4794 4795 4796
4797 4798 4799
4797 4799 4800
4801 4802 4803
4801 4803 4804
4805 4806 4807
4805 4807 4808
4809 4808 4807
4809 4810 4808
4810 4809 4811
4810 4811 4812
4813 4812 4811
4813 4811 4814
4815 4813 4814
4815 4816 4813
4817 4818 4819
4817 4819 4820
4821 4817 4820
4821 4820 4822
4823 4821 4822
4823 4824 4821
4823 4825 4824
4823 4826 4825
4825 4826 4827
4825 4827 4828
4829 4830 4831
4829 4831 4832
4833 4829 4832
4833 4832 4834
4834 4835 4833
4834 4836 4835
4837 4835 4836
4837 4836 4838
4839 4840 4841
4839 4842 4840
4842 4843 4840
4842 4844 4843
4844 4845 4843
4844 4846 4845
4846 4847 4845
4846 4848 4847
4849 4850 4851
4849 4851 4852
4853 4854 4855
4853 4855 4856
4857 4858 4859
4857 4860 4858
4861 4858 4860
4861 4860 4862
4862 4863 4861
4862 4864 4863
4865 4863 4864
4865 4866 4863
4867 4866 4865
4867 4865 4868
4869 4870 4871
4869 4872 4870
4873 4872 4869
4873 4874 4872
4875 4874 4873
4875 4873 4876
4875 4876 4877
4875 4877 4878
4877 4879 4878
4877 4880 4879
4881 4882 4880
4881 4883 4882
4884 4883 4881
4884 4881 4885
4884 4885 4886
4884 4886 4887
4886 4888 4887
4886 4889 4888
4889 4890 4888
4889 4891 4890
4892 4893 4894
4892 4895 4893
4896 4895 4892
4896 4897 4895
4897 4896 4898
4897 4898 4899
4900 4899 4898
4900 4901 4899
4902 4903 4904
4902 4904 4905
4905 4904 4906
4905 4906 4907
4907 4906 4908
4907 4908 4909
4909 4908 4910
4909 4910 4911
4912 4913 4914
4912 4914 4915
4916 4917 4918
4916 4918 4919
4920 4921 4922
4920 4922 4923
4924 4923 4922
4924 4925 4923
4925 4924 4926
4925 4926 4927
4928 4927 4926
4928 4926 4929
4930 4928 4929
4930 4931 4928
4932 4933 4934
4932 4934 4935
4936 4932 4935
4936 4935 4937
4937 4938 4936
4937 4939 4938
4940 4938 4939
4940 4939 4941
4942 4943 4944
4942 4945 4943
4945 4946 4943
4945 4947 4946
4947 4948 4946
4947 4949 4948
4949 4950 4948
4949 4951 4950
4952 4953 4954
4952 4954 4955
4956 4957 4958
4956 4958 4959
4960 4961 4962
4960 4963 4961
4964 4961 4963
4964 4963 4965
4965 4966 4964
4965 4967 4966
4968 4966 4967
4968 4969 4966
4970 4969 4968
4970 4968 4971
4972 4973 4974
4972 4975 4973
4973 4975 4976
4973 4976 4977
4973 4977 4978
4979 4973 4978
4979 4978 4980
4980 4978 4981
4980 4981 4982
4978 4977 4983
4977 4976 4984
4977 4984 4983
4976 4975 4985
4984 4976 4985
4983 4984 4986
4983 4986 4987
4986 4984 4988
4984 4985 4988
4986 4988 4989
4988 4985 4990
4985 4975 4990
4991 4990 4975
4991 4975 4992
4993 4990 4991
4993 4994 4990
4995 4996 4997
4995 4998 4996
4999 5000 5001
5001 5002 4999
5003 5004 5005
5003 5005 5006
5007 5008 5009
5007 5009 5010
5011 5012 5013
5011 5013 5014
5015 5016 5017
5015 5017 5018
5019 5020 5021
5019 5021 5022
5023 5024 5025
5023 5026 5024
5027 5026 5023
5027 5023 5028
5029 5030 5031
5029 5031 5032
5033 5034 5035
5033 5036 5034
5036 5037 5034
5036 5038 5037
5038 5039 5037
5038 5040 5039
5040 5041 5039
5040 5042 5041
5042 5043 5041
5042 5044 5043
5045 5046 5047
5045 5048 5046
5048 5049 5046
5048 5050 5049
5050 5051 5049
5050 5052 5051
5052 5053 5051
5052 5054 5053
5054 5055 5053
5054 5056 5055
5057 5055 5056
5057 5056 5058
5058 5059 5057
5058 5060 5059
5060 5061 5059
5060 5062 5061
5062 5063 5061
5062 5064 5063
5065 5066 5067
5065 5068 5066
5069 5066 5068
5069 5068 5070
5070 5071 5069
5070 5072 5071
5073 5074 5075
5073 5076 5074
5076 5077 5074
5076 5078 5077
5078 5079 5077
5078 5080 5079
5080 5081 5079
5080 5082 5081
5082 5083 5081
5082 5084 5083
5085 5086 5087
5085 5088 5086
5089 5090 5091
5089 5092 5090
5090 5092 5093
5090 5093 5094
5092 5095 5093
5093 5095 5096
5097 5093 5096
5097 5096 5098
5098 5096 5099
5095 5099 5096
5098 5099 5100
5092 5101 5095
5101 5099 5095
5102 5099 5101
5103 5101 5092
5103 5092 5089
5102 5101 5103
5104 5103 5089
5102 5103 5104
5105 5104 5089
5105 5089 5106
5107 5104 5105
5107 5102 5104
5108 5099 5102
5108 5109 5099
5108 5110 5109
5108 5102 5111
5102 5112 5111
5102 5113 5112
5114 5115 5116
5116 5117 5114
5118 5119 5120
5118 5120 5121
5118 5121 5122
5123 5124 5125
5123 5125 5126
5127 5128 5129
5127 5129 5130
5131 5132 5133
5131 5133 5134
5135 5136 5137
5135 5138 5136
5139 5138 5135
5139 5135 5140
5141 5142 5143
5141 5143 5144
5145 5146 5147
5145 5147 5148
5148 5147 5149
5148 5149 5150
5150 5149 5151
5150 5151 5152
5153 5154 5145
5153 5155 5154
5156 5155 5153
5156 5157 5155
5152 5157 5156
5152 5158 5157
5159 5160 5161
5159 5161 5162
5162 5163 5159
5162 5164 5163
5162 5161 5165
5166 5164 5162
5162 5165 5166
5166 5167 5164
5168 5166 5165
5168 5167 5166
5168 5165 5169
5168 5169 5170
5168 5170 5171
5168 5172 5167
5173 5172 5168
5173 5174 5172
5175 5176 5177
5175 5177 5178
5175 5178 5179
5175 5179 5180
5180 5179 5181
5180 5181 5182
5182 5181 5183
5182 5183 5184
5184 5183 5185
5184 5185 5186
5187 5188 5189
5187 5189 5190
5190 5189 5191
5190 5191 5192
5192 5193 5190
5192 5194 5193
5190 5193 5195
5190 5195 5196
5197 5198 5199
5197 5200 5198
5200 5201 5198
5200 5202 5201
5203 5204 5205
5203 5205 5206
5207 5203 5206
5207 5206 5208
5209 5210 5211
5209 5211 5212
5213 5209 5212
5213 5212 5214
5215 5216 5217
5215 5217 5218
5218 5217 5219
5218 5219 5220
5221 5222 5223
5221 5223 5224
5224 5223 5225
5224 5225 5226
5227 5228 5229
5227 5229 5230
5231 5227 5230
5231 5230 5232
5233 5234 5235
5233 5235 5236
5237 5233 5236
5237 5236 5238
5239 5240 5241
5239 5241 5242
5242 5241 5243
5242 5243 5244
5244 5243 5245
5244 5245 5246
5247 5248 5249
5247 5249 5250
5250 5249 5251
5250 5251 5252
5252 5251 5253
5252 5253 5254
5254 5253 5255
5254 5255 5256
5257 5258 5259
5257 5259 5260
5260 5259 5261
5260 5261 5262
5262 5261 5263
5262 5263 5264
5264 5263 5265
5264 5265 5266
5266 5265 5267
5266 5267 5268
5269 5270 5271
5269 5271 5272
5273 5274 5275
5273 5276 5274
5277 5276 5273
5277 5278 5276
5279 5278 5277
5279 5280 5278
5281 5280 5279
5281 5282 5280
5283 5282 5281
5283 5284 5282
5285 5286 5287
5285 5287 5288
5288 5287 5289
5288 5289 5290
5291 5292 5293
5291 5293 5294
5295 5296 5297
5295 5297 5298
5298 5299 5295
5298 5300 5299
5301 5300 5298
5301 5302 5300
5298 5297 5303
5298 5303 5301
5304 5302 5301
5304 5305 5302
5301 5303 5306
5301 5306 5304
5307 5305 5304
5307 5308 5305
5304 5306 5309
5304 5309 5307
5306 5310 5309
5306 5311 5310
5303 5311 5306
5303 5312 5311
5297 5312 5303
5297 5313 5312
5314 5313 5297
5314 5315 5313
5316 5317 5307
5316 5318 5317
5307 5319 5316
5307 5320 5319
5321 5318 5316
5321 5322 5318
5320 5323 5319
5320 5324 5323
5319 5323 5325
5316 5319 5326
5319 5325 5326
5316 5326 5321
5326 5325 5327
5326 5327 5328
5321 5326 5328
5328 5327 5329
5328 5329 5330
5331 5322 5321
5321 5328 5331
5331 5328 5330
5331 5330 5332
5331 5333 5322
5334 5333 5331
5334 5335 5333
5336 5337 5338
5336 5339 5337
5340 5339 5336
5339 5341 5337
5340 5342 5339
5339 5343 5341
5342 5343 5339
5342 5344 5343
5345 5346 5347
5345 5347 5348
5349 5345 5348
5349 5348 5350
5351 5349 5350
5351 5350 5352
5353 5354 5355
5353 5355 5356
5357 5353 5356
5357 5356 5358
5359 5357 5358
5359 5358 5360
5361 5362 5363
5361 5363 5364
5365 5361 5364
5365 5364 5366
5367 5365 5366
5367 5366 5368
5369 5370 5371
5369 5371 5372
5373 5369 5372
5373 5372 5374
5375 5376 5377
5375 5377 5378
5379 5375 5378
5379 5380 5375
5381 5380 5379
5381 5379 5382
5383 5381 5382
5383 5384 5381
5385 5384 5383
5385 5386 5384
5387 5386 5385
5388 5389 5390
5388 5390 5391
5392 5388 5391
5392 5391 5393
5394 5392 5393
5394 5393 5395
5396 5397 5398
5396 5398 5399
5400 5396 5399
5400 5399 5401
5402 5400 5401
5402 5401 5403
5404 5405 5406
5404 5406 5407
5407 5408 5404
5407 5406 5409
5407 5410 5408
5407 5409 5411
5411 5410 5407
5411 5409 5412
5411 5413 5410
5411 5412 5414
5414 5413 5411
5414 5415 5413
5415 5416 5417
5415 5417 5418
5418 5417 5419
5418 5419 5420
5420 5419 5421
5420 5421 5422
5423 5424 5425
5423 5426 5424
5427 5426 5423
5427 5428 5426
5429 5430 5431
5429 5432 5430
5433 5432 5429
5433 5434 5432
5435 5434 5433
5435 5436 5434
5437 5436 5435
5429 5438 5433
5437 5439 5436
5429 5440 5438
5441 5440 5429
5441 5442 5440
5442 5443 5440
5442 5444 5443
5440 5443 5445
5440 5445 5438
5438 5445 5446
5438 5446 5447
5447 5446 5448
5447 5448 5449
5450 5447 5449
5450 5449 5437
5449 5448 5451
5449 5451 5452
5437 5449 5452
5452 5451 5453
5452 5453 5454
5455 5452 5454
5437 5452 5455
5455 5439 5437
5455 5456 5439
5457 5458 5459
5457 5459 5460
5460 5461 5457
5460 5459 5462
5460 5463 5461
5463 5464 5461
5463 5465 5464
5460 5462 5466
5466 5463 5460
5466 5462 5467
5468 5465 5463
5466 5468 5463
5468 5469 5465
5466 5467 5470
5470 5468 5466
5470 5467 5471
5470 5471 5472
5473 5469 5468
5470 5473 5468
5472 5473 5470
5473 5474 5469
5472 5475 5473
5475 5474 5473
5475 5476 5474
5477 5478 5479
5477 5480 5478
5480 5481 5478
5480 5482 5481
5482 5483 5481
5482 5484 5483
5485 5486 5487
5485 5488 5486
5488 5489 5486
5488 5490 5489
5490 5491 5489
5490 5492 5491
5493 5494 5495
5493 5496 5494
5496 5497 5494
5496 5498 5497
5499 5497 5498
5499 5500 5497
5501 5502 5503
5501 5503 5504
5501 5504 5505
5501 5505 5506
5507 5506 5505
5507 5505 5508
5509 5507 5508
5509 5508 5510
5509 5510 5511
5509 5511 5512
5511 5513 5512
5511 5514 5513
5515 5516 5517
5515 5518 5516
5516 5518 5519
5516 5519 5520
5519 5521 5520
5519 5522 5521
5522 5523 5521
5522 5524 5523
5524 5525 5523
5524 5526 5525
5527 5528 5529
5527 5529 5530
5531 5527 5530
5531 5530 5532
5533 5534 5535
5533 5536 5534
5537 5536 5533
5537 5538 5536
5539 5538 5537
5539 5540 5538
5541 5542 5543
5541 5544 5542
5545 5544 5541
5545 5546 5544
5547 5546 5545
5547 5548 5546
5549 5550 5551
5549 5552 5550
5553 5552 5549
5553 5554 5552
5553 5555 5554
5553 5556 5555
5557 5558 5559
5557 5560 5558
5561 5560 5557
5561 5562 5560
5563 5562 5561
5563 5564 5562
5565 5566 5567
5565 5568 5566
5569 5568 5565
5569 5570 5568
5571 5570 5569
5571 5572 5570
5573 5574 5575
5573 5575 5576
5577 5573 5576
5577 5576 5578
5579 5577 5578
5579 5578 5580
5581 5582 5583
5581 5584 5582
5584 5585 5582
5584 5586 5585
5586 5587 5585
5586 5588 5587
5589 5590 5591
5589 5591 5592
5593 5589 5592
5593 5592 5594
5595 5593 5594
5595 5594 5596
5597 5598 5599
5597 5600 5598
5600 5601 5598
5600 5602 5601
5602 5603 5601
5602 5604 5603
5605 5606 5607
5605 5607 5608
5609 5605 5608
5609 5608 5610
5611 5609 5610
5611 5610 5612
5613 5614 5615
5613 5616 5614
5616 5617 5614
5616 5618 5617
5618 5619 5617
5618 5620 5619
5621 5622 5623
5621 5623 5624
5625 5626 5627
5625 5628 5626
5628 5629 5626
5628 5630 5629
5630 5631 5629
5630 5632 5631
5632 5633 5631
5632 5634 5633
5633 5634 5635
5633 5635 5636
5635 5637 5636
5635 5638 5637
5637 5638 5639
5637 5639 5640
5640 5639 5641
5640 5641 5642
5641 5643 5642
5644 5642 5643
5641 5645 5643
5645 5646 5643
5645 5647 5646
5647 5648 5646
5648 5649 5646
5649 5650 5646
5651 5652 5653
5651 5653 5654
5655 5651 5654
5655 5654 5656
5657 5655 5656
5657 5656 5658
5659 5657 5658
5659 5660 5657
5661 5660 5659
5661 5659 5662
5663 5661 5662
5663 5664 5661
5665 5664 5663
5665 5663 5666
5665 5666 5667
5665 5667 5668
5666 5669 5667
5670 5668 5667
5671 5667 5669
5671 5669 5672
5673 5671 5672
5673 5674 5671
5674 5673 5675
5671 5676 5667
5670 5667 5676
5677 5670 5676
5674 5675 5678
5677 5676 5678
5678 5675 5679
5677 5678 5679
5680 5681 5682
5680 5683 5681
5683 5684 5681
5683 5685 5684
5686 5687 5688
5686 5688 5689
5690 5686 5689
5690 5689 5691
5692 5693 5694
5695 5693 5692
5695 5692 5696
5697 5695 5696
5698 5699 5700
5698 5700 5701
5701 5700 5702
5701 5702 5703
5703 5702 5704
5703 5704 5705
5706 5707 5708
5706 5708 5709
5709 5708 5710
5709 5710 5711
5711 5710 5712
5711 5712 5713
5714 5715 5716
5714 5716 5717
5718 5719 5720
5718 5721 5719
5722 5721 5718
5721 5723 5719
5722 5724 5721
5721 5725 5723
5724 5725 5721
5725 5726 5723
5724 5727 5725
5725 5728 5726
5727 5728 5725
5728 5729 5726
5727 5730 5728
5728 5731 5729
5730 5731 5728
5730 5732 5731
5731 5733 5729
5732 5734 5731
5731 5734 5733
5732 5735 5734
5734 5735 5736
5733 5734 5737
5734 5736 5737
5733 5737 5738
5737 5736 5739
5738 5737 5740
5737 5739 5740
5738 5740 5741
5740 5742 5741
5739 5743 5740
5740 5744 5742
5740 5743 5744
5744 5745 5742
5744 5746 5745
5743 5746 5744
5743 5747 5746
5747 5748 5746
5747 5749 5748
5746 5750 5751
5746 5752 5750
5752 5753 5750
5752 5754 5753
5754 5755 5753
5754 5756 5755
5756 5757 5758
5756 5759 5757
5759 5760 5757
5759 5761 5760
5761 5762 5760
5761 5763 5762
5762 5763 5764
5762 5764 5765
5765 5764 5766
5765 5766 5767
5766 5768 5767
5766 5769 5768
5769 5770 5768
5769 5771 5770
5771 5772 5770
5771 5773 5772
5773 5774 5772
5773 5775 5774
5775 5776 5777
5775 5777 5778
5779 5780 5781
5779 5781 5782
5782 5781 5783
5782 5783 5784
5784 5783 5785
5784 5785 5786
5786 5785 5787
5786 5787 5788
5788 5787 5789
5788 5789 5790
5791 5790 5789
5791 5789 5792
5793 5791 5792
5793 5794 5791
5795 5796 5797
5795 5797 5798
5799 5800 5801
5799 5801 5802
5801 5803 5802
5803 5804 5802
5805 5804 5803
5806 5799 5802
5807 5799 5806
5808 5807 5806
5808 5806 5809
5806 5802 5810
5810 5809 5806
5810 5802 5804
5810 5811 5809
5812 5809 5811
5805 5813 5804
5814 5813 5805
5810 5804 5815
5815 5811 5810
5812 5811 5816
5817 5812 5816
5815 5818 5811
5816 5811 5818
5819 5815 5804
5818 5815 5819
5804 5813 5820
5819 5804 5820
5817 5816 5821
5822 5817 5821
5816 5818 5823
5823 5821 5816
5824 5820 5813
5814 5824 5813
5825 5819 5820
5824 5825 5820
5818 5819 5826
5826 5823 5818
5823 5827 5821
5822 5821 5827
5825 5828 5819
5826 5819 5828
5829 5825 5824
5828 5825 5829
5830 5824 5814
5830 5831 5824
5826 5832 5823
5827 5823 5832
5826 5828 5833
5833 5832 5826
5828 5829 5834
5834 5833 5828
5835 5834 5829
5834 5836 5833
5836 5834 5835
5833 5837 5832
5837 5833 5836
5827 5832 5838
5837 5838 5832
5830 5814 5839
5814 5840 5839
5841 5839 5840
5841 5842 5839
5830 5839 5842
5842 5841 5843
5830 5842 5844
5831 5830 5844
5831 5844 5845
5842 5843 5846
5844 5842 5846
5847 5846 5843
5848 5845 5844
5844 5846 5848
5848 5849 5845
5849 5848 5850
5846 5850 5848
5849 5850 5851
5847 5852 5846
5846 5852 5850
5852 5847 5853
5851 5850 5854
5851 5854 5855
5856 5850 5852
5852 5853 5856
5856 5854 5850
5855 5854 5857
5857 5854 5856
5855 5857 5858
5859 5856 5853
5859 5857 5856
5859 5853 5860
5859 5860 5861
5862 5857 5859
5862 5859 5863
5859 5861 5863
5862 5863 5864
5864 5865 5862
5862 5865 5866
5862 5866 5867
5868 5862 5867
5858 5857 5869
5862 5869 5857
5869 5862 5868
5858 5869 5870
5871 5870 5869
5869 5868 5872
5871 5869 5872
5872 5868 5873
5874 5872 5873
5871 5872 5874
5871 5874 5875
5871 5875 5876
5876 5875 5877
5878 5876 5877
5878 5879 5876
5880 5879 5878
5880 5881 5879
5882 5879 5881
5882 5881 5883
5882 5883 5884
5882 5884 5885
5876 5879 5886
5882 5886 5879
5882 5885 5887
5887 5885 5888
5882 5887 5889
5882 5889 5886
5887 5888 5890
5890 5889 5887
5890 5888 5891
5890 5891 5892
5892 5891 5893
5892 5893 5894
5890 5895 5889
5892 5895 5890
5896 5892 5894
5892 5896 5895
5896 5894 5897
5898 5886 5889
5895 5898 5889
5899 5896 5897
5899 5897 5900
5896 5901 5895
5895 5901 5898
5896 5899 5901
5902 5901 5899
5902 5898 5901
5903 5899 5900
5902 5899 5903
5904 5902 5903
5903 5900 5905
5904 5903 5905
5898 5906 5886
5876 5886 5906
5907 5906 5898
5902 5907 5898
5876 5906 5908
5907 5908 5906
5876 5908 5909
5871 5876 5909
5907 5910 5908
5910 5909 5908
5911 5871 5909
5910 5911 5909
5911 5912 5871
5913 5912 5911
5913 5914 5912
5902 5915 5907
5907 5915 5910
5916 5911 5910
5916 5913 5911
5917 5914 5913
5917 5918 5914
5910 5915 5919
5910 5919 5916
5920 5913 5916
5920 5917 5913
5918 5917 5921
5918 5921 5922
5923 5916 5919
5923 5920 5916
5920 5923 5924
5917 5920 5925
5917 5925 5921
5920 5924 5925
5926 5922 5921
5926 5927 5922
5928 5923 5919
5928 5924 5923
5915 5929 5919
5928 5919 5929
5930 5921 5925
5930 5926 5921
5931 5927 5926
5931 5932 5927
5933 5932 5931
5835 5933 5931
5934 5931 5926
5835 5931 5934
5934 5926 5930
5925 5935 5930
5925 5924 5935
5936 5835 5934
5936 5836 5835
5937 5934 5930
5937 5930 5935
5936 5934 5937
5936 5938 5836
5837 5836 5938
5939 5837 5938
5837 5939 5838
5936 5940 5938
5939 5938 5940
5941 5936 5937
5936 5941 5940
5935 5942 5937
5941 5937 5942
5939 5943 5838
5940 5944 5939
5939 5944 5943
5945 5940 5941
5940 5945 5944
5946 5941 5942
5945 5941 5946
5838 5943 5947
5838 5947 5827
5822 5827 5947
5948 5822 5947
5943 5948 5947
5948 5949 5822
5950 5949 5948
5944 5951 5943
5943 5951 5948
5945 5952 5944
5944 5952 5951
5950 5948 5953
5953 5948 5951
5945 5954 5952
5954 5945 5946
5952 5955 5951
5953 5951 5955
5955 5952 5954
5956 5950 5953
5956 5957 5950
5958 5957 5956
5953 5955 5959
5953 5959 5956
5960 5958 5956
5960 5956 5959
5961 5958 5960
5955 5954 5962
5962 5959 5955
5963 5954 5946
5963 5962 5954
5960 5959 5964
5962 5964 5959
5961 5960 5965
5960 5964 5965
5964 5962 5966
5965 5964 5966
5963 5966 5962
5967 5961 5965
5965 5966 5967
5967 5968 5961
5963 5946 5969
5946 5942 5969
5970 5969 5942
5935 5970 5942
5963 5969 5971
5970 5971 5969
5966 5963 5972
5971 5972 5963
5973 5970 5935
5973 5935 5924
5974 5971 5970
5971 5974 5972
5974 5970 5973
5966 5972 5975
5966 5975 5967
5968 5967 5976
5968 5976 5977
5977 5976 5978
5979 5972 5974
5979 5975 5972
5967 5975 5980
5967 5980 5976
5979 5980 5975
5976 5981 5978
5976 5980 5981
5982 5978 5981
5983 5974 5973
5979 5974 5983
5984 5981 5980
5984 5980 5979
5982 5981 5985
5985 5981 5984
5986 5982 5985
5983 5973 5987
5924 5987 5973
5988 5979 5983
5988 5984 5979
5988 5983 5987
5985 5984 5989
5986 5985 5989
5988 5989 5984
5986 5989 5990
5990 5991 5986
5988 5992 5989
5990 5989 5992
5990 5993 5991
5994 5991 5993
5924 5995 5987
5928 5995 5924
5988 5987 5996
5996 5992 5988
5990 5992 5997
5990 5997 5993
5998 5994 5993
5998 5999 5994
5987 5995 6000
5987 6000 5996
5996 6001 5992
6001 5997 5992
6000 6001 5996
6002 5993 5997
6001 6002 5997
6002 5998 5993
6003 5995 5928
6003 6000 5995
6004 5999 5998
6004 6005 5999
6006 6005 6004
6006 6004 6007
6008 6007 6004
6009 6004 5998
6008 6004 6009
6009 5998 6002
6010 6008 6009
6002 6010 6009
6010 6011 6008
5928 6012 6003
5928 5929 6012
6002 6013 6010
6002 6001 6013
6000 6013 6001
6011 6010 6014
6013 6014 6010
6011 6014 6015
6014 6016 6015
6000 6003 6017
6000 6017 6013
6013 6017 6014
6012 6017 6003
6014 6018 6016
6017 6018 6014
6012 6019 6017
6017 6019 6018
6016 6018 6020
6016 6020 6021
6020 5905 6021
5904 5905 6020
6018 5904 6020
6018 6019 5904
6012 5904 6019
6012 6022 5904
5929 6022 6012
5904 6022 5902
5929 6023 6022
6022 6023 5902
5915 6023 5929
5902 6023 5915
6024 6025 6026
6024 6027 6025
6025 6027 6028
6028 6027 6029
6030 6028 6029
6031 6027 6024
6032 6031 6024
6033 6031 6032
6033 6034 6031
6031 6035 6027
6035 6031 6034
6035 6029 6027
6035 6034 6036
6037 6036 6034
6030 6029 6038
6039 6030 6038
6035 6040 6029
6040 6035 6036
6037 6041 6036
6042 6041 6037
6040 6036 6043
6041 6043 6036
6044 6029 6040
6043 6044 6040
6029 6045 6038
6044 6045 6029
6042 6046 6041
6047 6046 6042
6041 6048 6043
6048 6041 6046
6049 6038 6045
6039 6038 6049
6050 6045 6044
6049 6045 6050
6043 6051 6044
6051 6043 6048
6048 6046 6052
6047 6052 6046
6050 6044 6053
6051 6053 6044
6054 6049 6050
6053 6054 6050
6055 6039 6049
6055 6049 6056
6051 6048 6057
6052 6057 6048
6051 6058 6053
6058 6051 6057
6053 6059 6054
6059 6053 6058
6060 6054 6059
6059 6058 6061
6061 6060 6059
6058 6057 6062
6062 6061 6058
6052 6063 6057
6062 6057 6063
6055 6064 6039
6039 6064 6065
6066 6065 6064
6066 6064 6067
6055 6067 6064
6067 6068 6066
6055 6069 6067
6056 6069 6055
6056 6070 6069
6067 6071 6068
6069 6071 6067
6072 6068 6071
6073 6069 6070
6069 6073 6071
6073 6070 6074
6074 6075 6073
6071 6073 6075
6074 6076 6075
6072 6071 6077
6071 6075 6077
6077 6078 6072
6076 6079 6075
6076 6080 6079
6081 6077 6075
6077 6081 6078
6081 6075 6079
6080 6082 6079
6081 6079 6082
6080 6083 6082
6084 6078 6081
6084 6081 6082
6084 6085 6078
6084 6086 6085
6087 6084 6082
6087 6088 6084
6084 6088 6086
6087 6089 6088
6089 6087 6090
6087 6091 6090
6087 6092 6091
6093 6092 6087
6083 6094 6082
6087 6082 6094
6094 6093 6087
6083 6095 6094
6096 6094 6095
6094 6097 6093
6096 6097 6094
6097 6098 6093
6099 6098 6097
6096 6099 6097
6096 6100 6099
6096 6101 6100
6101 6102 6100
6103 6102 6101
6103 6101 6104
6105 6103 6104
6105 6104 6106
6107 6106 6104
6107 6108 6106
6107 6109 6108
6107 6110 6109
6101 6111 6104
6107 6104 6111
6107 6112 6110
6112 6113 6110
6107 6114 6112
6107 6111 6114
6112 6115 6113
6115 6112 6114
6115 6116 6113
6115 6117 6116
6117 6118 6116
6117 6119 6118
6115 6114 6120
6117 6115 6120
6121 6119 6117
6117 6120 6121
6121 6122 6119
6123 6114 6111
6120 6114 6123
6124 6122 6121
6124 6125 6122
6121 6120 6126
6120 6123 6126
6121 6126 6124
6127 6124 6126
6127 6126 6123
6128 6125 6124
6127 6128 6124
6129 6128 6127
6128 6130 6125
6129 6130 6128
6123 6111 6131
6101 6131 6111
6132 6123 6131
6127 6123 6132
6101 6133 6131
6132 6131 6133
6101 6134 6133
6096 6134 6101
6132 6133 6135
6135 6133 6134
6136 6134 6096
6135 6134 6136
6136 6096 6137
6138 6136 6137
6138 6137 6139
6127 6132 6140
6132 6135 6140
6141 6135 6136
6141 6136 6138
6142 6138 6139
6142 6139 6143
6135 6144 6140
6135 6141 6144
6145 6141 6138
6145 6138 6142
6143 6146 6142
6143 6147 6146
6148 6144 6141
6148 6141 6145
6145 6149 6148
6142 6150 6145
6142 6146 6150
6145 6150 6149
6151 6146 6147
6151 6147 6152
6153 6144 6148
6153 6148 6149
6140 6144 6154
6153 6154 6144
6155 6150 6146
6155 6146 6151
6156 6151 6152
6156 6152 6157
6158 6156 6157
6060 6156 6158
6159 6151 6156
6060 6159 6156
6159 6155 6151
6150 6155 6160
6150 6160 6149
6161 6159 6060
6161 6060 6061
6162 6155 6159
6162 6160 6155
6161 6162 6159
6161 6061 6163
6062 6163 6061
6164 6163 6062
6062 6063 6164
6161 6163 6165
6164 6165 6163
6166 6162 6161
6161 6165 6166
6160 6162 6167
6166 6167 6162
6164 6063 6168
6165 6164 6169
6164 6168 6169
6170 6166 6165
6165 6169 6170
6171 6167 6166
6170 6171 6166
6063 6172 6168
6063 6052 6172
6047 6172 6052
6173 6172 6047
6168 6172 6173
6173 6047 6174
6175 6173 6174
6175 6176 6173
6168 6173 6177
6176 6177 6173
6169 6168 6177
6176 6178 6177
6169 6177 6179
6170 6169 6179
6179 6177 6178
6170 6179 6180
6178 6180 6179
6178 6181 6180
6180 6171 6170
6182 6180 6181
6182 6171 6180
6182 6181 6183
6182 6184 6171
6171 6184 6167
6183 6185 6182
6183 6186 6185
6187 6167 6184
6160 6167 6187
6182 6188 6184
6188 6182 6185
6187 6184 6188
6189 6185 6186
6189 6186 6190
6188 6185 6191
6191 6187 6188
6189 6191 6185
6192 6160 6187
6191 6192 6187
6192 6149 6160
6193 6192 6191
6189 6193 6191
6194 6189 6190
6194 6190 6195
6196 6194 6195
6149 6192 6197
6193 6197 6192
6198 6193 6189
6198 6189 6194
6198 6197 6193
6196 6199 6194
6198 6194 6199
6200 6199 6196
6200 6201 6199
6201 6200 6202
6198 6199 6203
6201 6203 6199
6201 6202 6204
6205 6204 6202
6149 6197 6206
6153 6149 6206
6198 6207 6197
6207 6198 6203
6201 6208 6203
6201 6204 6208
6209 6204 6205
6209 6205 6210
6197 6211 6206
6197 6207 6211
6207 6203 6212
6212 6203 6208
6211 6207 6212
6213 6208 6204
6212 6208 6213
6213 6204 6209
6214 6153 6206
6214 6206 6211
6215 6209 6210
6215 6210 6216
6217 6215 6216
6217 6218 6215
6219 6215 6218
6220 6209 6215
6219 6220 6215
6220 6213 6209
6221 6220 6219
6213 6220 6221
6221 6219 6222
6153 6214 6223
6153 6223 6154
6211 6224 6214
6223 6214 6224
6213 6221 6225
6211 6225 6224
6213 6225 6212
6211 6212 6225
6222 6226 6221
6225 6221 6226
6225 6226 6224
6222 6227 6226
6226 6227 6228
6224 6226 6229
6226 6228 6229
6223 6224 6230
6224 6229 6230
6228 6231 6229
6228 6232 6231
6231 6232 6130
6129 6231 6130
6229 6231 6129
6229 6129 6230
6223 6230 6129
6223 6129 6233
6154 6223 6233
6129 6127 6233
6154 6233 6234
6233 6127 6234
6140 6154 6234
6127 6140 6234
6235 6236 6237
6238 6236 6235
6239 6236 6238
6239 6238 6240
6241 6239 6240
6238 6242 6240
6241 6240 6242
6241 6243 6239
6241 6244 6243
6241 6245 6244
6241 6246 6245
6238 6247 6242
6241 6248 6246
6241 6242 6248
6248 6249 6246
6242 6247 6250
6247 6251 6250
6252 6250 6251
6252 6253 6250
6254 6253 6252
6248 6255 6249
6256 6248 6242
6248 6256 6255
6256 6257 6255
6258 6249 6255
6258 6255 6257
6258 6259 6249
6242 6250 6260
6256 6242 6260
6250 6261 6260
6261 6256 6260
6250 6253 6261
6261 6257 6256
6254 6262 6253
6261 6253 6262
6259 6258 6263
6259 6263 6264
6265 6264 6263
6265 6263 6266
6266 6267 6265
6268 6263 6258
6268 6266 6263
6258 6257 6269
6268 6258 6269
6269 6270 6268
6254 6271 6262
6254 6272 6271
6271 6272 6273
6271 6273 6274
6274 6273 6275
6262 6271 6276
6276 6271 6274
6268 6277 6266
6277 6268 6270
6257 6278 6269
6269 6278 6270
6274 6275 6279
6280 6279 6275
6281 6274 6279
6281 6279 6280
6262 6276 6282
6261 6262 6282
6282 6257 6261
6282 6283 6257
6282 6276 6283
6257 6283 6278
6276 6274 6284
6283 6276 6284
6281 6284 6274
6278 6283 6285
6283 6284 6285
6270 6278 6286
6278 6285 6286
6285 6284 6287
6287 6284 6281
6281 6280 6288
6288 6280 6289
6288 6289 6290
6286 6285 6291
6291 6285 6287
6292 6287 6281
6292 6281 6288
6291 6287 6292
6293 6286 6291
6270 6286 6293
6294 6291 6292
6293 6291 6294
6295 6292 6288
6294 6292 6295
6288 6290 6296
6295 6288 6296
6297 6296 6290
6295 6296 6297
6297 6290 6298
6299 6297 6298
6270 6293 6300
6300 6293 6294
6294 6295 6301
6295 6297 6301
6302 6297 6299
6301 6297 6302
6294 6301 6303
6300 6294 6303
6270 6300 6304
6277 6270 6304
6303 6301 6305
6301 6302 6305
6306 6300 6303
6303 6305 6306
6304 6300 6306
6307 6277 6304
6266 6277 6307
6306 6305 6308
6305 6302 6308
6304 6306 6309
6307 6304 6309
6309 6306 6308
6302 6299 6310
6310 6299 6311
6302 6310 6312
6312 6310 6311
6302 6312 6308
6312 6311 6313
6309 6308 6314
6314 6308 6312
6315 6312 6313
6314 6312 6315
6315 6313 6316
6317 6315 6316
6318 6309 6314
6318 6307 6309
6319 6314 6315
6317 6319 6315
6319 6318 6314
6317 6320 6319
6320 6318 6319
6317 6321 6320
6320 6321 6322
6320 6322 6323
6324 6323 6322
6320 6325 6318
6323 6325 6320
6318 6326 6307
6318 6325 6326
6327 6323 6324
6327 6324 6328
6323 6329 6325
6326 6325 6329
6327 6329 6323
6326 6329 6327
6326 6330 6307
6266 6307 6330
6266 6330 6267
6331 6330 6326
6331 6267 6330
6326 6327 6331
6332 6267 6331
6331 6327 6333
6327 6328 6333
6334 6332 6331
6331 6333 6334
6334 6335 6332
6336 6335 6334
6337 6336 6334
6338 6334 6333
6328 6338 6333
6338 6337 6334
6328 6339 6338
6328 6340 6339
6340 6341 6339
6339 6341 6342
6339 6342 6343
6344 6339 6343
6344 6338 6339
6344 6345 6338
6345 6337 6338
6345 6344 6346
6345 6347 6337
6348 6337 6347
6349 6348 6347
6349 6350 6348
6349 6351 6350
6352 6350 6351
6346 6353 6345
6346 6354 6353
6352 6351 6355
6356 6352 6355
6355 6357 6356
6355 6358 6357
6353 6354 6359
6360 6353 6359
6361 6360 6359
6362 6361 6359
6361 6362 6363
6364 6360 6361
6361 6363 6365
6363 6366 6365
6364 6361 6367
6368 6364 6367
6368 6369 6364
6361 6370 6367
6361 6365 6370
6370 6368 6367
6370 6371 6368
6368 6371 6372
6373 6369 6368
6368 6372 6373
6373 6374 6369
6375 6374 6373
6376 6373 6372
6375 6373 6376
6376 6372 6377
6375 6376 6378
6378 6379 6375
6380 6376 6377
6380 6378 6376
6381 6379 6378
6382 6379 6381
6378 6380 6383
6378 6383 6381
6383 6380 6384
6381 6383 6385
6381 6385 6386
6381 6386 6387
6382 6381 6387
6388 6382 6387
6377 6389 6390
6391 6390 6389
6391 6389 6392
6391 6392 6393
6377 6390 6394
6395 6377 6394
6396 6390 6391
6396 6391 6397
6398 6390 6396
6398 6394 6390
6391 6399 6397
6398 6400 6394
6395 6394 6400
6401 6400 6398
6391 6393 6402
6399 6391 6402
6393 6403 6402
6403 6399 6402
6393 6365 6403
6403 6404 6399
6400 6405 6395
6395 6405 6406
6401 6407 6400
6400 6407 6405
6407 6408 6405
6409 6408 6407
6410 6407 6401
6409 6407 6411
6410 6411 6407
6412 6411 6410
6403 6365 6413
6365 6414 6413
6403 6413 6415
6415 6416 6403
6416 6404 6403
6404 6416 6417
6416 6418 6417
6419 6417 6418
6419 6418 6420
6419 6420 6421
6419 6421 6422
6422 6421 6423
6424 6422 6423
6424 6425 6422
6419 6422 6426
6419 6426 6427
6419 6427 6428
6428 6427 6429
6430 6428 6429
6430 6429 6431
6432 6430 6431
6432 6431 6433
6432 6433 6434
6434 6433 6435
6435 6436 6434
6435 6437 6436
6438 6439 6440
6438 6440 6441
6442 6438 6441
6443 6442 6441
6440 6444 6441
6440 6445 6444
6444 6445 6446
6444 6446 6447
6447 6448 6444
6441 6444 6448
6447 6449 6448
6450 6448 6449
6443 6441 6451
6441 6448 6451
6452 6443 6451
6450 6453 6448
6451 6448 6453
6452 6451 6454
6451 6453 6454
6455 6452 6454
6456 6453 6450
6454 6453 6456
6456 6450 6457
6458 6456 6457
6455 6454 6459
6454 6456 6459
6460 6455 6459
6461 6460 6459
6462 6461 6459
6462 6459 6456
6458 6462 6456
6463 6462 6458
6462 6463 6464
6462 6464 6465
6465 6464 6466
6467 6465 6466
6467 6466 6468
6469 6467 6468
6469 6468 6470
6471 6469 6470
6471 6472 6469
6473 6472 6471
6473 6471 6474
6475 6473 6474
6475 6476 6473
6477 6476 6475
6477 6475 6478
6479 6477 6478
6479 6478 6480
6481 6479 6480
6481 6480 6482
6483 6481 6482
6483 6482 6484
6484 6485 6483
6486 6485 6484
6487 6485 6486
6488 6487 6486
6488 6486 6489
6488 6490 6491
6488 6491 6492
6492 6491 6493
6493 6491 6494
6493 6494 6495
6495 6494 6496
6495 6496 6497
6497 6496 6498
6497 6498 6499
6499 6498 6500
6499 6500 6501
6501 6500 6502
6501 6502 6503
6503 6502 6504
6503 6504 6505
6505 6504 6506
6505 6506 6507
6506 6508 6507
6506 6509 6508
6508 6509 6510
6508 6510 6511
6511 6510 6512
6511 6512 6513
6513 6512 6514
6513 6514 6515
6513 6515 6516
6517 6516 6515
6517 6518 6516
6517 6519 6518
6518 6519 6520
6516 6518 6521
6516 6521 6522
6521 6523 6522
6521 6524 6523
6518 6520 6525
6521 6518 6525
6524 6521 6526
6521 6525 6526
6524 6526 6527
6520 6528 6525
6526 6525 6528
6520 6529 6528
6530 6528 6529
6527 6526 6531
6526 6528 6531
6527 6531 6532
6530 6533 6528
6531 6528 6533
6533 6530 6534
6533 6534 6535
6532 6531 6536
6531 6533 6536
6536 6533 6535
6532 6536 6537
6536 6535 6538
6539 6537 6536
6538 6539 6536
6538 6540 6539
6541 6542 6543
6541 6543 6544
6544 6543 6545
6544 6545 6546
6546 6545 6547
6546 6547 6548
6548 6547 6549
6548 6549 6550
6550 6549 6551
6550 6551 6552
6553 6554 6555
6553 6556 6554
6557 6556 6553
6557 6558 6556
6557 6559 6558
6557 6560 6559
6560 6561 6559
6560 6562 6561
6563 6564 6565
6563 6566 6564
6567 6566 6563
6567 6568 6566
6569 6568 6567
6569 6570 6568
6571 6570 6569
6571 6572 6570
6573 6572 6571
6573 6574 6572
6575 6574 6573
6575 6576 6574
6577 6576 6575
6577 6578 6576
6579 6578 6577
6579 6580 6578
6581 6580 6579
6581 6582 6580
6583 6582 6581
6583 6584 6582
6585 6584 6583
6585 6586 6584
6587 6586 6585
6587 6588 6586
6587 6589 6588
6587 6590 6589
6591 6589 6590
6591 6590 6592
6593 6591 6592
6593 6592 6594
6595 6593 6594
6595 6594 6596
6597 6595 6596
6597 6596 6598
6599 6597 6598
6599 6598 6600
6601 6599 6600
6601 6600 6602
6603 6604 6605
6603 6605 6606
6607 6603 6606
6607 6606 6608
6609 6610 6611
6609 6612 6610
6613 6610 6612
6613 6614 6610
6615 6616 6617
6615 6618 6616
6616 6618 6619
6616 6619 6620
6620 6619 6621
6621 6619 6622
6623 6622 6619
6623 6624 6622
6623 6625 6624
6622 6624 6626
6621 6622 6627
6622 6626 6627
6621 6627 6628
6627 6626 6629
6628 6627 6629
6630 6631 6632
6630 6632 6633
6633 6632 6634
6633 6634 6635
6635 6634 6636
6635 6636 6637
6637 6636 6638
6637 6638 6639
6639 6638 6640
6639 6640 6641
6640 6642 6641
6640 6643 6642
6643 6644 6642
6643 6645 6644
6644 6645 6646
6644 6646 6647
6647 6646 6648
6649 6650 6651
6649 6651 6652
6653 6649 6652
6653 6654 6649
6655 6654 6653
6655 6653 6656
6657 6658 6659
6657 6660 6658
6658 6660 6661
6658 6661 6662
6661 6663 6662
6661 6664 6663
6664 6665 6663
6664 6666 6665
6666 6667 6665
6666 6668 6667
6669 6670 6671
6669 6672 6670
6672 6673 6670
6672 6674 6673
6674 6675 6673
6674 6676 6675
6676 6677 6675
6676 6678 6677
6678 6679 6677
6678 6680 6679
6680 6681 6679
6680 6682 6681
6682 6683 6681
6682 6684 6683
6685 6683 6684
6685 6686 6683
6687 6686 6685
6687 6685 6688
6687 6688 6689
6687 6689 6690
6689 6691 6690
6689 6692 6691
6692 6693 6691
6692 6694 6693
6695 6693 6694
6695 6696 6693
6697 6696 6695
6697 6695 6698
6697 6698 6699
6697 6699 6700
6701 6700 6699
6701 6702 6700
6700 6702 6703
6702 6704 6703
6701 6705 6702
6701 6706 6705
6707 6705 6706
6707 6706 6708
6709 6707 6708
6709 6708 6710
6711 6709 6710
6711 6712 6709
6713 6712 6711
6713 6711 6714
6715 6713 6714
6715 6716 6713
6717 6716 6715
6717 6715 6718
6719 6717 6718
6719 6720 6717
6721 6722 6723
6721 6723 6724
6725 6721 6724
6725 6726 6721
6727 6726 6725
6727 6725 6728
6729 6727 6728
6729 6728 6730
6731 6729 6730
6731 6730 6732
6733 6731 6732
6733 6732 6734
6735 6733 6734
6735 6736 6733
6737 6736 6735
6737 6735 6738
6739 6737 6738
6739 6738 6740
6741 6739 6740
6741 6740 6742
6743 6741 6742
6743 6742 6744
6745 6743 6744
6745 6744 6746
6747 6745 6746
6747 6746 6748
6749 6747 6748
6749 6748 6750
6751 6749 6750
6751 6750 6752
6753 6751 6752
6753 6754 6751
6755 6754 6753
6755 6756 6754
6757 6756 6755
6757 6758 6756
6759 6758 6757
6759 6760 6758
6761 6762 6763
6761 6763 6764
6763 6765 6764
6763 6766 6765
6767 6768 6769
6767 6769 6770
6769 6771 6770
6769 6772 6771
6773 6771 6772
6773 6774 6771
6775 6771 6774
6773 6776 6774
6773 6777 6776
6776 6777 6778
6779 6776 6778
6776 6779 6780
6776 6780 6774
6780 6775 6774
6780 6781 6775
6782 6783 6784
6782 6785 6783
6785 6786 6783
6785 6787 6786
6788 6789 6790
6788 6790 6791
6790 6792 6791
6790 6793 6792
6794 6795 6796
6795 6794 6797
6797 6798 6795
6794 6799 6797
6800 6801 6802
6800 6802 6803
6803 6802 6804
6804 6802 6805
6805 6802 6806
6802 6807 6806
6802 6808 6807
6809 6810 6811
6812 6809 6811
6811 6813 6812
6811 6814 6813
6815 6816 6817
6815 6817 6818
6815 6818 6819
6818 6817 6820
6818 6820 6821
6821 6820 6822
6821 6822 6823
6823 6822 6824
6823 6824 6825
6824 6822 6826
6827 6828 6829
6830 6828 6827
6831 6828 6830
6832 6828 6831
6833 6828 6832
6834 6828 6833
6834 6833 6835
6836 6837 6838
6838 6837 6839
6839 6837 6840
6840 6837 6841
6841 6837 6842
6842 6837 6843
6843 6837 6844
6837 6845 6844
6846 6847 6848
6849 6847 6846
6850 6847 6849
6851 6847 6850
6852 6847 6851
6853 6847 6852
6847 6853 6854
6855 6847 6854
6856 6857 6858
6856 6858 6859
6860 6861 6862
6863 6861 6860
6864 6865 6866
6866 6867 6864
6866 6868 6867
6868 6866 6869
6870 6867 6868
6868 6869 6871
6870 6868 6871
6871 6869 6872
6873 6870 6871
6871 6872 6874
6873 6871 6874
6875 6876 6877
6877 6878 6875
6879 6878 6877
6879 6877 6880
6880 6881 6879
6882 6881 6880
6882 6883 6881
6884 6883 6882
6884 6885 6883
6886 6885 6884
6886 6887 6885
6886 6888 6887
6886 6889 6888
6889 6890 6888
6889 6891 6890
6892 6893 6894
6895 6892 6894
6896 6892 6895
6896 6895 6897
6897 6898 6896
6896 6898 6899
6896 6899 6900
6900 6899 6901
6900 6901 6902
6902 6901 6903
6902 6903 6904
6903 6905 6904
6903 6906 6905
6906 6907 6905
6906 6908 6907
6909 6910 6911
6909 6911 6912
6913 6914 6915
6913 6916 6914
6917 6914 6916
6917 6918 6914
6917 6919 6918
6917 6920 6919
6921 6919 6920
6921 6922 6919
6921 6923 6922
6921 6924 6923
6924 6925 6923
6925 6924 6926
6925 6926 6927
6926 6928 6927
6928 6926 6929
6930 6931 6932
6930 6932 6933
6934 6930 6933
6933 6932 6935
6934 6933 6936
6933 6935 6937
6936 6933 6937
6936 6937 6938
6939 6940 6941
6941 6942 6939
6941 6943 6942
6944 6945 6946
6947 6945 6944
6948 6947 6944
6948 6949 6947
6949 6948 6950
6948 6951 6950
6948 6952 6951
6952 6953 6951
6952 6954 6953
6954 6955 6953
6954 6956 6955
6956 6957 6955
6956 6958 6957
6958 6959 6957
6958 6960 6959
6961 6962 6963
6961 6963 6964
6965 6961 6964
6965 6964 6966
6967 6965 6966
6967 6966 6968
6969 6967 6968
6969 6968 6970
6969 6970 6971
6972 6969 6971
6970 6973 6971
6974 6972 6971
6971 6973 6975
6974 6971 6976
6971 6975 6976
6977 6978 6979
6977 6979 6980
6981 6982 6983
6984 6982 6981
6984 6985 6982
6985 6984 6986
6985 6986 6987
6986 6988 6987
6986 6989 6988
6988 6989 6990
6988 6990 6991
6991 6990 6992
6991 6992 6993
6994 6995 6996
6994 6996 6997
6998 6999 7000
6998 7000 7001
7002 6998 7001
7002 7001 7003
7004 7002 7003
7004 7005 7002
7006 7005 7004
7006 7007 7005
7008 7007 7006
7009 7008 7006
7010 7008 7009
7008 7011 7007
7010 7012 7008
7012 7011 7008
7012 7013 7011
7014 7015 7016
7017 7014 7016
7017 7018 7014
7018 7019 7014
7017 7020 7018
7017 7021 7020
7020 7021 6704
7018 7022 7019
7020 7022 7018
7020 6704 7023
6702 7023 6704
7020 7024 7022
7024 7020 7023
6702 7025 7023
7024 7023 7025
6702 7026 7025
7024 7027 7022
7022 7027 7019
7025 7028 7024
7024 7028 7027
7026 7029 7025
7025 7029 7028
7030 7029 7026
7026 7031 7030
7031 7032 7030
7033 7030 7032
7034 7019 7027
7028 7034 7027
7029 7035 7028
7030 7035 7029
7033 7036 7030
7036 7033 7037
7038 7036 7037
7035 7039 7028
7028 7039 7034
7040 7035 7030
7040 7030 7036
7035 7040 7039
7041 7039 7040
7036 7042 7040
7038 7042 7036
7041 7040 7042
7034 7043 7019
7043 7044 7019
7043 7045 7044
7046 7045 7043
7039 7047 7034
7034 7047 7043
7041 7047 7039
7046 7043 7048
7043 7047 7048
7049 7046 7048
7050 7049 7048
7047 7051 7048
7050 7048 7051
7041 7051 7047
7050 7051 7052
7052 7051 7041
7053 7050 7052
7054 7041 7042
7038 7054 7042
7053 7052 7055
7056 7053 7055
7056 7055 7057
7052 7041 7058
7055 7052 7058
7054 7058 7041
7057 7055 7059
7055 7058 7059
7059 7058 7054
7057 7059 7060
7061 7060 7059
7062 7054 7038
7059 7054 7062
7061 7059 7062
7062 7038 7063
7064 7061 7062
7064 7062 7063
7065 7066 7067
7065 7067 7068
7069 7070 7071
7072 7069 7071
7073 7074 7075
7073 7075 7076
7076 7075 7077
7076 7077 7078
7078 7077 7079
7078 7079 7080
7080 7079 7081
7080 7081 7082
7083 7084 7085
7083 7086 7084
7086 7087 7084
7086 7088 7087
7088 7089 7087
7088 7090 7089
7090 7091 7089
7090 7092 7091
7093 7094 7095
7093 7095 7096
7097 7098 7099
7097 7099 7100
7101 7102 7103
7101 7103 7104
7105 7106 7107
7105 7107 7108
7109 7105 7108
7109 7108 7110
7109 7110 7111
7109 7111 7112
7113 7110 7108
7113 7108 7114
7113 7114 7115
7116 7112 7111
7117 7116 7111
7111 7110 7117
7117 7118 7116
7118 7117 7119
7110 7120 7117
7113 7120 7110
7120 7119 7117
7113 7121 7120
7120 7121 7119
7113 7122 7121
7123 7122 7113
7123 7124 7122
7125 7119 7121
7125 7121 7122
7125 7122 7126
7127 7126 7122
7127 7122 7128
7129 7125 7126
7129 7126 7130
7131 7130 7126
7131 7132 7130
7129 7133 7125
7134 7125 7133
7125 7134 7119
7134 7135 7119
7134 7133 7136
7137 7134 7136
7137 7138 7134
7134 7138 7135
7138 7137 7139
7138 7139 7140
7140 7135 7138
7140 7141 7135
7141 7142 7135
7119 7135 7143
7143 7118 7119
7142 7144 7135
7144 7143 7135
7142 7145 7144
7145 7146 7144
7146 7143 7144
7145 148 7146
7118 7143 7147
7146 7147 7143
148 7148 7146
148 160 7148
7148 160 161
7149 7118 7147
7149 7150 7118
7151 7147 7146
7151 7146 7148
7147 7152 7149
7147 7151 7152
7150 7149 7153
7112 7150 7153
7154 7112 7153
7155 7154 7153
7156 7153 7149
7155 7153 7156
7156 7149 7152
7156 7157 7155
7156 7158 7157
7158 7156 7152
7159 7157 7158
7151 7160 7152
7158 7152 7160
7161 7151 7148
7151 7161 7160
7159 7158 7162
7162 7158 7160
7159 7162 7163
7164 7159 7163
7162 7160 7165
7161 7165 7160
7163 7162 7165
7161 7148 7166
7148 161 7166
7167 7161 7166
7161 7167 7165
7166 161 7168
7167 7166 7168
161 162 7168
7168 162 7169
7168 7169 7170
7167 7168 7170
7170 7169 7171
7165 7167 7172
7167 7170 7172
7170 7171 7173
7173 7171 7174
7165 7172 7175
7163 7165 7175
7176 7172 7170
7175 7172 7176
7176 7170 7173
7174 7177 7173
7174 7178 7177
7177 7179 7173
7173 7179 7176
7177 7180 7179
7175 7176 7181
7163 7175 7181
7181 7176 7179
7180 7182 7179
7181 7179 7182
7180 7183 7182
7182 7183 7184
7163 7181 7185
7182 7185 7181
7182 7184 7185
7163 7185 7164
7184 7164 7185
7184 7186 7164
7187 7188 7189
7187 7189 7190
7191 7192 7193
7191 7193 7194
7195 7191 7194
7195 7194 7196
7195 7196 7197
7195 7197 7198
7199 7198 7197
7199 7200 7198
7200 7199 7201
7200 7201 7202
7202 7201 7203
7203 7201 7204
7205 7199 7197
7205 7201 7199
7206 7204 7201
7205 7206 7201
7206 7207 7204
7205 7197 7208
7208 7197 7196
7206 7205 7209
7208 7209 7205
7210 7207 7206
7206 7209 7210
7210 7211 7207
7212 7211 7210
7212 7213 7211
7210 7209 7214
7210 7214 7212
7208 7196 7215
7208 7216 7209
7216 7208 7215
7196 7217 7215
7196 7194 7217
7209 7216 7218
7214 7209 7218
7216 7215 7219
7217 7219 7215
7219 7218 7216
7194 7220 7217
7194 7221 7220
7217 7220 7222
7217 7222 7223
7217 7223 7219
7219 7224 7218
7219 7225 7224
7224 7225 7226
7226 7227 7224
7226 7228 7227
7229 7224 7227
7229 7218 7224
7214 7218 7229
7214 7229 7230
7212 7214 7230
7212 7230 7231
7213 7212 7231
7213 7231 7232
7213 7232 7233
7233 7232 7234
7235 7213 7233
7235 7236 7213
7237 7213 7236
7238 7237 7236
7238 7236 7239
7238 7239 7240
7236 7241 7239
7239 7241 7240
7236 7235 7241
7241 7242 7240
7234 7243 7233
7243 7234 7244
7245 7244 7234
7245 7246 7244
7247 7244 7246
7233 7248 7235
7233 7243 7248
7249 7241 7235
7249 7235 7248
7248 7250 7249
7243 7251 7248
7243 7244 7251
7248 7251 7250
7241 7252 7242
7241 7249 7252
7253 7251 7244
7251 7253 7250
7254 7244 7247
7253 7244 7254
7255 7254 7247
7255 7247 7256
7254 7255 7257
7254 7257 7253
7258 7253 7257
7258 7259 7253
7259 7250 7253
7260 7250 7259
7259 7261 7260
7261 7262 7260
7262 7263 7260
7263 7264 7260
7263 7265 7264
7265 7263 7266
7265 7266 7267
7267 7268 7265
7267 7269 7268
7265 7268 7270
7270 7264 7265
7270 7268 7271
7270 7271 7272
7270 7273 7264
7272 7273 7270
7264 7273 7274
108 7273 7272
108 7275 7273
7264 7275 7276
7277 7260 7264
7264 7276 7277
7260 7277 7278
7278 7277 7276
7278 7250 7260
7250 7278 7279
7278 7276 7279
7249 7250 7279
7249 7279 7252
7252 7279 7276
7272 7280 108
7280 7272 7281
107 108 7280
7282 107 7280
108 117 7275
7282 7280 7283
7280 7281 7284
7283 7280 7284
7283 7284 7285
7275 117 7286
7275 7286 7276
7286 117 118
7252 7276 7287
7276 7286 7287
7287 7242 7252
7287 7288 7242
7286 7289 7287
7289 7286 118
7289 118 7290
7291 7271 7281
7292 7293 7294
7292 7294 7295
7294 7296 7295
7294 7297 7296
7296 7297 7298
7296 7298 7299
7296 7299 7300
7301 7296 7300
7301 7302 7296
7296 7302 7303
7296 7303 7295
7303 7292 7295
7303 7304 7292
7292 7304 7305
7305 7304 7306
7305 7306 7307
7308 7306 7304
7309 7307 7306
7309 7310 7307
7311 7310 7309
7306 7312 7309
7311 7309 7313
7308 7314 7306
7306 7314 7312
7314 7315 7312
7316 7314 7308
7314 7317 7315
7316 7317 7314
7317 7318 7315
7316 7319 7317
7317 7319 7318
7316 7320 7319
7319 7321 7318
7320 7322 7319
7319 7322 7321
7321 7322 7323
7321 7323 7324
7320 7325 7322
7323 7322 7325
7323 7325 7326
7323 7327 7324
7328 7323 7326
7329 7327 7323
7329 7330 7327
7328 7331 7323
7329 7323 7331
7329 7332 7330
7332 7333 7330
7332 7334 7333
7332 7335 7334
7332 7336 7335
7336 7337 7335
7338 7337 7336
7339 7336 7332
7339 7332 7329
7338 7336 7339
7340 7339 7329
7338 7339 7340
7340 7329 7331
7338 7340 7341
7342 7341 7340
7343 7340 7331
7342 7340 7343
7343 7331 7344
7345 7343 7344
7328 7344 7331
7328 7345 7344
7328 7346 7345
7347 7345 7346
7347 7348 7345
7348 7349 7345
7350 7342 7343
7345 7350 7343
7350 7345 7349
7350 7351 7342
7351 7350 7349
7352 7353 7354
7352 7355 7353
7356 7353 7355
7356 7355 7357
7358 7356 7357
7359 7358 7357
7358 7360 7356
7358 7361 7360
7358 7362 7361
7362 7358 7359
7362 7359 7363
7359 7364 7363
7355 7365 7357
7359 7357 7365
7359 7366 7364
7359 7365 7367
7359 7367 7366
7368 7364 7366
7368 7369 7364
7370 7369 7368
7371 7368 7366
7371 7366 7367
7367 7372 7371
7365 7373 7367
7367 7373 7372
7355 7374 7365
7365 7374 7373
7370 7368 7375
7375 7368 7371
7376 7371 7372
7375 7371 7376
7370 7375 7377
7370 7377 7378
7377 7379 7378
7375 7376 7380
7375 7380 7377
7355 7381 7374
7355 7352 7381
7376 7372 7382
7382 7380 7376
7373 7374 7383
7384 7374 7381
7384 7383 7374
7372 7373 7385
7385 7373 7383
7377 7386 7379
7387 7377 7380
7387 7386 7377
7379 7386 7388
7379 7388 7389
7390 7380 7382
7390 7387 7380
7386 7387 7391
7386 7391 7388
7389 7388 7392
7389 7392 7393
7394 7388 7391
7394 7392 7388
7393 7392 7395
7393 7395 7396
7392 7394 7397
7392 7397 7395
7398 7396 7395
7398 7399 7396
7395 7400 7398
7395 7397 7400
7399 7398 7401
7401 7398 7400
7399 7401 7402
7387 7403 7391
7391 7404 7394
7391 7403 7404
7394 7405 7397
7394 7404 7405
7406 7400 7397
7406 7397 7405
7387 7407 7403
7407 7387 7390
7400 7406 7408
7400 7408 7409
7401 7408 7410
7401 7410 7411
7412 7410 7408
7412 7408 7413
7413 7408 7406
7413 7406 7414
7414 7406 7415
7415 7406 7405
7415 7405 7416
7404 7416 7405
7416 7404 7417
7404 7403 7417
7403 7418 7417
7403 7407 7418
7417 7418 7419
7417 7419 7420
7418 7407 7421
7407 7390 7421
7422 7419 7418
7422 7418 7421
7419 7423 7420
7424 7419 7422
7419 7424 7423
7425 7420 7423
7420 7425 7426
7425 7427 7426
7428 7426 7427
7427 7429 7428
7428 7429 7430
7429 7431 7430
7429 7432 7431
7433 7431 7432
7433 7432 7434
7434 7432 7435
7434 7435 7436
7437 7436 7435
7437 7435 7438
7438 7439 7437
7435 7440 7438
7432 7429 7440
7432 7440 7441
7438 7442 7439
7442 7438 7440
7442 7440 7443
7429 7444 7440
7442 7445 7439
7429 7427 7444
7442 7446 7445
7444 7446 7442
7446 7447 7445
7427 7448 7444
7444 7448 7446
7427 7425 7448
7446 7449 7447
7449 7446 7448
7450 7447 7449
7451 7448 7425
7449 7448 7451
7451 7425 7423
7452 7451 7423
7452 7423 7424
7453 7451 7452
7453 7449 7451
7450 7449 7453
7450 7453 7454
7450 7454 7455
7456 7454 7453
7454 7457 7455
7456 7458 7454
7424 7459 7456
7454 7458 7460
7461 7459 7424
7461 7460 7459
7424 7422 7461
7454 7462 7457
7454 7460 7462
7463 7461 7422
7421 7463 7422
7464 7457 7462
7464 7465 7457
7466 7465 7464
7462 7467 7464
7462 7460 7467
7468 7467 7460
7469 7460 7461
7461 7463 7469
7468 7460 7469
7466 7464 7470
7470 7464 7467
7471 7466 7470
7471 7472 7466
7471 7473 7472
7470 7467 7474
7474 7467 7468
7471 7470 7474
7475 7469 7463
7476 7468 7469
7476 7469 7475
7463 7477 7475
7478 7476 7475
7478 7475 7477
7476 7479 7468
7478 7479 7476
7463 7480 7477
7421 7480 7463
7480 7421 7390
7480 7390 7477
7382 7477 7390
7382 7478 7477
7478 7382 7372
7478 7372 7481
7478 7481 7479
7372 7385 7481
7482 7479 7481
7482 7481 7385
7482 7468 7479
7482 7385 7383
7482 7483 7468
7474 7468 7483
7482 7383 7484
7483 7482 7484
7384 7484 7383
7483 7485 7474
7471 7474 7485
7384 7486 7484
7381 7486 7384
7483 7484 7487
7487 7485 7483
7486 7487 7484
7471 7485 7488
7487 7488 7485
7381 7489 7486
7486 7489 7487
7490 7489 7381
7490 7381 7352
7352 7491 7490
7352 7492 7491
7487 7489 7493
7490 7493 7489
7493 7488 7487
7494 7493 7490
7494 7495 7493
7495 7488 7493
7495 7496 7488
7471 7488 7497
7497 7488 7496
7471 7497 7473
7497 7496 7498
7473 7497 7498
7473 7498 7499
7500 7501 7502
7500 7502 7503
7504 7505 7506
7504 7506 7507
7508 7509 7510
7508 7510 7511
295 7512 7513
295 191 7512
7514 7515 7516
7514 7516 7517
7517 7516 7518
7517 7518 7519
7514 7517 7520
7517 7519 7521
7522 7520 7517
7517 7521 7522
7520 7523 7514
7524 7514 7523
7524 7525 7514
7526 7521 7519
7526 7519 7527
7528 7527 7519
7528 7529 7527
7529 7530 7527
7526 7527 7530
7529 7531 7530
7526 7530 7532
7533 7526 7532
7533 7532 7534
7535 7521 7526
7535 7526 7533
7536 7533 7534
7536 7534 7537
7533 7536 7538
7533 7538 7535
7537 7539 7536
7537 7540 7539
7541 7536 7539
7542 7521 7535
7542 7522 7521
7543 7539 7540
7543 7540 7544
7535 7541 7545
7535 7545 7542
7541 7539 7546
7546 7539 7543
7547 7543 7544
7547 7544 7548
7549 7547 7548
7550 7545 7541
7550 7541 7546
7542 7551 7522
7552 7542 7545
7542 7552 7551
7553 7522 7551
7553 7520 7522
7553 7551 7554
7554 7551 7552
7520 7553 7555
7553 7554 7555
7520 7555 7556
7520 7556 7523
7555 7557 7556
7555 7554 7557
7558 7523 7556
7558 7556 7557
7559 7523 7558
7559 7560 7523
7561 7559 7558
7561 7558 7562
7557 7563 7558
7558 7563 7562
7562 7563 7564
7557 7565 7563
7564 7563 7565
7566 7557 7554
7566 7565 7557
7567 7566 7554
7554 7552 7567
7562 7564 7568
7568 7569 7562
7568 7570 7569
7571 7570 7568
7564 7571 7568
7571 7572 7570
7564 7573 7571
7574 7573 7564
7574 7564 7575
7564 7565 7575
7576 7574 7575
7565 7566 7577
7567 7577 7566
7578 7567 7552
7552 7545 7578
7576 7575 7579
7580 7576 7579
7575 7565 7581
7565 7577 7581
7575 7581 7579
7578 7582 7567
7567 7582 7577
7545 7583 7578
7545 7550 7583
7584 7582 7578
7577 7582 7584
7584 7578 7583
7581 7577 7585
7577 7584 7585
7586 7579 7581
7581 7585 7586
7580 7579 7587
7586 7587 7579
7584 7583 7588
7583 7550 7588
7580 7587 7589
7580 7589 7590
7589 7591 7590
7592 7587 7586
7585 7592 7586
7592 7589 7587
7584 7588 7593
7585 7584 7593
7588 7550 7594
7593 7588 7594
7595 7592 7585
7585 7593 7595
7596 7589 7592
7595 7596 7592
7589 7597 7591
7596 7597 7589
7591 7597 7598
7591 7598 7599
7598 7600 7599
7601 7594 7550
7550 7546 7601
7593 7594 7602
7602 7595 7593
7603 7602 7594
7594 7601 7603
7601 7546 7604
7546 7543 7604
7602 7605 7595
7603 7605 7602
7606 7603 7601
7601 7604 7606
7543 7607 7604
7606 7604 7607
7543 7547 7607
7606 7608 7603
7605 7603 7608
7609 7595 7605
7609 7596 7595
7610 7606 7607
7608 7606 7610
7611 7607 7547
7610 7607 7611
7612 7609 7605
7605 7608 7612
7596 7609 7613
7612 7613 7609
7614 7612 7608
7612 7614 7613
7608 7610 7615
7614 7608 7615
7616 7615 7610
7611 7616 7610
7615 7616 7617
7616 7618 7617
7611 7547 7619
7549 7619 7547
7611 7620 7616
7619 7620 7611
7618 7616 7620
7621 7619 7549
7619 7621 7620
7621 7549 7622
7623 7621 7622
7624 7613 7614
7625 7624 7614
7624 7626 7613
7624 7627 7626
7624 7625 7628
7627 7624 7628
7629 7628 7625
7621 7630 7620
7618 7620 7630
7623 7631 7621
7621 7631 7630
7632 7631 7623
7629 7633 7628
7634 7633 7629
7633 7634 7635
7627 7628 7636
7636 7628 7633
7633 7635 7637
7638 7637 7635
7638 7639 7637
7637 7640 7633
7636 7633 7640
7637 7641 7640
7642 7641 7637
7642 7643 7641
7641 7643 7644
7641 7644 7645
7641 7645 7640
7645 7644 7646
7647 7640 7645
7647 7636 7640
7645 7646 7647
7648 7636 7647
7648 7647 7646
7648 7646 7600
7648 7627 7636
7598 7648 7600
7627 7648 7598
7627 7598 7649
7649 7598 7597
7649 7597 7596
7596 7613 7649
7650 7651 7652
7650 7652 7653
7654 7655 7656
7654 7656 7657
7658 7659 7618
7618 7660 7658
7658 7660 7661
7660 7618 7630
7662 7661 7660
7660 7630 7663
7631 7663 7630
7662 7660 7664
7664 7660 7663
7664 7665 7662
7664 7666 7665
7666 7664 7667
7664 7663 7667
7666 7667 7668
7631 7669 7663
7667 7663 7669
7632 7669 7631
7667 7669 7632
7667 7632 7670
7671 7672 7673
7671 7673 7674
7674 7673 7675
7674 7675 7676
7675 7677 7676
7675 7678 7677
7679 7677 7678
7680 7677 7679
7679 7678 7681
7682 7679 7681
7682 7680 7679
7682 7681 7683
7682 7684 7680
7680 7684 7685
7674 7676 7686
7676 7677 7687
7687 7686 7676
7688 7671 7674
7688 7674 7686
7680 7689 7677
7687 7677 7689
7680 7685 7690
7691 7689 7680
7691 7680 7690
7692 7690 7685
7692 7685 7693
7692 7693 7694
7695 7690 7692
7695 7691 7690
7696 7691 7695
7697 7689 7691
7687 7689 7697
7696 7697 7691
7692 7694 7698
7698 7695 7692
7699 7698 7694
7698 7700 7695
7700 7696 7695
7699 7701 7698
7700 7698 7701
7702 7701 7699
7702 7703 7701
7704 7703 7702
7697 7705 7687
7706 7697 7696
7697 7706 7705
7707 7687 7705
7707 7686 7687
7686 7707 7708
7705 7708 7707
7686 7708 7688
7705 7709 7708
7709 7705 7706
7708 7710 7688
7708 7709 7710
7711 7688 7710
7711 7671 7688
7671 7711 7712
7671 7712 7713
7714 7712 7711
7709 7706 7715
7716 7710 7709
7715 7716 7709
7717 7716 7715
7718 7715 7706
7706 7696 7718
7716 7719 7710
7717 7719 7716
7710 7720 7711
7710 7719 7720
7719 7721 7720
7711 7720 7722
7714 7711 7722
7721 7722 7720
7723 7714 7722
7721 7723 7722
7723 7724 7714
7723 7725 7724
7723 7726 7725
7726 7723 7721
7726 7721 7727
7728 7727 7721
7728 7721 7729
7719 7729 7721
7729 7730 7728
7729 7719 7731
7717 7731 7719
7729 7732 7730
7729 7731 7732
7732 7733 7730
7734 7732 7731
7732 7734 7733
7734 7731 7735
7735 7731 7717
7736 7734 7735
7736 7737 7734
7733 7738 7737
7733 7737 7739
7737 7740 7739
7741 7737 7736
7741 7742 7737
7737 7742 7740
7736 7743 7741
7744 7736 7735
7736 7744 7743
7740 7742 7745
7740 7745 7746
7735 7717 7747
7744 7735 7747
7748 7745 7742
7748 7742 7749
7750 7746 7745
7750 7751 7746
7752 7749 7743
7752 7748 7749
7753 7745 7748
7753 7750 7745
7751 7750 7754
7751 7754 7755
7748 7752 7756
7748 7756 7753
7750 7753 7757
7750 7757 7754
7755 7754 7758
7755 7758 7759
7760 7759 7758
7760 7761 7759
7760 7758 7762
7762 7758 7754
7762 7754 7757
7763 7757 7753
7763 7753 7756
7757 7764 7762
7757 7763 7764
7762 7764 7765
7762 7765 7766
7766 7767 7761
7766 7765 7767
7768 7767 7765
7768 7765 7769
7764 7769 7765
7764 7770 7769
7770 7764 7771
7771 7764 7763
7771 7763 7772
7756 7772 7763
7772 7756 7773
7756 7752 7773
7774 7773 7752
7774 7752 7743
7774 7743 7775
7743 7744 7775
7776 7775 7744
7776 7744 7777
7747 7777 7744
7776 7778 7775
7779 7775 7778
7779 7780 7773
7779 7778 7781
7779 7781 7780
7747 7782 7777
7717 7782 7747
7777 7783 7776
7776 7783 7778
7717 7784 7782
7717 7715 7784
7718 7784 7715
7718 7782 7784
7785 7777 7782
7777 7785 7783
7718 7786 7782
7785 7782 7786
7786 7718 7696
7786 7787 7785
7786 7696 7787
7785 7787 7783
7700 7787 7696
7788 7783 7787
7783 7788 7778
7787 7700 7788
7789 7778 7788
7789 7790 7778
7788 7700 7791
7788 7791 7789
7700 7701 7791
7701 7792 7791
7789 7791 7792
7701 7703 7792
7790 7789 7793
7793 7789 7792
7790 7793 7780
7794 7792 7703
7793 7792 7794
7794 7703 7795
7796 7780 7793
7794 7796 7793
7780 7796 7797
7794 7798 7796
7798 7794 7799
7704 7799 7703
7796 7800 7797
7800 7796 7798
7801 7797 7800
7802 7799 7704
7798 7799 7802
7802 7704 7803
7800 7804 7801
7801 7804 7805
7804 7806 7805
7800 7798 7807
7807 7798 7802
7804 7800 7807
7808 7802 7803
7807 7802 7808
7808 7803 7809
7804 7810 7806
7811 7806 7810
7811 7810 7812
7804 7807 7813
7808 7813 7807
7810 7804 7813
7814 7808 7809
7808 7814 7813
7814 7809 7815
7812 7810 7816
7810 7813 7816
7816 7813 7814
7815 7816 7814
7812 7816 7817
7815 7818 7816
7819 7820 7821
7819 7822 7820
7822 7819 7823
7824 7820 7822
7824 7825 7820
7826 7825 7824
7827 7825 7826
7826 7828 7827
7829 7827 7828
7830 7829 7828
7830 7828 7831
7830 7831 7832
7826 7833 7828
7833 7831 7828
7834 7826 7824
7826 7834 7833
7822 7835 7824
7834 7824 7835
7822 7823 7836
7822 7836 7835
7837 7836 7823
7837 7823 7838
7836 7839 7835
7836 7837 7839
7840 7834 7835
7840 7835 7839
7838 7841 7837
7838 7842 7841
7843 7839 7837
7843 7837 7841
7842 7844 7841
7842 7845 7844
7846 7841 7844
7846 7843 7841
7845 7847 7844
7847 7846 7844
7845 7848 7847
7849 7847 7848
7849 7850 7847
7846 7847 7850
7849 7851 7850
7852 7850 7851
7846 7850 7853
7852 7853 7850
7843 7846 7853
7854 7853 7852
7855 7853 7854
7843 7853 7856
7856 7853 7855
7856 7839 7843
7855 7857 7856
7856 7840 7839
7840 7856 7857
7858 7840 7857
7858 7859 7840
7840 7859 7834
7833 7834 7859
7858 7860 7859
7833 7859 7860
7858 7861 7860
7833 7860 7862
7833 7862 7831
7862 7863 7831
7862 7860 7863
7863 7832 7831
7863 7864 7832
7832 7864 7865
7863 7860 7866
7861 7866 7860
7867 7863 7866
7867 7868 7865
7869 7866 7861
7869 7861 7870
7867 7866 7871
7871 7866 7869
7867 7872 7868
7872 7867 7871
7869 7870 7873
7874 7873 7870
7868 7872 7875
7868 7875 7876
7875 7872 7877
7872 7871 7877
7875 7877 7878
7871 7869 7879
7877 7871 7879
7879 7869 7873
7880 7878 7877
7877 7879 7880
7880 7881 7878
7874 7882 7873
7883 7882 7874
7884 7882 7883
7879 7873 7885
7885 7880 7879
7885 7873 7882
7886 7881 7880
7885 7886 7880
7886 7887 7881
7888 7882 7884
7884 7889 7888
7885 7882 7890
7890 7886 7885
7888 7890 7882
7891 7887 7886
7890 7891 7886
7891 7892 7887
7893 7891 7890
7892 7891 7893
7888 7893 7890
7892 7893 7894
7888 7894 7893
7888 7895 7894
7895 7896 7889
7897 7898 7899
7897 7899 7900
7899 7901 7900
7899 7902 7901
7903 7901 7902
7903 7902 7904
7900 7905 7897
7906 7905 7900
7897 7905 7907
7900 7908 7906
7900 7901 7908
7909 7906 7908
7908 7910 7909
7911 7908 7901
7908 7911 7910
7911 7901 7903
7911 7912 7910
7903 7912 7911
7913 7910 7912
7897 7907 7914
7915 7914 7907
7915 7916 7914
7917 7897 7914
7917 7918 7897
7916 7919 7914
7916 7920 7919
7903 7921 7912
7903 7922 7921
7912 7923 7913
7921 7923 7912
7921 7924 7923
7913 7923 7925
7926 7925 7923
7926 7923 7927
7928 7927 7923
7928 7929 7927
7927 7929 7930
7927 7930 7931
7926 7927 7931
7926 7931 7932
7933 7934 7935
7933 7935 7936
7937 7938 7936
7937 7939 7938
7940 7941 7942
7940 7942 7943
7944 7945 7946
7944 7946 7947
7948 7949 7950
7948 7950 7951
7952 7953 7954
7952 7954 7955
7956 7957 7958
7956 7958 7959
7960 7961 7962
7960 7962 7963
7964 7965 7966
7964 7966 7967
7968 7969 7970
7968 7970 7971
7972 7973 7974
7972 7974 7975
7976 7977 7978
7976 7978 7979
7980 7981 7982
7980 7982 7983
7984 7985 7986
7984 7986 7987
7988 7989 7990
7988 7990 7991
7992 7993 7994
7992 7994 7995
7996 7997 7998
7998 7997 7999
7999 7997 8000
7999 8000 8001
8002 8001 8000
8003 8004 8005
8006 8005 8004
8004 8007 8006
8006 8007 8008
8008 8007 8009
8010 8011 8012
8010 8013 8011
8013 8010 8014
8013 8014 8015
8016 8017 8018
8016 8018 8019
8019 8020 8016
8019 8021 8020
8020 8021 8022
8023 8024 8025
8023 8026 8024
8027 8026 8023
8027 8028 8026
8029 8030 8031
8029 8032 8030
8032 8033 8030
8032 8034 8033
8033 8034 8035
8036 8037 8038
8036 8039 8037
8040 8039 8036
8040 8041 8039
8042 8043 8044
8042 8044 8045
8045 8046 8042
8045 8047 8046
8046 8047 8048
8049 8050 8051
8049 8052 8050
8052 8049 8053
8052 8053 8054
8055 8056 8057
8055 8058 8056
8058 8059 8056
8058 8060 8059
8059 8060 8061
8062 8063 8064
8063 8062 8065
8066 8065 8062
8067 8066 8062
8067 8068 8066
8069 8068 8067
8070 8069 8067
8070 8067 8071
8062 8071 8067
8071 8072 8070
8073 8072 8071
8062 8074 8071
8073 8071 8074
8062 8075 8074
8073 8074 8076
8075 8077 8074
8077 8076 8074
8078 8079 8080
8079 8078 8081
8082 8081 8078
8082 8078 8083
8082 8083 8084
8085 8084 8083
8083 8086 8085
8083 8078 8087
8078 8088 8087
8088 8089 8087
8089 8090 8087
8091 8087 8090
8083 8092 8086
8083 8087 8092
8091 8092 8087
8092 8093 8086
8091 8093 8092
8094 8095 8096
8095 8094 8097
8098 8097 8094
8098 8094 8099
8098 8099 8100
8101 8100 8099
8099 8102 8101
8099 8103 8102
8103 8099 8094
8103 8104 8102
8103 8105 8104
8103 8094 8106
8103 8106 8105
8094 8107 8106
8105 8106 8108
8107 8109 8106
8109 8108 8106
8110 8111 8112
8111 8110 8113
8114 8113 8110
8114 8110 8115
8116 8115 8110
8117 8115 8116
8118 8117 8116
8118 8116 8119
8110 8119 8116
8119 8120 8118
8110 8121 8119
8119 8121 8120
8110 8122 8121
8123 8120 8121
8124 8121 8122
8123 8121 8125
8124 8125 8121
8126 8127 8128
8126 8128 8129
8126 8130 8131
8126 8131 8132
8133 8134 8135
8133 8135 8136
8137 8138 8139
8137 8139 8140
8141 8142 8143
8141 8143 8144
8145 8146 8147
8145 8147 8148
8149 8150 8151
8149 8151 8152
8153 8154 8155
8153 8155 8156
8157 8158 8159
8157 8159 8160
8161 8162 8163
8161 8163 8164
8165 8166 8167
8165 8167 8168
8169 8170 8171
8169 8171 8172
8173 8174 8175
8173 8175 8176
8177 8178 8179
8177 8179 8180
8181 8182 8183
8181 8183 8184
8185 8186 8187
8185 8187 8188
8189 8190 8191
8189 8191 8192
8193 8194 8195
8193 8195 8196
8197 8198 8199
8197 8199 8200
8201 8202 8203
8201 8203 8204
8205 8206 8207
8205 8207 8208
8209 8210 8211
8209 8211 8212
8213 8214 8215
8213 8215 8216
8217 8218 8219
8217 8219 8220
8221 8222 8223
8221 8223 8224
8225 8226 8227
8225 8227 8228
8229 8230 8231
8229 8231 8232
8233 8234 8235
8233 8235 8236
8237 8238 8239
8237 8239 8240
8241 8242 8243
8241 8243 8244
8245 8246 8247
8245 8247 448
8248 8249 8250
8248 8251 8249
8252 8251 8248
8252 8253 8251
8254 8253 8252
8254 8252 8255
8256 8254 8255
8256 8257 8254
8258 8257 8256
8258 8256 8259
8260 8258 8259
8260 8261 8258
8260 8262 8261
8263 8264 8265
8263 8265 8266
8266 8265 8267
8266 8267 8268
8268 8267 8269
8268 8269 8270
8271 8270 8269
8271 8269 8272
8272 8273 8271
8272 8274 8273
8274 8275 8273
8274 8276 8275
8276 8277 8275
8278 8279 8280
8278 8280 8281
8282 8283 8284
8282 8285 8283
8283 8285 8286
8283 8286 8287
8287 8286 8288
8287 8288 8289
8289 8288 8290
8289 8290 8291
8291 8290 8292
8291 8292 8293
8293 8294 8295
8293 8295 8296
8296 8297 8298
8296 8298 8299
8299 8298 8300
8299 8300 8301
8300 8298 8302
8303 8304 8305
8303 8305 8306
8306 8305 8307
8306 8307 8308
8308 8307 8309
8308 8309 8310
8311 8312 8313
8311 8313 8314
8314 8313 8315
8314 8315 8316
8316 8315 8317
8316 8317 8318
8318 8317 8319
8318 8319 8320
8321 8322 8323
8321 8323 8324
8324 8323 8325
8324 8325 8326
8327 8326 8325
8327 8328 8326
8329 8330 8331
8329 8332 8333
8329 8333 8334
8333 8331 8335
8333 8335 8336
8336 8335 8337
8336 8337 8338
8338 8337 8339
8338 8339 8340
8340 8341 8342
8340 8342 8343
8343 8342 8344
8343 8344 8345
8345 8344 8346
8345 8346 8347
8347 8346 8348
8347 8348 8349
8350 8351 8352
8350 8352 8353
8354 8355 8356
8354 8357 8355
8357 8358 8355
8357 8359 8358
8359 8360 8358
8361 8362 8363
8361 8364 8362
8364 8365 8362
8366 8367 8368
8366 8368 8369
8369 8368 8370
8369 8370 8371
8371 8370 8372
8371 8372 8373
8373 8372 8374
8373 8374 8375
8375 8374 8376
8375 8376 8377
8377 8376 8378
8377 8378 8379
8380 8381 8382
8383 8380 8382
8382 8384 8383
8384 8385 8383
8384 8386 8385
8387 8380 8383
8387 8388 8380
8389 8388 8387
8388 8390 8380
8380 8390 8391
8388 8392 8390
8389 8393 8388
8393 8392 8388
8389 8394 8393
8393 8395 8392
8396 8393 8394
8396 8397 8393
8398 8395 8393
8399 8398 8396
8400 8398 8399
8398 8401 8395
8402 8398 8400
8403 8401 8398
8402 8403 8398
8403 8402 8404
8403 8405 8401
8406 8403 8404
8407 8405 8403
8406 8407 8403
8407 8408 8405
8409 8407 8406
8410 8408 8407
8409 8410 8407
8410 8411 8408
8412 8411 8410
8413 8412 8410
8413 8410 8409
8409 8414 8413
8409 8415 8414
8415 8416 8414
8417 8418 8419
8417 8420 8418
8421 8420 8417
8422 8423 8424
8422 8424 8425
8425 8424 8426
8425 8426 8427
8427 8426 8428
8427 8428 8429
8429 8428 8430
8431 8432 7311
8431 7311 8433
8434 8431 8433
7311 7313 8433
8435 8433 7313
8435 8434 8433
8434 8436 8431
8434 8435 8437
8436 8434 8438
8434 8437 8439
8434 8440 8438
8434 8439 8440
8441 8442 8443
8444 8441 8443
8445 8444 8443
8445 8446 8444
8447 8446 8445
8444 8446 8448
8447 8448 8446
8447 8445 8449
8447 8449 8450
8447 8450 8451
8447 8451 8452
8444 8448 8453
8447 8452 8454
8447 8454 8448
8454 8452 8455
8448 8456 8453
8453 8456 8457
8458 8457 8456
8458 8456 8459
8460 8458 8459
8454 8455 8461
8462 8448 8454
8454 8461 8462
8462 8461 8463
8464 8461 8455
8464 8463 8461
8464 8455 8465
8448 8466 8456
8462 8466 8448
8456 8466 8467
8467 8466 8462
8456 8467 8459
8467 8462 8463
8460 8459 8468
8467 8468 8459
8465 8469 8464
8465 8470 8469
8471 8469 8470
8471 8472 8469
8472 8471 8473
8474 8464 8469
8474 8469 8472
8464 8475 8463
8474 8475 8464
8475 8474 8476
8460 8468 8477
8460 8477 8478
8477 8479 8478
8477 8480 8479
8480 8481 8479
8468 8482 8477
8482 8480 8477
8474 8472 8483
8483 8476 8474
8463 8475 8484
8475 8476 8484
8480 8485 8481
8486 8481 8485
8487 8485 8480
8487 8486 8485
8468 8488 8482
8467 8488 8468
8488 8467 8463
8488 8463 8489
8488 8489 8482
8463 8484 8489
8482 8490 8480
8489 8490 8482
8487 8480 8490
8484 8491 8489
8489 8491 8490
8476 8492 8484
8484 8492 8491
8491 8493 8490
8493 8487 8490
8487 8494 8486
8494 8495 8486
8494 8496 8495
8492 8497 8491
8497 8493 8491
8498 8487 8493
8498 8494 8487
8497 8498 8493
8499 8497 8492
8476 8499 8492
8500 8498 8497
8499 8500 8497
8501 8494 8498
8500 8501 8498
8494 8502 8496
8501 8502 8494
8503 8496 8502
8501 8503 8502
8503 8504 8496
8505 8504 8503
8476 8506 8499
8506 8500 8499
8500 8507 8501
8501 8507 8503
8508 8505 8503
8507 8508 8503
8500 8509 8507
8506 8509 8500
8476 8510 8506
8483 8510 8476
8509 8511 8507
8507 8511 8508
8512 8509 8506
8509 8512 8511
8510 8512 8506
8513 8510 8483
8472 8513 8483
8512 8514 8511
8511 8514 8508
8510 8515 8512
8513 8515 8510
8515 8514 8512
8508 8516 8505
8516 8517 8505
8508 8518 8516
8518 8517 8516
8508 8514 8518
8518 8519 8517
8515 8520 8514
8520 8518 8514
8521 8519 8518
8520 8521 8518
8521 8522 8519
8523 8522 8521
8524 8520 8515
8524 8515 8513
8525 8521 8520
8523 8521 8525
8525 8520 8524
8523 8525 8526
8526 8525 8524
8523 8526 8527
8526 8528 8527
8526 8529 8528
8530 8528 8529
8526 8524 8531
8529 8526 8531
8524 8513 8532
8524 8532 8531
8533 8530 8529
8533 8534 8530
8529 8531 8535
8532 8535 8531
8533 8529 8535
8532 8533 8535
8532 8513 8536
8472 8536 8513
8472 8473 8536
8537 8532 8536
8537 8536 8473
8532 8537 8533
8538 8537 8473
8537 8539 8533
8533 8539 8534
8540 8537 8538
8537 8540 8539
8540 8538 8541
8542 8540 8541
8543 8540 8542
8544 8539 8540
8534 8539 8544
8544 8540 8543
8534 8544 8545
8534 8545 8546
8546 8545 8547
8545 8548 8547
8545 8549 8548
8550 8549 8545
8550 8545 8544
8550 8544 8551
8551 8544 8543
8551 8552 8550
8551 8543 8553
8554 8553 8543
8555 8553 8554
8555 8554 8556
8555 8556 8557
8558 8557 8556
8552 8551 8559
8552 8559 8560
8558 8561 8557
8561 8558 8562
8562 8563 8561
8563 8564 8561
8559 8565 8560
8566 8565 8559
8567 8565 8566
8568 8565 8567
8567 8569 8568
8570 8567 8566
8567 8571 8569
8569 8571 8572
8570 8573 8567
8574 8573 8570
8574 8570 8575
8567 8573 8576
8567 8576 8571
8576 8573 8574
8576 8574 8577
8574 8578 8577
8579 8574 8575
8574 8579 8578
8579 8575 8580
8581 8579 8580
8582 8578 8579
8581 8582 8579
8582 8583 8578
8581 8584 8582
8584 8581 8585
8586 8583 8582
8586 8582 8584
8587 8584 8585
8588 8587 8585
8584 8589 8586
8584 8587 8589
8589 8590 8586
8587 8591 8589
8587 8592 8591
8587 8593 8592
8588 8593 8587
8594 8593 8588
8583 8595 8596
8597 8596 8595
8597 8598 8596
8597 8599 8598
8583 8600 8595
8601 8600 8583
8602 8597 8595
8602 8603 8597
8604 8602 8595
8604 8595 8600
8597 8603 8605
8604 8600 8606
8601 8606 8600
8607 8604 8606
8597 8608 8599
8605 8608 8597
8599 8608 8609
8609 8608 8605
8599 8609 8571
8609 8605 8610
8606 8601 8611
8601 8612 8611
8607 8606 8613
8606 8611 8613
8613 8611 8614
8615 8613 8614
8616 8607 8613
8615 8617 8613
8616 8613 8617
8618 8616 8617
8609 8619 8571
8571 8619 8620
8609 8621 8619
8621 8609 8622
8622 8609 8610
8610 8623 8622
8622 8623 8624
8625 8624 8623
8625 8626 8624
8625 8627 8626
8625 8628 8627
8628 8629 8627
8630 8629 8628
8630 8628 8631
8625 8632 8628
8625 8633 8632
8625 8634 8633
8634 8635 8633
8636 8635 8634
8636 8637 8635
8638 8637 8636
8638 8639 8637
8638 8640 8639
8641 8639 8640
8640 8642 8641
8642 8643 8641
8644 8645 8646
8644 8647 8645
8648 8647 8644
8649 8647 8648
8645 8647 8650
8645 8650 8651
8650 8652 8651
8650 8653 8652
8653 8650 8654
8647 8654 8650
8653 8654 8655
8656 8655 8654
8649 8657 8647
8647 8657 8654
8658 8657 8649
8656 8654 8659
8657 8659 8654
8658 8660 8657
8657 8660 8659
8661 8660 8658
8662 8656 8659
8660 8662 8659
8662 8663 8656
8664 8663 8662
8661 8665 8660
8660 8665 8662
8666 8665 8661
8665 8666 8667
8668 8665 8667
8668 8662 8665
8664 8662 8668
8669 8664 8668
8668 8670 8669
8668 8671 8670
8671 8672 8670
8673 8672 8671
8673 8674 8672
8675 8674 8673
8675 8676 8674
8677 8676 8675
8677 8675 8678
8679 8677 8678
8679 8680 8677
8681 8680 8679
8681 8679 8682
8683 8681 8682
8683 8684 8681
8685 8684 8683
8685 8686 8684
8687 8686 8685
8687 8688 8686
8689 8688 8687
8689 8690 8688
8690 8689 8691
8692 8690 8691
8693 8692 8691
8694 8692 8693
8694 8695 8692
8694 8696 8697
8694 8698 8696
8698 8699 8696
8699 8700 8696
8699 8701 8700
8701 8702 8700
8701 8703 8702
8703 8704 8702
8703 8705 8704
8705 8706 8704
8705 8707 8706
8707 8708 8706
8707 8709 8708
8709 8710 8708
8709 8711 8710
8711 8712 8710
8711 8713 8712
8712 8713 8714
8712 8714 8715
8714 8716 8715
8714 8717 8716
8717 8718 8716
8717 8719 8718
8719 8720 8718
8719 8721 8720
8719 8722 8721
8723 8721 8722
8723 8722 8724
8723 8724 8725
8724 8726 8725
8722 8727 8724
8722 8728 8727
8727 8728 8729
8727 8729 8730
8724 8731 8726
8727 8731 8724
8730 8732 8727
8727 8732 8731
8730 8733 8732
8726 8731 8734
8732 8734 8731
8726 8734 8735
8736 8735 8734
8733 8737 8732
8732 8737 8734
8733 8738 8737
8736 8734 8739
8737 8739 8734
8739 8740 8736
8739 8741 8740
8738 8742 8737
8737 8742 8739
8742 8741 8739
8738 8743 8742
8742 8744 8741
8745 8742 8743
8744 8742 8745
8744 8745 8746
8747 8748 8749
8747 8750 8748
8750 8751 8748
8750 8752 8751
8752 8753 8751
8752 8754 8753
8754 8755 8753
8754 8756 8755
8756 8757 8755
8756 8758 8757
8759 8760 8761
8759 8761 8762
8763 8759 8762
8763 8762 8764
8763 8764 8765
8763 8765 8766
8766 8765 8767
8766 8767 8768
8769 8770 8771
8769 8771 8772
8773 8769 8772
8773 8772 8774
8775 8773 8774
8775 8774 8776
8777 8775 8776
8777 8776 8778
8779 8777 8778
8779 8778 8780
8781 8779 8780
8781 8780 8782
8783 8781 8782
8783 8782 8784
8785 8783 8784
8785 8784 8786
8787 8785 8786
8787 8786 8788
8789 8787 8788
8789 8788 8790
8791 8789 8790
8791 8790 8792
8793 8791 8792
8793 8792 8794
8793 8794 8795
8793 8795 8796
8797 8796 8795
8797 8798 8796
8799 8798 8797
8799 8800 8798
8801 8800 8799
8801 8802 8800
8803 8802 8801
8803 8804 8802
8805 8804 8803
8805 8806 8804
8807 8806 8805
8807 8808 8806
8809 8810 8811
8809 8812 8810
8813 8812 8809
8813 8814 8812
8815 8816 8817
8815 8817 8818
8819 8818 8817
8819 8817 8820
8821 8822 8823
8821 8823 8824
8823 8825 8824
8823 8826 8825
8826 8827 8825
8827 8828 8825
8829 8825 8828
8829 8828 8830
8829 8830 8831
8828 8832 8830
8827 8833 8828
8828 8833 8832
8827 8834 8833
8833 8835 8832
8834 8835 8833
8836 8837 8838
8836 8839 8837
8839 8840 8837
8839 8841 8840
8841 8842 8840
8841 8843 8842
8843 8844 8842
8843 8845 8844
8845 8846 8844
8845 8847 8846
8846 8847 8848
8846 8848 8849
8849 8848 8850
8849 8850 8851
8850 8852 8851
8850 8853 8852
8853 8854 8852
8855 8856 8857
8855 8858 8856
8859 8858 8855
8859 8855 8860
8861 8859 8860
8861 8862 8859
8863 8864 8865
8863 8865 8866
8865 8867 8866
8865 8868 8867
8867 8868 8869
8867 8869 8870
8870 8869 8871
8870 8871 8872
8872 8871 8873
8872 8873 8874
8875 8876 8877
8875 8877 8878
8878 8877 8879
8878 8879 8880
8880 8879 8881
8880 8881 8882
8882 8881 8883
8882 8883 8884
8884 8883 8885
8884 8885 8886
8886 8885 8887
8886 8887 8888
8888 8887 8889
8888 8889 8890
8891 8890 8889
8891 8889 8892
8893 8891 8892
8893 8894 8891
8893 8895 8894
8893 8896 8895
8895 8896 8897
8895 8897 8898
8898 8897 8899
8898 8899 8900
8901 8900 8899
8901 8899 8902
8903 8901 8902
8903 8904 8901
8903 8905 8904
8903 8906 8905
8907 8905 8906
8907 8906 8908
8906 8909 8908
8907 8908 8910
8907 8910 8911
8912 8911 8910
8912 8913 8911
8914 8913 8912
8914 8915 8913
8916 8915 8914
8916 8914 8917
8918 8916 8917
8918 8919 8916
8920 8919 8918
8920 8918 8921
8922 8920 8921
8922 8923 8920
8924 8923 8922
8924 8922 8925
8926 8927 8928
8926 8929 8927
8930 8929 8926
8930 8926 8931
8932 8930 8931
8932 8933 8930
8934 8933 8932
8934 8935 8933
8936 8935 8934
8936 8937 8935
8938 8937 8936
8938 8939 8937
8940 8939 8938
8940 8938 8941
8942 8940 8941
8942 8943 8940
8944 8943 8942
8944 8945 8943
8946 8945 8944
8946 8947 8945
8948 8947 8946
8948 8949 8947
8950 8949 8948
8950 8951 8949
8952 8951 8950
8952 8953 8951
8954 8953 8952
8954 8955 8953
8956 8955 8954
8956 8957 8955
8958 8957 8956
8958 8956 8959
8960 8958 8959
8960 8959 8961
8962 8960 8961
8962 8961 8963
8964 8962 8963
8964 8963 8965
8966 8967 8968
8966 8969 8967
8967 8969 8970
8967 8970 8971
8972 8973 8974
8972 8975 8973
8973 8975 8976
8973 8976 8977
8978 8977 8976
8978 8976 8979
8980 8979 8976
8978 8979 8981
8978 8981 8982
8981 8983 8982
8984 8983 8981
8981 8985 8984
8981 8979 8985
8985 8979 8980
8985 8980 8986
8987 8988 8989
8987 8989 8990
8990 8989 8991
8990 8991 8992
8993 8994 8995
8993 8996 8994
8994 8996 8997
8994 8997 8998
8999 9000 9001
8999 9001 9002
9002 9003 8999
9003 9004 8999
9005 9006 9007
9005 9008 9006
9008 9009 9006
9009 9010 9006
9010 9011 9006
9006 9011 9012
9006 9012 9013
9014 9015 9016
9016 9017 9014
9017 9016 9018
9017 9019 9014
9020 9021 9022
9020 9023 9021
9020 9024 9023
9023 9025 9021
9023 9026 9025
9026 9027 9025
9026 9028 9027
9028 9029 9027
9028 9030 9029
9029 9031 9027
9032 9033 9034
9035 9032 9034
9036 9035 9034
9037 9036 9034
9038 9037 9034
9039 9038 9034
9039 9040 9038
9041 9042 9043
9042 9044 9043
9044 9045 9043
9045 9046 9043
9046 9047 9043
9047 9048 9043
9048 9049 9043
9043 9049 9050
9051 9052 9043
9053 9051 9043
9054 9053 9043
9055 9054 9043
9056 9055 9043
9057 9056 9043
9043 9058 9057
9059 9058 9043
9060 9061 9062
9060 9062 9063
9064 9065 9066
9067 9064 9066
9068 9069 9070
9070 9071 9068
9071 9072 9068
9073 9072 9071
9072 9074 9068
9073 9075 9072
9072 9075 9074
9076 9075 9073
9075 9077 9074
9076 9078 9075
9075 9078 9077
9079 9080 9081
9080 9079 9082
9083 9080 9082
9083 9084 9080
9084 9083 9085
9086 9084 9085
9086 9085 9087
9088 9086 9087
9088 9087 9089
9090 9088 9089
9090 9089 9091
9090 9091 9092
9090 9092 9093
9093 9092 9094
9093 9094 9095
9096 9097 9098
9099 9097 9096
9100 9099 9096
9100 9101 9099
9101 9100 9102
9100 9103 9102
9100 9104 9103
9104 9105 9103
9104 9106 9105
9106 9107 9105
9106 9108 9107
9107 9108 9109
9107 9109 9110
9110 9109 9111
9110 9111 9112
9113 9114 9115
9113 9115 9116
9117 9118 9119
9117 9119 9120
9121 9120 9119
9121 9119 9122
9121 9122 9123
9121 9123 9124
9125 9124 9123
9125 9123 9126
9125 9126 9127
9125 9127 9128
9128 9127 9129
9129 9130 9128
9129 9131 9130
9130 9131 9132
9132 9133 9130
9134 9135 9136
9134 9137 9135
9138 9137 9134
9137 9139 9135
9138 9140 9137
9137 9141 9139
9140 9141 9137
9140 9142 9141
9143 9144 9145
9145 9146 9143
9146 9147 9143
9148 9149 9150
9151 9148 9150
9152 9148 9151
9152 9151 9153
9153 9154 9152
9152 9154 9155
9152 9155 9156
9156 9155 9157
9156 9157 9158
9158 9157 9159
9158 9159 9160
9160 9159 9161
9160 9161 9162
9162 9161 9163
9162 9163 9164
9165 9166 9167
9165 9168 9166
9169 9168 9165
9169 9170 9168
9171 9170 9169
9171 9172 9170
9173 9172 9171
9173 9174 9172
9173 9175 9174
9176 9175 9173
9174 9175 9177
9178 9175 9176
9175 9179 9177
9178 9180 9175
9175 9180 9179
9181 9182 9183
9181 9183 9184
9185 9186 9187
9188 9185 9187
9188 9187 9189
9189 9190 9188
9189 9191 9190
9190 9191 9192
9190 9192 9193
9192 9194 9193
9192 9195 9194
9195 9196 9194
9195 9197 9196
9198 9199 9200
9198 9200 9201
9202 9203 9204
9202 9205 9203
9206 9205 9202
9206 9207 9205
9208 9207 9206
9208 9206 9209
9210 9208 9209
9210 9209 9211
9212 9210 9211
9213 9210 9212
9214 9213 9212
9212 9211 9215
9214 9212 9216
9216 9212 9215
9216 9215 9217
9218 9219 9220
9218 9220 9221
9222 9223 9224
9225 9223 9222
9226 9227 9228
9229 9226 9228
9229 9228 9230
9230 9228 9231
9229 9230 9232
9229 9232 9233
9232 9234 9233
9230 9231 9235
9232 9230 9235
9232 9236 9234
8909 9234 9236
8909 9236 8908
9232 9235 9237
9237 9236 9232
8908 9236 9238
9237 9238 9236
8908 9238 9239
9237 9235 9240
9235 9231 9240
9238 9237 9241
9237 9240 9241
9239 9238 9242
9238 9241 9242
9243 9239 9242
9239 9243 9244
9244 9243 9245
9246 9245 9243
9247 9240 9231
9241 9240 9247
9242 9241 9248
9243 9242 9248
9246 9243 9249
9249 9250 9246
9251 9250 9249
9248 9241 9252
9241 9247 9252
9253 9243 9248
9253 9249 9243
9248 9252 9253
9254 9253 9252
9249 9253 9255
9251 9249 9255
9254 9255 9253
9247 9231 9256
9256 9231 9257
9256 9257 9258
9259 9256 9258
9252 9247 9260
9247 9256 9260
9254 9252 9260
9259 9261 9256
9256 9261 9260
9262 9261 9259
9263 9261 9262
9260 9261 9264
9263 9264 9261
9254 9260 9264
9263 9265 9264
9265 9254 9264
9266 9265 9263
9266 9267 9265
9268 9267 9266
9268 9269 9267
9265 9270 9254
9267 9270 9265
9269 9271 9267
9267 9271 9270
9269 9272 9271
9273 9271 9272
9274 9254 9270
9271 9274 9270
9274 9255 9254
9251 9255 9274
9273 9275 9271
9271 9275 9274
9275 9251 9274
9276 9275 9273
9275 9277 9251
9276 9277 9275
9278 9279 9280
9278 9281 9279
9281 9282 9279
9281 9283 9282
9283 9284 9282
9283 9285 9284
9285 9286 9284
9285 9287 9286
9288 9289 9290
9288 9290 9291
9291 9290 9292
9291 9292 9293
9293 9292 9294
9293 9294 9295
9295 9294 9296
9295 9296 9297
9298 9299 9300
9298 9300 9301
9302 9303 9304
9302 9304 9305
9306 9307 9308
9306 9308 9309
9310 9311 9312
9310 9313 9311
9314 9313 9310
9314 9315 9313
9314 9316 9315
9314 9317 9316
9318 9313 9315
9318 9319 9313
9318 9320 9319
9321 9316 9317
9322 9316 9321
9316 9322 9315
9322 9321 9323
9324 9322 9323
9322 9325 9315
9318 9315 9325
9325 9322 9324
9318 9325 9326
9325 9324 9326
9318 9326 9327
9328 9318 9327
9328 9327 9329
9330 9326 9324
9330 9327 9326
9330 9331 9327
9332 9327 9331
9332 9333 9327
9334 9331 9330
9334 9335 9331
9336 9331 9335
9336 9335 9337
9334 9330 9338
9339 9338 9330
9330 9324 9339
9339 9324 9340
9339 9341 9338
9342 9341 9339
9342 9339 9343
9339 9340 9343
9343 9344 9342
9343 9345 9344
9345 9343 9340
9345 9340 9346
9346 9340 9347
9324 9348 9340
9348 9324 9323
9347 9340 9349
9349 9340 9348
9347 9349 9350
9350 9349 9351
9351 9349 9348
9350 9351 9352
9323 9353 9348
9351 9348 9353
9354 9353 9323
9354 9323 9355
9355 9356 9354
9317 9356 9355
9357 9356 9317
9358 9356 9357
9358 9359 9356
9359 9354 9356
9359 9358 9360
9353 9354 9361
9359 9361 9354
9359 9360 9362
9362 9361 9359
9363 9362 9360
9364 9351 9353
9353 9361 9364
9362 9365 9361
9364 9361 9365
9363 9366 9362
9366 9365 9362
9364 9367 9351
9352 9351 9367
9363 9368 9366
9369 9368 9363
9364 9365 9370
9370 9367 9364
9366 9371 9365
9368 9371 9366
9370 9365 9371
9368 9369 9372
9373 9372 9369
9373 9369 9374
9375 9372 9373
9375 9373 9376
9377 9375 9376
9368 9372 9378
9375 9378 9372
9377 9379 9375
9378 9375 9379
9380 9379 9377
9368 9378 9381
9368 9381 9371
9378 9379 9382
9381 9378 9382
9380 9383 9379
9383 9382 9379
9371 9381 9384
9381 9382 9384
9385 9383 9380
9385 9380 9386
9383 9385 9387
9382 9383 9388
9388 9383 9387
9382 9388 9384
9388 9387 9389
9371 9384 9390
9390 9384 9388
9370 9371 9390
9391 9388 9389
9390 9388 9391
9391 9389 9392
9393 9391 9392
9390 9394 9370
9390 9391 9394
9394 9391 9393
9370 9394 9367
9367 9394 9393
9367 9393 9395
9352 9367 9395
9396 9352 9395
9396 9395 9397
9398 9352 9396
9398 9399 9352
9399 9400 9352
9399 9401 9400
9399 9402 9401
9398 9402 9399
9401 9402 9403
9402 9404 9403
9404 9402 9405
9398 9405 9402
9404 9405 9406
9398 9407 9405
9406 9405 9408
9405 9407 9408
9398 9409 9407
9409 9398 9396
9409 9396 9410
9397 9411 9396
9411 9412 9396
9413 9407 9409
9413 9408 9407
9406 9408 9414
9406 9414 9415
9415 9414 9416
9412 9411 9417
9418 9417 9411
9412 9419 9409
9413 9409 9419
9412 9417 9419
9420 9414 9408
9413 9420 9408
9417 9418 9421
9422 9421 9418
9423 9419 9417
9423 9417 9421
9419 9424 9413
9420 9413 9424
9419 9423 9424
9416 9414 9425
9420 9425 9414
9426 9423 9421
9423 9427 9424
9423 9426 9427
9427 9428 9424
9420 9424 9429
9424 9428 9429
9420 9429 9430
9420 9430 9425
9428 9430 9429
9430 9431 9425
9430 9428 9431
9426 9432 9427
9427 9432 9428
9426 9433 9432
9426 9421 9434
9435 9426 9434
9435 9434 9436
9437 9434 9421
9421 9438 9437
9437 9439 9434
9436 9434 9439
9436 9439 9440
9425 9431 9441
9416 9425 9441
9431 9428 9442
9428 9443 9442
9428 9444 9443
9442 9445 9431
9445 9442 9446
9445 9446 9447
9441 9448 9416
9416 9448 9449
9416 9449 9450
9451 9449 9448
9451 9448 9452
9452 9453 9451
9452 9454 9453
9455 9454 9452
9452 9448 9456
9457 9452 9456
9456 9458 9457
9459 9455 9452
9455 9459 9460
9456 9448 9461
9441 9461 9448
9462 9461 9441
9461 9463 9456
9463 9458 9456
9463 9464 9458
9461 9465 9463
9462 9465 9461
9464 9463 9465
9465 9462 9464
9459 9458 9466
9460 9459 9466
9462 9441 9467
9431 9467 9441
9431 9468 9467
9468 9431 9445
9468 9469 9467
9469 9462 9467
9468 9445 9470
9469 9468 9471
9472 9470 9471
9445 9473 9470
9473 9445 9474
9473 9474 9475
9469 9471 9476
9469 9477 9462
9477 9469 9476
9478 9477 9476
9478 9476 9479
9480 9477 9478
9480 9481 9477
9481 9462 9477
9481 9464 9462
9464 9481 9482
9483 9464 9482
9484 9464 9483
9464 9484 9458
9484 9485 9458
9486 9485 9484
9486 9487 9485
9488 9485 9487
9488 9487 9489
9485 9488 9490
9491 9458 9485
9491 9485 9490
9458 9491 9466
9491 9490 9492
9491 9493 9466
9493 9491 9492
9460 9466 9493
9493 9492 9494
9495 9493 9494
9493 9495 9460
9494 9496 9495
9494 9497 9496
9495 9496 9498
9495 9498 9499
9499 9460 9495
9499 9500 9460
9501 9500 9499
9502 9500 9501
9503 9500 9502
9500 9503 9504
9505 9460 9500
9455 9460 9505
9500 9506 9505
9506 9455 9505
9506 9500 9504
9506 9507 9455
9504 9507 9506
9455 9507 9508
9503 9509 9504
9510 9509 9503
9510 9511 9509
9511 9512 9509
9511 9513 9512
9509 9512 9514
9509 9514 9515
9515 9504 9509
9515 9514 9516
9504 9517 9507
9518 9508 9507
9517 9518 9507
9517 9519 9518
9520 9519 9517
9504 9521 9517
9504 9515 9521
9520 9522 9521
9515 9523 9521
9523 9520 9521
9523 9515 9524
9523 9516 9525
9526 9508 9518
9526 9527 9508
9518 9528 9526
9519 9528 9518
9528 9529 9526
9530 9523 9525
9523 9530 9520
9528 9531 9529
9531 9528 9519
9532 9530 9525
9532 9525 9533
9530 9532 9534
9530 9534 9535
9535 9520 9530
9535 9536 9520
9537 9536 9535
9538 9536 9537
9539 9536 9538
9536 9539 9540
9541 9520 9536
9520 9541 9519
9536 9542 9541
9542 9519 9541
9542 9536 9540
9542 9543 9519
9540 9543 9542
9531 9519 9543
9544 9531 9543
9544 9543 9540
9539 9545 9540
9546 9545 9539
9546 9547 9545
9548 9531 9544
9548 9529 9531
9548 9549 9529
9550 9545 9547
9550 9547 9551
9551 9552 9550
9551 9553 9552
9550 9552 9554
9545 9550 9554
9555 9540 9545
9545 9554 9555
9556 9544 9540
9556 9540 9555
9557 9555 9554
9557 9556 9555
9544 9556 9558
9544 9558 9548
9559 9549 9548
9560 9549 9559
9561 9559 9548
9560 9559 9561
9561 9548 9558
9560 9561 9562
9562 9561 9563
9558 9563 9561
9564 9558 9556
9564 9556 9557
9558 9564 9563
9565 9564 9557
9566 9565 9554
9557 9567 9565
9566 9567 9568
9552 9568 9567
9564 9565 9569
9563 9564 9569
9563 9569 9570
9563 9570 9571
9571 9572 9563
9571 9570 9573
9571 9574 9572
9574 9575 9572
9571 9573 9576
9574 9571 9576
9576 9573 9577
9574 9578 9575
9578 9579 9575
9574 9576 9580
9578 9574 9580
9576 9577 9581
9576 9581 9580
9578 9582 9579
9583 9579 9582
9584 9583 9582
9585 9584 9582
9586 9582 9578
9578 9580 9586
9585 9582 9587
9586 9587 9582
9587 9588 9585
9587 9589 9588
9586 9589 9587
9590 9588 9589
9591 9586 9580
9586 9591 9589
9590 9589 9592
9591 9592 9589
9591 9580 9593
9580 9581 9593
9593 9594 9591
9591 9594 9592
9590 9592 9595
9590 9595 9596
9596 9595 9597
9596 9597 9598
9599 9593 9581
9593 9599 9594
9592 9594 9600
9592 9600 9595
9600 9594 9599
9599 9581 9601
9577 9601 9581
9577 9602 9601
9599 9601 9603
9601 9604 9603
9604 9601 9602
9604 9602 9605
9600 9599 9606
9600 9606 9607
9600 9607 9608
9595 9600 9608
9595 9608 9609
9610 9611 9612
9610 9612 9613
9614 9615 9616
9614 9617 9615
9615 9617 9618
9615 9618 9619
9618 9620 9619
9618 9621 9620
9618 9622 9621
9623 9622 9618
9623 9618 9624
9618 9625 9624
9618 9617 9625
9625 9617 9614
9625 9614 9626
9614 9627 9626
9627 9628 9626
9627 9629 9628
9630 9626 9628
9631 9628 9629
9631 9629 9632
9633 9631 9632
9628 9631 9634
9633 9635 9631
9630 9628 9636
9628 9634 9636
9636 9634 9637
9638 9630 9636
9636 9637 9639
9638 9636 9639
9639 9637 9640
9638 9639 9641
9639 9640 9641
9638 9641 9642
9641 9640 9643
9642 9641 9644
9641 9643 9644
9643 9645 9644
9643 9646 9645
9642 9644 9647
9645 9647 9644
9645 9648 9647
9645 9646 9649
9650 9648 9645
9651 9645 9649
9651 9649 9652
9650 9645 9653
9651 9653 9645
9651 9652 9654
9654 9652 9655
9654 9655 9656
9654 9656 9657
9654 9657 9658
9658 9657 9659
9660 9658 9659
9661 9654 9658
9661 9651 9654
9660 9661 9658
9662 9651 9661
9660 9662 9661
9662 9653 9651
9660 9663 9662
9664 9662 9663
9665 9653 9662
9664 9665 9662
9665 9666 9653
9667 9666 9665
9650 9653 9666
9650 9666 9667
9650 9667 9668
9669 9668 9667
9669 9667 9670
9670 9667 9671
9672 9665 9664
9667 9665 9672
9672 9671 9667
9672 9664 9673
9673 9671 9672
9674 9675 9676
9677 9678 9676
9677 9674 591
9679 591 9674
9677 591 9680
9680 591 9681
9680 9682 9677
9680 9681 9682
9683 9677 9682
9684 9683 9682
9684 9682 9685
623 9682 9681
623 9686 9682
623 9687 9686
589 9679 9688
9688 9689 589
9690 589 9689
9691 9690 9689
9691 9692 9690
9693 9694 9695
9693 9695 9696
9697 9696 9695
9697 9698 9696
9699 9698 9697
9700 9698 9699
9699 9697 9701
9699 9701 9702
9699 9702 9703
9703 9700 9699
9703 9704 9700
9700 9704 9705
9696 9698 9706
9700 9706 9698
9700 9705 9707
9700 9708 9706
9700 9707 9708
9709 9707 9705
9709 9705 9710
9711 9709 9710
9712 9707 9709
9712 9708 9707
9708 9712 9713
9706 9708 9714
9708 9713 9714
9706 9714 9715
9696 9706 9715
9696 9715 9716
9717 9716 9715
9711 9718 9709
9718 9712 9709
9719 9713 9712
9718 9719 9712
9711 9720 9718
9711 9721 9720
9720 9721 9722
9718 9723 9719
9718 9720 9723
9717 9715 9724
9725 9724 9715
9713 9726 9725
9726 9724 9725
9727 9719 9723
9719 9727 9713
9717 9724 9728
9717 9728 9729
9730 9728 9724
9730 9724 9726
9731 9717 9729
9713 9732 9726
9730 9726 9732
9733 9732 9713
9733 9713 9727
9730 9732 9734
9733 9734 9732
9730 9734 9735
9733 9736 9734
9736 9735 9734
9730 9735 9737
9737 9738 9730
9729 9738 9739
9737 9739 9738
9731 9729 9740
9729 9739 9740
9727 9741 9733
9733 9742 9736
9733 9741 9742
9736 9742 9743
9736 9743 9735
9742 9744 9743
9745 9742 9741
9727 9746 9741
9746 9727 9723
9747 9743 9744
9744 9748 9747
9745 9741 9749
9749 9741 9746
9750 9745 9749
9750 9748 9745
9749 9746 9750
9746 9723 9751
9751 9723 9720
9752 9746 9751
9752 9750 9746
9751 9720 9753
9720 9722 9753
9754 9750 9752
9748 9750 9754
9722 9755 9753
9722 9756 9755
9757 9754 9752
9758 9757 9752
9753 9759 9758
9753 9755 9759
9758 9759 9757
9756 9760 9755
9756 9761 9760
9762 9759 9755
9762 9755 9760
9759 9763 9757
9759 9762 9763
9757 9764 9754
9763 9764 9757
9748 9754 9765
9764 9765 9754
9766 9764 9763
9764 9767 9765
9763 9768 9766
9762 9768 9763
9769 9766 9768
9761 9770 9760
9761 9771 9770
9760 9772 9762
9762 9772 9768
9760 9770 9772
9769 9768 9773
9773 9768 9772
9774 9769 9773
9775 9774 9773
9776 9770 9771
9776 9771 9777
9770 9778 9772
9773 9772 9778
9770 9776 9778
9775 9773 9779
9778 9779 9773
9780 9775 9779
9780 9779 9781
9777 9782 9776
9782 9778 9776
9778 9782 9779
9782 9781 9779
9777 9783 9782
9782 9784 9781
9693 9785 9786
9693 9787 9785
9787 9693 9731
9696 9731 9693
9787 9731 9740
9787 9740 9788
9789 9787 9788
9789 9788 9790
9739 9788 9740
9790 9788 9791
9788 9739 9791
9790 9791 9792
9739 9793 9791
9794 9791 9793
9739 9737 9793
9795 9792 9791
9794 9795 9791
9795 9796 9792
9737 9797 9793
9794 9793 9797
9797 9737 9735
9798 9796 9795
9794 9798 9795
9798 9799 9796
9794 9800 9798
9794 9801 9800
9794 9797 9802
9794 9802 9801
9797 9735 9803
9802 9797 9803
9801 9802 9804
9802 9803 9804
9801 9804 9805
9804 9806 9805
9735 9807 9803
9735 9743 9807
9743 9747 9807
9808 9804 9803
9804 9808 9806
9808 9803 9807
9809 9806 9808
9809 9808 9807
9809 9810 9806
9811 9810 9809
9811 9809 9812
9809 9807 9813
9814 9809 9813
9814 9812 9809
9747 9815 9807
9747 9816 9815
9816 9817 9815
9816 9747 9748
9816 9748 9765
9765 9818 9816
9814 9816 9818
9765 9767 9818
9812 9814 9819
9814 9818 9819
9820 9818 9767
9819 9818 9820
9767 9821 9820
9812 9819 9822
9823 9812 9822
9823 9822 9824
9820 9821 9825
9826 9825 9821
9819 9820 9827
9822 9819 9827
9825 9827 9820
9828 9824 9822
9822 9827 9828
9828 9829 9824
9825 9826 9830
9826 9831 9830
9830 9831 9832
9825 9833 9827
9833 9828 9827
9830 9833 9825
9834 9829 9828
9833 9834 9828
9834 9835 9829
9830 9832 9836
9837 9836 9832
9837 9838 9836
9830 9839 9833
9834 9833 9839
9836 9839 9830
9838 9840 9836
9836 9840 9839
9838 9841 9840
9842 9835 9834
9834 9839 9842
9842 9843 9835
9843 9844 9841
9844 9842 9839
9843 9842 9844
9845 9846 9847
9845 9847 9848
9849 9850 9851
9849 9852 9850
9850 9852 9853
9850 9853 9854
9854 9853 9855
9853 9856 9855
9854 9855 9857
9855 9858 9857
9855 9859 9858
9859 9855 9856
9859 9856 9860
9861 9860 9856
9852 9862 9853
9849 9863 9852
9862 9852 9863
9853 9864 9856
9862 9864 9853
9865 9862 9863
9863 9866 9865
9863 9867 9866
9866 9867 9868
9869 9863 9849
9869 9867 9863
9870 9869 9849
9870 9849 9871
9872 9867 9869
9872 9868 9867
9873 9872 9869
9873 9869 9874
9875 9872 9873
9862 9876 9864
9876 9877 9864
9877 9876 9878
9856 9864 9877
9856 9877 9879
9861 9856 9879
9879 9877 9880
9877 9878 9880
9881 9861 9879
9879 9880 9881
9881 9882 9861
9883 9882 9881
9884 9881 9880
9883 9881 9884
9883 9884 9885
9883 9885 9886
9887 9886 9885
9884 9880 9888
9878 9888 9880
9888 9885 9884
9889 9878 9876
9876 9890 9889
9887 9885 9891
9892 9887 9891
9888 9893 9885
9894 9891 9885
9894 9885 9893
9892 9891 9895
9891 9894 9896
9891 9896 9895
9897 9892 9895
9897 9898 9892
9895 9896 9899
9895 9899 9897
9898 9897 9900
9898 9900 9901
9897 9899 9902
9897 9902 9900
9903 9901 9900
9903 9904 9901
9905 9904 9903
9906 9903 9900
9906 9900 9902
9907 9905 9903
9907 9903 9906
9908 9905 9907
9908 9907 9909
9909 9907 9906
9910 9906 9902
9909 9906 9910
9911 9902 9899
9910 9902 9911
9911 9899 9912
9912 9899 9896
9912 9896 9913
9913 9896 9894
9913 9894 9914
9914 9894 9893
9915 9914 9893
9915 9893 9888
9916 9915 9888
9878 9916 9888
9912 9917 9911
9918 9911 9917
9911 9918 9910
9918 9919 9910
9910 9919 9920
9910 9920 9909
9921 9909 9920
9921 9922 9909
9923 9917 9912
9912 9913 9923
9924 9923 9913
9924 9913 9914
9924 9925 9923
9914 9926 9924
9914 9915 9926
9924 9927 9925
9927 9924 9926
9927 9926 9928
9929 9926 9915
9915 9916 9929
9930 9928 9926
9930 9926 9929
9931 9929 9916
9929 9932 9930
9929 9931 9932
9933 9931 9916
9932 9931 9933
9933 9916 9878
9930 9934 9928
9930 9932 9934
9933 9878 9935
9889 9935 9878
9932 9933 9936
9935 9936 9933
9937 9928 9934
9938 9928 9937
9939 9938 9937
9939 9925 9938
9940 9932 9936
9940 9934 9932
9941 9940 9936
9935 9942 9936
9941 9936 9942
9943 9942 9935
9943 9935 9889
9941 9942 9943
9937 9934 9944
9944 9939 9937
9945 9925 9939
9945 9946 9925
9945 9947 9946
9934 9940 9948
9934 9948 9944
9949 9943 9889
9949 9889 9890
9950 9945 9939
9944 9950 9939
9943 9949 9951
9941 9943 9951
9951 9949 9868
9951 9868 9952
9941 9951 9952
9953 9940 9941
9940 9953 9948
9868 9954 9952
9868 9872 9954
9872 9955 9954
9875 9955 9872
9953 9941 9956
9941 9952 9956
9948 9953 9957
9957 9953 9956
9958 9955 9875
9959 9955 9958
9958 9875 9960
9961 9958 9960
9961 9962 9958
9959 9958 9962
9959 9963 9955
9952 9963 9959
9959 9962 9964
9959 9964 9965
9952 9959 9966
9956 9952 9966
9959 9965 9966
9956 9966 9967
9967 9966 9965
9957 9956 9967
9967 9965 9968
9967 9968 9969
9967 9969 9957
9969 9970 9957
9969 9971 9970
9948 9957 9970
9970 9944 9948
9972 9970 9971
9970 9973 9944
9972 9973 9970
9950 9944 9973
9974 9973 9972
9950 9973 9974
9974 9972 9975
9974 9976 9950
9950 9976 9945
9976 9947 9945
9975 9977 9974
9974 9977 9976
9975 9978 9977
9979 9976 9977
9976 9979 9947
9980 9977 9978
9979 9977 9980
9980 9978 9981
9982 9980 9981
9982 9981 9983
9983 9984 9982
9980 9985 9979
9980 9982 9985
9984 9986 9982
9986 9985 9982
9987 9986 9984
9987 9988 9986
9988 9985 9986
9989 9988 9987
9989 9990 9988
9991 9979 9985
9988 9991 9985
9991 9988 9990
9991 9947 9979
9991 9990 9992
9992 9993 9991
9993 9947 9991
9993 9994 9947
9995 9996 9949
9997 9998 9995
9997 9890 9998
9999 9862 9890
9998 10000 9862
10001 10002 10003
10001 10003 10004
10005 10006 10007
10005 10007 10008
10009 10010 10011
10009 10012 10010
10012 10013 10010
10012 10014 10013
10009 10015 10012
10015 10009 10016
10017 10016 10009
10017 10009 10018
10015 10016 10019
10012 10020 10014
10021 10012 10015
10012 10021 10020
10015 10019 10022
10023 10021 10015
10015 10022 10023
10022 10019 10024
10023 10022 10025
10022 10024 10025
10023 10026 10021
10023 10025 10026
10027 10021 10026
10027 10020 10021
10028 10024 10019
10028 10019 10029
10030 10028 10029
10030 10029 10031
10032 10028 10030
10032 10033 10028
10025 10034 10026
10027 10026 10034
10024 10028 10035
10028 10033 10035
10033 10036 10035
10024 10035 10037
10036 10037 10035
10038 10025 10024
10038 10024 10037
10039 10025 10038
10025 10039 10034
10033 10040 10036
10040 10033 10041
10040 10041 10042
10043 10040 10042
10036 10040 10043
10043 10042 10044
10036 10043 10045
10046 10036 10045
10046 10047 10036
10036 10047 10037
10048 10047 10046
10037 10049 10038
10039 10038 10049
10048 10050 10047
10051 10050 10048
10047 10052 10037
10037 10052 10049
10047 10050 10052
10051 10053 10050
10054 10052 10050
10054 10050 10053
10051 10055 10053
10051 10056 10055
10055 10056 10057
10052 10054 10058
10052 10058 10049
10059 10054 10053
10059 10053 10055
10058 10054 10059
10039 10049 10060
10061 10039 10060
10061 10034 10039
10049 10062 10060
10049 10058 10062
10062 10061 10060
10034 10061 10063
10034 10063 10027
10062 10064 10061
10063 10061 10064
10065 10027 10063
10027 10065 10020
10065 10066 10020
10066 10014 10020
10066 10067 10014
10068 10014 10067
10068 10067 10069
10069 10067 10070
10066 10070 10067
10069 10070 10071
10066 10072 10070
10073 10072 10066
10073 10074 10072
10075 10074 10073
10065 10076 10066
10075 10077 10074
10076 10065 10078
10076 10078 10075
10065 10063 10078
10077 10075 10079
10078 10079 10075
10077 10079 10080
10081 10078 10063
10063 10064 10081
10078 10082 10079
10081 10082 10078
10083 10080 10079
10082 10083 10079
10083 10084 10080
10082 10085 10083
10083 10085 10086
10087 10084 10083
10083 10086 10087
10087 10088 10084
10089 10088 10087
10064 10090 10081
10062 10090 10064
10081 10091 10082
10091 10092 10082
10062 10093 10090
10058 10093 10062
10090 10094 10081
10091 10081 10094
10093 10094 10090
10091 10095 10092
10095 10086 10092
10058 10096 10093
10096 10058 10059
10093 10097 10094
10097 10093 10096
10094 10098 10091
10098 10094 10097
10095 10091 10098
10098 10097 10099
10097 10096 10099
10096 10059 10100
10100 10059 10055
10095 10098 10101
10099 10101 10098
10102 10086 10095
10101 10102 10095
10103 10099 10096
10103 10096 10100
10104 10099 10103
10099 10104 10101
10104 10103 10105
10100 10105 10103
10100 10055 10106
10055 10057 10106
10107 10101 10104
10104 10105 10107
10108 10100 10106
10100 10108 10105
10057 10109 10106
10108 10106 10109
10057 10110 10109
10109 10110 10111
10107 10112 10101
10101 10112 10102
10113 10107 10105
10113 10105 10108
10114 10107 10113
10115 10108 10109
10113 10108 10115
10109 10111 10116
10115 10109 10116
10116 10111 10117
10113 10118 10114
10115 10118 10113
10119 10114 10118
10120 10102 10112
10112 10121 10120
10120 10121 10122
10116 10123 10115
10115 10123 10118
10119 10118 10124
10123 10124 10118
10125 10119 10124
10123 10126 10124
10124 10127 10125
10116 10128 10123
10116 10117 10128
10128 10129 10123
10124 10130 10127
10130 10124 10129
10131 10127 10130
10131 10130 10132
10133 10128 10117
10128 10133 10129
10133 10117 10134
10130 10129 10135
10135 10129 10133
10135 10133 10134
10136 10130 10135
10135 10134 10137
10136 10135 10137
10138 10139 10140
10138 10140 10141
10142 10143 10144
10142 10144 10145
10146 10122 10147
10122 10146 10148
10146 10149 10148
10150 10148 10149
10150 10151 10148
10151 10150 10152
10151 10152 10153
10153 10154 10151
10153 10155 10154
10154 10155 10156
10151 10157 10148
10151 10154 10157
10148 10158 10122
10148 10157 10158
10154 10156 10159
10154 10159 10157
10156 10160 10159
10160 10157 10159
10160 10158 10157
10156 10161 10160
10161 10162 10160
10162 10158 10160
10161 10163 10162
10162 10163 10089
10122 10158 10164
10162 10164 10158
10122 10164 10120
10162 10089 10165
10165 10164 10162
10089 10087 10165
10166 10120 10164
10165 10166 10164
10166 10165 10087
10166 10102 10120
10166 10087 10086
10102 10166 10086
10167 10168 10169
10167 10170 10168
10170 10171 10168
10170 10172 10171
10171 10172 10173
10171 10173 10174
10175 10174 10173
10176 10175 10173
10175 10177 10174
10178 10177 10175
10178 10175 10176
10178 10179 10177
10178 10176 10180
10176 10181 10180
10176 10182 10181
10183 10181 10182
10183 10184 10181
10183 10185 10184
10183 10186 10185
10187 10185 10186
10186 10183 10188
10188 10183 10189
10190 10189 10176
10188 10189 10190
10191 10188 10190
10187 10186 10192
10193 10187 10192
10193 10192 10194
10186 10188 10195
10195 10188 10191
10195 10192 10186
10190 10176 10196
10176 10173 10196
10197 10190 10196
10191 10190 10197
10198 10196 10173
10198 10197 10196
10172 10198 10173
10198 10172 10199
10170 10199 10172
10200 10199 10170
10200 10170 10167
10199 10200 10201
10199 10201 10202
10202 10198 10203
10202 10204 10198
10197 10198 10204
10204 10202 10201
10197 10204 10205
10205 10191 10197
10204 10201 10206
10206 10205 10204
10201 10200 10207
10201 10207 10206
10208 10200 10167
10208 10207 10200
10167 10209 10208
10167 10210 10209
10211 10208 10209
10206 10212 10205
10205 10213 10191
10213 10205 10212
10214 10206 10207
10212 10206 10214
10215 10212 10214
10214 10207 10216
10215 10214 10216
10207 10208 10217
10207 10217 10216
10216 10217 10218
10208 10219 10217
10211 10219 10208
10218 10217 10219
10220 10219 10211
10218 10219 10220
10220 10211 10221
10220 10221 10222
10220 10222 10223
10223 10218 10220
10223 10224 10218
10225 10218 10224
10225 10226 10218
10216 10218 10226
10226 10225 10227
10226 10228 10216
10215 10216 10228
10226 10227 10229
10226 10229 10228
10229 10227 10230
10229 10230 10231
10230 10232 10231
10230 10233 10232
10234 10228 10229
10232 10233 10235
10234 10236 10228
10236 10215 10228
10237 10234 10232
10237 10236 10234
10232 10235 10238
10239 10237 10232
10239 10232 10238
10235 10240 10238
10235 10241 10240
10242 10239 10238
10242 10238 10240
10243 10240 10241
10243 10241 10244
10245 10242 10240
10245 10240 10243
10244 10246 10243
10244 10247 10246
10243 10248 10245
10243 10246 10248
10247 10249 10246
10247 10250 10249
10251 10246 10249
10251 10248 10246
10252 10249 10250
10252 10251 10249
10252 10250 10253
10252 10253 10254
10252 10254 10255
10251 10252 10255
10256 10255 10254
10256 10257 10255
10251 10255 10258
10258 10255 10257
10248 10251 10258
10258 10257 10259
10259 10260 10258
10248 10258 10261
10260 10261 10258
10261 10245 10248
10260 10262 10261
10261 10263 10245
10263 10261 10262
10242 10245 10263
10262 10264 10263
10242 10263 10265
10263 10264 10265
10265 10239 10242
10266 10265 10264
10265 10267 10239
10266 10267 10265
10237 10239 10267
10266 10268 10267
10237 10267 10269
10267 10268 10269
10269 10236 10237
10269 10270 10236
10236 10270 10215
10271 10269 10268
10270 10269 10272
10271 10272 10269
10215 10270 10273
10270 10272 10273
10271 10268 10274
10275 10274 10268
10275 10264 10276
10275 10277 10274
10275 10276 10277
10272 10271 10278
10271 10274 10278
10215 10273 10279
10215 10279 10212
10213 10212 10279
10213 10279 10273
10280 10273 10272
10272 10278 10280
10213 10273 10281
10280 10281 10273
10281 10191 10213
10281 10280 10282
10281 10282 10191
10280 10278 10282
10195 10191 10282
10283 10282 10278
10278 10274 10283
10282 10283 10195
10284 10283 10274
10284 10274 10285
10283 10286 10195
10283 10284 10286
10195 10286 10192
10192 10286 10287
10284 10287 10286
10192 10287 10194
10285 10288 10284
10288 10287 10284
10285 10276 10288
10288 10289 10287
10289 10194 10287
10290 10288 10276
10289 10288 10290
10276 10291 10290
10290 10291 10292
10293 10292 10291
10289 10290 10294
10292 10294 10290
10289 10295 10194
10294 10295 10289
10292 10293 10296
10293 10297 10296
10296 10297 10298
10299 10194 10295
10299 10300 10194
10301 10299 10295
10294 10301 10295
10301 10302 10299
10292 10303 10294
10303 10301 10294
10296 10303 10292
10304 10302 10301
10303 10304 10301
10304 10305 10302
10296 10298 10306
10307 10306 10298
10307 10308 10306
10296 10309 10303
10304 10303 10309
10306 10309 10296
10310 10305 10304
10304 10309 10310
10310 10311 10305
10306 10312 10309
10312 10310 10309
10311 10310 10312
10313 10312 10306
10311 10312 10314
10313 10314 10312
10315 10316 10317
10315 10317 10318
10318 10319 10315
10320 10318 10317
10320 10317 10321
10322 10320 10321
10323 10322 10321
10322 10323 10324
10325 10324 10323
10326 10324 10325
10326 10327 10324
10326 10328 10327
10322 10324 10329
10329 10324 10327
10330 10320 10322
10322 10329 10330
10318 10320 10331
10330 10331 10320
10318 10332 10319
10318 10331 10332
10333 10319 10332
10333 10334 10319
10332 10331 10335
10332 10335 10333
10336 10331 10330
10336 10335 10331
10334 10333 10337
10334 10337 10338
10339 10333 10335
10339 10337 10333
10338 10337 10340
10338 10340 10341
10342 10340 10337
10342 10337 10339
10341 10340 10343
10343 10340 10342
10341 10343 10344
10345 10339 10335
10345 10335 10336
10339 10346 10342
10339 10345 10346
10342 10347 10343
10342 10346 10347
10348 10343 10347
10348 10349 10343
10348 10347 10350
10351 10350 10347
10351 10347 10346
10352 10351 10346
10353 10352 10346
10345 10353 10346
10353 10345 10354
10336 10354 10345
10355 10354 10336
10355 10336 10356
10336 10330 10356
10329 10356 10330
10355 10356 10357
10329 10357 10356
10355 10357 10358
10329 10359 10357
10329 10327 10359
10359 10327 10360
10359 10360 10357
10360 10327 10328
10358 10357 10361
10360 10361 10357
10360 10328 10362
10362 10361 10360
10328 10363 10362
10362 10363 10364
10365 10358 10361
10365 10366 10358
10362 10367 10361
10367 10365 10361
10362 10364 10368
10368 10367 10362
10365 10369 10366
10370 10366 10369
10364 10371 10368
10364 10372 10371
10371 10373 10368
10368 10373 10367
10371 10374 10373
10367 10375 10365
10373 10375 10367
10375 10369 10365
10376 10373 10374
10373 10376 10375
10376 10374 10377
10370 10369 10378
10379 10370 10378
10380 10379 10378
10375 10381 10369
10381 10375 10376
10381 10378 10369
10382 10376 10377
10381 10376 10382
10382 10377 10383
10384 10380 10378
10380 10384 10385
10386 10385 10384
10384 10387 10386
10381 10388 10378
10388 10381 10382
10384 10378 10388
10384 10389 10387
10384 10388 10389
10390 10387 10389
10388 10382 10391
10389 10388 10391
10390 10389 10391
10391 10382 10392
10391 10392 10390
10393 10394 10395
10393 10396 10394
10394 10396 10397
10394 10397 10398
10399 10398 10397
10399 10400 10398
10396 10393 10401
10402 10396 10401
10393 10403 10401
10396 10402 10404
10396 10404 10397
10405 10404 10402
10404 10405 10406
10407 10397 10404
10404 10406 10407
10407 10399 10397
10407 10406 10408
10399 10407 10408
10409 10408 10406
10393 10410 10403
10411 10403 10410
10411 10410 10412
10413 10410 10393
10413 10393 10414
10412 10410 10415
10412 10415 10416
10399 10408 10417
10399 10417 10418
10408 10409 10419
10417 10408 10419
10417 10419 10420
10409 10421 10419
10422 10419 10421
10422 10423 10419
10424 10419 10423
10424 10423 10425
10423 10426 10425
10423 10427 10426
10422 10427 10423
10422 10428 10427
10429 10430 10431
10429 10431 10432
10433 10434 10435
10433 10435 10436
10437 10438 10439
10437 10439 10440
10441 10442 10443
10441 10443 10444
10445 10446 10447
10445 10447 10448
10449 10450 10445
10449 10451 10450
10452 10453 10454
10452 10454 10455
10456 10457 10458
10456 10458 10459
10460 10461 10462
10460 10462 10463
10464 10465 10466
10464 10466 10467
10468 10469 10470
10468 10470 10471
10472 10473 10474
10472 10474 10475
10476 10477 10478
10476 10478 10479
10480 10481 10482
10480 10482 10483
10484 10485 10486
10484 10486 10487
10488 10489 10490
10489 10491 10490
10491 10492 10490
10491 10493 10492
10494 10492 10493
10495 10496 10497
10498 10497 10496
10497 10498 10499
10498 10500 10499
10500 10501 10499
10502 10503 10504
10502 10504 10505
10505 10506 10502
10505 10507 10506
10508 10509 10510
10508 10511 10509
10511 10508 10512
10511 10512 10513
10512 10514 10513
10515 10516 10517
10515 10517 10518
10519 10515 10518
10519 10518 10520
10521 10522 10523
10521 10523 10524
10524 10523 10525
10524 10525 10526
10525 10527 10526
10528 10529 10530
10528 10530 10531
10532 10528 10531
10532 10531 10533
10534 10535 10536
10534 10537 10535
10537 10534 10538
10537 10538 10539
10538 10540 10539
10541 10542 10543
10541 10543 10544
10544 10545 10541
10544 10546 10545
10547 10548 10549
10547 10549 10550
10550 10549 10551
10550 10551 10552
10551 10553 10552
10554 10555 10556
10556 10557 10554
10558 10554 10557
10559 10554 10558
10559 10558 10560
10561 10559 10560
10562 10559 10561
10562 10563 10559
10554 10559 10563
10563 10562 10564
10565 10563 10564
10554 10563 10566
10565 10566 10563
10554 10566 10567
10565 10568 10566
10567 10566 10569
10569 10566 10568
10570 10571 10572
10572 10573 10570
10574 10570 10573
10574 10575 10570
10574 10576 10575
10577 10575 10576
10575 10577 10578
10575 10579 10570
10570 10579 10580
10580 10579 10581
10581 10579 10582
10583 10582 10579
10575 10578 10584
10575 10584 10579
10583 10579 10584
10584 10578 10585
10583 10584 10585
10586 10587 10588
10588 10589 10586
10590 10586 10589
10590 10591 10586
10590 10592 10591
10593 10591 10592
10591 10593 10594
10591 10594 10595
10595 10586 10591
10595 10594 10596
10595 10596 10597
10595 10598 10586
10595 10597 10598
10586 10598 10599
10597 10600 10598
10599 10598 10601
10601 10598 10600
10602 10603 10604
10604 10605 10602
10606 10602 10605
10606 10607 10602
10608 10602 10607
10609 10608 10607
10610 10608 10609
10610 10611 10608
10602 10608 10611
10611 10610 10612
10602 10611 10613
10611 10612 10613
10602 10613 10614
10615 10613 10612
10616 10614 10613
10615 10617 10613
10616 10613 10617
10618 10619 10620
10618 10620 10621
10618 10622 10623
10618 10623 10624
9397 10625 10626
9397 10627 10625
10628 10629 10630
10628 10630 10631
10632 10633 10634
10632 10634 10635
10636 10637 10638
10636 10638 10639
10640 10641 10642
10640 10642 10643
10644 10645 10646
10644 10646 10647
10648 10649 10650
10648 10650 10651
10652 10653 10654
10652 10654 10655
10656 10657 10658
10656 10658 10659
10660 10661 10662
10660 10662 10663
10664 10665 10666
10664 10666 10667
10668 10669 10670
10668 10670 10671
10672 10673 10674
10672 10674 10675
10676 10677 10678
10676 10678 10679
10680 10681 10682
10680 10682 10683
10684 10685 10686
10684 10686 10687
10688 10689 10690
10688 10690 10691
10692 10693 10694
10692 10694 10695
10696 10697 10698
10696 10698 10699
10700 10701 10702
10700 10702 10703
10704 10705 10706
10704 10706 10707
10708 10709 10710
10708 10710 10711
10712 10713 10714
10712 10714 10715
10716 10717 10718
10716 10718 10719
10720 10721 10722
10720 10722 10723
10724 10725 10726
10724 10726 10727
10728 10729 10730
10728 10730 10731
10732 10733 10734
10732 10734 10735
10736 10737 10738
10736 10738 10739
10740 10741 10742
10740 10742 10743
10744 10745 10746
10744 701 10745
10747 10748 10749
10747 10749 10750
10751 10747 10750
10751 10750 10752
10753 10751 10752
10753 10754 10751
10755 10754 10753
10755 10753 10756
10757 10755 10756
10757 10758 10755
10759 10758 10757
10759 10757 10760
10759 10760 10761
10762 10763 10764
10762 10765 10763
10765 10766 10763
10765 10767 10766
10767 10768 10766
10767 10769 10768
10770 10768 10769
10770 10771 10768
10771 10770 10772
10771 10772 10773
10773 10772 10774
10773 10774 10775
10775 10774 10776
10777 10778 10779
10777 10779 10780
10781 10782 10783
10781 10783 10784
10783 10785 10784
10783 10786 10785
10786 10787 10785
10786 10788 10787
10788 10789 10787
10788 10790 10789
10790 10791 10789
10790 10792 10791
10792 10793 10794
10792 10795 10793
10795 10796 10797
10795 10798 10796
10798 10799 10796
10798 10800 10799
10799 10801 10796
10802 10803 10804
10802 10805 10803
10805 10806 10803
10805 10807 10806
10807 10808 10806
10807 10809 10808
10810 10811 10812
10810 10813 10811
10813 10814 10811
10813 10815 10814
10815 10816 10814
10815 10817 10816
10817 10818 10816
10817 10819 10818
10820 10821 10822
10820 10823 10821
10823 10824 10821
10823 10825 10824
10826 10824 10825
10826 10825 10827
10828 10829 10830
10828 10831 10832
10828 10832 10833
10832 10834 10829
10832 10835 10834
10835 10836 10834
10835 10837 10836
10837 10838 10836
10837 10839 10838
10839 10840 10841
10839 10842 10840
10842 10843 10840
10842 10844 10843
10844 10845 10843
10844 10846 10845
10846 10847 10845
10846 10848 10847
10849 10850 10851
10849 10851 10852
10853 10854 10855
10853 10855 10856
10856 10855 10857
10856 10857 10858
10858 10857 10859
10860 10861 10862
10860 10862 10863
10863 10862 10864
10865 10866 10867
10865 10868 10866
10868 10869 10866
10868 10870 10869
10870 10871 10869
10870 10872 10871
10872 10873 10871
10872 10874 10873
10874 10875 10873
10874 10876 10875
10876 10877 10875
10876 10878 10877
10879 10880 10881
10880 10879 10882
10883 10880 10882
10883 10882 10884
10884 10885 10883
10886 10882 10879
10886 10879 10887
10888 10886 10887
10887 10879 10889
10879 10890 10889
10887 10889 10891
10888 10887 10892
10892 10887 10891
10888 10892 10893
10892 10891 10894
10895 10892 10894
10895 10894 10896
10897 10892 10895
10897 10898 10892
10899 10897 10895
10900 10899 10895
10901 10900 10895
10902 10895 10896
10901 10895 10902
10902 10896 10903
10902 10904 10901
10905 10904 10902
10905 10902 10906
10906 10902 10907
10906 10907 10908
10909 10905 10906
10910 10906 10908
10909 10906 10910
10910 10908 10911
10912 10910 10911
10913 10910 10912
10909 10910 10913
10909 10913 10914
10915 10909 10914
10914 10916 10915
10917 10918 10919
10917 10919 10920
10921 10917 10920
10922 10923 10924
10922 10925 10923
10925 10926 10923
10925 10927 10926
10927 10928 10926
10927 10929 10928
10929 10930 10928
10931 9633 10932
10931 10933 9633
10934 10933 10931
9633 10933 9635
10935 9635 10933
10935 10933 10934
10934 10931 10936
10934 10937 10935
10936 10938 10934
10934 10939 10937
10934 10938 10940
10934 10940 10939
10941 10942 10943
10941 10944 10942
10944 10945 10942
10946 10944 10941
10944 10947 10945
10946 10948 10944
10948 10947 10944
10949 10948 10946
10948 10950 10947
10949 10951 10948
10951 10950 10948
10951 10952 10950
10953 10954 10955
10953 10956 10954
10956 10957 10954
10956 10958 10957
10958 10959 10957
10958 10960 10959
10960 10961 10959
10960 10962 10961
10962 10963 10961
10962 10964 10963
10965 10963 10966
10965 10966 10967
10968 10965 10967
10968 10969 10965
10970 10969 10968
10970 10971 10969
10972 10971 10970
10972 10973 10971
10974 10973 10972
10974 10975 10973
10976 10977 10978
10976 10978 10979
10980 10976 10979
10980 10979 10981
10982 10980 10981
10982 10981 10983
10984 10982 10983
10984 10983 10985
10986 10984 10985
10986 10985 10987
10988 10989 10990
10988 10990 10991
10992 10988 10991
10992 10993 10988
10992 10994 10993
10992 10995 10994
10996 10997 10998
10996 10999 10997
10999 11000 10997
10999 11001 11000
11001 11002 11000
11001 11003 11002
11004 11005 11006
11004 11007 11005
11007 11008 11005
11009 11007 11004
11007 11010 11008
11009 11011 11007
11011 11010 11007
11011 11012 11010
11013 11011 11009
11014 11012 11011
11013 11015 11011
11014 11011 11015
11015 11013 11016
11017 11014 11015
11015 11016 11017
11018 11017 11016
11017 11019 11014
11018 11020 11017
11020 11019 11017
11020 11021 11019
11022 11023 11024
11022 11025 11023
11026 11025 11022
11026 11027 11025
11028 11027 11026
11028 11029 11027
11030 11029 11028
11030 11028 11031
11032 11030 11031
11032 11033 11030
11034 11035 11036
11034 11037 11035
11034 11038 11037
11034 11039 11038
11040 11038 11039
11040 11041 11038
11042 11043 11044
11042 11044 11045
11046 11045 11044
11046 11047 11045
11046 11048 11047
11046 11049 11048
11050 11051 11052
11050 11052 11053
11053 11054 11050
11055 11053 11052
11053 11056 11054
11055 11057 11053
11057 11056 11053
11058 11057 11055
11057 11059 11056
11058 11060 11057
11060 11059 11057
11061 11060 11058
11060 11062 11059
11061 11063 11060
11063 11062 11060
11064 11063 11061
11063 11065 11062
11064 11066 11063
11066 11065 11063
11066 11067 11065
11068 11069 11070
11068 11070 11071
11071 11072 11068
11071 11070 11073
11071 11074 11072
11071 11073 11075
11075 11074 11071
11076 11075 11073
11075 11077 11074
11076 11078 11075
11078 11077 11075
11078 11079 11077
11080 11081 11082
11080 11083 11081
11083 11084 11081
11085 11083 11080
11083 11086 11084
11085 11087 11083
11087 11086 11083
11088 11087 11085
11087 11089 11086
11088 11090 11087
11090 11089 11087
11091 11090 11088
11090 11092 11089
11091 11093 11090
11093 11092 11090
11094 11093 11091
11093 11095 11092
11094 11096 11093
11096 11095 11093
11096 11094 11097
11096 11098 11095
11096 11097 11099
11099 11098 11096
11099 11100 11098
11101 11102 11103
11101 11103 11104
11105 11101 11104
11105 11104 11106
11107 11105 11106
11107 11106 11108
11107 11108 11109
11107 11109 11110
11110 11109 11111
11110 11111 11112
11112 11111 11113
11112 11113 11114
11115 11116 11117
11115 11118 11116
11118 11119 11116
11118 11120 11119
11120 11121 11119
11120 11122 11121
11123 11121 11122
11123 11124 11121
11125 11124 11123
11125 11126 11124
11127 11126 11125
11127 11125 11128
11129 11130 11131
11129 11132 11130
11133 11132 11129
11134 11130 11132
11133 11135 11132
11135 11133 11136
11134 11132 11137
11135 11137 11132
11137 11138 11134
11135 11136 11139
11137 11135 11140
11140 11135 11139
11136 11141 11139
11136 11142 11141
11143 11141 11142
11143 11142 11144
11144 11145 11143
11144 11146 11145
11146 11147 11145
11146 11148 11147
11147 11148 11149
11147 11149 11150
11150 11149 11151
11145 11147 11152
11152 11147 11150
11143 11145 11153
11145 11152 11153
11141 11143 11154
11143 11153 11154
11153 11155 11154
11141 11154 11156
11156 11154 11155
11156 11139 11141
11150 11151 11157
11157 11151 11158
11152 11150 11159
11159 11150 11157
11153 11152 11160
11160 11152 11159
11153 11161 11155
11153 11160 11161
11156 11162 11139
11140 11139 11162
11163 11140 11162
11140 11163 11137
11137 11163 11164
11137 11164 11138
11165 11138 11164
11165 11166 11138
11167 11164 11163
11167 11165 11164
11168 11166 11165
11168 11169 11166
11170 11165 11167
11170 11168 11165
11171 11169 11168
11171 11172 11169
11173 11172 11171
11174 11171 11168
11174 11168 11170
11163 11162 11175
11163 11176 11167
11163 11175 11176
11177 11170 11167
11177 11167 11176
11178 11174 11170
11178 11170 11177
11179 11175 11162
11156 11179 11162
11175 11180 11176
11180 11177 11176
11156 11181 11179
11181 11182 11179
11182 11181 11155
11156 11155 11181
11179 11183 11175
11175 11183 11180
11179 11182 11183
11182 11180 11183
11184 11178 11177
11180 11185 11177
11184 11177 11185
11186 11178 11184
11186 11187 11178
11188 11186 11184
11188 11184 11189
11185 11189 11184
11190 11185 11180
11190 11180 11182
11191 11188 11189
11191 11192 11188
11193 11192 11191
11185 11194 11189
11190 11194 11185
11189 11194 11195
11189 11195 11191
11190 11195 11194
11193 11191 11196
11196 11191 11195
11197 11193 11196
11197 11198 11193
11190 11199 11195
11199 11190 11182
11196 11195 11200
11200 11197 11196
11200 11195 11199
11201 11198 11197
11198 11201 11202
11203 11202 11201
11203 11204 11202
11203 11205 11204
11206 11204 11205
11199 11182 11207
11200 11199 11208
11207 11208 11199
11209 11200 11208
11200 11210 11197
11209 11210 11200
11197 11210 11211
11211 11210 11209
11201 11197 11212
11197 11211 11212
11203 11201 11213
11212 11213 11201
11203 11214 11205
11214 11203 11213
11212 11215 11213
11215 11212 11211
11216 11207 11182
11182 11155 11216
11214 11217 11205
11206 11205 11217
11206 11217 11218
11206 11218 11219
11220 11218 11217
11214 11220 11217
11220 11214 11221
11220 11222 11218
11223 11222 11220
11220 11221 11223
11223 11224 11222
11225 11224 11223
11225 11223 11221
11225 11226 11224
11227 11216 11155
11227 11155 11161
11161 11228 11227
11161 11160 11228
11216 11227 11229
11228 11229 11227
11214 11230 11221
11214 11213 11230
11230 11213 11215
11230 11215 11231
11221 11230 11231
11226 11225 11232
11226 11232 11233
11228 11160 11234
11160 11159 11234
11235 11231 11215
11215 11211 11235
11236 11233 11232
11236 11237 11233
11238 11236 11232
11238 11239 11236
11240 11232 11225
11232 11240 11238
11241 11239 11238
11240 11241 11238
11241 11242 11239
11240 11225 11243
11243 11225 11221
11221 11231 11244
11243 11221 11244
11245 11240 11243
11240 11245 11241
11246 11243 11244
11246 11244 11231
11245 11243 11246
11246 11231 11247
11245 11246 11247
11235 11247 11231
11248 11242 11241
11248 11249 11242
11245 11250 11241
11245 11247 11250
11250 11248 11241
11247 11235 11251
11247 11251 11250
11249 11248 11252
11249 11252 11253
11248 11250 11254
11248 11254 11252
11253 11252 11255
11253 11255 11256
11252 11257 11255
11252 11254 11257
11258 11256 11255
11257 11258 11255
11258 11259 11256
11260 11254 11250
11260 11250 11251
11261 11251 11235
11261 11235 11211
11211 11209 11261
11251 11261 11262
11251 11262 11260
11209 11262 11261
11263 11254 11260
11263 11257 11254
11260 11264 11263
11260 11262 11264
11265 11257 11263
11264 11265 11263
11257 11266 11258
11265 11266 11257
11209 11267 11262
11268 11267 11209
11268 11209 11208
11207 11268 11208
11262 11267 11269
11262 11269 11264
11269 11267 11268
11270 11268 11207
11216 11270 11207
11216 11229 11270
11270 11271 11268
11270 11229 11271
11269 11268 11271
11272 11271 11229
11228 11272 11229
11273 11269 11271
11272 11273 11271
11274 11264 11269
11273 11274 11269
11275 11272 11228
11228 11234 11275
11276 11273 11272
11275 11276 11272
11274 11277 11264
11264 11277 11265
11278 11274 11273
11276 11278 11273
11279 11277 11274
11278 11279 11274
11265 11277 11280
11279 11280 11277
11265 11280 11281
11281 11266 11265
11281 11282 11266
11258 11266 11282
11258 11282 11283
11283 11259 11258
11283 11284 11259
11285 11284 11283
11285 11286 11284
11287 11286 11285
11283 11282 11288
11283 11288 11285
11285 11288 11289
11285 11289 11290
11287 11285 11290
11291 11288 11282
11291 11282 11281
11289 11288 11291
11287 11290 11292
11289 11292 11290
11293 11287 11292
11294 11293 11292
11294 11292 11289
11294 11295 11293
11281 11296 11291
11281 11280 11296
11297 11296 11280
11297 11280 11279
11291 11296 11298
11298 11296 11297
11299 11297 11279
11299 11279 11278
11289 11291 11300
11291 11298 11300
11298 11297 11301
11301 11297 11299
11302 11299 11278
11302 11278 11276
11303 11300 11298
11301 11303 11298
11304 11289 11300
11303 11304 11300
11305 11299 11302
11301 11299 11305
11306 11302 11276
11306 11276 11275
11304 11307 11289
11307 11294 11289
11305 11302 11308
11308 11302 11306
11275 11309 11306
11275 11234 11309
11294 11307 11310
11294 11310 11295
11234 11311 11309
11234 11159 11311
11159 11157 11311
11311 11157 11312
11157 11158 11312
11309 11311 11313
11311 11312 11313
11306 11309 11314
11309 11313 11314
11306 11314 11315
11308 11306 11315
11316 11314 11313
11315 11314 11316
11317 11313 11312
11316 11313 11317
11318 11308 11315
11305 11308 11318
11158 11319 11312
11317 11312 11319
11315 11316 11320
11318 11315 11320
11316 11321 11320
11321 11318 11320
11322 11305 11318
11322 11301 11305
11323 11316 11317
11316 11323 11321
11324 11317 11319
11323 11317 11324
11158 11325 11319
11324 11319 11325
11158 11326 11325
11324 11325 11326
11158 11327 11326
11321 11328 11318
11322 11318 11328
11329 11321 11323
11328 11321 11329
11324 11330 11323
11329 11323 11330
11330 11331 11329
11328 11329 11332
11332 11322 11328
11331 11332 11329
11327 11333 11326
11327 11334 11333
11326 11335 11324
11324 11335 11330
11326 11333 11335
11334 11336 11333
11334 11337 11336
11335 11338 11330
11330 11338 11331
11333 11339 11335
11333 11336 11339
11335 11339 11338
11337 11340 11336
11339 11336 11340
11337 11341 11340
11341 11342 11340
11342 11341 11343
11343 11344 11342
11343 11345 11344
11344 11345 11346
11339 11340 11347
11342 11347 11340
11348 11338 11339
11348 11339 11347
11342 11349 11347
11344 11349 11342
11344 11346 11350
11351 11350 11346
11352 11338 11348
11352 11331 11338
11347 11353 11348
11347 11349 11353
11354 11352 11348
11354 11348 11353
11353 11355 11354
11349 11356 11353
11353 11356 11355
11344 11357 11349
11349 11357 11356
11358 11357 11344
11356 11357 11358
11358 11344 11350
11359 11352 11354
11355 11359 11354
11356 11358 11360
11355 11356 11360
11350 11361 11358
11361 11360 11358
11359 11362 11352
11331 11352 11362
11350 11363 11361
11351 11363 11350
11351 11364 11363
11364 11361 11363
11365 11364 11351
11366 11365 11351
11366 11367 11365
11366 11368 11367
11367 11368 11369
11364 11370 11361
11365 11370 11364
11367 11371 11365
11365 11371 11370
11370 11372 11361
11361 11372 11360
11373 11370 11371
11370 11373 11372
11374 11360 11372
11355 11360 11374
11375 11355 11374
11374 11372 11376
11375 11374 11376
11377 11372 11373
11377 11376 11372
11373 11371 11378
11378 11377 11373
11379 11377 11378
11367 11380 11371
11371 11380 11378
11381 11380 11367
11378 11380 11381
11375 11382 11355
11355 11382 11359
11382 11383 11359
11383 11362 11359
11379 11378 11384
11381 11384 11378
11381 11367 11385
11367 11369 11385
11381 11386 11384
11379 11384 11386
11369 11387 11385
11369 11388 11387
11389 11381 11385
11389 11385 11387
11381 11389 11386
11388 11390 11387
11390 11389 11387
11388 11391 11390
11390 11391 11392
11390 11392 11393
11394 11390 11393
11394 11389 11390
11386 11389 11394
11386 11394 11395
11396 11386 11395
11379 11386 11396
11397 11379 11396
11396 11395 11398
11398 11397 11396
11398 11399 11397
11400 11397 11399
11400 11399 11401
11402 11400 11401
11402 11401 11403
11404 11402 11403
11404 11403 11405
11406 11404 11405
11406 11405 11407
11407 11408 11406
11407 11409 11408
11410 11404 11406
11408 11410 11406
11411 11402 11404
11410 11411 11404
11412 11400 11402
11411 11412 11402
11413 11408 11409
11413 11409 11414
11408 11415 11410
11415 11408 11413
11416 11413 11414
11416 11414 11417
11418 11413 11416
11415 11413 11418
11418 11416 11419
11420 11418 11419
11420 11415 11418
11420 11419 11421
11422 11420 11421
11423 11415 11420
11422 11423 11420
11410 11415 11424
11423 11424 11415
11425 11423 11422
11425 11422 11426
11427 11410 11424
11411 11410 11427
11423 11428 11424
11423 11425 11428
11428 11427 11424
11425 11429 11428
11426 11430 11425
11425 11430 11429
11426 11431 11430
11430 11431 11429
11431 11426 11432
11431 11432 11433
11431 11433 11434
11435 11431 11434
11431 11435 11429
11436 11435 11434
11429 11435 11436
11433 11432 11437
11433 11437 11438
11434 11433 11438
11437 11439 11438
11434 11438 11439
11437 11440 11439
11439 11440 11441
11439 11441 11442
11443 11439 11442
11442 11441 11444
11434 11439 11445
11443 11445 11439
11434 11445 11446
11443 11446 11445
11436 11434 11447
11434 11446 11447
11448 11443 11442
11442 11444 11448
11449 11436 11447
11446 11449 11447
11443 11450 11446
11446 11451 11449
11450 11451 11446
11444 11452 11448
11444 11453 11452
11453 11444 11454
11295 11453 11454
11310 11453 11295
11453 11310 11452
11452 11310 11455
11307 11455 11310
11448 11452 11456
11452 11455 11456
11448 11457 11443
11448 11456 11457
11307 11458 11455
11307 11304 11458
11459 11456 11455
11457 11456 11459
11459 11455 11458
11443 11457 11460
11457 11459 11460
11443 11460 11450
11461 11458 11304
11461 11459 11458
11461 11304 11303
11460 11459 11462
11461 11462 11459
11463 11450 11460
11460 11462 11463
11464 11461 11303
11301 11464 11303
11322 11464 11301
11463 11465 11450
11450 11465 11451
11464 11466 11461
11462 11461 11466
11467 11464 11322
11467 11466 11464
11332 11467 11322
11462 11468 11463
11465 11463 11468
11467 11332 11469
11331 11469 11332
11470 11451 11465
11465 11468 11470
11462 11466 11471
11462 11471 11468
11466 11467 11472
11472 11467 11469
11471 11466 11473
11466 11472 11473
11468 11471 11473
11473 11472 11469
11469 11331 11474
11473 11469 11474
11331 11362 11474
11468 11473 11475
11475 11473 11474
11475 11474 11362
11470 11468 11475
11383 11475 11362
11470 11475 11383
11470 11476 11451
11383 11476 11470
11477 11451 11476
11477 11449 11451
11383 11478 11476
11382 11478 11383
11375 11478 11382
11479 11476 11478
11479 11477 11476
11375 11479 11478
11480 11479 11375
11477 11479 11480
11477 11481 11449
11449 11481 11436
11480 11375 11482
11375 11376 11482
11477 11480 11483
11477 11483 11481
11376 11484 11482
11484 11376 11377
11485 11480 11482
11480 11485 11483
11485 11482 11484
11481 11483 11486
11485 11486 11483
11436 11481 11487
11481 11486 11487
11486 11488 11487
11436 11487 11489
11487 11488 11489
11429 11436 11489
11490 11429 11489
11488 11490 11489
11490 11428 11429
11490 11491 11428
11491 11490 11488
11428 11491 11427
11427 11491 11492
11491 11488 11492
11411 11427 11492
11493 11411 11492
11493 11492 11488
11493 11412 11411
11486 11494 11488
11493 11488 11494
11412 11493 11495
11495 11493 11494
11496 11494 11486
11485 11496 11486
11484 11496 11485
11496 11497 11494
11495 11494 11497
11498 11496 11484
11498 11497 11496
11484 11377 11498
11379 11498 11377
11499 11497 11498
11379 11499 11498
11499 11495 11497
11397 11499 11379
11397 11495 11499
11412 11495 11500
11397 11500 11495
11412 11500 11400
11397 11400 11500
11501 11502 11503
11501 11503 11174
11504 11501 11174
11504 11187 11501
11505 11506 11507
11505 11507 11508
11509 11505 11508
11510 11508 11507
11509 11508 11511
11511 11512 11509
11510 11513 11508
11511 11508 11513
11513 11510 11514
11511 11515 11512
11513 11516 11511
11516 11515 11511
11512 11515 11517
11512 11517 11518
11519 11518 11517
11519 11520 11518
11520 11519 11521
11520 11521 11522
11522 11521 11523
11522 11523 11524
11523 11525 11524
11523 11526 11525
11526 11527 11525
11521 11528 11523
11528 11526 11523
11519 11529 11521
11521 11529 11528
11517 11530 11519
11519 11530 11529
11529 11530 11531
11517 11532 11530
11532 11531 11530
11532 11517 11515
11526 11533 11527
11533 11534 11527
11528 11535 11526
11535 11533 11526
11529 11536 11528
11536 11535 11528
11529 11531 11537
11529 11537 11536
11532 11515 11538
11516 11538 11515
11539 11538 11516
11516 11513 11539
11513 11540 11539
11513 11514 11540
11541 11540 11514
11541 11514 11542
11543 11539 11540
11543 11540 11541
11544 11541 11542
11544 11542 11545
11546 11543 11541
11546 11541 11544
11547 11544 11545
11547 11545 11548
11549 11547 11548
11550 11547 11549
11551 11544 11547
11551 11546 11544
11550 11552 11547
11553 11552 11550
11553 11546 11551
11553 11550 11554
11555 11553 11554
11556 11543 11546
11553 11556 11546
11555 11557 11553
11557 11556 11553
11558 11557 11555
11556 11559 11543
11539 11543 11559
11539 11559 11560
11539 11560 11538
11561 11559 11556
11560 11559 11561
11557 11562 11556
11561 11556 11562
11558 11563 11557
11562 11557 11563
11564 11538 11560
11532 11538 11564
11560 11561 11565
11564 11560 11565
11566 11565 11561
11564 11565 11566
11532 11564 11567
11567 11564 11566
11532 11567 11531
11566 11531 11567
11568 11561 11562
11568 11566 11561
11569 11563 11558
11569 11558 11570
11571 11569 11570
11562 11563 11572
11568 11562 11572
11563 11573 11572
11563 11569 11573
11568 11572 11573
11571 11574 11569
11574 11573 11569
11575 11574 11571
11575 11571 11576
11568 11573 11577
11577 11566 11568
11574 11578 11573
11578 11574 11575
11578 11577 11573
11579 11575 11576
11576 11580 11579
11581 11579 11580
11581 11580 11582
11581 11582 11583
11584 11583 11582
11577 11585 11566
11578 11586 11577
11585 11577 11586
11587 11586 11578
11578 11575 11588
11587 11578 11588
11575 11589 11588
11589 11587 11588
11579 11590 11575
11575 11590 11589
11581 11591 11579
11590 11579 11591
11581 11583 11592
11592 11591 11581
11590 11591 11593
11593 11589 11590
11594 11566 11585
11566 11594 11531
11592 11583 11595
11584 11595 11583
11584 11596 11595
11584 11597 11596
11598 11595 11596
11592 11595 11598
11598 11599 11592
11598 11596 11600
11601 11598 11600
11598 11601 11599
11601 11600 11602
11603 11601 11602
11603 11599 11601
11603 11602 11604
11605 11531 11594
11605 11537 11531
11537 11605 11606
11537 11606 11536
11594 11607 11605
11606 11605 11607
11592 11599 11608
11592 11608 11591
11608 11593 11591
11608 11609 11593
11599 11609 11608
11604 11610 11603
11604 11611 11610
11606 11612 11536
11536 11612 11535
11613 11593 11609
11593 11613 11589
11614 11610 11611
11614 11611 11615
11616 11610 11614
11616 11614 11617
11618 11603 11610
11610 11616 11618
11619 11616 11617
11618 11616 11619
11619 11617 11620
11618 11621 11603
11621 11599 11603
11599 11622 11609
11621 11622 11599
11623 11621 11618
11618 11619 11623
11624 11622 11621
11624 11609 11622
11623 11624 11621
11624 11625 11609
11623 11625 11624
11613 11609 11625
11626 11619 11620
11626 11620 11627
11623 11619 11628
11623 11628 11625
11628 11619 11626
11625 11629 11613
11625 11628 11629
11627 11630 11626
11627 11631 11630
11626 11632 11628
11626 11630 11632
11631 11633 11630
11631 11634 11633
11630 11633 11635
11630 11635 11632
11636 11633 11634
11635 11633 11636
11636 11634 11637
11638 11628 11632
11638 11629 11628
11639 11613 11629
11639 11589 11613
11589 11639 11587
11629 11640 11639
11629 11638 11640
11587 11639 11640
11641 11638 11632
11641 11632 11635
11638 11641 11642
11638 11642 11640
11643 11641 11635
11642 11641 11643
11635 11636 11644
11643 11635 11644
11645 11636 11637
11645 11637 11646
11636 11647 11644
11636 11645 11647
11648 11645 11646
11648 11646 11649
11650 11648 11649
11651 11643 11644
11651 11644 11647
11645 11652 11647
11645 11648 11652
11648 11653 11652
11648 11654 11653
11650 11654 11648
11655 11647 11652
11655 11651 11647
11653 11655 11652
11650 11656 11654
11653 11654 11656
11657 11656 11650
11658 11656 11657
11658 11653 11656
11658 11657 11659
11643 11651 11660
11651 11655 11661
11651 11661 11660
11643 11660 11662
11642 11643 11662
11658 11659 11663
11664 11653 11658
11658 11663 11664
11663 11659 11665
11659 11666 11665
11665 11666 11667
11665 11668 11663
11667 11668 11665
11664 11663 11669
11668 11669 11663
11670 11660 11661
11671 11662 11660
11670 11671 11660
11672 11670 11661
11655 11672 11661
11671 11673 11662
11673 11642 11662
11655 11674 11672
11653 11674 11655
11675 11653 11664
11675 11674 11653
11676 11672 11674
11676 11674 11675
11672 11677 11670
11677 11672 11676
11678 11671 11670
11677 11678 11670
11664 11679 11675
11664 11669 11679
11680 11676 11675
11680 11675 11679
11681 11679 11669
11680 11679 11681
11678 11682 11671
11682 11673 11671
11677 11676 11683
11683 11676 11680
11681 11669 11684
11668 11684 11669
11685 11684 11668
11667 11685 11668
11686 11681 11684
11685 11686 11684
11685 11687 11686
11688 11685 11667
11685 11688 11687
11687 11688 11689
11688 11667 11690
11689 11688 11690
11689 11690 11691
11692 11689 11691
11686 11693 11681
11687 11693 11686
11680 11681 11694
11693 11694 11681
11694 11695 11680
11683 11680 11695
11692 11696 11689
11697 11689 11696
11697 11698 11689
11687 11689 11698
11699 11696 11692
11697 11696 11699
11699 11692 11700
11701 11699 11700
11701 11697 11699
11701 11700 11702
11687 11698 11703
11697 11703 11698
11687 11703 11704
11687 11704 11693
11705 11693 11704
11693 11705 11694
11705 11704 11706
11694 11705 11707
11706 11707 11705
11704 11708 11706
11704 11703 11708
11694 11707 11709
11694 11709 11695
11706 11710 11707
11710 11706 11708
11707 11711 11709
11709 11711 11695
11710 11712 11707
11707 11712 11711
11697 11713 11703
11714 11713 11697
11703 11713 11715
11703 11715 11708
11715 11713 11714
11714 11697 11716
11717 11714 11716
11716 11697 11701
11701 11717 11716
11718 11717 11701
11702 11718 11701
11702 11719 11718
11719 11717 11718
11719 11702 11720
11721 11708 11715
11715 11714 11722
11721 11715 11722
11721 11723 11708
11710 11708 11723
11724 11710 11723
11710 11724 11712
11719 11720 11725
11719 11726 11717
11725 11726 11719
11720 11727 11725
11720 11728 11727
11727 11728 11729
11727 11729 11730
11730 11729 11731
11725 11727 11732
11727 11730 11732
11730 11731 11733
11732 11730 11733
11731 11734 11733
11731 11735 11734
11733 11734 11736
11733 11736 11737
11732 11733 11737
11738 11737 11736
11725 11732 11739
11725 11739 11726
11738 11740 11737
11740 11738 11741
11737 11742 11732
11742 11739 11732
11737 11740 11742
11740 11741 11743
11742 11740 11743
11743 11741 11744
11745 11739 11742
11726 11739 11745
11742 11743 11746
11746 11745 11742
11743 11744 11747
11746 11743 11747
11747 11744 11748
11747 11748 11749
11749 11748 11750
11749 11750 11751
11752 11751 11750
11753 11747 11749
11746 11747 11753
11752 11754 11751
11751 11754 11755
11754 11752 11756
11754 11756 11757
11755 11754 11757
11757 11756 11758
11751 11759 11749
11753 11749 11759
11751 11760 11759
11753 11759 11760
11761 11746 11753
11753 11760 11761
11751 11755 11762
11751 11762 11760
11761 11763 11746
11746 11763 11745
11745 11763 11764
11726 11745 11764
11761 11765 11763
11764 11763 11765
11766 11726 11764
11764 11765 11766
11766 11717 11726
11760 11767 11761
11761 11767 11765
11762 11768 11760
11760 11768 11767
11766 11769 11717
11717 11769 11714
11770 11769 11766
11714 11769 11770
11770 11766 11765
11714 11770 11722
11771 11770 11765
11771 11765 11767
11722 11770 11771
11762 11772 11768
11755 11772 11762
11773 11767 11768
11773 11771 11767
11772 11773 11768
11722 11771 11774
11721 11722 11774
11775 11771 11773
11775 11774 11771
11772 11776 11773
11776 11775 11773
11721 11774 11777
11777 11774 11775
11755 11778 11772
11776 11772 11778
11775 11776 11779
11775 11779 11777
11777 11779 11780
11721 11777 11781
11777 11780 11781
11781 11723 11721
11782 11779 11776
11776 11778 11782
11780 11779 11782
11781 11783 11723
11780 11783 11781
11724 11723 11783
11780 11784 11783
11784 11724 11783
11780 11785 11784
11780 11782 11786
11780 11786 11785
11784 11787 11724
11785 11787 11784
11786 11782 11788
11778 11788 11782
11724 11787 11789
11724 11789 11712
11785 11786 11790
11786 11788 11790
11712 11789 11791
11792 11791 11789
11712 11791 11711
11787 11793 11789
11792 11789 11793
11711 11791 11794
11794 11791 11792
11785 11795 11787
11787 11795 11793
11711 11794 11796
11695 11711 11796
11695 11796 11797
11796 11794 11797
11797 11683 11695
11797 11794 11798
11792 11798 11794
11797 11799 11683
11798 11799 11797
11799 11677 11683
11799 11800 11677
11677 11800 11678
11800 11801 11678
11801 11682 11678
11795 11802 11793
11793 11803 11792
11793 11802 11803
11795 11804 11802
11804 11795 11785
11804 11785 11805
11785 11790 11805
11799 11806 11800
11800 11807 11801
11800 11806 11807
11799 11808 11806
11798 11808 11799
11792 11809 11798
11808 11798 11809
11810 11792 11803
11810 11809 11792
11808 11809 11811
11811 11806 11808
11809 11810 11812
11809 11812 11811
11807 11813 11801
11806 11814 11807
11807 11814 11813
11811 11815 11806
11806 11815 11814
11816 11815 11811
11814 11815 11816
11816 11811 11812
11813 11817 11801
11801 11817 11682
11814 11816 11818
11813 11814 11818
11817 11819 11682
11682 11819 11673
11819 11820 11673
11673 11820 11642
11640 11642 11820
11640 11820 11821
11587 11640 11821
11822 11587 11821
11820 11822 11821
11822 11586 11587
11585 11586 11822
11819 11823 11820
11820 11823 11822
11824 11585 11822
11824 11822 11823
11594 11585 11824
11594 11824 11607
11824 11823 11607
11825 11823 11819
11825 11607 11823
11817 11825 11819
11606 11607 11825
11826 11825 11817
11826 11606 11825
11813 11826 11817
11606 11826 11612
11826 11813 11827
11826 11827 11612
11813 11818 11827
11612 11827 11828
11612 11828 11535
11535 11828 11533
11827 11818 11829
11827 11829 11828
11816 11829 11818
11828 11830 11533
11828 11829 11830
11533 11830 11534
11816 11831 11829
11831 11830 11829
11812 11831 11816
11831 11832 11830
11534 11830 11832
11812 11833 11831
11833 11832 11831
11833 11812 11810
11534 11832 11834
11833 11834 11832
11534 11834 11835
11833 11835 11834
11534 11835 11836
11833 11810 11837
11835 11833 11837
11837 11810 11803
11836 11835 11838
11835 11837 11838
11836 11838 11839
11837 11803 11840
11838 11837 11840
11802 11840 11803
11839 11838 11841
11838 11840 11841
11839 11841 11842
11842 11841 11843
11840 11843 11841
11842 11843 11844
11802 11845 11840
11840 11845 11843
11845 11802 11804
11844 11843 11846
11846 11843 11845
11846 11847 11844
11847 11846 11848
11847 11848 11849
11848 11850 11849
11845 11804 11851
11846 11845 11851
11848 11846 11851
11851 11804 11805
11851 11805 11852
11848 11851 11852
11805 11853 11852
11853 11848 11852
11805 11790 11853
11848 11854 11850
11853 11854 11848
11855 11850 11854
11856 11853 11790
11854 11853 11856
11856 11790 11788
11855 11854 11857
11854 11856 11857
11855 11857 11858
11858 11857 11856
11859 11856 11788
11858 11856 11859
11860 11855 11858
11860 11858 11859
11861 11855 11860
11861 11860 11862
11861 11862 11863
11862 11864 11863
11859 11788 11865
11778 11865 11788
11860 11859 11866
11865 11866 11859
11862 11860 11866
11867 11865 11778
11865 11867 11866
11755 11867 11778
11862 11866 11868
11866 11867 11868
11755 11869 11867
11755 11757 11869
11867 11870 11868
11870 11867 11869
11870 11862 11868
11870 11869 11757
11862 11871 11864
11870 11871 11862
11870 11757 11872
11872 11871 11870
11757 11758 11872
11864 11871 11873
11872 11873 11871
11864 11873 11874
11758 11875 11872
11875 11873 11872
11874 11873 11875
11758 11876 11875
11874 11875 11877
11875 11876 11878
11875 11878 11877
11879 11880 11881
11879 11881 11882
11883 11879 11882
11883 11882 11884
11881 11885 11882
11885 11884 11882
11881 11886 11885
11885 11887 11884
11885 11886 11888
11886 11889 11888
11889 11890 11888
11891 11887 11885
11888 11891 11885
11891 11892 11887
11893 11892 11891
11890 11894 11888
11894 11891 11888
11894 11893 11891
11890 11895 11894
11894 11895 11896
11893 11894 11896
11893 11896 11897
11898 11899 11900
11898 11901 11899
11898 11900 11902
11898 11903 11901
11898 11902 11904
11898 11905 11903
11898 11904 11906
11898 11906 11905
11907 11908 11909
11910 11908 11907
11907 11909 11911
11910 11907 11912
11911 11909 11913
11910 11912 11914
11911 11913 11915
11910 11914 11916
11915 11913 11917
11918 11916 11914
11915 11917 11919
11918 11920 11916
11919 11917 11921
11922 11920 11918
11919 11921 11923
11922 11924 11920
11925 11924 11922
11925 11926 11924
11927 11926 11925
11927 11928 11926
11929 11928 11927
11929 11930 11928
11931 11930 11929
11931 11932 11930
11933 11932 11931
11933 11934 11932
11935 11934 11933
11935 11936 11934
11937 11936 11935
11937 11938 11936
11939 11938 11937
11939 11940 11938
11941 11940 11939
11941 11942 11940
11943 11942 11941
11943 11944 11942
11945 11944 11943
11945 11943 11946
11945 11946 11923
11945 11923 11921
11947 11948 11949
11947 11949 11950
11949 11948 11951
11949 11951 11950
11952 11953 11954
11952 11954 11955
11954 11953 11956
11954 11956 11955
11957 11958 11959
11960 11958 11957
11959 11958 11961
11962 11958 11960
11961 11958 11963
11964 11958 11962
11963 11958 11965
11966 11958 11964
11965 11958 11967
11968 11958 11966
11967 11958 11969
11969 11958 11968
11970 11971 11972
11973 11972 11971
11970 11972 11974
11973 11975 11972
11974 11972 11976
11975 11976 11972
11975 11977 11976
11974 11976 11978
11976 11977 11979
11978 11976 11980
11976 11979 11980
11978 11980 11981
11982 11980 11979
11983 11981 11980
11982 11984 11980
11983 11980 11984
11985 11984 11982
11985 11983 11984
11985 11982 11986
11985 11987 11983
11988 11985 11986
11988 11987 11985
11988 11986 11989
11990 11988 11989
11988 11991 11987
11990 11991 11988
11990 11989 11992
11990 11993 11991
11994 11990 11992
11995 11993 11990
11994 11996 11990
11995 11990 11996
11997 11998 11999
11997 11998 11999
11997 11999 12000
11997 11999 12000
12000 11999 12001
12000 11999 12001
12000 12001 12002
12000 12001 12002
12002 12001 12003
12002 12001 12003
12002 12003 12004
12002 12003 12004
12005 12006 12007
12005 12006 12007
12005 12007 12008
12005 12007 12008
12008 12007 12009
12008 12007 12009
12008 12009 12010
12008 12009 12010
12010 12009 12011
12010 12009 12011
12010 12011 12012
12010 12011 12012
12013 12014 12015
12013 12014 12015
12013 12015 12016
12013 12015 12016
12017 12018 12019
12017 12018 12019
12017 12020 12018
12017 12020 12018
12020 12021 12018
12020 12021 12018
12020 12022 12021
12020 12022 12021
12022 12023 12021
12022 12023 12021
12022 12024 12023
12022 12024 12023
12025 12026 12027
12025 12026 12027
12025 12028 12026
12025 12028 12026
12028 12029 12026
12028 12029 12026
12028 12030 12029
12028 12030 12029
12030 12031 12029
12030 12031 12029
12030 12032 12031
12030 12032 12031
12033 12034 12035
12033 12034 12035
12033 12036 12034
12033 12036 12034
12037 12038 12039
12040 12039 12038
12039 12040 12041
12042 12037 12039
12042 12043 12037
12044 12043 12042
12045 12044 12042
12039 12041 12046
12042 12039 12046
12041 12047 12046
12047 12048 12046
12049 12046 12048
12045 12042 12050
12042 12046 12050
12050 12046 12049
12050 12051 12045
12050 12049 12051
12052 12053 12054
12052 12054 12055
12056 12055 12054
12056 12054 12057
12053 12058 12054
12057 12054 12058
12057 12058 12059
12053 12060 12058
12058 12061 12059
12060 12062 12058
12058 12062 12061
12060 12063 12062
12064 12061 12062
12065 12062 12063
12064 12062 12066
12065 12066 12062
12067 12064 12066
12067 12066 12065
12067 12068 12064
12067 12065 12069
12070 12068 12067
12070 12067 12069
12070 12071 12068
12072 12071 12070
12070 12069 12073
12072 12070 12073
12072 12074 12071
12072 12073 12075
12076 12074 12072
12077 12072 12075
12076 12072 12078
12077 12078 12072
12079 12080 12081
12079 12080 12081
12079 12082 12080
12079 12082 12080
12082 12083 12080
12082 12083 12080
12082 12084 12083
12082 12084 12083
12084 12085 12083
12084 12085 12083
12084 12086 12085
12084 12086 12085
12087 12088 12089
12087 12088 12089
12087 12090 12088
12087 12090 12088
12090 12091 12088
12090 12091 12088
12090 12092 12091
12090 12092 12091
12092 12093 12091
12092 12093 12091
12092 12094 12093
12092 12094 12093
12095 12096 12097
12095 12096 12097
12095 12098 12096
12095 12098 12096
12099 12100 12101
12099 12100 12101
12099 12101 12102
12099 12101 12102
12102 12101 12103
12102 12101 12103
12102 12103 12104
12102 12103 12104
12104 12103 12105
12104 12103 12105
12104 12105 12106
12104 12105 12106
12107 12108 12109
12107 12108 12109
12107 12109 12110
12107 12109 12110
12110 12109 12111
12110 12109 12111
12110 12111 12112
12110 12111 12112
12112 12111 12113
12112 12111 12113
12112 12113 12114
12112 12113 12114
12115 12116 12117
12115 12116 12117
12115 12117 12118
12115 12117 12118
12119 12120 12121
12122 12121 12120
12120 12123 12122
12124 12120 12119
12124 12119 12125
12126 12124 12125
12127 12124 12126
12120 12128 12123
12124 12128 12120
12123 12128 12129
12129 12128 12130
12131 12130 12128
12127 12132 12124
12124 12132 12128
12132 12131 12128
12132 12127 12133
12132 12133 12131
12134 12135 12136
12134 12137 12135
12136 12135 12138
12137 12139 12135
12138 12135 12140
12139 12141 12135
12140 12135 12142
12141 12143 12135
12142 12135 12144
12143 12145 12135
12144 12135 12146
12145 12147 12135
12146 12135 12148
12147 12149 12135
12148 12135 12150
12149 12151 12135
12150 12135 12152
12151 12153 12135
12152 12135 12154
12153 12155 12135
12156 12154 12135
12157 12135 12155
12158 12156 12135
12159 12135 12157
12160 12158 12135
12161 12135 12159
12162 12160 12135
12163 12135 12161
12164 12162 12135
12165 12135 12163
12166 12164 12135
12167 12135 12165
12168 12166 12135
12169 12135 12167
12170 12168 12135
12171 12135 12169
12172 12170 12135
12173 12135 12171
12174 12172 12135
12174 12135 12173
12175 12176 12177
12178 12176 12175
12177 12176 12179
12180 12176 12178
12179 12176 12181
12182 12176 12180
12181 12176 12183
12184 12176 12182
12183 12176 12185
12186 12176 12184
12185 12176 12187
12188 12176 12186
12187 12176 12189
12190 12176 12188
12189 12176 12191
12191 12176 12190
12192 12193 12194
12195 12193 12192
12194 12193 12196
12197 12193 12195
12196 12193 12198
12199 12193 12197
12198 12193 12200
12201 12193 12199
12200 12193 12202
12203 12193 12201
12202 12193 12204
12205 12193 12203
12204 12193 12206
12207 12193 12205
12206 12193 12208
12208 12193 12207
12209 12210 12211
12212 12210 12209
12211 12210 12213
12214 12210 12212
12213 12210 12215
12216 12210 12214
12215 12210 12217
12218 12210 12216
12217 12210 12219
12220 12210 12218
12219 12210 12221
12222 12210 12220
12221 12210 12223
12224 12210 12222
12223 12210 12225
12225 12210 12224
12226 12227 12228
12229 12227 12226
12228 12227 12230
12231 12227 12229
12230 12227 12232
12233 12227 12231
12232 12227 12234
12235 12227 12233
12234 12227 12236
12237 12227 12235
12236 12227 12238
12239 12227 12237
12238 12227 12240
12241 12227 12239
12240 12227 12242
12242 12227 12241
12243 12244 12245
12246 12243 12245
12244 12247 12245
12248 12246 12245
12247 12249 12245
12250 12248 12245
12249 12251 12245
12252 12250 12245
12251 12253 12245
12254 12252 12245
12253 12255 12245
12256 12254 12245
12255 12257 12245
12258 12256 12245
12257 12259 12245
12259 12258 12245
12260 12261 12262
12263 12260 12262
12261 12264 12262
12265 12263 12262
12264 12266 12262
12267 12265 12262
12266 12268 12262
12269 12267 12262
12268 12270 12262
12271 12269 12262
12270 12272 12262
12273 12271 12262
12272 12274 12262
12275 12273 12262
12274 12276 12262
12276 12275 12262
12277 12278 12279
12280 12277 12279
12278 12281 12279
12282 12280 12279
12281 12283 12279
12284 12282 12279
12283 12285 12279
12286 12284 12279
12285 12287 12279
12288 12286 12279
12287 12289 12279
12290 12288 12279
12289 12291 12279
12292 12290 12279
12291 12293 12279
12293 12292 12279
12294 12295 12296
12297 12294 12296
12295 12298 12296
12299 12297 12296
12298 12300 12296
12301 12299 12296
12300 12302 12296
12303 12301 12296
12302 12304 12296
12305 12303 12296
12304 12306 12296
12307 12305 12296
12306 12308 12296
12309 12307 12296
12308 12310 12296
12310 12309 12296
12311 12312 12313
12311 12314 12312
12312 12315 12313
12312 12316 12315
12316 12317 12315
12314 12318 12312
12312 12318 12316
12314 12319 12318
12320 12318 12319
12320 12321 12318
12321 12316 12318
12322 12321 12320
12322 12323 12321
12321 12323 12324
12321 12324 12316
12324 12325 12316
12316 12326 12317
12316 12325 12326
12326 12327 12317
12326 12325 12328
12326 12329 12327
12326 12328 12329
12330 12331 12332
12330 12332 12333
12332 12331 12334
12332 12334 12335
12335 12334 12336
12333 12332 12337
12332 12335 12337
12333 12337 12338
12339 12338 12337
12339 12337 12340
12340 12337 12335
12341 12339 12340
12341 12340 12342
12340 12343 12342
12340 12335 12343
12343 12335 12344
12335 12336 12345
12335 12345 12344
12345 12336 12346
12345 12347 12344
12345 12346 12348
12345 12348 12347
12349 12350 12351
12349 12350 12351
12349 12352 12350
12349 12352 12350
12353 12352 12349
12353 12352 12349
12353 12354 12352
12353 12354 12352
12355 12354 12353
12355 12354 12353
12355 12356 12354
12355 12356 12354
12357 12356 12355
12357 12356 12355
12357 12358 12356
12357 12358 12356
12359 12358 12357
12359 12358 12357
12359 12360 12358
12359 12360 12358
12361 12362 12363
12361 12362 12363
12361 12363 12364
12361 12363 12364
12365 12366 12367
12365 12366 12367
12365 12367 12368
12365 12367 12368
12369 12370 12371
12369 12370 12371
12369 12371 12372
12369 12371 12372
12373 12369 12372
12373 12369 12372
12373 12372 12374
12373 12372 12374
12375 12373 12374
12375 12373 12374
12375 12374 12376
12375 12374 12376
12377 12375 12376
12377 12375 12376
12377 12376 12378
12377 12376 12378
12379 12377 12378
12379 12377 12378
12379 12378 12380
12379 12378 12380
12381 12382 12383
12381 12382 12383
12381 12383 12384
12381 12383 12384
12385 12386 12387
12385 12386 12387
12385 12387 12388
12385 12387 12388
12389 12390 12391
12389 12390 12391
12389 12391 12392
12389 12391 12392
12393 12389 12392
12393 12389 12392
12393 12392 12394
12393 12392 12394
12395 12393 12394
12395 12393 12394
12395 12394 12396
12395 12394 12396
12397 12395 12396
12397 12395 12396
12397 12396 12398
12397 12396 12398
12399 12397 12398
12399 12397 12398
12399 12398 12400
12399 12398 12400
12401 12402 12403
12401 12402 12403
12401 12403 12404
12401 12403 12404
12405 12406 12407
12405 12406 12407
12405 12407 12408
12405 12407 12408
12409 12410 12411
12409 12410 12411
12409 12412 12410
12409 12412 12410
12413 12412 12409
12413 12412 12409
12413 12414 12412
12413 12414 12412
12415 12414 12413
12415 12414 12413
12415 12416 12414
12415 12416 12414
12417 12416 12415
12417 12416 12415
12417 12418 12416
12417 12418 12416
12419 12418 12417
12419 12418 12417
12419 12420 12418
12419 12420 12418
12421 12422 12423
12421 12422 12423
12421 12423 12424
12421 12423 12424
12425 12426 12427
12425 12426 12427
12425 12427 12428
12425 12427 12428
12429 12430 12431
12429 12432 12430
12433 12432 12429
12431 12430 12434
12431 12434 12435
12433 12436 12432
12437 12436 12433
12432 12438 12430
12430 12438 12434
12436 12438 12432
12434 12438 12439
12435 12434 12439
12440 12438 12436
12437 12440 12436
12435 12439 12441
12442 12440 12437
12441 12439 12443
12439 12438 12443
12441 12443 12444
12442 12445 12440
12445 12438 12440
12446 12445 12442
12444 12443 12447
12443 12438 12447
12444 12447 12448
12446 12449 12445
12449 12438 12445
12450 12449 12446
12448 12447 12451
12447 12438 12451
12448 12451 12452
12450 12453 12449
12453 12438 12449
12451 12438 12454
12452 12451 12454
12455 12438 12453
12456 12453 12450
12456 12455 12453
12452 12454 12457
12458 12455 12456
12457 12454 12459
12454 12438 12459
12457 12459 12460
12458 12461 12455
12461 12438 12455
12462 12461 12458
12460 12459 12463
12459 12438 12463
12460 12463 12464
12462 12465 12461
12465 12438 12461
12466 12465 12462
12464 12463 12467
12463 12438 12467
12464 12467 12468
12468 12469 12466
12466 12469 12465
12469 12438 12465
12468 12467 12469
12467 12438 12469
12470 12471 12472
12470 12472 12473
12474 12471 12470
12473 12472 12475
12474 12476 12471
12473 12475 12477
12478 12476 12474
12477 12475 12479
12478 12480 12476
12477 12479 12481
12482 12480 12478
12481 12479 12483
12482 12484 12480
12481 12483 12485
12486 12484 12482
12485 12483 12487
12486 12488 12484
12485 12487 12489
12490 12488 12486
12489 12487 12491
12490 12492 12488
12489 12491 12493
12494 12492 12490
12493 12491 12495
12494 12496 12492
12493 12495 12497
12498 12496 12494
12497 12495 12499
12498 12500 12496
12497 12499 12501
12501 12500 12498
12501 12499 12500
12502 12503 12504
12502 12504 12505
12506 12503 12502
12505 12504 12507
12506 12508 12503
12505 12507 12509
12510 12508 12506
12509 12507 12511
12510 12512 12508
12509 12511 12513
12514 12512 12510
12513 12511 12515
12514 12516 12512
12513 12515 12517
12518 12516 12514
12517 12515 12519
12518 12520 12516
12517 12519 12521
12522 12520 12518
12521 12519 12523
12522 12524 12520
12521 12523 12525
12526 12524 12522
12525 12523 12527
12526 12528 12524
12525 12527 12529
12530 12528 12526
12529 12527 12531
12530 12532 12528
12529 12531 12533
12533 12532 12530
12533 12531 12532
12534 12535 12536
12534 12536 12537
12535 12538 12536
12539 12534 12537
12535 12540 12538
12539 12537 12541
12540 12542 12538
12543 12539 12541
12540 12544 12542
12543 12541 12545
12544 12546 12542
12547 12543 12545
12544 12548 12546
12547 12545 12549
12548 12550 12546
12551 12547 12549
12548 12552 12550
12551 12549 12553
12552 12554 12550
12555 12551 12553
12552 12556 12554
12555 12553 12557
12556 12558 12554
12559 12555 12557
12556 12560 12558
12559 12557 12561
12560 12562 12558
12563 12559 12561
12560 12564 12562
12563 12561 12565
12564 12563 12565
12564 12565 12562
12566 12567 12568
12566 12568 12569
12567 12570 12568
12571 12566 12569
12567 12572 12570
12571 12569 12573
12572 12574 12570
12575 12571 12573
12572 12576 12574
12575 12573 12577
12576 12578 12574
12579 12575 12577
12576 12580 12578
12579 12577 12581
12580 12582 12578
12583 12579 12581
12580 12584 12582
12583 12581 12585
12584 12586 12582
12587 12583 12585
12584 12588 12586
12587 12585 12589
12588 12590 12586
12591 12587 12589
12588 12592 12590
12591 12589 12593
12592 12594 12590
12595 12591 12593
12592 12596 12594
12595 12593 12597
12596 12595 12597
12596 12597 12594
12598 12599 12600
12598 12600 12601
12599 12598 12602
12601 12600 12603
12599 12602 12604
12601 12603 12605
12606 12604 12602
12605 12603 12607
12606 12608 12604
12605 12607 12609
12608 12606 12610
12609 12607 12611
12608 12610 12612
12609 12611 12613
12614 12612 12610
12613 12611 12615
12614 12616 12612
12613 12615 12617
12618 12616 12614
12619 12617 12615
12618 12620 12616
12619 12621 12617
12621 12620 12618
12621 12619 12620
12622 12623 12624
12622 12624 12625
12623 12626 12624
12625 12627 12622
12623 12628 12626
12625 12629 12627
12628 12630 12626
12631 12627 12629
12628 12632 12630
12631 12629 12633
12632 12634 12630
12633 12635 12631
12632 12636 12634
12633 12637 12635
12636 12638 12634
12639 12635 12637
12636 12640 12638
12639 12637 12641
12642 12638 12640
12643 12639 12641
12642 12640 12644
12643 12641 12645
12644 12645 12642
12644 12643 12645
12646 12647 12648
12646 12648 12649
12647 12646 12650
12649 12648 12651
12647 12650 12652
12649 12651 12653
12654 12652 12650
12653 12651 12655
12654 12656 12652
12653 12655 12657
12656 12654 12658
12657 12655 12659
12656 12658 12660
12657 12659 12661
12662 12660 12658
12661 12659 12663
12662 12664 12660
12661 12663 12665
12666 12664 12662
12667 12665 12663
12666 12668 12664
12667 12669 12665
12669 12668 12666
12669 12667 12668
12670 12671 12672
12670 12672 12673
12671 12674 12672
12673 12675 12670
12671 12676 12674
12673 12677 12675
12676 12678 12674
12679 12675 12677
12676 12680 12678
12679 12677 12681
12680 12682 12678
12681 12683 12679
12680 12684 12682
12681 12685 12683
12684 12686 12682
12687 12683 12685
12684 12688 12686
12687 12685 12689
12690 12686 12688
12691 12687 12689
12690 12688 12692
12691 12689 12693
12692 12693 12690
12692 12691 12693
12694 12695 12696
12694 12696 12697
12695 12694 12698
12697 12696 12699
12695 12698 12700
12697 12699 12701
12702 12700 12698
12701 12699 12703
12702 12704 12700
12701 12703 12705
12704 12702 12706
12705 12703 12707
12704 12706 12708
12705 12707 12709
12710 12708 12706
12709 12707 12711
12710 12712 12708
12709 12711 12713
12714 12712 12710
12715 12713 12711
12714 12716 12712
12715 12717 12713
12717 12716 12714
12717 12715 12716
12718 12719 12720
12718 12720 12721
12719 12718 12722
12721 12720 12723
12719 12722 12724
12721 12723 12725
12726 12724 12722
12725 12723 12727
12726 12728 12724
12725 12727 12729
12728 12726 12730
12729 12727 12731
12728 12730 12732
12729 12731 12733
12734 12732 12730
12733 12731 12735
12734 12736 12732
12733 12735 12737
12738 12736 12734
12739 12737 12735
12738 12740 12736
12739 12741 12737
12741 12740 12738
12741 12739 12740
12742 12743 12744
12742 12744 12745
12746 12743 12742
12745 12744 12747
12745 12747 12748
12746 12749 12743
12750 12749 12746
12743 12751 12744
12744 12751 12747
12749 12751 12743
12747 12751 12752
12748 12747 12752
12753 12751 12749
12750 12753 12749
12748 12752 12754
12755 12753 12750
12754 12752 12756
12752 12751 12756
12754 12756 12757
12755 12758 12753
12758 12751 12753
12759 12758 12755
12757 12756 12760
12756 12751 12760
12757 12760 12761
12759 12762 12758
12762 12751 12758
12763 12762 12759
12761 12760 12764
12760 12751 12764
12761 12764 12765
12765 12766 12763
12763 12766 12762
12766 12751 12762
12765 12764 12766
12764 12751 12766
12767 12768 12769
12767 12769 12770
12768 12771 12769
12770 12772 12767
12768 12773 12771
12770 12774 12772
12773 12775 12771
12776 12772 12774
12773 12777 12775
12776 12774 12778
12777 12779 12775
12778 12780 12776
12777 12781 12779
12778 12782 12780
12781 12783 12779
12784 12780 12782
12781 12785 12783
12784 12782 12786
12787 12783 12785
12788 12784 12786
12787 12785 12789
12788 12786 12790
12789 12790 12787
12789 12788 12790
12791 12792 12793
12791 12793 12794
12795 12792 12791
12794 12793 12796
12795 12797 12792
12794 12796 12798
12799 12797 12795
12798 12796 12800
12799 12801 12797
12798 12800 12802
12803 12801 12799
12802 12800 12804
12803 12805 12801
12802 12804 12806
12807 12805 12803
12806 12804 12808
12807 12809 12805
12806 12808 12810
12811 12809 12807
12810 12808 12812
12811 12813 12809
12810 12812 12814
12815 12813 12811
12814 12812 12816
12815 12817 12813
12814 12816 12818
12819 12817 12815
12818 12816 12820
12819 12821 12817
12818 12820 12822
12823 12821 12819
12822 12820 12824
12823 12825 12821
12822 12824 12826
12827 12825 12823
12826 12824 12828
12827 12829 12825
12826 12828 12830
12831 12829 12827
12830 12828 12832
12831 12833 12829
12830 12832 12834
12834 12833 12831
12834 12832 12833
12835 12836 12837
12835 12837 12838
12839 12836 12835
12838 12837 12840
12839 12841 12836
12838 12840 12842
12843 12841 12839
12842 12840 12844
12843 12845 12841
12842 12844 12846
12847 12845 12843
12846 12844 12848
12847 12849 12845
12846 12848 12850
12851 12849 12847
12850 12848 12852
12851 12853 12849
12850 12852 12854
12855 12853 12851
12854 12852 12856
12855 12857 12853
12854 12856 12858
12858 12857 12855
12858 12856 12857
