byte offset: 0
first index: 2808
index count: 35628
topology: trianglelist
format: DXGI_FORMAT_R16_UINT

746 747 748
749 750 748
749 751 750
751 752 750
751 753 752
753 754 752
753 755 754
755 756 754
755 757 756
758 756 757
758 759 756
760 759 758
760 761 759
762 761 760
762 763 761
763 762 764
765 763 764
766 763 765
767 768 769
770 771 772
773 774 775
776 777 778
779 780 781
782 783 781
782 781 784
782 784 785
782 785 786
786 785 787
786 787 788
788 787 789
788 789 790
791 790 789
791 789 792
793 791 792
793 792 794
795 793 794
795 794 796
796 797 795
798 797 796
799 798 796
800 801 802
800 802 803
802 804 803
802 805 804
805 806 804
805 807 806
805 808 807
807 808 809
806 807 809
806 809 810
809 811 810
809 812 811
813 811 812
813 812 814
814 815 813
814 816 815
816 817 815
816 818 817
819 817 818
819 820 817
821 820 819
821 822 820
823 824 825
823 826 824
824 826 827
824 827 828
828 827 829
828 829 830
828 830 831
830 832 831
829 832 830
829 833 832
832 833 834
832 834 835
836 835 834
836 837 835
837 836 838
837 838 839
839 838 840
839 840 841
842 841 840
842 840 843
844 842 843
844 843 845
846 847 848
846 848 849
850 846 849
850 849 851
852 850 851
852 851 853
853 854 852
853 855 854
855 856 854
857 858 859
857 859 860
861 857 860
859 862 860
859 863 862
862 864 860
861 860 864
865 861 864
862 866 864
866 865 864
865 867 861
866 868 865
867 865 869
865 868 870
865 871 869
870 871 865
872 873 874
872 874 875
872 875 876
877 876 875
877 878 876
877 879 878
877 880 879
879 880 881
879 881 882
882 881 883
884 882 883
884 885 882
886 885 884
881 887 883
881 888 887
886 884 889
890 886 889
890 889 891
884 883 892
892 883 887
884 892 889
893 887 888
892 887 893
893 888 894
895 893 894
895 896 893
896 892 893
897 896 895
889 892 898
896 898 892
889 898 891
897 899 896
899 898 896
891 898 900
899 900 898
901 899 897
901 897 902
903 901 902
904 899 901
904 900 899
905 901 903
904 901 905
905 903 906
891 900 907
908 891 907
908 907 909
900 904 910
900 910 907
910 909 907
904 905 910
910 911 909
912 911 910
905 912 910
905 913 912
905 906 913
913 906 914
913 914 915
914 916 915
914 917 916
916 917 918
916 918 919
916 919 920
919 918 921
918 922 921
921 922 923
924 920 919
924 925 920
926 925 924
927 919 921
927 924 919
921 923 928
927 921 928
928 923 929
926 924 930
931 926 930
931 930 932
924 927 933
927 928 933
924 933 930
928 929 934
933 928 934
930 933 935
930 935 932
933 934 935
929 936 934
929 937 936
934 938 935
932 935 938
934 936 938
937 939 936
937 940 939
941 939 940
942 939 941
936 939 942
936 942 938
932 938 943
944 932 943
944 943 945
938 942 946
938 946 943
946 945 943
947 946 942
946 948 945
947 948 946
949 950 951
949 952 950
953 952 949
953 954 952
955 954 953
955 956 954
956 955 957
956 957 958
957 959 958
960 961 962
960 963 961
963 964 961
965 963 960
963 966 964
965 967 963
967 966 963
967 965 968
967 969 966
967 968 970
969 967 970
968 971 970
969 970 972
971 973 970
974 972 970
973 974 970
975 976 977
978 976 975
978 975 979
980 979 975
975 981 980
982 980 981
982 981 983
984 982 983
984 983 985
986 984 985
986 985 987
988 986 987
989 986 988
990 989 988
991 984 986
991 986 989
992 982 984
991 992 984
993 980 982
992 993 982
994 991 989
990 994 989
995 991 994
992 991 995
990 996 994
997 996 990
997 990 998
992 995 999
993 992 999
993 999 1000
1001 993 1000
1001 1002 993
993 1002 980
980 1002 979
1002 1003 979
979 1003 1004
1005 979 1004
978 979 1005
978 1005 1006
978 1006 1007
1008 1007 1006
1008 1009 1007
1008 1010 1011
1008 1012 1010
1013 1010 1012
1013 1012 1014
1013 1014 1015
1014 1016 1015
1015 1016 1017
1013 1015 1018
1013 1018 1019
1018 1020 1019
1018 1021 1020
1021 1018 1015
1022 1020 1021
1023 1015 1017
1021 1015 1023
1022 1021 1024
1024 1021 1023
1025 1022 1024
1017 1026 1023
1024 1023 1026
1017 1027 1026
1025 1024 1028
1028 1024 1026
1027 1029 1026
1028 1026 1029
1027 1030 1029
1030 1031 1029
1031 1028 1029
1030 1032 1031
1032 1033 1031
1034 1025 1028
1031 1034 1028
1034 1035 1025
1036 1035 1034
1031 1037 1034
1037 1036 1034
1033 1037 1031
1038 1036 1037
1038 1037 1033
1038 1033 1039
1040 1038 1039
1040 1041 1038
1042 1043 1044
1042 1045 1043
1046 1043 1045
1046 1047 1043
1047 1046 1048
1047 1048 1049
1049 1048 1050
1049 1050 1051
1052 1051 1050
1052 1050 1053
1054 1052 1053
1054 1053 1055
1055 1056 1054
1055 1057 1056
1057 1058 1056
1057 1059 1058
1060 1061 1062
1060 1063 1061
1064 1063 1060
1064 1065 1063
1066 1065 1064
1066 1067 1065
1067 1066 1068
1067 1068 1069
1069 1068 1070
1071 1072 1073
1071 1074 1072
1075 1074 1071
1072 1074 1076
1072 1076 1077
1076 1074 1078
1075 1078 1074
1079 1078 1075
1076 1078 1080
1080 1078 1079
1079 1075 1081
1080 1079 1082
1081 1083 1079
1079 1084 1082
1079 1083 1085
1084 1079 1085
1086 1087 1088
1086 1088 1089
1090 1086 1089
1090 1089 1091
1092 1090 1091
1092 1091 1093
1093 1094 1092
1093 1095 1094
1094 1095 1096
1097 1098 1099
1097 1099 1100
1100 1099 1101
1102 1097 1100
1100 1101 1103
1102 1100 1104
1104 1100 1103
1104 1105 1102
1104 1103 1106
1104 1107 1105
1106 1107 1104
1105 1107 1108
1106 1109 1107
1108 1107 1110
1111 1107 1109
1110 1107 1111
1112 1113 1114
1112 1114 1115
1112 1115 1116
1117 1116 1115
1117 1118 1116
1117 1119 1118
1117 1120 1119
1120 1121 1119
1120 1122 1121
1123 1121 1122
1123 1124 1121
1121 1124 1125
1126 1123 1122
1126 1122 1127
1128 1126 1127
1129 1125 1124
1129 1130 1125
1131 1130 1129
1132 1124 1123
1126 1132 1123
1132 1129 1124
1128 1133 1126
1126 1133 1132
1134 1133 1128
1134 1135 1133
1131 1129 1136
1136 1129 1132
1137 1131 1136
1133 1138 1132
1136 1132 1138
1133 1135 1138
1137 1136 1139
1139 1136 1138
1135 1140 1138
1139 1138 1140
1141 1137 1139
1141 1142 1137
1143 1142 1141
1144 1141 1139
1144 1139 1140
1135 1145 1140
1146 1145 1135
1146 1147 1145
1140 1145 1148
1148 1145 1147
1140 1148 1144
1148 1147 1149
1148 1149 1150
1144 1151 1141
1144 1148 1151
1151 1148 1150
1151 1143 1141
1152 1151 1150
1152 1143 1151
1152 1153 1143
1154 1153 1152
1154 1155 1153
1154 1156 1155
1154 1157 1156
1156 1157 1158
1156 1158 1159
1157 1160 1158
1158 1161 1159
1159 1161 1162
1161 1163 1162
1164 1158 1160
1164 1160 1165
1166 1164 1165
1167 1161 1158
1167 1158 1164
1161 1168 1163
1167 1168 1161
1168 1169 1163
1166 1170 1164
1171 1170 1166
1171 1172 1170
1164 1173 1167
1167 1173 1168
1164 1170 1173
1168 1174 1169
1173 1174 1168
1170 1175 1173
1170 1172 1175
1173 1175 1174
1169 1174 1176
1169 1176 1177
1174 1175 1178
1172 1178 1175
1174 1178 1176
1177 1176 1179
1177 1179 1180
1181 1180 1179
1181 1179 1182
1176 1182 1179
1176 1178 1182
1172 1183 1178
1184 1183 1172
1184 1185 1183
1178 1186 1182
1178 1183 1186
1186 1183 1185
1182 1186 1187
1186 1185 1188
1187 1186 1188
1189 1190 1191
1192 1189 1191
1192 1193 1189
1194 1189 1193
1189 1194 1195
1196 1195 1194
1196 1197 1195
1198 1197 1196
1198 1199 1197
1200 1199 1198
1200 1201 1199
1202 1201 1200
1203 1202 1200
1204 1202 1203
1205 1200 1198
1205 1203 1200
1206 1198 1196
1205 1198 1206
1207 1196 1194
1206 1196 1207
1208 1204 1203
1209 1204 1208
1209 1208 1210
1208 1203 1211
1211 1203 1205
1212 1211 1205
1206 1212 1205
1206 1213 1212
1207 1213 1206
1207 1214 1213
1215 1214 1207
1215 1207 1216
1207 1194 1216
1194 1193 1216
1216 1193 1217
1193 1218 1217
1219 1218 1193
1192 1219 1193
1219 1192 1220
1192 1221 1220
1222 1220 1221
1222 1223 1220
1224 1225 1223
1224 1226 1225
1227 1225 1226
1228 1225 1227
1227 1229 1228
1228 1229 1230
1229 1231 1230
1227 1232 1229
1227 1233 1232
1232 1233 1234
1232 1234 1235
1235 1229 1232
1236 1235 1234
1237 1231 1229
1235 1237 1229
1236 1238 1235
1238 1237 1235
1239 1238 1236
1231 1237 1240
1238 1240 1237
1231 1240 1241
1239 1242 1238
1242 1240 1238
1241 1240 1243
1242 1243 1240
1241 1243 1244
1244 1243 1245
1245 1243 1242
1244 1245 1246
1246 1245 1247
1248 1242 1239
1245 1242 1248
1248 1239 1249
1250 1248 1249
1245 1248 1251
1251 1248 1250
1247 1245 1251
1252 1251 1250
1252 1247 1251
1252 1253 1247
1254 1253 1252
1254 1255 1253
1256 1257 1258
1256 1259 1257
1260 1257 1259
1260 1261 1257
1261 1260 1262
1261 1262 1263
1263 1262 1264
1263 1264 1265
1266 1265 1264
1266 1264 1267
1268 1266 1267
1268 1267 1269
1269 1270 1268
1269 1271 1270
1271 1272 1270
1271 1273 1272
1274 1275 1276
1274 1276 1277
1278 1274 1277
1278 1277 1279
1280 1278 1279
1280 1279 1281
1281 1282 1280
1281 1283 1282
1284 1285 1286
1284 1286 1287
1287 1286 1288
1287 1288 1289
1289 1288 1290
1289 1290 1291
1292 1291 1290
1292 1293 1291
1294 1295 1296
1294 1296 1297
1298 1297 1296
1298 1299 1297
1298 1300 1299
1298 1301 1300
1299 1300 1302
1300 1301 1303
1300 1304 1302
1305 1300 1303
1300 1306 1304
1306 1300 1305
1307 1308 1309
1307 1309 1310
1310 1309 1311
1312 1307 1310
1312 1313 1307
1314 1313 1312
1315 1314 1312
1316 1314 1315
1317 1312 1310
1317 1315 1312
1310 1311 1318
1317 1310 1318
1319 1318 1311
1319 1317 1318
1320 1319 1311
1319 1321 1317
1321 1322 1317
1322 1315 1317
1315 1322 1323
1316 1315 1324
1315 1323 1324
1324 1325 1316
1324 1323 1326
1324 1327 1325
1324 1326 1327
1328 1329 1330
1328 1331 1329
1329 1331 1332
1329 1332 1333
1333 1332 1334
1333 1334 1335
1335 1334 1336
1335 1336 1337
1338 1339 1340
1338 1341 1339
1342 1341 1338
1342 1343 1341
1344 1343 1342
1344 1345 1343
1345 1344 1346
1345 1346 1347
1348 1349 1350
1348 1351 1349
1352 1349 1351
1352 1353 1349
1352 1354 1353
1352 1355 1354
1353 1354 1356
1354 1355 1357
1354 1358 1356
1354 1357 1359
1360 1359 1357
1361 1358 1354
1359 1361 1354
1358 1361 1362
1360 1363 1359
1363 1361 1359
1361 1364 1362
1363 1364 1361
1362 1364 1365
1365 1364 1363
1362 1365 1366
1366 1365 1367
1368 1363 1360
1365 1363 1368
1368 1360 1369
1370 1368 1369
1367 1365 1371
1365 1368 1371
1371 1368 1370
1371 1372 1367
1373 1371 1370
1371 1374 1372
1373 1374 1371
1374 1375 1372
1374 1373 1376
1374 1377 1375
1374 1376 1377
1378 1379 1380
1378 1381 1379
1382 1381 1378
1382 1383 1381
1384 1383 1382
1384 1385 1383
1385 1384 1386
1385 1386 1387
1388 1389 1390
1388 1391 1389
1392 1391 1388
1392 1393 1391
1392 1394 1393
1395 1394 1392
1396 1394 1395
1397 1395 1392
1398 1396 1395
1397 1398 1395
1399 1400 1401
1399 1402 1400
1402 1403 1400
1404 1402 1399
1404 1399 1405
1406 1404 1405
1402 1407 1403
1408 1403 1407
1408 1407 1409
1410 1407 1402
1409 1407 1410
1410 1402 1404
1409 1410 1411
1411 1410 1412
1413 1404 1406
1410 1404 1413
1412 1410 1413
1414 1413 1406
1413 1415 1412
1414 1416 1413
1413 1416 1415
1416 1414 1417
1416 1418 1415
1416 1417 1419
1416 1419 1418
1420 1421 1422
1420 1422 1423
1424 1420 1423
1424 1423 1425
1426 1424 1425
1426 1425 1427
1427 1428 1426
1427 1429 1428
1430 1431 1432
1430 1432 1433
1434 1430 1433
1434 1433 1435
1436 1434 1435
1436 1437 1434
1436 1438 1437
1436 1439 1438
1440 1441 1442
1440 1443 1441
1444 1441 1443
1444 1445 1441
1446 1445 1444
1446 1447 1445
1448 1447 1446
1448 1449 1447
1450 1451 1452
1450 1453 1451
1454 1453 1450
1454 1455 1453
1456 1455 1454
1456 1457 1455
1457 1456 1458
1457 1458 1459
1460 1461 1462
1460 1463 1461
1463 1464 1461
1465 1463 1460
1465 1460 1466
1467 1465 1466
1468 1465 1467
1469 1468 1467
1470 1463 1465
1470 1465 1468
1463 1471 1464
1470 1471 1463
1464 1471 1472
1472 1471 1470
1473 1464 1472
1472 1470 1474
1474 1470 1475
1475 1470 1468
1468 1476 1475
1469 1477 1468
1468 1477 1476
1477 1469 1478
1477 1479 1476
1477 1478 1480
1477 1480 1479
1481 1482 1483
1481 1483 1484
1485 1484 1483
1485 1486 1484
1485 1487 1486
1485 1488 1487
1486 1487 1489
1487 1488 1490
1487 1491 1489
1487 1490 1492
1493 1491 1487
1492 1493 1487
1494 1495 1496
1494 1496 1497
1498 1494 1497
1498 1497 1499
1500 1498 1499
1500 1499 1501
1501 1502 1500
1501 1503 1502
1504 1505 1506
1504 1507 1505
1508 1507 1504
1508 1509 1507
1510 1509 1508
1510 1511 1509
1512 1511 1510
1512 1513 1511
1514 1515 1516
1514 1517 1515
1518 1515 1517
1518 1519 1515
1518 1520 1519
1518 1521 1520
1519 1520 1522
1520 1521 1523
1520 1524 1522
1525 1520 1523
1523 1526 1525
1520 1527 1524
1527 1520 1525
1528 1524 1527
1529 1527 1525
1528 1527 1529
1526 1530 1525
1529 1525 1530
1526 1531 1530
1531 1529 1530
1526 1532 1531
1532 1533 1531
1534 1528 1529
1531 1534 1529
1534 1535 1528
1536 1535 1534
1533 1537 1531
1531 1537 1534
1537 1536 1534
1537 1533 1538
1539 1536 1537
1537 1538 1540
1539 1537 1540
1540 1538 1541
1540 1542 1539
1540 1541 1543
1540 1543 1542
1544 1545 1546
1544 1546 1547
1548 1544 1547
1548 1547 1549
1550 1548 1549
1550 1549 1551
1551 1552 1550
1551 1553 1552
1554 1555 1556
1554 1556 1557
1557 1556 1558
1559 1554 1557
1559 1560 1554
1561 1560 1559
1557 1558 1562
1563 1562 1558
1563 1564 1562
1565 1557 1562
1564 1565 1562
1565 1559 1557
1564 1566 1565
1566 1567 1565
1568 1561 1559
1565 1568 1559
1567 1568 1565
1569 1561 1568
1568 1567 1570
1569 1568 1571
1568 1570 1571
1571 1572 1569
1571 1570 1573
1571 1574 1572
1571 1573 1574
1575 1576 1577
1575 1577 1578
1579 1575 1578
1579 1578 1580
1581 1579 1580
1582 1579 1581
1583 1579 1582
1582 1581 1584
1583 1582 1585
1585 1582 1584
1586 1587 1588
1586 1588 1589
1586 1589 1590
1586 1590 1591
1591 1590 1592
1591 1592 1593
1593 1592 1594
1593 1594 1595
1596 1597 1598
1596 1599 1597
1600 1599 1596
1600 1601 1599
1602 1601 1600
1602 1603 1601
1603 1602 1604
1603 1604 1605
1606 1607 1608
1609 1607 1606
1610 1607 1609
1611 1607 1610
1612 1607 1611
1613 1607 1612
1614 1607 1613
1615 1607 1614
1616 1607 1615
1617 1607 1616
1618 1607 1617
1619 1607 1618
1620 1607 1619
1621 1607 1620
1622 1607 1621
1623 1607 1622
1624 1625 1626
1627 1625 1624
1628 1625 1627
1629 1625 1628
1630 1625 1629
1631 1625 1630
1632 1625 1631
1633 1625 1632
1634 1625 1633
1635 1625 1634
1636 1625 1635
1637 1625 1636
1638 1625 1637
1639 1625 1638
1640 1625 1639
1641 1625 1640
1642 1643 1644
1645 1643 1642
1646 1643 1645
1647 1643 1646
1648 1643 1647
1649 1643 1648
1650 1643 1649
1651 1643 1650
1652 1643 1651
1653 1643 1652
1654 1643 1653
1655 1643 1654
1656 1643 1655
1657 1643 1656
1658 1643 1657
1659 1643 1658
1660 1661 1662
1662 1663 1660
1664 1663 1662
1665 1664 1662
1666 1665 1662
1667 1666 1662
1662 1668 1667
1669 1668 1662
1669 1662 1670
1662 1671 1670
1662 1672 1671
1673 1672 1662
1674 1673 1662
1675 1674 1662
1676 1675 1662
1677 1676 1662
1678 1679 1680
1681 1679 1678
1682 1679 1681
1683 1679 1682
1684 1679 1683
1685 1679 1684
1686 1679 1685
1687 1679 1686
1688 1679 1687
1689 1679 1688
1690 1679 1689
1691 1679 1690
1692 1679 1691
1693 1679 1692
1694 1679 1693
1695 1679 1694
1696 1697 1698
1696 1698 1699
1700 1701 1702
1700 1702 1703
1704 1705 1706
1704 1706 1707
1708 1709 1710
1708 1710 1711
1712 1713 1714
1712 1714 1715
1716 1717 1718
1716 1718 1719
1720 1721 1722
1720 1722 1723
1724 1725 1726
1724 1726 1727
1728 1727 1726
1728 1729 1727
1730 1731 1732
1733 1732 1731
1733 1734 1732
1735 1736 1733
1735 1737 1736
1738 1737 1735
1738 1735 1739
1740 1741 1742
1740 1743 1741
1741 1743 1744
1741 1744 1745
1744 1746 1747
1744 1748 1746
1749 1746 1748
1749 1750 1746
1749 1751 1750
1749 1752 1751
1753 1751 1752
1753 1752 1754
1755 1756 1757
1755 1758 1756
1755 1759 1758
1755 1760 1759
1761 1762 1763
1761 1764 1762
1761 1765 1764
1766 1767 1768
1766 1769 1767
1770 1767 1769
1770 1769 1771
1772 1773 1774
1772 1774 1775
1776 1777 1778
1776 1778 1779
1780 1781 1782
1780 1782 1783
1784 1785 1786
1784 1786 1787
1788 1789 1790
1788 1791 1789
1792 1789 1791
1792 1793 1789
1794 1795 1796
1794 1796 1797
1798 1799 1800
1798 1800 1801
1802 1803 1804
1802 1804 1805
1806 1807 1808
1806 1808 1809
1809 1808 1810
1809 1810 1811
1811 1810 1812
1811 1812 1813
1814 1815 1816
1814 1816 1817
1818 1819 1820
1818 1820 1821
1822 1823 1824
1822 1824 1825
1826 1827 1828
1829 1828 1827
1829 1830 1828
1831 1830 1832
1831 1833 1830
1831 1834 1833
1831 1835 1834
1836 1837 1838
1836 1839 1837
1836 1840 1839
1841 1842 1843
1841 1843 1844
1841 1844 1845
1841 1845 1846
1847 1848 1849
1847 1849 1850
1851 1850 1849
1851 1849 1852
1853 1854 1855
1853 1855 1856
1857 1856 1855
1857 1855 1858
1859 1857 1858
1859 1860 1857
1859 1861 1860
1859 1862 1861
1863 1864 1862
1863 1865 1864
1866 1865 1863
1866 1867 1865
1868 1869 1870
1870 1869 1871
1869 1872 1871
1872 1869 1873
1872 1873 1874
1874 1873 1875
1874 1875 1876
1876 1875 1877
1876 1877 1878
1879 1880 1881
1880 1882 1881
1880 1883 1882
1884 1882 1883
1884 1885 1882
1885 1884 1886
1885 1886 1887
1887 1886 1888
1887 1888 1889
1890 1891 1892
1893 1891 1890
1894 1893 1890
1890 1895 1894
1890 1896 1895
1896 1897 1895
1896 1898 1897
1898 1899 1897
1898 1900 1899
1901 1902 1903
1904 1902 1901
1904 1901 1905
1906 1904 1905
1906 1905 1907
1907 1908 1906
1907 1909 1908
1910 1909 1907
1910 1907 1911
1911 1907 1905
1911 1905 1912
1905 1913 1912
1905 1901 1913
1912 1913 1914
1913 1915 1914
1916 1913 1901
1901 1917 1916
1918 1915 1913
1916 1918 1913
1915 1918 1919
1919 1918 1916
1915 1919 1920
1919 1921 1920
1919 1916 1922
1922 1916 1923
1922 1923 1924
1919 1925 1921
1925 1919 1922
1925 1926 1921
1927 1922 1924
1925 1922 1927
1927 1924 1928
1925 1929 1926
1929 1925 1927
1926 1929 1930
1931 1927 1928
1929 1927 1931
1931 1928 1932
1933 1931 1932
1930 1929 1934
1929 1931 1934
1934 1931 1933
1934 1935 1930
1936 1934 1933
1934 1937 1935
1936 1937 1934
1937 1938 1935
1937 1936 1939
1937 1940 1938
1937 1939 1940
1941 1942 1943
1944 1941 1943
1944 1945 1941
1946 1945 1944
1946 1947 1945
1947 1946 1948
1947 1948 1909
1949 1947 1909
1949 1950 1947
1950 1945 1947
1950 1951 1945
1945 1951 1952
1945 1952 1941
1951 1953 1952
1952 1953 1954
1955 1941 1952
1941 1955 1956
1957 1952 1954
1955 1952 1957
1954 1958 1957
1954 1959 1958
1960 1955 1957
1960 1957 1958
1959 1961 1958
1959 1962 1961
1963 1955 1960
1963 1964 1955
1965 1963 1960
1966 1960 1958
1966 1958 1961
1965 1960 1966
1962 1967 1961
1967 1966 1961
1962 1968 1967
1968 1969 1967
1970 1965 1966
1967 1970 1966
1970 1971 1965
1972 1971 1970
1969 1973 1967
1967 1973 1970
1973 1972 1970
1973 1969 1974
1975 1972 1973
1973 1974 1976
1975 1973 1976
1976 1974 1977
1976 1978 1975
1976 1977 1979
1976 1979 1978
1980 1981 1982
1980 1982 1983
1984 1980 1983
1984 1983 1985
1985 1986 1984
1985 1987 1986
1987 1988 1986
1987 1989 1988
1989 1990 1988
1991 1992 1993
1994 1993 1992
1994 1995 1993
1996 1995 1994
1996 1994 1997
1998 1996 1997
1998 1999 1996
2000 1999 1998
2000 1998 2001
2002 2003 2004
2002 2005 2003
2002 2006 2005
2007 2008 2009
2007 2010 2008
2007 2011 2010
2007 2012 2011
2013 2014 2015
2013 2016 2014
2013 2017 2016
2013 2018 2017
2019 2020 2018
2019 2021 2020
2020 2022 2018
2020 2021 2023
2024 2020 2023
2025 2024 2023
2025 2026 2024
2026 2025 2027
2026 2027 2028
2027 2029 2028
2030 2028 2029
2030 2029 2031
2032 2030 2031
2032 2033 2030
2034 2030 2033
2034 2035 2030
2036 2030 2035
2036 2037 2030
2038 2037 2039
2038 2039 2040
2041 2038 2040
2041 2040 2042
2043 2041 2042
2043 2042 2044
2044 2022 2043
2045 2046 2047
2045 2048 2046
2049 2048 2045
2049 2050 2048
2051 2050 2049
2051 2052 2050
2053 2054 2055
2053 2056 2054
2057 2056 2053
2057 2058 2056
2059 2060 2061
2062 2059 2061
2062 2061 2063
2064 2065 2066
2064 2066 2067
2067 2066 2068
2069 2070 2071
2069 2071 2072
2073 2074 2075
2073 2075 2076
2075 2077 2076
2075 2078 2077
2079 2080 2081
2079 2081 2082
2083 2081 2084
2083 2084 2085
2086 2087 2088
2086 2088 2089
2090 2086 2091
2090 2091 2092
2093 2094 2095
2093 2095 2096
2097 2098 2099
2097 2099 2100
2101 2102 2103
2101 2103 2104
2105 2106 2107
2105 2107 2108
2109 2110 2111
2109 2111 2112
2113 2114 2115
2113 2115 2116
2117 2118 2119
2117 2119 2120
2121 2122 2123
2121 2123 2124
2125 2126 2127
2125 2127 2128
2129 2130 2131
2129 2131 2132
2133 2134 2135
2133 2135 2136
2137 2138 2139
2140 2139 2138
2140 2141 2139
2142 2141 2140
2142 2140 2143
2144 2142 2143
2144 2145 2142
2144 2146 2145
2144 2147 2146
2148 2149 2150
2148 2151 2149
2152 2151 2148
2153 2149 2151
2152 2154 2151
2153 2151 2155
2151 2154 2156
2151 2156 2157
2158 2157 2156
2159 2157 2158
2159 2158 2160
2160 2161 2159
2160 2162 2161
2161 2162 2163
2163 2162 2164
2163 2164 2165
2166 2167 2155
2166 2168 2167
2169 2168 2166
2169 2170 2168
2171 2170 2169
2171 2172 2170
2172 2171 2173
2171 2165 2174
2175 2171 2174
2176 2175 2174
2176 2174 2177
2178 2176 2177
2178 2179 2176
2180 2181 2182
2180 2183 2181
2180 2184 2183
2180 2185 2184
2186 2187 2188
2186 2189 2187
2186 2190 2189
2191 2192 2193
2191 2193 2194
2195 2196 2194
2195 2194 2197
2198 2199 2200
2198 2200 2201
2202 2198 2203
2202 2203 2204
2205 2206 2207
2205 2207 2208
2209 2210 2211
2209 2212 2210
2210 2212 2213
2210 2213 2214
2215 2216 2217
2215 2217 2218
2219 2220 2221
2219 2221 2222
2223 2224 2225
2223 2225 2226
2227 2228 2229
2227 2229 2230
2231 2232 2233
2231 2233 2234
2235 2236 2237
2235 2237 2238
2239 2240 2241
2239 2241 2242
2243 2244 2245
2243 2245 2246
2247 2248 2249
2247 2249 2250
2251 2252 2253
2251 2253 2254
2255 2256 2257
2255 2257 2258
2259 2260 2261
2259 2262 2260
2262 2259 2263
2262 2264 2260
2262 2263 2265
2266 2265 2263
2262 2267 2264
2262 2265 2267
2268 2264 2267
2266 2269 2265
2269 2266 2270
2268 2267 2271
2271 2272 2268
2265 2273 2267
2273 2265 2269
2271 2267 2273
2269 2270 2274
2275 2274 2270
2275 2276 2274
2271 2277 2272
2277 2278 2272
2274 2279 2269
2273 2269 2279
2280 2274 2276
2274 2280 2279
2280 2276 2281
2280 2281 2282
2271 2273 2283
2283 2277 2271
2277 2284 2278
2285 2278 2284
2273 2279 2286
2283 2273 2286
2280 2282 2287
2288 2287 2282
2280 2289 2279
2286 2279 2289
2287 2289 2280
2283 2290 2277
2290 2284 2277
2285 2284 2291
2292 2285 2291
2283 2286 2293
2293 2290 2283
2286 2289 2294
2287 2294 2289
2286 2294 2293
2288 2295 2287
2296 2295 2288
2287 2297 2294
2297 2293 2294
2295 2297 2287
2290 2298 2284
2291 2284 2298
2292 2291 2299
2299 2300 2292
2296 2301 2295
2302 2301 2296
2293 2303 2290
2298 2290 2303
2297 2295 2304
2304 2295 2301
2297 2305 2293
2305 2303 2293
2304 2305 2297
2291 2298 2306
2306 2299 2291
2299 2307 2300
2307 2308 2300
2298 2303 2309
2306 2298 2309
2303 2305 2310
2304 2310 2305
2310 2309 2303
2304 2301 2311
2310 2304 2311
2306 2312 2299
2307 2299 2312
2307 2313 2308
2313 2314 2308
2306 2309 2315
2315 2312 2306
2310 2316 2309
2316 2315 2309
2307 2312 2317
2313 2307 2317
2313 2318 2314
2318 2319 2314
2318 2320 2319
2315 2321 2312
2317 2312 2321
2318 2313 2322
2313 2317 2322
2323 2322 2317
2324 2320 2318
2318 2322 2324
2324 2322 2323
2324 2325 2320
2326 2325 2324
2324 2323 2326
2326 2327 2325
2326 2328 2327
2327 2328 2329
2330 2321 2315
2316 2330 2315
2317 2321 2331
2323 2317 2331
2332 2328 2326
2323 2332 2326
2329 2328 2333
2329 2333 2334
2330 2335 2321
2331 2321 2335
2336 2328 2332
2336 2333 2328
2337 2334 2333
2334 2337 2338
2339 2338 2337
2340 2333 2336
2340 2337 2333
2323 2341 2332
2342 2323 2331
2342 2341 2323
2343 2336 2332
2343 2332 2341
2331 2335 2344
2344 2342 2331
2341 2342 2345
2341 2345 2343
2342 2344 2346
2335 2346 2344
2342 2346 2345
2347 2336 2343
2347 2340 2336
2335 2348 2346
2335 2330 2348
2349 2343 2345
2343 2349 2347
2345 2346 2350
2350 2346 2348
2330 2351 2348
2330 2316 2351
2349 2345 2352
2345 2350 2352
2353 2351 2316
2353 2316 2310
2310 2311 2353
2354 2347 2349
2349 2352 2355
2349 2355 2354
2352 2350 2356
2352 2356 2355
2354 2357 2347
2340 2347 2357
2340 2357 2358
2337 2340 2358
2337 2358 2359
2339 2337 2359
2360 2339 2359
2359 2358 2360
2360 2361 2339
2362 2361 2360
2362 2360 2363
2363 2364 2362
2360 2358 2365
2365 2363 2360
2358 2357 2366
2358 2366 2365
2367 2357 2354
2367 2366 2357
2363 2368 2364
2368 2369 2364
2370 2363 2365
2370 2368 2363
2365 2366 2371
2365 2371 2370
2370 2372 2368
2372 2370 2371
2368 2373 2369
2372 2373 2368
2372 2374 2373
2375 2369 2373
2375 2373 2374
2376 2369 2375
2377 2376 2375
2377 2375 2378
2379 2377 2378
2379 2378 2380
2381 2380 2378
2378 2375 2382
2374 2382 2375
2381 2378 2383
2378 2382 2383
2384 2381 2383
2372 2371 2385
2374 2372 2385
2383 2382 2386
2383 2386 2387
2384 2383 2387
2388 2386 2382
2374 2389 2382
2388 2382 2389
2390 2384 2387
2390 2391 2384
2390 2392 2391
2371 2393 2385
2374 2385 2394
2385 2393 2394
2393 2395 2394
2396 2374 2394
2396 2389 2374
2395 2396 2394
2371 2397 2393
2366 2397 2371
2366 2367 2397
2396 2398 2389
2395 2398 2396
2397 2399 2393
2393 2399 2395
2367 2400 2397
2397 2400 2399
2398 2401 2389
2388 2389 2401
2402 2395 2399
2400 2402 2399
2367 2403 2400
2354 2403 2367
2354 2355 2403
2395 2404 2398
2401 2398 2404
2403 2405 2400
2400 2405 2402
2406 2402 2405
2355 2407 2403
2403 2407 2405
2355 2356 2407
2402 2408 2395
2408 2404 2395
2408 2402 2406
2409 2405 2407
2406 2405 2409
2410 2407 2356
2409 2407 2410
2411 2404 2408
2408 2406 2411
2410 2356 2412
2412 2356 2350
2413 2409 2410
2413 2410 2412
2411 2414 2404
2401 2404 2414
2415 2406 2409
2413 2415 2409
2413 2416 2415
2406 2417 2411
2417 2414 2411
2412 2350 2418
2350 2348 2418
2419 2418 2348
2412 2418 2419
2419 2348 2351
2413 2412 2420
2412 2419 2420
2420 2416 2413
2421 2419 2351
2421 2420 2419
2421 2351 2353
2422 2421 2353
2420 2421 2422
2422 2353 2311
2423 2420 2422
2420 2423 2416
2311 2424 2422
2423 2422 2424
2311 2301 2424
2302 2424 2301
2425 2424 2302
2425 2423 2424
2416 2423 2425
2426 2416 2425
2427 2416 2426
2427 2428 2416
2428 2427 2429
2416 2428 2415
2428 2429 2430
2415 2428 2430
2429 2431 2430
2429 2432 2431
2430 2433 2415
2415 2433 2406
2433 2417 2406
2434 2433 2430
2434 2430 2431
2433 2434 2417
2435 2431 2432
2435 2432 2436
2431 2437 2434
2431 2435 2437
2434 2438 2417
2434 2437 2438
2436 2439 2435
2436 2440 2439
2441 2437 2435
2441 2435 2439
2440 2442 2439
2440 2443 2442
2444 2417 2438
2444 2414 2417
2437 2445 2438
2437 2441 2445
2446 2441 2439
2446 2439 2442
2447 2442 2443
2447 2443 2448
2449 2447 2448
2449 2448 2450
2447 2449 2451
2452 2442 2447
2447 2451 2452
2452 2446 2442
2453 2452 2451
2454 2441 2446
2454 2445 2441
2446 2452 2455
2453 2455 2452
2446 2455 2454
2456 2455 2453
2456 2454 2455
2456 2453 2457
2445 2454 2458
2456 2458 2454
2445 2458 2459
2438 2445 2459
2438 2459 2444
2444 2459 2460
2458 2460 2459
2444 2460 2461
2461 2414 2444
2401 2414 2461
2401 2461 2462
2388 2401 2462
2461 2460 2463
2461 2463 2462
2460 2458 2464
2460 2464 2463
2465 2388 2462
2465 2462 2463
2388 2465 2466
2388 2466 2467
2466 2387 2467
2463 2468 2465
2463 2464 2468
2468 2466 2465
2469 2468 2464
2458 2470 2464
2469 2464 2470
2458 2456 2470
2456 2469 2470
2466 2471 2387
2387 2471 2390
2468 2472 2466
2466 2472 2471
2390 2471 2472
2468 2469 2472
2390 2472 2473
2469 2473 2472
2390 2473 2392
2474 2392 2473
2469 2474 2473
2474 2475 2392
2456 2476 2469
2469 2476 2474
2475 2474 2476
2457 2476 2456
2475 2476 2477
2457 2477 2476
2457 2478 2477
2479 2480 2481
2479 2481 2482
2483 2479 2482
2484 2482 2481
2483 2482 2485
2486 2483 2485
2484 2487 2482
2487 2485 2482
2488 2487 2484
2488 2489 2487
2490 2489 2488
2487 2491 2485
2489 2491 2487
2486 2485 2492
2491 2492 2485
2490 2493 2489
2494 2493 2490
2486 2492 2495
2486 2495 2496
2491 2497 2492
2495 2492 2497
2489 2498 2491
2498 2489 2493
2498 2497 2491
2494 2499 2493
2500 2499 2494
2501 2496 2495
2501 2502 2496
2498 2493 2503
2499 2503 2493
2495 2497 2504
2501 2495 2504
2498 2505 2497
2505 2498 2503
2502 2501 2506
2502 2506 2507
2497 2508 2504
2497 2505 2508
2509 2507 2506
2509 2510 2507
2511 2510 2509
2511 2512 2510
2512 2511 2513
2512 2513 2514
2514 2513 2515
2514 2515 2516
2517 2516 2515
2518 2517 2515
2518 2519 2517
2518 2520 2519
2520 2521 2519
2522 2518 2515
2522 2520 2518
2523 2515 2513
2522 2515 2523
2524 2513 2511
2523 2513 2524
2525 2511 2509
2524 2511 2525
2520 2526 2521
2527 2521 2526
2522 2528 2520
2528 2526 2520
2523 2529 2522
2529 2528 2522
2524 2530 2523
2523 2530 2529
2527 2526 2531
2531 2532 2527
2528 2533 2526
2533 2531 2526
2524 2534 2530
2534 2524 2525
2531 2535 2532
2535 2536 2532
2535 2537 2536
2535 2531 2538
2533 2538 2531
2539 2537 2535
2535 2538 2539
2539 2540 2537
2533 2528 2541
2529 2541 2528
2542 2529 2530
2534 2542 2530
2543 2538 2533
2533 2541 2543
2544 2540 2539
2544 2545 2540
2546 2539 2538
2543 2546 2538
2546 2544 2539
2541 2529 2547
2542 2547 2529
2545 2544 2548
2545 2548 2549
2543 2541 2550
2541 2547 2550
2546 2543 2551
2543 2550 2551
2544 2546 2552
2544 2552 2548
2546 2551 2552
2553 2549 2548
2553 2554 2549
2550 2547 2555
2555 2547 2542
2551 2550 2556
2550 2555 2556
2552 2551 2557
2551 2556 2557
2558 2548 2552
2558 2553 2548
2552 2557 2558
2554 2553 2559
2554 2559 2560
2561 2553 2558
2561 2559 2553
2558 2557 2562
2558 2562 2561
2557 2556 2563
2557 2563 2562
2560 2559 2564
2560 2564 2565
2559 2561 2566
2559 2566 2564
2567 2565 2564
2567 2564 2566
2568 2565 2567
2569 2561 2562
2569 2566 2561
2567 2566 2570
2570 2566 2569
2568 2567 2571
2570 2571 2567
2562 2572 2569
2562 2563 2572
2556 2573 2563
2556 2555 2573
2574 2568 2571
2574 2575 2568
2570 2569 2576
2572 2576 2569
2563 2573 2577
2563 2577 2572
2575 2574 2578
2575 2578 2579
2580 2579 2578
2580 2581 2579
2581 2580 2582
2581 2582 2583
2583 2582 2584
2583 2584 2585
2585 2584 2586
2585 2586 2587
2587 2586 2588
2587 2588 2589
2590 2589 2588
2591 2578 2574
2578 2592 2580
2578 2591 2592
2580 2593 2582
2580 2592 2593
2582 2594 2584
2582 2593 2594
2584 2595 2586
2584 2594 2595
2586 2596 2588
2586 2595 2596
2590 2588 2597
2597 2588 2596
2591 2574 2598
2571 2598 2574
2590 2597 2599
2590 2599 2600
2571 2601 2598
2570 2601 2571
2570 2602 2601
2570 2576 2602
2603 2598 2601
2603 2601 2602
2604 2602 2576
2572 2604 2576
2604 2605 2602
2603 2602 2605
2572 2606 2604
2605 2604 2606
2572 2577 2606
2603 2607 2598
2598 2607 2591
2603 2605 2608
2607 2603 2608
2606 2577 2609
2573 2609 2577
2605 2606 2610
2608 2605 2610
2573 2611 2609
2555 2611 2573
2610 2606 2612
2612 2606 2609
2555 2613 2611
2613 2555 2542
2614 2613 2542
2534 2614 2542
2615 2611 2613
2614 2615 2613
2616 2614 2534
2534 2525 2616
2615 2614 2617
2616 2617 2614
2618 2616 2525
2525 2509 2618
2506 2618 2509
2618 2619 2616
2619 2617 2616
2506 2620 2618
2620 2619 2618
2620 2506 2501
2620 2501 2621
2501 2504 2621
2620 2622 2619
2622 2620 2621
2623 2621 2504
2622 2621 2623
2623 2504 2508
2619 2624 2617
2624 2619 2622
2623 2625 2622
2624 2622 2625
2626 2623 2508
2623 2626 2625
2624 2627 2617
2615 2617 2627
2626 2508 2628
2505 2628 2508
2626 2629 2625
2629 2626 2628
2630 2624 2625
2624 2630 2627
2627 2631 2615
2615 2631 2611
2505 2632 2628
2505 2503 2632
2627 2633 2631
2630 2633 2627
2611 2631 2634
2634 2631 2633
2611 2634 2609
2630 2625 2635
2629 2635 2625
2635 2636 2630
2630 2636 2633
2636 2635 2629
2629 2628 2637
2637 2628 2632
2632 2503 2638
2499 2638 2503
2634 2633 2639
2639 2633 2636
2640 2609 2634
2639 2640 2634
2640 2612 2609
2636 2629 2641
2641 2629 2637
2637 2632 2642
2632 2638 2642
2638 2499 2643
2500 2643 2499
2639 2636 2644
2644 2636 2641
2640 2639 2645
2645 2639 2644
2612 2640 2646
2640 2645 2646
2641 2637 2647
2647 2637 2642
2642 2638 2648
2638 2643 2648
2642 2648 2647
2649 2643 2500
2649 2500 2650
2644 2641 2651
2651 2641 2647
2652 2648 2643
2652 2643 2649
2653 2647 2648
2651 2647 2653
2653 2648 2652
2650 2654 2649
2650 2655 2654
2652 2656 2653
2651 2653 2656
2649 2657 2652
2649 2654 2657
2652 2657 2656
2658 2644 2651
2645 2644 2658
2659 2654 2655
2659 2655 2660
2659 2660 2661
2662 2657 2654
2662 2654 2659
2659 2661 2663
2659 2663 2662
2664 2663 2661
2657 2662 2665
2657 2665 2656
2665 2662 2663
2651 2656 2666
2658 2651 2666
2666 2656 2665
2664 2667 2663
2667 2664 2668
2665 2663 2669
2667 2669 2663
2666 2665 2670
2669 2670 2665
2671 2658 2666
2671 2666 2670
2667 2668 2672
2673 2672 2668
2667 2674 2669
2672 2674 2667
2669 2675 2670
2674 2675 2669
2673 2676 2672
2677 2676 2673
2678 2658 2671
2678 2645 2658
2670 2679 2671
2670 2675 2679
2672 2680 2674
2676 2680 2672
2680 2681 2674
2674 2682 2675
2681 2682 2674
2683 2675 2682
2683 2679 2675
2682 2681 2683
2671 2679 2684
2671 2684 2678
2685 2678 2684
2645 2678 2686
2685 2686 2678
2645 2686 2646
2687 2684 2679
2687 2679 2683
2688 2646 2686
2686 2685 2688
2681 2680 2689
2676 2689 2680
2690 2685 2684
2690 2684 2687
2688 2691 2646
2612 2646 2691
2691 2610 2612
2691 2692 2610
2691 2688 2692
2608 2610 2692
2688 2693 2692
2688 2685 2693
2692 2694 2608
2692 2693 2694
2607 2608 2694
2695 2607 2694
2607 2695 2591
2693 2696 2694
2695 2694 2696
2697 2693 2685
2693 2697 2696
2591 2695 2698
2591 2698 2592
2695 2696 2699
2697 2699 2696
2695 2699 2698
2685 2700 2697
2697 2700 2699
2685 2690 2700
2701 2592 2698
2701 2593 2592
2702 2698 2699
2700 2702 2699
2702 2701 2698
2700 2690 2703
2687 2703 2690
2704 2593 2701
2704 2594 2593
2705 2701 2702
2705 2704 2701
2700 2706 2702
2706 2700 2703
2705 2702 2706
2687 2707 2703
2683 2707 2687
2708 2594 2704
2708 2595 2594
2709 2704 2705
2709 2708 2704
2705 2706 2710
2710 2709 2705
2706 2703 2711
2707 2711 2703
2710 2706 2711
2683 2712 2707
2681 2712 2683
2595 2708 2713
2595 2713 2596
2708 2709 2714
2708 2714 2713
2710 2715 2709
2714 2709 2715
2707 2716 2711
2712 2716 2707
2711 2717 2710
2717 2715 2710
2717 2711 2716
2718 2712 2681
2712 2718 2716
2714 2715 2719
2719 2715 2717
2713 2714 2720
2720 2714 2719
2721 2596 2713
2713 2720 2721
2717 2716 2722
2722 2716 2718
2718 2681 2723
2681 2689 2723
2724 2718 2723
2722 2718 2724
2689 2725 2723
2724 2723 2725
2719 2717 2726
2722 2726 2717
2724 2727 2722
2727 2724 2725
2689 2728 2725
2676 2728 2689
2722 2729 2726
2727 2729 2722
2729 2727 2730
2727 2725 2731
2731 2725 2728
2730 2727 2731
2719 2726 2732
2732 2726 2729
2676 2733 2728
2677 2733 2676
2733 2677 2734
2731 2728 2735
2735 2728 2733
2733 2734 2736
2735 2733 2736
2735 2737 2731
2730 2731 2737
2738 2736 2734
2738 2734 2739
2736 2740 2735
2735 2740 2737
2736 2738 2740
2741 2738 2739
2741 2739 2742
2741 2742 2743
2744 2737 2740
2730 2737 2744
2745 2740 2738
2745 2738 2741
2744 2740 2745
2741 2743 2746
2745 2741 2746
2743 2747 2746
2743 2748 2747
2746 2747 2749
2750 2746 2749
2745 2746 2751
2750 2751 2746
2744 2745 2751
2744 2751 2752
2750 2753 2751
2754 2751 2753
2754 2752 2751
2754 2755 2752
2755 2756 2752
2752 2756 2757
2758 2744 2752
2730 2744 2758
2752 2757 2759
2758 2752 2759
2759 2757 2760
2761 2730 2758
2759 2761 2758
2759 2760 2762
2759 2762 2761
2763 2762 2760
2763 2764 2762
2765 2764 2763
2761 2766 2730
2729 2730 2766
2732 2729 2766
2732 2766 2761
2762 2767 2761
2732 2761 2767
2762 2764 2767
2767 2768 2732
2719 2732 2768
2720 2719 2768
2767 2769 2768
2764 2769 2767
2720 2768 2769
2765 2770 2764
2764 2770 2769
2720 2769 2771
2771 2769 2770
2721 2720 2771
2772 2770 2765
2771 2770 2772
2772 2765 2773
2774 2772 2773
2774 2775 2772
2775 2771 2772
2776 2775 2774
2721 2771 2777
2775 2777 2771
2776 2778 2775
2779 2778 2776
2780 2721 2777
2721 2780 2596
2597 2596 2780
2775 2781 2777
2780 2777 2781
2597 2780 2781
2775 2778 2781
2597 2781 2599
2599 2781 2778
2599 2778 2782
2779 2782 2778
2600 2599 2782
2600 2782 2783
2779 2783 2782
2779 2784 2783
2785 2786 2787
2785 2787 2788
2789 2785 2788
2788 2787 2790
2789 2788 2791
2792 2789 2791
2792 2791 2793
2788 2790 2794
2791 2788 2794
2794 2790 2795
2793 2791 2796
2791 2794 2796
2793 2796 2797
2794 2795 2798
2796 2794 2798
2798 2795 2799
2797 2796 2800
2796 2798 2800
2797 2800 2801
2801 2800 2802
2798 2799 2803
2800 2798 2803
2803 2799 2804
2802 2800 2805
2800 2803 2805
2802 2805 2806
2803 2804 2807
2805 2803 2807
2806 2805 2808
2805 2807 2808
2806 2808 2809
2809 2808 2810
2804 2811 2807
2808 2807 2811
2804 2812 2811
2808 2813 2810
2808 2811 2813
2810 2813 2814
2811 2812 2815
2813 2811 2815
2812 2816 2815
2814 2813 2817
2813 2815 2817
2814 2817 2818
2818 2817 2819
2815 2816 2820
2817 2815 2820
2820 2816 2821
2819 2817 2822
2817 2820 2822
2819 2822 2823
2820 2821 2824
2822 2820 2824
2824 2821 2825
2824 2825 2826
2823 2822 2827
2822 2824 2827
2827 2824 2826
2823 2827 2828
2827 2826 2829
2828 2827 2830
2830 2827 2829
2830 2829 2831
2832 2833 2834
2832 2834 2835
2835 2836 2832
2835 2834 2837
2835 2838 2836
2839 2836 2838
2835 2837 2840
2835 2840 2838
2841 2840 2837
2839 2838 2842
2842 2843 2839
2841 2844 2840
2844 2841 2845
2838 2840 2846
2846 2842 2838
2844 2846 2840
2842 2847 2843
2848 2843 2847
2848 2847 2849
2844 2845 2850
2850 2845 2851
2847 2842 2852
2846 2852 2842
2853 2849 2847
2847 2852 2853
2853 2854 2849
2853 2855 2854
2844 2856 2846
2856 2844 2850
2850 2851 2857
2858 2857 2851
2846 2859 2852
2856 2859 2846
2853 2860 2855
2861 2855 2860
2853 2852 2862
2859 2862 2852
2860 2853 2862
2856 2850 2863
2863 2850 2857
2858 2864 2857
2865 2864 2858
2856 2866 2859
2866 2856 2863
2859 2867 2862
2860 2862 2867
2859 2866 2867
2861 2860 2868
2869 2861 2868
2860 2867 2870
2870 2867 2866
2868 2860 2870
2863 2857 2871
2864 2871 2857
2865 2872 2864
2872 2865 2873
2869 2868 2874
2875 2869 2874
2866 2863 2876
2871 2876 2863
2870 2877 2868
2877 2874 2868
2870 2866 2878
2878 2866 2876
2877 2870 2878
2864 2879 2871
2879 2864 2872
2875 2874 2880
2881 2875 2880
2871 2882 2876
2879 2882 2871
2876 2883 2878
2877 2878 2883
2883 2876 2882
2877 2884 2874
2884 2880 2874
2883 2884 2877
2881 2880 2885
2886 2881 2885
2887 2881 2886
2888 2887 2886
2884 2889 2880
2885 2880 2889
2883 2890 2884
2889 2884 2890
2883 2882 2891
2890 2883 2891
2885 2889 2892
2892 2886 2885
2889 2890 2893
2892 2889 2893
2893 2890 2894
2890 2891 2894
2891 2882 2895
2879 2895 2882
2888 2886 2896
2896 2897 2888
2893 2898 2892
2893 2894 2898
2899 2894 2891
2891 2895 2899
2895 2879 2900
2879 2872 2900
2898 2894 2901
2899 2901 2894
2899 2895 2902
2895 2900 2902
2903 2902 2900
2899 2902 2904
2901 2899 2904
2903 2904 2902
2905 2900 2872
2903 2900 2905
2905 2872 2906
2872 2873 2906
2873 2907 2906
2907 2905 2906
2873 2908 2907
2907 2908 2909
2907 2909 2910
2910 2909 2911
2910 2911 2912
2907 2913 2905
2910 2913 2907
2914 2910 2912
2910 2914 2913
2914 2912 2915
2916 2905 2913
2914 2916 2913
2916 2903 2905
2917 2914 2915
2914 2917 2916
2917 2915 2918
2917 2918 2919
2918 2920 2919
2916 2917 2921
2921 2917 2919
2920 2922 2919
2920 2923 2922
2903 2916 2924
2916 2921 2924
2925 2921 2919
2925 2919 2922
2926 2922 2923
2923 2927 2926
2928 2926 2927
2929 2924 2921
2929 2921 2925
2930 2925 2922
2930 2922 2926
2931 2929 2925
2931 2925 2930
2903 2924 2932
2924 2929 2933
2924 2933 2932
2934 2903 2932
2933 2934 2932
2903 2934 2904
2904 2934 2935
2933 2935 2934
2904 2935 2901
2936 2933 2929
2929 2931 2936
2937 2901 2935
2898 2901 2937
2938 2935 2933
2936 2938 2933
2938 2939 2935
2937 2935 2939
2940 2898 2937
2940 2892 2898
2936 2941 2938
2941 2939 2938
2942 2937 2939
2942 2940 2937
2941 2942 2939
2943 2936 2931
2936 2943 2941
2944 2942 2941
2943 2944 2941
2943 2931 2945
2930 2945 2931
2946 2892 2940
2892 2946 2886
2947 2940 2942
2944 2947 2942
2943 2948 2944
2948 2943 2945
2930 2949 2945
2926 2949 2930
2946 2940 2950
2947 2950 2940
2946 2951 2886
2886 2951 2896
2952 2947 2944
2948 2952 2944
2948 2945 2953
2949 2953 2945
2946 2950 2954
2946 2954 2951
2955 2950 2947
2952 2955 2947
2955 2954 2950
2948 2956 2952
2953 2956 2948
2957 2955 2952
2956 2957 2952
2958 2954 2955
2957 2958 2955
2951 2959 2896
2896 2959 2897
2951 2954 2960
2958 2960 2954
2959 2951 2961
2951 2960 2961
2897 2959 2962
2897 2962 2963
2964 2959 2961
2964 2962 2959
2965 2963 2962
2965 2966 2963
2961 2960 2967
2961 2967 2964
2962 2964 2968
2962 2968 2965
2966 2965 2969
2966 2969 2970
2964 2967 2971
2964 2971 2968
2972 2965 2968
2972 2969 2965
2970 2969 2973
2970 2973 2974
2968 2971 2975
2968 2975 2972
2976 2969 2972
2976 2973 2969
2977 2974 2973
2977 2978 2974
2979 2978 2977
2979 2980 2978
2977 2981 2979
2982 2977 2973
2977 2982 2981
2982 2973 2976
2983 2981 2982
2984 2976 2972
2984 2972 2975
2976 2985 2982
2983 2982 2985
2976 2984 2985
2986 2983 2985
2986 2985 2984
2986 2987 2983
2975 2988 2984
2986 2984 2988
2975 2989 2988
2971 2989 2975
2971 2990 2989
2990 2971 2967
2988 2989 2991
2990 2991 2989
2990 2967 2992
2990 2993 2991
2993 2990 2992
2994 2992 2967
2960 2994 2967
2995 2994 2960
2995 2960 2958
2994 2996 2992
2994 2995 2996
2958 2997 2995
2997 2996 2995
2958 2957 2997
2998 2992 2996
2998 2993 2992
2999 2997 2957
2956 2999 2957
3000 2996 2997
2998 2996 3000
3001 2999 2956
2953 3001 2956
2999 3002 2997
3002 3000 2997
3003 3001 2953
2949 3003 2953
3001 3004 2999
3002 2999 3004
3002 3004 3005
3002 3006 3000
3006 3002 3005
3006 3007 3000
3007 2998 3000
3006 3005 3007
3005 3008 3007
3009 3004 3001
3004 3009 3005
3007 3010 2998
2998 3010 2993
3003 3011 3001
3009 3001 3011
3012 3007 3008
3007 3012 3010
2993 3010 3013
2993 3013 2991
3012 3008 3014
3015 3014 3008
3016 3010 3012
3016 3013 3010
3017 3016 3012
2991 3013 3018
2991 3018 2988
3017 3019 3016
3019 3017 3015
3013 3016 3020
3013 3020 3018
3020 3016 3019
3021 3018 3020
2988 3018 3022
3021 3022 3018
2988 3022 2986
2986 3022 3021
3020 3019 3023
3020 3023 3021
3019 3015 3024
3019 3024 3023
3025 3023 3024
3015 3025 3024
2986 3021 3026
2987 2986 3026
3021 3023 3027
3025 3027 3023
2987 3026 3028
2987 3028 3029
3030 3028 3026
3021 3031 3026
3030 3026 3031
3021 3027 3031
3031 3032 3030
3031 3027 3032
3025 3032 3027
3025 3033 3032
3025 3034 3033
3025 3015 3034
3015 3035 3034
3015 3036 3035
3036 3037 3035
3015 3008 3036
3036 3038 3037
3038 3036 3008
3039 3037 3038
3039 3038 3040
3038 3008 3041
3040 3038 3041
3040 3041 3042
3005 3041 3008
3042 3041 3043
3041 3005 3044
3041 3044 3043
3009 3044 3005
3045 3043 3044
3009 3045 3044
3045 3046 3043
3011 3045 3009
3047 3046 3045
3011 3047 3045
3047 3048 3046
3011 3003 3047
3048 3047 3049
3003 3049 3047
3048 3049 3050
3049 3003 2949
3049 2928 3050
3051 3049 2949
3049 3051 2928
2926 3051 2949
2928 3051 2926
3052 3053 3054
3052 3055 3053
3056 3055 3052
3055 3057 3053
3056 3058 3055
3059 3058 3056
3059 3060 3058
3055 3061 3057
3058 3061 3055
3061 3062 3057
3060 3063 3058
3058 3063 3061
3060 3064 3063
3061 3065 3062
3063 3065 3061
3065 3066 3062
3064 3067 3063
3063 3067 3065
3064 3068 3067
3068 3069 3067
3065 3070 3066
3067 3070 3065
3070 3071 3066
3069 3072 3067
3067 3072 3070
3069 3073 3072
3070 3074 3071
3072 3074 3070
3074 3075 3071
3073 3076 3072
3072 3076 3074
3073 3077 3076
3077 3078 3076
3074 3079 3075
3076 3079 3074
3076 3078 3080
3076 3080 3079
3078 3081 3080
3079 3082 3075
3080 3082 3079
3082 3083 3075
3081 3084 3080
3080 3084 3082
3081 3085 3084
3085 3086 3084
3082 3087 3083
3084 3087 3082
3087 3088 3083
3086 3089 3084
3084 3089 3087
3086 3090 3089
3087 3091 3088
3089 3091 3087
3091 3092 3088
3091 3093 3092
3090 3094 3089
3089 3094 3091
3094 3093 3091
3090 3095 3094
3094 3096 3093
3095 3097 3094
3097 3096 3094
3097 3098 3096
3099 3100 3101
3099 3102 3100
3103 3102 3099
3104 3100 3102
3103 3105 3102
3106 3105 3103
3104 3102 3107
3107 3102 3105
3108 3104 3107
3108 3107 3109
3110 3108 3109
3107 3105 3111
3109 3107 3111
3106 3112 3105
3111 3105 3112
3110 3109 3113
3114 3110 3113
3106 3115 3112
3106 3116 3115
3111 3112 3117
3115 3117 3112
3109 3111 3118
3118 3113 3109
3118 3111 3117
3114 3113 3119
3120 3114 3119
3121 3115 3116
3121 3116 3122
3118 3123 3113
3119 3113 3123
3115 3124 3117
3121 3124 3115
3118 3117 3125
3125 3123 3118
3122 3126 3121
3122 3127 3126
3117 3124 3128
3117 3128 3125
3129 3126 3127
3129 3127 3130
3131 3129 3130
3131 3130 3132
3132 3133 3131
3132 3134 3133
3134 3135 3133
3134 3136 3135
3137 3135 3136
3138 3135 3137
3138 3137 3139
3138 3139 3140
3140 3139 3141
3142 3135 3138
3142 3138 3140
3143 3133 3135
3142 3143 3135
3144 3131 3133
3143 3144 3133
3145 3129 3131
3144 3145 3131
3140 3141 3146
3147 3146 3141
3142 3140 3148
3148 3140 3146
3143 3142 3149
3149 3142 3148
3144 3143 3150
3143 3149 3150
3147 3151 3146
3151 3147 3152
3148 3146 3153
3153 3146 3151
3144 3150 3154
3154 3145 3144
3151 3152 3155
3155 3152 3156
3155 3156 3157
3155 3158 3151
3153 3151 3158
3159 3155 3157
3155 3159 3158
3159 3157 3160
3153 3161 3148
3149 3148 3161
3162 3150 3149
3154 3150 3162
3163 3153 3158
3153 3163 3161
3164 3159 3160
3164 3160 3165
3166 3158 3159
3163 3158 3166
3166 3159 3164
3161 3167 3149
3162 3149 3167
3165 3168 3164
3165 3169 3168
3163 3170 3161
3161 3170 3167
3166 3171 3163
3163 3171 3170
3164 3172 3166
3164 3168 3172
3166 3172 3171
3173 3168 3169
3173 3169 3174
3170 3175 3167
3175 3162 3167
3176 3172 3168
3176 3168 3173
3172 3177 3171
3172 3176 3177
3171 3178 3170
3170 3178 3175
3171 3177 3178
3174 3179 3173
3174 3180 3179
3181 3176 3173
3181 3173 3179
3176 3182 3177
3176 3181 3182
3177 3183 3178
3177 3182 3183
3180 3184 3179
3180 3185 3184
3179 3186 3181
3179 3184 3186
3187 3184 3185
3187 3186 3184
3188 3187 3185
3189 3182 3181
3189 3181 3186
3187 3190 3186
3190 3189 3186
3188 3191 3187
3190 3187 3191
3182 3189 3192
3182 3192 3183
3178 3183 3193
3178 3193 3175
3194 3191 3188
3194 3188 3195
3190 3196 3189
3192 3189 3196
3183 3192 3197
3183 3197 3193
3195 3198 3194
3195 3199 3198
3200 3198 3199
3200 3199 3201
3201 3202 3200
3201 3203 3202
3203 3204 3202
3203 3205 3204
3205 3206 3204
3205 3207 3206
3207 3208 3206
3207 3209 3208
3210 3208 3209
3211 3194 3198
3198 3200 3212
3198 3212 3211
3200 3202 3213
3200 3213 3212
3202 3204 3214
3202 3214 3213
3204 3206 3215
3204 3215 3214
3206 3208 3216
3206 3216 3215
3210 3217 3208
3217 3216 3208
3211 3218 3194
3191 3194 3218
3210 3219 3217
3210 3220 3219
3191 3218 3221
3190 3191 3221
3190 3221 3222
3190 3222 3196
3223 3221 3218
3223 3222 3221
3224 3196 3222
3192 3196 3224
3224 3222 3225
3223 3225 3222
3192 3224 3226
3225 3226 3224
3192 3226 3197
3223 3218 3227
3218 3211 3227
3223 3228 3225
3227 3228 3223
3225 3229 3226
3228 3229 3225
3226 3230 3197
3193 3197 3230
3229 3231 3226
3231 3230 3226
3193 3230 3232
3175 3193 3232
3175 3232 3233
3233 3162 3175
3234 3162 3233
3154 3162 3234
3235 3233 3232
3234 3233 3235
3236 3154 3234
3154 3236 3145
3235 3237 3234
3236 3234 3237
3238 3145 3236
3145 3238 3129
3126 3129 3238
3238 3236 3239
3239 3236 3237
3126 3238 3240
3240 3238 3239
3240 3121 3126
3240 3241 3121
3121 3241 3124
3240 3239 3242
3242 3241 3240
3243 3124 3241
3242 3243 3241
3243 3128 3124
3239 3237 3244
3244 3242 3239
3243 3242 3245
3244 3245 3242
3246 3128 3243
3243 3245 3246
3244 3237 3247
3235 3247 3237
3246 3248 3128
3125 3128 3248
3246 3245 3249
3249 3248 3246
3250 3245 3244
3244 3247 3250
3247 3235 3251
3235 3232 3251
3125 3248 3252
3125 3252 3123
3247 3251 3253
3250 3247 3253
3232 3254 3251
3254 3253 3251
3232 3230 3254
3250 3255 3245
3249 3245 3255
3255 3250 3256
3250 3253 3256
3256 3249 3255
3249 3257 3248
3257 3252 3248
3252 3258 3123
3119 3123 3258
3259 3254 3230
3259 3230 3231
3254 3260 3253
3260 3256 3253
3260 3254 3259
3256 3261 3249
3261 3257 3249
3257 3262 3252
3252 3262 3258
3258 3263 3119
3120 3119 3263
3260 3264 3256
3264 3261 3256
3259 3265 3260
3265 3264 3260
3261 3266 3257
3266 3262 3257
3262 3267 3258
3258 3267 3263
3262 3266 3267
3268 3120 3263
3268 3269 3120
3264 3270 3261
3270 3266 3261
3271 3263 3267
3271 3268 3263
3272 3267 3266
3270 3272 3266
3272 3271 3267
3269 3268 3273
3269 3273 3274
3271 3272 3275
3270 3275 3272
3268 3271 3276
3268 3276 3273
3271 3275 3276
3277 3270 3264
3265 3277 3264
3278 3274 3273
3278 3279 3274
3278 3280 3279
3270 3281 3275
3277 3281 3270
3282 3273 3276
3282 3278 3273
3278 3283 3280
3278 3282 3283
3284 3280 3283
3276 3275 3285
3276 3285 3282
3281 3285 3275
3285 3283 3282
3284 3283 3286
3286 3287 3284
3285 3288 3283
3286 3283 3288
3281 3289 3285
3288 3285 3289
3290 3281 3277
3290 3289 3281
3286 3291 3287
3292 3287 3291
3286 3288 3293
3291 3286 3293
3288 3289 3294
3293 3288 3294
3292 3291 3295
3296 3292 3295
3297 3290 3277
3297 3277 3265
3289 3290 3298
3289 3298 3294
3291 3293 3299
3295 3291 3299
3299 3293 3300
3293 3294 3301
3300 3293 3301
3302 3301 3294
3302 3294 3298
3301 3302 3300
3290 3303 3298
3290 3297 3303
3304 3303 3297
3265 3305 3297
3304 3297 3305
3306 3298 3303
3306 3302 3298
3265 3307 3305
3259 3307 3265
3231 3307 3259
3308 3305 3307
3305 3308 3304
3231 3309 3307
3308 3307 3309
3309 3231 3229
3309 3229 3310
3309 3310 3308
3228 3310 3229
3308 3310 3311
3308 3311 3304
3310 3228 3312
3310 3312 3311
3227 3312 3228
3313 3312 3227
3227 3211 3313
3311 3312 3314
3313 3314 3312
3211 3315 3313
3211 3212 3315
3311 3314 3316
3316 3304 3311
3313 3317 3314
3316 3314 3317
3313 3315 3317
3318 3315 3212
3318 3212 3213
3304 3316 3319
3316 3317 3319
3320 3317 3315
3320 3315 3318
3319 3317 3320
3321 3318 3213
3321 3213 3214
3322 3320 3318
3322 3318 3321
3323 3321 3214
3323 3214 3215
3304 3319 3324
3324 3303 3304
3324 3306 3303
3319 3320 3325
3322 3325 3320
3319 3326 3324
3306 3324 3326
3325 3326 3319
3327 3322 3321
3327 3321 3323
3215 3328 3323
3215 3216 3328
3306 3326 3329
3302 3306 3329
3322 3330 3325
3330 3322 3327
3325 3331 3326
3329 3326 3331
3330 3331 3325
3323 3332 3327
3323 3328 3332
3302 3329 3333
3300 3302 3333
3330 3327 3334
3332 3334 3327
3329 3331 3335
3333 3329 3335
3331 3330 3336
3336 3330 3334
3336 3335 3331
3332 3337 3334
3337 3336 3334
3328 3338 3332
3338 3337 3332
3333 3335 3339
3339 3300 3333
3336 3340 3335
3340 3339 3335
3328 3341 3338
3341 3328 3216
3337 3342 3336
3340 3336 3342
3341 3216 3343
3217 3343 3216
3217 3344 3343
3217 3219 3344
3343 3345 3341
3343 3344 3345
3341 3345 3346
3341 3346 3338
3347 3345 3344
3347 3346 3345
3219 3348 3344
3347 3344 3348
3219 3349 3348
3220 3349 3219
3220 3350 3349
3351 3349 3350
3351 3348 3349
3351 3350 3352
3351 3353 3348
3353 3347 3348
3353 3354 3347
3354 3355 3347
3347 3355 3346
3354 3356 3355
3355 3356 3357
3346 3355 3358
3355 3357 3358
3346 3358 3359
3338 3346 3359
3357 3360 3358
3360 3359 3358
3357 3361 3360
3338 3359 3362
3338 3362 3337
3361 3363 3360
3361 3364 3363
3360 3365 3359
3365 3362 3359
3363 3365 3360
3337 3362 3366
3365 3366 3362
3337 3366 3342
3367 3363 3364
3367 3364 3368
3369 3367 3368
3369 3368 3370
3371 3369 3370
3372 3369 3371
3363 3373 3365
3367 3373 3363
3366 3365 3373
3366 3374 3342
3340 3342 3374
3372 3375 3369
3372 3376 3375
3377 3375 3376
3378 3367 3369
3367 3378 3373
3373 3378 3379
3366 3373 3380
3366 3380 3374
3373 3379 3380
3374 3380 3379
3378 3369 3381
3381 3369 3375
3379 3378 3381
3382 3340 3374
3374 3379 3382
3377 3383 3375
3377 3384 3383
3383 3384 3385
3381 3375 3386
3386 3375 3383
3387 3383 3385
3387 3385 3388
3389 3383 3387
3386 3383 3389
3389 3387 3390
3389 3390 3391
3389 3391 3392
3386 3389 3392
3392 3391 3393
3381 3386 3394
3386 3392 3394
3392 3393 3395
3395 3394 3392
3381 3394 3396
3379 3381 3396
3397 3395 3393
3397 3393 3296
3296 3295 3397
3395 3398 3394
3398 3396 3394
3398 3395 3397
3379 3396 3399
3398 3399 3396
3379 3399 3382
3398 3397 3400
3295 3400 3397
3399 3398 3400
3382 3399 3401
3399 3400 3401
3295 3402 3400
3402 3401 3400
3295 3299 3402
3300 3402 3299
3300 3403 3402
3402 3403 3401
3339 3403 3300
3382 3401 3404
3404 3401 3403
3404 3403 3339
3404 3340 3382
3340 3404 3339
3405 3406 3407
3405 3407 3408
3408 3407 3409
3408 3409 3410
3411 3405 3408
3412 3408 3410
3411 3408 3413
3412 3413 3408
3414 3411 3413
3412 3415 3413
3414 3413 3415
3412 3416 3415
3415 3417 3414
3418 3415 3416
3415 3418 3417
3418 3416 3419
3420 3417 3418
3420 3418 3419
3420 3419 3421
3420 3422 3417
3420 3421 3423
3422 3420 3424
3420 3423 3424
3422 3424 3425
3423 3426 3424
3425 3424 3426
3423 3427 3426
3425 3426 3428
3429 3426 3427
3428 3426 3429
3429 3427 3430
3428 3429 3431
3432 3429 3430
3429 3432 3431
3432 3430 3433
3431 3432 3434
3433 3435 3432
3434 3432 3435
3433 3436 3435
3434 3435 3437
3438 3435 3436
3439 3437 3435
3438 3439 3435
3439 3440 3437
3441 3439 3438
3440 3439 3442
3441 3442 3439
3443 3444 3445
3443 3446 3444
3446 3443 3447
3446 3448 3444
3446 3447 3449
3450 3449 3447
3446 3451 3448
3451 3446 3449
3450 3452 3449
3452 3450 3453
3448 3451 3454
3455 3448 3454
3451 3449 3456
3456 3449 3452
3452 3453 3457
3458 3457 3453
3459 3451 3456
3459 3454 3451
3456 3452 3460
3457 3460 3452
3459 3456 3460
3455 3454 3461
3455 3461 3462
3462 3461 3463
3462 3463 3464
3465 3464 3463
3466 3461 3454
3466 3463 3461
3459 3467 3454
3466 3454 3467
3459 3460 3468
3467 3459 3468
3457 3469 3460
3469 3468 3460
3470 3465 3463
3466 3471 3463
3471 3470 3463
3466 3467 3472
3472 3471 3466
3467 3468 3473
3473 3472 3467
3469 3474 3468
3473 3468 3474
3457 3475 3469
3474 3469 3475
3465 3470 3476
3465 3476 3477
3478 3477 3476
3457 3479 3475
3458 3479 3457
3458 3480 3479
3458 3481 3480
3482 3480 3481
3479 3483 3475
3479 3480 3483
3474 3475 3484
3475 3483 3485
3475 3485 3484
3484 3486 3474
3473 3474 3486
3485 3487 3484
3484 3487 3486
3488 3473 3486
3473 3488 3472
3488 3489 3472
3472 3489 3471
3490 3471 3489
3471 3490 3470
3470 3490 3491
3470 3491 3476
3488 3486 3492
3488 3493 3489
3492 3493 3488
3494 3489 3493
3494 3490 3489
3487 3495 3486
3495 3492 3486
3492 3496 3493
3494 3493 3496
3495 3497 3492
3497 3496 3492
3495 3487 3498
3497 3495 3498
3487 3499 3498
3485 3499 3487
3500 3499 3485
3498 3499 3500
3500 3485 3501
3483 3501 3485
3483 3502 3501
3483 3480 3502
3480 3503 3502
3503 3501 3502
3504 3503 3480
3482 3504 3480
3505 3504 3482
3505 3482 3506
3505 3506 3507
3504 3508 3503
3508 3504 3505
3503 3509 3501
3509 3503 3508
3510 3500 3501
3510 3501 3509
3500 3510 3511
3509 3512 3510
3511 3510 3512
3513 3509 3508
3509 3513 3512
3500 3511 3514
3498 3500 3514
3515 3498 3514
3497 3498 3515
3511 3516 3514
3515 3514 3516
3517 3497 3515
3497 3517 3496
3515 3516 3518
3517 3515 3518
3519 3496 3517
3494 3496 3519
3508 3520 3513
3521 3512 3513
3521 3513 3520
3511 3512 3522
3512 3521 3522
3508 3523 3520
3508 3505 3523
3511 3524 3516
3525 3511 3522
3525 3524 3511
3521 3526 3522
3526 3525 3522
3527 3516 3524
3516 3527 3518
3520 3528 3521
3523 3529 3520
3520 3529 3528
3505 3530 3523
3523 3530 3529
3521 3531 3526
3521 3528 3531
3505 3532 3530
3505 3507 3532
3507 3533 3532
3507 3534 3533
3532 3535 3530
3532 3533 3535
3530 3536 3529
3530 3535 3536
3537 3528 3529
3537 3529 3536
3534 3538 3533
3534 3539 3538
3540 3535 3533
3540 3533 3538
3539 3541 3538
3539 3542 3541
3543 3538 3541
3543 3540 3538
3544 3540 3543
3535 3545 3536
3540 3545 3535
3544 3546 3540
3546 3545 3540
3547 3536 3545
3546 3547 3545
3547 3537 3536
3546 3544 3548
3547 3546 3548
3544 3549 3548
3537 3547 3550
3547 3548 3550
3551 3548 3549
3551 3549 3552
3553 3548 3551
3553 3550 3548
3551 3552 3554
3553 3551 3554
3552 3555 3554
3554 3555 3556
3555 3557 3556
3558 3556 3557
3537 3550 3559
3528 3537 3559
3528 3559 3531
3560 3559 3550
3560 3531 3559
3560 3550 3553
3558 3561 3556
3561 3558 3562
3561 3562 3563
3564 3561 3563
3564 3563 3565
3564 3565 3566
3564 3567 3561
3567 3556 3561
3564 3566 3568
3568 3567 3564
3568 3566 3569
3560 3570 3531
3526 3531 3570
3526 3570 3571
3525 3526 3571
3572 3571 3570
3572 3570 3573
3573 3570 3560
3572 3573 3574
3573 3560 3575
3574 3573 3575
3575 3560 3553
3576 3575 3553
3553 3554 3576
3577 3575 3576
3575 3577 3574
3554 3578 3576
3576 3578 3577
3554 3556 3578
3525 3571 3579
3579 3524 3525
3574 3577 3580
3580 3577 3578
3556 3581 3578
3567 3581 3556
3578 3581 3582
3582 3580 3578
3583 3581 3567
3583 3582 3581
3568 3583 3567
3584 3582 3583
3568 3584 3583
3579 3585 3524
3527 3524 3585
3585 3586 3527
3586 3518 3527
3579 3587 3585
3585 3587 3586
3588 3580 3582
3584 3588 3582
3568 3589 3584
3568 3569 3589
3569 3590 3589
3584 3589 3590
3569 3591 3590
3586 3592 3518
3592 3517 3518
3579 3593 3587
3593 3579 3571
3588 3584 3594
3584 3590 3594
3591 3595 3590
3591 3596 3595
3597 3595 3596
3598 3594 3590
3590 3595 3598
3597 3599 3595
3599 3598 3595
3600 3599 3597
3601 3599 3600
3601 3600 3602
3602 3603 3601
3604 3603 3602
3601 3603 3605
3601 3606 3599
3598 3599 3606
3601 3605 3606
3605 3607 3606
3598 3608 3594
3588 3594 3608
3609 3598 3606
3598 3609 3608
3606 3607 3609
3609 3610 3608
3588 3608 3610
3609 3607 3610
3588 3610 3611
3588 3611 3580
3611 3610 3612
3607 3612 3610
3580 3611 3613
3611 3612 3613
3580 3613 3574
3613 3612 3614
3612 3607 3614
3574 3613 3615
3613 3614 3615
3574 3615 3616
3615 3617 3616
3616 3572 3574
3616 3617 3572
3615 3614 3618
3615 3618 3617
3614 3619 3618
3614 3607 3620
3614 3620 3619
3607 3621 3620
3619 3620 3621
3607 3605 3621
3622 3617 3618
3619 3622 3618
3621 3605 3623
3619 3621 3624
3624 3621 3623
3605 3625 3623
3605 3626 3625
3625 3626 3627
3625 3627 3628
3629 3625 3628
3623 3625 3629
3629 3628 3630
3624 3623 3631
3623 3629 3631
3632 3629 3630
3631 3629 3632
3632 3630 3633
3634 3619 3624
3634 3624 3631
3633 3635 3632
3633 3636 3635
3635 3636 3637
3637 3638 3635
3637 3639 3638
3639 3640 3638
3638 3640 3641
3631 3632 3642
3634 3631 3642
3632 3643 3642
3632 3635 3643
3643 3634 3642
3634 3644 3619
3619 3644 3622
3635 3638 3645
3643 3635 3645
3646 3634 3643
3646 3644 3634
3638 3641 3647
3648 3647 3641
3643 3645 3649
3646 3643 3649
3645 3650 3649
3650 3646 3649
3638 3651 3645
3645 3651 3650
3638 3647 3652
3638 3652 3651
3647 3648 3653
3652 3647 3653
3654 3651 3652
3652 3653 3654
3648 3655 3653
3655 3654 3653
3648 3656 3655
3655 3656 3657
3654 3658 3651
3650 3651 3658
3659 3655 3657
3657 3660 3659
3659 3660 3661
3655 3662 3654
3662 3655 3659
3654 3662 3658
3659 3661 3663
3662 3659 3663
3663 3661 3664
3661 3665 3664
3664 3665 3666
3650 3658 3667
3658 3662 3668
3667 3658 3668
3662 3663 3669
3668 3662 3669
3663 3664 3670
3669 3663 3670
3664 3666 3671
3671 3670 3664
3672 3650 3667
3650 3672 3646
3668 3669 3673
3669 3670 3673
3674 3667 3668
3672 3667 3674
3675 3646 3672
3646 3675 3644
3676 3668 3673
3674 3668 3676
3677 3673 3670
3676 3673 3677
3678 3672 3674
3675 3672 3678
3679 3644 3675
3679 3622 3644
3678 3674 3680
3680 3674 3676
3681 3675 3678
3681 3679 3675
3681 3678 3680
3682 3622 3679
3622 3682 3617
3682 3679 3683
3683 3679 3681
3617 3682 3684
3683 3684 3682
3617 3684 3685
3617 3685 3572
3686 3572 3685
3686 3685 3684
3686 3687 3572
3572 3687 3571
3593 3571 3687
3688 3593 3687
3688 3687 3686
3689 3593 3688
3689 3587 3593
3690 3688 3686
3688 3690 3689
3691 3686 3684
3690 3686 3691
3683 3692 3684
3684 3692 3691
3691 3693 3690
3691 3692 3693
3694 3693 3692
3695 3692 3683
3683 3681 3695
3690 3693 3696
3690 3696 3689
3587 3689 3697
3587 3697 3586
3694 3692 3698
3695 3698 3692
3681 3699 3695
3681 3680 3699
3700 3698 3695
3700 3694 3698
3700 3695 3701
3701 3695 3699
3701 3699 3702
3700 3703 3694
3699 3680 3704
3699 3704 3702
3702 3704 3705
3680 3676 3704
3706 3705 3704
3706 3704 3676
3706 3676 3677
3706 3677 3707
3707 3677 3708
3707 3708 3709
3677 3670 3708
3710 3709 3708
3671 3708 3670
3710 3708 3671
3671 3711 3710
3671 3666 3711
3666 3712 3711
3712 3713 3711
3714 3715 3716
3714 3717 3715
3717 3718 3715
3717 3719 3718
3720 3717 3714
3721 3719 3717
3720 3722 3717
3721 3717 3722
3723 3722 3720
3721 3722 3724
3723 3724 3722
3721 3724 3725
3724 3723 3726
3727 3725 3724
3724 3726 3727
3727 3728 3725
3729 3727 3726
3729 3728 3727
3729 3730 3728
3729 3726 3731
3729 3732 3730
3731 3733 3729
3729 3733 3732
3731 3734 3733
3732 3733 3735
3734 3735 3733
3732 3735 3736
3734 3737 3735
3738 3736 3735
3737 3738 3735
3738 3739 3736
3737 3740 3738
3741 3739 3738
3738 3740 3741
3741 3742 3739
3740 3743 3741
3742 3741 3744
3743 3744 3741
3742 3744 3745
3743 3746 3744
3747 3745 3744
3748 3744 3746
3747 3744 3748
3748 3746 3749
3750 3747 3748
3749 3751 3748
3750 3748 3751
3752 3753 3754
3752 3755 3753
3756 3753 3755
3752 3757 3755
3752 3758 3757
3758 3759 3757
3758 3760 3759
3760 3761 3759
3760 3762 3761
3762 3763 3761
3762 3764 3763
3765 3759 3761
3763 3765 3761
3764 3766 3763
3766 3767 3763
3764 3768 3766
3769 3766 3768
3769 3768 3770
3763 3771 3765
3767 3771 3763
3765 3771 3772
3771 3767 3772
3759 3765 3773
3765 3772 3773
3766 3769 3774
3766 3774 3767
3775 3769 3770
3775 3770 3776
3777 3774 3769
3777 3769 3775
3777 3778 3774
3774 3778 3767
3775 3779 3777
3779 3775 3776
3780 3767 3778
3779 3776 3781
3779 3781 3782
3783 3767 3780
3772 3767 3783
3783 3780 3784
3772 3783 3785
3772 3785 3773
3783 3784 3786
3786 3784 3787
3491 3785 3783
3491 3783 3786
3785 3491 3490
3476 3491 3786
3785 3490 3788
3785 3788 3773
3494 3788 3490
3476 3786 3789
3786 3787 3789
3478 3476 3789
3787 3478 3789
3787 3790 3478
3788 3791 3773
3759 3773 3791
3757 3759 3791
3494 3792 3788
3791 3788 3792
3792 3494 3519
3757 3791 3793
3791 3792 3793
3793 3755 3757
3793 3792 3794
3792 3519 3794
3793 3795 3755
3793 3794 3795
3756 3755 3795
3756 3795 3796
3796 3795 3794
3796 3797 3756
3519 3798 3794
3796 3794 3798
3796 3799 3797
3799 3800 3797
3519 3801 3798
3519 3517 3801
3592 3801 3517
3802 3796 3798
3801 3802 3798
3802 3799 3796
3801 3592 3802
3799 3803 3800
3803 3799 3802
3592 3804 3802
3803 3802 3804
3592 3586 3804
3697 3804 3586
3805 3800 3803
3805 3806 3800
3807 3803 3804
3804 3697 3807
3807 3805 3803
3808 3806 3805
3808 3809 3806
3810 3805 3807
3810 3807 3697
3810 3808 3805
3811 3809 3808
3811 3812 3809
3813 3812 3811
3814 3810 3697
3689 3814 3697
3689 3696 3814
3808 3810 3815
3808 3815 3811
3815 3810 3814
3813 3811 3816
3815 3816 3811
3817 3813 3816
3818 3814 3696
3815 3814 3818
3817 3816 3819
3820 3817 3819
3820 3819 3821
3815 3822 3816
3822 3815 3818
3822 3819 3816
3818 3696 3823
3693 3823 3696
3823 3693 3694
3821 3819 3824
3821 3824 3825
3822 3826 3819
3819 3826 3824
3822 3818 3827
3827 3818 3823
3826 3822 3827
3828 3823 3694
3827 3823 3828
3826 3827 3829
3824 3826 3829
3829 3827 3828
3830 3825 3824
3824 3829 3830
3830 3829 3828
3694 3830 3828
3830 3831 3825
3694 3703 3830
3703 3831 3830
3832 3833 3834
3832 3834 3835
3835 3834 3836
3837 3832 3835
3837 3838 3832
3835 3836 3839
3840 3839 3836
3838 3837 3841
3838 3841 3842
3841 3843 3842
3844 3837 3835
3844 3835 3839
3844 3841 3837
3840 3845 3839
3845 3844 3839
3845 3840 3846
3845 3846 3847
3847 3846 3848
3845 3849 3844
3849 3845 3847
3844 3850 3841
3849 3850 3844
3841 3851 3843
3851 3841 3850
3843 3851 3852
3853 3843 3852
3852 3854 3853
3851 3850 3855
3852 3851 3855
3852 3855 3856
3852 3857 3854
3857 3852 3856
3857 3858 3854
3850 3859 3855
3856 3855 3859
3849 3860 3850
3850 3860 3859
3849 3847 3861
3861 3860 3849
3857 3862 3858
3862 3863 3858
3860 3864 3859
3864 3856 3859
3862 3865 3863
3866 3865 3862
3862 3857 3867
3857 3856 3867
3866 3862 3868
3862 3867 3868
3856 3869 3867
3869 3868 3867
3868 3870 3866
3866 3870 3871
3870 3872 3871
3872 3870 3873
3873 3870 3874
3868 3875 3870
3870 3875 3874
3869 3875 3868
3874 3875 3876
3856 3877 3869
3877 3856 3864
3876 3875 3878
3876 3878 3879
3878 3880 3879
3881 3875 3869
3877 3881 3869
3881 3878 3875
3882 3880 3878
3882 3883 3880
3883 3882 3884
3877 3885 3881
3864 3885 3877
3886 3878 3881
3886 3882 3878
3885 3886 3881
3887 3882 3886
3884 3882 3888
3887 3888 3882
3884 3888 3889
3889 3888 3890
3890 3888 3891
3891 3888 3887
3892 3890 3891
3891 3887 3893
3887 3894 3893
3885 3895 3886
3895 3887 3886
3887 3896 3894
3895 3896 3887
3896 3897 3894
3895 3885 3898
3864 3898 3885
3899 3896 3895
3895 3898 3899
3896 3900 3897
3899 3900 3896
3901 3898 3864
3860 3901 3864
3861 3901 3860
3901 3902 3898
3902 3899 3898
3902 3901 3861
3903 3897 3900
3903 3904 3897
3905 3904 3903
3900 3899 3906
3902 3906 3899
3900 3906 3903
3902 3861 3907
3906 3902 3907
3908 3903 3906
3906 3907 3908
3905 3903 3909
3908 3909 3903
3861 3910 3907
3861 3847 3910
3847 3848 3910
3911 3907 3910
3848 3911 3910
3908 3907 3911
3848 3912 3911
3911 3912 3913
3911 3913 3914
3908 3911 3914
3914 3913 3915
3908 3914 3916
3914 3915 3916
3908 3916 3909
3917 3916 3915
3905 3909 3918
3918 3909 3916
3917 3918 3916
3905 3918 3919
3918 3917 3920
3918 3920 3919
3921 3922 3923
3921 3924 3922
3924 3925 3922
3926 3924 3921
3926 3921 3927
3924 3928 3925
3929 3925 3928
3927 3930 3926
3927 3931 3930
3930 3931 3932
3933 3924 3926
3933 3928 3924
3933 3926 3930
3929 3928 3934
3934 3928 3933
3934 3935 3929
3934 3936 3935
3936 3937 3935
3934 3933 3938
3938 3936 3934
3933 3930 3939
3938 3933 3939
3930 3932 3940
3940 3939 3930
3932 3941 3940
3942 3941 3932
3941 3942 3943
3940 3944 3939
3941 3944 3940
3941 3945 3944
3941 3943 3946
3946 3945 3941
3946 3943 3947
3939 3944 3948
3945 3948 3944
3938 3939 3949
3939 3948 3949
3946 3947 3950
3950 3947 3863
3950 3863 3951
3952 3950 3951
3950 3953 3946
3946 3953 3945
3952 3954 3950
3950 3954 3953
3955 3938 3949
3938 3955 3936
3949 3948 3956
3956 3948 3945
3945 3953 3957
3957 3953 3954
3954 3952 3958
3952 3959 3958
3958 3959 3960
3960 3961 3958
3961 3962 3958
3954 3958 3963
3958 3962 3963
3957 3954 3963
3962 3964 3963
3945 3957 3965
3965 3956 3945
3964 3966 3963
3964 3967 3966
3966 3967 3968
3969 3957 3963
3965 3957 3969
3969 3963 3966
3970 3966 3968
3970 3968 3971
3971 3972 3970
3965 3969 3973
3956 3965 3973
3974 3969 3966
3974 3966 3970
3973 3969 3974
3975 3974 3970
3972 3976 3970
3975 3970 3976
3972 3977 3976
3977 3978 3976
3978 3979 3976
3979 3975 3976
3892 3979 3978
3979 3980 3975
3975 3980 3981
3973 3974 3982
3982 3974 3975
3975 3981 3983
3982 3975 3983
3983 3981 3984
3982 3985 3973
3956 3973 3985
3986 3982 3983
3982 3986 3985
3983 3984 3987
3986 3983 3987
3988 3956 3985
3949 3956 3988
3955 3949 3988
3988 3985 3989
3989 3985 3986
3989 3955 3988
3990 3987 3984
3990 3984 3991
3992 3990 3991
3987 3993 3986
3989 3986 3993
3987 3990 3993
3989 3994 3955
3993 3994 3989
3995 3993 3990
3993 3995 3994
3992 3996 3990
3995 3990 3996
3955 3994 3997
3955 3997 3936
3936 3997 3937
3998 3997 3994
3937 3997 3998
3995 3998 3994
3937 3998 3999
3998 4000 3999
3998 4001 4000
3995 4001 3998
4001 4002 4000
3995 4003 4001
4001 4003 4002
3995 3996 4003
4004 4002 4003
3992 4005 3996
4005 4003 3996
4004 4003 4005
3992 4006 4005
4005 4007 4004
4005 4006 4007
4008 4009 4010
4008 4010 4011
4011 4012 4008
4011 4010 4013
4011 4014 4012
4015 4012 4014
4011 4013 4016
4016 4014 4011
4015 4014 4017
4017 4018 4015
4013 4019 4016
4020 4019 4013
4016 4021 4014
4021 4017 4014
4017 4022 4018
4023 4018 4022
4024 4021 4016
4024 4016 4019
4021 4025 4017
4022 4017 4025
4024 4025 4021
4020 4026 4019
4020 4027 4026
4027 4028 4026
4027 4029 4028
4030 4028 4029
4031 4019 4026
4031 4026 4028
4024 4019 4032
4031 4032 4019
4024 4033 4025
4032 4033 4024
4022 4025 4034
4034 4025 4033
4035 4028 4030
4031 4028 4036
4036 4028 4035
4031 4037 4032
4037 4031 4036
4032 4038 4033
4038 4032 4037
4034 4033 4039
4038 4039 4033
4022 4034 4040
4039 4040 4034
4030 4041 4035
4030 4042 4041
4043 4041 4042
4022 4040 4044
4023 4022 4044
4023 4044 4045
4023 4045 4046
4047 4046 4045
4044 4040 4048
4044 4048 4045
4039 4049 4040
4040 4050 4048
4040 4049 4050
4049 4039 4051
4038 4051 4039
4050 4049 4052
4049 4051 4052
4053 4051 4038
4038 4037 4053
4053 4037 4054
4037 4036 4054
4055 4054 4036
4036 4035 4055
4035 4056 4055
4035 4041 4056
4053 4057 4051
4053 4054 4058
4057 4053 4058
4059 4058 4054
4059 4054 4055
4052 4051 4060
4060 4051 4057
4057 4058 4061
4059 4061 4058
4060 4057 4062
4062 4057 4061
4060 4063 4052
4062 4063 4060
4052 4063 4064
4050 4052 4064
4065 4050 4064
4063 4065 4064
4065 4066 4050
4048 4050 4066
4048 4066 4067
4048 4067 4045
4045 4067 4068
4068 4067 4066
4069 4045 4068
4047 4045 4069
4070 4047 4069
4070 4071 4047
4070 4072 4071
4069 4068 4073
4073 4070 4069
4068 4066 4074
4074 4073 4068
4075 4066 4065
4075 4074 4066
4065 4076 4075
4074 4075 4077
4076 4077 4075
4078 4073 4074
4074 4077 4078
4065 4079 4076
4063 4079 4065
4080 4079 4063
4062 4080 4063
4076 4079 4081
4080 4081 4079
4082 4080 4062
4062 4061 4082
4080 4083 4081
4082 4083 4080
4084 4082 4061
4059 4084 4061
4073 4078 4085
4086 4078 4077
4086 4085 4078
4076 4087 4077
4077 4087 4086
4073 4085 4088
4073 4088 4070
4076 4081 4089
4090 4087 4076
4090 4076 4089
4086 4087 4091
4091 4087 4090
4092 4089 4081
4081 4083 4092
4085 4086 4093
4088 4085 4094
4085 4093 4094
4070 4088 4095
4088 4094 4095
4086 4091 4096
4086 4096 4093
4070 4095 4097
4070 4097 4072
4072 4097 4098
4072 4098 4099
4097 4095 4100
4097 4100 4098
4095 4094 4101
4095 4101 4100
4102 4094 4093
4102 4101 4094
4099 4098 4103
4099 4103 4104
4105 4098 4100
4105 4103 4098
4104 4103 4106
4104 4106 4107
4108 4106 4103
4108 4103 4105
4109 4108 4105
4100 4101 4110
4105 4100 4110
4109 4105 4111
4111 4105 4110
4112 4110 4101
4111 4110 4112
4112 4101 4102
4111 4113 4109
4112 4113 4111
4109 4113 4114
4102 4115 4112
4112 4115 4113
4116 4114 4113
4116 4117 4114
4118 4116 4113
4118 4113 4115
4116 4119 4117
4118 4119 4116
4117 4119 4120
4119 4121 4120
4120 4121 4122
4123 4122 4121
4102 4124 4115
4093 4124 4102
4093 4096 4124
4125 4115 4124
4125 4124 4096
4125 4118 4115
4123 4121 4126
4126 4127 4123
4126 4128 4127
4129 4128 4126
4129 4130 4128
4129 4131 4130
4129 4126 4132
4132 4126 4121
4129 4133 4131
4133 4129 4132
4133 4134 4131
4125 4096 4135
4091 4135 4096
4091 4136 4135
4090 4136 4091
4137 4135 4136
4137 4138 4135
4138 4125 4135
4137 4139 4138
4138 4140 4125
4139 4140 4138
4140 4118 4125
4141 4118 4140
4118 4141 4119
4142 4141 4140
4140 4139 4142
4119 4141 4143
4141 4142 4143
4119 4143 4121
4090 4144 4136
4144 4090 4089
4139 4145 4142
4145 4143 4142
4121 4143 4146
4132 4121 4146
4143 4147 4146
4147 4143 4145
4148 4132 4146
4148 4146 4147
4133 4132 4148
4149 4148 4147
4133 4148 4149
4144 4089 4150
4092 4150 4089
4150 4092 4151
4151 4092 4083
4144 4150 4152
4150 4151 4152
4153 4147 4145
4149 4147 4153
4133 4149 4154
4133 4154 4134
4134 4154 4155
4149 4155 4154
4134 4155 4156
4151 4083 4157
4157 4083 4082
4144 4152 4158
4158 4136 4144
4153 4159 4149
4149 4159 4155
4156 4155 4160
4156 4160 4161
4162 4161 4160
4163 4155 4159
4155 4163 4160
4162 4160 4164
4160 4163 4164
4165 4162 4164
4166 4165 4164
4166 4167 4165
4167 4166 4168
4169 4167 4168
4166 4170 4168
4166 4164 4171
4171 4164 4163
4166 4171 4170
4171 4172 4170
4163 4159 4173
4153 4173 4159
4174 4171 4163
4163 4173 4174
4171 4174 4172
4174 4173 4175
4153 4175 4173
4174 4175 4172
4153 4176 4175
4153 4145 4176
4176 4177 4175
4172 4175 4177
4145 4178 4176
4176 4178 4177
4145 4139 4178
4178 4179 4177
4177 4179 4172
4139 4180 4178
4178 4180 4179
4139 4181 4180
4180 4181 4182
4181 4139 4137
4181 4137 4182
4180 4183 4179
4180 4182 4183
4179 4183 4184
4179 4185 4172
4179 4184 4185
4172 4185 4186
4184 4186 4185
4172 4186 4170
4186 4187 4170
4187 4188 4170
4189 4183 4182
4184 4183 4189
4184 4190 4186
4190 4187 4186
4187 4191 4188
4191 4192 4188
4191 4193 4192
4190 4194 4187
4194 4191 4187
4195 4193 4191
4194 4195 4191
4195 4196 4193
4197 4190 4184
4197 4194 4190
4198 4196 4195
4198 4199 4196
4199 4198 4200
4199 4200 4201
4200 4202 4201
4202 4200 4203
4200 4204 4203
4205 4195 4194
4205 4198 4195
4197 4205 4194
4198 4205 4206
4198 4206 4200
4205 4197 4206
4197 4184 4207
4184 4189 4207
4208 4200 4206
4208 4204 4200
4209 4206 4197
4209 4197 4207
4209 4208 4206
4210 4207 4189
4209 4207 4211
4210 4211 4207
4208 4209 4212
4211 4212 4209
4204 4208 4213
4208 4212 4213
4204 4213 4214
4203 4204 4214
4215 4210 4189
4189 4182 4215
4212 4216 4213
4216 4214 4213
4211 4217 4212
4218 4211 4210
4218 4217 4211
4215 4219 4210
4219 4218 4210
4182 4220 4215
4219 4215 4220
4217 4221 4212
4212 4221 4216
4218 4222 4217
4217 4222 4221
4182 4223 4220
4182 4137 4223
4224 4223 4137
4224 4220 4223
4224 4137 4225
4137 4136 4225
4158 4225 4136
4226 4225 4158
4226 4224 4225
4227 4226 4158
4227 4158 4152
4228 4224 4226
4226 4227 4228
4229 4220 4224
4228 4229 4224
4220 4229 4230
4219 4220 4230
4229 4228 4231
4229 4231 4230
4232 4230 4231
4233 4219 4230
4219 4233 4218
4228 4234 4231
4228 4227 4234
4152 4235 4227
4152 4151 4235
4232 4236 4230
4233 4230 4236
4218 4233 4237
4218 4237 4222
4238 4233 4236
4238 4236 4232
4238 4239 4233
4239 4237 4233
4239 4240 4237
4238 4232 4241
4237 4240 4242
4237 4242 4222
4240 4243 4242
4244 4242 4243
4222 4242 4245
4244 4245 4242
4222 4245 4221
4232 4246 4241
4241 4246 4247
4246 4248 4247
4244 4249 4245
4244 4250 4249
4221 4245 4251
4221 4251 4216
4246 4252 4248
4253 4248 4252
4250 4254 4249
4250 4255 4254
4256 4254 4255
4245 4249 4257
4245 4257 4251
4256 4258 4254
4258 4256 4259
4249 4254 4260
4249 4260 4257
4258 4260 4254
4251 4261 4216
4216 4261 4214
4251 4257 4262
4262 4257 4260
4261 4251 4263
4251 4262 4263
4264 4214 4261
4264 4261 4263
4262 4260 4265
4263 4262 4265
4258 4266 4260
4265 4260 4266
4258 4259 4267
4266 4258 4267
4267 4259 4268
4268 4259 4269
4266 4267 4270
4271 4266 4270
4265 4266 4271
4272 4265 4271
4263 4265 4272
4272 4271 4273
4274 4272 4273
4263 4272 4275
4272 4274 4275
4275 4274 4276
4275 4264 4263
4277 4275 4276
4278 4264 4275
4277 4278 4275
4279 4264 4278
4264 4279 4214
4203 4214 4279
4278 4277 4280
4279 4278 4280
4203 4279 4280
4277 4281 4280
4203 4280 4281
4203 4281 4282
4283 4203 4282
4284 4203 4283
4285 4286 4287
4285 4287 4288
4289 4288 4287
4285 4288 4290
4285 4290 4291
4291 4290 4292
4291 4292 4293
4294 4293 4292
4289 4295 4288
4296 4290 4288
4296 4288 4295
4289 4297 4295
4297 4289 4298
4290 4299 4292
4290 4296 4299
4296 4295 4300
4297 4300 4295
4297 4298 4301
4301 4298 4302
4299 4296 4303
4296 4300 4303
4304 4297 4301
4301 4302 4305
4305 4304 4301
4297 4306 4300
4304 4306 4297
4084 4300 4306
4303 4300 4084
4084 4306 4307
4307 4306 4304
4084 4307 4082
4157 4082 4307
4307 4304 4157
4303 4084 4059
4157 4304 4308
4305 4308 4304
4157 4308 4151
4235 4151 4308
4059 4309 4303
4059 4055 4309
4299 4303 4309
4310 4308 4305
4308 4310 4235
4311 4309 4055
4311 4055 4056
4312 4299 4309
4312 4309 4311
4292 4299 4312
4310 4305 4313
4313 4305 4302
4313 4302 4314
4315 4235 4310
4315 4310 4313
4316 4313 4314
4315 4313 4316
4316 4314 4317
4318 4235 4315
4227 4235 4318
4227 4318 4234
4316 4319 4315
4319 4318 4315
4320 4316 4317
4316 4320 4319
4320 4317 4321
4322 4320 4321
4322 4323 4320
4319 4320 4323
4324 4323 4322
4325 4234 4318
4319 4325 4318
4324 4326 4323
4327 4326 4324
4327 4253 4326
4253 4252 4326
4319 4323 4328
4328 4323 4326
4328 4325 4319
4325 4329 4234
4231 4234 4329
4329 4232 4231
4326 4252 4330
4328 4326 4330
4328 4331 4325
4331 4329 4325
4330 4331 4328
4332 4232 4329
4331 4332 4329
4232 4332 4246
4252 4333 4330
4330 4333 4331
4333 4332 4331
4246 4332 4333
4252 4246 4333
4334 4043 4335
4334 4336 4043
4043 4336 4041
4337 4336 4334
4041 4336 4337
4337 4334 4338
4041 4337 4056
4339 4337 4338
4056 4337 4339
4339 4338 4340
4339 4340 4341
4056 4339 4311
4340 4342 4341
4343 4311 4339
4343 4339 4341
4343 4312 4311
4312 4343 4344
4344 4343 4341
4312 4344 4345
4292 4312 4345
4345 4344 4346
4346 4344 4341
4292 4345 4347
4345 4346 4347
4294 4292 4347
4346 4294 4347
4346 4348 4294
4348 4346 4349
4349 4346 4341
4348 4349 4350
4351 4341 4342
4349 4341 4351
4352 4351 4342
4353 4350 4349
4349 4351 4353
4352 4353 4351
4353 4354 4350
4352 4355 4353
4355 4354 4353
4355 3776 4354
4355 4352 4356
4356 3776 4355
4356 4357 3776
4356 4358 4357
4359 4360 4361
4359 4361 4362
4363 4362 4361
4364 4359 4362
4364 4365 4359
4363 4366 4362
4366 4363 4367
4368 4365 4364
4364 4369 4368
4368 4370 4365
4362 4371 4364
4362 4366 4371
4364 4371 4369
4372 4370 4368
4372 4368 4369
4372 4373 4370
4366 4367 4374
4375 4374 4367
4375 4376 4374
4377 4371 4366
4377 4366 4374
4376 4377 4374
4369 4371 4377
4376 4378 4377
4378 4379 4377
4369 4377 4379
4378 4380 4379
4380 4381 4379
4369 4379 4381
4380 4382 4381
4372 4369 4383
4369 4381 4383
4382 4384 4381
4382 4385 4384
4386 4383 4381
4386 4372 4383
4386 4381 4384
4384 4387 4386
4388 4384 4385
4384 4388 4387
4388 4385 4389
4388 4389 4390
4386 4391 4372
4391 4386 4387
4391 4373 4372
4391 4392 4373
4388 4390 4393
4393 4387 4388
4394 4393 4390
4395 4392 4391
4391 4387 4395
4395 4396 4392
4397 4396 4395
4394 4398 4393
4399 4398 4394
4393 4400 4387
4400 4393 4398
4387 4401 4395
4397 4395 4401
4387 4400 4401
4397 4401 4402
4402 4401 4400
4397 4402 4403
4399 4404 4398
4404 4399 4405
4400 4398 4406
4402 4400 4406
4406 4398 4404
4403 4402 4407
4406 4407 4402
4403 4407 4408
4404 4405 4409
4410 4409 4405
4411 4409 4410
4406 4404 4412
4412 4404 4409
4406 4412 4407
4411 4413 4409
4412 4409 4413
4407 4412 4413
4413 4411 4414
4408 4407 4415
4407 4413 4415
4415 4413 4414
4408 4415 4416
4415 4414 4417
4416 4415 4417
4418 4419 4420
4418 4420 4421
4421 4420 4422
4421 4422 4423
4421 4424 4418
4425 4418 4424
4426 4421 4423
4421 4427 4424
4426 4427 4421
4423 4428 4426
4423 4429 4428
4430 4428 4429
4426 4431 4427
4427 4431 4424
4426 4428 4432
4426 4432 4431
4430 4433 4428
4432 4428 4433
4432 4433 4434
4435 4433 4430
4436 4435 4430
4436 4437 4435
4438 4435 4437
4438 4439 4435
4435 4440 4433
4439 4440 4435
4440 4434 4433
4439 4441 4440
4441 4434 4440
4441 4439 4442
4441 4442 4443
4434 4441 4443
4443 4442 4444
4443 4444 4445
4434 4443 4446
4445 4446 4443
4445 4447 4446
4448 4445 4444
4449 4448 4444
4449 4450 4448
4451 4447 4445
4448 4451 4445
4452 4448 4450
4452 4450 4453
4454 4451 4448
4454 4448 4452
4454 4447 4451
4454 4452 4455
4454 4455 4456
4447 4454 4456
4456 4455 4457
4456 4457 4458
4459 4458 4457
4459 4460 4458
4461 4456 4458
4447 4456 4461
4462 4458 4460
4461 4458 4462
4462 4460 4463
4463 4464 4462
4464 4463 4465
4466 4461 4462
4466 4462 4464
4467 4447 4461
4467 4461 4466
4464 4465 4468
4466 4464 4468
4465 4469 4468
4465 4470 4469
4470 4471 4469
4470 4472 4471
4473 4471 4472
4473 4474 4471
4471 4474 4475
4466 4468 4476
4476 4468 4469
4467 4466 4476
4471 4477 4469
4476 4469 4477
4471 4475 4478
4477 4471 4478
4477 4479 4476
4467 4476 4479
4478 4479 4477
4467 4479 4480
4478 4480 4479
4475 4481 4478
4475 4482 4481
4478 4481 4483
4478 4483 4480
4467 4480 4484
4447 4467 4484
4447 4484 4446
4480 4485 4484
4446 4484 4485
4480 4483 4485
4446 4485 4434
4434 4485 4486
4483 4486 4485
4434 4486 4432
4481 4482 4487
4483 4481 4487
4488 4432 4486
4488 4431 4432
4483 4489 4486
4483 4487 4489
4489 4488 4486
4490 4487 4482
4490 4489 4487
4491 4490 4482
4489 4492 4488
4490 4492 4489
4493 4488 4492
4493 4492 4490
4431 4488 4494
4493 4494 4488
4491 4495 4490
4493 4490 4495
4495 4491 4496
4497 4496 4491
4495 4498 4493
4496 4498 4495
4431 4494 4499
4424 4431 4499
4493 4500 4494
4493 4498 4500
4498 4501 4500
4502 4498 4496
4498 4502 4501
4497 4503 4496
4502 4496 4503
4494 4500 4504
4494 4504 4499
4424 4499 4505
4425 4424 4505
4499 4506 4505
4506 4425 4505
4499 4504 4506
4506 4507 4425
4508 4507 4506
4508 4506 4509
4509 4506 4504
4509 4504 4510
4510 4504 4500
4510 4500 4501
4510 4501 4511
4501 4512 4511
4501 4513 4512
4512 4513 4514
4515 4513 4501
4515 4501 4502
4513 4516 4514
4513 4515 4516
4514 4516 4517
4514 4517 4518
4517 4519 4518
4517 4520 4519
4521 4519 4520
4502 4522 4515
4523 4516 4515
4523 4515 4522
4524 4517 4516
4524 4516 4523
4502 4525 4522
4502 4503 4525
4526 4520 4517
4526 4517 4524
4527 4523 4522
4527 4522 4525
4528 4525 4503
4503 4497 4528
4528 4497 4529
4528 4529 4530
4528 4531 4525
4531 4528 4530
4527 4525 4531
4531 4530 4532
4531 4532 4533
4531 4533 4527
4527 4533 4534
4527 4534 4535
4527 4535 4523
4536 4535 4534
4523 4535 4537
4536 4537 4535
4523 4537 4524
4538 4537 4536
4539 4524 4537
4538 4539 4537
4539 4526 4524
4540 4539 4538
4526 4539 4541
4540 4541 4539
4526 4541 4542
4520 4526 4542
4543 4541 4540
4543 4540 4544
4520 4542 4545
4521 4520 4545
4541 4546 4542
4545 4542 4546
4541 4543 4546
4521 4545 4547
4545 4546 4547
4521 4547 4548
4544 4549 4543
4544 4550 4549
4551 4546 4543
4547 4546 4551
4551 4543 4549
4549 4552 4551
4548 4547 4553
4547 4551 4553
4553 4551 4552
4548 4553 4554
4555 4549 4550
4549 4555 4552
4555 4550 4556
4557 4554 4553
4553 4552 4557
4557 4558 4554
4559 4558 4557
4559 4560 4558
4559 4561 4560
4556 4562 4555
4556 4563 4562
4562 4563 4564
4552 4565 4557
4565 4559 4557
4552 4566 4565
4552 4567 4566
4567 4552 4555
4567 4555 4568
4562 4568 4555
4565 4569 4559
4562 4570 4568
4559 4571 4561
4569 4571 4559
4571 4572 4561
4569 4573 4571
4562 4564 4574
4574 4570 4562
4575 4574 4564
4574 4576 4570
4571 4577 4572
4573 4577 4571
4573 4578 4577
4579 4577 4578
4577 4580 4572
4577 4579 4580
4581 4580 4579
4581 4582 4580
4582 4583 4575
4575 4583 4574
4583 4576 4574
4582 4581 4583
4583 4584 4576
4584 4583 4581
4585 4586 4587
4585 4588 4586
4586 4588 4589
4586 4589 4590
4591 4590 4589
4585 4592 4588
4589 4588 4592
4585 4593 4592
4592 4593 4594
4592 4594 4595
4589 4592 4596
4596 4592 4595
4594 4597 4595
4594 4598 4597
4599 4597 4598
4599 4598 4600
4599 4600 4601
4595 4597 4602
4597 4599 4602
4596 4595 4603
4595 4602 4603
4589 4596 4604
4604 4596 4603
4589 4604 4605
4591 4589 4605
4605 4606 4591
4606 4607 4591
4606 4608 4607
4609 4608 4606
4606 4605 4609
4609 4610 4608
4611 4609 4605
4604 4611 4605
4604 4612 4611
4611 4613 4609
4611 4614 4613
4604 4603 4615
4612 4604 4615
4611 4616 4614
4611 4612 4616
4615 4603 4617
4602 4617 4603
4618 4614 4616
4619 4614 4618
4619 4620 4614
4621 4619 4618
4621 4618 4622
4622 4618 4616
4616 4623 4622
4616 4624 4623
4624 4616 4612
4624 4625 4623
4624 4626 4625
4624 4612 4627
4624 4627 4626
4628 4617 4602
4629 4628 4602
4629 4602 4599
4630 4625 4626
4631 4625 4630
4631 4632 4625
4630 4633 4631
4630 4634 4633
4634 4630 4626
4626 4635 4634
4626 4636 4635
4637 4626 4627
4637 4636 4626
4635 4636 4638
4635 4638 4639
4640 4636 4637
4640 4638 4636
4641 4639 4638
4641 4642 4639
4638 4643 4641
4638 4640 4643
4627 4644 4637
4644 4640 4637
4643 4640 4645
4644 4645 4640
4643 4645 4646
4627 4647 4644
4612 4647 4627
4648 4646 4645
4648 4649 4646
4648 4650 4649
4645 4644 4651
4645 4651 4648
4651 4644 4647
4648 4652 4650
4651 4652 4648
4653 4650 4652
4653 4652 4654
4652 4655 4654
4652 4656 4655
4651 4656 4652
4656 4657 4655
4658 4656 4651
4651 4647 4658
4656 4659 4657
4658 4659 4656
4660 4657 4659
4661 4658 4647
4658 4662 4659
4661 4662 4658
4660 4659 4663
4663 4659 4662
4664 4660 4663
4665 4660 4664
4664 4663 4666
4663 4662 4666
4664 4666 4667
4666 4662 4668
4668 4662 4661
4667 4666 4669
4669 4666 4668
4667 4669 4670
4661 4647 4671
4612 4671 4647
4612 4615 4671
4671 4672 4661
4671 4615 4672
4668 4661 4672
4615 4617 4672
4672 4673 4668
4672 4617 4673
4669 4668 4673
4628 4673 4617
4674 4670 4669
4674 4669 4673
4674 4673 4628
4675 4670 4674
4628 4676 4674
4675 4674 4676
4628 4629 4676
4677 4675 4676
4629 4677 4676
4677 4678 4675
4677 4679 4678
4629 4680 4677
4599 4680 4629
4677 4681 4679
4680 4681 4677
4599 4682 4680
4599 4601 4682
4683 4679 4681
4683 4684 4679
4685 4684 4683
4680 4686 4681
4682 4686 4680
4686 4683 4681
4601 4687 4682
4682 4687 4686
4601 4688 4687
4687 4688 4689
4685 4683 4690
4691 4685 4690
4686 4692 4683
4692 4686 4687
4692 4690 4683
4687 4689 4693
4692 4687 4693
4694 4693 4689
4692 4695 4690
4693 4695 4692
4694 4696 4693
4693 4696 4695
4697 4696 4694
4691 4690 4698
4698 4690 4695
4697 4699 4696
4700 4699 4697
4696 4701 4695
4698 4695 4701
4696 4699 4701
4691 4698 4702
4691 4702 4703
4698 4701 4704
4699 4704 4701
4698 4704 4702
4700 4705 4699
4699 4705 4704
4706 4703 4702
4706 4707 4703
4702 4704 4708
4705 4708 4704
4702 4708 4706
4700 4709 4705
4705 4709 4708
4700 4710 4709
4711 4707 4706
4711 4712 4707
4706 4708 4713
4709 4713 4708
4706 4713 4711
4714 4709 4710
4709 4714 4713
4714 4710 4715
4712 4711 4716
4712 4716 4717
4718 4716 4711
4718 4717 4716
4718 4711 4713
4718 4719 4717
4720 4718 4713
4719 4718 4720
4714 4720 4713
4719 4720 4721
4720 4722 4721
4723 4714 4715
4714 4723 4720
4720 4723 4722
4723 4715 4722
4724 4725 4726
4724 4726 4727
4727 4726 4728
4724 4727 4729
4724 4729 4730
4731 4730 4729
4727 4728 4732
4733 4732 4728
4727 4732 4734
4727 4734 4729
4733 4735 4732
4735 4734 4732
4735 4733 4736
4731 4729 4737
4737 4738 4731
4737 4739 4738
4740 4737 4729
4740 4739 4737
4740 4729 4734
4740 4741 4739
4742 4741 4740
4743 4740 4734
4742 4740 4743
4743 4734 4744
4735 4744 4734
4742 4743 4745
4744 4745 4743
4742 4745 4746
4745 4747 4746
4735 4736 4748
4748 4736 4749
4750 4744 4735
4744 4750 4745
4750 4735 4748
4745 4751 4747
4750 4751 4745
4751 4752 4747
4748 4749 4753
4753 4750 4748
4753 4749 4754
4750 4755 4751
4753 4755 4750
4751 4756 4752
4756 4751 4755
4757 4752 4756
4753 4754 4758
4755 4753 4758
4756 4755 4759
4755 4758 4759
4760 4758 4754
4760 4754 4761
4760 4761 4762
4763 4759 4758
4756 4759 4763
4763 4758 4760
4757 4756 4764
4756 4763 4764
4760 4762 4765
4766 4765 4762
4760 4767 4763
4764 4763 4767
4760 4765 4767
4768 4757 4764
4764 4767 4768
4768 4769 4757
4766 4770 4765
4770 4766 4771
4772 4769 4768
4772 4773 4769
4774 4773 4772
4770 4771 4775
4776 4775 4771
4774 4772 4777
4777 4778 4774
4779 4777 4772
4772 4780 4779
4772 4768 4780
4781 4780 4768
4781 4768 4767
4767 4782 4781
4765 4782 4767
4765 4783 4782
4783 4765 4770
4783 4770 4784
4785 4784 4770
4785 4770 4775
4786 4785 4775
4776 4786 4775
4787 4785 4786
4776 4788 4786
4786 4788 4787
4776 4789 4788
4787 4788 4790
4790 4788 4789
4790 4789 4791
4787 4790 4792
4790 4791 4778
4793 4792 4790
4790 4778 4793
4777 4792 4793
4777 4793 4778
4794 4795 4796
4794 4797 4795
4794 4798 4797
4799 4797 4798
4799 4800 4797
4799 4801 4800
4795 4802 4803
4804 4803 4802
4805 4806 4807
4807 4806 4808
4809 4807 4808
4809 4808 4810
4811 4809 4810
4811 4812 4809
4813 4814 4815
4815 4814 4816
4816 4817 4815
4816 4818 4817
4819 4817 4818
4819 4820 4817
4821 4822 4823
4822 4824 4823
4824 4825 4823
4824 4826 4825
4825 4826 4827
4827 4828 4825
4829 4830 4831
4830 4832 4831
4833 4831 4832
4833 4832 4834
4835 4833 4834
4833 4835 4836
4837 4838 4839
4837 4839 4840
4840 4839 4841
4842 4837 4840
4842 4840 4841
4841 4839 4843
4842 4841 4844
4841 4843 4845
4841 4846 4844
4845 4847 4841
4841 4847 4846
4845 4848 4847
4847 4849 4846
4849 4847 4848
4849 4848 4850
4846 4849 4851
4850 4852 4849
4852 4851 4849
4852 4853 4851
4854 4853 4855
4856 4854 4855
4857 4856 4855
4858 4856 4857
4859 4854 4856
4858 4859 4856
4859 4860 4854
4859 4861 4860
4862 4859 4858
4859 4863 4861
4862 4863 4859
4863 4864 4861
4862 4865 4863
4863 4865 4864
4862 4866 4865
4866 4867 4865
4865 4868 4864
4865 4867 4868
4864 4868 4869
4869 4868 4870
4867 4870 4868
4867 4871 4870
4872 4873 4874
4872 4874 4875
4872 4875 4876
4875 4877 4876
4874 4877 4875
4874 4878 4877
4879 4880 4881
4879 4882 4880
4882 4883 4880
4884 4882 4879
4884 4883 4882
4883 4885 4880
4884 4886 4883
4883 4887 4885
4883 4886 4888
4887 4883 4889
4883 4888 4889
4887 4889 4890
4889 4888 4891
4891 4890 4889
4891 4892 4890
4888 4893 4891
4892 4891 4894
4894 4891 4893
4894 4893 4895
4896 4897 4895
4898 4897 4896
4899 4897 4898
4900 4899 4898
4901 4898 4896
4900 4898 4901
4901 4896 4902
4901 4902 4903
4904 4900 4901
4901 4903 4905
4904 4901 4905
4905 4903 4906
4904 4905 4907
4905 4906 4907
4904 4907 4908
4908 4907 4909
4907 4906 4910
4907 4910 4909
4906 4911 4910
4911 4912 4910
4909 4910 4912
4909 4912 4913
4914 4915 4916
4914 4917 4915
4914 4918 4917
4917 4918 4919
4915 4917 4919
4915 4919 4920
4921 4922 4923
4921 4924 4922
4924 4925 4922
4924 4926 4925
4926 4927 4925
4926 4928 4927
4928 4929 4927
4928 4930 4929
4929 4930 4931
4929 4931 4932
4931 4933 4932
4931 4934 4933
4934 4935 4933
4934 4936 4935
4936 4937 4935
4936 4938 4937
4938 4939 4937
4938 4940 4939
4940 4941 4939
4940 4942 4941
4942 4943 4941
4942 4944 4943
4944 4945 4943
4944 4946 4945
4946 4947 4945
4946 4948 4947
4948 4949 4947
4948 4950 4949
4950 4951 4949
4950 4952 4951
4952 4953 4951
4952 4954 4953
4954 4955 4953
4954 4956 4955
4956 4957 4955
4956 4958 4957
4958 4959 4957
4958 4960 4959
4960 4961 4959
4960 4962 4961
4962 4963 4961
4962 4964 4963
4965 4966 4967
4967 4968 4965
4969 4968 4967
4970 4968 4969
4969 4971 4970
4970 4971 4972
4972 4971 4973
4973 4974 4972
4975 4971 4969
4973 4971 4975
4967 4976 4969
4969 4976 4975
4977 4974 4973
4978 4974 4977
4977 4979 4978
4980 4976 4967
4967 4981 4980
4980 4981 4982
4975 4983 4973
4973 4983 4977
4984 4979 4977
4977 4983 4984
4985 4979 4984
4975 4976 4986
4986 4983 4975
4986 4976 4980
4984 4983 4986
4985 4987 4982
4982 4987 4980
4984 4987 4985
4980 4987 4986
4986 4987 4984
4988 4989 4990
4988 4991 4989
4991 4988 4992
4991 4992 4993
4992 4994 4993
4992 4995 4994
4996 4994 4995
4996 4997 4994
4997 4996 4998
4997 4998 4999
4998 5000 4999
4998 5001 5000
5001 5002 5000
5001 5003 5002
5004 5002 5003
5004 5003 5005
5004 5005 5006
5004 5006 5007
5006 5008 5007
5006 5009 5008
5009 5010 5008
5009 5011 5010
5011 5012 5010
5011 5013 5012
5014 5015 5016
5014 5016 5017
5017 5018 5014
5017 5019 5018
5019 5020 5018
5019 5021 5020
5022 5020 5021
5022 5021 5023
5023 5024 5022
5023 5025 5024
5024 5025 5026
5024 5026 5027
5027 5026 5028
5027 5028 5029
5030 5029 5028
5030 5031 5029
5030 5032 5031
5030 5033 5032
5032 5033 5034
5032 5034 5035
5035 5034 5036
5035 5036 5037
5037 5036 5038
5037 5038 5039
5040 5041 5042
5040 5042 5043
5044 5040 5043
5044 5043 5045
5046 5044 5045
5046 5045 5047
5048 5046 5047
5048 5047 5049
5049 5050 5048
5049 5051 5050
5051 5052 5050
5051 5053 5052
5054 5055 5056
5054 5056 5057
5058 5054 5057
5056 5059 5057
5056 5060 5059
5057 5059 5061
5058 5057 5062
5057 5061 5062
5063 5058 5062
5061 5064 5062
5063 5062 5064
5065 5063 5064
5065 5066 5063
5061 5067 5064
5067 5065 5064
5066 5065 5068
5067 5069 5065
5065 5070 5068
5065 5069 5071
5072 5070 5065
5071 5072 5065
5073 5074 5075
5073 5076 5074
5077 5076 5073
5077 5073 5078
5079 5077 5078
5079 5080 5077
5081 5080 5079
5081 5082 5080
5082 5081 5083
5082 5083 5084
5083 5085 5084
5083 5086 5085
5087 5088 5089
5087 5090 5088
5090 5091 5088
5090 5092 5091
5093 5092 5090
5094 5090 5087
5093 5090 5094
5094 5087 5095
5096 5094 5095
5097 5093 5094
5096 5097 5094
5097 5098 5093
5098 5097 5099
5097 5096 5100
5097 5100 5099
5098 5099 5101
5100 5102 5099
5103 5101 5099
5102 5104 5099
5105 5103 5099
5104 5105 5099
5106 5107 5108
5106 5108 5109
5109 5108 5110
5111 5106 5109
5111 5112 5106
5111 5113 5112
5111 5114 5113
5114 5111 5115
5115 5111 5109
5114 5115 5116
5115 5117 5116
5109 5110 5118
5115 5109 5118
5118 5110 5119
5115 5120 5117
5120 5115 5118
5118 5119 5121
5120 5118 5121
5121 5119 5122
5120 5123 5117
5117 5123 5124
5123 5125 5124
5121 5122 5126
5126 5122 5127
5128 5120 5121
5128 5123 5120
5128 5121 5126
5123 5129 5125
5128 5129 5123
5129 5130 5125
5126 5127 5131
5132 5131 5127
5133 5128 5126
5128 5133 5129
5133 5126 5131
5132 5134 5131
5134 5133 5131
5135 5134 5132
5135 5136 5134
5129 5137 5130
5133 5137 5129
5134 5138 5133
5136 5138 5134
5133 5138 5137
5130 5137 5139
5130 5139 5140
5137 5138 5141
5136 5141 5138
5137 5141 5139
5140 5139 5142
5140 5142 5143
5142 5144 5143
5145 5141 5136
5146 5145 5136
5146 5147 5145
5139 5141 5148
5139 5148 5142
5145 5148 5141
5142 5149 5144
5148 5149 5142
5150 5144 5149
5147 5151 5145
5151 5148 5145
5147 5152 5151
5151 5152 5153
5151 5154 5148
5148 5154 5149
5154 5151 5153
5150 5149 5155
5155 5149 5154
5154 5153 5155
5156 5150 5155
5157 5155 5153
5156 5155 5157
5157 5153 5158
5159 5156 5157
5160 5157 5158
5159 5157 5161
5160 5161 5157
5161 5162 5159
5163 5161 5160
5161 5164 5162
5163 5164 5161
5165 5166 5167
5165 5167 5168
5165 5168 5169
5169 5168 5170
5169 5170 5171
5172 5171 5170
5172 5170 5173
5174 5175 5176
5175 5177 5176
5175 5178 5177
5177 5178 5179
5177 5179 5180
5181 5180 5179
5181 5179 5182
5183 5184 5185
5183 5186 5184
5186 5183 5187
5186 5187 5188
5189 5184 5186
5189 5186 5190
5186 5188 5191
5191 5190 5186
5190 5192 5189
5193 5190 5191
5190 5194 5192
5192 5194 5195
5195 5194 5196
5196 5194 5197
5197 5194 5190
5198 5196 5197
5193 5199 5190
5190 5199 5197
5199 5198 5197
5199 5193 5200
5199 5201 5198
5201 5199 5200
5202 5203 5204
5202 5205 5203
5205 5206 5203
5205 5207 5206
5206 5207 5208
5207 5209 5208
5208 5209 5210
5208 5210 5211
5206 5208 5212
5212 5208 5211
5213 5212 5211
5214 5212 5213
5215 5212 5214
5214 5213 5216
5216 5217 5214
5214 5217 5218
5219 5214 5218
5220 5221 5222
5220 5223 5221
5220 5224 5223
5224 5225 5223
5224 5226 5225
5227 5225 5226
5227 5228 5225
5229 5230 5231
5231 5230 5232
5231 5232 5233
5232 5234 5233
5232 5235 5234
5236 5234 5235
5236 5237 5234
5238 5239 5240
5238 5240 5241
5241 5242 5238
5241 5243 5242
5244 5241 5240
5244 5245 5241
5241 5246 5243
5246 5241 5245
5245 5244 5247
5248 5246 5245
5245 5247 5249
5247 5250 5249
5250 5251 5249
5251 5252 5249
5252 5245 5249
5253 5252 5251
5248 5245 5254
5245 5252 5254
5254 5252 5253
5255 5248 5254
5254 5253 5256
5256 5255 5254
5257 5258 5259
5257 5259 5260
5260 5259 5261
5260 5261 5262
5261 5263 5262
5263 5264 5262
5263 5265 5264
5263 5266 5265
5261 5267 5263
5267 5266 5263
5268 5266 5267
5269 5268 5267
5270 5269 5267
5269 5271 5268
5271 5269 5272
5269 5273 5272
5274 5273 5269
5275 5276 5277
5275 5277 5278
5277 5279 5278
5277 5280 5279
5280 5281 5279
5282 5275 5278
5282 5278 5279
5282 5283 5275
5282 5279 5284
5284 5279 5285
5279 5281 5286
5279 5286 5285
5287 5286 5281
5288 5285 5286
5287 5289 5286
5288 5286 5289
5290 5291 5292
5290 5292 5293
5294 5293 5292
5294 5292 5295
5294 5295 5296
5297 5290 5293
5294 5297 5293
5297 5298 5290
5294 5299 5297
5300 5299 5294
5294 5296 5301
5300 5294 5301
5302 5301 5296
5303 5300 5301
5302 5304 5301
5303 5301 5304
5305 5306 5307
5305 5307 5308
5307 5309 5308
5309 5310 5308
5309 5311 5310
5311 5312 5310
5313 5314 5315
5313 5316 5314
5314 5316 5317
5317 5316 5318
5317 5318 5319
5319 5318 5320
5321 5322 5323
5321 5323 5324
5325 5321 5324
5324 5323 5326
5325 5324 5327
5328 5325 5327
5328 5327 5329
5330 5328 5329
5330 5329 5331
5332 5327 5324
5329 5327 5332
5331 5329 5333
5329 5332 5333
5331 5333 5334
5333 5335 5334
5333 5336 5335
5332 5336 5333
5336 5337 5335
5324 5326 5338
5332 5324 5338
5332 5339 5336
5339 5332 5338
5326 5340 5338
5339 5338 5340
5326 5341 5340
5336 5342 5337
5339 5342 5336
5341 5343 5340
5341 5344 5343
5343 5344 5345
5346 5339 5340
5346 5340 5343
5339 5346 5342
5337 5342 5347
5337 5347 5348
5343 5345 5349
5346 5343 5349
5342 5346 5350
5342 5350 5347
5346 5349 5350
5347 5350 5351
5351 5350 5349
5348 5347 5352
5347 5351 5352
5348 5352 5353
5345 5354 5349
5351 5349 5354
5345 5355 5354
5352 5356 5353
5356 5357 5353
5358 5357 5356
5355 5359 5354
5355 5360 5359
5360 5361 5359
5362 5359 5361
5360 5363 5361
5363 5364 5361
5364 5362 5361
5363 5365 5364
5359 5366 5354
5362 5366 5359
5354 5366 5367
5367 5366 5362
5351 5354 5367
5365 5368 5364
5365 5369 5368
5369 5370 5368
5368 5371 5364
5364 5371 5362
5370 5372 5368
5368 5372 5371
5370 5373 5372
5371 5372 5374
5373 5374 5372
5373 5375 5374
5362 5371 5376
5376 5371 5377
5367 5362 5378
5362 5376 5378
5376 5377 5379
5380 5379 5377
5380 5381 5379
5381 5380 5382
5383 5376 5379
5381 5383 5379
5381 5382 5384
5383 5381 5384
5384 5382 5385
5383 5386 5376
5386 5378 5376
5386 5383 5384
5387 5367 5378
5386 5387 5378
5386 5384 5388
5384 5385 5388
5387 5386 5388
5387 5389 5367
5389 5351 5367
5387 5388 5390
5389 5387 5390
5351 5389 5391
5389 5390 5391
5351 5391 5352
5388 5392 5390
5392 5391 5390
5388 5385 5392
5391 5393 5352
5392 5393 5391
5352 5393 5356
5393 5394 5356
5393 5392 5394
5358 5356 5394
5392 5395 5394
5395 5358 5394
5392 5385 5395
5395 5396 5358
5397 5396 5395
5385 5397 5395
5397 5398 5396
5399 5398 5397
5385 5400 5397
5400 5399 5397
5400 5373 5399
5401 5400 5385
5375 5400 5401
5375 5402 5400
5403 5404 5405
5405 5404 5406
5405 5406 5407
5406 5408 5407
5409 5410 5411
5409 5411 5412
5413 5409 5412
5412 5411 5414
5413 5412 5415
5416 5413 5415
5412 5414 5417
5417 5414 5418
5416 5415 5419
5420 5416 5419
5420 5419 5421
5422 5415 5412
5422 5412 5417
5419 5415 5422
5421 5419 5423
5419 5422 5423
5421 5423 5424
5417 5418 5425
5422 5417 5425
5424 5423 5426
5424 5426 5427
5423 5422 5428
5422 5425 5428
5423 5428 5426
5429 5428 5425
5418 5430 5425
5418 5431 5430
5427 5426 5432
5427 5432 5433
5434 5429 5425
5430 5434 5425
5435 5434 5430
5429 5434 5435
5431 5436 5430
5435 5430 5436
5431 5437 5436
5437 5438 5436
5438 5435 5436
5437 5439 5438
5439 5440 5438
5439 5441 5440
5441 5442 5440
5442 5443 5440
5440 5444 5438
5440 5443 5444
5438 5444 5435
5445 5444 5443
5435 5444 5445
5429 5435 5446
5435 5445 5446
5429 5446 5447
5447 5446 5445
5447 5445 5448
5449 5448 5445
5449 5445 5450
5450 5451 5449
5442 5452 5453
5452 5454 5453
5454 5452 5455
5455 5452 5456
5454 5457 5453
5457 5458 5453
5457 5454 5459
5454 5455 5459
5457 5460 5458
5460 5457 5459
5460 5461 5458
5455 5456 5462
5456 5463 5462
5462 5463 5464
5459 5455 5465
5465 5455 5462
5460 5459 5466
5459 5465 5466
5460 5467 5461
5467 5460 5466
5467 5429 5461
5462 5464 5468
5465 5462 5468
5469 5466 5465
5467 5466 5469
5467 5470 5429
5429 5470 5428
5471 5470 5467
5428 5470 5471
5471 5467 5469
5426 5428 5471
5426 5471 5472
5472 5471 5469
5426 5472 5432
5469 5465 5473
5472 5469 5473
5473 5465 5468
5432 5472 5473
5474 5468 5464
5473 5468 5474
5432 5473 5474
5474 5464 5475
5433 5432 5474
5433 5474 5475
5476 5477 5478
5476 5479 5477
5480 5477 5479
5481 5479 5476
5481 5476 5482
5480 5479 5483
5483 5484 5480
5485 5481 5482
5481 5485 5486
5485 5482 5487
5479 5481 5488
5479 5488 5483
5481 5486 5488
5489 5485 5487
5489 5486 5485
5489 5487 5490
5483 5491 5484
5492 5484 5491
5492 5491 5493
5494 5483 5488
5494 5491 5483
5493 5491 5494
5486 5494 5488
5493 5494 5495
5495 5494 5496
5486 5496 5494
5495 5496 5497
5497 5496 5498
5486 5498 5496
5497 5498 5499
5489 5500 5486
5486 5500 5498
5501 5489 5490
5501 5490 5502
5503 5500 5489
5503 5498 5500
5503 5489 5501
5501 5504 5503
5499 5498 5505
5503 5505 5498
5505 5503 5504
5499 5505 5506
5507 5501 5502
5501 5507 5504
5507 5502 5508
5509 5507 5508
5510 5506 5505
5505 5504 5510
5510 5511 5506
5510 5512 5511
5510 5513 5512
5513 5510 5504
5514 5512 5513
5509 5515 5507
5504 5507 5515
5514 5513 5516
5517 5514 5516
5513 5504 5518
5504 5515 5518
5518 5516 5513
5509 5519 5515
5519 5518 5515
5509 5520 5519
5517 5516 5521
5521 5522 5517
5521 5523 5522
5518 5524 5516
5519 5524 5518
5524 5521 5516
5520 5525 5519
5524 5519 5525
5520 5526 5525
5524 5527 5521
5527 5523 5521
5524 5525 5527
5526 5528 5525
5526 5529 5528
5529 5530 5528
5528 5530 5531
5525 5532 5527
5525 5528 5532
5528 5531 5532
5527 5532 5523
5532 5531 5533
5533 5523 5532
5533 5534 5523
5534 5535 5523
5536 5537 5538
5536 5539 5537
5539 5540 5537
5539 5541 5540
5539 5536 5542
5543 5542 5536
5544 5541 5539
5539 5542 5545
5544 5539 5545
5541 5544 5546
5541 5546 5547
5548 5547 5546
5544 5545 5549
5545 5542 5549
5544 5550 5546
5544 5549 5550
5548 5546 5551
5550 5551 5546
5550 5552 5551
5553 5548 5551
5554 5548 5553
5554 5553 5555
5556 5555 5553
5556 5553 5557
5553 5551 5558
5557 5553 5558
5558 5551 5552
5557 5558 5559
5559 5558 5552
5559 5560 5557
5559 5561 5560
5552 5561 5559
5561 5562 5560
5561 5563 5562
5552 5564 5561
5563 5561 5564
5563 5564 5565
5566 5562 5563
5567 5562 5566
5567 5566 5568
5569 5563 5565
5566 5563 5569
5570 5568 5566
5570 5571 5568
5572 5566 5569
5572 5570 5566
5572 5569 5565
5572 5573 5570
5572 5574 5573
5565 5574 5572
5574 5575 5573
5574 5576 5575
5577 5575 5576
5577 5576 5578
5579 5576 5574
5565 5579 5574
5580 5578 5576
5579 5580 5576
5580 5581 5578
5581 5580 5582
5582 5583 5581
5584 5580 5579
5584 5582 5580
5585 5579 5565
5585 5584 5579
5582 5586 5583
5584 5586 5582
5583 5586 5587
5583 5587 5588
5588 5587 5589
5588 5589 5590
5591 5590 5589
5591 5589 5592
5589 5593 5592
5584 5594 5586
5594 5587 5586
5585 5594 5584
5589 5587 5595
5594 5595 5587
5596 5593 5589
5595 5596 5589
5595 5594 5597
5585 5597 5594
5596 5595 5597
5585 5598 5597
5596 5597 5598
5593 5596 5599
5593 5599 5600
5596 5601 5599
5596 5598 5601
5585 5602 5598
5565 5602 5585
5565 5564 5602
5598 5602 5603
5564 5603 5602
5598 5603 5601
5564 5552 5603
5552 5604 5603
5601 5603 5604
5552 5550 5604
5599 5605 5600
5601 5605 5599
5606 5604 5550
5606 5550 5549
5601 5604 5607
5601 5607 5605
5607 5604 5606
5608 5600 5605
5608 5605 5607
5609 5600 5608
5607 5606 5610
5608 5607 5610
5611 5610 5606
5611 5608 5610
5549 5612 5606
5611 5606 5612
5609 5608 5613
5611 5613 5608
5613 5614 5609
5615 5609 5614
5613 5611 5616
5614 5613 5616
5549 5617 5612
5542 5617 5549
5611 5612 5618
5611 5618 5616
5616 5618 5619
5620 5614 5616
5616 5619 5620
5615 5614 5621
5620 5621 5614
5612 5622 5618
5612 5617 5622
5542 5623 5617
5543 5623 5542
5617 5623 5624
5624 5623 5543
5617 5624 5622
5624 5543 5625
5626 5624 5625
5626 5627 5624
5627 5622 5624
5627 5628 5622
5628 5618 5622
5628 5619 5618
5628 5629 5619
5619 5629 5630
5619 5630 5631
5630 5632 5631
5633 5619 5631
5633 5620 5619
5631 5632 5634
5631 5634 5633
5632 5635 5634
5632 5636 5635
5635 5636 5637
5635 5637 5638
5639 5638 5637
5620 5633 5640
5641 5633 5634
5641 5640 5633
5642 5634 5635
5642 5641 5634
5620 5640 5643
5620 5643 5621
5644 5635 5638
5644 5642 5635
5645 5640 5641
5645 5643 5640
5646 5621 5643
5621 5646 5615
5646 5647 5615
5646 5648 5647
5646 5643 5649
5649 5648 5646
5645 5649 5643
5649 5650 5648
5649 5651 5650
5649 5645 5651
5645 5652 5651
5645 5653 5652
5645 5641 5653
5654 5652 5653
5641 5655 5653
5654 5653 5655
5641 5642 5655
5656 5654 5655
5657 5655 5642
5656 5655 5657
5657 5642 5644
5658 5656 5657
5644 5659 5657
5658 5657 5659
5644 5660 5659
5638 5660 5644
5661 5658 5659
5661 5662 5658
5638 5663 5660
5639 5663 5638
5659 5660 5664
5663 5664 5660
5659 5664 5661
5639 5665 5663
5663 5665 5664
5639 5666 5665
5662 5661 5667
5662 5667 5668
5669 5661 5664
5665 5669 5664
5669 5667 5661
5667 5669 5670
5666 5671 5665
5665 5671 5669
5671 5670 5669
5666 5672 5671
5673 5668 5667
5667 5670 5673
5673 5674 5668
5675 5671 5672
5671 5675 5670
5675 5672 5676
5677 5675 5676
5677 5676 5678
5677 5678 5679
5674 5673 5680
5674 5680 5681
5680 5682 5681
5670 5675 5683
5683 5675 5677
5670 5683 5684
5670 5684 5685
5685 5673 5670
5685 5686 5673
5680 5673 5686
5683 5677 5687
5680 5686 5688
5677 5679 5689
5687 5677 5689
5689 5679 5690
5687 5689 5691
5692 5680 5688
5680 5692 5682
5692 5688 5693
5694 5682 5692
5689 5690 5695
5691 5689 5695
5691 5695 5696
5697 5696 5695
5695 5690 5698
5695 5698 5697
5699 5697 5698
5699 5698 5700
5701 5692 5693
5694 5692 5701
5700 5694 5701
5700 5701 5699
5701 5693 5702
5702 5699 5701
5703 5704 5705
5703 5705 5706
5705 5707 5706
5705 5708 5707
5709 5707 5708
5703 5706 5710
5707 5710 5706
5703 5710 5711
5710 5712 5711
5710 5713 5712
5707 5714 5710
5714 5713 5710
5712 5713 5715
5712 5715 5716
5717 5716 5715
5717 5718 5716
5717 5719 5718
5713 5720 5715
5715 5720 5717
5714 5721 5713
5713 5721 5720
5707 5722 5714
5722 5721 5714
5707 5723 5722
5709 5723 5707
5723 5709 5724
5724 5709 5725
5724 5725 5726
5727 5724 5726
5724 5727 5723
5727 5726 5728
5729 5723 5727
5722 5723 5729
5722 5729 5730
5729 5727 5731
5729 5731 5732
5722 5733 5721
5730 5733 5722
5729 5732 5734
5729 5734 5730
5733 5735 5721
5720 5721 5735
5736 5734 5732
5737 5736 5732
5737 5732 5738
5739 5736 5737
5739 5740 5736
5740 5734 5736
5734 5740 5741
5734 5741 5742
5742 5730 5734
5742 5741 5743
5742 5743 5744
5742 5745 5730
5742 5744 5745
5746 5720 5735
5747 5720 5746
5747 5717 5720
5748 5744 5743
5749 5748 5743
5749 5743 5750
5748 5749 5751
5748 5751 5752
5752 5744 5748
5744 5752 5753
5744 5753 5754
5755 5745 5744
5755 5744 5754
5753 5756 5754
5753 5757 5756
5758 5755 5754
5758 5754 5756
5759 5756 5757
5759 5757 5760
5756 5759 5761
5756 5761 5758
5745 5755 5762
5762 5755 5758
5761 5763 5758
5762 5758 5763
5761 5764 5763
5745 5762 5765
5730 5745 5765
5766 5763 5764
5766 5764 5767
5766 5767 5768
5763 5769 5762
5763 5766 5769
5769 5765 5762
5766 5768 5770
5769 5766 5770
5771 5770 5768
5771 5772 5770
5770 5772 5773
5770 5773 5774
5769 5770 5774
5774 5773 5775
5776 5769 5774
5769 5776 5765
5774 5775 5777
5776 5774 5777
5778 5777 5775
5779 5765 5776
5776 5777 5780
5779 5776 5780
5778 5781 5777
5781 5780 5777
5782 5781 5778
5783 5782 5778
5782 5784 5781
5781 5784 5780
5782 5785 5784
5784 5786 5780
5786 5779 5780
5785 5787 5784
5787 5786 5784
5785 5788 5787
5779 5789 5765
5730 5765 5789
5730 5789 5733
5789 5779 5790
5789 5790 5733
5786 5790 5779
5733 5790 5735
5790 5786 5791
5790 5791 5735
5787 5791 5786
5746 5735 5791
5792 5787 5788
5792 5791 5787
5792 5746 5791
5793 5792 5788
5746 5792 5794
5793 5794 5792
5746 5794 5747
5795 5794 5793
5747 5794 5795
5795 5793 5796
5795 5796 5797
5747 5795 5798
5717 5747 5798
5795 5797 5799
5798 5795 5799
5717 5798 5800
5717 5800 5719
5801 5799 5797
5801 5797 5802
5803 5801 5802
5798 5799 5804
5800 5798 5804
5804 5799 5801
5719 5800 5805
5800 5804 5805
5719 5805 5806
5805 5807 5806
5803 5808 5801
5809 5808 5803
5804 5801 5810
5810 5805 5804
5810 5801 5808
5805 5811 5807
5810 5811 5805
5812 5807 5811
5810 5808 5813
5811 5810 5813
5812 5811 5814
5811 5813 5814
5815 5812 5814
5809 5816 5808
5816 5813 5808
5815 5814 5817
5818 5815 5817
5814 5813 5819
5816 5819 5813
5814 5819 5817
5809 5820 5816
5809 5821 5820
5816 5822 5819
5817 5819 5822
5816 5820 5822
5818 5817 5823
5817 5822 5823
5824 5820 5821
5824 5821 5825
5820 5826 5822
5823 5822 5826
5820 5824 5826
5818 5823 5827
5823 5826 5827
5818 5827 5828
5829 5824 5825
5829 5825 5830
5824 5831 5826
5827 5826 5831
5824 5829 5831
5832 5828 5827
5827 5831 5832
5832 5833 5828
5830 5834 5829
5830 5835 5834
5836 5829 5834
5836 5834 5835
5836 5831 5829
5836 5835 5837
5838 5831 5836
5837 5838 5836
5832 5831 5838
5837 5839 5838
5838 5839 5840
5841 5840 5833
5841 5833 5832
5838 5840 5841
5832 5838 5841
5842 5843 5844
5842 5845 5843
5845 5846 5843
5842 5847 5845
5842 5848 5847
5849 5847 5848
5845 5850 5846
5851 5846 5850
5845 5852 5850
5845 5847 5852
5851 5850 5853
5853 5850 5852
5853 5854 5851
5849 5855 5847
5855 5849 5856
5855 5856 5857
5858 5847 5855
5858 5855 5857
5858 5852 5847
5858 5857 5859
5860 5858 5859
5861 5852 5858
5860 5861 5858
5861 5862 5852
5853 5852 5862
5860 5863 5861
5862 5861 5863
5860 5864 5863
5863 5864 5865
5866 5853 5862
5862 5863 5866
5863 5865 5867
5866 5863 5867
5867 5865 5868
5867 5868 5869
5870 5869 5868
5866 5871 5853
5853 5871 5854
5871 5872 5854
5871 5873 5872
5873 5871 5866
5873 5874 5872
5866 5867 5875
5873 5866 5875
5869 5875 5867
5873 5876 5874
5875 5876 5873
5869 5877 5875
5875 5877 5876
5878 5874 5876
5878 5879 5874
5878 5880 5879
5881 5876 5877
5869 5881 5877
5881 5878 5876
5878 5882 5880
5883 5880 5882
5869 5884 5881
5870 5884 5869
5878 5881 5885
5884 5885 5881
5878 5885 5882
5886 5884 5870
5884 5886 5885
5886 5870 5887
5883 5882 5888
5888 5889 5883
5890 5886 5887
5890 5887 5891
5892 5890 5891
5888 5893 5889
5894 5889 5893
5892 5895 5890
5895 5892 5896
5897 5890 5895
5890 5897 5898
5890 5898 5886
5899 5886 5898
5899 5885 5886
5885 5899 5900
5882 5885 5900
5882 5900 5901
5901 5888 5882
5901 5902 5888
5903 5888 5902
5903 5893 5888
5904 5893 5903
5894 5893 5904
5905 5904 5903
5894 5904 5906
5904 5905 5906
5894 5906 5907
5905 5908 5906
5908 5907 5906
5908 5909 5907
5905 5910 5908
5908 5896 5909
5911 5908 5910
5908 5911 5896
5895 5911 5910
5895 5896 5911
5912 5913 5914
5912 5914 5915
5912 5915 5916
5917 5916 5915
5917 5915 5918
5917 5918 5919
5914 5920 5921
5922 5921 5920
5923 5924 5925
5924 5926 5925
5927 5926 5924
5927 5928 5926
5929 5928 5927
5929 5927 5930
5931 5932 5933
5932 5934 5933
5934 5932 5935
5934 5935 5936
5937 5936 5935
5937 5935 5938
5939 5940 5941
5941 5940 5942
5942 5940 5943
5942 5943 5944
5943 5945 5944
5945 5943 5946
5947 5948 5949
5949 5948 5950
5951 5950 5948
5951 5952 5950
5953 5952 5951
5951 5954 5953
5955 5956 5957
5955 5957 5958
5958 5959 5955
5958 5960 5959
5959 5960 5961
5962 5961 5960
5962 5963 5961
5963 5962 5964
5962 5965 5964
5966 5965 5962
5967 5965 5966
5968 5962 5960
5968 5966 5962
5967 5966 5969
5968 5969 5966
5970 5967 5969
5970 5969 5971
5972 5971 5969
5972 5969 5973
5968 5973 5969
5972 5973 5974
5960 5975 5968
5975 5973 5968
5960 5958 5975
5976 5974 5973
5975 5976 5973
5976 5977 5974
5978 5977 5976
5978 5976 5975
5978 5979 5977
5980 5975 5958
5978 5975 5980
5980 5958 5957
5981 5979 5978
5980 5981 5978
5981 5982 5979
5983 5980 5957
5957 5984 5983
5983 5984 5985
5980 5986 5981
5983 5986 5980
5987 5982 5981
5987 5981 5986
5988 5982 5987
5987 5989 5988
5983 5985 5990
5986 5983 5990
5985 5991 5990
5992 5990 5991
5989 5987 5993
5989 5993 5994
5995 5994 5993
5996 5995 5993
5987 5986 5997
5986 5990 5997
5997 5993 5987
5998 5990 5992
5998 5997 5990
5999 5998 5992
5998 5999 6000
6000 5996 5998
5997 6001 5993
6001 5996 5993
5998 6001 5997
5996 6001 5998
6002 6003 6004
6002 6005 6003
6003 6005 6006
6007 6006 6005
6007 6008 6006
6008 6007 6009
6010 6011 6012
6010 6012 6013
6012 6014 6013
6015 6013 6014
6015 6014 6016
6016 6017 6015
6018 6019 6020
6018 6020 6021
6022 6018 6021
6022 6023 6018
6023 6022 6024
6023 6024 6025
6025 6024 6026
6025 6026 6027
6028 6029 6030
6028 6031 6029
6032 6031 6028
6032 6033 6031
6034 6033 6032
6034 6035 6033
6035 6034 6036
6035 6036 6037
6038 6039 6040
6038 6040 6041
6041 6042 6038
6041 6043 6042
6043 6044 6042
6043 6045 6044
6044 6045 6046
6044 6046 6047
6047 6048 6044
6042 6044 6048
6047 6049 6048
6049 6050 6048
6048 6050 6051
6052 6048 6051
6042 6048 6052
6053 6042 6052
6053 6038 6042
6054 6038 6053
6054 6055 6038
6056 6057 6058
6056 6059 6057
6060 6059 6056
6060 6056 6061
6061 6062 6060
6061 6063 6062
6063 6064 6062
6063 6065 6064
6066 6067 6068
6066 6068 6069
6070 6066 6069
6070 6069 6071
6072 6070 6071
6072 6071 6073
6073 6074 6072
6073 6075 6074
6076 6077 6078
6076 6079 6077
6079 6076 6080
6079 6080 6081
6081 6080 6082
6081 6082 6083
6082 6084 6083
6082 6085 6084
6085 6082 6086
6080 6086 6082
6085 6086 6087
6087 6086 6088
6086 6089 6088
6090 6089 6086
6080 6090 6086
6091 6090 6080
6091 6080 6076
6092 6091 6076
6092 6076 6093
6094 6095 6096
6094 6097 6095
6098 6097 6094
6098 6094 6099
6099 6100 6098
6099 6101 6100
6101 6102 6100
6101 6103 6102
6104 6105 6106
6104 6106 6107
6108 6104 6107
6108 6107 6109
6110 6108 6109
6110 6109 6111
6111 6112 6110
6111 6113 6112
6114 6115 6116
6114 6117 6115
6117 6114 6118
6117 6118 6119
6119 6118 6120
6119 6120 6121
6120 6122 6121
6120 6123 6122
6123 6120 6124
6118 6124 6120
6123 6124 6125
6125 6124 6126
6124 6127 6126
6128 6127 6124
6118 6128 6124
6129 6128 6118
6129 6118 6114
6130 6129 6114
6130 6114 6131
6132 6133 6134
6132 6134 6135
6136 6132 6135
6136 6137 6132
6137 6136 6138
6137 6138 6139
6139 6138 6140
6139 6140 6141
6142 6143 6144
6142 6145 6143
6146 6145 6142
6146 6147 6145
6148 6147 6146
6148 6149 6147
6149 6148 6150
6149 6150 6151
6152 6153 6154
6152 6154 6155
6155 6156 6152
6155 6157 6156
6157 6158 6156
6157 6159 6158
6158 6159 6160
6158 6160 6161
6161 6162 6158
6156 6158 6162
6161 6163 6162
6163 6164 6162
6162 6164 6165
6166 6162 6165
6156 6162 6166
6167 6156 6166
6167 6152 6156
6168 6152 6167
6168 6169 6152
6170 6171 6172
6172 6171 6173
6174 6175 6176
6177 6175 6174
6178 6179 6180
6178 6180 6181
6182 6178 6181
6182 6181 6183
6184 6185 6186
6184 6186 6187
6188 6184 6187
6188 6187 6189
6190 6191 6192
6190 6192 6193
6194 6190 6193
6194 6193 6195
6196 6197 6198
6196 6198 6199
6200 6196 6199
6200 6199 6201
6202 6203 6204
6202 6204 6205
6206 6202 6205
6206 6205 6207
6208 6209 6210
6208 6210 6211
6212 6208 6211
6212 6211 6213
6214 6215 6216
6214 6216 6217
6218 6214 6217
6218 6217 6219
6220 6221 6222
6220 6222 6223
6224 6220 6223
6224 6223 6225
6226 6227 6228
6226 6228 6229
6230 6226 6229
6230 6229 6231
6232 6233 6234
6232 6234 6235
6236 6232 6235
6236 6235 6237
6238 6239 6240
6238 6240 6241
6242 6238 6241
6242 6241 6243
6244 6245 6246
6244 6247 6245
6247 6248 6245
6247 6249 6248
6250 6251 6252
6250 6253 6251
6253 6254 6251
6253 6255 6254
6256 6257 6258
6256 6259 6257
6259 6260 6257
6259 6261 6260
6262 6263 6264
6262 6265 6263
6265 6266 6263
6265 6267 6266
6268 6269 6270
6268 6271 6269
6271 6272 6269
6271 6273 6272
6274 6275 6276
6274 6277 6275
6277 6278 6275
6277 6279 6278
6280 6281 6282
6280 6283 6281
6283 6284 6281
6283 6285 6284
6286 6287 6288
6286 6289 6287
6289 6290 6287
6289 6291 6290
6292 6293 6294
6292 6295 6293
6295 6296 6293
6295 6297 6296
6298 6299 6300
6298 6301 6299
6301 6302 6299
6301 6303 6302
6304 6305 6306
6304 6307 6305
6307 6308 6305
6307 6309 6308
6310 6311 6312
6312 6313 6310
6314 6311 6310
6315 6311 6314
6310 6313 6316
6316 6313 6317
6314 6318 6315
6315 6318 6319
6310 6320 6314
6316 6320 6310
6317 6321 6316
6322 6321 6317
6323 6318 6314
6314 6320 6323
6319 6318 6324
6324 6318 6323
6324 6325 6319
6326 6320 6316
6316 6321 6326
6323 6320 6326
6327 6321 6322
6326 6321 6327
6322 6328 6327
6326 6329 6323
6323 6329 6324
6327 6329 6326
6330 6325 6324
6324 6329 6330
6330 6329 6327
6327 6328 6330
6331 6325 6330
6330 6328 6331
6332 6333 6334
6334 6333 6335
6334 6336 6332
6332 6336 6337
6337 6336 6338
6338 6339 6337
6340 6339 6338
6341 6336 6334
6338 6336 6341
6335 6342 6334
6334 6342 6341
6338 6343 6340
6341 6343 6338
6344 6342 6335
6335 6345 6344
6344 6345 6346
6341 6342 6347
6347 6343 6341
6347 6342 6344
6340 6343 6348
6348 6343 6347
6348 6349 6340
6350 6349 6348
6350 6351 6346
6346 6351 6344
6344 6351 6347
6347 6351 6348
6348 6351 6350
6352 6353 6354
6353 6355 6354
6352 6354 6356
6355 6357 6354
6356 6354 6358
6354 6357 6358
6358 6359 6356
6357 6359 6358
6360 6352 6356
6356 6361 6360
6359 6361 6356
6362 6352 6360
6362 6360 6361
6359 6363 6361
6364 6363 6359
6364 6359 6357
6355 6365 6357
6365 6364 6357
6366 6365 6355
6366 6364 6365
6367 6352 6362
6366 6355 6367
6367 6368 6352
6367 6355 6368
6362 6361 6369
6369 6364 6366
6369 6361 6370
6369 6370 6364
6371 6367 6362
6371 6366 6367
6371 6369 6366
6371 6362 6369
6372 6373 6374
6373 6375 6374
6372 6374 6376
6375 6377 6374
6376 6374 6378
6374 6377 6378
6378 6379 6376
6377 6379 6378
6380 6372 6376
6376 6381 6380
6379 6381 6376
6382 6372 6380
6382 6380 6381
6379 6383 6381
6384 6383 6379
6384 6379 6377
6375 6385 6377
6385 6384 6377
6386 6385 6375
6386 6384 6385
6387 6372 6382
6386 6375 6387
6387 6388 6372
6387 6375 6388
6382 6381 6389
6389 6384 6386
6389 6381 6390
6389 6390 6384
6391 6387 6382
6391 6386 6387
6391 6389 6386
6391 6382 6389
6392 6393 6394
6395 6393 6392
6394 6393 6396
6397 6393 6395
6396 6393 6398
6399 6393 6397
6398 6393 6400
6401 6393 6399
6400 6393 6401
6402 6403 6404
6404 6403 6405
6402 6406 6403
6405 6403 6407
6406 6408 6403
6403 6408 6407
6408 6406 6409
6407 6408 6409
6410 6406 6402
6406 6410 6411
6409 6406 6411
6412 6410 6402
6412 6411 6410
6409 6411 6413
6414 6409 6413
6414 6407 6409
6405 6407 6415
6415 6407 6414
6416 6405 6415
6416 6415 6414
6417 6412 6402
6416 6417 6405
6417 6402 6418
6417 6418 6405
6412 6419 6411
6419 6416 6414
6419 6420 6411
6419 6414 6420
6421 6412 6417
6421 6417 6416
6421 6416 6419
6421 6419 6412
6422 6423 6424
6424 6423 6425
6422 6426 6423
6427 6426 6422
6425 6423 6428
6426 6429 6423
6423 6429 6428
6429 6426 6430
6428 6429 6430
6426 6427 6431
6430 6426 6431
6430 6431 6432
6433 6430 6432
6433 6428 6430
6434 6431 6427
6434 6427 6435
6425 6428 6436
6436 6428 6433
6437 6425 6436
6437 6436 6433
6434 6438 6431
6438 6437 6433
6438 6439 6431
6438 6433 6439
6440 6434 6435
6437 6440 6425
6440 6435 6441
6440 6441 6425
6442 6437 6438
6442 6438 6434
6442 6434 6440
6442 6440 6437
6443 6444 6445
6445 6444 6446
6443 6447 6444
6446 6444 6448
6447 6449 6444
6444 6449 6448
6449 6447 6450
6448 6449 6450
6451 6447 6443
6447 6451 6452
6450 6447 6452
6453 6451 6443
6453 6452 6451
6450 6452 6454
6455 6450 6454
6455 6448 6450
6446 6448 6456
6456 6448 6455
6457 6446 6456
6457 6456 6455
6458 6453 6443
6457 6458 6446
6458 6443 6459
6458 6459 6446
6453 6460 6452
6460 6457 6455
6460 6461 6452
6460 6455 6461
6462 6453 6458
6462 6458 6457
6462 6457 6460
6462 6460 6453
6463 6464 6465
6465 6464 6466
6463 6467 6464
6466 6464 6468
6467 6469 6464
6464 6469 6468
6469 6467 6470
6468 6469 6470
6471 6467 6463
6467 6471 6472
6470 6467 6472
6473 6471 6463
6473 6472 6471
6470 6472 6474
6475 6470 6474
6475 6468 6470
6466 6468 6476
6476 6468 6475
6477 6466 6476
6477 6476 6475
6478 6473 6463
6477 6478 6466
6478 6463 6479
6478 6479 6466
6473 6480 6472
6480 6477 6475
6480 6481 6472
6480 6475 6481
6482 6473 6478
6482 6478 6477
6482 6477 6480
6482 6480 6473
6483 6484 6485
6484 6486 6485
6483 6485 6487
6486 6488 6485
6487 6485 6489
6485 6488 6489
6489 6490 6487
6488 6490 6489
6491 6483 6487
6487 6492 6491
6490 6492 6487
6493 6483 6491
6493 6491 6492
6490 6494 6492
6495 6494 6490
6495 6490 6488
6486 6496 6488
6496 6495 6488
6497 6496 6486
6497 6495 6496
6498 6483 6493
6497 6486 6498
6498 6499 6483
6498 6486 6499
6493 6492 6500
6500 6495 6497
6500 6492 6501
6500 6501 6495
6502 6498 6493
6502 6497 6498
6502 6500 6497
6502 6493 6500
6503 6504 6505
6505 6504 6506
6503 6507 6504
6506 6504 6508
6507 6509 6504
6504 6509 6508
6509 6507 6510
6508 6509 6510
6511 6507 6503
6507 6511 6512
6510 6507 6512
6513 6511 6503
6513 6512 6511
6514 6513 6503
6514 6503 6515
6514 6515 6506
6506 6508 6516
6517 6508 6510
6516 6508 6517
6518 6506 6516
6518 6514 6506
6518 6516 6517
6510 6512 6519
6517 6510 6519
6520 6519 6512
6520 6517 6519
6513 6520 6512
6520 6518 6517
6521 6513 6514
6521 6520 6513
6521 6514 6518
6521 6518 6520
6522 6523 6524
6524 6523 6525
6522 6526 6523
6525 6523 6527
6526 6528 6523
6523 6528 6527
6528 6526 6529
6527 6528 6529
6529 6526 6530
6529 6530 6531
6526 6532 6530
6532 6526 6522
6533 6529 6531
6533 6527 6529
6534 6532 6522
6534 6535 6532
6525 6527 6536
6536 6527 6533
6537 6525 6536
6537 6536 6533
6538 6534 6522
6537 6538 6525
6538 6522 6539
6538 6539 6525
6534 6540 6535
6540 6537 6533
6540 6541 6535
6540 6533 6541
6542 6534 6538
6542 6538 6537
6542 6537 6540
6542 6540 6534
6543 6544 6545
6545 6546 6543
6545 6544 6547
6547 6544 6548
6549 6546 6545
6550 6546 6549
6548 6551 6547
6552 6551 6548
6547 6553 6545
6545 6553 6549
6549 6554 6550
6550 6554 6555
6556 6551 6552
6552 6557 6556
6547 6551 6558
6558 6553 6547
6558 6551 6556
6549 6553 6559
6559 6554 6549
6559 6553 6558
6555 6554 6560
6560 6554 6559
6560 6561 6555
6558 6562 6559
6556 6562 6558
6559 6562 6560
6556 6557 6563
6563 6562 6556
6560 6562 6563
6563 6561 6560
6563 6557 6564
6564 6561 6563
6565 6566 6567
6567 6566 6568
6567 6569 6565
6565 6569 6570
6570 6569 6571
6571 6572 6570
6573 6572 6571
6574 6569 6567
6571 6569 6574
6568 6575 6567
6567 6575 6574
6571 6576 6573
6574 6576 6571
6577 6575 6568
6568 6578 6577
6577 6578 6579
6574 6575 6580
6580 6576 6574
6580 6575 6577
6573 6576 6581
6581 6576 6580
6581 6582 6573
6583 6582 6581
6583 6584 6579
6579 6584 6577
6577 6584 6580
6580 6584 6581
6581 6584 6583
6585 6586 6587
6587 6586 6588
6585 6589 6586
6590 6589 6585
6588 6586 6591
6588 6591 6592
6589 6593 6586
6586 6593 6591
6593 6589 6594
6591 6593 6594
6589 6590 6595
6594 6589 6595
6592 6591 6596
6596 6591 6594
6594 6595 6597
6596 6594 6597
6598 6595 6590
6598 6590 6599
6600 6592 6596
6600 6601 6592
6598 6602 6595
6602 6600 6596
6602 6603 6595
6602 6596 6603
6604 6598 6599
6600 6604 6601
6604 6599 6605
6604 6605 6601
6606 6600 6602
6606 6602 6598
6606 6598 6604
6606 6604 6600
6607 6608 6609
6608 6610 6609
6611 6608 6607
6611 6607 6612
6613 6611 6612
6608 6614 6610
6610 6614 6615
6614 6616 6615
6617 6611 6613
6617 6613 6618
6619 6617 6618
6614 6620 6616
6616 6620 6621
6620 6622 6621
6623 6617 6619
6623 6619 6624
6625 6623 6624
6620 6626 6622
6622 6626 6627
6626 6628 6627
6629 6623 6625
6629 6625 6630
6631 6629 6630
6626 6632 6628
6632 6629 6631
6628 6632 6633
6632 6631 6633
6623 6634 6617
6629 6635 6623
6623 6635 6634
6635 6636 6634
6637 6636 6635
6629 6637 6635
6632 6637 6629
6617 6634 6638
6634 6636 6638
6617 6638 6611
6632 6639 6637
6626 6639 6632
6639 6636 6637
6611 6638 6640
6638 6636 6640
6611 6640 6608
6626 6641 6639
6641 6636 6639
6620 6641 6626
6608 6640 6642
6640 6636 6642
6608 6642 6614
6614 6643 6620
6620 6643 6641
6643 6636 6641
6614 6642 6643
6642 6636 6643
6644 6645 6646
6646 6647 6644
6646 6645 6648
6648 6645 6649
6650 6647 6646
6651 6647 6650
6649 6652 6648
6653 6652 6649
6648 6654 6646
6646 6654 6650
6650 6655 6651
6651 6655 6656
6657 6652 6653
6653 6658 6657
6648 6652 6659
6659 6654 6648
6659 6652 6657
6650 6654 6660
6660 6655 6650
6660 6654 6659
6656 6655 6661
6661 6655 6660
6661 6662 6656
6659 6663 6660
6657 6663 6659
6660 6663 6661
6657 6658 6664
6664 6663 6657
6661 6663 6664
6664 6662 6661
6664 6658 6665
6665 6662 6664
6666 6667 6668
6668 6667 6669
6668 6670 6666
6666 6670 6671
6671 6670 6672
6672 6673 6671
6674 6673 6672
6675 6670 6668
6672 6670 6675
6669 6676 6668
6668 6676 6675
6672 6677 6674
6675 6677 6672
6678 6676 6669
6669 6679 6678
6678 6679 6680
6675 6676 6681
6681 6677 6675
6681 6676 6678
6674 6677 6682
6682 6677 6681
6682 6683 6674
6684 6683 6682
6684 6685 6680
6680 6685 6678
6678 6685 6681
6681 6685 6682
6682 6685 6684
6686 6687 6688
6686 6688 6689
6690 6687 6686
6689 6691 6686
6689 6692 6691
6692 6693 6691
6691 6693 6694
6695 6691 6694
6690 6686 6696
6696 6686 6691
6696 6691 6695
6697 6690 6696
6698 6696 6695
6697 6696 6699
6698 6699 6696
6699 6700 6697
6701 6699 6698
6699 6702 6700
6701 6702 6699
6703 6704 6705
6706 6703 6705
6704 6707 6705
6707 6704 6708
6706 6705 6709
6710 6706 6709
6707 6708 6711
6711 6708 6712
6711 6712 6713
6711 6713 6714
6711 6714 6715
6715 6707 6711
6715 6716 6707
6707 6716 6717
6705 6707 6717
6716 6718 6717
6717 6718 6719
6705 6717 6720
6705 6720 6709
6717 6719 6720
6710 6709 6721
6720 6721 6709
6719 6722 6720
6720 6722 6721
6719 6723 6722
6721 6724 6710
6722 6724 6721
6724 6725 6710
6726 6725 6724
6727 6722 6723
6722 6727 6724
6727 6723 6728
6729 6727 6728
6730 6726 6724
6730 6724 6727
6729 6730 6727
6731 6726 6730
6732 6730 6729
6731 6730 6733
6732 6733 6730
6734 6731 6733
6733 6732 6735
6734 6733 6736
6733 6735 6736
6737 6738 6739
6737 6739 6740
6739 6741 6740
6739 6742 6741
6738 6743 6739
6742 6739 6743
6738 6744 6743
6742 6743 6745
6743 6744 6746
6744 6747 6746
6746 6747 6748
6749 6746 6748
6750 6746 6749
6745 6743 6751
6743 6746 6751
6750 6751 6746
6745 6751 6752
6751 6750 6753
6751 6753 6752
6754 6755 6756
6757 6755 6754
6754 6756 6758
6759 6758 6756
6757 6754 6760
6761 6757 6760
6758 6762 6754
6760 6754 6762
6761 6760 6763
6763 6764 6761
6763 6765 6764
6766 6765 6763
6766 6763 6767
6767 6763 6760
6767 6760 6768
6760 6762 6768
6768 6762 6769
6762 6770 6769
6758 6771 6762
6771 6770 6762
6772 6771 6758
6759 6772 6758
6770 6771 6773
6772 6773 6771
6770 6773 6774
6774 6773 6775
6775 6773 6772
6774 6775 6776
6776 6775 6777
6778 6772 6759
6775 6772 6778
6778 6759 6779
6780 6778 6779
6777 6775 6781
6775 6778 6781
6781 6778 6780
6781 6782 6777
6783 6781 6780
6781 6784 6782
6783 6784 6781
6784 6785 6782
6784 6783 6786
6784 6787 6785
6784 6786 6787
6788 6789 6790
6789 6791 6790
6792 6789 6788
6792 6788 6793
6792 6794 6789
6789 6794 6795
6789 6795 6791
6791 6795 6796
6797 6792 6793
6795 6798 6796
6799 6792 6797
6799 6794 6792
6799 6797 6800
6801 6799 6800
6795 6802 6798
6795 6794 6802
6798 6802 6803
6802 6804 6803
6805 6799 6801
6805 6794 6799
6805 6801 6806
6807 6805 6806
6802 6808 6804
6802 6794 6808
6804 6808 6809
6808 6810 6809
6811 6805 6807
6811 6794 6805
6811 6807 6812
6813 6811 6812
6808 6814 6810
6808 6794 6814
6814 6794 6811
6814 6811 6813
6810 6814 6815
6814 6813 6815
6816 6817 6818
6817 6819 6818
6820 6817 6816
6820 6816 6821
6820 6822 6817
6817 6822 6823
6817 6823 6819
6819 6823 6824
6825 6820 6821
6823 6826 6824
6827 6820 6825
6827 6822 6820
6827 6825 6828
6829 6827 6828
6823 6830 6826
6823 6822 6830
6826 6830 6831
6830 6832 6831
6833 6827 6829
6833 6822 6827
6833 6829 6834
6835 6833 6834
6830 6836 6832
6830 6822 6836
6832 6836 6837
6836 6838 6837
6839 6833 6835
6839 6822 6833
6839 6835 6840
6841 6839 6840
6836 6842 6838
6836 6822 6842
6842 6822 6839
6842 6839 6841
6838 6842 6843
6842 6841 6843
6844 6845 6846
6845 6847 6846
6848 6845 6844
6848 6844 6849
6848 6850 6845
6845 6850 6851
6845 6851 6847
6847 6851 6852
6853 6848 6849
6851 6854 6852
6855 6848 6853
6855 6850 6848
6855 6853 6856
6857 6855 6856
6851 6858 6854
6851 6850 6858
6854 6858 6859
6858 6860 6859
6861 6855 6857
6861 6850 6855
6861 6857 6862
6863 6861 6862
6858 6864 6860
6858 6850 6864
6860 6864 6865
6864 6866 6865
6867 6861 6863
6867 6850 6861
6867 6863 6868
6869 6867 6868
6864 6870 6866
6864 6850 6870
6870 6850 6867
6870 6867 6869
6866 6870 6871
6870 6869 6871
6872 6873 6874
6873 6875 6874
6876 6873 6872
6876 6872 6877
6876 6878 6873
6873 6878 6879
6873 6879 6875
6875 6879 6880
6881 6876 6877
6879 6882 6880
6883 6876 6881
6883 6878 6876
6883 6881 6884
6885 6883 6884
6879 6886 6882
6879 6878 6886
6882 6886 6887
6886 6888 6887
6889 6883 6885
6889 6878 6883
6889 6885 6890
6891 6889 6890
6886 6892 6888
6886 6878 6892
6888 6892 6893
6892 6894 6893
6895 6889 6891
6895 6878 6889
6895 6891 6896
6897 6895 6896
6892 6898 6894
6892 6878 6898
6898 6878 6895
6898 6895 6897
6894 6898 6899
6898 6897 6899
6900 6901 6902
6901 6903 6902
6904 6901 6900
6904 6900 6905
6904 6906 6901
6901 6906 6907
6901 6907 6903
6903 6907 6908
6909 6904 6905
6907 6910 6908
6911 6904 6909
6911 6906 6904
6911 6909 6912
6913 6911 6912
6907 6914 6910
6907 6906 6914
6910 6914 6915
6914 6916 6915
6917 6911 6913
6917 6906 6911
6917 6913 6918
6919 6917 6918
6914 6920 6916
6914 6906 6920
6916 6920 6921
6920 6922 6921
6923 6917 6919
6923 6906 6917
6923 6919 6924
6925 6923 6924
6920 6926 6922
6920 6906 6926
6926 6906 6923
6926 6923 6925
6922 6926 6927
6926 6925 6927
6928 6929 6930
6931 6929 6928
6930 6929 6932
6933 6929 6931
6932 6929 6934
6935 6929 6933
6934 6929 6936
6937 6929 6935
6936 6929 6937
6938 6939 6940
6938 6941 6939
6938 6940 6942
6943 6942 6940
6938 6944 6941
6944 6945 6941
6943 6946 6942
6947 6946 6943
6942 6948 6938
6944 6938 6948
6944 6949 6945
6949 6950 6945
6947 6951 6946
6952 6946 6951
6953 6951 6947
6953 6954 6951
6954 6952 6951
6955 6954 6953
6942 6946 6956
6952 6956 6946
6955 6957 6954
6958 6957 6955
6958 6959 6957
6957 6959 6960
6957 6961 6954
6954 6961 6952
6957 6960 6962
6957 6962 6961
6962 6960 6963
6962 6963 6964
6964 6961 6962
6965 6964 6963
6965 6966 6964
6964 6967 6961
6966 6967 6964
6952 6961 6967
6966 6968 6967
6968 6969 6967
6952 6967 6969
6968 6970 6969
6971 6969 6970
6972 6952 6969
6971 6972 6969
6972 6956 6952
6971 6973 6972
6973 6956 6972
6971 6974 6973
6973 6975 6956
6942 6956 6975
6942 6975 6948
6948 6975 6973
6974 6976 6973
6948 6973 6976
6974 6977 6976
6978 6948 6976
6944 6948 6978
6949 6944 6978
6977 6979 6976
6978 6976 6979
6977 6980 6979
6981 6979 6980
6949 6978 6982
6982 6978 6979
6981 6983 6979
6982 6979 6983
6984 6983 6981
6982 6985 6949
6949 6985 6950
6984 6986 6983
6986 6984 6987
6983 6988 6982
6982 6988 6985
6983 6986 6988
6989 6950 6985
6988 6989 6985
6989 6990 6950
6990 6989 6991
6992 6991 6989
6988 6993 6989
6992 6989 6993
6993 6988 6986
6993 6994 6992
6986 6987 6995
6993 6986 6995
6994 6993 6995
6996 6995 6987
6994 6995 6996
6997 6998 6999
6997 7000 6998
7001 6999 6998
7002 6998 7000
7002 7000 7003
7004 7002 7003
7004 7005 7002
7006 7005 7004
7006 7007 7005
7008 7005 7007
6998 7002 7009
7009 7002 7005
7008 7010 7005
7009 7005 7010
7011 7010 7008
7001 6998 7012
6998 7009 7012
7013 7001 7012
7013 7012 7009
7013 7014 7001
7015 7014 7013
7016 7009 7010
7013 7009 7016
7015 7013 7017
7016 7017 7013
7018 7015 7017
7011 7019 7010
7016 7010 7019
7016 7020 7017
7020 7016 7019
7021 7019 7011
7020 7019 7021
7021 7011 7022
7022 7023 7021
7020 7021 7023
7022 7024 7023
7025 7023 7024
7018 7017 7026
7026 7017 7020
7025 7027 7023
7027 7025 7028
7020 7023 7029
7026 7020 7029
7027 7029 7023
7030 7018 7026
7030 7031 7018
7030 7032 7031
7033 7026 7029
7027 7033 7029
7033 7030 7026
7027 7028 7034
7033 7027 7034
7035 7030 7033
7033 7034 7035
7030 7036 7032
7035 7036 7030
7028 7037 7034
7028 7038 7037
7039 7037 7038
7039 7038 7040
7039 7040 7041
7034 7042 7035
7036 7035 7042
7034 7037 7042
7032 7036 7043
7036 7042 7043
7032 7043 7044
7039 7041 7045
7045 7041 7046
7047 7044 7043
7047 7048 7044
7047 7049 7048
7047 7050 7049
7051 7049 7050
7047 7052 7050
7053 7052 7047
7053 7047 7043
7054 7053 7043
7054 7043 7042
7042 7055 7054
7037 7055 7042
7037 7056 7055
7056 7037 7039
7056 7039 7057
7039 7058 7057
7039 7045 7058
7058 7045 7059
7060 7059 7045
7045 7046 7060
7046 7061 7060
7061 7059 7060
7046 7062 7061
7059 7061 7063
7063 7061 7062
7063 7062 7064
7059 7063 7065
7051 7063 7064
7065 7063 7066
7051 7066 7063
7050 7065 7066
7051 7050 7066
7067 7068 7069
7067 7069 7070
7067 7070 7071
7072 7068 7067
7067 7071 7073
7073 7071 7074
7072 7067 7075
7075 7067 7073
7073 7074 7076
7076 7074 7077
7076 7077 7078
7076 7078 7079
7073 7076 7080
7076 7079 7080
7081 7072 7075
7081 7082 7072
7075 7073 7083
7073 7080 7083
7075 7083 7084
7084 7083 7080
7075 7084 7081
7081 7084 7085
7079 7086 7080
7084 7080 7086
7086 7085 7084
7079 7087 7086
7082 7081 7088
7081 7085 7088
7082 7088 7089
7090 7086 7087
7086 7090 7085
7090 7087 7091
7090 7091 7092
7093 7089 7088
7085 7093 7088
7093 7094 7089
7095 7094 7093
7090 7092 7096
7085 7090 7096
7096 7092 7097
7095 7093 7098
7099 7095 7098
7085 7100 7093
7085 7096 7100
7098 7093 7100
7096 7097 7101
7100 7096 7101
7101 7097 7102
7098 7100 7103
7100 7101 7103
7099 7098 7104
7104 7098 7103
7101 7102 7105
7105 7103 7101
7099 7104 7106
7099 7106 7107
7104 7103 7108
7105 7108 7103
7104 7108 7109
7105 7109 7108
7104 7109 7106
7102 7110 7105
7105 7110 7109
7102 7111 7110
7112 7110 7111
7112 7111 7113
7112 7113 7114
7107 7106 7115
7107 7115 7116
7115 7117 7116
7115 7118 7117
7118 7119 7117
7115 7120 7118
7121 7120 7115
7121 7115 7106
7122 7121 7106
7122 7106 7109
7109 7123 7122
7123 7109 7110
7123 7110 7124
7124 7110 7112
7124 7112 7125
7126 7125 7112
7118 7127 7119
7127 7118 7128
7127 7129 7119
7126 7112 7130
7112 7114 7130
7126 7130 7131
7132 7127 7128
7127 7132 7129
7131 7132 7128
7133 7129 7132
7114 7134 7130
7130 7134 7131
7135 7134 7114
7136 7135 7133
7133 7132 7136
7131 7136 7132
7136 7134 7135
7131 7134 7136
7137 7138 7139
7140 7139 7138
7137 7141 7138
7141 7137 7142
7141 7142 7143
7143 7142 7144
7143 7144 7145
7146 7143 7145
7146 7145 7147
7148 7141 7143
7148 7143 7146
7147 7149 7146
7147 7150 7149
7151 7149 7150
7151 7152 7149
7149 7152 7153
7146 7149 7154
7146 7154 7148
7149 7153 7154
7141 7148 7155
7154 7155 7148
7141 7155 7138
7138 7155 7156
7157 7154 7153
7154 7157 7155
7156 7155 7157
7157 7153 7158
7159 7157 7158
7156 7157 7159
7159 7158 7160
7161 7159 7160
7156 7159 7161
7161 7160 7162
7162 7163 7161
7162 7164 7163
7163 7164 7165
7138 7156 7166
7140 7138 7166
7140 7166 7167
7156 7167 7166
7140 7167 7168
7156 7161 7169
7156 7169 7167
7169 7161 7163
7168 7167 7170
7169 7170 7167
7168 7170 7171
7163 7165 7172
7172 7165 7173
7169 7163 7174
7169 7174 7170
7172 7174 7163
7175 7171 7170
7175 7170 7174
7175 7176 7171
7175 7177 7176
7172 7173 7178
7179 7178 7173
7172 7180 7174
7175 7174 7180
7180 7172 7178
7175 7181 7177
7181 7175 7180
7182 7177 7181
7181 7180 7183
7180 7178 7183
7179 7184 7178
7184 7179 7185
7182 7181 7186
7183 7186 7181
7178 7187 7183
7178 7184 7187
7183 7187 7186
7184 7185 7188
7187 7184 7188
7189 7188 7185
7188 7189 7190
7187 7188 7191
7188 7190 7191
7191 7186 7187
7191 7190 7192
7182 7186 7193
7191 7193 7186
7193 7191 7192
7182 7193 7194
7193 7192 7195
7194 7193 7195
7196 7197 7198
7199 7196 7198
7199 7200 7196
7196 7200 7201
7196 7201 7202
7203 7196 7202
7202 7201 7204
7202 7204 7205
7205 7203 7202
7206 7205 7204
7196 7207 7197
7203 7207 7196
7197 7207 7208
7208 7207 7203
7197 7208 7209
7208 7210 7209
7208 7211 7210
7212 7211 7208
7212 7208 7213
7208 7203 7213
7213 7214 7212
7213 7215 7214
7215 7213 7203
7215 7216 7214
7215 7203 7217
7205 7217 7203
7215 7218 7216
7217 7218 7215
7218 7219 7216
7220 7217 7205
7217 7220 7218
7218 7221 7219
7220 7221 7218
7221 7222 7219
7220 7205 7223
7206 7223 7205
7223 7206 7224
7223 7224 7225
7220 7223 7225
7226 7225 7224
7220 7227 7221
7220 7225 7227
7221 7228 7222
7228 7221 7227
7226 7229 7225
7229 7227 7225
7222 7228 7230
7222 7230 7231
7228 7227 7232
7229 7232 7227
7232 7230 7228
7233 7229 7226
7233 7226 7234
7235 7232 7229
7232 7235 7230
7235 7229 7233
7236 7231 7230
7236 7237 7231
7238 7230 7235
7238 7235 7233
7238 7236 7230
7234 7239 7233
7238 7233 7239
7234 7240 7239
7241 7237 7236
7241 7242 7237
7241 7243 7242
7244 7239 7240
7244 7240 7245
7246 7244 7245
7241 7247 7243
7248 7243 7247
7241 7249 7247
7248 7247 7250
7251 7249 7241
7251 7241 7236
7250 7252 7248
7253 7251 7236
7253 7236 7238
7238 7254 7253
7239 7254 7238
7239 7255 7254
7255 7239 7244
7255 7244 7256
7257 7256 7244
7257 7244 7246
7252 7250 7258
7258 7257 7246
7252 7258 7259
7258 7246 7260
7259 7258 7260
7261 7262 7263
7263 7262 7264
7263 7264 7265
7263 7265 7266
7261 7263 7267
7268 7261 7267
7268 7267 7269
7267 7270 7269
7263 7266 7271
7271 7267 7263
7271 7266 7272
7271 7272 7273
7267 7274 7270
7271 7274 7267
7273 7274 7271
7275 7270 7274
7273 7276 7274
7275 7274 7276
7277 7278 7279
7280 7278 7277
7280 7277 7281
7277 7279 7282
7277 7282 7283
7282 7279 7284
7282 7284 7285
7283 7282 7285
7283 7285 7286
7283 7286 7287
7283 7287 7288
7283 7288 7289
7290 7281 7277
7277 7283 7290
7283 7289 7290
7290 7291 7281
7290 7289 7292
7290 7292 7291
7293 7294 7295
7296 7295 7294
7296 7297 7295
7293 7295 7298
7299 7293 7298
7299 7298 7300
7301 7295 7297
7298 7295 7301
7301 7297 7302
7301 7302 7303
7301 7303 7304
7300 7298 7305
7298 7301 7305
7304 7305 7301
7300 7305 7306
7304 7307 7305
7305 7308 7306
7305 7307 7308
7309 7310 7311
7309 7311 7312
7309 7313 7310
7314 7310 7313
7309 7312 7315
7316 7315 7312
7314 7313 7317
7318 7314 7317
7316 7319 7315
7320 7319 7316
7321 7319 7320
7321 7322 7319
7315 7319 7322
7322 7321 7323
7324 7309 7315
7315 7322 7324
7313 7309 7325
7324 7325 7309
7323 7326 7322
7323 7327 7326
7328 7326 7327
7326 7328 7329
7330 7324 7322
7330 7322 7326
7326 7329 7330
7325 7324 7330
7331 7330 7329
7325 7330 7331
7331 7329 7332
7313 7325 7333
7331 7333 7325
7317 7313 7333
7332 7334 7331
7331 7334 7333
7332 7335 7334
7336 7334 7335
7317 7333 7337
7334 7337 7333
7336 7338 7334
7334 7338 7337
7338 7336 7339
7338 7339 7340
7337 7338 7340
7341 7340 7339
7342 7317 7337
7318 7317 7342
7343 7318 7342
7342 7337 7344
7337 7340 7344
7341 7345 7340
7345 7341 7346
7343 7342 7347
7344 7347 7342
7340 7348 7344
7340 7345 7348
7344 7348 7347
7345 7346 7349
7349 7346 7350
7345 7351 7348
7351 7347 7348
7345 7349 7351
7343 7347 7352
7351 7352 7347
7343 7352 7353
7354 7353 7352
7354 7352 7355
7355 7352 7351
7356 7354 7355
7349 7350 7357
7358 7357 7350
7349 7359 7351
7355 7351 7359
7349 7357 7359
7356 7355 7360
7359 7360 7355
7361 7356 7360
7361 7360 7362
7358 7363 7357
7363 7359 7357
7364 7363 7358
7364 7365 7363
7362 7360 7366
7359 7366 7360
7363 7366 7359
7366 7363 7365
7362 7366 7367
7366 7365 7367
7368 7369 7370
7368 7371 7369
7368 7372 7371
7368 7370 7373
7373 7370 7374
7373 7374 7375
7375 7376 7373
7368 7373 7376
7375 7377 7376
7376 7377 7378
7376 7378 7379
7380 7372 7368
7368 7376 7380
7379 7380 7376
7380 7381 7372
7379 7382 7380
7380 7383 7381
7380 7382 7383
7384 7385 7386
7387 7386 7385
7387 7388 7386
7384 7386 7389
7389 7390 7384
7389 7391 7390
7392 7386 7388
7392 7389 7386
7392 7388 7393
7394 7392 7393
7394 7395 7392
7396 7391 7389
7392 7396 7389
7395 7396 7392
7396 7397 7391
7395 7398 7396
7399 7397 7396
7399 7396 7398
7400 7401 7402
7403 7401 7400
7402 7401 7404
7405 7401 7403
7404 7401 7406
7407 7401 7405
7406 7401 7408
7409 7401 7407
7408 7401 7409
7410 7411 7412
7411 7413 7412
7414 7411 7410
7414 7410 7415
7414 7416 7411
7411 7416 7417
7411 7417 7413
7413 7417 7418
7419 7414 7415
7417 7420 7418
7421 7414 7419
7421 7416 7414
7421 7419 7422
7423 7421 7422
7417 7424 7420
7417 7416 7424
7420 7424 7425
7424 7426 7425
7427 7421 7423
7427 7416 7421
7427 7423 7428
7429 7427 7428
7424 7430 7426
7424 7416 7430
7426 7430 7431
7430 7432 7431
7433 7427 7429
7433 7416 7427
7433 7429 7434
7435 7433 7434
7430 7436 7432
7430 7416 7436
7436 7416 7433
7436 7433 7435
7432 7436 7437
7436 7435 7437
7438 7439 7440
7441 7439 7438
7440 7439 7442
7443 7439 7441
7442 7439 7444
7445 7439 7443
7444 7439 7446
7447 7439 7445
7446 7439 7447
7448 7449 7450
7449 7451 7450
7452 7449 7448
7452 7448 7453
7452 7454 7449
7449 7454 7455
7449 7455 7451
7451 7455 7456
7457 7452 7453
7455 7458 7456
7459 7452 7457
7459 7454 7452
7459 7457 7460
7461 7459 7460
7455 7462 7458
7455 7454 7462
7458 7462 7463
7462 7464 7463
7465 7459 7461
7465 7454 7459
7465 7461 7466
7467 7465 7466
7462 7468 7464
7462 7454 7468
7464 7468 7469
7468 7470 7469
7471 7465 7467
7471 7454 7465
7471 7467 7472
7473 7471 7472
7468 7474 7470
7468 7454 7474
7474 7454 7471
7474 7471 7473
7470 7474 7475
7474 7473 7475
7476 7477 7478
7479 7477 7476
7479 7476 7480
7481 7479 7480
7476 7478 7482
7480 7476 7482
7480 7482 7483
7484 7480 7483
7481 7480 7485
7484 7485 7480
7486 7481 7485
7486 7485 7484
7486 7487 7481
7486 7484 7488
7489 7487 7486
7489 7486 7488
7490 7478 7491
7490 7492 7478
7493 7490 7491
7494 7492 7490
7493 7494 7490
7494 7495 7492
7496 7494 7493
7497 7495 7494
7496 7498 7494
7497 7494 7498
7499 7498 7496
7499 7497 7498
7499 7496 7500
7489 7499 7500
7499 7501 7497
7489 7501 7499
7502 7503 7504
7502 7504 7505
7502 7506 7503
7503 7506 7507
7506 7508 7507
7508 7506 7509
7506 7510 7509
7511 7510 7506
7511 7506 7502
7511 7512 7510
7513 7512 7511
7514 7512 7513
7514 7513 7515
7513 7516 7515
7516 7517 7515
7502 7505 7518
7516 7502 7518
7516 7518 7517
7505 7519 7518
7518 7520 7517
7518 7519 7521
7521 7520 7518
7522 7523 7524
7524 7525 7522
7524 7523 7526
7526 7523 7527
7528 7525 7524
7529 7525 7528
7527 7530 7526
7531 7530 7527
7526 7532 7524
7524 7532 7528
7528 7533 7529
7529 7533 7534
7535 7530 7531
7531 7536 7535
7526 7530 7537
7537 7532 7526
7537 7530 7535
7528 7532 7538
7538 7533 7528
7538 7532 7537
7534 7533 7539
7539 7533 7538
7539 7540 7534
7537 7541 7538
7535 7541 7537
7538 7541 7539
7535 7536 7542
7542 7541 7535
7539 7541 7542
7542 7540 7539
7542 7536 7543
7543 7540 7542
7544 7545 7546
7546 7545 7547
7546 7548 7544
7544 7548 7549
7549 7548 7550
7550 7551 7549
7552 7551 7550
7553 7548 7546
7550 7548 7553
7547 7554 7546
7546 7554 7553
7550 7555 7552
7553 7555 7550
7556 7554 7547
7547 7557 7556
7556 7557 7558
7553 7554 7559
7559 7555 7553
7559 7554 7556
7552 7555 7560
7560 7555 7559
7560 7561 7552
7562 7561 7560
7562 7563 7558
7558 7563 7556
7556 7563 7559
7559 7563 7560
7560 7563 7562
7564 7565 7566
7566 7565 7567
7566 7568 7564
7564 7568 7569
7569 7568 7570
7570 7571 7569
7572 7571 7570
7573 7568 7566
7570 7568 7573
7567 7574 7566
7566 7574 7573
7570 7575 7572
7573 7575 7570
7576 7574 7567
7567 7577 7576
7576 7577 7578
7573 7574 7579
7579 7575 7573
7579 7574 7576
7572 7575 7580
7580 7575 7579
7580 7581 7572
7582 7581 7580
7582 7583 7578
7578 7583 7576
7576 7583 7579
7579 7583 7580
7580 7583 7582
7584 7585 7586
7586 7587 7584
7586 7585 7588
7588 7585 7589
7590 7587 7586
7591 7587 7590
7589 7592 7588
7593 7592 7589
7588 7594 7586
7586 7594 7590
7590 7595 7591
7591 7595 7596
7597 7592 7593
7593 7598 7597
7588 7592 7599
7599 7594 7588
7599 7592 7597
7590 7594 7600
7600 7595 7590
7600 7594 7599
7596 7595 7601
7601 7595 7600
7601 7602 7596
7599 7603 7600
7597 7603 7599
7600 7603 7601
7597 7598 7604
7604 7603 7597
7601 7603 7604
7604 7602 7601
7604 7598 7605
7605 7602 7604
7606 7607 7608
7608 7607 7609
7608 7610 7606
7606 7610 7611
7611 7610 7612
7612 7613 7611
7614 7613 7612
7615 7610 7608
7612 7610 7615
7609 7616 7608
7608 7616 7615
7612 7617 7614
7615 7617 7612
7618 7616 7609
7609 7619 7618
7618 7619 7620
7615 7616 7621
7621 7617 7615
7621 7616 7618
7614 7617 7622
7622 7617 7621
7622 7623 7614
7624 7623 7622
7624 7625 7620
7620 7625 7618
7618 7625 7621
7621 7625 7622
7622 7625 7624
7626 7627 7628
7628 7629 7626
7628 7627 7630
7630 7627 7631
7632 7629 7628
7633 7629 7632
7631 7634 7630
7635 7634 7631
7630 7636 7628
7628 7636 7632
7632 7637 7633
7633 7637 7638
7639 7634 7635
7635 7640 7639
7630 7634 7641
7641 7636 7630
7641 7634 7639
7632 7636 7642
7642 7637 7632
7642 7636 7641
7638 7637 7643
7643 7637 7642
7643 7644 7638
7641 7645 7642
7639 7645 7641
7642 7645 7643
7639 7640 7646
7646 7645 7639
7643 7645 7646
7646 7644 7643
7646 7640 7647
7647 7644 7646
7648 7649 7650
7650 7649 7651
7650 7652 7648
7648 7652 7653
7653 7652 7654
7654 7655 7653
7656 7655 7654
7657 7652 7650
7654 7652 7657
7651 7658 7650
7650 7658 7657
7654 7659 7656
7657 7659 7654
7660 7658 7651
7651 7661 7660
7660 7661 7662
7657 7658 7663
7663 7659 7657
7663 7658 7660
7656 7659 7664
7664 7659 7663
7664 7665 7656
7666 7665 7664
7666 7667 7662
7662 7667 7660
7660 7667 7663
7663 7667 7664
7664 7667 7666
7668 7669 7670
7671 7670 7669
7668 7672 7669
7673 7672 7668
7673 7674 7672
7674 7675 7672
7674 7676 7675
7675 7676 7677
7672 7678 7669
7672 7675 7678
7679 7669 7678
7679 7678 7675
7671 7669 7680
7669 7679 7680
7681 7671 7680
7679 7681 7680
7681 7682 7671
7675 7677 7683
7679 7675 7683
7683 7677 7684
7684 7679 7683
7677 7685 7684
7679 7686 7681
7684 7686 7679
7687 7682 7681
7686 7687 7681
7687 7688 7682
7684 7685 7689
7684 7689 7686
7685 7690 7689
7689 7690 7691
7692 7688 7687
7686 7692 7687
7689 7692 7686
7692 7691 7688
7689 7691 7692
7693 7694 7695
7695 7694 7696
7693 7695 7697
7695 7696 7698
7699 7693 7697
7698 7696 7700
7699 7697 7701
7702 7699 7701
7701 7697 7703
7698 7700 7704
7704 7703 7698
7704 7700 7705
7701 7703 7706
7704 7706 7703
7707 7701 7706
7704 7707 7706
7702 7701 7708
7707 7708 7701
7704 7705 7709
7704 7709 7707
7705 7710 7709
7710 7707 7709
7705 7711 7710
7712 7710 7711
7713 7702 7708
7713 7714 7702
7715 7714 7713
7716 7708 7707
7710 7716 7707
7716 7713 7708
7712 7717 7710
7717 7716 7710
7713 7716 7717
7715 7713 7717
7712 7718 7717
7715 7717 7718
7719 7720 7721
7721 7722 7719
7721 7720 7723
7723 7720 7724
7725 7722 7721
7726 7722 7725
7724 7727 7723
7728 7727 7724
7723 7729 7721
7721 7729 7725
7725 7730 7726
7726 7730 7731
7732 7727 7728
7728 7733 7732
7723 7727 7734
7734 7729 7723
7734 7727 7732
7725 7729 7735
7735 7730 7725
7735 7729 7734
7731 7730 7736
7736 7730 7735
7736 7737 7731
7734 7738 7735
7732 7738 7734
7735 7738 7736
7732 7733 7739
7739 7738 7732
7736 7738 7739
7739 7737 7736
7739 7733 7740
7740 7737 7739
7741 7742 7743
7743 7742 7744
7743 7745 7741
7741 7745 7746
7746 7745 7747
7747 7748 7746
7749 7748 7747
7750 7745 7743
7747 7745 7750
7744 7751 7743
7743 7751 7750
7747 7752 7749
7750 7752 7747
7753 7751 7744
7744 7754 7753
7753 7754 7755
7750 7751 7756
7756 7752 7750
7756 7751 7753
7749 7752 7757
7757 7752 7756
7757 7758 7749
7759 7758 7757
7759 7760 7755
7755 7760 7753
7753 7760 7756
7756 7760 7757
7757 7760 7759
7761 7762 7763
7763 7764 7761
7763 7762 7765
7765 7762 7766
7767 7764 7763
7768 7764 7767
7766 7769 7765
7770 7769 7766
7765 7771 7763
7763 7771 7767
7767 7772 7768
7768 7772 7773
7774 7769 7770
7770 7775 7774
7765 7769 7776
7776 7771 7765
7776 7769 7774
7767 7771 7777
7777 7772 7767
7777 7771 7776
7773 7772 7778
7778 7772 7777
7778 7779 7773
7776 7780 7777
7774 7780 7776
7777 7780 7778
7774 7775 7781
7781 7780 7774
7778 7780 7781
7781 7779 7778
7781 7775 7782
7782 7779 7781
7783 7784 7785
7785 7784 7786
7785 7787 7783
7783 7787 7788
7788 7787 7789
7789 7790 7788
7791 7790 7789
7792 7787 7785
7789 7787 7792
7786 7793 7785
7785 7793 7792
7789 7794 7791
7792 7794 7789
7795 7793 7786
7786 7796 7795
7795 7796 7797
7792 7793 7798
7798 7794 7792
7798 7793 7795
7791 7794 7799
7799 7794 7798
7799 7800 7791
7801 7800 7799
7801 7802 7797
7797 7802 7795
7795 7802 7798
7798 7802 7799
7799 7802 7801
7803 7804 7805
7806 7804 7803
7803 7805 7807
7807 7805 7808
7806 7803 7809
7810 7806 7809
7810 7811 7806
7812 7811 7810
7812 7810 7813
7803 7814 7809
7815 7810 7809
7815 7809 7814
7803 7816 7814
7816 7803 7807
7810 7817 7813
7810 7815 7817
7818 7815 7814
7816 7818 7814
7807 7808 7819
7816 7807 7820
7820 7807 7819
7808 7821 7819
7808 7822 7821
7821 7822 7823
7821 7823 7824
7821 7825 7819
7820 7819 7825
7826 7821 7824
7821 7826 7825
7826 7824 7827
7826 7827 7828
7826 7828 7829
7829 7825 7826
7829 7830 7825
7830 7820 7825
7830 7831 7820
7816 7820 7832
7820 7831 7832
7831 7833 7832
7816 7832 7818
7832 7833 7834
7832 7834 7818
7834 7835 7818
7834 7836 7835
7818 7835 7815
7835 7836 7837
7815 7835 7838
7835 7837 7838
7815 7838 7817
7837 7839 7838
7837 7840 7839
7838 7841 7817
7838 7839 7841
7813 7817 7841
7840 7842 7839
7840 7843 7842
7844 7842 7843
7839 7842 7845
7839 7845 7841
7813 7841 7846
7847 7813 7846
7847 7846 7848
7841 7849 7846
7849 7848 7846
7841 7845 7849
7849 7850 7848
7851 7850 7849
7845 7851 7849
7852 7845 7842
7845 7852 7851
7844 7852 7842
7853 7851 7852
7854 7852 7844
7853 7852 7854
7854 7844 7855
7856 7853 7854
7857 7854 7855
7856 7854 7858
7857 7858 7854
7859 7856 7858
7858 7857 7860
7859 7858 7861
7858 7860 7861
7862 7863 7864
7865 7864 7863
7865 7866 7864
7862 7864 7867
7868 7864 7866
7869 7867 7864
7868 7869 7864
7869 7870 7867
7869 7868 7871
7872 7870 7869
7869 7871 7872
7872 7873 7870
7874 7872 7871
7873 7872 7874
7875 7876 7877
7875 7877 7878
7879 7877 7876
7880 7878 7877
7879 7881 7877
7880 7877 7882
7882 7877 7881
7882 7883 7880
7882 7881 7884
7882 7885 7883
7885 7882 7884
7886 7883 7885
7885 7884 7887
7887 7886 7885
7888 7889 7890
7890 7891 7888
7890 7889 7892
7892 7889 7893
7894 7891 7890
7895 7891 7894
7893 7896 7892
7897 7896 7893
7892 7898 7890
7890 7898 7894
7894 7899 7895
7895 7899 7900
7901 7896 7897
7897 7902 7901
7892 7896 7903
7903 7898 7892
7903 7896 7901
7894 7898 7904
7904 7899 7894
7904 7898 7903
7900 7899 7905
7905 7899 7904
7905 7906 7900
7903 7907 7904
7901 7907 7903
7904 7907 7905
7901 7902 7908
7908 7907 7901
7905 7907 7908
7908 7906 7905
7908 7902 7909
7909 7906 7908
7910 7911 7912
7912 7911 7913
7912 7914 7910
7910 7914 7915
7915 7914 7916
7916 7917 7915
7918 7917 7916
7919 7914 7912
7916 7914 7919
7913 7920 7912
7912 7920 7919
7916 7921 7918
7919 7921 7916
7922 7920 7913
7913 7923 7922
7922 7923 7924
7919 7920 7925
7925 7921 7919
7925 7920 7922
7918 7921 7926
7926 7921 7925
7926 7927 7918
7928 7927 7926
7928 7929 7924
7924 7929 7922
7922 7929 7925
7925 7929 7926
7926 7929 7928
7930 7931 7932
7930 7933 7931
7930 7932 7934
7934 7932 7935
7930 7936 7933
7936 7937 7933
7938 7930 7934
7938 7936 7930
7934 7935 7939
7938 7934 7939
7939 7935 7940
7936 7941 7937
7941 7942 7937
7938 7943 7936
7943 7941 7936
7938 7939 7944
7943 7938 7944
7939 7940 7945
7944 7939 7945
7945 7940 7946
7943 7947 7941
7943 7944 7948
7947 7943 7948
7944 7945 7949
7948 7944 7949
7945 7946 7950
7949 7945 7950
7948 7949 7951
7950 7951 7949
7946 7952 7950
7950 7952 7951
7946 7953 7952
7954 7948 7951
7947 7948 7954
7947 7955 7941
7941 7955 7942
7953 7956 7952
7953 7957 7956
7952 7958 7951
7954 7951 7958
7952 7956 7958
7959 7947 7954
7947 7959 7955
7957 7960 7956
7957 7961 7960
7961 7962 7960
7956 7960 7963
7956 7963 7958
7960 7962 7963
7964 7954 7958
7959 7954 7964
7964 7958 7963
7959 7965 7955
7965 7959 7964
7966 7964 7963
7966 7963 7962
7965 7964 7966
7955 7965 7967
7955 7967 7942
7942 7967 7968
7969 7965 7966
7967 7965 7969
7967 7969 7970
7968 7967 7971
7970 7969 7972
7969 7966 7973
7969 7973 7972
7973 7966 7962
7972 7973 7974
7973 7962 7974
7972 7974 7975
7975 7974 7962
7975 7962 7976
7961 7976 7962
7942 7968 7977
7978 7942 7977
7978 7977 7979
7980 7978 7979
7977 7968 7981
7979 7977 7981
7980 7979 7982
7983 7980 7982
7979 7981 7984
7982 7979 7984
7983 7982 7985
7982 7984 7986
7985 7982 7986
7983 7985 7987
7983 7987 7988
7985 7986 7989
7985 7989 7987
7988 7987 7990
7988 7990 7991
7987 7989 7992
7987 7992 7990
7989 7986 7993
7989 7993 7992
7986 7984 7994
7986 7994 7993
7984 7981 7995
7984 7995 7994
7991 7990 7996
7991 7996 7997
7990 7992 7998
7990 7998 7996
7997 7996 7999
7996 7998 7999
7997 7999 8000
7999 8001 8000
7999 8002 8001
7998 8002 7999
8002 8003 8001
7992 8004 7998
7998 8004 8002
7992 7993 8004
8002 8005 8003
8004 8005 8002
8005 7961 8003
7993 8006 8004
8004 8006 8005
7993 7994 8006
8005 8007 7961
8006 8007 8005
8007 7976 7961
7994 8008 8006
8006 8008 8007
7994 7995 8008
8008 8009 8007
8007 8009 7976
7995 8009 8008
8010 7976 8009
8010 8011 7976
8012 8011 8010
7995 8013 8009
8013 8010 8009
7981 8013 7995
7981 7968 8013
8013 8014 8010
8014 8012 8010
7968 8014 8013
8015 8012 8014
7968 8015 8014
8015 7971 8012
7968 7971 8015
8016 8017 8018
8018 8019 8016
8018 8017 8020
8020 8017 8021
8022 8019 8018
8023 8019 8022
8021 8024 8020
8025 8024 8021
8020 8026 8018
8018 8026 8022
8022 8027 8023
8023 8027 8028
8029 8024 8025
8025 8030 8029
8020 8024 8031
8031 8026 8020
8031 8024 8029
8022 8026 8032
8032 8027 8022
8032 8026 8031
8028 8027 8033
8033 8027 8032
8033 8034 8028
8031 8035 8032
8029 8035 8031
8032 8035 8033
8029 8030 8036
8036 8035 8029
8033 8035 8036
8036 8034 8033
8036 8030 8037
8037 8034 8036
8038 8039 8040
8040 8039 8041
8040 8042 8038
8038 8042 8043
8043 8042 8044
8044 8045 8043
8046 8045 8044
8047 8042 8040
8044 8042 8047
8041 8048 8040
8040 8048 8047
8044 8049 8046
8047 8049 8044
8050 8048 8041
8041 8051 8050
8050 8051 8052
8047 8048 8053
8053 8049 8047
8053 8048 8050
8046 8049 8054
8054 8049 8053
8054 8055 8046
8056 8055 8054
8056 8057 8052
8052 8057 8050
8050 8057 8053
8053 8057 8054
8054 8057 8056
8058 8059 8060
8060 8061 8058
8060 8059 8062
8062 8059 8063
8064 8061 8060
8065 8061 8064
8063 8066 8062
8067 8066 8063
8062 8068 8060
8060 8068 8064
8064 8069 8065
8065 8069 8070
8071 8066 8067
8067 8072 8071
8062 8066 8073
8073 8068 8062
8073 8066 8071
8064 8068 8074
8074 8069 8064
8074 8068 8073
8070 8069 8075
8075 8069 8074
8075 8076 8070
8073 8077 8074
8071 8077 8073
8074 8077 8075
8071 8072 8078
8078 8077 8071
8075 8077 8078
8078 8076 8075
8078 8072 8079
8079 8076 8078
8080 8081 8082
8082 8081 8083
8082 8084 8080
8080 8084 8085
8085 8084 8086
8086 8087 8085
8088 8087 8086
8089 8084 8082
8086 8084 8089
8083 8090 8082
8082 8090 8089
8086 8091 8088
8089 8091 8086
8092 8090 8083
8083 8093 8092
8092 8093 8094
8089 8090 8095
8095 8091 8089
8095 8090 8092
8088 8091 8096
8096 8091 8095
8096 8097 8088
8098 8097 8096
8098 8099 8094
8094 8099 8092
8092 8099 8095
8095 8099 8096
8096 8099 8098
8100 8101 8102
8103 8101 8100
8100 8102 8104
8104 8102 8105
8104 8105 8106
8107 8104 8106
8107 8106 8108
8103 8100 8109
8110 8103 8109
8110 8109 8111
8109 8112 8111
8109 8113 8112
8100 8113 8109
8113 8114 8112
8115 8100 8104
8100 8115 8113
8115 8104 8107
8113 8116 8114
8115 8116 8113
8116 8117 8114
8118 8107 8108
8118 8108 8119
8120 8118 8119
8121 8115 8107
8115 8121 8116
8121 8107 8118
8120 8122 8118
8122 8121 8118
8122 8120 8123
8116 8124 8117
8121 8124 8116
8122 8125 8121
8121 8125 8124
8122 8123 8126
8125 8122 8126
8126 8123 8127
8117 8124 8128
8117 8128 8129
8124 8125 8130
8125 8126 8130
8124 8130 8128
8126 8127 8131
8131 8127 8132
8133 8130 8126
8128 8130 8133
8133 8126 8131
8129 8128 8134
8128 8133 8134
8129 8134 8135
8131 8132 8136
8133 8131 8136
8135 8134 8137
8135 8137 8138
8137 8139 8138
8134 8133 8140
8134 8140 8137
8133 8136 8140
8132 8141 8136
8132 8142 8141
8137 8143 8139
8140 8143 8137
8136 8144 8140
8136 8141 8144
8140 8144 8143
8145 8144 8141
8143 8144 8145
8142 8146 8141
8145 8141 8146
8142 8147 8146
8139 8143 8148
8143 8145 8148
8139 8148 8149
8147 8150 8146
8147 8151 8150
8152 8150 8151
8152 8151 8153
8150 8154 8146
8154 8150 8152
8153 8155 8152
8153 8156 8155
8156 8157 8155
8146 8154 8158
8145 8146 8158
8154 8152 8159
8155 8159 8152
8158 8154 8159
8157 8160 8155
8155 8160 8159
8161 8159 8160
8158 8159 8161
8162 8145 8158
8145 8162 8163
8145 8163 8148
8162 8158 8164
8164 8158 8165
8164 8165 8166
8157 8167 8166
8164 8166 8167
8157 8168 8167
8169 8164 8167
8168 8169 8167
8162 8164 8170
8169 8170 8164
8171 8163 8162
8171 8162 8170
8170 8169 8172
8169 8168 8172
8170 8172 8171
8163 8173 8148
8173 8163 8171
8168 8174 8172
8174 8168 8175
8172 8176 8171
8172 8174 8176
8173 8171 8176
8174 8175 8177
8176 8174 8177
8175 8178 8177
8177 8178 8179
8176 8177 8180
8177 8179 8180
8180 8173 8176
8181 8180 8179
8148 8173 8182
8180 8182 8173
8181 8182 8180
8148 8182 8149
8182 8181 8149
8183 8184 8185
8183 8185 8186
8183 8187 8184
8188 8184 8187
8183 8186 8189
8189 8186 8190
8188 8187 8191
8192 8188 8191
8187 8183 8193
8189 8193 8183
8189 8190 8194
8194 8190 8195
8192 8191 8196
8197 8196 8191
8198 8192 8196
8198 8196 8199
8199 8196 8197
8200 8198 8199
8187 8201 8191
8197 8191 8201
8200 8199 8202
8203 8200 8202
8203 8202 8204
8202 8205 8204
8202 8199 8206
8199 8197 8206
8202 8207 8205
8202 8206 8207
8207 8208 8205
8207 8209 8208
8209 8207 8206
8210 8208 8209
8210 8209 8211
8209 8206 8212
8211 8209 8212
8197 8212 8206
8211 8212 8213
8213 8212 8214
8197 8214 8212
8213 8214 8215
8216 8215 8214
8217 8214 8197
8216 8214 8217
8217 8197 8201
8216 8217 8218
8218 8217 8201
8216 8218 8219
8218 8201 8220
8187 8220 8201
8187 8193 8220
8193 8218 8220
8219 8218 8221
8193 8221 8218
8219 8221 8222
8223 8221 8193
8189 8223 8193
8194 8223 8189
8222 8221 8224
8223 8224 8221
8222 8224 8225
8226 8225 8224
8194 8227 8223
8227 8224 8223
8226 8224 8228
8227 8228 8224
8229 8226 8228
8227 8194 8230
8194 8195 8230
8229 8228 8231
8231 8232 8229
8228 8227 8233
8227 8230 8233
8228 8233 8231
8234 8230 8195
8233 8230 8234
8234 8195 8235
8235 8236 8234
8237 8234 8236
8233 8234 8238
8237 8238 8234
8238 8231 8233
8238 8237 8239
8231 8240 8232
8238 8240 8231
8239 8240 8238
8241 8232 8240
8239 8241 8240
8242 8243 8244
8242 8244 8245
8246 8244 8243
8247 8245 8244
8247 8248 8245
8249 8248 8247
8249 8247 8250
8251 8249 8250
8251 8250 8252
8253 8252 8250
8244 8254 8247
8254 8250 8247
8253 8250 8255
8254 8255 8250
8256 8253 8255
8246 8257 8244
8244 8257 8254
8258 8257 8246
8258 8254 8257
8258 8246 8259
8260 8258 8259
8261 8255 8254
8258 8261 8254
8260 8262 8258
8261 8258 8262
8263 8262 8260
8256 8255 8264
8261 8264 8255
8261 8262 8265
8265 8264 8261
8266 8256 8264
8265 8266 8264
8266 8267 8256
8267 8266 8268
8265 8268 8266
8267 8268 8269
8270 8269 8268
8263 8271 8262
8271 8265 8262
8270 8268 8272
8272 8273 8270
8265 8274 8268
8271 8274 8265
8272 8268 8274
8275 8271 8263
8275 8263 8276
8275 8276 8277
8278 8274 8271
8272 8274 8278
8278 8271 8275
8272 8279 8273
8278 8279 8272
8280 8278 8275
8278 8280 8279
8275 8277 8281
8280 8275 8281
8273 8279 8282
8273 8282 8283
8284 8283 8282
8284 8285 8283
8284 8286 8285
8279 8280 8287
8281 8287 8280
8279 8287 8282
8277 8288 8281
8281 8288 8287
8277 8289 8288
8284 8290 8286
8290 8291 8286
8292 8288 8289
8292 8289 8293
8292 8293 8294
8292 8294 8295
8296 8295 8294
8292 8295 8297
8298 8292 8297
8298 8288 8292
8299 8288 8298
8299 8287 8288
8287 8299 8300
8282 8287 8300
8282 8300 8301
8301 8284 8282
8301 8302 8284
8284 8302 8303
8284 8303 8290
8303 8304 8290
8305 8290 8304
8290 8305 8291
8291 8305 8306
8306 8305 8304
8291 8306 8307
8304 8308 8306
8308 8307 8306
8308 8309 8307
8304 8310 8308
8296 8309 8308
8310 8311 8308
8296 8308 8311
8295 8311 8310
8296 8311 8295
8312 8313 8314
8312 8315 8313
8312 8316 8315
8317 8312 8314
8312 8318 8316
8318 8319 8316
8317 8320 8312
8320 8318 8312
8318 8321 8319
8321 8322 8319
8321 8323 8322
8321 8324 8323
8318 8325 8321
8321 8325 8324
8326 8320 8317
8326 8317 8327
8320 8328 8318
8318 8328 8325
8320 8329 8328
8329 8325 8328
8320 8326 8329
8326 8330 8329
8324 8325 8331
8329 8331 8325
8331 8329 8330
8324 8331 8332
8327 8333 8326
8326 8333 8330
8327 8334 8333
8335 8332 8331
8331 8330 8335
8335 8336 8332
8335 8337 8336
8338 8333 8334
8330 8333 8338
8338 8334 8339
8340 8338 8339
8335 8341 8337
8330 8341 8335
8341 8342 8337
8340 8343 8338
8344 8343 8340
8330 8338 8345
8330 8345 8341
8343 8345 8338
8341 8346 8342
8345 8346 8341
8346 8347 8342
8343 8348 8345
8345 8348 8346
8344 8349 8343
8349 8348 8343
8346 8350 8347
8350 8346 8348
8344 8351 8349
8344 8352 8351
8349 8353 8348
8350 8348 8353
8349 8354 8353
8350 8353 8354
8349 8351 8354
8347 8350 8355
8350 8354 8355
8347 8355 8356
8357 8356 8355
8357 8358 8356
8357 8359 8358
8352 8360 8351
8352 8361 8360
8360 8361 8362
8360 8362 8363
8363 8362 8364
8360 8363 8365
8366 8360 8365
8366 8351 8360
8367 8351 8366
8367 8354 8351
8354 8367 8368
8368 8355 8354
8368 8369 8355
8369 8357 8355
8369 8370 8357
8371 8357 8370
8363 8364 8372
8372 8373 8363
8372 8364 8374
8371 8375 8357
8357 8375 8359
8371 8376 8375
8377 8373 8372
8372 8374 8377
8376 8373 8377
8378 8377 8374
8359 8375 8379
8375 8376 8379
8380 8359 8379
8381 8378 8380
8378 8381 8377
8376 8377 8381
8381 8380 8379
8376 8381 8379
8382 8383 8384
8385 8384 8383
8382 8384 8386
8386 8387 8382
8386 8388 8387
8388 8389 8387
8388 8390 8389
8391 8390 8388
8391 8392 8390
8393 8388 8386
8393 8391 8388
8392 8391 8394
8392 8394 8395
8396 8395 8394
8396 8394 8397
8394 8398 8397
8391 8399 8394
8391 8393 8399
8394 8399 8398
8386 8400 8393
8399 8393 8400
8386 8384 8400
8384 8401 8400
8402 8398 8399
8399 8400 8402
8401 8402 8400
8402 8403 8398
8404 8403 8402
8401 8404 8402
8404 8405 8403
8406 8405 8404
8401 8406 8404
8406 8407 8405
8407 8406 8408
8407 8408 8409
8408 8410 8409
8384 8411 8401
8385 8411 8384
8385 8412 8411
8401 8411 8412
8385 8413 8412
8401 8414 8406
8401 8412 8414
8414 8408 8406
8413 8415 8412
8414 8412 8415
8413 8416 8415
8408 8417 8410
8417 8418 8410
8414 8419 8408
8414 8415 8419
8417 8408 8419
8420 8415 8416
8420 8419 8415
8420 8416 8421
8420 8421 8422
8417 8423 8418
8424 8418 8423
8417 8419 8425
8420 8425 8419
8425 8423 8417
8420 8422 8426
8426 8425 8420
8427 8426 8422
8426 8428 8425
8425 8428 8423
8424 8423 8429
8429 8430 8424
8427 8431 8426
8428 8426 8431
8423 8428 8432
8423 8432 8429
8428 8431 8432
8429 8433 8430
8432 8433 8429
8434 8430 8433
8433 8435 8434
8432 8436 8433
8433 8436 8435
8436 8432 8431
8436 8437 8435
8427 8438 8431
8436 8431 8438
8438 8437 8436
8427 8439 8438
8438 8440 8437
8439 8440 8438
8441 8442 8443
8444 8442 8441
8444 8441 8445
8441 8446 8445
8441 8447 8446
8448 8447 8441
8447 8449 8446
8447 8450 8449
8450 8447 8448
8451 8449 8450
8441 8443 8452
8448 8441 8452
8443 8453 8452
8453 8448 8452
8443 8454 8453
8453 8454 8455
8453 8455 8456
8457 8453 8456
8457 8458 8453
8453 8458 8448
8458 8457 8459
8458 8459 8460
8460 8448 8458
8460 8459 8461
8460 8462 8448
8450 8448 8462
8460 8461 8463
8462 8460 8463
8463 8461 8464
8465 8450 8462
8462 8463 8465
8463 8464 8466
8465 8463 8466
8466 8464 8467
8465 8468 8450
8451 8450 8468
8468 8469 8451
8468 8470 8469
8465 8470 8468
8471 8469 8470
8465 8466 8472
8465 8472 8470
8466 8467 8473
8473 8472 8466
8471 8470 8474
8474 8470 8472
8467 8475 8473
8467 8476 8475
8473 8477 8472
8474 8472 8477
8477 8473 8475
8478 8471 8474
8478 8479 8471
8480 8474 8477
8477 8475 8480
8480 8478 8474
8481 8475 8476
8481 8476 8482
8483 8480 8475
8483 8478 8480
8483 8475 8481
8479 8478 8484
8483 8484 8478
8479 8484 8485
8486 8481 8482
8486 8482 8487
8486 8487 8488
8489 8485 8484
8489 8490 8485
8491 8490 8489
8486 8488 8492
8493 8492 8488
8486 8492 8494
8493 8495 8492
8496 8486 8494
8496 8481 8486
8495 8493 8497
8498 8481 8496
8498 8483 8481
8483 8498 8499
8484 8483 8499
8484 8499 8500
8500 8489 8484
8500 8501 8489
8502 8489 8501
8502 8491 8489
8497 8503 8495
8503 8491 8502
8497 8504 8503
8503 8505 8491
8504 8505 8503
8506 8507 8508
8507 8509 8508
8507 8510 8509
8507 8511 8510
8506 8512 8507
8513 8512 8506
8513 8514 8512
8512 8514 8515
8507 8516 8511
8516 8507 8512
8516 8517 8511
8516 8518 8517
8512 8515 8519
8516 8512 8519
8518 8516 8519
8520 8519 8515
8518 8519 8521
8520 8521 8519
8522 8523 8524
8525 8522 8524
8525 8526 8522
8522 8527 8523
8522 8528 8527
8527 8529 8523
8527 8530 8529
8528 8530 8527
8528 8531 8530
8528 8532 8531
8528 8533 8532
8528 8534 8533
8535 8522 8526
8522 8535 8528
8528 8535 8534
8535 8526 8536
8535 8537 8534
8535 8536 8537
8538 8539 8540
8541 8540 8539
8541 8539 8542
8538 8543 8539
8544 8543 8538
8544 8545 8543
8546 8542 8539
8543 8546 8539
8546 8547 8542
8546 8548 8547
8546 8549 8548
8545 8550 8543
8543 8550 8546
8549 8546 8550
8545 8551 8550
8549 8550 8552
8550 8551 8553
8550 8553 8552
8554 8555 8556
8554 8557 8555
8554 8556 8558
8559 8558 8556
8554 8560 8557
8561 8557 8560
8559 8562 8558
8563 8562 8559
8561 8560 8564
8565 8561 8564
8566 8565 8564
8566 8564 8567
8560 8567 8564
8567 8568 8566
8569 8560 8554
8560 8569 8567
8558 8570 8554
8569 8554 8570
8568 8567 8571
8568 8571 8572
8573 8572 8571
8571 8574 8573
8575 8567 8569
8575 8571 8567
8571 8575 8574
8570 8575 8569
8576 8574 8575
8570 8576 8575
8576 8577 8574
8558 8578 8570
8576 8570 8578
8562 8578 8558
8577 8576 8579
8576 8578 8579
8577 8579 8580
8581 8580 8579
8562 8582 8578
8579 8578 8582
8581 8579 8583
8579 8582 8583
8583 8584 8581
8583 8585 8584
8582 8585 8583
8586 8584 8585
8587 8582 8562
8563 8587 8562
8588 8587 8563
8587 8589 8582
8582 8589 8585
8586 8585 8590
8590 8591 8586
8588 8592 8587
8589 8587 8592
8585 8589 8593
8585 8593 8590
8589 8592 8593
8590 8594 8591
8594 8595 8591
8590 8593 8596
8596 8593 8592
8590 8596 8594
8588 8597 8592
8596 8592 8597
8588 8598 8597
8599 8597 8598
8599 8600 8597
8600 8596 8597
8601 8600 8599
8594 8602 8595
8603 8595 8602
8594 8596 8604
8600 8604 8596
8594 8604 8602
8601 8605 8600
8604 8600 8605
8606 8605 8601
8606 8607 8605
8603 8602 8608
8608 8602 8604
8609 8603 8608
8609 8608 8610
8607 8611 8605
8604 8605 8611
8608 8604 8611
8611 8610 8608
8607 8612 8611
8611 8612 8610
8613 8614 8615
8613 8615 8616
8613 8616 8617
8613 8618 8614
8618 8619 8614
8618 8620 8619
8620 8618 8621
8613 8621 8618
8620 8621 8622
8621 8623 8622
8621 8624 8623
8625 8613 8617
8613 8625 8621
8624 8621 8625
8625 8617 8626
8624 8625 8627
8625 8626 8628
8625 8628 8627
8629 8630 8631
8632 8631 8630
8632 8630 8633
8629 8634 8630
8634 8629 8635
8634 8635 8636
8637 8633 8630
8637 8630 8634
8637 8638 8633
8639 8638 8637
8639 8637 8640
8641 8634 8636
8637 8634 8641
8640 8637 8641
8641 8636 8642
8640 8641 8643
8644 8641 8642
8644 8643 8641
8645 8646 8647
8646 8648 8647
8649 8646 8645
8649 8645 8650
8649 8651 8646
8646 8651 8652
8646 8652 8648
8648 8652 8653
8654 8649 8650
8652 8655 8653
8656 8649 8654
8656 8651 8649
8656 8654 8657
8658 8656 8657
8652 8659 8655
8652 8651 8659
8655 8659 8660
8659 8661 8660
8662 8656 8658
8662 8651 8656
8662 8658 8663
8664 8662 8663
8659 8665 8661
8659 8651 8665
8661 8665 8666
8665 8667 8666
8668 8662 8664
8668 8651 8662
8668 8664 8669
8670 8668 8669
8665 8671 8667
8665 8651 8671
8671 8651 8668
8671 8668 8670
8667 8671 8672
8671 8670 8672
8673 8674 8675
8675 8676 8673
8675 8674 8677
8677 8674 8678
8679 8676 8675
8680 8676 8679
8678 8681 8677
8682 8681 8678
8677 8683 8675
8675 8683 8679
8679 8684 8680
8680 8684 8685
8686 8681 8682
8682 8687 8686
8677 8681 8688
8688 8683 8677
8688 8681 8686
8679 8683 8689
8689 8684 8679
8689 8683 8688
8685 8684 8690
8690 8684 8689
8690 8691 8685
8688 8692 8689
8686 8692 8688
8689 8692 8690
8686 8687 8693
8693 8692 8686
8690 8692 8693
8693 8691 8690
8693 8687 8694
8694 8691 8693
8695 8696 8697
8697 8696 8698
8697 8699 8695
8695 8699 8700
8700 8699 8701
8701 8702 8700
8703 8702 8701
8704 8699 8697
8701 8699 8704
8698 8705 8697
8697 8705 8704
8701 8706 8703
8704 8706 8701
8707 8705 8698
8698 8708 8707
8707 8708 8709
8704 8705 8710
8710 8706 8704
8710 8705 8707
8703 8706 8711
8711 8706 8710
8711 8712 8703
8713 8712 8711
8713 8714 8709
8709 8714 8707
8707 8714 8710
8710 8714 8711
8711 8714 8713
8715 8716 8717
8717 8718 8715
8717 8716 8719
8719 8716 8720
8721 8718 8717
8722 8718 8721
8720 8723 8719
8724 8723 8720
8719 8725 8717
8717 8725 8721
8721 8726 8722
8722 8726 8727
8728 8723 8724
8724 8729 8728
8719 8723 8730
8730 8725 8719
8730 8723 8728
8721 8725 8731
8731 8726 8721
8731 8725 8730
8727 8726 8732
8732 8726 8731
8732 8733 8727
8730 8734 8731
8728 8734 8730
8731 8734 8732
8728 8729 8735
8735 8734 8728
8732 8734 8735
8735 8733 8732
8735 8729 8736
8736 8733 8735
8737 8738 8739
8739 8738 8740
8739 8741 8737
8737 8741 8742
8742 8741 8743
8743 8744 8742
8745 8744 8743
8746 8741 8739
8743 8741 8746
8740 8747 8739
8739 8747 8746
8743 8748 8745
8746 8748 8743
8749 8747 8740
8740 8750 8749
8749 8750 8751
8746 8747 8752
8752 8748 8746
8752 8747 8749
8745 8748 8753
8753 8748 8752
8753 8754 8745
8755 8754 8753
8755 8756 8751
8751 8756 8749
8749 8756 8752
8752 8756 8753
8753 8756 8755
8757 8758 8759
8759 8760 8757
8759 8758 8761
8761 8758 8762
8763 8760 8759
8764 8760 8763
8762 8765 8761
8766 8765 8762
8761 8767 8759
8759 8767 8763
8763 8768 8764
8764 8768 8769
8770 8765 8766
8766 8771 8770
8761 8765 8772
8772 8767 8761
8772 8765 8770
8763 8767 8773
8773 8768 8763
8773 8767 8772
8769 8768 8774
8774 8768 8773
8774 8775 8769
8772 8776 8773
8770 8776 8772
8773 8776 8774
8770 8771 8777
8777 8776 8770
8774 8776 8777
8777 8775 8774
8777 8771 8778
8778 8775 8777
8779 8780 8781
8781 8780 8782
8781 8783 8779
8779 8783 8784
8784 8783 8785
8785 8786 8784
8787 8786 8785
8788 8783 8781
8785 8783 8788
8782 8789 8781
8781 8789 8788
8785 8790 8787
8788 8790 8785
8791 8789 8782
8782 8792 8791
8791 8792 8793
8788 8789 8794
8794 8790 8788
8794 8789 8791
8787 8790 8795
8795 8790 8794
8795 8796 8787
8797 8796 8795
8797 8798 8793
8793 8798 8791
8791 8798 8794
8794 8798 8795
8795 8798 8797
8799 8800 8801
8801 8800 8802
8802 8800 8803
8800 8804 8803
8805 8800 8799
8805 8804 8800
8805 8799 8806
8805 8807 8804
8805 8806 8808
8809 8807 8805
8805 8808 8809
8809 8810 8807
8811 8809 8808
8812 8810 8809
8811 8812 8809
8812 8813 8810
8811 8814 8812
8814 8813 8812
8815 8816 8817
8816 8818 8817
8815 8819 8816
8816 8820 8818
8819 8821 8816
8821 8820 8816
8819 8822 8821
8821 8823 8820
8822 8824 8821
8823 8821 8824
8822 8825 8824
8823 8824 8826
8827 8824 8825
8827 8826 8824
8827 8825 8828
8827 8829 8826
8830 8827 8828
8829 8827 8830
8831 8832 8833
8831 8833 8834
8833 8832 8835
8833 8835 8836
8836 8835 8837
8836 8837 8838
8838 8837 8839
8838 8839 8840
8841 8834 8842
8841 8842 8843
8843 8844 8841
8843 8845 8844
8845 8846 8844
8844 8846 8847
8848 8840 8847
8848 8847 8846
8849 8850 8851
8849 8851 8852
8850 8849 8853
8850 8853 8854
8854 8853 8855
8853 8856 8855
8857 8855 8856
8857 8856 8858
8859 8858 8860
8859 8860 8861
8862 8859 8861
8862 8861 8863
8864 8862 8863
8865 8852 8864
8864 8863 8866
8865 8864 8866
8867 8868 8869
8867 8869 8870
8867 8871 8868
8871 8872 8868
8871 8873 8872
8867 8870 8874
8875 8874 8870
8876 8871 8867
8874 8876 8867
8877 8873 8871
8876 8877 8871
8877 8878 8873
8879 8878 8877
8879 8877 8880
8877 8881 8880
8877 8876 8881
8881 8876 8882
8874 8882 8876
8874 8883 8882
8875 8884 8874
8874 8884 8883
8884 8875 8885
8884 8886 8883
8884 8885 8887
8884 8887 8886
8888 8889 8890
8891 8889 8888
8888 8890 8892
8892 8890 8893
8892 8893 8894
8895 8891 8888
8896 8891 8895
8897 8888 8892
8897 8895 8888
8898 8892 8894
8897 8892 8898
8898 8894 8899
8900 8898 8899
8900 8901 8898
8898 8901 8902
8898 8902 8897
8902 8903 8897
8903 8895 8897
8895 8903 8904
8896 8895 8905
8895 8904 8905
8905 8906 8896
8905 8904 8907
8905 8908 8906
8905 8907 8908
8909 8910 8911
8909 8911 8912
8913 8911 8910
8912 8911 8914
8912 8914 8915
8913 8916 8911
8913 8917 8916
8914 8918 8915
8918 8919 8915
8920 8919 8918
8918 8921 8920
8922 8914 8911
8922 8918 8914
8922 8911 8916
8918 8923 8921
8922 8923 8918
8924 8921 8923
8925 8916 8917
8925 8917 8926
8927 8922 8916
8923 8922 8927
8927 8916 8925
8928 8924 8923
8923 8927 8928
8928 8929 8924
8930 8925 8926
8930 8927 8925
8930 8926 8931
8929 8928 8932
8929 8932 8933
8934 8928 8927
8930 8934 8927
8934 8932 8928
8935 8930 8931
8934 8930 8935
8935 8931 8936
8932 8937 8933
8937 8932 8934
8937 8938 8933
8934 8935 8939
8937 8934 8939
8940 8935 8936
8940 8939 8935
8941 8940 8936
8940 8941 8942
8937 8943 8938
8939 8943 8937
8938 8943 8944
8945 8944 8943
8942 8946 8940
8942 8947 8946
8948 8946 8947
8949 8946 8948
8940 8950 8939
8939 8950 8943
8950 8940 8946
8951 8945 8943
8951 8943 8950
8952 8945 8951
8951 8953 8952
8953 8951 8949
8950 8946 8954
8951 8950 8954
8954 8946 8949
8949 8951 8954
8955 8956 8957
8957 8956 8958
8955 8957 8959
8957 8958 8960
8959 8957 8961
8961 8957 8960
8959 8961 8962
8961 8960 8963
8962 8961 8964
8963 8964 8961
8962 8964 8965
8963 8966 8964
8967 8965 8964
8967 8964 8966
8967 8968 8965
8967 8966 8969
8970 8968 8967
8969 8970 8967
8971 8972 8973
8972 8974 8973
8974 8975 8973
8973 8975 8976
8977 8971 8973
8977 8973 8976
8977 8978 8971
8977 8976 8979
8977 8980 8978
8981 8977 8979
8977 8981 8980
8981 8979 8982
8983 8980 8981
8984 8981 8982
8983 8981 8984
8984 8982 8985
8983 8984 8986
8986 8984 8985
8987 8988 8989
8987 8990 8988
8987 8989 8991
8991 8989 8992
8991 8992 8993
8987 8994 8990
8995 8990 8994
8996 8987 8991
8994 8987 8996
8997 8991 8993
8996 8991 8997
8997 8993 8998
8999 8997 8998
8999 9000 8997
8997 9000 9001
8997 9001 8996
9001 9002 8996
8994 8996 9002
8994 9002 9003
8995 8994 9004
8994 9003 9004
9004 9005 8995
9004 9003 9006
9004 9007 9005
9004 9006 9007
9008 9009 9010
9011 9008 9010
9008 9012 9009
9012 9013 9009
9012 9014 9013
9015 9008 9011
9016 9015 9011
9017 9012 9008
9017 9008 9015
9018 9014 9012
9017 9018 9012
9018 9019 9014
9020 9019 9018
9020 9018 9021
9018 9022 9021
9018 9017 9022
9022 9017 9023
9023 9017 9015
9015 9024 9023
9016 9025 9015
9015 9025 9024
9025 9016 9026
9025 9027 9024
9025 9026 9028
9025 9028 9027
9029 9030 9031
9030 9032 9031
9033 9030 9029
9033 9029 9034
9033 9035 9030
9030 9035 9036
9030 9036 9032
9032 9036 9037
9038 9033 9034
9036 9039 9037
9040 9033 9038
9040 9035 9033
9040 9038 9041
9042 9040 9041
9036 9043 9039
9036 9035 9043
9039 9043 9044
9043 9045 9044
9046 9040 9042
9046 9035 9040
9046 9042 9047
9048 9046 9047
9043 9049 9045
9043 9035 9049
9045 9049 9050
9049 9051 9050
9052 9046 9048
9052 9035 9046
9052 9048 9053
9054 9052 9053
9049 9055 9051
9049 9035 9055
9055 9035 9052
9055 9052 9054
9051 9055 9056
9055 9054 9056
9057 9058 9059
9057 9060 9058
9059 9058 9061
9060 9062 9058
9058 9063 9061
9058 9062 9063
9064 9061 9063
9064 9063 9062
9059 9061 9065
9059 9065 9066
9067 9065 9061
9066 9065 9067
9061 9064 9068
9067 9061 9068
9059 9066 9069
9059 9069 9070
9060 9070 9069
9064 9071 9068
9071 9067 9068
9066 9072 9069
9060 9069 9073
9069 9072 9073
9066 9067 9074
9072 9066 9074
9071 9075 9067
9067 9076 9074
9072 9074 9077
9073 9072 9077
9076 9078 9074
9074 9078 9077
9076 9079 9078
9079 9080 9078
9079 9081 9080
9080 9081 9082
9080 9082 9083
9083 9082 9084
9085 9077 9083
9083 9084 9085
9073 9077 9085
9085 9084 9086
9086 9073 9085
9086 9087 9073
9060 9073 9087
9060 9087 9062
9062 9087 9086
9062 9086 9088
9088 9086 9089
9064 9062 9088
9088 9089 9090
9090 9064 9088
9090 9089 9091
9090 9092 9064
9064 9092 9071
9090 9091 9093
9090 9093 9092
9093 9091 9094
9093 9094 9095
9093 9095 9092
9095 9094 9096
9092 9097 9071
9092 9095 9097
9095 9096 9097
9097 9075 9071
9097 9096 9075
9098 9099 9100
9100 9099 9101
9102 9098 9100
9102 9103 9098
9102 9100 9104
9100 9105 9104
9100 9101 9105
9101 9106 9105
9107 9103 9102
9105 9106 9108
9109 9107 9102
9109 9102 9104
9109 9110 9107
9111 9110 9109
9105 9108 9112
9105 9112 9104
9108 9113 9112
9112 9113 9114
9115 9111 9109
9115 9109 9104
9115 9116 9111
9117 9116 9115
9112 9114 9118
9112 9118 9104
9114 9119 9118
9118 9119 9120
9121 9117 9115
9121 9115 9104
9121 9122 9117
9123 9122 9121
9118 9120 9124
9118 9124 9104
9124 9121 9104
9124 9123 9121
9120 9125 9124
9124 9125 9123
9126 9127 9128
9126 9128 9129
9127 9130 9128
9129 9128 9131
9128 9130 9132
9128 9132 9131
9133 9132 9130
9133 9131 9132
9127 9134 9130
9127 9135 9134
9136 9130 9134
9135 9136 9134
9130 9137 9133
9136 9137 9130
9127 9138 9135
9127 9139 9138
9129 9138 9139
9133 9137 9140
9140 9137 9136
9135 9138 9141
9129 9142 9138
9138 9142 9141
9135 9143 9136
9141 9143 9135
9140 9136 9144
9136 9143 9145
9141 9146 9143
9142 9146 9141
9145 9143 9147
9143 9146 9147
9145 9147 9148
9148 9147 9149
9148 9149 9150
9149 9151 9150
9149 9152 9151
9152 9153 9151
9154 9152 9146
9152 9154 9153
9142 9154 9146
9154 9155 9153
9155 9154 9142
9155 9142 9156
9129 9156 9142
9129 9131 9156
9131 9155 9156
9131 9157 9155
9157 9158 9155
9133 9157 9131
9157 9159 9158
9159 9157 9133
9159 9160 9158
9159 9133 9161
9133 9140 9161
9159 9162 9160
9159 9161 9162
9162 9163 9160
9162 9164 9163
9162 9161 9164
9164 9165 9163
9161 9140 9166
9161 9166 9164
9164 9166 9165
9166 9140 9144
9166 9144 9165
9167 9168 9169
9168 9170 9169
9171 9168 9167
9171 9167 9172
9173 9171 9172
9168 9174 9170
9170 9174 9175
9174 9176 9175
9177 9171 9173
9177 9173 9178
9179 9177 9178
9174 9180 9176
9176 9180 9181
9180 9182 9181
9183 9177 9179
9183 9179 9184
9185 9183 9184
9180 9186 9182
9182 9186 9187
9186 9188 9187
9189 9183 9185
9189 9185 9190
9191 9189 9190
9186 9192 9188
9192 9189 9191
9188 9192 9193
9192 9191 9193
9183 9194 9177
9189 9195 9183
9183 9195 9194
9195 9196 9194
9197 9196 9195
9189 9197 9195
9192 9197 9189
9177 9194 9198
9194 9196 9198
9177 9198 9171
9192 9199 9197
9186 9199 9192
9199 9196 9197
9171 9198 9200
9198 9196 9200
9171 9200 9168
9186 9201 9199
9201 9196 9199
9180 9201 9186
9168 9200 9202
9200 9196 9202
9168 9202 9174
9174 9203 9180
9180 9203 9201
9203 9196 9201
9174 9202 9203
9202 9196 9203
9204 9205 9206
9206 9205 9207
9204 9208 9205
9209 9208 9204
9207 9205 9210
9207 9210 9211
9208 9212 9205
9205 9212 9210
9212 9208 9213
9210 9212 9213
9208 9209 9214
9213 9208 9214
9211 9210 9215
9215 9210 9213
9213 9214 9216
9215 9213 9216
9217 9214 9209
9217 9209 9218
9219 9211 9215
9219 9220 9211
9217 9221 9214
9221 9219 9215
9221 9222 9214
9221 9215 9222
9223 9217 9218
9219 9223 9220
9223 9218 9224
9223 9224 9220
9225 9219 9221
9225 9221 9217
9225 9217 9223
9225 9223 9219
9226 9227 9228
9228 9227 9229
9226 9230 9227
9229 9227 9231
9230 9232 9227
9227 9232 9231
9232 9230 9233
9231 9232 9233
9234 9230 9226
9230 9234 9235
9233 9230 9235
9236 9234 9226
9236 9235 9234
9233 9235 9237
9238 9233 9237
9238 9231 9233
9229 9231 9239
9239 9231 9238
9240 9229 9239
9240 9239 9238
9241 9236 9226
9240 9241 9229
9241 9226 9242
9241 9242 9229
9236 9243 9235
9243 9240 9238
9243 9244 9235
9243 9238 9244
9245 9236 9241
9245 9241 9240
9245 9240 9243
9245 9243 9236
9246 9247 9248
9247 9249 9248
9246 9250 9247
9247 9251 9249
9250 9252 9247
9252 9251 9247
9253 9252 9250
9251 9252 9253
9254 9250 9246
9255 9250 9254
9255 9253 9250
9256 9254 9246
9256 9255 9254
9257 9256 9246
9257 9246 9258
9257 9258 9249
9259 9251 9253
9260 9253 9255
9259 9253 9260
9261 9260 9255
9256 9261 9255
9261 9259 9260
9262 9256 9257
9262 9261 9256
9262 9257 9263
9262 9263 9261
9263 9257 9249
9261 9263 9259
9264 9251 9259
9251 9264 9249
9263 9264 9259
9263 9249 9264
9265 9266 9267
9268 9266 9265
9267 9266 9269
9270 9266 9268
9269 9266 9271
9272 9266 9270
9271 9266 9273
9274 9266 9272
9273 9266 9274
9275 9276 9277
9278 9276 9275
9277 9276 9279
9280 9276 9278
9279 9276 9281
9282 9276 9280
9281 9276 9283
9284 9276 9282
9283 9276 9284
9285 9286 9287
9288 9287 9286
9289 9288 9286
9285 9290 9286
9290 9289 9286
9288 9289 9291
9292 9288 9291
9290 9293 9289
9293 9291 9289
9285 9294 9290
9294 9293 9290
9295 9292 9291
9293 9295 9291
9295 9296 9292
9293 9297 9295
9297 9296 9295
9294 9298 9293
9298 9297 9293
9299 9298 9294
9297 9298 9299
9299 9294 9300
9300 9294 9285
9301 9297 9299
9297 9301 9296
9302 9300 9285
9302 9303 9300
9304 9301 9303
9304 9296 9301
9305 9292 9296
9306 9292 9305
9302 9285 9307
9308 9302 9307
9307 9285 9309
9310 9303 9302
9310 9304 9303
9310 9302 9308
9310 9308 9304
9304 9311 9296
9305 9296 9311
9304 9308 9311
9308 9305 9311
9307 9309 9312
9312 9309 9306
9308 9307 9312
9308 9313 9305
9313 9306 9305
9313 9312 9306
9308 9312 9313
9314 9315 9316
9317 9316 9315
9318 9316 9317
9314 9316 9319
9319 9316 9318
9317 9320 9318
9321 9320 9317
9319 9318 9322
9322 9318 9320
9314 9319 9323
9323 9319 9322
9324 9320 9321
9322 9320 9324
9324 9321 9325
9322 9324 9326
9326 9324 9325
9323 9322 9327
9327 9322 9326
9328 9323 9327
9326 9328 9327
9328 9329 9323
9329 9314 9323
9330 9328 9326
9326 9325 9330
9331 9314 9329
9331 9329 9332
9333 9332 9330
9333 9330 9325
9334 9325 9321
9335 9334 9321
9331 9336 9314
9337 9336 9331
9336 9338 9314
9339 9331 9332
9339 9332 9333
9339 9337 9331
9339 9333 9337
9333 9325 9340
9334 9340 9325
9333 9340 9337
9337 9340 9334
9336 9341 9338
9341 9335 9338
9337 9341 9336
9337 9334 9342
9342 9334 9335
9342 9335 9341
9337 9342 9341
9343 9344 9345
9345 9344 9346
9345 9346 9347
9344 9343 9348
9349 9344 9348
9349 9348 9350
9344 9351 9346
9351 9344 9349
9346 9351 9352
9352 9351 9349
9347 9346 9353
9353 9346 9352
9353 9352 9354
9355 9352 9349
9355 9349 9350
9354 9352 9355
9356 9343 9357
9356 9358 9343
9359 9357 9347
9359 9356 9357
9359 9347 9360
9361 9350 9358
9356 9361 9358
9361 9362 9350
9363 9360 9354
9363 9354 9362
9363 9359 9360
9361 9363 9362
9364 9356 9359
9364 9361 9356
9364 9359 9363
9364 9363 9361
9365 9366 9367
9365 9368 9366
9367 9366 9369
9370 9368 9365
9370 9371 9368
9372 9365 9367
9372 9370 9365
9367 9369 9373
9373 9369 9374
9375 9371 9370
9375 9376 9371
9377 9367 9373
9377 9372 9367
9373 9374 9378
9377 9373 9378
9378 9374 9379
9372 9380 9370
9380 9375 9370
9381 9376 9375
9380 9381 9375
9381 9382 9376
9383 9372 9377
9383 9380 9372
9384 9377 9378
9383 9377 9384
9378 9379 9385
9384 9378 9385
9385 9379 9386
9383 9387 9380
9380 9387 9381
9383 9384 9387
9388 9382 9381
9387 9388 9381
9388 9389 9382
9384 9385 9390
9385 9386 9390
9387 9384 9390
9387 9390 9388
9390 9389 9388
9390 9386 9389
9391 9392 9393
9391 9394 9392
9393 9392 9395
9396 9394 9391
9396 9397 9394
9398 9391 9393
9398 9396 9391
9393 9395 9399
9399 9395 9400
9401 9397 9396
9401 9402 9397
9403 9393 9399
9403 9398 9393
9399 9400 9404
9403 9399 9404
9404 9400 9405
9398 9406 9396
9406 9401 9396
9407 9402 9401
9406 9407 9401
9407 9408 9402
9409 9398 9403
9409 9406 9398
9410 9403 9404
9409 9403 9410
9404 9405 9411
9410 9404 9411
9411 9405 9412
9409 9413 9406
9406 9413 9407
9409 9410 9413
9414 9408 9407
9413 9414 9407
9414 9415 9408
9410 9411 9416
9411 9412 9416
9413 9410 9416
9413 9416 9414
9416 9415 9414
9416 9412 9415
9417 9418 9419
9417 9420 9418
9419 9418 9421
9422 9420 9417
9422 9423 9420
9424 9417 9419
9424 9422 9417
9419 9421 9425
9425 9421 9426
9427 9423 9422
9427 9428 9423
9429 9419 9425
9429 9424 9419
9425 9426 9430
9429 9425 9430
9430 9426 9431
9424 9432 9422
9432 9427 9422
9433 9428 9427
9432 9433 9427
9433 9434 9428
9435 9424 9429
9435 9432 9424
9436 9429 9430
9435 9429 9436
9430 9431 9437
9436 9430 9437
9437 9431 9438
9435 9439 9432
9432 9439 9433
9435 9436 9439
9440 9434 9433
9439 9440 9433
9440 9441 9434
9436 9437 9442
9437 9438 9442
9439 9436 9442
9439 9442 9440
9442 9441 9440
9442 9438 9441
9443 9444 9445
9443 9446 9444
9443 9447 9446
9445 9444 9448
9449 9445 9448
9447 9450 9446
9451 9450 9447
9446 9452 9444
9444 9452 9448
9449 9448 9453
9449 9453 9454
9451 9455 9450
9451 9456 9455
9450 9457 9446
9446 9457 9452
9455 9457 9450
9448 9458 9453
9448 9452 9458
9454 9453 9459
9453 9458 9459
9460 9454 9459
9456 9461 9455
9462 9461 9456
9457 9463 9452
9452 9463 9458
9455 9464 9457
9461 9464 9455
9464 9463 9457
9462 9465 9461
9465 9464 9461
9462 9466 9465
9460 9467 9466
9460 9459 9467
9466 9467 9465
9459 9458 9468
9458 9463 9468
9468 9463 9464
9459 9468 9467
9467 9468 9465
9465 9468 9464
9469 9470 9471
9469 9472 9470
9469 9473 9472
9471 9470 9474
9475 9471 9474
9473 9476 9472
9477 9476 9473
9472 9478 9470
9470 9478 9474
9475 9474 9479
9475 9479 9480
9477 9481 9476
9477 9482 9481
9476 9483 9472
9472 9483 9478
9481 9483 9476
9474 9484 9479
9474 9478 9484
9480 9479 9485
9479 9484 9485
9486 9480 9485
9482 9487 9481
9488 9487 9482
9483 9489 9478
9478 9489 9484
9481 9490 9483
9487 9490 9481
9490 9489 9483
9488 9491 9487
9491 9490 9487
9488 9492 9491
9486 9493 9492
9486 9485 9493
9492 9493 9491
9485 9484 9494
9484 9489 9494
9494 9489 9490
9485 9494 9493
9493 9494 9491
9491 9494 9490
9495 9496 9497
9495 9498 9496
9495 9499 9498
9497 9496 9500
9501 9497 9500
9499 9502 9498
9503 9502 9499
9498 9504 9496
9496 9504 9500
9501 9500 9505
9501 9505 9506
9503 9507 9502
9503 9508 9507
9502 9509 9498
9498 9509 9504
9507 9509 9502
9500 9510 9505
9500 9504 9510
9506 9505 9511
9505 9510 9511
9512 9506 9511
9508 9513 9507
9514 9513 9508
9509 9515 9504
9504 9515 9510
9507 9516 9509
9513 9516 9507
9516 9515 9509
9514 9517 9513
9517 9516 9513
9514 9518 9517
9512 9519 9518
9512 9511 9519
9518 9519 9517
9511 9510 9520
9510 9515 9520
9520 9515 9516
9511 9520 9519
9519 9520 9517
9517 9520 9516
