byte offset: 0
first index: 38436
index count: 24291
topology: trianglelist
format: DXGI_FORMAT_R16_UINT

9521 9522 9523
9524 9525 9526
9525 9527 9528
9528 9527 9529
9527 9530 9529
9531 9528 9529
9531 9532 9528
9532 9525 9528
9531 9533 9532
9532 9534 9525
9535 9525 9534
9535 9534 9536
9534 9537 9536
9534 9538 9537
9537 9538 9539
9537 9539 9540
9541 9537 9540
9542 9535 9536
9537 9542 9536
9542 9543 9535
9541 9544 9537
9537 9544 9542
9545 9544 9541
9545 9542 9544
9545 9541 9546
9543 9542 9547
9545 9547 9542
9543 9547 9548
9548 9547 9549
9549 9547 9545
9548 9549 9550
9549 9551 9550
9552 9545 9546
9549 9545 9552
9551 9549 9552
9552 9546 9553
9551 9552 9554
9554 9552 9553
9554 9553 9555
9556 9557 9558
9559 9560 9561
9562 9563 9564
9565 9562 9566
9565 9567 9562
9565 9566 9568
9567 9565 9569
9570 9569 9565
9565 9568 9570
9570 9571 9569
9572 9570 9568
9570 9573 9571
9572 9573 9570
9573 9574 9571
9571 9574 9575
9571 9575 9576
9575 9567 9576
9577 9567 9575
9577 9575 9578
9574 9578 9575
9579 9577 9578
9574 9580 9578
9580 9579 9578
9581 9580 9574
9573 9581 9574
9579 9580 9582
9581 9582 9580
9579 9582 9583
9582 9584 9583
9582 9585 9584
9585 9582 9581
9585 9581 9586
9586 9581 9573
9586 9573 9587
9587 9573 9572
9587 9572 9588
9588 9572 9589
9588 9589 9590
9589 9591 9590
9572 9568 9589
9589 9592 9591
9568 9592 9589
9592 9593 9591
9592 9594 9593
9568 9595 9592
9592 9595 9594
9596 9595 9568
9595 9597 9594
9596 9598 9595
9597 9595 9598
9599 9598 9596
9599 9600 9598
9600 9597 9598
9597 9600 9601
9597 9601 9602
9603 9602 9601
9603 9601 9604
9600 9605 9601
9601 9606 9604
9605 9606 9601
9605 9607 9606
9608 9609 9610
9611 9612 9613
9614 9615 9616
9617 9618 9619
9620 9621 9622
9623 9624 9625
9626 9627 9628
9629 9630 9631
9632 9633 9634
9632 9635 9633
9632 9636 9635
9637 9635 9636
9637 9638 9635
9638 9637 9639
9638 9639 9640
9639 9641 9640
9639 9642 9641
9643 9641 9642
9643 9642 9644
9643 9644 9645
9646 9647 9648
9646 9649 9647
9646 9650 9649
9651 9649 9650
9651 9652 9649
9652 9651 9653
9652 9653 9654
9653 9655 9654
9653 9656 9655
9657 9655 9656
9657 9656 9658
9657 9658 9659
9660 9661 9662
9660 9663 9661
9660 9664 9663
9665 9663 9664
9665 9666 9663
9666 9665 9667
9666 9667 9668
9667 9669 9668
9667 9670 9669
9671 9669 9670
9671 9670 9672
9671 9672 9673
9674 9675 9676
9674 9677 9675
9674 9678 9677
9679 9677 9678
9679 9680 9677
9680 9679 9681
9680 9681 9682
9681 9683 9682
9681 9684 9683
9685 9683 9684
9685 9684 9686
9685 9686 9687
9688 9689 9690
9688 9691 9689
9688 9692 9691
9693 9691 9692
9693 9694 9691
9694 9693 9695
9694 9695 9696
9695 9697 9696
9695 9698 9697
9699 9697 9698
9699 9698 9700
9699 9700 9701
9702 9703 9704
9702 9705 9703
9702 9706 9705
9707 9705 9706
9707 9708 9705
9708 9707 9709
9708 9709 9710
9709 9711 9710
9709 9712 9711
9713 9711 9712
9713 9712 9714
9713 9714 9715
9716 9717 9718
9716 9719 9717
9716 9720 9719
9721 9719 9720
9721 9722 9719
9722 9721 9723
9722 9723 9724
9723 9725 9724
9723 9726 9725
9727 9725 9726
9727 9726 9728
9727 9728 9729
9730 9731 9732
9730 9733 9731
9730 9734 9733
9735 9733 9734
9735 9736 9733
9736 9735 9737
9736 9737 9738
9737 9739 9738
9737 9740 9739
9741 9739 9740
9741 9740 9742
9741 9742 9743
9744 9745 9746
9744 9746 9747
9744 9747 9748
9744 9748 9749
9750 9749 9748
9750 9751 9749
9750 9752 9751
9753 9748 9747
9754 9750 9748
9754 9748 9753
9747 9746 9755
9753 9747 9756
9747 9755 9756
9757 9754 9753
9758 9750 9754
9757 9758 9754
9756 9759 9753
9757 9753 9759
9750 9760 9752
9761 9750 9758
9761 9760 9750
9752 9760 9762
9763 9760 9761
9763 9762 9760
9752 9762 9764
9765 9752 9764
9765 9764 9766
9767 9765 9766
9764 9762 9768
9762 9769 9768
9762 9763 9769
9763 9770 9769
9771 9763 9761
9763 9771 9770
9772 9770 9771
9771 9761 9773
9773 9772 9771
9773 9761 9758
9773 9758 9774
9757 9774 9758
9773 9775 9772
9774 9775 9773
9774 9757 9776
9774 9777 9775
9774 9776 9777
9776 9757 9778
9778 9757 9759
9775 9779 9772
9775 9780 9779
9780 9775 9777
9780 9777 9781
9780 9781 9782
9779 9783 9772
9782 9781 9784
9784 9781 9785
9786 9785 9781
9787 9772 9783
9786 9781 9788
9787 9789 9772
9787 9790 9789
9772 9789 9770
9781 9777 9791
9791 9777 9776
9781 9791 9792
9788 9781 9792
9788 9792 9793
9794 9795 9790
9794 9796 9795
9794 9797 9796
9796 9797 9798
9795 9799 9770
9795 9796 9799
9796 9798 9800
9800 9798 9801
9802 9770 9799
9802 9803 9770
9804 9799 9796
9804 9796 9800
9805 9803 9802
9805 9806 9803
9807 9806 9805
9799 9808 9802
9799 9804 9808
9802 9809 9805
9802 9808 9809
9808 9810 9809
9811 9805 9809
9811 9807 9805
9810 9811 9809
9812 9807 9811
9812 9813 9807
9814 9813 9812
9810 9815 9811
9810 9816 9815
9804 9817 9808
9808 9817 9810
9810 9818 9816
9819 9816 9818
9804 9820 9817
9820 9804 9800
9817 9821 9810
9821 9818 9810
9822 9821 9817
9822 9817 9820
9820 9800 9823
9801 9823 9800
9801 9824 9823
9801 9825 9824
9825 9826 9824
9826 9827 9824
9828 9824 9827
9828 9829 9824
9829 9830 9824
9829 9831 9830
9830 9832 9824
9824 9832 9823
9832 9833 9823
9820 9823 9833
9820 9833 9822
9833 9834 9822
9834 9833 9835
9833 9836 9835
9837 9835 9836
9838 9837 9836
9837 9838 9839
9837 9839 9840
9840 9839 9841
9840 9841 9842
9840 9842 9843
9840 9843 9844
9845 9840 9844
9846 9845 9844
9847 9840 9845
9847 9837 9840
9848 9835 9837
9848 9837 9847
9849 9834 9835
9849 9835 9848
9847 9850 9848
9849 9848 9850
9834 9849 9851
9834 9851 9822
9849 9850 9852
9852 9851 9849
9822 9851 9853
9822 9853 9821
9821 9853 9818
9853 9854 9818
9819 9818 9854
9855 9853 9851
9853 9855 9854
9819 9854 9856
9819 9856 9857
9852 9858 9851
9855 9851 9858
9854 9855 9859
9854 9859 9856
9855 9858 9860
9860 9858 9852
9855 9860 9859
9861 9857 9856
9861 9862 9857
9861 9863 9862
9864 9856 9859
9864 9861 9856
9859 9860 9865
9859 9865 9864
9860 9852 9866
9865 9860 9866
9852 9867 9866
9852 9850 9867
9850 9868 9867
9850 9869 9868
9847 9869 9850
9870 9869 9847
9868 9869 9870
9870 9847 9871
9872 9870 9871
9872 9871 9873
9868 9870 9874
9874 9870 9872
9874 9872 9875
9876 9874 9875
9872 9877 9875
9872 9878 9877
9879 9878 9872
9879 9872 9873
9880 9879 9873
9880 9873 9881
9868 9882 9883
9883 9882 9884
9883 9884 9885
9886 9883 9885
9868 9883 9886
9886 9887 9868
9886 9888 9887
9888 9889 9887
9888 9890 9889
9889 9890 9891
9892 9889 9891
9889 9892 9893
9868 9887 9867
9894 9889 9893
9895 9887 9889
9887 9895 9867
9895 9889 9894
9895 9866 9867
9895 9894 9896
9896 9894 9897
9895 9898 9866
9898 9895 9896
9865 9866 9898
9898 9896 9899
9865 9898 9899
9896 9897 9900
9896 9900 9899
9897 9901 9900
9897 9902 9901
9902 9903 9901
9903 9904 9901
9904 9905 9901
9901 9905 9906
9907 9901 9906
9900 9901 9907
9907 9906 9908
9865 9899 9909
9864 9865 9909
9899 9900 9910
9900 9907 9910
9899 9910 9909
9864 9909 9911
9911 9861 9864
9909 9910 9912
9909 9912 9911
9910 9907 9913
9910 9913 9912
9907 9908 9914
9914 9913 9907
9908 9915 9914
9908 9916 9915
9916 9917 9915
9915 9917 9918
9915 9918 9919
9915 9919 9920
9921 9914 9915
9921 9913 9914
9915 9920 9921
9912 9913 9922
9922 9913 9921
9920 9923 9921
9922 9921 9923
9924 9922 9923
9920 9925 9923
9924 9923 9925
9924 9925 9926
9924 9926 9927
9912 9922 9928
9911 9912 9928
9924 9929 9922
9928 9922 9929
9911 9928 9930
9911 9930 9861
9861 9930 9863
9863 9930 9928
9863 9928 9931
9928 9929 9931
9931 9929 9932
9932 9929 9924
9931 9932 9933
9933 9932 9934
9932 9924 9935
9924 9927 9935
9934 9932 9935
9927 9936 9935
9934 9935 9936
9927 9937 9936
9938 9934 9936
9937 9939 9936
9938 9936 9939
9937 9940 9939
9938 9939 9941
9942 9943 9944
9945 9942 9944
9945 9946 9942
9947 9945 9944
9948 9945 9947
9947 9944 9949
9950 9949 9944
9948 9947 9951
9952 9948 9951
9952 9953 9948
9952 9954 9953
9952 9746 9954
9955 9951 9947
9955 9952 9951
9956 9746 9952
9955 9956 9952
9956 9755 9746
9955 9947 9957
9957 9947 9949
9956 9955 9958
9958 9955 9957
9755 9956 9959
9956 9958 9959
9755 9959 9960
9756 9755 9960
9756 9960 9961
9756 9961 9759
9960 9962 9961
9962 9759 9961
9959 9963 9960
9960 9963 9962
9962 9964 9759
9778 9759 9964
9964 9965 9778
9778 9965 9776
9965 9966 9776
9966 9965 9967
9968 9967 9965
9968 9969 9967
9970 9966 9967
9967 9971 9970
9967 9969 9971
9969 9972 9971
9969 9973 9972
9969 9974 9973
9969 9975 9974
9976 9975 9969
9968 9976 9969
9977 9975 9976
9964 9978 9965
9978 9968 9965
9964 9979 9978
9968 9978 9979
9964 9962 9979
9962 9980 9979
9979 9980 9981
9962 9963 9980
9968 9979 9982
9979 9981 9982
9983 9968 9982
9981 9983 9982
9983 9984 9968
9985 9984 9983
9985 9986 9984
9981 9987 9983
9987 9985 9983
9987 9988 9985
9989 9988 9987
9985 9988 9990
9985 9990 9991
9992 9985 9991
9992 9986 9985
9993 9986 9992
9993 9994 9986
9981 9980 9995
9995 9980 9996
9996 9997 9995
9996 9980 9963
9996 9963 9998
9959 9998 9963
9959 9999 9998
9959 9958 9999
9998 10000 9996
9998 9999 10000
9999 9958 10001
9958 9957 10001
9996 10002 9997
9996 10000 10002
10002 10003 9997
10003 10004 9997
10004 10005 9997
9997 10005 10006
10007 9997 10006
10007 9995 9997
10008 9995 10007
10008 9981 9995
10000 10009 10002
9981 10008 10010
9981 10010 10011
10008 10012 10010
10012 10011 10010
10012 10013 10011
10000 10014 10009
10009 10014 10015
10000 9999 10014
10009 10015 10016
10016 10015 10017
10017 10015 10018
10018 10015 10019
10020 10019 10015
9999 10001 10014
10014 10021 10015
10014 10001 10021
10021 10022 10015
10021 10023 10022
10001 10024 10021
10001 9957 10024
9957 9949 10024
10021 10025 10023
10025 10021 10024
10023 10025 10026
10023 10026 10027
10027 10026 10028
10026 10029 10028
10026 10030 10029
10026 10031 10030
10032 10025 10024
10032 10026 10025
9949 10032 10024
10026 10032 10031
9949 10033 10032
10031 10032 10033
10031 10033 10034
9950 10033 9949
9950 10034 10033
9950 10035 10034
9950 10036 10035
9950 10037 10036
10038 10037 9950
10036 10037 10039
10036 10039 10040
10041 10037 10038
10041 10039 10037
9946 10041 10038
10042 10039 10041
10040 10039 10043
10042 10043 10039
10040 10043 10044
10042 10045 10043
10046 10047 10048
10049 10048 10047
10049 10047 10050
10049 10050 10051
10050 10052 10051
10053 10054 10055
10056 10053 10055
10056 10057 10053
10058 10057 10056
10058 10056 10059
10060 10061 10062
10060 10062 10063
10064 10060 10063
10062 10065 10063
10066 10067 10068
10069 10068 10067
10069 10070 10068
10069 10071 10070
10071 10072 10070
10073 10074 10075
10076 10074 10073
10076 10073 10077
10078 10076 10077
10078 10079 10076
10080 10081 10082
10083 10080 10082
10084 10080 10083
10083 10082 10085
10086 10087 10088
10086 10089 10087
10089 10086 10090
10091 10090 10086
10090 10091 10092
10090 10092 10093
10093 10094 10090
10094 10089 10090
10093 10095 10094
10096 10094 10095
10096 10095 10097
10096 10097 10098
10098 10099 10096
10100 10087 10089
10094 10100 10089
10094 10096 10100
10100 10101 10087
10102 10101 10100
10102 10100 10103
10096 10103 10100
10096 10104 10103
10104 10096 10099
10104 10099 10105
10106 10107 10108
10106 10108 10109
10106 10109 10110
10111 10110 10109
10110 10112 10106
10106 10112 10113
10114 10112 10110
10115 10110 10111
10114 10110 10115
10116 10114 10115
10115 10111 10117
10116 10115 10118
10118 10115 10117
10119 10118 10117
10120 10118 10119
10121 10122 10123
10122 10124 10123
10124 10125 10123
10124 10126 10125
10124 10127 10126
10128 10126 10127
10129 10128 10127
10129 10130 10128
10131 10130 10129
10132 10131 10129
10132 10133 10131
10133 10132 10134
10132 10135 10134
10136 10134 10135
10137 10138 10139
10137 10140 10138
10141 10140 10137
10141 10142 10140
10138 10140 10143
10143 10140 10142
10138 10143 10144
10144 10143 10145
10144 10145 10146
10147 10142 10141
10148 10147 10141
10142 10147 10149
10142 10149 10150
10142 10150 10151
10152 10142 10151
10152 10143 10142
10152 10151 10153
10152 10153 10154
10155 10152 10154
10155 10156 10152
10156 10143 10152
10156 10157 10143
10158 10159 10160
10160 10159 10161
10159 10162 10161
10161 10162 10163
10164 10161 10163
10164 10165 10161
10166 10165 10164
10161 10165 10167
10165 10166 10168
10169 10167 10165
10165 10168 10170
10169 10165 10170
10171 10169 10170
10170 10168 10172
10173 10171 10170
10174 10170 10172
10174 10173 10170
10174 10175 10173
10174 10172 10176
10174 10176 10177
10178 10179 10180
10178 10181 10179
10179 10181 10182
10183 10181 10178
10181 10184 10182
10183 10184 10181
10183 10185 10184
10186 10187 10188
10187 10186 10189
10187 10189 10190
10191 10192 10193
10191 10194 10192
10191 10195 10194
10196 10197 10198
10196 10199 10197
10199 10196 10200
10199 10200 10201
10201 10200 10202
10203 10204 10205
10206 10204 10203
10206 10203 10207
10207 10208 10206
10207 10209 10208
10210 10211 10212
10210 10213 10211
10210 10214 10213
10214 10215 10213
10211 10213 10216
10213 10217 10216
10213 10215 10218
10216 10217 10219
10218 10220 10213
10220 10217 10213
10218 10221 10220
10220 10221 10222
10222 10217 10220
10222 10223 10217
10223 10224 10217
10223 10225 10224
10224 10225 10226
10227 10224 10226
10219 10217 10228
10228 10217 10224
10219 10228 10229
10228 10230 10229
10230 10228 10231
10228 10224 10231
10230 10231 10232
10233 10232 10231
10227 10234 10224
10234 10227 10235
10236 10231 10224
10233 10231 10236
10236 10224 10234
10236 10237 10233
10237 10236 10234
10237 10238 10233
10237 10239 10238
10240 10239 10237
10241 10234 10235
10237 10234 10241
10240 10237 10241
10241 10235 10242
10242 10240 10241
10242 10243 10240
10240 10243 10244
10240 10244 10245
10246 10247 10248
10246 10249 10247
10246 10250 10249
10246 10251 10250
10251 10252 10250
10252 10249 10250
10253 10247 10249
10253 10254 10247
10255 10254 10253
10255 10253 10256
10256 10253 10257
10249 10257 10253
10249 10252 10257
10252 10258 10257
10252 10259 10258
10260 10259 10252
10251 10260 10252
10251 10261 10260
10262 10263 10264
10262 10264 10265
10266 10262 10265
10266 10265 10267
10268 10266 10267
10268 10267 10269
10268 10269 10270
10271 10269 10267
10270 10269 10271
10270 10271 10272
10270 10272 10273
10268 10270 10274
10275 10270 10273
10276 10274 10270
10275 10276 10270
10277 10274 10276
10278 10276 10275
10279 10277 10276
10278 10280 10276
10279 10276 10280
10281 10282 10283
10284 10281 10283
10281 10284 10285
10284 10283 10286
10287 10286 10283
10287 10288 10286
10286 10288 10289
10286 10289 10290
10291 10290 10289
10292 10285 10284
10285 10292 10293
10294 10286 10290
10284 10286 10294
10291 10295 10290
10295 10291 10296
10295 10296 10297
10298 10295 10297
10295 10299 10290
10294 10290 10299
10298 10300 10295
10295 10300 10299
10300 10298 10301
10300 10301 10302
10302 10301 10303
10300 10304 10299
10300 10302 10304
10302 10303 10305
10304 10302 10305
10305 10303 10306
10307 10305 10306
10307 10306 10308
10307 10308 10309
10310 10307 10309
10307 10310 10311
10307 10311 10312
10307 10312 10313
10307 10314 10305
10304 10305 10314
10314 10307 10313
10299 10304 10315
10299 10315 10294
10304 10316 10315
10316 10294 10315
10314 10316 10304
10294 10316 10284
10312 10317 10313
10312 10318 10317
10313 10317 10319
10314 10320 10316
10314 10313 10320
10316 10321 10284
10321 10316 10320
10292 10284 10321
10321 10320 10322
10322 10320 10313
10322 10292 10321
10313 10319 10323
10322 10313 10323
10324 10323 10319
10322 10325 10292
10323 10325 10322
10293 10292 10325
10324 10326 10323
10323 10326 10325
10293 10325 10327
10327 10325 10326
10328 10293 10327
10328 10327 10329
10330 10326 10324
10327 10326 10330
10329 10327 10330
10330 10324 10331
10329 10330 10332
10332 10330 10331
10329 10332 10333
10332 10331 10334
10335 10333 10332
10335 10332 10334
10336 10337 10338
10337 10339 10338
10339 10340 10338
10341 10340 10339
10342 10341 10339
10343 10342 10339
10343 10344 10342
10343 10345 10344
10345 10346 10344
10345 10347 10346
10345 10348 10347
10347 10348 10349
10350 10347 10349
10351 10350 10349
10349 10352 10351
10353 10354 10355
10353 10355 10356
10357 10353 10356
10357 10358 10353
10359 10358 10357
10359 10360 10358
10361 10360 10359
10361 10362 10360
10363 10362 10361
10364 10357 10356
10364 10359 10357
10355 10365 10356
10364 10356 10365
10355 10366 10365
10367 10366 10355
10363 10361 10368
10369 10363 10368
10369 10368 10370
10371 10369 10370
10368 10372 10370
10368 10373 10372
10361 10373 10368
10373 10374 10372
10375 10364 10365
10366 10375 10365
10366 10367 10376
10367 10377 10376
10366 10378 10375
10366 10376 10378
10361 10379 10373
10373 10380 10374
10373 10379 10380
10374 10380 10381
10374 10381 10382
10383 10382 10381
10383 10381 10384
10381 10385 10384
10386 10385 10381
10386 10387 10385
10386 10388 10387
10389 10379 10361
10389 10380 10379
10389 10361 10359
10364 10389 10359
10390 10381 10380
10389 10390 10380
10390 10386 10381
10391 10389 10364
10391 10390 10389
10391 10386 10390
10375 10391 10364
10392 10388 10386
10388 10392 10393
10392 10394 10393
10392 10395 10394
10395 10396 10394
10395 10397 10396
10395 10398 10397
10395 10399 10398
10395 10400 10399
10391 10401 10386
10392 10386 10401
10401 10391 10375
10401 10395 10392
10401 10375 10402
10401 10402 10395
10378 10402 10375
10395 10403 10400
10403 10395 10402
10403 10404 10400
10378 10405 10402
10405 10403 10402
10405 10378 10376
10403 10406 10404
10405 10406 10403
10407 10404 10406
10405 10376 10408
10406 10405 10408
10376 10377 10408
10407 10406 10409
10406 10408 10409
10410 10408 10377
10410 10409 10408
10411 10410 10377
10412 10410 10411
10413 10407 10409
10410 10413 10409
10413 10414 10407
10415 10414 10413
10416 10410 10412
10416 10413 10410
10415 10413 10416
10417 10416 10412
10418 10415 10416
10418 10416 10417
10419 10420 10421
10419 10421 10422
10423 10422 10421
10424 10422 10423
10425 10422 10424
10426 10422 10425
10427 10419 10422
10426 10427 10422
10427 10428 10419
10427 10429 10428
10427 10430 10429
10426 10430 10427
10431 10429 10430
10426 10432 10430
10433 10432 10426
10431 10430 10434
10434 10430 10432
10435 10432 10433
10434 10432 10435
10435 10433 10436
10437 10435 10436
10431 10434 10438
10431 10438 10439
10440 10434 10435
10437 10440 10435
10440 10438 10434
10441 10440 10437
10442 10440 10441
10441 10437 10443
10444 10441 10443
10444 10445 10441
10445 10446 10441
10441 10446 10447
10441 10447 10442
10447 10448 10442
10449 10439 10438
10449 10450 10439
10449 10451 10450
10449 10452 10451
10453 10452 10449
10454 10449 10438
10453 10449 10454
10454 10438 10440
10442 10454 10440
10455 10453 10454
10455 10454 10442
10442 10456 10455
10442 10448 10457
10442 10457 10456
10458 10457 10448
10457 10459 10456
10458 10460 10457
10457 10460 10459
10461 10462 10463
10461 10463 10464
10464 10465 10461
10465 10466 10461
10465 10467 10466
10468 10469 10470
10468 10471 10469
10472 10471 10468
10472 10468 10473
10474 10472 10473
10474 10475 10472
10476 10474 10473
10476 10473 10477
10478 10479 10480
10478 10481 10479
10478 10482 10481
10482 10483 10481
10483 10484 10481
10483 10485 10484
10486 10484 10485
10486 10485 10487
10486 10487 10488
10489 10486 10488
10489 10488 10490
10491 10489 10490
10492 10493 10494
10492 10495 10493
10496 10493 10495
10496 10495 10497
10498 10496 10497
10499 10500 10492
10499 10501 10500
10502 10501 10499
10503 10500 10501
10504 10503 10501
10503 10505 10500
10506 10505 10503
10506 10503 10504
10506 10504 10507
10504 10508 10507
10502 10509 10501
10504 10501 10509
10510 10509 10502
10504 10509 10511
10510 10511 10509
10504 10512 10508
10504 10511 10512
10510 10513 10511
10513 10512 10511
10510 10514 10513
10513 10515 10512
10508 10512 10515
10508 10515 10516
10517 10518 10519
10517 10519 10520
10517 10520 10521
10522 10520 10519
10523 10522 10519
10521 10520 10524
10524 10520 10522
10525 10521 10524
10524 10522 10526
10524 10527 10525
10526 10528 10524
10524 10528 10527
10529 10530 10531
10529 10532 10530
10532 10533 10530
10530 10533 10534
10535 10530 10534
10536 10537 10538
10538 10537 10539
10538 10539 10540
10541 10542 10543
10541 10544 10542
10545 10544 10541
10545 10541 10546
10545 10546 10547
10542 10544 10548
10542 10548 10549
10550 10544 10545
10550 10548 10544
10545 10547 10551
10551 10547 10552
10553 10551 10552
10554 10545 10551
10553 10554 10551
10554 10550 10545
10555 10554 10553
10555 10550 10554
10556 10555 10553
10555 10556 10557
10555 10557 10558
10555 10559 10550
10559 10555 10558
10559 10548 10550
10559 10558 10560
10549 10548 10561
10559 10561 10548
10561 10559 10560
10562 10549 10561
10561 10560 10563
10563 10562 10561
10564 10565 10566
10564 10567 10565
10568 10567 10564
10567 10569 10565
10568 10570 10567
10570 10568 10571
10570 10571 10572
10567 10573 10569
10570 10573 10567
10573 10574 10569
10575 10570 10572
10570 10575 10573
10575 10572 10576
10577 10575 10576
10573 10578 10574
10575 10578 10573
10578 10579 10574
10577 10580 10575
10575 10580 10578
10581 10580 10577
10578 10582 10579
10580 10582 10578
10581 10583 10580
10583 10582 10580
10583 10581 10584
10585 10579 10582
10583 10585 10582
10585 10586 10579
10585 10587 10586
10585 10588 10587
10588 10585 10589
10585 10583 10589
10583 10584 10589
10584 10590 10589
10584 10591 10590
10590 10592 10589
10593 10594 10595
10593 10595 10596
10593 10596 10597
10596 10598 10597
10598 10599 10597
10599 10598 10600
10599 10600 10601
10602 10599 10601
10601 10603 10602
10601 10604 10603
10605 10606 10607
10605 10608 10606
10606 10608 10609
10610 10606 10609
10609 10611 10610
10609 10612 10611
10613 10614 10605
10613 10605 10615
10616 10613 10615
10617 10614 10613
10616 10618 10613
10618 10616 10619
10617 10613 10620
10618 10620 10613
10621 10617 10620
10621 10622 10617
10623 10621 10620
10618 10623 10620
10624 10623 10618
10623 10625 10621
10625 10623 10624
10625 10624 10626
10627 10626 10624
10618 10619 10628
10624 10618 10628
10628 10619 10629
10628 10629 10630
10624 10628 10630
10630 10629 10631
10630 10631 10632
10630 10632 10633
10627 10624 10634
10624 10630 10634
10634 10630 10633
10635 10627 10634
10635 10634 10633
10636 10637 10638
10636 10638 10639
10640 10636 10639
10641 10642 10643
10641 10643 10644
10645 10641 10644
10646 10643 10647
10646 10647 10648
10649 10646 10648
10647 10650 10648
10647 10651 10650
10650 10651 10652
10649 10648 10653
10650 10653 10648
10654 10649 10653
10654 10653 10655
10656 10655 10653
10650 10656 10653
10656 10657 10655
10650 10652 10658
10656 10650 10658
10658 10652 10659
10658 10659 10660
10661 10658 10660
10657 10656 10662
10656 10658 10662
10661 10662 10658
10657 10662 10663
10662 10664 10663
10662 10661 10664
10661 10665 10664
10661 10666 10665
10666 10667 10665
10666 10668 10667
10669 10670 10671
10670 10669 10672
10670 10672 10673
10673 10672 10674
10674 10672 10675
10672 10676 10675
10669 10677 10672
10672 10678 10676
10676 10678 10679
10678 10680 10679
10678 10681 10680
10677 10682 10672
10682 10678 10672
10683 10682 10677
10684 10683 10677
10681 10678 10685
10682 10685 10678
10681 10685 10686
10682 10687 10685
10683 10687 10682
10685 10688 10686
10687 10688 10685
10688 10689 10686
10689 10688 10690
10687 10691 10688
10683 10691 10687
10688 10692 10690
10691 10692 10688
10690 10692 10693
10693 10692 10694
10694 10692 10695
10694 10695 10696
10697 10696 10695
10691 10698 10692
10698 10695 10692
10699 10697 10695
10699 10700 10697
10700 10699 10701
10702 10698 10691
10683 10702 10691
10698 10703 10695
10703 10699 10695
10702 10703 10698
10699 10704 10701
10701 10704 10705
10706 10705 10704
10706 10704 10699
10703 10706 10699
10707 10706 10703
10702 10708 10703
10708 10707 10703
10709 10702 10683
10708 10702 10709
10708 10710 10707
10710 10711 10707
10710 10712 10711
10712 10710 10713
10710 10708 10714
10708 10709 10714
10709 10715 10714
10710 10714 10716
10715 10716 10714
10709 10683 10717
10717 10683 10684
10717 10684 10718
10719 10717 10718
10720 10709 10717
10709 10720 10715
10719 10721 10717
10720 10717 10721
10722 10721 10719
10722 10723 10721
10720 10721 10723
10720 10723 10724
10724 10715 10720
10724 10725 10715
10725 10726 10715
10726 10727 10715
10715 10727 10716
10727 10728 10716
10727 10729 10728
10727 10730 10729
10729 10730 10731
10732 10730 10727
10732 10733 10730
10731 10730 10733
10731 10733 10734
10735 10731 10734
10736 10716 10728
10735 10737 10731
10731 10737 10738
10739 10737 10735
10739 10740 10737
10740 10738 10737
10740 10739 10741
10729 10731 10742
10731 10738 10742
10740 10741 10743
10744 10743 10741
10744 10745 10743
10746 10745 10744
10747 10740 10743
10745 10747 10743
10740 10748 10738
10747 10748 10740
10749 10738 10748
10747 10749 10748
10746 10750 10745
10750 10746 10751
10750 10751 10752
10753 10752 10751
10753 10754 10752
10754 10755 10752
10750 10752 10755
10754 10756 10755
10755 10756 10757
10758 10745 10750
10750 10755 10758
10745 10759 10747
10758 10759 10745
10755 10757 10760
10758 10755 10760
10759 10761 10747
10747 10761 10749
10762 10759 10758
10759 10762 10761
10757 10763 10760
10757 10764 10763
10758 10760 10765
10762 10758 10765
10766 10763 10764
10767 10766 10764
10766 10768 10763
10763 10768 10769
10760 10763 10770
10763 10769 10770
10760 10770 10765
10769 10771 10770
10771 10772 10770
10772 10773 10770
10770 10773 10765
10772 10774 10773
10773 10774 10775
10765 10773 10776
10773 10775 10776
10775 10777 10776
10776 10777 10778
10765 10776 10762
10779 10776 10778
10776 10779 10762
10779 10778 10780
10779 10781 10762
10781 10761 10762
10761 10781 10782
10761 10782 10749
10779 10783 10781
10779 10784 10783
10779 10785 10784
10781 10783 10786
10781 10786 10782
10786 10787 10782
10788 10782 10787
10788 10789 10782
10782 10789 10749
10788 10790 10789
10789 10790 10791
10792 10789 10791
10749 10789 10792
10792 10791 10793
10793 10794 10792
10749 10792 10795
10749 10795 10738
10738 10795 10796
10742 10738 10796
10796 10795 10797
10798 10797 10795
10799 10797 10798
10799 10800 10797
10801 10797 10800
10796 10797 10801
10801 10800 10802
10802 10803 10801
10804 10801 10803
10796 10801 10804
10804 10803 10805
10806 10804 10805
10807 10742 10796
10807 10796 10804
10729 10742 10807
10808 10804 10806
10807 10804 10808
10809 10808 10806
10810 10808 10809
10810 10809 10811
10810 10811 10812
10810 10812 10813
10807 10808 10814
10814 10729 10807
10808 10810 10814
10810 10813 10815
10815 10813 10816
10815 10816 10817
10815 10817 10818
10810 10819 10814
10729 10814 10819
10810 10815 10819
10729 10819 10820
10820 10819 10815
10820 10815 10818
10820 10728 10729
10821 10820 10818
10728 10820 10821
10821 10818 10822
10821 10736 10728
10736 10821 10822
10736 10822 10823
10824 10825 10826
10824 10826 10827
10827 10826 10828
10829 10824 10827
10827 10828 10830
10829 10827 10831
10830 10831 10827
10831 10832 10829
10831 10830 10833
10831 10834 10832
10831 10833 10834
10835 10832 10834
10834 10833 10836
10835 10834 10837
10834 10836 10837
10838 10839 10840
10838 10841 10839
10842 10839 10841
10842 10841 10843
10844 10842 10843
10845 10846 10847
10845 10847 10848
10848 10847 10849
10850 10851 10852
10850 10852 10853
10852 10854 10853
10852 10855 10854
10856 10857 10858
10858 10857 10859
10858 10859 10860
10859 10861 10860
10862 10860 10861
10862 10861 10863
10864 10862 10863
10864 10863 10865
10864 10865 10866
10867 10864 10866
10867 10866 10868
10869 10870 10871
10869 10872 10870
10872 10873 10870
10874 10873 10875
10874 10875 10876
10877 10874 10876
10877 10876 10878
10879 10877 10878
10873 10874 10880
10880 10874 10877
10873 10880 10881
10880 10882 10881
10882 10883 10881
10882 10880 10884
10880 10877 10884
10877 10885 10884
10882 10884 10886
10885 10886 10884
10885 10887 10886
10888 10887 10885
10888 10885 10889
10885 10890 10889
10877 10891 10885
10885 10891 10890
10879 10891 10877
10891 10879 10890
10879 10892 10893
10893 10892 10894
10879 10893 10895
10893 10894 10896
10895 10893 10897
10893 10896 10897
10896 10898 10897
10898 10899 10897
10895 10897 10900
10899 10901 10897
10901 10900 10897
10901 10902 10900
10903 10904 10905
10903 10905 10906
10907 10903 10906
10907 10908 10903
10905 10909 10906
10909 10907 10906
10905 10910 10909
10911 10909 10910
10911 10912 10909
10912 10911 10913
10909 10914 10907
10912 10914 10909
10915 10908 10907
10915 10907 10914
10908 10915 10916
10915 10914 10917
10917 10916 10915
10912 10913 10918
10919 10918 10913
10919 10920 10918
10920 10921 10918
10921 10912 10918
10920 10922 10921
10921 10922 10923
10912 10924 10914
10921 10924 10912
10917 10914 10924
10921 10923 10925
10924 10921 10925
10925 10923 10926
10924 10925 10927
10927 10925 10926
10917 10924 10927
10927 10926 10928
10929 10927 10928
10929 10917 10927
10916 10917 10929
10930 10916 10929
10916 10930 10931
10916 10931 10932
10932 10931 10933
10932 10934 10916
10934 10908 10916
10932 10933 10935
10936 10935 10933
10908 10934 10937
10908 10937 10938
10937 10939 10938
10937 10940 10939
10941 10940 10937
10934 10941 10937
10941 10942 10940
10932 10943 10934
10934 10943 10941
10942 10941 10944
10942 10944 10945
10946 10943 10932
10932 10935 10946
10941 10943 10947
10941 10947 10944
10946 10947 10943
10945 10944 10948
10945 10948 10949
10944 10947 10950
10946 10950 10947
10944 10950 10948
10951 10946 10935
10946 10951 10950
10949 10948 10952
10949 10952 10953
10952 10954 10953
10948 10950 10955
10948 10955 10952
10951 10955 10950
10951 10935 10956
10936 10956 10935
10952 10957 10954
10955 10957 10952
10951 10958 10955
10951 10956 10958
10959 10956 10936
10956 10959 10958
10959 10936 10960
10960 10961 10959
10960 10962 10961
10961 10962 10963
10964 10954 10957
10964 10965 10954
10955 10966 10957
10966 10964 10957
10958 10966 10955
10966 10967 10964
10958 10967 10966
10958 10968 10967
10959 10968 10958
10961 10968 10959
10969 10968 10961
10969 10961 10970
10971 10969 10970
10961 10963 10972
10961 10972 10970
10971 10970 10973
10973 10970 10972
10963 10974 10972
10973 10972 10974
10963 10975 10974
10975 10976 10974
10976 10973 10974
10975 10977 10976
10976 10978 10973
10978 10971 10973
10978 10979 10971
10980 10981 10982
10983 10980 10982
10983 10984 10980
10983 10985 10984
10983 10986 10985
10987 10984 10985
10986 10988 10985
10988 10987 10985
10986 10989 10988
10988 10990 10987
10991 10992 10993
10991 10993 10994
10991 10994 10995
10996 10991 10995
10995 10994 10997
10996 10995 10998
10999 10996 10998
10999 10998 11000
11001 10999 11000
11001 11000 11002
11002 11000 11003
11004 11003 11000
10995 10997 11005
10998 10995 11005
11006 11005 10997
11006 11007 11005
10998 11005 11008
11007 11008 11005
11000 10998 11008
11007 11009 11008
11009 11010 11008
11010 11004 11011
11004 11000 11011
11000 11008 11011
11010 11011 11008
11012 11013 11014
11012 11015 11013
11016 11013 11015
11017 11016 11015
11018 11017 11015
11019 11018 11015
11020 11015 11012
11019 11015 11020
11020 11012 11021
11020 11021 11022
11020 11022 11023
11019 11020 11023
11024 11023 11022
11019 11023 11025
11026 11019 11025
11024 11027 11023
11027 11025 11023
11028 11026 11025
11027 11028 11025
11029 11028 11027
11028 11030 11026
11031 11030 11028
11031 11028 11029
11032 11031 11029
11024 11033 11027
11029 11027 11033
11024 11034 11033
11035 11033 11034
11035 11034 11036
11035 11036 11037
11035 11037 11038
11039 11035 11038
11040 11033 11035
11039 11040 11035
11040 11029 11033
11041 11029 11040
11042 11040 11039
11042 11041 11040
11041 11042 11043
11032 11029 11044
11041 11044 11029
11045 11032 11044
11045 11044 11046
11046 11044 11047
11044 11048 11047
11044 11041 11048
11048 11041 11049
11041 11043 11050
11041 11050 11049
11050 11043 11051
11052 11049 11050
11050 11051 11053
11052 11050 11053
11054 11055 11056
11055 11057 11056
11058 11057 11055
11057 11059 11056
11058 11060 11057
11060 11059 11057
11061 11060 11058
11060 11062 11059
11061 11063 11060
11063 11062 11060
11061 11064 11063
11061 11065 11064
11066 11064 11065
11059 11062 11067
11059 11067 11068
11067 11069 11068
11063 11070 11062
11070 11067 11062
11064 11070 11063
11067 11071 11069
11070 11071 11067
11071 11072 11069
11066 11073 11064
11073 11066 11074
11071 11075 11072
11075 11076 11072
11073 11074 11077
11077 11074 11078
11075 11079 11076
11079 11080 11076
11081 11080 11079
11081 11079 11075
11081 11082 11080
11081 11083 11082
11071 11084 11075
11081 11075 11084
11081 11085 11083
11085 11081 11084
11086 11083 11085
11071 11087 11084
11070 11087 11071
11086 11085 11088
11089 11086 11088
11085 11084 11090
11090 11084 11087
11088 11085 11090
11070 11091 11087
11064 11091 11070
11092 11091 11064
11087 11091 11092
11092 11064 11073
11087 11092 11093
11090 11087 11093
11094 11092 11073
11093 11092 11094
11094 11073 11077
11095 11090 11093
11093 11094 11095
11088 11090 11096
11095 11096 11090
11096 11097 11088
11089 11088 11097
11098 11089 11097
11098 11099 11089
11098 11100 11099
11098 11101 11100
11102 11101 11098
11096 11103 11097
11103 11096 11095
11098 11097 11103
11104 11095 11094
11103 11095 11104
11098 11103 11105
11102 11098 11105
11105 11103 11104
11102 11105 11106
11105 11104 11106
11102 11106 11107
11108 11107 11106
11104 11108 11106
11108 11109 11107
11110 11109 11108
11104 11094 11111
11104 11111 11108
11111 11094 11077
11110 11108 11112
11112 11108 11111
11111 11077 11113
11112 11111 11113
11077 11078 11113
11114 11113 11078
11114 11112 11113
11114 11110 11112
11114 11115 11110
11116 11117 11115
11116 11118 11117
11116 11119 11118
11116 11120 11119
11117 11118 11121
11117 11121 11122
11121 11123 11122
11124 11119 11120
11124 11120 11125
11118 11119 11126
11118 11126 11121
11126 11119 11124
11121 11127 11123
11128 11123 11127
11129 11124 11125
11129 11125 11130
11131 11121 11126
11131 11127 11121
11126 11124 11132
11132 11124 11129
11131 11126 11132
11128 11127 11133
11133 11127 11131
11128 11133 11134
11128 11134 11135
11134 11136 11135
11134 11137 11136
11134 11138 11137
11133 11131 11139
11134 11133 11139
11134 11140 11138
11134 11139 11140
11139 11131 11141
11131 11132 11141
11138 11140 11142
11138 11142 11143
11144 11140 11139
11139 11141 11144
11144 11142 11140
11143 11142 11145
11143 11145 11146
11142 11144 11147
11141 11147 11144
11142 11147 11145
11148 11141 11132
11141 11148 11147
11147 11148 11149
11148 11132 11150
11149 11148 11150
11132 11129 11150
11151 11146 11145
11151 11152 11146
11151 11153 11152
11145 11147 11154
11147 11149 11154
11145 11154 11151
11155 11154 11149
11151 11156 11153
11156 11157 11153
11151 11154 11158
11151 11158 11156
11158 11157 11156
11155 11158 11154
11158 11159 11157
11155 11159 11158
11155 11160 11159
11161 11160 11155
11161 11162 11160
11163 11162 11161
11164 11161 11155
11163 11161 11164
11164 11155 11165
11165 11155 11149
11166 11164 11165
11163 11164 11166
11167 11165 11149
11167 11166 11165
11167 11149 11168
11149 11150 11168
11169 11166 11167
11169 11167 11168
11170 11168 11150
11169 11168 11170
11129 11170 11150
11129 11171 11170
11171 11169 11170
11130 11171 11129
11130 11172 11171
11173 11171 11172
11173 11169 11171
11169 11174 11166
11173 11174 11169
11174 11163 11166
11173 11175 11174
11174 11176 11163
11175 11176 11174
11176 11177 11163
11175 11178 11176
11179 11177 11176
11179 11176 11178
11180 11181 11182
11180 11182 11183
11180 11183 11184
11182 11185 11183
11182 11186 11185
11187 11188 11189
11187 11190 11188
11190 11187 11191
11190 11191 11192
11191 11193 11192
11194 11195 11196
11196 11195 11197
11195 11198 11197
11196 11197 11199
11199 11197 11200
11201 11202 11203
11204 11201 11203
11203 11205 11204
11203 11206 11205
11207 11204 11205
11207 11208 11204
11208 11207 11209
11207 11210 11209
11207 11211 11210
11206 11212 11205
11207 11205 11212
11211 11207 11212
11206 11213 11212
11214 11211 11212
11215 11212 11213
11215 11214 11212
11216 11217 11218
11216 11218 11219
11219 11218 11220
11219 11220 11221
11222 11223 11224
11222 11224 11225
11225 11224 11226
11226 11224 11227
11228 11227 11224
11228 11224 11229
11230 11228 11229
11230 11229 11231
11230 11231 11232
11233 11231 11229
11233 11234 11231
11233 11229 11235
11235 11229 11224
11235 11224 11236
11237 11236 11224
11238 11237 11224
11239 11238 11224
11239 11224 11240
11241 11242 11243
11241 11243 11244
11244 11243 11245
11245 11243 11246
11247 11246 11243
11247 11243 11248
11249 11247 11248
11249 11248 11250
11249 11250 11251
11252 11250 11248
11252 11253 11250
11252 11248 11254
11254 11248 11243
11254 11243 11255
11256 11255 11243
11257 11256 11243
11258 11257 11243
11258 11243 11259
11260 11261 11262
11260 11262 11263
11263 11262 11264
11264 11262 11265
11266 11265 11262
11266 11262 11267
11268 11266 11267
11268 11267 11269
11268 11269 11270
11271 11269 11267
11271 11272 11269
11271 11267 11273
11273 11267 11262
11273 11262 11274
11275 11274 11262
11276 11275 11262
11277 11276 11262
11277 11262 11278
11279 11280 11281
11279 11281 11282
11282 11281 11283
11283 11281 11284
11285 11284 11281
11285 11281 11286
11287 11285 11286
11287 11286 11288
11287 11288 11289
11290 11281 11291
11290 11292 11281
11292 11293 11281
11293 11294 11281
11295 11281 11294
11295 11296 11281
11297 11296 11295
11297 11298 11296
11297 11299 11298
11300 11301 11302
11300 11302 11303
11303 11302 11304
11304 11302 11305
11306 11305 11302
11306 11302 11307
11308 11306 11307
11308 11307 11309
11308 11309 11310
11311 11310 11309
11311 11309 11307
11311 11307 11312
11312 11307 11302
11312 11302 11313
11314 11313 11302
11315 11314 11302
11316 11315 11302
11316 11302 11317
11318 11319 11320
11318 11320 11321
11321 11320 11322
11322 11320 11323
11324 11323 11320
11324 11320 11325
11326 11324 11325
11326 11325 11327
11326 11327 11328
11329 11327 11325
11329 11330 11327
11329 11325 11331
11331 11325 11320
11331 11320 11332
11333 11332 11320
11334 11333 11320
11335 11334 11320
11335 11320 11336
11337 11338 11339
11337 11340 11338
11337 11341 11340
11337 11342 11341
11342 11343 11341
11342 11344 11343
11343 11344 11345
11343 11345 11346
11346 11345 11347
11348 11346 11347
11349 11346 11348
11338 11340 11350
11340 11341 11350
11338 11350 11351
11352 11350 11341
11353 11352 11341
11353 11341 11343
11353 11343 11354
11355 11354 11343
11355 11343 11346
11355 11346 11356
11357 11356 11346
11357 11346 11358
11349 11358 11346
11349 11359 11358
11359 11360 11358
11349 11361 11359
11359 11362 11360
11361 11363 11359
11362 11359 11363
11362 11363 11364
11361 11365 11363
11365 11366 11363
11365 11367 11366
11363 11368 11364
11363 11366 11368
11369 11366 11367
11368 11366 11370
11369 11371 11366
11366 11372 11370
11371 11373 11366
11366 11373 11372
11374 11375 11376
11374 11376 11377
11374 11377 11378
11374 11378 11379
11376 11380 11377
11377 11380 11378
11381 11380 11376
11378 11380 11382
11382 11380 11383
11384 11380 11381
11384 11383 11380
11382 11383 11385
11384 11386 11383
11383 11387 11385
11383 11388 11387
11389 11387 11388
11390 11383 11386
11390 11388 11383
11391 11389 11388
11390 11392 11388
11393 11388 11392
11394 11391 11388
11393 11395 11388
11394 11388 11395
11394 11395 11396
11394 11396 11397
11396 11395 11398
11396 11398 11399
11400 11397 11396
11399 11401 11396
11400 11396 11401
11399 11402 11401
11403 11400 11401
11402 11403 11401
11403 11404 11400
11402 11405 11403
11406 11404 11403
11403 11405 11407
11408 11406 11403
11403 11407 11409
11410 11408 11403
11410 11403 11409
11411 11412 11413
11411 11413 11414
11414 11413 11415
11414 11415 11416
11416 11415 11417
11416 11417 11418
11417 11419 11418
11417 11420 11419
11421 11422 11423
11421 11424 11422
11425 11424 11421
11425 11421 11426
11427 11425 11426
11427 11426 11428
11427 11428 11429
11429 11428 11430
11429 11430 11431
11430 11432 11431
11430 11433 11432
11434 11432 11433
11434 11433 11435
11434 11435 11436
11436 11435 11437
11438 11436 11437
11439 11438 11437
11439 11437 11440
11440 11441 11439
11440 11442 11441
11441 11442 11443
11441 11443 11444
11444 11443 11445
11444 11445 11446
11446 11445 11447
11446 11447 11448
11447 11449 11448
11447 11450 11449
11451 11452 11453
11451 11453 11454
11455 11451 11454
11455 11454 11456
11457 11455 11456
11457 11458 11455
11457 11459 11458
11459 11460 11458
11459 11461 11460
11461 11462 11460
11461 11463 11462
11464 11462 11463
11464 11465 11462
11464 11466 11465
11466 11467 11465
11468 11467 11466
11469 11467 11468
11469 11470 11467
11470 11469 11471
11470 11471 11472
11471 11473 11472
11471 11474 11473
11474 11475 11473
11474 11476 11475
11476 11477 11475
11476 11478 11477
11477 11478 11479
11477 11479 11480
11481 11482 11483
11481 11484 11482
11484 11485 11482
11484 11486 11485
11486 11487 11485
11486 11488 11487
11487 11488 11489
11487 11489 11490
11491 11492 11493
11491 11493 11494
11495 11491 11494
11495 11494 11496
11497 11495 11496
11497 11498 11495
11497 11499 11498
11499 11500 11498
11499 11501 11500
11501 11502 11500
11501 11503 11502
11504 11502 11503
11504 11505 11502
11504 11506 11505
11506 11507 11505
11508 11507 11506
11509 11507 11508
11509 11510 11507
11510 11509 11511
11510 11511 11512
11511 11513 11512
11511 11514 11513
11514 11515 11513
11514 11516 11515
11516 11517 11515
11516 11518 11517
11517 11518 11519
11517 11519 11520
11521 11522 11523
11521 11524 11522
11525 11524 11521
11525 11521 11526
11527 11525 11526
11527 11526 11528
11527 11528 11529
11529 11528 11530
11529 11530 11531
11530 11532 11531
11530 11533 11532
11534 11532 11533
11534 11533 11535
11534 11535 11536
11536 11535 11537
11538 11536 11537
11539 11538 11537
11539 11537 11540
11540 11541 11539
11540 11542 11541
11541 11542 11543
11541 11543 11544
11544 11543 11545
11544 11545 11546
11546 11545 11547
11546 11547 11548
11547 11549 11548
11547 11550 11549
11551 11552 11553
11551 11554 11552
11551 11555 11554
11556 11554 11555
11556 11557 11554
11556 11558 11557
11556 11559 11558
11560 11558 11559
11560 11559 11561
11560 11561 11562
11563 11564 11565
11563 11566 11564
11563 11567 11566
11568 11566 11567
11568 11569 11566
11569 11568 11570
11569 11570 11571
11570 11572 11571
11570 11573 11572
11574 11572 11573
11574 11573 11575
11574 11575 11576
11577 11578 11579
11580 11578 11577
11580 11581 11578
11581 11580 11582
11581 11582 11583
11582 11584 11583
11582 11585 11584
11586 11584 11585
11586 11585 11587
11586 11587 11588
11589 11590 11591
11589 11592 11590
11589 11593 11592
11594 11592 11593
11594 11595 11592
11595 11594 11596
11595 11596 11597
11596 11598 11597
11596 11599 11598
11600 11598 11599
11600 11599 11601
11600 11601 11602
11603 11604 11605
11603 11606 11604
11603 11607 11606
11608 11606 11607
11608 11609 11606
11609 11608 11610
11609 11610 11611
11610 11612 11611
11610 11613 11612
11614 11612 11613
11614 11613 11615
11614 11615 11616
11617 11618 11619
11617 11620 11618
11617 11621 11620
11622 11620 11621
11622 11623 11620
11623 11622 11624
11623 11624 11625
11624 11626 11625
11624 11627 11626
11628 11626 11627
11628 11627 11629
11628 11629 11630
11631 11632 11633
11631 11634 11632
11631 11635 11634
11636 11634 11635
11636 11637 11634
11637 11636 11638
11637 11638 11639
11638 11640 11639
11638 11641 11640
11642 11640 11641
11642 11641 11643
11642 11643 11644
11645 11646 11647
11645 11648 11646
11645 11649 11648
11650 11648 11649
11650 11651 11648
11651 11650 11652
11651 11652 11653
11652 11654 11653
11652 11655 11654
11656 11654 11655
11656 11655 11657
11656 11657 11658
11659 11660 11661
11659 11661 11662
11661 11663 11662
11659 11662 11664
11659 11664 11665
11664 11666 11665
11667 11662 11663
11664 11662 11667
11664 11668 11666
11664 11667 11669
11668 11664 11669
11666 11668 11670
11666 11670 11671
11672 11668 11669
11670 11668 11672
11671 11670 11673
11671 11673 11674
11673 11675 11674
11670 11672 11676
11670 11676 11673
11673 11677 11675
11677 11678 11675
11673 11679 11677
11673 11676 11679
11677 11680 11678
11680 11677 11679
11681 11678 11680
11681 11680 11682
11683 11681 11682
11680 11679 11684
11682 11680 11684
11676 11685 11679
11679 11686 11684
11679 11685 11686
11682 11684 11687
11687 11684 11686
11683 11682 11688
11688 11682 11687
11689 11683 11688
11689 11690 11683
11691 11689 11688
11691 11688 11692
11688 11687 11692
11693 11691 11692
11692 11687 11694
11687 11686 11694
11693 11692 11695
11692 11694 11695
11696 11693 11695
11696 11695 11697
11698 11696 11697
11695 11694 11699
11695 11699 11697
11694 11686 11700
11694 11700 11699
11698 11697 11701
11702 11698 11701
11697 11699 11703
11697 11703 11701
11702 11701 11704
11705 11702 11704
11706 11700 11686
11707 11700 11706
11706 11686 11685
11699 11700 11708
11699 11708 11703
11707 11708 11700
11709 11701 11703
11709 11704 11701
11710 11703 11708
11710 11708 11707
11710 11709 11703
11705 11704 11711
11711 11712 11705
11704 11709 11713
11704 11713 11711
11711 11714 11712
11714 11715 11712
11709 11710 11716
11709 11716 11713
11717 11713 11716
11718 11711 11713
11718 11714 11711
11717 11718 11713
11714 11719 11715
11720 11715 11719
11721 11714 11718
11717 11721 11718
11721 11719 11714
11722 11719 11721
11720 11719 11723
11722 11723 11719
11723 11724 11720
11723 11725 11724
11725 11723 11722
11726 11724 11725
11726 11725 11727
11728 11727 11725
11728 11725 11729
11725 11722 11729
11730 11728 11729
11730 11729 11731
11722 11731 11729
11732 11730 11731
11733 11722 11721
11717 11733 11721
11722 11734 11731
11733 11734 11722
11735 11732 11731
11735 11731 11734
11736 11734 11733
11736 11735 11734
11737 11732 11735
11737 11738 11732
11739 11737 11735
11739 11735 11736
11740 11738 11737
11737 11739 11740
11740 11741 11738
11736 11733 11742
11742 11733 11717
11739 11736 11743
11736 11742 11743
11744 11743 11742
11739 11743 11745
11745 11740 11739
11744 11745 11743
11746 11741 11740
11746 11747 11741
11742 11717 11748
11744 11742 11748
11717 11749 11748
11749 11744 11748
11717 11716 11749
11750 11740 11745
11750 11746 11740
11747 11746 11751
11750 11751 11746
11747 11751 11752
11751 11753 11752
11754 11749 11716
11710 11754 11716
11751 11755 11753
11755 11756 11753
11755 11757 11756
11755 11758 11757
11759 11755 11751
11750 11759 11751
11754 11760 11749
11749 11760 11744
11710 11761 11754
11710 11707 11761
11760 11754 11762
11761 11762 11754
11744 11760 11763
11760 11762 11763
11761 11764 11762
11764 11761 11707
11765 11758 11755
11759 11765 11755
11744 11763 11766
11744 11766 11745
11766 11750 11745
11762 11767 11763
11762 11764 11767
11759 11750 11768
11766 11768 11750
11769 11766 11763
11763 11767 11769
11769 11768 11766
11770 11768 11769
11759 11768 11771
11765 11759 11771
11770 11771 11768
11765 3720 11758
11771 3720 11765
11771 3723 3720
11770 3723 11771
3720 3714 11758
11758 3714 11772
3714 11773 11772
3714 3716 11773
11770 3726 3723
3726 11770 11774
3731 3726 11774
11775 11770 11769
11770 11776 11774
11775 11776 11770
11777 11774 11776
11777 11776 11775
11778 11775 11769
11767 11778 11769
11779 11778 11767
11764 11779 11767
11780 11775 11778
11779 11780 11778
11781 11779 11764
11779 11781 11780
11780 11782 11775
11777 11775 11782
11781 11764 11783
11783 11764 11707
11781 11784 11780
11784 11782 11780
11783 11707 11785
11707 11706 11785
11685 11785 11706
11783 11786 11781
11783 11785 11786
11786 11785 11685
11781 11786 11784
11786 11685 11787
11676 11787 11685
11672 11787 11676
11787 11788 11786
11788 11784 11786
11672 11788 11787
11784 11789 11782
11788 11789 11784
11790 11788 11672
11788 11790 11789
11790 11672 11669
11791 11790 11669
11789 11790 11791
11791 11669 11667
11792 11782 11789
11789 11791 11792
11792 11777 11782
11791 11793 11792
11777 11792 11793
11667 3740 11791
11791 3740 11793
11667 3743 3740
3743 11667 11663
3746 3743 11663
3746 11663 11794
11795 3746 11794
11795 3749 3746
3740 3737 11793
11793 3737 11796
3737 11797 11796
3737 3734 11797
11793 11796 11798
11777 11793 11798
11799 11798 11796
11799 11796 11800
11777 11798 11801
11799 11801 11798
11800 11802 11799
11800 11803 11802
11802 11803 11804
11802 11804 11805
11806 11805 11804
11777 11801 11807
11801 11805 11807
11806 11807 11805
11777 11807 11774
11807 11806 11774
3731 11774 11806
3731 11806 11808
3734 3731 11808
11799 11809 11801
11801 11809 11805
11799 11810 11809
11809 11810 11805
11811 11812 11813
11811 11813 11814
11811 11814 11815
11811 11815 11816
11815 11817 11816
11813 11818 11814
11813 11819 11818
11819 11820 11818
11814 11821 11815
11814 11818 11821
11818 11820 11822
11821 11818 11822
11820 11823 11822
11822 11823 11824
11815 11825 11817
11821 11825 11815
11824 11826 11822
11824 11827 11826
11826 11827 11828
11821 11822 11829
11822 11826 11829
11830 11817 11825
11831 11817 11830
11821 11832 11825
11829 11832 11821
11833 11825 11832
11830 11825 11833
11834 11830 11833
11831 11830 11835
11834 11835 11830
11831 11835 11836
11836 11835 11837
11837 11835 11834
11836 11837 11838
11839 11838 11837
11833 11832 11840
11829 11840 11832
11841 11834 11833
11833 11840 11841
11839 11837 11842
11839 11842 11843
11839 11843 11844
11843 11845 11844
11843 11846 11845
11847 11846 11843
11842 11837 11848
11837 11834 11848
11847 11843 11849
11849 11850 11847
11843 11842 11851
11842 11848 11851
11843 11851 11849
11849 11852 11850
11851 11852 11849
11853 11850 11852
11834 11854 11848
11854 11851 11848
11853 11852 11855
11856 11853 11855
11851 11857 11852
11854 11857 11851
11855 11852 11857
11855 11857 11858
11854 11858 11857
11834 11859 11854
11841 11859 11834
11856 11855 11860
11860 11855 11858
11861 11856 11860
11861 11862 11856
11863 11862 11861
11863 11864 11862
11863 11865 11864
11861 11860 11866
11860 11858 11866
11854 11867 11858
11859 11867 11854
11868 11859 11841
11840 11868 11841
11861 11866 11869
11869 11863 11861
11870 11866 11858
11870 11858 11867
11870 11869 11866
11859 11871 11867
11868 11871 11859
11871 11870 11867
11863 11872 11865
11872 11873 11865
11840 11874 11868
11874 11840 11829
11872 11875 11873
11875 11876 11873
11874 11829 11877
11826 11877 11829
11826 11878 11877
11826 11828 11878
11874 11877 11879
11878 11879 11877
11828 11880 11878
11878 11880 11879
11828 11881 11880
11882 11880 11881
11882 11881 11883
11882 11883 11884
11885 11882 11884
11874 11879 11886
11868 11874 11886
11880 11887 11879
11880 11882 11887
11886 11879 11887
11888 11882 11885
11888 11885 11889
11890 11888 11889
11891 11882 11888
11891 11887 11882
11891 11888 11890
11892 11868 11886
11892 11871 11868
11893 11886 11887
11887 11891 11893
11893 11892 11886
11892 11894 11871
11871 11894 11870
11892 11895 11894
11893 11895 11892
11894 11896 11870
11894 11895 11896
11870 11896 11869
11893 11891 11897
11891 11890 11897
11898 11895 11893
11893 11897 11898
11899 11869 11896
11869 11899 11863
11900 11896 11895
11898 11900 11895
11890 11901 11897
11897 11901 11898
11899 11896 11902
11900 11902 11896
11903 11863 11899
11903 11872 11863
11899 11902 11904
11899 11904 11903
11905 11872 11903
11905 11875 11872
11902 11906 11904
11900 11906 11902
11903 11904 11907
11903 11907 11905
11906 11907 11904
11908 11875 11905
11907 11908 11905
11908 11909 11875
11875 11909 11876
11910 11876 11909
11910 11911 11876
11912 11909 11908
11912 11910 11909
11913 11911 11910
11913 11914 11911
11915 11913 11910
11915 11910 11912
11907 11916 11908
11916 11912 11908
11915 11912 11917
11916 11917 11912
11916 11918 11917
11919 11915 11917
11918 11919 11917
11918 11920 11919
11918 11921 11920
11922 11916 11907
11906 11922 11907
11922 11923 11916
11916 11923 11918
11924 11922 11906
11924 11923 11922
11918 11923 11925
11924 11925 11923
11918 11926 11921
11925 11926 11918
11927 11921 11926
11927 11926 11925
11921 11927 11928
11927 11929 11928
11924 11906 11930
11930 11906 11900
11931 11925 11924
11927 11925 11931
11932 11930 11900
11932 11900 11898
11933 11924 11930
11931 11924 11933
11933 11930 11932
11927 11934 11929
11934 11935 11929
11932 11898 11936
11936 11898 11901
11936 11901 11937
11890 11937 11901
11938 11937 11890
11936 11937 11939
11939 11937 11938
11932 11936 11940
11939 11940 11936
11940 11941 11932
11933 11932 11941
11938 11890 11942
11890 11889 11942
11889 11943 11942
11943 11944 11942
11944 11945 11942
11942 11945 11946
11946 11938 11942
11946 11947 11938
11946 11948 11947
11947 11948 11949
11947 11949 11950
11951 11947 11950
11952 11947 11951
11947 11952 11953
11938 11947 11953
11938 11953 11954
11955 11954 11953
11954 11955 11956
11954 11956 11957
11939 11938 11954
11958 11954 11957
11958 11939 11954
11958 11959 11939
11939 11959 11940
11959 11958 11960
11941 11940 11959
11961 11959 11960
11941 11959 11961
11961 11960 11962
11963 11961 11962
11963 11964 11961
11963 11965 11964
11964 11965 11966
11967 11964 11966
11961 11968 11941
11961 11964 11968
11933 11941 11968
11968 11969 11933
11969 11968 11964
11969 11931 11933
11967 11970 11964
11969 11964 11970
11967 11971 11970
11970 11971 11972
11969 11973 11931
11970 11973 11969
11972 11974 11970
11970 11974 11973
11972 11975 11974
11974 11975 11976
11977 11974 11976
11973 11974 11977
11978 11977 11976
11979 11931 11973
11973 11977 11979
11931 11979 11927
11980 11977 11978
11979 11977 11980
11980 11978 11981
11980 11981 11982
11979 11983 11927
11979 11980 11983
11927 11983 11934
11984 11980 11982
11983 11980 11984
11983 11984 11934
11985 11984 11982
11934 11984 11935
11935 11984 11985
11935 11985 11986
11987 11988 11989
11990 11987 11989
11990 11991 11987
11992 11993 11994
11992 11994 11995
11996 11992 11995
11997 11998 11999
11997 12000 11998
11997 12001 12000
12002 12000 12001
12002 12003 12000
12003 12002 12004
12003 12004 12005
12004 12006 12005
12004 12007 12006
12008 12006 12007
12008 12007 12009
12008 12009 12010
12011 12012 12013
12011 12014 12012
12011 12015 12014
12016 12014 12015
12016 12017 12014
12017 12016 12018
12017 12018 12019
12018 12020 12019
12018 12021 12020
12022 12020 12021
12022 12021 12023
12022 12023 12024
12025 12026 12027
12025 12028 12026
12025 12029 12028
12030 12028 12029
12030 12031 12028
12031 12030 12032
12031 12032 12033
12032 12034 12033
12032 12035 12034
12034 12035 12036
12037 12038 12039
12037 12040 12038
12037 12041 12040
12040 12041 12042
12040 12042 12043
12042 12044 12043
12042 12045 12044
12046 12044 12045
12046 12045 12047
12046 12047 12048
12049 12050 12051
12049 12052 12050
12049 12053 12052
12054 12052 12053
12054 12055 12052
12055 12054 12056
12055 12056 12057
12056 12058 12057
12056 12059 12058
12058 12059 12060
12061 12062 12063
12064 12062 12061
12064 12065 12062
12065 12064 12066
12065 12066 12067
12066 12068 12067
12066 12069 12068
12070 12068 12069
12070 12069 12071
12070 12071 12072
12073 12074 12075
12073 12076 12074
12073 12077 12076
12078 12076 12077
12078 12079 12076
12079 12078 12080
12079 12080 12081
12080 12082 12081
12080 12083 12082
12084 12082 12083
12084 12083 12085
12084 12085 12086
12087 12088 12089
12087 12090 12088
12087 12091 12090
12092 12090 12091
12092 12093 12090
12093 12092 12094
12093 12094 12095
12094 12096 12095
12094 12097 12096
12098 12096 12097
12098 12097 12099
12098 12099 12100
12101 12102 12103
12104 12102 12101
12104 12105 12102
12105 12104 12106
12105 12106 12107
12106 12108 12107
12106 12109 12108
12110 12108 12109
12110 12109 12111
12110 12111 12112
12113 12114 12115
12113 12116 12114
12113 12117 12116
12118 12116 12117
12118 12119 12116
12119 12118 12120
12119 12120 12121
12122 12121 12120
12122 12120 12123
12122 12123 12124
12125 12126 12127
12125 12128 12126
12125 12129 12128
12130 12128 12129
12130 12131 12128
12131 12130 12132
12131 12132 12133
12132 12134 12133
12132 12135 12134
12136 12134 12135
12136 12135 12137
12136 12137 12138
12139 12140 12141
12139 12142 12140
12139 12143 12142
12144 12142 12143
12144 12145 12142
12145 12144 12146
12145 12146 12147
12146 12148 12147
12146 12149 12148
12150 12148 12149
12150 12149 12151
12150 12151 12152
12153 12154 12155
12153 12156 12154
12153 12157 12156
12158 12156 12157
12158 12159 12156
12159 12158 12160
12159 12160 12161
12160 12162 12161
12160 12163 12162
12164 12162 12163
12164 12163 12165
12164 12165 12166
12167 12168 12169
12167 12170 12168
12167 12171 12170
12172 12170 12171
12172 12173 12170
12173 12172 12174
12173 12174 12175
12174 12176 12175
12174 12177 12176
12178 12176 12177
12178 12177 12179
12178 12179 12180
12181 12182 12183
12181 12184 12182
12181 12185 12184
12186 12184 12185
12186 12187 12184
12187 12186 12188
12187 12188 12189
12188 12190 12189
12188 12191 12190
12192 12190 12191
12192 12191 12193
12192 12193 12194
12195 12196 12197
12195 12198 12196
12195 12199 12198
12200 12198 12199
12200 12201 12198
12201 12200 12202
12201 12202 12203
12202 12204 12203
12202 12205 12204
12206 12204 12205
12206 12205 12207
12206 12207 12208
12209 12210 12211
12212 12210 12209
12212 12213 12210
12213 12212 12214
12213 12214 12215
12214 12216 12215
12214 12217 12216
12218 12216 12217
12218 12217 12219
12218 12219 12220
12221 12222 12223
12221 12224 12222
12221 12225 12224
12226 12224 12225
12226 12227 12224
12227 12226 12228
12227 12228 12229
12228 12230 12229
12228 12231 12230
12232 12230 12231
12232 12231 12233
12232 12233 12234
12235 12236 12237
12235 12238 12236
12235 12239 12238
12240 12238 12239
12240 12241 12238
12241 12240 12242
12241 12242 12243
12242 12244 12243
12242 12245 12244
12246 12244 12245
12246 12245 12247
12246 12247 12248
12249 12250 12251
12249 12252 12250
12249 12253 12252
12254 12252 12253
12254 12255 12252
12255 12254 12256
12255 12256 12257
12256 12258 12257
12256 12259 12258
12260 12258 12259
12260 12259 12261
12260 12261 12262
12263 12264 12265
12263 12266 12264
12263 12267 12266
12268 12266 12267
12268 12269 12266
12269 12268 12270
12269 12270 12271
12270 12272 12271
12270 12273 12272
12272 12273 12274
12275 12276 12277
12275 12278 12276
12275 12279 12278
12280 12278 12279
12280 12281 12278
12281 12280 12282
12281 12282 12283
12282 12284 12283
12282 12285 12284
12286 12284 12285
12286 12285 12287
12286 12287 12288
12289 12290 12291
12289 12292 12290
12289 12293 12292
12294 12292 12293
12294 12295 12292
12295 12294 12296
12295 12296 12297
12296 12298 12297
12296 12299 12298
12300 12298 12299
12300 12299 12301
12300 12301 12302
12303 12304 12305
12303 12306 12304
12303 12307 12306
12308 12306 12307
12308 12309 12306
12309 12308 12310
12309 12310 12311
12310 12312 12311
12310 12313 12312
12314 12312 12313
12314 12313 12315
12314 12315 12316
12317 12318 12319
12317 12319 12320
12320 12319 12321
12321 12319 12322
12323 12322 12319
12323 12319 12324
12325 12323 12324
12325 12324 12326
12325 12326 12327
12328 12324 12319
12329 12324 12328
12329 12330 12324
12329 12331 12330
12328 12319 12332
12333 12332 12319
12334 12333 12319
12335 12334 12319
12335 12319 12336
12337 12338 12339
12337 12339 12340
12340 12339 12341
12341 12339 12342
12343 12342 12339
12343 12339 12344
12345 12343 12344
12345 12344 12346
12345 12346 12347
12348 12344 12339
12349 12344 12348
12349 12350 12344
12349 12351 12350
12348 12339 12352
12353 12352 12339
12354 12353 12339
12355 12354 12339
12355 12339 12356
12357 12358 12359
12357 12359 12360
12360 12359 12361
12361 12359 12362
12362 12359 12363
12362 12363 12364
12364 12363 12365
12363 12366 12365
12365 12366 12367
12368 12359 12369
12368 12370 12359
12370 12371 12359
12371 12372 12359
12373 12359 12372
12372 12374 12373
12374 12375 12373
12373 12375 12376
12375 12377 12376
12378 12379 12380
12378 12380 12381
12381 12380 12382
12380 12383 12382
12380 12384 12383
12384 12385 12383
12384 12386 12385
12384 12387 12386
12386 12387 12388
12384 12389 12387
12389 12390 12387
12384 12391 12389
12384 12392 12391
12380 12392 12384
12380 12393 12392
12394 12393 12380
12395 12394 12380
12395 12380 12396
12397 12398 12399
12397 12399 12400
12400 12399 12401
12401 12399 12402
12403 12402 12399
12403 12399 12404
12405 12403 12404
12405 12404 12406
12405 12406 12407
12408 12404 12399
12409 12404 12408
12409 12410 12404
12409 12411 12410
12408 12399 12412
12413 12412 12399
12414 12413 12399
12415 12414 12399
12415 12399 12416
12417 12418 12419
12417 12419 12420
12420 12419 12421
12421 12419 12422
12423 12422 12419
12423 12419 12424
12425 12423 12424
12425 12424 12426
12425 12426 12427
12428 12424 12419
12429 12424 12428
12429 12430 12424
12429 12431 12430
12428 12419 12432
12433 12432 12419
12434 12433 12419
12435 12434 12419
12435 12419 12436
12437 12438 12439
12437 12440 12438
12441 12438 12440
12441 12440 12442
12441 12442 12443
12441 12443 12444
12445 12444 12443
12445 12443 12446
12446 12447 12445
12446 12448 12447
12449 12447 12448
12449 12448 12450
12451 12449 12450
12451 12452 12449
12453 12454 12455
12453 12455 12456
12457 12458 12459
12457 12460 12458
12460 12461 12458
12460 12462 12461
12462 12463 12461
12462 12464 12463
12465 12463 12464
12465 12466 12463
12467 12466 12465
12467 12468 12466
12468 12467 12469
12468 12469 12470
12470 12469 12471
12470 12471 12472
12472 12471 12473
12472 12473 12474
12473 12475 12474
12473 12476 12475
12477 12478 12479
12478 12480 12479
12480 12478 12481
12480 12482 12479
12482 12483 12479
12482 12480 12484
12480 12485 12484
12480 12481 12485
12486 12484 12485
12481 12487 12485
12486 12485 12487
12481 12488 12487
12489 12486 12487
12488 12490 12487
12489 12487 12490
12488 12491 12490
12490 12492 12489
12493 12490 12491
12490 12494 12492
12493 12494 12490
12495 12492 12494
12496 12494 12493
12495 12494 12497
12496 12497 12494
12497 12498 12495
12497 12496 12498
12499 12500 12501
12499 12502 12500
12502 12503 12500
12502 12504 12503
12502 12499 12505
12502 12506 12504
12502 12505 12507
12502 12507 12506
12508 12507 12505
12506 12507 12509
12508 12509 12507
12506 12509 12510
12509 12511 12510
12512 12509 12508
12509 12512 12511
12512 12508 12513
12512 12514 12511
12515 12512 12513
12512 12516 12514
12515 12516 12512
12516 12517 12514
12518 12516 12515
12516 12519 12517
12518 12519 12516
12519 12520 12517
12519 12518 12520
12521 12522 12523
12521 12524 12522
12522 12524 12525
12525 12526 12522
12527 12528 12529
12529 12528 12530
12529 12530 12531
12530 12532 12531
12530 12533 12532
12534 12532 12533
12534 12533 12535
12536 12534 12535
12536 12537 12534
12538 12537 12536
12538 12536 12539
12540 12538 12539
12540 12541 12538
12542 12541 12540
12542 12543 12541
12544 12543 12542
12544 12545 12543
12544 12546 12545
12544 12547 12546
12544 12548 12547
12548 12549 12547
12548 12550 12549
12550 12551 12549
12550 12552 12551
12551 12552 12553
12551 12553 12554
12555 12554 12553
12555 12556 12554
12555 12557 12556
12558 12559 12560
12559 12561 12560
12559 12562 12561
12561 12562 12563
12561 12563 12564
12565 12564 12563
12565 12566 12564
12567 12566 12565
12567 12565 12568
12569 12567 12568
12569 12570 12567
12571 12570 12569
12571 12569 12572
12573 12571 12572
12573 12572 12574
12575 12573 12574
12575 12574 12576
12575 12576 12577
12575 12577 12578
12575 12578 12579
12579 12578 12580
12579 12580 12581
12581 12580 12582
12581 12582 12583
12582 12584 12583
12582 12585 12584
12586 12584 12585
12586 12585 12587
12586 12587 12588
12589 12590 12591
12589 12592 12590
12593 12592 12589
12593 12594 12592
12595 12590 12592
12592 12594 12596
12595 12592 12597
12592 12596 12597
12597 12598 12595
12597 12596 12599
12597 12600 12598
12597 12599 12600
12601 12598 12600
12600 12599 12602
12601 12600 12603
12600 12602 12603
12604 12601 12603
12603 12602 12605
12604 12603 12606
12603 12605 12606
12607 12604 12606
12606 12605 12608
12607 12606 12609
12606 12608 12609
12610 12607 12609
12611 12609 12608
12610 12609 12612
12611 12612 12609
12613 12610 12612
12614 12612 12611
12613 12612 12615
12614 12615 12612
12615 12616 12613
12617 12615 12614
12615 12617 12616
12617 12614 12618
12617 12619 12616
12620 12617 12618
12617 12621 12619
12620 12621 12617
12621 12622 12619
12623 12621 12620
12621 12624 12622
12623 12624 12621
12625 12622 12624
12623 12626 12624
12625 12624 12627
12626 12627 12624
12627 12628 12625
12626 12628 12627
12625 12628 12629
12630 12628 12626
12628 12631 12629
12632 12628 12630
12631 12628 12633
12628 12632 12633
12633 12634 12631
12634 12633 12632
12635 12631 12634
12632 12636 12634
12634 12637 12635
12636 12637 12634
12638 12635 12637
12639 12637 12636
12638 12637 12639
12639 12636 12640
12641 12638 12639
12642 12639 12640
12641 12639 12642
12642 12640 12643
12641 12642 12644
12644 12642 12643
12641 12644 12645
12646 12645 12644
12644 12643 12647
12646 12644 12648
12648 12644 12647
12648 12647 12649
12650 12651 12652
12650 12653 12651
12654 12653 12650
12653 12654 12655
12653 12655 12656
12656 12655 12657
12656 12657 12658
12657 12659 12658
12660 12653 12656
12660 12656 12658
12653 12661 12651
12660 12661 12653
12661 12662 12651
12662 12661 12660
12662 12663 12651
12662 12664 12663
12659 12665 12658
12659 12666 12665
12660 12658 12667
12665 12667 12658
12662 12660 12667
12667 12665 12662
12665 12668 12662
12662 12668 12669
12670 12664 12662
12670 12662 12669
12671 12664 12670
12671 12670 12669
12672 12673 12674
12674 12673 12675
12675 12673 12676
12674 12675 12677
12678 12674 12677
12675 12679 12677
12675 12676 12680
12680 12676 12681
12682 12680 12681
12680 12682 12683
12684 12680 12683
12685 12680 12684
12675 12680 12685
12685 12684 12686
12675 12687 12679
12687 12688 12679
12689 12688 12687
12687 12690 12689
12675 12691 12687
12691 12686 12692
12692 12690 12687
12691 12692 12687
12693 12694 12695
12695 12694 12696
12696 12694 12697
12696 12697 12698
12698 12697 12699
12700 12698 12699
12698 12700 12701
12702 12698 12701
12696 12698 12703
12703 12698 12702
12703 12702 12704
12703 12704 12705
12703 12705 12706
12705 12707 12706
12706 12707 12708
12708 12709 12706
12706 12709 12710
12711 12703 12706
12711 12706 12710
12711 12710 12712
12713 12711 12712
12714 12713 12712
12715 12716 12717
12717 12716 12718
12718 12716 12719
12717 12718 12720
12721 12717 12720
12718 12722 12720
12718 12719 12723
12723 12719 12724
12725 12723 12724
12723 12725 12726
12727 12723 12726
12728 12723 12727
12718 12723 12728
12728 12727 12729
12718 12730 12722
12730 12731 12722
12732 12731 12730
12730 12733 12732
12718 12734 12730
12734 12729 12735
12735 12733 12730
12734 12735 12730
12736 12737 12738
12738 12737 12739
12739 12737 12740
12739 12740 12741
12741 12740 12742
12743 12741 12742
12741 12743 12744
12745 12741 12744
12739 12741 12746
12746 12741 12745
12746 12745 12747
12746 12747 12748
12746 12748 12749
12748 12750 12749
12749 12750 12751
12751 12752 12749
12749 12752 12753
12754 12746 12749
12754 12749 12753
12754 12753 12755
12738 12754 12755
12756 12738 12755
12757 12758 12759
12760 12759 12758
12758 12761 12760
12758 12762 12761
12761 12763 12760
12764 12763 12761
12763 12764 12765
12763 12766 12760
12767 12763 12765
12766 12763 12767
12766 12767 12768
12769 12759 12770
12771 12770 12759
12771 12772 12770
12772 12773 12770
12771 12774 12772
12775 12772 12774
12774 12776 12775
12771 12777 12774
12777 12768 12778
12778 12776 12774
12777 12778 12774
12779 12780 12781
12782 12781 12780
12783 12782 12780
12782 12784 12781
12782 12785 12784
12786 12785 12782
12785 12786 12787
12784 12785 12788
12789 12785 12787
12788 12785 12789
12788 12789 12790
12791 12790 12792
12791 12792 12793
12792 12794 12793
12793 12794 12795
12796 12791 12793
12795 12797 12793
12797 12796 12793
12797 12798 12796
12799 12798 12797
12800 12798 12799
12801 12799 12797
12802 12803 12804
12802 12804 12805
12805 12806 12802
12805 12807 12806
12808 12806 12807
12808 12807 12809
12810 12808 12809
12810 12809 12811
12811 12812 12810
12811 12813 12812
12812 12813 12814
12812 12814 12815
12814 12816 12815
12814 12817 12816
12818 12816 12817
12818 12817 12819
12820 12818 12819
12820 12819 12821
12822 12820 12821
12822 12821 12823
12821 12824 12823
12824 12825 12823
12822 12823 12826
12822 12826 12827
12828 12827 12826
12825 12829 12823
12825 12830 12829
12828 12826 12831
12832 12828 12831
12833 12832 12831
12833 12831 12834
12826 12834 12831
12833 12834 12835
12836 12835 12834
12823 12837 12826
12826 12837 12834
12823 12829 12837
12836 12834 12838
12837 12838 12834
12838 12839 12836
12840 12829 12830
12840 12830 12841
12842 12840 12841
12843 12837 12829
12837 12843 12838
12843 12829 12840
12838 12844 12839
12843 12844 12838
12845 12839 12844
12842 12846 12840
12846 12842 12847
12840 12848 12843
12843 12848 12844
12840 12846 12848
12846 12847 12849
12848 12846 12849
12847 12850 12849
12844 12848 12851
12845 12844 12851
12848 12849 12851
12850 12852 12849
12849 12852 12851
12852 12845 12851
12852 12850 12853
12852 12854 12845
12852 12853 12855
12852 12855 12854
12856 12857 12858
12856 12859 12857
12856 12860 12859
12861 12857 12859
12861 12862 12857
12861 12859 12863
12864 12865 12866
12864 12866 12867
12868 12867 12866
12864 12867 12869
12864 12869 12870
12871 12869 12867
12868 12872 12867
12871 12867 12872
12873 12872 12868
12874 12871 12872
12873 12875 12872
12874 12872 12875
12876 12875 12873
12877 12874 12875
12876 12878 12875
12877 12875 12878
12879 12880 12881
12879 12882 12880
12882 12879 12883
12882 12883 12884
12885 12884 12883
12885 12886 12884
12887 12886 12885
12887 12888 12886
12888 12887 12889
12888 12889 12890
12889 12891 12890
12889 12892 12891
12891 12892 12893
12891 12893 12894
12895 12894 12893
12895 12896 12894
12897 12896 12895
12897 12898 12896
12899 12898 12897
12899 12900 12898
12900 12901 12898
12901 12900 12902
12899 12903 12900
12899 12904 12903
12905 12903 12904
12902 12900 12906
12902 12906 12907
12905 12908 12903
12909 12908 12905
12910 12908 12909
12910 12911 12908
12903 12908 12911
12910 12912 12911
12913 12911 12912
12900 12903 12914
12903 12911 12914
12900 12914 12906
12913 12915 12911
12914 12911 12915
12915 12913 12916
12917 12907 12906
12917 12918 12907
12919 12918 12917
12920 12906 12914
12914 12915 12920
12920 12917 12906
12915 12916 12921
12920 12915 12921
12922 12921 12916
12919 12917 12923
12923 12924 12919
12917 12920 12925
12920 12921 12925
12917 12925 12923
12923 12926 12924
12925 12926 12923
12924 12926 12927
12921 12928 12925
12922 12928 12921
12925 12928 12926
12927 12926 12929
12926 12928 12929
12929 12928 12922
12929 12930 12927
12929 12922 12931
12929 12932 12930
12929 12931 12932
12933 12934 12935
12933 12935 12936
12937 12933 12936
12936 12935 12938
12937 12936 12939
12936 12938 12940
12939 12936 12940
12941 12940 12938
12939 12940 12942
12941 12943 12940
12943 12942 12940
12944 12943 12941
12943 12945 12942
12944 12946 12943
12946 12945 12943
12946 12947 12945
12946 12944 12948
12947 12946 12949
12946 12948 12949
12949 12948 12950
12949 12950 12951
12951 12950 12952
12951 12952 12953
12954 12953 12952
12954 12955 12953
12955 12954 12956
12955 12956 12957
12958 12959 12960
12961 12958 12960
12961 12962 12958
12961 12960 12963
12961 12963 12964
12965 12964 12963
12965 12963 12966
12967 12965 12966
12967 12968 12965
12967 12969 12968
12967 12970 12969
12970 12971 12969
12970 12972 12971
12973 12971 12972
12973 12972 12974
12975 12973 12974
12975 12976 12973
12975 12977 12976
12975 12978 12977
12979 12980 12981
12981 12980 12982
12982 12980 12983
12982 12983 12984
12984 12983 12985
12986 12984 12985
12984 12986 12987
12988 12984 12987
12989 12984 12988
12982 12984 12989
12989 12988 12990
12989 12990 12991
12989 12991 12992
12982 12989 12992
12991 12993 12992
12992 12993 12994
12994 12995 12992
12992 12995 12996
12982 12992 12996
12982 12996 12997
12998 12982 12997
12999 12998 12997
13000 13001 13002
13000 13003 13001
13000 13004 13003
13005 13003 13004
13005 13006 13003
13006 13005 13007
13006 13007 13008
13007 13009 13008
13007 13010 13009
13011 13009 13010
13011 13010 13012
13011 13012 13013
13014 13015 13016
13014 13017 13015
13014 13018 13017
13019 13017 13018
13019 13020 13017
13020 13019 13021
13020 13021 13022
13021 13023 13022
13021 13024 13023
13025 13023 13024
13025 13024 13026
13025 13026 13027
13028 13029 13030
13028 13031 13029
13028 13032 13031
13033 13031 13032
13033 13034 13031
13034 13033 13035
13034 13035 13036
13035 13037 13036
13035 13038 13037
13039 13037 13038
13039 13038 13040
13039 13040 13041
13042 13043 13044
13042 13045 13043
13042 13046 13045
13047 13045 13046
13047 13048 13045
13048 13047 13049
13048 13049 13050
13049 13051 13050
13049 13052 13051
13053 13051 13052
13053 13052 13054
13053 13054 13055
13056 13057 13058
13056 13059 13057
13056 13060 13059
13061 13059 13060
13061 13062 13059
13062 13061 13063
13062 13063 13064
13063 13065 13064
13063 13066 13065
13067 13065 13066
13067 13066 13068
13067 13068 13069
13070 13071 13072
13070 13073 13071
13070 13074 13073
13075 13073 13074
13075 13076 13073
13076 13075 13077
13076 13077 13078
13077 13079 13078
13077 13080 13079
13081 13079 13080
13081 13080 13082
13081 13082 13083
13084 13085 13086
13084 13087 13085
13084 13088 13087
13089 13087 13088
13089 13090 13087
13090 13089 13091
13090 13091 13092
13091 13093 13092
13091 13094 13093
13095 13093 13094
13095 13094 13096
13095 13096 13097
13098 13099 13100
13098 13101 13099
13098 13102 13101
13103 13101 13102
13103 13104 13101
13104 13103 13105
13104 13105 13106
13105 13107 13106
13105 13108 13107
13109 13107 13108
13109 13108 13110
13109 13110 13111
13112 13113 13114
13112 13114 13115
13115 13114 13116
13116 13114 13117
13118 13117 13114
13118 13114 13119
13120 13118 13119
13120 13119 13121
13120 13121 13122
13123 13122 13121
13123 13121 13119
13123 13119 13124
13124 13119 13114
13124 13114 13125
13126 13125 13114
13127 13126 13114
13128 13127 13114
13128 13114 13129
13130 13131 13132
13130 13132 13133
13133 13132 13134
13134 13132 13135
13136 13135 13132
13136 13132 13137
13138 13136 13137
13138 13137 13139
13138 13139 13140
13141 13137 13132
13142 13137 13141
13142 13143 13137
13142 13144 13143
13141 13132 13145
13146 13145 13132
13147 13146 13132
13148 13147 13132
13148 13132 13149
13150 13151 13152
13150 13152 13153
13153 13152 13154
13154 13152 13155
13156 13155 13152
13156 13152 13157
13158 13156 13157
13158 13157 13159
13158 13159 13160
13161 13159 13157
13161 13162 13159
13161 13157 13163
13163 13157 13152
13163 13152 13164
13165 13164 13152
13166 13165 13152
13167 13166 13152
13167 13152 13168
13169 13170 13171
13169 13171 13172
13172 13171 13173
13173 13171 13174
13175 13174 13171
13175 13171 13176
13177 13175 13176
13177 13176 13178
13177 13178 13179
13180 13178 13176
13180 13181 13178
13180 13176 13182
13182 13176 13183
13182 13183 13184
13185 13184 13183
13186 13185 13183
13187 13186 13183
13187 13183 13188
13189 13190 13191
13189 13191 13192
13192 13191 13193
13193 13191 13194
13195 13194 13191
13195 13191 13196
13197 13195 13196
13197 13196 13198
13197 13198 13199
13200 13198 13196
13200 13201 13198
13200 13196 13202
13202 13196 13191
13202 13191 13203
13204 13203 13191
13205 13204 13191
13206 13205 13191
13206 13191 13207
13208 13209 13210
13208 13210 13211
13211 13210 13212
13212 13210 13213
13214 13213 13210
13214 13210 13215
13216 13214 13215
13216 13215 13217
13216 13217 13218
13219 13220 13217
13219 13217 13221
13219 13221 13222
13222 13221 13210
13222 13210 13223
13224 13223 13210
13225 13224 13210
13226 13225 13210
13226 13210 13227
13228 13229 13230
13228 13231 13229
13229 13231 13232
13228 13233 13231
13228 13234 13233
13233 13234 13235
13236 13232 13231
13233 13236 13231
13233 13235 13237
13233 13238 13236
13237 13238 13233
13235 13239 13237
13235 13240 13239
13241 13238 13237
13239 13241 13237
13240 13242 13239
13240 13243 13242
13242 13243 13244
13239 13245 13241
13239 13242 13245
13242 13244 13246
13246 13244 13247
13242 13246 13248
13242 13248 13245
13246 13247 13249
13249 13248 13246
13250 13249 13247
13250 13251 13249
13252 13251 13250
13249 13253 13248
13251 13253 13249
13245 13248 13254
13248 13253 13255
13248 13255 13254
13251 13256 13253
13256 13255 13253
13252 13257 13251
13257 13256 13251
13258 13257 13252
13258 13252 13259
13260 13257 13258
13260 13261 13257
13257 13261 13256
13262 13261 13260
13261 13263 13256
13256 13263 13255
13262 13264 13261
13261 13264 13263
13265 13264 13262
13265 13266 13264
13267 13266 13265
13264 13268 13263
13264 13266 13268
13263 13269 13255
13263 13268 13269
13267 13270 13266
13271 13270 13267
13266 13272 13268
13266 13270 13272
13271 13273 13270
13274 13273 13271
13275 13255 13269
13276 13275 13269
13275 13254 13255
13268 13277 13269
13268 13272 13277
13276 13269 13277
13278 13272 13270
13278 13270 13273
13279 13277 13272
13279 13276 13277
13279 13272 13278
13274 13280 13273
13280 13274 13281
13273 13282 13278
13273 13280 13282
13280 13281 13283
13283 13281 13284
13278 13285 13279
13278 13282 13285
13286 13285 13282
13287 13282 13280
13287 13280 13283
13286 13282 13287
13283 13284 13288
13289 13288 13284
13290 13287 13283
13286 13287 13290
13290 13283 13288
13291 13290 13288
13289 13292 13288
13291 13288 13292
13292 13289 13293
13292 13293 13294
13294 13291 13292
13295 13294 13293
13295 13296 13294
13297 13294 13296
13297 13298 13294
13294 13298 13291
13299 13298 13297
13299 13300 13298
13291 13298 13300
13301 13300 13299
13302 13290 13291
13286 13290 13302
13291 13300 13303
13302 13291 13303
13304 13300 13301
13304 13303 13300
13305 13302 13303
13305 13303 13304
13306 13304 13301
13306 13301 13307
13308 13304 13306
13308 13305 13304
13309 13306 13307
13306 13309 13308
13309 13307 13310
13305 13311 13302
13311 13286 13302
13308 13312 13305
13305 13312 13311
13313 13311 13312
13308 13314 13312
13314 13308 13309
13313 13312 13314
13315 13309 13310
13315 13310 13316
13311 13317 13286
13313 13317 13311
13286 13317 13318
13318 13317 13313
13286 13318 13285
13319 13314 13309
13319 13309 13315
13316 13320 13315
13319 13315 13320
13316 13321 13320
13320 13321 13322
13323 13285 13318
13279 13285 13323
13320 13322 13324
13324 13322 13325
13324 13325 13326
13324 13326 13327
13328 13320 13324
13319 13320 13328
13323 13318 13329
13318 13313 13329
13279 13323 13330
13279 13330 13276
13329 13331 13323
13330 13323 13331
13313 13332 13329
13329 13332 13331
13330 13331 13333
13333 13276 13330
13334 13324 13327
13328 13324 13334
13313 13335 13332
13313 13314 13335
13335 13314 13319
13331 13332 13336
13331 13336 13333
13328 13337 13319
13335 13319 13337
13338 13332 13335
13332 13338 13336
13338 13335 13337
13339 13338 13337
13328 13340 13337
13334 13340 13328
13339 13337 13340
13334 13327 13341
13340 13334 13341
13340 13341 13342
13339 13340 13342
13341 13327 13343
13327 13344 13343
13343 13344 13345
13343 13345 13346
13339 13342 13347
13347 13348 13339
13349 13348 13347
13350 13338 13339
13339 13348 13351
13350 13339 13351
13352 13351 13348
13352 13350 13351
13353 13338 13350
13336 13338 13353
13354 13336 13353
13333 13336 13354
13355 13353 13350
13354 13353 13355
13356 13333 13354
13354 13355 13356
13355 13350 13357
13352 13357 13350
13356 13358 13333
13358 13276 13333
13356 13355 13359
13359 13355 13357
13358 13360 13276
13276 13360 13275
13254 13275 13360
13358 13356 13361
13358 13361 13360
13361 13254 13360
13356 13359 13361
13361 13362 13254
13245 13254 13362
13241 13245 13362
13362 13361 13363
13363 13361 13359
13241 13362 13363
13359 13357 13364
13363 13359 13364
13365 13241 13363
13363 13364 13365
13365 13238 13241
13366 13238 13365
13364 13366 13365
13366 13236 13238
13367 13364 13357
13364 13367 13366
13367 13357 13352
13366 13367 13368
13352 13368 13367
13236 13366 13369
13366 13368 13369
13236 13369 13370
13370 13232 13236
13371 13232 13370
13371 13372 13232
13373 13372 13371
13373 13371 13374
13369 13368 13375
13368 13376 13375
13375 13376 13377
13375 13377 13378
13368 13379 13376
13352 13379 13368
13380 13376 13379
13380 13381 13376
13352 13382 13379
13380 13379 13382
13381 13380 13383
13381 13383 13384
13383 13385 13384
13383 13386 13385
13387 13385 13386
13352 13388 13382
13382 13388 13386
13387 13386 13388
13352 13348 13388
13388 13348 13387
13349 13387 13348
13378 13389 13349
13349 13389 13387
13380 13382 13390
13382 13386 13390
13380 13390 13391
13390 13386 13391
13392 13393 13394
13392 13395 13393
13392 13396 13395
13392 13397 13396
13396 13397 13398
13393 13395 13399
13393 13399 13400
13400 13399 13401
13395 13396 13402
13395 13402 13399
13399 13403 13401
13402 13403 13399
13401 13403 13404
13403 13405 13404
13396 13398 13406
13402 13396 13406
13405 13403 13407
13405 13407 13408
13407 13409 13408
13402 13410 13403
13403 13410 13407
13411 13406 13398
13412 13411 13398
13402 13406 13413
13410 13402 13413
13414 13413 13406
13411 13414 13406
13415 13414 13411
13412 13416 13411
13415 13411 13416
13412 13417 13416
13417 13418 13416
13418 13415 13416
13417 13419 13418
13420 13418 13419
13414 13421 13413
13410 13413 13421
13422 13414 13415
13414 13422 13421
13420 13423 13418
13420 13424 13423
13420 13425 13424
13424 13425 13426
13424 13426 13427
13428 13424 13427
13423 13429 13418
13418 13429 13415
13428 13430 13424
13430 13428 13431
13424 13432 13423
13423 13432 13429
13424 13430 13432
13430 13431 13433
13432 13430 13433
13434 13433 13431
13415 13429 13435
13435 13429 13432
13434 13436 13433
13437 13436 13434
13432 13433 13438
13435 13432 13438
13436 13438 13433
13436 13439 13438
13435 13438 13439
13415 13435 13440
13422 13415 13440
13437 13441 13436
13441 13439 13436
13442 13441 13437
13442 13437 13443
13444 13442 13443
13444 13443 13445
13444 13445 13446
13442 13447 13441
13441 13447 13439
13435 13439 13448
13440 13435 13448
13449 13422 13440
13421 13422 13449
13442 13450 13447
13450 13442 13444
13451 13439 13447
13451 13448 13439
13451 13447 13450
13440 13448 13452
13449 13440 13452
13452 13448 13451
13444 13446 13453
13453 13446 13454
13421 13449 13455
13455 13410 13421
13453 13454 13456
13456 13454 13457
13455 13458 13410
13407 13410 13458
13407 13458 13459
13407 13459 13409
13455 13460 13458
13459 13458 13460
13409 13459 13461
13459 13460 13461
13409 13461 13462
13463 13462 13461
13463 13464 13462
13463 13465 13464
13466 13465 13463
13455 13467 13460
13449 13467 13455
13461 13460 13468
13461 13468 13463
13467 13468 13460
13469 13466 13463
13469 13470 13466
13471 13470 13469
13472 13469 13463
13472 13463 13468
13472 13471 13469
13473 13467 13449
13473 13449 13452
13474 13468 13467
13468 13474 13472
13474 13467 13473
13473 13452 13475
13452 13451 13475
13473 13475 13476
13474 13473 13476
13475 13451 13477
13475 13477 13476
13451 13450 13477
13474 13478 13472
13472 13478 13471
13479 13474 13476
13474 13479 13478
13480 13477 13450
13450 13444 13480
13481 13476 13477
13479 13476 13481
13471 13478 13482
13478 13479 13482
13483 13480 13444
13483 13444 13453
13480 13484 13477
13481 13477 13484
13480 13485 13484
13480 13483 13485
13486 13483 13453
13486 13453 13456
13484 13485 13487
13481 13484 13487
13483 13488 13485
13483 13486 13488
13487 13485 13488
13489 13486 13456
13488 13486 13489
13489 13456 13490
13456 13457 13490
13491 13490 13457
13491 13457 13492
13493 13489 13490
13493 13490 13491
13494 13491 13492
13494 13492 13495
13496 13491 13494
13496 13493 13491
13488 13489 13497
13497 13489 13493
13496 13498 13493
13497 13493 13498
13497 13498 13499
13500 13498 13496
13499 13498 13500
13499 13500 13501
13499 13501 13502
13503 13488 13497
13487 13488 13503
13503 13497 13504
13497 13499 13504
13505 13487 13503
13505 13503 13504
13499 13506 13504
13505 13504 13506
13499 13502 13507
13506 13499 13507
13508 13507 13502
13508 13506 13507
13502 13509 13508
13508 13509 13510
13505 13511 13487
13511 13481 13487
13512 13505 13506
13508 13512 13506
13513 13481 13511
13513 13479 13481
13514 13511 13505
13512 13514 13505
13514 13513 13511
13508 13510 13515
13515 13510 13516
13513 13517 13479
13517 13482 13479
13517 13518 13482
13471 13482 13518
13519 13471 13518
13517 13520 13518
13520 13519 13518
13513 13521 13517
13520 13517 13521
13521 13513 13522
13514 13522 13513
13519 13523 13471
13471 13523 13470
13470 13523 13524
13524 13523 13525
13525 13523 13526
13523 13527 13526
13527 13523 13519
13527 13519 13528
13527 13528 13529
13528 13530 13529
13528 13531 13530
13532 13531 13528
13533 13532 13528
13528 13534 13533
13519 13534 13528
13519 13535 13534
13536 13534 13535
13535 13537 13536
13535 13538 13537
13520 13535 13519
13539 13538 13535
13539 13535 13520
13539 13520 13540
13520 13521 13540
13540 13541 13539
13522 13540 13521
13542 13541 13540
13522 13542 13540
13542 13543 13541
13544 13543 13542
13544 13542 13545
13544 13545 13546
13545 13547 13546
13548 13547 13545
13542 13522 13549
13542 13549 13545
13514 13549 13522
13549 13514 13550
13550 13545 13549
13550 13514 13512
13548 13545 13551
13550 13551 13545
13548 13551 13552
13551 13553 13552
13550 13512 13554
13551 13550 13554
13553 13551 13555
13551 13554 13555
13553 13555 13556
13555 13557 13556
13558 13557 13555
13554 13558 13555
13559 13557 13558
13560 13554 13512
13554 13560 13558
13512 13508 13560
13561 13559 13558
13560 13561 13558
13561 13562 13559
13561 13563 13562
13560 13508 13564
13560 13564 13561
13508 13515 13564
13565 13563 13561
13564 13565 13561
13564 13515 13565
13566 13563 13565
13515 13516 13565
13516 13566 13565
13516 13567 13566
13568 13569 13570
13571 13569 13568
13571 13568 13572
13573 13574 13575
13573 13576 13574
13577 13576 13573
13578 13579 13580
13578 13581 13579
13581 13582 13579
13581 13583 13582
13584 13582 13583
13584 13585 13582
13585 13584 13586
13587 13585 13586
13587 13588 13585
13589 13588 13587
13589 13590 13588
13589 13591 13590
13590 13591 13592
13590 13592 13593
13592 13594 13593
13592 13595 13594
13595 13596 13594
13597 13598 13599
13600 13598 13601
13600 13601 13602
13603 13602 13601
13603 13601 13604
13605 13603 13604
13603 13605 13606
13607 13602 13603
13603 13606 13608
13607 13603 13608
13607 13609 13602
13610 13609 13607
13609 13611 13602
13612 13602 13611
13609 13613 13611
13613 13609 13614
13610 13615 13609
13616 13609 13615
13617 13616 13615
13617 13618 13614
13618 13613 13619
13617 13620 13618
13617 13621 13620
13617 13622 13621
13622 13623 13621
13622 13624 13623
13624 13625 13623
13624 13626 13625
13625 13626 13627
13625 13627 13628
13629 13628 13627
13629 13627 13630
13631 13629 13630
13617 13615 13632
13632 13633 13617
13632 13615 13610
13632 13634 13633
13635 13633 13634
13635 13636 13633
13635 13637 13636
13638 13634 13632
13632 13610 13638
13638 13639 13634
13639 13635 13634
13635 13640 13637
13641 13637 13640
13610 13642 13638
13639 13638 13642
13639 13643 13635
13644 13640 13635
13644 13635 13643
13641 13640 13645
13641 13645 13646
13641 13646 13647
13648 13647 13646
13640 13649 13645
13640 13644 13649
13645 13649 13646
13648 13646 13650
13651 13648 13650
13646 13652 13650
13652 13646 13649
13652 13649 13653
13644 13653 13649
13653 13644 13654
13654 13644 13643
13654 13643 13655
13639 13655 13643
13639 13656 13655
13656 13657 13655
13639 13642 13656
13642 13657 13656
13642 13658 13657
13659 13658 13642
13610 13659 13642
13659 13660 13658
13660 13661 13658
13661 13660 13662
13660 13663 13662
13660 13659 13663
13664 13659 13610
13664 13663 13659
13664 13610 13607
13665 13664 13607
13665 13663 13664
13665 13607 13608
13665 13666 13663
13667 13666 13665
13668 13663 13666
13668 13666 13669
13670 13668 13669
13670 13669 13671
13672 13666 13667
13665 13608 13673
13667 13665 13673
13606 13673 13608
13672 13667 13674
13675 13672 13674
13675 13676 13672
13677 13673 13606
13677 13667 13673
13606 13678 13677
13678 13606 13679
13680 13678 13679
13679 13681 13680
13679 13682 13681
13683 13681 13682
13684 13683 13682
13683 13684 13685
13686 13685 13684
13687 13685 13686
13599 13687 13686
13599 13686 13684
13599 13684 13688
13684 13604 13688
13677 13689 13690
13691 13690 13689
13692 13691 13689
13692 13693 13691
13692 13694 13693
13694 13695 13693
13694 13696 13695
13697 13695 13696
13697 13696 13698
13697 13699 13695
13695 13699 13693
13697 13700 13699
13697 13698 13700
13698 13701 13700
13701 13702 13700
13703 13701 13698
13703 13702 13701
13704 13677 13690
13705 13690 13691
13704 13690 13705
13706 13677 13704
13706 13667 13677
13705 13707 13704
13704 13707 13706
13667 13706 13708
13709 13667 13708
13691 13710 13705
13705 13710 13707
13706 13711 13708
13706 13707 13711
13709 13708 13712
13713 13709 13712
13713 13712 13714
13712 13708 13715
13714 13712 13715
13708 13711 13715
13714 13715 13716
13714 13716 13717
13716 13718 13717
13719 13716 13715
13719 13718 13716
13711 13720 13715
13719 13715 13720
13707 13721 13711
13711 13721 13720
13722 13707 13710
13707 13722 13721
13723 13720 13721
13719 13720 13723
13719 13724 13718
13718 13724 13725
13726 13721 13722
13723 13721 13726
13719 13723 13727
13724 13719 13727
13724 13728 13725
13728 13729 13725
13730 13729 13728
13724 13727 13731
13731 13728 13724
13723 13732 13727
13731 13727 13732
13730 13728 13733
13731 13733 13728
13734 13723 13726
13723 13734 13732
13731 13732 13735
13735 13733 13731
13730 13733 13736
13730 13736 13737
13738 13732 13734
13735 13732 13738
13735 13739 13733
13736 13733 13739
13737 13736 13740
13737 13740 13741
13740 13742 13741
13743 13741 13742
13736 13744 13740
13740 13744 13742
13745 13743 13742
13746 13743 13745
13735 13738 13747
13747 13739 13735
13736 13739 13748
13736 13748 13744
13748 13739 13749
13747 13749 13739
13744 13750 13742
13750 13745 13742
13746 13745 13751
13752 13746 13751
13753 13752 13751
13754 13752 13753
13754 13753 13755
13745 13756 13751
13750 13756 13745
13756 13753 13751
13744 13748 13757
13748 13749 13757
13744 13758 13750
13744 13757 13758
13750 13759 13756
13750 13758 13759
13755 13753 13760
13761 13755 13760
13762 13753 13756
13762 13756 13759
13760 13753 13763
13761 13760 13763
13763 13753 13762
13764 13762 13759
13763 13762 13764
13764 13759 13765
13758 13766 13759
13766 13765 13759
13767 13766 13758
13767 13758 13757
13767 13765 13766
13763 13768 13761
13769 13761 13768
13769 13768 13770
13763 13764 13771
13771 13768 13763
13771 13764 13765
13757 13772 13767
13757 13749 13772
13768 13773 13770
13771 13773 13768
13774 13773 13771
13770 13773 13774
13771 13765 13775
13774 13771 13775
13776 13772 13749
13776 13749 13747
13777 13776 13747
13777 13747 13738
13777 13738 13778
13738 13734 13778
13779 13778 13734
13726 13779 13734
13726 13780 13779
13722 13780 13726
13781 13780 13722
13722 13710 13781
13781 13710 13782
13691 13782 13710
13781 13782 13783
13783 13780 13781
13691 13784 13782
13783 13782 13784
13784 13691 13693
13785 13778 13779
13780 13786 13779
13786 13785 13779
13785 13787 13778
13777 13778 13787
13788 13787 13785
13788 13785 13786
13789 13786 13780
13783 13789 13780
13790 13777 13787
13790 13787 13788
13791 13786 13789
13788 13786 13791
13792 13789 13783
13791 13789 13792
13783 13784 13793
13792 13783 13793
13784 13693 13794
13794 13793 13784
13791 13795 13788
13790 13788 13795
13790 13796 13777
13790 13797 13796
13776 13777 13796
13776 13796 13798
13798 13796 13797
13772 13776 13798
13772 13798 13799
13767 13772 13799
13794 13693 13800
13693 13801 13800
13802 13800 13801
13802 13801 13803
13790 13795 13804
13790 13804 13797
13798 13797 13805
13799 13798 13805
13767 13799 13806
13765 13767 13806
13806 13799 13807
13799 13805 13807
13808 13807 13805
13809 13765 13806
13806 13807 13809
13809 13775 13765
13807 13810 13809
13810 13775 13809
13808 13810 13807
13810 13774 13775
13811 13774 13810
13770 13774 13811
13811 13812 13770
13770 13812 13813
13811 13814 13812
13815 13814 13811
13815 13816 13814
13815 13817 13816
13811 13810 13818
13808 13818 13810
13815 13811 13818
13815 13818 13808
13815 13819 13817
13820 13817 13819
13815 13821 13819
13815 13808 13821
13820 13819 13822
13822 13819 13821
13808 13823 13821
13822 13821 13823
13823 13824 13822
13820 13822 13825
13825 13822 13824
13825 13826 13820
13827 13826 13825
13825 13824 13827
13828 13826 13827
13808 13829 13823
13808 13805 13829
13829 13805 13797
13828 13827 13830
13824 13830 13827
13831 13823 13829
13823 13831 13824
13829 13797 13832
13831 13829 13832
13833 13832 13797
13831 13832 13833
13833 13797 13804
13824 13831 13834
13831 13833 13834
13804 13835 13833
13834 13833 13835
13804 13795 13835
13824 13834 13836
13824 13836 13830
13828 13830 13837
13828 13837 13838
13838 13837 13839
13839 13837 13830
13838 13839 13840
13839 13830 13841
13841 13830 13836
13840 13839 13842
13842 13839 13841
13843 13840 13842
13844 13836 13834
13834 13835 13844
13845 13835 13795
13791 13845 13795
13792 13845 13791
13846 13841 13836
13844 13846 13836
13842 13841 13847
13847 13841 13846
13843 13842 13848
13848 13842 13847
13844 13835 13849
13845 13849 13835
13792 13850 13845
13850 13849 13845
13851 13846 13844
13844 13849 13851
13848 13852 13843
13843 13852 13853
13854 13853 13852
13847 13846 13855
13851 13855 13846
13848 13847 13856
13856 13852 13848
13856 13847 13855
13857 13850 13792
13857 13792 13793
13794 13857 13793
13850 13858 13849
13851 13849 13858
13858 13850 13857
13859 13855 13851
13851 13858 13859
13857 13860 13858
13794 13860 13857
13859 13858 13860
13856 13855 13861
13859 13861 13855
13856 13862 13852
13862 13856 13861
13863 13861 13859
13859 13860 13863
13794 13864 13860
13864 13794 13800
13864 13800 13802
13802 13865 13864
13860 13864 13866
13863 13860 13866
13864 13865 13866
13863 13867 13861
13862 13861 13867
13863 13866 13868
13868 13867 13863
13868 13866 13865
13868 13869 13867
13867 13869 13862
13870 13852 13862
13870 13854 13852
13871 13865 13802
13803 13871 13802
13872 13869 13868
13865 13872 13868
13862 13869 13873
13862 13873 13870
13869 13874 13873
13869 13872 13874
13872 13875 13874
13873 13874 13876
13873 13876 13870
13874 13875 13876
13865 13877 13872
13872 13877 13875
13865 13871 13878
13865 13878 13877
13876 13879 13870
13879 13854 13870
13880 13876 13875
13876 13880 13879
13871 13881 13878
13871 13882 13881
13877 13878 13883
13875 13877 13883
13878 13884 13883
13878 13881 13884
13875 13883 13885
13883 13884 13885
13886 13880 13875
13875 13885 13886
13886 13887 13880
13887 13886 13885
13888 13879 13880
13887 13888 13880
13885 13884 13889
13887 13885 13889
13889 13890 13887
13888 13891 13879
13854 13879 13891
13892 13888 13887
13890 13892 13887
13893 13888 13892
13893 13891 13888
13891 13894 13854
13894 13895 13854
13896 13895 13894
13890 13897 13892
13893 13892 13897
13898 13897 13890
13899 13891 13893
13891 13899 13894
13900 13893 13897
13897 13898 13900
13899 13893 13900
13898 13901 13900
13901 13899 13900
13902 13896 13894
13903 13894 13899
13903 13902 13894
13899 13901 13904
13899 13904 13903
13896 13902 13905
13896 13905 13906
13902 13903 13907
13902 13907 13905
13906 13905 13908
13909 13906 13908
13898 13910 13901
13910 13904 13901
13903 13904 13911
13903 13911 13907
13905 13907 13912
13905 13912 13908
13909 13908 13913
13914 13909 13913
13908 13915 13913
13914 13913 13915
13908 13912 13915
13907 13916 13912
13907 13911 13916
13917 13911 13904
13910 13917 13904
13914 13915 13918
13919 13918 13915
13914 13918 13920
13921 13915 13912
13916 13921 13912
13919 13915 13921
13918 13922 13920
13922 13918 13919
13922 13923 13920
13924 13916 13911
13917 13924 13911
13925 13921 13916
13924 13925 13916
13923 13922 13926
13922 13919 13926
13919 13921 13927
13925 13927 13921
13923 13926 13928
13923 13928 13929
13930 13929 13928
13930 13931 13929
13930 13932 13931
13926 13933 13928
13930 13928 13933
13930 13933 13934
13926 13935 13933
13935 13926 13919
13934 13933 13935
13930 13936 13932
13936 13937 13932
13935 13919 13938
13919 13927 13938
13934 13935 13939
13938 13939 13935
13930 13940 13936
13930 13934 13940
13936 13941 13937
13941 13942 13937
13936 13940 13943
13934 13943 13940
13941 13936 13944
13936 13943 13944
13942 13941 13945
13942 13945 13946
13941 13944 13947
13941 13947 13945
13944 13948 13947
13948 13945 13947
13949 13946 13945
13948 13949 13945
13943 13950 13944
13944 13950 13948
13948 13950 13951
13943 13952 13950
13952 13951 13950
13934 13953 13943
13953 13952 13943
13946 13949 13954
13954 13949 13955
13946 13954 13956
13956 13954 13955
13957 13956 13955
13957 13955 13958
13949 13948 13959
13948 13951 13959
13949 13959 13960
13949 13960 13955
13955 13961 13958
13961 13962 13958
13959 13963 13960
13959 13951 13963
13960 13964 13955
13961 13955 13964
13960 13963 13964
13962 13961 13965
13961 13964 13965
13962 13965 13966
13967 13965 13964
13967 13964 13963
13968 13966 13965
13967 13968 13965
13968 13969 13966
13969 13968 13970
13971 13969 13970
13968 13967 13972
13968 13972 13970
13967 13963 13973
13972 13967 13973
13971 13970 13974
13975 13971 13974
13970 13972 13976
13970 13976 13974
13973 13963 13977
13977 13963 13951
13972 13973 13978
13972 13978 13976
13979 13973 13977
13979 13977 13951
13979 13978 13973
13951 13980 13979
13952 13980 13951
13980 13952 13953
13979 13980 13981
13980 13953 13981
13978 13979 13982
13979 13981 13982
13976 13978 13983
13978 13982 13983
13974 13976 13984
13976 13983 13984
13981 13953 13985
13934 13985 13953
13934 13939 13985
13939 13986 13985
13981 13985 13987
13982 13981 13987
13987 13985 13986
13988 13983 13982
13982 13987 13988
13974 13984 13989
13975 13974 13989
13990 13984 13983
13988 13990 13983
13988 13987 13991
13987 13986 13991
13988 13991 13992
13992 13990 13988
13990 13993 13984
13993 13989 13984
13975 13989 13994
13975 13994 13995
13994 13996 13995
13997 13994 13989
13993 13997 13989
13998 13996 13994
13997 13998 13994
13999 13996 13998
13993 13990 14000
13992 14000 13990
13997 13993 14001
13993 14000 14001
13998 13997 14002
13997 14001 14002
14003 13999 13998
13998 14002 14003
14004 14002 14001
14003 14002 14004
14000 14005 14001
14004 14001 14005
13992 14006 14000
14000 14006 14005
14003 14007 13999
14008 13999 14007
14008 14007 14009
14009 14007 14010
14003 14010 14007
14009 14010 14011
14011 14010 14012
14003 14013 14010
14003 14004 14013
14012 14010 14014
14014 14010 14013
14015 14012 14014
14004 14016 14013
14014 14013 14016
14005 14017 14004
14004 14017 14016
14015 14014 14018
14018 14014 14016
14017 14005 14019
14019 14005 14006
14017 14020 14016
14018 14016 14020
14021 14015 14018
14015 14021 14022
14021 14023 14022
14022 14023 14024
14024 14023 14025
14024 14025 14026
14026 14025 14027
14026 14027 14028
14021 14029 14023
14029 14021 14018
14029 14025 14023
14029 14018 14030
14020 14030 14018
14025 14029 14030
14020 14017 14031
14017 14019 14031
14020 14032 14030
14032 14020 14031
14025 14030 14033
14032 14033 14030
14025 14033 14034
14034 14027 14025
14032 14035 14033
14035 14032 14031
14035 14034 14033
14031 14019 14036
14035 14031 14037
14037 14031 14036
14036 14019 14038
14038 14019 14006
14038 14006 14039
13992 14039 14006
14040 14036 14038
14040 14038 14039
14041 14039 13992
14041 14040 14039
14041 13992 13991
14041 13991 13986
14042 14037 14036
14040 14042 14036
14043 14035 14037
14042 14043 14037
14041 14044 14040
14042 14040 14044
14041 13986 14045
14041 14045 14044
14042 14044 14046
14043 14042 14046
14045 14047 14044
14046 14044 14047
14048 14045 13986
14045 14048 14047
14043 14049 14035
14035 14049 14034
14050 14034 14049
14034 14050 14027
14051 14049 14043
14050 14049 14051
14043 14046 14052
14051 14043 14052
14052 14046 14053
14046 14047 14053
14054 14051 14052
14052 14053 14054
14048 13986 14055
13939 14055 13986
13938 14055 13939
13938 14048 14055
13938 13927 14048
13927 14047 14048
13927 13925 14047
13925 14053 14047
13925 13924 14053
13924 14054 14053
13924 13917 14054
14051 14054 14056
13917 14056 14054
13917 13910 14056
14050 14051 14056
13910 14057 14056
13910 13898 14057
14050 14056 14058
14056 14057 14058
14058 14059 14050
14050 14059 14027
14060 14058 14057
14060 14059 14058
14061 14057 13898
14060 14057 14061
14060 14061 14062
14061 13898 14063
14062 14061 14063
13898 13890 14063
14060 14064 14059
14064 14060 14062
14027 14059 14065
14059 14064 14065
14065 14064 14066
13890 14067 14063
14062 14063 14067
13890 14068 14067
13889 14068 13890
14068 14069 14067
14069 14062 14067
13889 14070 14068
14068 14070 14069
13889 13884 14070
14070 13884 14071
13881 14071 13884
14069 14070 14072
14070 14071 14072
14064 14073 14066
14064 14062 14074
14064 14074 14073
14069 14075 14062
14062 14075 14074
14069 14076 14075
14069 14072 14076
14077 14066 14073
14077 14078 14066
14079 14074 14075
14076 14079 14075
14077 14080 14078
14080 14027 14078
14027 14080 14028
14080 14081 14028
14077 14081 14080
14028 14081 14082
14083 14028 14082
14076 14072 14084
14076 14084 14085
14076 14085 14079
14086 14084 14072
14086 14072 14071
14085 14087 14079
14086 14071 14088
14086 14088 14089
13881 14088 14071
14088 14090 14089
13881 14090 14088
14090 14091 14089
13881 13882 14090
14090 14092 14091
13882 14092 14090
13882 14093 14092
14094 14093 13882
14087 14095 14079
14095 14074 14079
14095 14087 14096
14074 14095 14096
14073 14074 14096
14087 14097 14096
14098 14073 14096
14097 14098 14096
14098 14077 14073
14097 14099 14098
14098 14099 14077
14100 14099 14097
14099 14081 14077
14101 14099 14100
14099 14101 14081
14101 14100 14102
14103 14101 14102
14103 14104 14101
14105 14101 14104
14105 14081 14101
14106 14081 14105
14105 14107 14106
14108 13703 14091
14093 13803 14109
13803 13882 14110
14111 14112 14113
14111 14113 14114
14083 14114 14113
14115 14116 14117
14118 14115 14117
14118 14117 14119
14120 14121 14122
14123 14120 14122
14123 14124 14120
14125 14126 14127
14128 14125 14127
14128 14129 14125
14130 14131 14132
14130 14132 14133
14134 14135 14136
14134 14136 14137
14138 14139 14140
14138 14140 14141
14142 14143 14144
14142 14144 14145
14146 14147 14148
14146 14148 14149
14150 14151 14152
14150 14152 14153
14154 14155 14156
14154 14156 14157
14154 14157 14158
14159 14160 14161
14159 14161 14162
14163 14164 14165
14163 14165 14166
14167 14168 14169
14167 14169 14170
14171 14172 14173
14171 14173 14174
14175 14176 14177
14175 14177 14178
14177 14179 14180
14177 14180 14181
14182 14183 14184
14182 14184 14185
14186 14187 14188
14186 14188 14189
14190 14191 14192
14190 14192 14193
14194 14195 14196
14194 14196 14197
14198 14199 14200
14198 14200 14201
14202 14203 14204
14202 14204 14205
14206 14207 14208
14206 14208 14209
14210 14211 14212
14210 14212 14213
14214 14215 14216
14214 14216 14217
14218 14219 14220
14218 14220 14221
14222 14223 14224
14222 14224 14225
14226 14227 14228
14226 14228 14229
14230 14231 14232
14230 14232 14233
14234 14235 14236
14234 14236 14237
14238 14239 14240
14238 14240 14241
14242 14243 14244
14242 14244 14245
14245 14244 14246
14245 14246 14247
14248 14247 14246
14248 14246 14249
14249 14250 14248
14250 14249 14251
14250 14251 14252
14253 14252 14251
14253 14251 14254
14253 14254 14255
14254 14256 14255
14254 14257 14256
14256 14257 14258
14256 14258 14259
14259 14258 14260
14261 14262 14263
14263 14262 14264
14263 14264 14265
14264 14262 14266
14265 14264 14267
14265 14267 14268
14266 14269 14264
14267 14264 14269
14266 14270 14269
14268 14267 14271
14271 14267 14269
14268 14271 14272
14273 14272 14271
14273 14274 14272
14273 14275 14274
14276 14269 14270
14271 14269 14276
14276 14273 14271
14270 14277 14276
14277 14278 14276
14276 14278 14273
14277 14279 14278
14280 14273 14278
14280 14278 14279
14273 14281 14275
14280 14281 14273
14282 14275 14281
14282 14283 14275
14280 14279 14284
14284 14279 14285
14286 14284 14285
14280 14284 14286
14286 14285 14287
14288 14281 14280
14288 14282 14281
14280 14286 14288
14282 14288 14289
14289 14288 14286
14290 14286 14287
14289 14286 14290
14283 14282 14291
14282 14289 14291
14283 14291 14292
14292 14291 14293
14289 14293 14291
14290 14287 14294
14287 14295 14294
14295 14296 14294
14296 14290 14294
14296 14297 14290
14298 14289 14290
14298 14290 14297
14298 14299 14289
14289 14299 14293
14300 14298 14297
14300 14299 14298
14300 14297 14301
14302 14300 14301
14303 14301 14297
14303 14297 14304
14305 14303 14304
14305 14306 14303
14307 14302 14301
14307 14301 14308
14309 14307 14308
14309 14308 14310
14300 14311 14299
14302 14312 14300
14300 14312 14311
14299 14311 14313
14313 14311 14314
14314 14311 14312
14315 14314 14312
14315 14312 14302
14299 14313 14316
14317 14315 14302
14302 14318 14317
14319 14318 14302
14319 14302 14320
14321 14319 14320
14321 14322 14319
14299 14316 14293
14293 14316 14323
14324 14323 14316
14293 14323 14325
14326 14293 14325
14327 14326 14325
14283 14326 14327
14283 14327 14328
14283 14328 14329
14283 14329 14330
14330 14329 14331
14330 14331 14332
14332 14331 14333
14332 14333 14334
14333 14335 14334
14333 14336 14335
14337 14335 14336
14337 14338 14335
14339 14338 14337
14340 14341 14342
14340 14342 14343
14342 14344 14343
14345 14346 14347
14345 14348 14346
14348 14349 14346
14350 14351 14352
14350 14353 14351
14353 14354 14351
14355 14356 14357
14355 14357 14358
14359 14360 14361
14359 14361 14362
14363 14364 14365
14363 14365 14366
14367 14368 14369
14367 14369 14370
14371 14372 14373
14371 14373 14374
14375 14376 14377
14375 14377 14378
14379 14380 14381
14382 14380 14379
14382 14379 14383
14379 14384 14383
14379 14381 14385
14381 14386 14385
14381 14387 14386
14386 14387 14388
14379 14389 14384
14389 14379 14385
14386 14390 14385
14389 14385 14390
14391 14389 14390
14392 14384 14389
14391 14392 14389
14392 14393 14384
14392 14394 14393
14392 14395 14394
14391 14395 14392
14394 14395 14396
14397 14396 14395
14397 14395 14391
14397 14391 14398
14391 14390 14399
14386 14399 14390
14400 14399 14386
14401 14391 14399
14391 14401 14398
14399 14400 14401
14398 14401 14402
14400 14402 14401
14398 14402 14403
14403 14402 14404
14404 14402 14400
14405 14404 14400
14406 14405 14400
14400 14386 14407
14406 14400 14407
14386 14388 14407
14408 14406 14407
14408 14407 14388
14409 14396 14410
14411 14409 14410
14412 14411 14410
14411 14413 14409
14414 14411 14412
14415 14413 14411
14414 14415 14411
14415 14416 14413
14417 14415 14414
14417 14416 14415
14417 14414 14418
14417 14419 14416
14417 14418 14420
14417 14421 14419
14417 14420 14421
14422 14423 14424
14423 14425 14424
14426 14423 14422
14426 14422 14427
14426 14428 14423
14423 14428 14429
14423 14429 14425
14425 14429 14430
14431 14426 14427
14429 14432 14430
14433 14426 14431
14433 14428 14426
14433 14431 14434
14435 14433 14434
14429 14436 14432
14429 14428 14436
14432 14436 14437
14436 14438 14437
14439 14433 14435
14439 14428 14433
14439 14435 14440
14441 14439 14440
14436 14442 14438
14436 14428 14442
14438 14442 14443
14442 14444 14443
14445 14439 14441
14445 14428 14439
14445 14441 14446
14447 14445 14446
14442 14448 14444
14442 14428 14448
14448 14428 14445
14448 14445 14447
14444 14448 14449
14448 14447 14449
14450 14451 14452
14451 14453 14452
14454 14451 14450
14454 14450 14455
14454 14456 14451
14451 14456 14457
14451 14457 14453
14453 14457 14458
14459 14454 14455
14457 14460 14458
14461 14454 14459
14461 14456 14454
14461 14459 14462
14463 14461 14462
14457 14464 14460
14457 14456 14464
14460 14464 14465
14464 14466 14465
14467 14461 14463
14467 14456 14461
14467 14463 14468
14469 14467 14468
14464 14470 14466
14464 14456 14470
14466 14470 14471
14470 14472 14471
14473 14467 14469
14473 14456 14467
14473 14469 14474
14475 14473 14474
14470 14476 14472
14470 14456 14476
14476 14456 14473
14476 14473 14475
14472 14476 14477
14476 14475 14477
14478 14479 14480
14479 14481 14480
14482 14479 14478
14482 14478 14483
14482 14484 14479
14479 14484 14485
14479 14485 14481
14481 14485 14486
14487 14482 14483
14485 14488 14486
14489 14482 14487
14489 14484 14482
14489 14487 14490
14491 14489 14490
14485 14492 14488
14485 14484 14492
14488 14492 14493
14492 14494 14493
14495 14489 14491
14495 14484 14489
14495 14491 14496
14497 14495 14496
14492 14498 14494
14492 14484 14498
14494 14498 14499
14498 14500 14499
14501 14495 14497
14501 14484 14495
14501 14497 14502
14503 14501 14502
14498 14504 14500
14498 14484 14504
14504 14484 14501
14504 14501 14503
14500 14504 14505
14504 14503 14505
14506 14507 14508
14507 14509 14508
14510 14507 14506
14510 14506 14511
14510 14512 14507
14507 14512 14513
14507 14513 14509
14509 14513 14514
14515 14510 14511
14513 14516 14514
14517 14510 14515
14517 14512 14510
14517 14515 14518
14519 14517 14518
14513 14520 14516
14513 14512 14520
14516 14520 14521
14520 14522 14521
14523 14517 14519
14523 14512 14517
14523 14519 14524
14525 14523 14524
14520 14526 14522
14520 14512 14526
14522 14526 14527
14526 14528 14527
14529 14523 14525
14529 14512 14523
14529 14525 14530
14531 14529 14530
14526 14532 14528
14526 14512 14532
14532 14512 14529
14532 14529 14531
14528 14532 14533
14532 14531 14533
14534 14535 14536
14535 14537 14536
14538 14535 14534
14538 14534 14539
14538 14540 14535
14535 14540 14541
14535 14541 14537
14537 14541 14542
14543 14538 14539
14541 14544 14542
14545 14538 14543
14545 14540 14538
14545 14543 14546
14547 14545 14546
14541 14548 14544
14541 14540 14548
14544 14548 14549
14548 14550 14549
14551 14545 14547
14551 14540 14545
14551 14547 14552
14553 14551 14552
14548 14554 14550
14548 14540 14554
14550 14554 14555
14554 14556 14555
14557 14551 14553
14557 14540 14551
14557 14553 14558
14559 14557 14558
14554 14560 14556
14554 14540 14560
14560 14540 14557
14560 14557 14559
14556 14560 14561
14560 14559 14561
14562 14563 14564
14563 14565 14564
14566 14563 14562
14566 14562 14567
14566 14568 14563
14563 14568 14569
14563 14569 14565
14565 14569 14570
14571 14566 14567
14569 14572 14570
14573 14566 14571
14573 14568 14566
14573 14571 14574
14575 14573 14574
14569 14576 14572
14569 14568 14576
14572 14576 14577
14576 14578 14577
14579 14573 14575
14579 14568 14573
14579 14575 14580
14581 14579 14580
14576 14582 14578
14576 14568 14582
14578 14582 14583
14582 14584 14583
14585 14579 14581
14585 14568 14579
14585 14581 14586
14587 14585 14586
14582 14588 14584
14582 14568 14588
14588 14568 14585
14588 14585 14587
14584 14588 14589
14588 14587 14589
14590 14591 14592
14591 14593 14592
14594 14591 14590
14594 14590 14595
14594 14596 14591
14591 14596 14597
14591 14597 14593
14593 14597 14598
14599 14594 14595
14597 14600 14598
14601 14594 14599
14601 14596 14594
14601 14599 14602
14603 14601 14602
14597 14604 14600
14597 14596 14604
14600 14604 14605
14604 14606 14605
14607 14601 14603
14607 14596 14601
14607 14603 14608
14609 14607 14608
14604 14610 14606
14604 14596 14610
14606 14610 14611
14610 14612 14611
14613 14607 14609
14613 14596 14607
14613 14609 14614
14615 14613 14614
14610 14616 14612
14610 14596 14616
14616 14596 14613
14616 14613 14615
14612 14616 14617
14616 14615 14617
14618 14619 14620
14619 14621 14620
14622 14619 14618
14622 14618 14623
14622 14624 14619
14619 14624 14625
14619 14625 14621
14621 14625 14626
14627 14622 14623
14625 14628 14626
14629 14622 14627
14629 14624 14622
14629 14627 14630
14631 14629 14630
14625 14632 14628
14625 14624 14632
14628 14632 14633
14632 14634 14633
14635 14629 14631
14635 14624 14629
14635 14631 14636
14637 14635 14636
14632 14638 14634
14632 14624 14638
14634 14638 14639
14638 14640 14639
14641 14635 14637
14641 14624 14635
14641 14637 14642
14643 14641 14642
14638 14644 14640
14638 14624 14644
14644 14624 14641
14644 14641 14643
14640 14644 14645
14644 14643 14645
14646 14647 14648
14646 14648 14649
14650 14649 14648
14650 14648 14651
14650 14651 14652
14653 14652 14651
14653 14651 14654
14653 14654 14655
14655 14654 14656
14657 14656 14654
14657 14654 14658
14659 14657 14658
14660 14659 14658
14660 14658 14661
14658 14662 14661
14658 14663 14662
14658 14654 14663
14663 14654 14664
14664 14654 14651
14664 14651 14665
14651 14666 14665
14651 14648 14666
14667 14666 14648
14668 14667 14648
14668 14648 14647
14668 14647 14669
14668 14669 14670
14669 14647 14671
14669 14671 14672
14673 14670 14669
14672 14674 14669
14673 14669 14674
14672 14675 14674
14676 14673 14674
14675 14676 14674
14676 14677 14673
14675 14678 14676
14679 14677 14676
14676 14678 14680
14681 14679 14676
14676 14680 14682
14683 14681 14676
14683 14676 14682
14684 14685 14686
14685 14684 14687
14684 14686 14688
14684 14689 14687
14690 14684 14688
14684 14691 14689
14690 14692 14684
14684 14692 14691
14693 14691 14692
14690 14694 14692
14694 14695 14692
14696 14693 14692
14696 14692 14695
14694 14697 14695
14696 14695 14698
14695 14697 14699
14695 14699 14700
14701 14698 14695
14701 14695 14700
14702 14700 14699
14701 14700 14703
14704 14703 14700
14705 14700 14702
14704 14700 14706
14705 14706 14700
14705 14707 14706
14707 14708 14706
14705 14709 14707
14707 14710 14708
14709 14711 14707
14710 14707 14711
14710 14711 14712
14709 14713 14711
14713 14714 14711
14713 14715 14714
14711 14716 14712
14711 14714 14716
14717 14714 14715
14716 14714 14718
14717 14719 14714
14714 14720 14718
14719 14721 14714
14714 14721 14720
14722 14723 14724
14724 14723 14725
14724 14725 14726
14724 14726 14727
14724 14727 14728
14729 14724 14728
14722 14724 14730
14729 14730 14724
14731 14722 14730
14730 14729 14732
14731 14730 14733
14730 14732 14733
14734 14731 14733
14732 14735 14733
14734 14733 14736
14735 14736 14733
14737 14734 14736
14736 14735 14738
14737 14736 14739
14736 14738 14739
14740 14737 14739
14738 14741 14739
14740 14739 14741
14738 14742 14741
14741 14743 14740
14741 14742 14743
14744 14745 14746
14746 14745 14747
14744 14746 14748
14748 14749 14744
14748 14750 14749
14750 14751 14749
14752 14748 14746
14750 14748 14752
14752 14746 14753
14750 14752 14754
14746 14755 14753
14750 14756 14751
14756 14750 14754
14756 14754 14757
14756 14758 14751
14759 14756 14757
14746 14760 14755
14746 14747 14760
14760 14761 14755
14756 14762 14758
14759 14762 14756
14762 14763 14758
14762 14759 14764
14762 14765 14763
14762 14764 14765
14747 14766 14760
14760 14766 14761
14747 14767 14766
14766 14768 14761
14766 14767 14769
14766 14770 14768
14766 14769 14770
14770 14771 14768
14769 14771 14770
14772 14773 14774
14775 14774 14773
14772 14774 14776
14776 14777 14772
14775 14778 14774
14778 14775 14779
14778 14779 14780
14778 14780 14781
14782 14778 14781
14778 14782 14783
14778 14783 14774
14783 14776 14774
14783 14784 14776
14776 14785 14777
14785 14776 14784
14785 14784 14786
14785 14787 14777
14788 14785 14786
14785 14789 14787
14788 14789 14785
14790 14787 14789
14791 14789 14788
14790 14789 14792
14791 14792 14789
14792 14793 14790
14792 14791 14794
14792 14795 14793
14792 14794 14795
14795 14796 14793
14794 14796 14795
14797 14796 14798
14798 14796 14799
14800 14797 14798
14800 14798 14799
14800 14801 14797
14800 14799 14802
14801 14800 14803
14802 14803 14800
14801 14803 14804
14802 14805 14803
14803 14806 14804
14805 14807 14803
14803 14807 14806
14805 14808 14807
14807 14809 14806
14807 14808 14810
14807 14811 14809
14807 14810 14811
14811 14812 14809
14810 14813 14811
14811 14813 14812
14810 14814 14813
14813 14815 14812
14814 14816 14813
14813 14816 14815
14814 14817 14816
14816 14818 14815
14819 14816 14817
14816 14820 14818
14819 14820 14816
14820 14821 14818
14819 14822 14820
14820 14823 14821
14822 14823 14820
14824 14825 14826
14827 14825 14824
14824 14826 14828
14829 14828 14826
14829 14826 14830
14831 14829 14830
14831 14830 14832
14833 14831 14832
14833 14834 14831
14834 14833 14835
14834 14835 14836
14836 14831 14834
14836 14837 14831
14837 14829 14831
14837 14838 14829
14838 14828 14829
14838 14839 14828
14824 14828 14839
14824 14839 14840
14840 14841 14824
14840 14842 14841
14843 14841 14842
14827 14824 14841
14843 14827 14841
14843 14842 14844
14843 14845 14827
14843 14844 14846
14845 14843 14847
14843 14846 14848
14843 14848 14847
14849 14850 14851
14849 14852 14850
14853 14849 14851
14853 14851 14854
14849 14855 14852
14855 14856 14852
14857 14856 14855
14849 14857 14855
14849 14858 14857
14858 14849 14859
14849 14853 14859
14859 14853 14860
14853 14861 14860
14861 14853 14854
14861 14862 14860
14863 14861 14854
14861 14863 14862
14862 14863 14864
14863 14854 14865
14864 14863 14865
14862 14864 14866
14864 14865 14867
14864 14868 14866
14869 14864 14867
14864 14870 14868
14869 14870 14864
14871 14868 14870
14871 14870 14869
14871 14872 14868
14871 14869 14873
14872 14871 14874
14871 14873 14875
14871 14876 14874
14871 14875 14876
14877 14878 14879
14877 14879 14880
14877 14880 14881
14882 14878 14877
14877 14881 14883
14882 14877 14884
14884 14877 14883
14884 14883 14885
14886 14882 14884
14887 14884 14885
14886 14884 14888
14887 14888 14884
14889 14886 14888
14888 14887 14890
14889 14888 14891
14888 14890 14891
14892 14889 14891
14891 14890 14893
14892 14891 14894
14891 14893 14894
14895 14892 14894
14893 14896 14894
14895 14894 14896
14893 14897 14896
14896 14898 14895
14896 14897 14898
14899 14900 14901
14901 14900 14902
14899 14901 14903
14904 14899 14903
14901 14902 14905
14905 14902 14906
14905 14906 14907
14901 14905 14907
14901 14907 14908
14903 14901 14908
14903 14908 14909
14910 14903 14909
14904 14903 14911
14910 14911 14903
14911 14912 14904
14913 14911 14910
14911 14913 14912
14913 14910 14914
14913 14915 14912
14916 14913 14914
14913 14917 14915
14916 14917 14913
14917 14918 14915
14917 14916 14919
14917 14920 14918
14917 14919 14920
14921 14922 14923
14924 14923 14922
14924 14925 14923
14925 14924 14926
14925 14926 14927
14927 14923 14925
14927 14928 14923
14929 14923 14928
14921 14923 14929
14929 14928 14930
14931 14921 14929
14931 14929 14930
14931 14932 14921
14931 14930 14933
14934 14932 14931
14933 14935 14931
14934 14931 14935
14936 14934 14935
14933 14937 14935
14936 14935 14937
14936 14938 14934
14936 14937 14939
14938 14936 14940
14936 14939 14941
14936 14942 14940
14936 14941 14942
14943 14944 14945
14944 14943 14946
14943 14945 14947
14947 14946 14943
14944 14946 14948
14947 14949 14946
14946 14950 14948
14946 14949 14951
14946 14952 14950
14946 14951 14952
14952 14953 14950
14952 14951 14954
14952 14955 14953
14952 14954 14955
14955 14956 14953
14954 14957 14955
14955 14957 14956
14954 14958 14957
14957 14959 14956
14957 14958 14960
14957 14961 14959
14957 14960 14961
14962 14963 14964
14963 14962 14965
14963 14965 14966
14963 14966 14967
14963 14967 14968
14968 14969 14963
14963 14970 14964
14963 14969 14970
14971 14964 14970
14972 14970 14969
14971 14970 14973
14972 14973 14970
14974 14971 14973
14975 14973 14972
14974 14973 14976
14975 14976 14973
14976 14977 14974
14976 14975 14977
14978 14979 14980
14979 14978 14981
14979 14981 14982
14979 14982 14983
14979 14983 14984
14984 14985 14979
14979 14986 14980
14979 14985 14986
14987 14980 14986
14988 14986 14985
14987 14986 14989
14988 14989 14986
14990 14987 14989
14991 14989 14988
14990 14989 14992
14991 14992 14989
14992 14993 14990
14992 14991 14993
14994 14995 14996
14995 14994 14997
14995 14997 14998
14995 14998 14999
14995 14999 15000
15000 15001 14995
14995 15002 14996
14995 15001 15002
15003 14996 15002
15004 15002 15001
15003 15002 15005
15004 15005 15002
15006 15003 15005
15007 15005 15004
15006 15005 15008
15007 15008 15005
15008 15009 15006
15008 15007 15009
15010 15011 15012
15011 15010 15013
15011 15013 15014
15011 15014 15015
15011 15015 15016
15016 15017 15011
15011 15018 15012
15011 15017 15018
15019 15012 15018
15020 15018 15017
15019 15018 15021
15020 15021 15018
15022 15019 15021
15023 15021 15020
15022 15021 15024
15023 15024 15021
15024 15025 15022
15024 15023 15025
15026 15027 15028
15027 15026 15029
15027 15029 15030
15027 15030 15031
15027 15031 15032
15032 15033 15027
15027 15034 15028
15027 15033 15034
15035 15028 15034
15036 15034 15033
15035 15034 15037
15036 15037 15034
15038 15035 15037
15039 15037 15036
15038 15037 15040
15039 15040 15037
15040 15041 15038
15040 15039 15041
15042 15043 15044
15043 15042 15045
15043 15045 15046
15043 15046 15047
15043 15047 15048
15048 15049 15043
15043 15050 15044
15043 15049 15050
15051 15044 15050
15052 15050 15049
15051 15050 15053
15052 15053 15050
15054 15051 15053
15055 15053 15052
15054 15053 15056
15055 15056 15053
15056 15057 15054
15056 15055 15057
15058 15059 15060
15060 15059 15061
15058 15060 15062
15063 15058 15062
15063 15062 15064
15065 15063 15064
15066 15062 15060
15064 15062 15066
15066 15060 15067
15064 15066 15068
15060 15069 15067
15070 15064 15068
15065 15064 15071
15070 15071 15064
15071 15072 15065
15071 15070 15072
15060 15073 15069
15060 15061 15073
15073 15074 15069
15061 15075 15073
15073 15075 15074
15061 15076 15075
15075 15077 15074
15076 15077 15075
15078 15079 15080
15080 15079 15081
15078 15080 15082
15083 15078 15082
15080 15081 15084
15081 15085 15084
15084 15085 15086
15080 15084 15086
15080 15086 15087
15082 15080 15087
15082 15087 15088
15089 15082 15088
15083 15082 15090
15089 15090 15082
15091 15083 15090
15092 15090 15089
15091 15090 15093
15092 15093 15090
15093 15094 15091
15093 15092 15095
15093 15096 15094
15093 15095 15096
15096 15097 15094
15095 15098 15096
15098 15097 15096
15095 15099 15098
15100 15097 15098
15099 15100 15098
15101 15102 15103
15104 15103 15102
15105 15103 15104
15101 15103 15106
15106 15103 15105
15107 15101 15106
15108 15106 15105
15107 15106 15109
15109 15106 15108
15110 15107 15109
15109 15108 15111
15110 15109 15112
15112 15109 15111
15113 15112 15111
15112 15114 15110
15112 15113 15115
15112 15116 15114
15112 15115 15116
15117 15114 15116
15115 15117 15116
15118 15119 15120
15120 15119 15121
15118 15120 15122
15123 15118 15122
15123 15122 15124
15124 15125 15123
15126 15122 15120
15127 15122 15126
15127 15124 15122
15126 15120 15128
15120 15129 15128
15124 15127 15130
15120 15131 15129
15120 15121 15131
15131 15132 15129
15121 15133 15131
15131 15133 15132
15121 15134 15133
15133 15135 15132
15134 15135 15133
15124 15136 15125
15124 15130 15136
15136 15137 15125
15137 15136 15130
15137 15138 15125
15139 15137 15130
15140 15138 15137
15139 15140 15137
15141 15142 15143
15143 15142 15144
15141 15143 15145
15146 15141 15145
15146 15145 15147
15147 15148 15146
15147 15149 15148
15149 15150 15148
15151 15150 15149
15147 15151 15149
15147 15152 15151
15152 15147 15145
15152 15145 15153
15153 15145 15143
15153 15143 15154
15143 15155 15154
15143 15156 15155
15143 15144 15156
15156 15157 15155
15144 15158 15156
15156 15158 15157
15144 15159 15158
15158 15160 15157
15159 15160 15158
15161 15162 15163
15163 15162 15164
15161 15163 15165
15166 15161 15165
15166 15165 15167
15168 15166 15167
15168 15167 15169
15169 15170 15168
15171 15167 15165
15169 15167 15171
15171 15165 15172
15165 15173 15172
15165 15163 15173
15174 15169 15171
15163 15175 15173
15169 15176 15170
15176 15169 15174
15177 15170 15176
15178 15176 15174
15178 15177 15176
15163 15179 15175
15163 15164 15179
15179 15180 15175
15164 15181 15179
15179 15181 15180
15164 15182 15181
15181 15183 15180
15182 15183 15181
15184 15185 15186
15184 15186 15187
15184 15187 15188
15184 15188 15189
15185 15184 15190
15189 15191 15184
15184 15192 15190
15184 15191 15192
15193 15190 15192
15194 15192 15191
15193 15192 15195
15194 15195 15192
15196 15193 15195
15197 15195 15194
15196 15195 15198
15197 15198 15195
15198 15199 15196
15198 15197 15200
15198 15201 15199
15198 15200 15201
15201 15202 15199
15200 15202 15201
15203 15204 15205
15206 15203 15205
15206 15205 15207
15208 15206 15207
15208 15207 15209
15210 15206 15208
15211 15208 15209
15211 15210 15208
15211 15209 15212
15211 15213 15210
15212 15214 15211
15213 15211 15214
15212 15215 15214
15213 15214 15216
15215 15217 15214
15216 15214 15217
15215 15218 15217
15219 15217 15218
15216 15217 15220
15219 15220 15217
15221 15219 15218
15222 15220 15219
15219 15221 15223
15219 15224 15222
15219 15223 15225
15219 15225 15224
15226 15204 15227
15228 15226 15227
15228 15227 15229
15230 15228 15229
15230 15229 15231
15231 15229 15232
15233 15231 15232
15233 15232 15234
15235 15230 15231
15233 15235 15231
15235 15233 15236
15234 15237 15233
15233 15237 15236
15234 15238 15237
15236 15237 15239
15238 15239 15237
15236 15239 15240
15241 15240 15239
15238 15242 15239
15241 15239 15242
15243 15240 15241
15244 15241 15242
15241 15245 15243
15241 15244 15246
15241 15247 15245
15241 15246 15247
15248 15249 15250
15248 15250 15251
15248 15251 15252
15248 15252 15253
15249 15248 15254
15253 15255 15248
15248 15256 15254
15248 15255 15256
15257 15256 15255
15258 15254 15256
15257 15259 15256
15258 15256 15259
15260 15259 15257
15258 15259 15261
15260 15261 15259
15262 15258 15261
15261 15260 15263
15261 15264 15262
15261 15263 15264
15264 15265 15262
15264 15266 15265
15263 15266 15264
15263 15267 15266
15267 15268 15266
15267 15269 15268
15269 15270 15268
15271 15270 15272
15273 15271 15272
15273 15272 15274
15275 15273 15274
15276 15273 15275
15275 15274 15277
15278 15276 15275
15278 15279 15276
15275 15277 15280
15278 15275 15280
15280 15281 15278
15279 15278 15282
15281 15282 15278
15279 15282 15283
15281 15284 15282
15283 15282 15284
15281 15285 15284
15286 15284 15285
15283 15284 15287
15286 15287 15284
15288 15286 15285
15289 15287 15286
15286 15288 15290
15286 15291 15289
15286 15290 15292
15286 15292 15291
15293 15294 15295
15293 15295 15296
15293 15296 15297
15293 15297 15298
15294 15293 15299
15298 15300 15293
15293 15301 15299
15293 15300 15301
15302 15299 15301
15303 15301 15300
15302 15301 15304
15303 15304 15301
15305 15302 15304
15306 15304 15303
15305 15304 15307
15306 15307 15304
15307 15230 15305
15307 15306 15277
15307 15308 15230
15307 15277 15308
15308 15309 15230
15277 15309 15308
15310 15311 15312
15313 15312 15311
15310 15312 15314
15315 15310 15314
15313 15316 15312
15317 15316 15313
15315 15314 15318
15319 15315 15318
15314 15312 15320
15320 15312 15316
15317 15321 15316
15322 15321 15317
15319 15318 15323
15323 15324 15319
15318 15314 15325
15314 15320 15325
15323 15318 15326
15318 15325 15326
15327 15324 15323
15323 15326 15327
15327 15328 15324
15324 15328 15329
15330 15328 15327
15329 15328 15330
15330 15327 15326
15329 15330 15331
15332 15330 15326
15331 15330 15332
15332 15326 15325
15331 15332 15333
15334 15332 15325
15333 15332 15334
15334 15325 15320
15333 15334 15335
15334 15336 15335
15334 15337 15336
15320 15337 15334
15336 15337 15338
15320 15339 15337
15320 15316 15339
15339 15316 15321
15337 15339 15321
15337 15321 15338
15338 15321 15340
15338 15340 15341
15322 15340 15321
15341 15340 15342
15342 15340 15322
15343 15344 15345
15346 15343 15345
15346 15347 15343
15348 15347 15346
15348 15349 15347
15350 15349 15348
15350 15351 15349
15352 15351 15350
15349 15351 15353
15353 15351 15352
15347 15349 15354
15349 15353 15354
15353 15352 15355
15355 15354 15353
15355 15352 15356
15356 15357 15355
15355 15357 15354
15356 15358 15357
15347 15354 15359
15357 15359 15354
15343 15347 15359
15358 15360 15357
15357 15360 15359
15358 15361 15360
15343 15359 15362
15360 15362 15359
15361 15363 15360
15360 15363 15362
15361 15364 15363
15365 15363 15364
15362 15363 15365
15365 15364 15366
15367 15365 15366
15367 15368 15365
15369 15368 15367
15362 15370 15343
15343 15370 15344
15344 15370 15368
15344 15368 15371
15362 15365 15372
15362 15372 15370
15368 15370 15372
15372 15365 15368
15369 15373 15368
15371 15368 15373
15374 15373 15369
15371 15373 15375
15375 15373 15374
15376 15377 15378
15377 15376 15379
15376 15378 15380
15380 15378 15381
15376 15382 15379
15382 15383 15379
15383 15382 15384
15382 15385 15384
15386 15385 15382
15386 15387 15385
15388 15382 15376
15388 15376 15380
15386 15382 15388
15380 15381 15389
15388 15380 15389
15381 15390 15389
15388 15389 15391
15390 15391 15389
15386 15388 15391
15391 15390 15392
15392 15393 15391
15391 15393 15394
15386 15391 15394
15386 15394 15395
15396 15387 15386
15396 15386 15395
15397 15387 15396
15397 15396 15395
15398 15399 15400
15399 15398 15401
15398 15402 15401
15402 15403 15401
15403 15402 15404
15402 15405 15404
15406 15405 15402
15398 15400 15407
15408 15402 15398
15408 15398 15407
15407 15400 15409
15408 15407 15409
15408 15409 15410
15400 15411 15409
15411 15412 15409
15412 15410 15409
15410 15412 15413
15413 15414 15410
15410 15414 15415
15410 15415 15416
15417 15402 15408
15417 15408 15410
15417 15406 15402
15417 15410 15416
15418 15406 15417
15418 15417 15416
15419 15406 15418
15419 15418 15416
15420 15421 15422
15421 15420 15423
15420 15424 15423
15424 15425 15423
15425 15424 15426
15424 15427 15426
15428 15427 15424
15420 15422 15429
15429 15422 15430
15431 15420 15429
15431 15424 15420
15429 15430 15432
15431 15429 15432
15430 15433 15432
15433 15434 15432
15431 15432 15434
15434 15433 15435
15435 15436 15434
15434 15436 15437
15437 15438 15434
15439 15428 15424
15438 15439 15434
15440 15428 15439
15440 15439 15438
15441 15424 15431
15441 15431 15434
15441 15439 15424
15441 15434 15439
15442 15443 15444
15442 15444 15445
15442 15446 15443
15447 15446 15442
15443 15446 15448
15446 15449 15448
15449 15446 15450
15446 15451 15450
15447 15451 15446
15447 15452 15451
15442 15445 15453
15447 15442 15453
15445 15454 15453
15453 15454 15455
15455 15456 15453
15453 15456 15457
15447 15453 15457
15447 15457 15458
15459 15452 15447
15459 15447 15458
15460 15452 15459
15460 15459 15458
15461 15462 15463
15461 15463 15464
15461 15465 15462
15466 15465 15461
15462 15465 15467
15465 15468 15467
15468 15465 15469
15465 15470 15469
15466 15470 15465
15466 15471 15470
15461 15464 15472
15466 15461 15472
15464 15473 15472
15472 15473 15474
15474 15475 15472
15472 15475 15476
15466 15472 15476
15466 15476 15477
15478 15471 15466
15478 15466 15477
15479 15471 15478
15479 15478 15477
15480 15481 15482
15480 15482 15483
15480 15484 15481
15485 15484 15480
15481 15484 15486
15484 15487 15486
15487 15484 15488
15484 15489 15488
15485 15489 15484
15485 15490 15489
15480 15483 15491
15485 15480 15491
15483 15492 15491
15491 15492 15493
15493 15494 15491
15491 15494 15495
15485 15491 15495
15485 15495 15496
15497 15490 15485
15497 15485 15496
15498 15490 15497
15498 15497 15496
15499 15500 15501
15502 15500 15499
15499 15501 15503
15503 15501 15504
15502 15499 15505
15505 15499 15503
15502 15505 15506
15503 15504 15507
15507 15504 15508
15509 15503 15507
15505 15503 15509
15508 15510 15507
15509 15507 15510
15508 15511 15510
15505 15512 15506
15506 15512 15513
15512 15514 15513
15515 15505 15509
15515 15509 15510
15515 15512 15505
15511 15516 15510
15515 15510 15516
15511 15517 15516
15516 15517 15518
15519 15514 15512
15520 15514 15519
15521 15512 15515
15521 15515 15516
15521 15519 15512
15516 15518 15522
15521 15516 15522
15523 15522 15518
15523 15524 15522
15524 15521 15522
15525 15524 15523
15524 15526 15521
15519 15521 15526
15525 15526 15524
15520 15519 15527
15525 15520 15527
15525 15527 15526
15519 15526 15527
15528 15529 15530
15531 15529 15528
15528 15530 15532
15532 15530 15533
15531 15528 15534
15534 15528 15532
15531 15534 15535
15532 15533 15536
15536 15533 15537
15538 15532 15536
15534 15532 15538
15537 15539 15536
15538 15536 15539
15537 15540 15539
15534 15541 15535
15535 15541 15542
15541 15543 15542
15544 15534 15538
15544 15538 15539
15544 15541 15534
15540 15545 15539
15544 15539 15545
15540 15546 15545
15545 15546 15547
15548 15543 15541
15549 15543 15548
15550 15541 15544
15550 15544 15545
15550 15548 15541
15545 15547 15551
15550 15545 15551
15552 15551 15547
15552 15553 15551
15553 15550 15551
15554 15553 15552
15553 15555 15550
15548 15550 15555
15554 15555 15553
15549 15548 15556
15554 15549 15556
15554 15556 15555
15548 15555 15556
15557 15558 15559
15560 15558 15557
15557 15559 15561
15561 15559 15562
15560 15557 15563
15563 15557 15561
15560 15563 15564
15561 15562 15565
15565 15562 15566
15567 15561 15565
15563 15561 15567
15566 15568 15565
15567 15565 15568
15566 15569 15568
15563 15570 15564
15564 15570 15571
15570 15572 15571
15573 15563 15567
15573 15567 15568
15573 15570 15563
15569 15574 15568
15573 15568 15574
15569 15575 15574
15574 15575 15576
15577 15572 15570
15578 15572 15577
15579 15570 15573
15579 15573 15574
15579 15577 15570
15574 15576 15580
15579 15574 15580
15581 15580 15576
15581 15582 15580
15582 15579 15580
15583 15582 15581
15582 15584 15579
15577 15579 15584
15583 15584 15582
15578 15577 15585
15583 15578 15585
15583 15585 15584
15577 15584 15585
15586 15587 15588
15589 15587 15586
15586 15588 15590
15590 15588 15591
15589 15586 15592
15592 15586 15590
15589 15592 15593
15590 15591 15594
15594 15591 15595
15596 15590 15594
15592 15590 15596
15595 15597 15594
15596 15594 15597
15595 15598 15597
15592 15599 15593
15593 15599 15600
15599 15601 15600
15602 15592 15596
15602 15596 15597
15602 15599 15592
15598 15603 15597
15602 15597 15603
15598 15604 15603
15603 15604 15605
15606 15601 15599
15607 15601 15606
15608 15599 15602
15608 15602 15603
15608 15606 15599
15603 15605 15609
15608 15603 15609
15610 15609 15605
15610 15611 15609
15611 15608 15609
15612 15611 15610
15611 15613 15608
15606 15608 15613
15612 15613 15611
15607 15606 15614
15612 15607 15614
15612 15614 15613
15606 15613 15614
15615 15616 15617
15615 15617 15618
15615 15619 15616
15616 15619 15620
15619 15621 15620
15621 15619 15622
15619 15623 15622
15624 15623 15619
15624 15619 15615
15624 15625 15623
15626 15625 15624
15627 15625 15626
15615 15618 15628
15618 15629 15628
15628 15629 15630
15630 15631 15628
15628 15631 15632
15633 15615 15628
15633 15628 15632
15633 15632 15634
15627 15635 15634
15635 15633 15634
15636 15637 15638
15636 15638 15639
15636 15640 15637
15641 15640 15636
15637 15640 15642
15640 15643 15642
15643 15640 15644
15640 15645 15644
15641 15645 15640
15641 15646 15645
15636 15639 15647
15641 15636 15647
15639 15648 15647
15647 15648 15649
15649 15650 15647
15647 15650 15651
15641 15647 15651
15641 15651 15652
15653 15646 15641
15654 15646 15653
15654 15655 15652
15655 15641 15652
15656 15657 15658
15656 15658 15659
15656 15660 15657
15661 15660 15656
15657 15660 15662
15660 15663 15662
15663 15660 15664
15660 15665 15664
15661 15665 15660
15661 15666 15665
15656 15659 15667
15661 15656 15667
15659 15668 15667
15667 15668 15669
15669 15670 15667
15667 15670 15671
15661 15667 15671
15661 15671 15672
15673 15666 15661
15674 15666 15673
15674 15675 15672
15675 15661 15672
15676 15677 15678
15676 15678 15679
15676 15680 15677
15681 15680 15676
15677 15680 15682
15680 15683 15682
15683 15680 15684
15680 15685 15684
15681 15685 15680
15681 15686 15685
15676 15679 15687
15681 15676 15687
15679 15688 15687
15687 15688 15689
15689 15690 15687
15687 15690 15691
15681 15687 15691
15681 15691 15692
15693 15686 15681
15693 15681 15692
15694 15686 15693
15694 15693 15692
15695 15696 15697
15695 15698 15696
15696 15698 15699
15698 15700 15699
15700 15698 15701
15695 15697 15702
15695 15702 15703
15702 15704 15703
15703 15704 15705
15705 15706 15703
15698 15707 15701
15703 15706 15708
15709 15698 15695
15709 15695 15703
15710 15707 15698
15709 15710 15698
15711 15707 15710
15703 15708 15712
15709 15703 15712
15713 15712 15708
15713 15714 15712
15714 15709 15712
15715 15714 15713
15714 15716 15709
15710 15709 15716
15715 15716 15714
15711 15710 15717
15715 15711 15717
15715 15717 15716
15710 15716 15717
15718 15719 15720
15718 15721 15719
15719 15721 15722
15721 15723 15722
15723 15721 15724
15718 15720 15725
15718 15725 15726
15725 15727 15726
15726 15727 15728
15728 15729 15726
15721 15730 15724
15726 15729 15731
15732 15721 15718
15732 15718 15726
15733 15730 15721
15732 15733 15721
15734 15730 15733
15726 15731 15735
15732 15726 15735
15736 15735 15731
15736 15737 15735
15737 15732 15735
15738 15737 15736
15737 15739 15732
15733 15732 15739
15738 15739 15737
15734 15733 15740
15738 15734 15740
15738 15740 15739
15733 15739 15740
15741 15742 15743
15741 15744 15742
15742 15744 15745
15744 15746 15745
15746 15744 15747
15741 15743 15748
15741 15748 15749
15748 15750 15749
15749 15750 15751
15751 15752 15749
15744 15753 15747
15749 15752 15754
15755 15744 15741
15755 15741 15749
15756 15753 15744
15755 15756 15744
15757 15753 15756
15749 15754 15758
15755 15749 15758
15759 15758 15754
15759 15760 15758
15760 15755 15758
15761 15760 15759
15760 15762 15755
15756 15755 15762
15761 15762 15760
15757 15756 15763
15761 15757 15763
15761 15763 15762
15756 15762 15763
15764 15765 15766
15764 15767 15765
15765 15767 15768
15767 15769 15768
15769 15767 15770
15764 15766 15771
15764 15771 15772
15771 15773 15772
15772 15773 15774
15774 15775 15772
15767 15776 15770
15772 15775 15777
15778 15767 15764
15778 15764 15772
15779 15776 15767
15778 15779 15767
15780 15776 15779
15772 15777 15781
15778 15772 15781
15782 15781 15777
15782 15783 15781
15783 15778 15781
15784 15783 15782
15783 15785 15778
15779 15778 15785
15784 15785 15783
15780 15779 15786
15784 15780 15786
15784 15786 15785
15779 15785 15786
15787 15788 15789
15787 15790 15788
15788 15790 15791
15790 15792 15791
15792 15790 15793
15790 15794 15793
15795 15790 15787
15795 15794 15790
15795 15796 15794
15797 15796 15795
15798 15796 15797
15798 15797 15799
15797 15800 15799
15800 15801 15799
15800 15802 15801
15802 15803 15801
15804 15803 15802
15802 15805 15804
15800 15806 15802
15807 15805 15802
15806 15807 15802
15806 15789 15807
15808 15809 15810
15808 15811 15809
15809 15811 15812
15811 15813 15812
15813 15811 15814
15811 15815 15814
15816 15811 15808
15816 15815 15811
15816 15817 15815
15818 15817 15816
15819 15817 15818
15819 15820 15821
15820 15822 15821
15822 15823 15821
15822 15824 15823
15824 15825 15823
15826 15825 15824
15824 15827 15826
15822 15828 15824
15829 15827 15824
15828 15829 15824
15828 15810 15829
15830 15831 15832
15830 15832 15833
15831 15834 15832
15834 15835 15832
15835 15836 15832
15832 15837 15833
15832 15836 15838
15839 15837 15832
15839 15832 15838
15838 15840 15839
15839 15841 15837
15840 15841 15839
15838 15842 15840
15842 15843 15840
15840 15844 15841
15843 15845 15840
15846 15844 15840
15845 15846 15840
15845 15847 15846
15846 15848 15844
15849 15848 15846
15849 15850 15848
15847 15851 15846
15846 15851 15849
15849 15852 15850
15849 15853 15852
15851 15854 15849
15851 15855 15854
15855 15856 15854
15854 15856 15857
15854 15857 15858
15858 15859 15854
15849 15854 15859
15858 15860 15859
15860 15861 15859
15862 15859 15861
15863 15862 15861
15863 15864 15862
15862 15864 15865
15862 15865 15866
15862 15866 15867
15849 15859 15868
15868 15859 15862
15853 15849 15868
15869 15853 15868
15870 15869 15868
15868 15862 15870
15870 15871 15869
15870 15872 15871
15862 15867 15873
15870 15862 15873
15867 15874 15873
15874 15875 15873
15875 15876 15873
15870 15877 15872
15870 15873 15877
15873 15876 15877
15878 15872 15877
15876 15878 15877
15879 15880 15881
15879 15881 15882
15881 15883 15882
15883 15881 15884
15881 15885 15884
15881 15880 15886
15887 15885 15881
15888 15881 15886
15888 15887 15881
15887 15888 15889
15888 15886 15890
15889 15888 15890
15887 15889 15891
15889 15892 15891
15889 15890 15893
15892 15889 15894
15895 15889 15893
15894 15889 15895
15894 15895 15896
15895 15893 15897
15898 15895 15897
15898 15897 15899
15896 15895 15900
15895 15898 15900
15898 15899 15901
15898 15901 15902
15900 15898 15903
15900 15903 15904
15904 15903 15905
15903 15906 15905
15903 15907 15906
15907 15903 15908
15898 15908 15903
15907 15908 15909
15909 15908 15910
15910 15908 15911
15912 15910 15911
15912 15911 15913
15911 15914 15913
15911 15915 15914
15911 15916 15915
15898 15917 15908
15917 15911 15908
15902 15917 15898
15918 15917 15902
15919 15917 15918
15917 15919 15911
15919 15918 15920
15919 15920 15921
15911 15922 15916
15919 15922 15911
15916 15922 15923
15922 15924 15923
15924 15922 15925
15919 15921 15926
15919 15926 15922
15922 15926 15925
15927 15926 15921
15925 15926 15927
15928 15929 15930
15928 15930 15931
15928 15932 15929
15933 15932 15928
15929 15932 15934
15932 15935 15934
15935 15932 15936
15932 15937 15936
15933 15937 15932
15933 15938 15937
15928 15931 15939
15933 15928 15939
15931 15940 15939
15939 15940 15941
15941 15942 15939
15939 15942 15943
15933 15939 15943
15933 15943 15944
15945 15938 15933
15945 15933 15944
15946 15938 15945
15946 15945 15944
15947 15948 15949
15947 15949 15950
15947 15951 15948
15952 15951 15947
15948 15951 15953
15951 15954 15953
15954 15951 15955
15951 15956 15955
15952 15956 15951
15952 15957 15956
15947 15950 15958
15952 15947 15958
15950 15959 15958
15958 15959 15960
15960 15961 15958
15958 15961 15962
15952 15958 15962
15952 15962 15963
15964 15957 15952
15964 15952 15963
15965 15957 15964
15965 15964 15963
15966 15967 15968
15966 15968 15969
15966 15970 15967
15971 15970 15966
15967 15970 15972
15970 15973 15972
15973 15970 15974
15970 15975 15974
15971 15975 15970
15971 15976 15975
15966 15969 15977
15971 15966 15977
15969 15978 15977
15977 15978 15979
15979 15980 15977
15977 15980 15981
15971 15977 15981
15971 15981 15982
15983 15976 15971
15983 15971 15982
15984 15976 15983
15984 15983 15982
15985 15986 15987
15985 15987 15988
15985 15989 15986
15985 15988 15989
15987 15990 15988
15989 15988 15991
15988 15990 15992
15990 15993 15992
15992 15993 15994
15994 15995 15992
15995 15996 15992
15997 15992 15996
15988 15992 15997
15996 15998 15997
15999 15997 15998
15988 16000 15991
15988 15997 16000
15997 15999 16000
15991 16000 16001
16000 15999 16002
16001 16000 16003
16000 16002 16003
16004 16005 16006
16004 16006 16007
16004 16008 16005
16009 16008 16004
16005 16008 16010
16008 16011 16010
16011 16008 16012
16008 16013 16012
16009 16013 16008
16009 16014 16013
16004 16007 16015
16009 16004 16015
16007 16016 16015
16015 16016 16017
16017 16018 16015
16015 16018 16019
16009 16015 16019
16009 16019 16020
16021 16014 16009
16021 16009 16020
16022 16014 16021
16022 16021 16020
16023 16024 16025
16023 16025 16026
16023 16027 16024
16028 16027 16023
16024 16027 16029
16027 16030 16029
16030 16027 16031
16027 16032 16031
16028 16032 16027
16028 16033 16032
16023 16026 16034
16028 16023 16034
16026 16035 16034
16034 16035 16036
16036 16037 16034
16034 16037 16038
16028 16034 16038
16028 16038 16039
16040 16033 16028
16040 16028 16039
16041 16033 16040
16041 16040 16039
16042 16043 16044
16042 16044 16045
16042 16046 16043
16047 16046 16042
16043 16046 16048
16046 16049 16048
16049 16046 16050
16046 16051 16050
16047 16051 16046
16047 16052 16051
16042 16045 16053
16047 16042 16053
16045 16054 16053
16053 16054 16055
16055 16056 16053
16053 16056 16057
16047 16053 16057
16047 16057 16058
16059 16052 16047
16059 16047 16058
16060 16052 16059
16060 16059 16058
16061 16062 16063
16063 16064 16061
16061 16064 16065
16065 16066 16061
16066 16067 16061
16068 16067 16066
16069 16067 16068
16069 16068 16070
16071 16069 16070
16071 16072 16069
16071 16073 16072
16074 16072 16073
16069 16072 16075
16074 16075 16072
16076 16067 16069
16069 16075 16076
16061 16067 16077
16076 16077 16067
16074 16078 16075
16074 16079 16078
16080 16078 16079
16081 16075 16078
16080 16081 16078
16081 16076 16075
16080 16082 16081
16081 16082 16083
16076 16081 16084
16081 16083 16084
16076 16084 16077
16085 16077 16084
16083 16086 16084
16086 16085 16084
16087 16085 16086
16085 16087 16088
16089 16085 16088
16085 16089 16062
16085 16090 16077
16090 16085 16062
16061 16077 16090
16090 16062 16061
16091 16092 16093
16093 16094 16091
16091 16094 16095
16095 16096 16091
16096 16097 16091
16098 16097 16096
16099 16097 16098
16099 16098 16100
16101 16099 16100
16101 16102 16099
16101 16103 16102
16104 16102 16103
16099 16102 16105
16104 16105 16102
16106 16097 16099
16099 16105 16106
16091 16097 16107
16106 16107 16097
16104 16108 16105
16104 16109 16108
16110 16108 16109
16111 16105 16108
16110 16111 16108
16111 16106 16105
16110 16112 16111
16111 16112 16113
16106 16111 16114
16111 16113 16114
16106 16114 16107
16115 16107 16114
16113 16116 16114
16116 16115 16114
16117 16115 16116
16115 16117 16118
16119 16115 16118
16115 16119 16092
16115 16120 16107
16120 16115 16092
16091 16107 16120
16120 16092 16091
16121 16122 16123
16123 16124 16121
16121 16124 16125
16125 16126 16121
16126 16127 16121
16128 16127 16126
16129 16127 16128
16129 16128 16130
16131 16129 16130
16131 16132 16129
16131 16133 16132
16134 16132 16133
16129 16132 16135
16134 16135 16132
16136 16127 16129
16129 16135 16136
16121 16127 16137
16136 16137 16127
16134 16138 16135
16134 16139 16138
16140 16138 16139
16141 16135 16138
16140 16141 16138
16141 16136 16135
16140 16142 16141
16141 16142 16143
16136 16141 16144
16141 16143 16144
16136 16144 16137
16145 16137 16144
16143 16146 16144
16146 16145 16144
16147 16145 16146
16145 16147 16148
16149 16145 16148
16145 16149 16122
16145 16150 16137
16150 16145 16122
16121 16137 16150
16150 16122 16121
16151 16152 16153
16153 16154 16151
16151 16154 16155
16155 16156 16151
16156 16157 16151
16158 16157 16156
16159 16157 16158
16159 16158 16160
16161 16159 16160
16161 16162 16159
16161 16163 16162
16164 16162 16163
16159 16162 16165
16164 16165 16162
16166 16157 16159
16159 16165 16166
16151 16157 16167
16166 16167 16157
16164 16168 16165
16164 16169 16168
16170 16168 16169
16171 16165 16168
16170 16171 16168
16171 16166 16165
16170 16172 16171
16171 16172 16173
16166 16171 16174
16171 16173 16174
16166 16174 16167
16175 16167 16174
16173 16176 16174
16176 16175 16174
16177 16175 16176
16175 16177 16178
16179 16175 16178
16175 16179 16152
16175 16180 16167
16180 16175 16152
16151 16167 16180
16180 16152 16151
16181 16182 16183
16182 16184 16183
16185 16182 16181
16185 16181 16186
16185 16187 16182
16182 16187 16188
16182 16188 16184
16184 16188 16189
16190 16185 16186
16188 16191 16189
16192 16185 16190
16192 16187 16185
16192 16190 16193
16194 16192 16193
16188 16195 16191
16188 16187 16195
16191 16195 16196
16195 16197 16196
16198 16192 16194
16198 16187 16192
16198 16194 16199
16200 16198 16199
16195 16201 16197
16195 16187 16201
16197 16201 16202
16201 16203 16202
16204 16198 16200
16204 16187 16198
16204 16200 16205
16206 16204 16205
16201 16207 16203
16201 16187 16207
16207 16187 16204
16207 16204 16206
16203 16207 16208
16207 16206 16208
16209 16210 16211
16212 16210 16209
16211 16210 16213
16214 16210 16212
16213 16210 16215
16216 16210 16214
16215 16210 16217
16218 16210 16216
16217 16210 16218
