byte offset: 0
first index: 62727
index count: 17271
topology: trianglelist
format: DXGI_FORMAT_R16_UINT

16219 16220 16221
16222 16223 16224
16225 16226 16227
16228 16229 16226
16230 16229 16228
16231 16232 16233
16232 16234 16235
16235 16234 16236
16237 16238 16239
16240 16241 16237
16242 16243 16240
16244 16245 16242
16246 16247 16248
16249 16246 16250
16251 16249 16252
16253 16251 16254
16255 16256 16257
16258 16259 16260
16261 16262 16263
16264 16265 16266
16267 16268 16269
16270 16271 16272
16273 16274 16275
16276 16277 16278
16279 16280 16281
16282 16283 16284
16285 16286 16287
16288 16289 16290
16291 16292 16293
16294 16295 16296
16297 16298 16299
16300 16301 16302
16303 16304 16305
16306 16307 16308
16309 16310 16311
16312 16313 16314
16315 16316 16317
16318 16319 16320
16321 16322 16323
16324 16325 16326
16327 16328 16329
16330 16331 16332
16333 16334 16335
16336 16337 16338
16339 16340 16341
16342 16339 16343
16339 16344 16343
16345 16346 16347
16348 16345 16347
16349 16345 16348
16349 16348 16350
16348 16347 16351
16348 16351 16352
16353 16348 16352
16353 16354 16348
16354 16350 16348
16354 16355 16350
16355 16356 16350
16355 16357 16356
16358 16356 16357
16359 16350 16356
16359 16349 16350
16358 16360 16356
16359 16356 16360
16358 16361 16360
16358 16362 16361
16362 16363 16361
16362 16364 16363
16365 16363 16364
16366 16359 16360
16360 16361 16367
16360 16367 16366
16361 16368 16367
16361 16363 16368
16349 16359 16369
16366 16369 16359
16367 16370 16366
16368 16370 16367
16368 16371 16370
16366 16370 16372
16368 16373 16371
16366 16372 16374
16366 16374 16369
16372 16375 16374
16373 16368 16376
16363 16376 16368
16373 16376 16377
16377 16376 16378
16377 16378 16379
16380 16379 16378
16381 16380 16378
16381 16378 16382
16378 16365 16382
16365 16383 16363
16363 16383 16376
16378 16383 16365
16376 16383 16378
16384 16369 16374
16349 16369 16384
16384 16374 16385
16374 16386 16385
16374 16375 16386
16386 16375 16387
16386 16387 16388
16389 16386 16388
16389 16388 16390
16389 16390 16391
16392 16389 16391
16393 16389 16392
16386 16389 16394
16394 16389 16393
16386 16394 16385
16394 16393 16395
16396 16384 16385
16394 16397 16385
16397 16394 16398
16397 16398 16399
16398 16394 16400
16396 16401 16384
16401 16396 16402
16401 16402 16403
16401 16349 16384
16404 16401 16403
16401 16404 16349
16404 16403 16405
16404 16405 16406
16407 16404 16406
16404 16408 16349
16407 16408 16404
16349 16408 16409
16410 16408 16407
16410 16409 16408
16411 16412 16413
16414 16411 16413
16415 16416 16417
16418 16416 16415
16419 16418 16415
16419 16420 16418
16418 16421 16416
16418 16422 16421
16423 16422 16418
16423 16418 16424
16424 16418 16420
16424 16420 16425
16425 16420 16426
16425 16426 16427
16428 16427 16426
16429 16426 16420
16429 16420 16419
16428 16426 16430
16429 16430 16426
16428 16430 16431
16428 16431 16432
16432 16431 16433
16432 16433 16434
16435 16434 16433
16436 16430 16429
16430 16437 16431
16430 16436 16437
16431 16437 16438
16431 16438 16433
16419 16439 16429
16436 16429 16439
16437 16436 16440
16438 16437 16440
16438 16440 16441
16436 16442 16440
16438 16441 16443
16436 16444 16442
16436 16439 16444
16442 16444 11221
16444 11219 11221
16443 16445 16438
16433 16438 16445
16443 16446 16445
16446 16447 16445
16446 16448 16447
16449 16447 16448
16450 16447 16449
16450 16451 16447
16447 16451 16435
16435 16433 16452
16433 16445 16452
16447 16435 16452
16445 16447 16452
16444 16453 11219
16454 16453 16444
16454 16444 16439
16419 16454 16439
11219 16453 16455
11219 16455 11216
16456 16453 16454
16455 16453 16457
16456 16454 16458
16458 16454 16419
16458 16459 16456
16458 16460 16459
16461 16460 16458
16458 16419 16461
16461 16462 16460
16461 16463 16462
16464 16463 16461
16461 16419 16465
16464 16461 16465
16419 16466 16465
16467 16464 16465
16467 16465 16466
16457 16468 16455
16457 16469 16468
16468 16470 16455
16455 16471 16472
16455 16472 11216
16472 16473 11216
16473 16474 11216
16474 11217 11216
16475 16476 16477
16478 16476 16475
16479 16480 16481
16482 16481 16480
16482 16483 16481
16484 16485 16486
16487 16484 16486
16488 16489 16490
16488 16490 16491
16492 16493 16494
16495 16492 16494
16496 16497 16498
16496 16498 16499
16498 16500 16499
16498 16501 16500
16502 16500 16501
16503 16504 16505
16504 16506 16505
16507 16508 16509
16508 16510 16509
16508 16511 16510
16511 16512 16510
16511 16513 16512
16513 16514 16512
16513 16515 16514
16515 16516 16514
16517 16518 16519
16517 16519 16520
16520 16519 16521
16521 16519 16522
16521 16522 16523
16522 16524 16523
16523 16524 16525
16523 16525 16526
16526 16525 16527
16528 16527 16525
16528 16529 16527
16530 16531 16532
16530 16532 16533
16534 16533 16532
16535 16536 16537
16535 16537 16538
16538 16537 16539
16538 16539 16540
16539 16541 16540
16539 16542 16541
16542 16543 16541
16542 16544 16543
16544 16545 16543
16544 16546 16545
16546 16547 16545
16547 16546 16548
16549 16550 16551
16550 16552 16551
16550 16553 16552
16553 16554 16552
16553 16555 16554
16556 16557 16558
16559 16556 16558
16560 16559 16558
16560 16561 16559
16561 16560 16562
16561 16562 16563
16564 16563 16562
16565 16564 16562
16565 16562 16566
16565 16566 16567
16565 16567 16568
16569 16568 16567
16569 16570 16568
16571 16570 16569
16571 16572 16570
16573 16572 16571
16573 16574 16572
16575 16574 16573
16575 16576 16574
16575 16577 16576
16578 16577 16575
16578 16579 16577
16580 16579 16578
16580 16578 16581
16582 16580 16581
16583 16582 16581
16584 16585 16586
16584 16586 16587
16588 16589 16590
16588 16590 16591
16592 16593 16594
16592 16594 16595
16596 16597 16598
16596 16598 16599
16600 16601 16602
16600 16602 16603
16604 16605 16606
16604 16606 16607
16608 16609 16610
16608 16611 16609
16612 16611 16608
16612 16613 16611
16613 16612 16614
16613 16614 16615
16616 16615 16614
16616 16617 16615
16618 16617 16616
16618 16619 16617
16620 16621 16622
16620 16622 16623
16624 16625 16626
16624 16626 16627
16628 16629 16630
16628 16630 16631
16632 16633 16634
16632 16634 16635
16636 16637 16638
16636 16638 16639
16640 16641 16642
16640 16642 16643
16644 16645 16646
16644 16646 16647
16646 16648 16647
16646 16649 16648
16650 16648 16649
16650 16651 16648
16650 16652 16651
16650 16649 16653
16649 16654 16653
16654 16655 16653
16656 16655 16654
16657 16656 16654
16656 16658 16655
16658 16659 16655
16657 16660 16656
16657 16661 16660
16657 16662 16661
16663 16664 16665
16663 16665 16666
16667 16663 16666
16667 16666 16668
16666 16669 16668
16666 16670 16669
16666 16671 16670
16666 16672 16671
16666 16673 16672
16666 16674 16673
16666 16675 16674
16666 16676 16675
16666 16677 16676
16666 16678 16677
16666 16679 16678
16666 16680 16679
16681 16680 16666
16681 16682 16680
16683 16681 16666
16683 16684 16681
16685 16683 16666
16685 16686 16683
16685 16666 16687
16666 16688 16687
16666 16689 16688
16666 16690 16689
16666 16691 16690
16666 16692 16691
16666 16693 16692
16666 16694 16693
16666 16695 16694
16666 16696 16695
16666 16697 16696
16666 16698 16697
16665 16698 16666
16665 16699 16698
16700 16701 16702
16701 16700 16703
16701 16703 16704
16705 16704 16703
16705 16706 16704
16705 16707 16706
16705 16708 16707
16709 16707 16708
16709 16710 16707
16711 16710 16709
16711 16712 16710
16712 16711 16713
16712 16713 16714
16715 16714 16713
16715 16716 16714
16717 16716 16715
16717 16718 16716
16718 16717 16719
16718 16719 16720
16720 16719 16721
16720 16721 16722
16723 16722 16721
16723 16724 16722
16725 16724 16723
16725 16726 16724
16726 16725 16727
16726 16727 16728
16728 16727 16729
16728 16729 16730
16731 16730 16729
16731 16732 16730
16732 16731 16733
16732 16733 16734
16735 16734 16733
16735 16736 16734
16736 16735 16737
16738 16739 16740
16739 16738 16741
16739 16741 16742
16741 16743 16742
16741 16744 16743
16743 16744 16745
16743 16745 16746
16745 16747 16746
16745 16748 16747
16748 16749 16747
16748 16750 16749
16749 16750 16751
16749 16751 16752
16752 16751 16753
16752 16753 16754
16753 16755 16754
16753 16756 16755
16756 16757 16755
16756 16758 16757
16757 16758 16759
16757 16759 16760
16760 16759 16761
16760 16761 16762
16761 16763 16762
16761 16764 16763
16763 16764 16765
16763 16765 16766
16766 16765 16767
16766 16767 16768
16767 16769 16768
16767 16770 16769
16769 16770 16771
16769 16771 16772
16771 16773 16772
16771 16774 16773
16773 16774 16775
16776 16777 16778
16779 16776 16778
16779 16780 16776
16781 16780 16779
16781 16779 16782
16783 16781 16782
16783 16784 16781
16785 16784 16783
16785 16783 16786
16787 16785 16786
16787 16786 16788
16789 16787 16788
16789 16790 16787
16791 16790 16789
16791 16789 16792
16793 16791 16792
16793 16792 16794
16795 16793 16794
16795 16796 16793
16797 16796 16795
16797 16798 16796
16799 16798 16797
16799 16797 16800
16801 16799 16800
16801 16800 16802
16803 16801 16802
16803 16804 16801
16805 16804 16803
16805 16806 16804
16807 16806 16805
16807 16805 16808
16809 16807 16808
16809 16810 16807
16811 16810 16809
16811 16809 16812
16812 16813 16811
16814 16815 16816
16817 16815 16814
16817 16818 16815
16819 16818 16817
16819 16820 16818
16821 16820 16819
16821 16822 16820
16823 16822 16821
16823 16824 16822
16825 16824 16823
16825 16826 16824
16827 16826 16825
16827 16828 16826
16829 16828 16827
16829 16830 16828
16831 16830 16829
16831 16832 16830
16833 16832 16831
16833 16834 16832
16835 16834 16833
16835 16836 16834
16837 16836 16835
16837 16838 16836
16839 16838 16837
16839 16840 16838
16841 16840 16839
16841 16842 16840
16843 16842 16841
16843 16844 16842
16845 16844 16843
16845 16846 16844
16847 16846 16845
16847 16848 16846
16849 16848 16847
16849 16850 16848
16851 16850 16849
16852 16853 16854
16854 16853 16855
16854 16855 16856
16856 16855 16857
16856 16857 16858
16857 16859 16858
16857 16860 16859
16859 16860 16861
16859 16861 16862
16862 16861 16863
16862 16863 16864
16864 16863 16865
16864 16865 16866
16866 16865 16867
16866 16867 16868
16868 16867 16869
16868 16869 16870
16870 16869 16871
16870 16871 16872
16872 16871 16873
16872 16873 16874
16874 16873 16875
16874 16875 16876
16876 16875 16877
16876 16877 16878
16878 16877 16879
16878 16879 16880
16880 16879 16881
16880 16881 16882
16882 16881 16883
16882 16883 16884
16884 16883 16885
16884 16885 16886
16886 16885 16887
16886 16887 16888
16888 16887 16889
16890 16891 16892
16890 16893 16891
16894 16893 16890
16894 16890 16895
16894 16895 16896
16894 16896 16897
16896 16898 16897
16896 16899 16898
16900 16901 16902
16900 16903 16901
16904 16903 16900
16904 16900 16905
16904 16905 16906
16904 16906 16907
16906 16908 16907
16906 16909 16908
16910 16911 16912
16910 16912 16913
16913 16912 16914
16913 16914 16915
16915 16914 16916
16915 16916 16917
16916 16918 16917
16916 16919 16918
16920 16921 16922
16920 16922 16923
16924 16925 16926
16924 16927 16925
16927 16928 16925
16924 16929 16927
16924 16930 16929
16927 16931 16928
16931 16932 16928
16930 16933 16929
16930 16934 16933
16929 16933 16935
16927 16929 16936
16929 16935 16936
16927 16936 16931
16936 16935 16937
16936 16937 16938
16931 16936 16938
16938 16937 16939
16938 16939 16940
16931 16941 16932
16931 16938 16941
16941 16938 16940
16941 16942 16932
16941 16940 16943
16941 16943 16942
16944 16945 16946
16944 16946 16947
16948 16944 16947
16948 16949 16944
16948 16950 16949
16948 16951 16950
16950 16951 16952
16950 16952 16953
16954 16955 16956
16954 16956 16957
16958 16954 16957
16958 16959 16954
16958 16960 16959
16958 16961 16960
16960 16961 16962
16960 16962 16963
16964 16965 16966
16964 16967 16965
16967 16968 16965
16967 16969 16968
16969 16970 16968
16969 16971 16970
16970 16971 16972
16970 16972 16973
16974 16975 16976
16974 16976 16977
16978 16979 16980
16978 16980 16981
16981 16980 16982
16978 16981 16983
16978 16983 16984
16981 16982 16985
16985 16982 16986
16984 16983 16987
16984 16987 16988
16983 16989 16987
16981 16990 16983
16983 16990 16989
16981 16985 16990
16990 16991 16989
16990 16992 16991
16985 16992 16990
16992 16993 16991
16992 16994 16993
16985 16986 16995
16985 16995 16992
16995 16994 16992
16995 16986 16996
16995 16997 16994
16995 16996 16997
16998 16999 17000
16999 16998 17001
16999 17001 17002
17003 17002 17001
17003 17004 17002
17004 17003 17005
17004 17005 17006
17007 17006 17005
17007 17008 17006
17008 17007 17009
17008 17009 17010
17011 17010 17009
17010 17011 17012
17010 17012 17013
17014 17013 17012
17014 17015 17013
17015 17014 17016
17017 17015 17016
17017 17018 17015
17018 17017 17019
17018 17019 17020
17021 17020 17019
17020 17021 17022
17020 17022 17023
17024 17023 17022
17024 17025 17023
17025 17024 17026
17027 17025 17026
17027 17028 17025
17028 17027 17029
17028 17029 17030
17031 17030 17029
17030 17031 17032
17030 17032 17033
17034 17033 17032
17034 17035 17033
17035 17034 17036
17037 17035 17036
17037 17038 17035
17038 17037 17039
17038 17039 17040
17041 17040 17039
17041 17042 17040
17042 17041 17043
17044 17045 17046
17045 17044 17047
17045 17047 17048
17047 17049 17048
17047 17050 17049
17049 17050 17051
17049 17051 17052
17052 17051 17053
17052 17053 17054
17053 17055 17054
17053 17056 17055
17056 17057 17055
17056 17058 17057
17057 17058 17059
17057 17059 17060
17060 17059 17061
17060 17061 17062
17061 17063 17062
17061 17064 17063
17064 17065 17063
17064 17066 17065
17065 17066 17067
17065 17067 17068
17068 17067 17069
17068 17069 17070
17069 17071 17070
17069 17072 17071
17072 17073 17071
17072 17074 17073
17073 17074 17075
17073 17075 17076
17075 17077 17076
17075 17078 17077
17077 17078 17079
17077 17079 17080
17079 17081 17080
17079 17082 17081
17081 17082 17083
17084 17085 17086
17087 17084 17086
17087 17088 17084
17089 17088 17087
17089 17087 17090
17091 17089 17090
17091 17092 17089
17093 17092 17091
17093 17091 17094
17095 17093 17094
17095 17096 17093
17097 17096 17095
17098 17097 17095
17098 17099 17097
17100 17099 17098
17100 17098 17101
17101 17102 17100
17103 17102 17101
17103 17101 17104
17105 17103 17104
17105 17106 17103
17107 17106 17105
17108 17107 17105
17108 17109 17107
17110 17109 17108
17110 17108 17111
17111 17112 17110
17113 17112 17111
17113 17111 17114
17115 17113 17114
17115 17116 17113
17117 17116 17115
17118 17117 17115
17118 17119 17117
17120 17119 17118
17120 17118 17121
17121 17122 17120
17123 17122 17121
17123 17121 17124
17125 17123 17124
17125 17126 17123
17127 17126 17125
17127 17125 17128
17128 17129 17127
17130 17131 17132
17133 17131 17130
17133 17134 17131
17135 17134 17133
17135 17136 17134
17137 17136 17135
17137 17138 17136
17139 17138 17137
17139 17140 17138
17141 17140 17139
17141 17142 17140
17143 17142 17141
17143 17144 17142
17145 17144 17143
17145 17146 17144
17147 17146 17145
17147 17148 17146
17149 17148 17147
17149 17150 17148
17151 17150 17149
17151 17152 17150
17153 17152 17151
17153 17154 17152
17155 17154 17153
17155 17156 17154
17157 17156 17155
17157 17158 17156
17159 17158 17157
17159 17160 17158
17161 17160 17159
17161 17162 17160
17163 17162 17161
17163 17164 17162
17165 17164 17163
17165 17166 17164
17167 17166 17165
17167 17168 17166
17169 17168 17167
17169 17170 17168
17171 17170 17169
17171 17172 17170
17173 17172 17171
17173 17174 17172
17175 17174 17173
17175 17176 17174
17177 17176 17175
17177 17178 17176
17179 17178 17177
17179 17180 17178
17181 17180 17179
17182 17183 17184
17182 17184 17185
17186 17182 17185
17186 17185 17187
17188 17186 17187
17188 17187 17189
17190 17188 17189
17190 17191 17188
17192 17193 17194
17192 17194 17195
17196 17192 17195
17196 17195 17197
17198 17196 17197
17198 17197 17199
17200 17198 17199
17200 17201 17198
17202 17203 17204
17202 17204 17205
17204 17206 17205
17204 17207 17206
17207 17208 17206
17207 17209 17208
17209 17210 17208
17209 17211 17210
17212 17213 17214
17212 17214 17215
17216 17212 17215
17216 17215 17217
17218 17216 17217
17218 17217 17219
17220 17218 17219
17220 17221 17218
17222 17223 17224
17222 17225 17223
17225 17226 17223
17227 17225 17222
17225 17228 17226
17227 17229 17225
17229 17228 17225
17230 17229 17227
17229 17231 17228
17230 17232 17229
17232 17231 17229
17233 17232 17230
17232 17234 17231
17233 17235 17232
17235 17234 17232
17236 17235 17233
17235 17237 17234
17236 17238 17235
17238 17237 17235
17239 17238 17236
17238 17240 17237
17239 17241 17238
17241 17240 17238
17241 17242 17240
17243 17244 17245
17243 17246 17244
17246 17247 17244
17248 17246 17243
17246 17249 17247
17248 17250 17246
17250 17249 17246
17251 17250 17248
17250 17252 17249
17251 17253 17250
17253 17252 17250
17254 17253 17251
17253 17255 17252
17254 17256 17253
17256 17255 17253
17257 17256 17254
17256 17258 17255
17257 17259 17256
17259 17258 17256
17260 17259 17257
17259 17261 17258
17260 17262 17259
17262 17261 17259
17262 17263 17261
17264 17265 17266
17264 17267 17265
17268 17267 17264
17269 17270 17271
17269 17272 17270
17272 17273 17270
17272 17274 17273
17275 17273 17274
17275 17276 17273
17276 17275 17277
17276 17277 17278
17278 17277 17279
17278 17279 17280
17281 17282 17283
17282 17284 17283
17282 17285 17284
17285 17286 17284
17285 17287 17286
17288 17286 17287
17288 17287 17289
17289 17290 17288
17289 17291 17290
17291 17292 17290
17291 17293 17292
17294 17292 17293
17294 17293 17295
17295 17296 17294
17295 17297 17296
17298 17299 17300
17298 17300 17301
17301 17302 17298
17301 17303 17302
17304 17303 17301
17305 17302 17303
17306 17301 17300
17306 17304 17301
17307 17306 17300
17307 17308 17306
17304 17306 17308
17307 17300 17309
17309 17300 17310
17309 17310 17311
17312 17309 17311
17312 17313 17309
17307 17309 17313
17314 17304 17308
17307 17314 17308
17312 17315 17313
17312 17316 17315
17315 17316 17317
17318 17315 17317
17313 17315 17319
17315 17318 17319
17318 17320 17319
17319 17320 17321
17313 17319 17321
17322 17313 17321
17307 17313 17322
17322 17321 17320
17307 17322 17323
17323 17322 17320
17307 17323 17324
17307 17325 17314
17325 17307 17324
17320 17326 17323
17326 17324 17323
17325 17324 17327
17314 17325 17328
17328 17325 17327
17329 17328 17327
17314 17328 17330
17330 17328 17329
17326 17331 17324
17327 17324 17331
17332 17314 17330
17314 17332 17304
17329 17327 17333
17329 17333 17334
17335 17333 17327
17327 17331 17335
17334 17333 17336
17335 17336 17333
17337 17335 17331
17338 17331 17326
17331 17338 17337
17339 17336 17335
17337 17339 17335
17337 17338 17340
17337 17340 17341
17341 17339 17337
17341 17342 17339
17339 17342 17343
17338 17344 17340
17339 17343 17345
17339 17345 17336
17345 17343 17346
17345 17347 17336
17345 17346 17347
17348 17336 17347
17334 17336 17348
17349 17347 17346
17347 17349 17348
17349 17346 17350
17349 17351 17348
17334 17348 17351
17350 17352 17349
17349 17352 17351
17350 17353 17352
17352 17353 17354
17352 17354 17355
17352 17355 17351
17356 17355 17354
17357 17351 17355
17357 17334 17351
17356 17358 17355
17357 17355 17358
17359 17358 17356
17359 17360 17358
17361 17360 17359
17361 17362 17360
17361 17363 17362
17361 17364 17363
17357 17365 17334
17365 17366 17334
17366 17329 17334
17366 17367 17329
17365 17367 17366
17367 17368 17329
17330 17329 17368
17368 17369 17330
17332 17330 17369
17370 17368 17367
17368 17370 17369
17365 17357 17371
17365 17372 17367
17372 17365 17371
17370 17367 17373
17373 17367 17372
17373 17374 17370
17373 17372 17375
17374 17373 17375
17371 17357 17376
17357 17358 17376
17372 17371 17377
17375 17372 17377
17376 17358 17378
17358 17379 17378
17371 17376 17380
17380 17377 17371
17379 17381 17378
17379 17382 17381
17382 17383 17381
17382 17384 17383
17385 17376 17378
17385 17380 17376
17378 17381 17386
17378 17386 17385
17386 17381 17383
17385 17387 17380
17387 17385 17386
17388 17380 17387
17380 17388 17377
17388 17387 17389
17386 17389 17387
17390 17386 17383
17386 17390 17389
17391 17383 17392
17391 17393 17383
17394 17393 17391
17393 17395 17383
17395 17396 17383
17395 17389 17396
17394 17397 17393
17397 17395 17393
17398 17397 17394
17395 17399 17389
17400 17389 17399
17397 17401 17395
17395 17401 17399
17400 17399 17402
17402 17399 17401
17402 17377 17400
17403 17401 17397
17402 17401 17403
17398 17403 17397
17402 17404 17377
17404 17402 17403
17375 17377 17404
17404 17403 17405
17404 17405 17375
17405 17403 17398
17405 17374 17375
17405 17398 17406
17405 17407 17374
17405 17406 17407
17408 17406 17398
17408 17398 17409
17398 17410 17409
17398 17411 17410
17412 17410 17411
17412 17411 17413
17412 17413 17414
17412 17414 17415
17416 17406 17408
17416 17407 17406
17416 17408 17417
17418 17416 17417
17418 17419 17416
17407 17416 17419
17420 17419 17418
17407 17419 17421
17407 17421 17374
17420 17422 17419
17419 17422 17421
17423 17374 17421
17423 17421 17422
17424 17422 17420
17422 17424 17423
17424 17420 17425
17426 17424 17425
17423 17424 17426
17426 17425 17427
17428 17426 17427
17423 17429 17374
17374 17429 17370
17428 17430 17426
17430 17428 17431
17423 17426 17432
17429 17423 17432
17432 17426 17430
17433 17370 17429
17429 17432 17433
17433 17369 17370
17430 17431 17434
17435 17434 17431
17432 17430 17436
17433 17432 17436
17436 17430 17434
17437 17369 17433
17433 17436 17437
17437 17332 17369
17435 17438 17434
17439 17438 17435
17440 17436 17434
17438 17440 17434
17441 17332 17437
17441 17304 17332
17437 17436 17442
17440 17442 17436
17437 17442 17441
17441 17442 17443
17304 17441 17444
17443 17444 17441
17304 17444 17303
17445 17303 17444
17443 17445 17444
17446 17303 17445
17443 17446 17445
17305 17303 17446
17440 17438 17447
17439 17447 17438
17439 17448 17447
17449 17442 17440
17449 17443 17442
17440 17447 17450
17450 17447 17448
17449 17440 17450
17449 17450 17451
17450 17448 17451
17443 17449 17452
17449 17451 17452
17443 17453 17446
17443 17452 17453
17305 17446 17454
17446 17453 17454
17455 17305 17454
17453 17455 17454
17455 17456 17305
17439 17457 17448
17457 17439 17458
17452 17451 17459
17451 17448 17459
17452 17460 17453
17453 17460 17455
17452 17459 17461
17452 17461 17460
17457 17458 17462
17463 17448 17457
17463 17457 17462
17459 17448 17464
17463 17464 17448
17465 17462 17458
17465 17458 17466
17467 17465 17466
17467 17466 17468
17469 17467 17468
17469 17468 17470
17471 17469 17470
17471 17470 17472
17472 17473 17471
17472 17474 17473
17475 17471 17473
17475 17476 17471
17469 17471 17476
17467 17469 17477
17469 17476 17477
17465 17467 17478
17467 17477 17478
17462 17465 17479
17465 17478 17479
17476 17480 17477
17480 17478 17477
17462 17479 17481
17481 17463 17462
17482 17479 17478
17480 17482 17478
17476 17483 17480
17483 17476 17484
17483 17484 17485
17485 17486 17483
17480 17483 17486
17485 17487 17486
17480 17486 17488
17482 17480 17488
17482 17488 17489
17482 17490 17479
17490 17482 17489
17490 17481 17479
17490 17489 17491
17492 17490 17491
17492 17493 17490
17490 17493 17481
17494 17493 17492
17494 17492 17495
17496 17481 17493
17496 17493 17494
17497 17494 17495
17497 17496 17494
17496 17498 17481
17481 17498 17463
17497 17495 17499
17499 17495 17344
17463 17498 17500
17463 17500 17464
17499 17344 17501
17338 17501 17344
17338 17502 17501
17338 17326 17502
17501 17503 17499
17501 17502 17503
17502 17326 17504
17502 17504 17503
17326 17320 17504
17320 17505 17504
17506 17499 17503
17506 17497 17499
17503 17504 17507
17504 17505 17507
17503 17507 17506
17507 17505 17506
17497 17506 17508
17508 17506 17505
17509 17464 17500
17464 17509 17459
17510 17459 17509
17510 17461 17459
17509 17500 17511
17510 17509 17511
17512 17511 17500
17500 17498 17512
17511 17512 17513
17514 17511 17513
17514 17515 17511
17510 17511 17515
17514 17516 17515
17516 17510 17515
17514 17517 17516
17516 17517 17518
17510 17519 17461
17516 17519 17510
17520 17461 17519
17520 17519 17516
17461 17520 17460
17516 17518 17521
17520 17516 17521
17521 17518 17522
17520 17523 17460
17523 17520 17521
17523 17455 17460
17521 17522 17524
17523 17521 17524
17523 17525 17455
17525 17523 17524
17525 17456 17455
17522 17526 17524
17522 17527 17526
17526 17527 17528
17525 17524 17529
17526 17529 17524
17526 17528 17530
17529 17526 17530
17531 17530 17528
17531 17528 17532
17533 17531 17532
17533 17534 17531
17534 17535 17531
17534 17536 17535
17531 17535 17537
17537 17530 17531
17529 17530 17537
17538 17529 17537
17539 17525 17529
17538 17539 17529
17525 17539 17456
17456 17539 17538
17456 17538 17540
17541 17456 17540
17541 17540 17542
17543 17541 17542
17543 17544 17541
17545 17544 17543
17545 17546 17544
17546 17545 17547
17546 17547 17548
17549 17550 17551
17550 17552 17551
17550 17553 17552
17554 17552 17553
17554 17555 17552
17556 17555 17554
17556 17554 17557
17558 17559 17560
17558 17561 17559
17562 17561 17558
17562 17558 17563
17564 17562 17563
17564 17563 17565
17566 17564 17565
17566 17565 17567
17568 17566 17567
17568 17567 17569
17569 17570 17568
17569 17571 17570
17572 17573 17574
17572 17575 17573
17576 17575 17572
17576 17577 17575
17578 17577 17576
17578 17579 17577
17579 17578 17580
17581 17582 17583
17583 17582 17584
17583 17584 17585
17585 17584 17586
17585 17586 17587
17588 17589 17590
17588 17590 17591
17591 17592 17588
17591 17593 17592
17594 17592 17593
17595 17596 17597
17595 17598 17596
17599 17596 17598
17599 17600 17596
17599 17601 17600
17599 17602 17601
17603 17601 17602
17603 17604 17601
17605 17604 17603
17605 17606 17604
17607 17606 17605
17608 17606 17607
17607 17605 17609
17610 17611 17612
17610 17613 17611
17614 17613 17610
17614 17610 17615
17616 17614 17615
17616 17617 17614
17618 17617 17616
17618 17616 17619
17618 17619 17620
17618 17620 17621
17622 17621 17620
17622 17620 17623
17620 17624 17623
17625 17626 17627
17625 17628 17626
17628 17629 17626
17628 17630 17629
17629 17630 17631
17629 17631 17632
17632 17631 17633
17632 17633 17317
17317 17633 17634
17317 17634 17635
17635 17634 17636
17317 17635 17637
17635 17636 17638
17637 17635 17638
17317 17637 17639
17640 17637 17638
17637 17640 17639
17641 17639 17640
17642 17317 17639
17641 17642 17639
17318 17317 17642
17643 17318 17642
17643 17642 17641
17318 17643 17320
17320 17643 17505
17505 17643 17644
17643 17641 17644
17505 17644 17645
17644 17641 17645
17508 17505 17645
17641 17640 17646
17641 17647 17645
17647 17641 17646
17646 17648 17647
17645 17647 17649
17645 17649 17508
17649 17647 17648
17646 17640 17650
17640 17638 17650
17648 17646 17651
17646 17650 17651
17638 17652 17650
17653 17651 17650
17652 17653 17650
17653 17654 17651
17654 17648 17651
17655 17648 17654
17652 17656 17653
17648 17655 17657
17658 17652 17638
17658 17656 17652
17658 17659 17656
17636 17658 17638
17660 17659 17658
17661 17658 17636
17660 17658 17661
17661 17636 17662
17663 17661 17662
17663 17664 17661
17664 17660 17661
17664 17665 17660
17648 17657 17666
17649 17648 17666
17667 17666 17657
17667 17649 17666
17667 17657 17668
17668 17669 17667
17667 17670 17649
17649 17670 17508
17669 17671 17667
17671 17670 17667
17669 17498 17671
17671 17498 17496
17508 17670 17672
17672 17670 17671
17671 17496 17672
17497 17508 17672
17497 17672 17496
17673 17674 17675
17673 17675 17676
17677 17673 17676
17678 17679 17680
17678 17680 17681
17681 17680 17682
17681 17682 17683
17684 17683 17682
17684 17682 17685
17685 17686 17684
17685 17687 17686
17687 17688 17686
17687 17689 17688
17690 17691 17692
17692 17691 17693
17692 17693 17694
17694 17693 17695
17694 17695 17696
17697 17696 17695
17697 17698 17696
17698 17697 17699
17698 17699 17700
17700 17699 17701
17700 17701 17702
17703 17702 17701
17703 17704 17702
17704 17703 17705
17704 17705 17706
17707 17708 17709
17707 17710 17708
17710 17707 17711
17710 17711 17712
17713 17710 17712
17714 17712 17711
17715 17708 17710
17715 17710 17713
17716 17708 17715
17716 17717 17708
17716 17715 17718
17718 17715 17713
17717 17719 17708
17717 17720 17719
17721 17720 17717
17721 17717 17722
17716 17722 17717
17716 17718 17723
17723 17718 17713
17721 17722 17724
17721 17724 17725
17724 17726 17725
17722 17727 17724
17722 17728 17727
17728 17729 17727
17728 17722 17730
17716 17730 17722
17729 17728 17730
17716 17731 17730
17729 17730 17731
17716 17732 17731
17716 17723 17733
17733 17732 17716
17731 17734 17729
17734 17731 17732
17735 17732 17733
17723 17736 17733
17736 17735 17733
17737 17735 17736
17723 17738 17736
17738 17737 17736
17734 17732 17739
17735 17739 17732
17740 17738 17723
17723 17713 17740
17737 17741 17735
17737 17742 17741
17743 17735 17741
17735 17743 17739
17742 17744 17741
17743 17741 17744
17745 17739 17743
17746 17734 17739
17739 17745 17746
17747 17743 17744
17745 17743 17747
17745 17748 17746
17745 17749 17748
17749 17745 17747
17749 17747 17750
17747 17751 17750
17746 17748 17752
17747 17753 17751
17747 17744 17753
17753 17754 17751
17753 17744 17755
17753 17755 17754
17756 17755 17744
17742 17756 17744
17757 17754 17755
17755 17756 17757
17757 17758 17754
17757 17756 17759
17742 17759 17756
17758 17757 17760
17757 17759 17760
17758 17760 17761
17760 17762 17761
17760 17763 17762
17760 17759 17763
17764 17762 17763
17765 17763 17759
17765 17759 17742
17764 17763 17766
17765 17766 17763
17767 17764 17766
17767 17766 17768
17769 17767 17768
17769 17770 17767
17769 17771 17770
17769 17772 17771
17765 17742 17773
17773 17742 17774
17774 17742 17737
17774 17737 17775
17773 17774 17775
17775 17737 17776
17738 17776 17737
17776 17738 17777
17740 17777 17738
17778 17775 17776
17776 17777 17778
17773 17779 17765
17773 17775 17780
17780 17779 17773
17778 17781 17775
17781 17780 17775
17781 17778 17782
17781 17783 17780
17782 17783 17781
17779 17784 17765
17765 17784 17766
17780 17785 17779
17783 17785 17780
17779 17786 17784
17786 17779 17785
17784 17787 17766
17766 17787 17788
17789 17784 17786
17789 17787 17784
17788 17787 17790
17788 17790 17791
17791 17790 17792
17791 17792 17793
17787 17794 17790
17787 17789 17794
17794 17792 17790
17789 17786 17795
17795 17794 17789
17796 17795 17786
17786 17785 17796
17796 17797 17795
17794 17795 17797
17798 17792 17794
17794 17797 17798
17799 17800 17792
17799 17792 17801
17802 17799 17801
17801 17792 17803
17803 17792 17804
17803 17804 17797
17802 17801 17805
17805 17801 17803
17806 17802 17805
17803 17797 17807
17808 17807 17797
17805 17803 17809
17803 17807 17809
17808 17810 17807
17810 17809 17807
17810 17808 17785
17811 17805 17809
17810 17811 17809
17806 17805 17811
17810 17785 17812
17812 17811 17810
17783 17812 17785
17812 17813 17811
17812 17783 17813
17813 17806 17811
17813 17783 17782
17813 17814 17806
17813 17782 17815
17813 17815 17814
17814 17816 17806
17816 17817 17806
17816 17818 17817
17819 17817 17818
17819 17818 17820
17819 17820 17821
17819 17821 17822
17814 17823 17816
17824 17823 17814
17824 17814 17815
17824 17825 17823
17826 17825 17824
17826 17824 17827
17815 17827 17824
17828 17826 17827
17815 17829 17827
17815 17782 17829
17828 17827 17830
17827 17829 17830
17831 17829 17782
17831 17830 17829
17832 17828 17830
17830 17831 17832
17832 17833 17828
17834 17833 17832
17831 17834 17832
17834 17835 17833
17836 17835 17834
17831 17782 17837
17782 17778 17837
17836 17834 17838
17838 17839 17836
17831 17840 17834
17837 17840 17831
17840 17838 17834
17841 17837 17778
17837 17841 17840
17841 17778 17777
17838 17842 17839
17843 17839 17842
17840 17844 17838
17841 17844 17840
17844 17842 17838
17845 17841 17777
17841 17845 17844
17845 17777 17740
17843 17842 17846
17847 17843 17846
17848 17842 17844
17846 17842 17848
17849 17845 17740
17849 17740 17713
17845 17850 17844
17848 17844 17850
17845 17849 17850
17851 17850 17849
17713 17852 17849
17849 17852 17851
17713 17712 17852
17852 17712 17853
17852 17853 17851
17853 17712 17854
17851 17853 17854
17714 17854 17712
17714 17855 17854
17855 17714 17856
17855 17857 17854
17851 17854 17857
17858 17850 17851
17858 17848 17850
17855 17856 17859
17857 17855 17859
17851 17857 17860
17851 17860 17858
17857 17859 17861
17860 17857 17861
17858 17862 17848
17858 17860 17863
17858 17863 17862
17862 17863 17864
17848 17862 17865
17862 17864 17865
17848 17865 17846
17847 17846 17865
17847 17865 17864
17860 17866 17863
17863 17866 17864
17860 17861 17867
17860 17867 17866
17847 17864 17868
17868 17869 17847
17870 17868 17864
17868 17871 17869
17870 17871 17868
17866 17872 17864
17870 17864 17872
17873 17869 17871
17873 17874 17869
17875 17874 17873
17875 17876 17874
17877 17876 17875
17877 17878 17876
17879 17878 17877
17879 17880 17878
17880 17879 17881
17880 17881 17882
17883 17881 17879
17883 17879 17884
17877 17884 17879
17875 17885 17877
17877 17885 17884
17873 17886 17875
17875 17886 17885
17871 17887 17873
17873 17887 17886
17884 17885 17888
17888 17885 17886
17871 17889 17887
17889 17871 17870
17890 17886 17887
17888 17886 17890
17884 17888 17891
17891 17892 17884
17891 17893 17892
17893 17891 17894
17888 17894 17891
17893 17894 17895
17888 17896 17894
17890 17896 17888
17890 17897 17896
17890 17887 17898
17898 17897 17890
17898 17887 17889
17898 17899 17897
17900 17899 17898
17900 17898 17901
17898 17889 17901
17902 17900 17901
17902 17903 17900
17904 17901 17889
17904 17902 17901
17905 17903 17902
17905 17902 17904
17904 17889 17906
17889 17870 17906
17905 17907 17903
17907 17752 17903
17870 17908 17906
17870 17872 17908
17907 17909 17752
17746 17752 17909
17746 17909 17910
17746 17910 17734
17909 17907 17911
17909 17911 17910
17910 17912 17734
17910 17911 17912
17734 17912 17729
17729 17912 17913
17914 17911 17907
17914 17907 17905
17912 17911 17915
17913 17912 17915
17915 17911 17914
17913 17915 17914
17905 17916 17914
17916 17913 17914
17917 17908 17872
17872 17866 17917
17918 17917 17866
17918 17866 17867
17917 17919 17908
17918 17919 17917
17920 17908 17919
17908 17920 17906
17919 17921 17920
17922 17921 17919
17922 17919 17923
17918 17923 17919
17922 17923 17924
17924 17923 17918
17922 17924 17925
17924 17926 17925
17918 17867 17927
17924 17918 17927
17928 17927 17867
17928 17924 17927
17867 17861 17928
17924 17929 17926
17928 17929 17924
17929 17930 17926
17929 17931 17930
17931 17929 17928
17931 17932 17930
17928 17861 17933
17931 17928 17933
17934 17931 17933
17933 17861 17859
17931 17935 17932
17931 17934 17935
17936 17932 17935
17934 17936 17935
17936 17937 17932
17933 17859 17938
17934 17933 17938
17859 17939 17938
17939 17934 17938
17859 17856 17939
17940 17937 17936
17940 17941 17937
17942 17941 17940
17942 17940 17943
17943 17940 17944
17943 17944 17945
17940 17946 17944
17946 17940 17936
17934 17946 17936
17947 17946 17934
17947 17934 17939
17856 17947 17939
17856 17948 17947
17949 17948 17856
17949 17950 17948
17951 17950 17949
17951 17949 17952
17953 17951 17952
17953 17952 17954
17954 17955 17953
17954 17956 17955
17957 17958 17959
17959 17958 17960
17959 17960 17961
17962 17961 17960
17962 17960 17963
17964 17962 17963
17964 17965 17962
17966 17967 17968
17966 17968 17969
17970 17966 17969
17970 17971 17966
17972 17971 17970
17972 17973 17971
17974 17973 17972
17974 17975 17973
17976 17975 17974
17976 17977 17975
17977 17976 17978
17977 17978 17979
17980 17981 17982
17980 17982 17983
17984 17980 17983
17984 17983 17985
17986 17984 17985
17986 17985 17987
17987 17988 17986
17989 17990 17991
17990 17992 17991
17990 17993 17992
17993 17994 17992
17993 17995 17994
17996 17997 17998
17996 17999 17997
17999 17996 18000
17999 18000 18001
18002 18001 18000
18003 18004 18005
18003 18005 18006
18007 18006 18005
18007 18005 18008
18007 18008 18009
18007 18009 18010
18011 18010 18009
18011 18009 18012
18013 18011 18012
18013 18012 18014
18015 18013 18014
18016 18015 18014
18015 18017 18013
18018 18019 18020
18018 18020 18021
18022 18018 18021
18022 18023 18018
18024 18023 18022
18024 18022 18025
18026 18024 18025
18026 18027 18024
18026 18028 18027
18026 18029 18028
18030 18028 18029
18030 18031 18028
18028 18031 18032
18033 18034 18035
18033 18035 18036
18036 18035 18037
18036 18037 18038
18037 18039 18038
18037 18040 18039
18040 18041 18039
18040 17726 18041
17726 18042 18041
17726 18043 18042
18043 18044 18042
18045 18043 17726
18043 18046 18044
18046 18043 18045
18047 18046 18045
18047 18045 18048
18045 17726 18049
18048 18045 18049
18050 18048 18049
18049 17726 18051
18050 18049 18051
18051 17726 18052
18051 18052 18053
18052 18054 18053
18055 18051 18053
18054 18055 18053
18055 18050 18051
18054 17729 18055
17729 17913 18055
17913 18056 18055
18056 18050 18055
17913 18057 18056
18057 18050 18056
17916 18057 17913
18050 18058 18048
18058 18047 18048
18050 18057 18059
18059 18058 18050
18058 18059 18060
18057 18061 18059
18057 17916 18061
18061 18060 18059
18058 18062 18047
18060 18062 18058
18047 18062 18063
18063 18062 18060
18047 18063 18064
18065 18063 18060
18047 18064 18066
18060 18067 18065
18047 18066 18068
18046 18047 18068
18069 18068 18066
18069 18046 18068
18069 18066 18070
18044 18046 18069
18071 18069 18070
18072 18044 18069
18071 18072 18069
18072 18073 18044
18074 18073 18072
18074 18072 18075
18075 18072 18071
18075 18071 18076
18060 18077 18067
18061 18077 18060
18078 18067 18077
18078 18077 18061
18078 18079 18067
18079 18078 18080
18078 18061 18081
18061 17916 18081
18080 18078 18082
18082 18078 18081
18080 18082 17906
18082 17904 17906
17916 18083 18081
18083 18082 18081
18082 18083 17904
17905 18083 17916
17905 17904 18083
18084 18085 18086
18087 18084 18086
18088 18087 18086
18088 18089 18087
18089 18088 18090
18089 18090 18091
18090 18092 18091
18090 18093 18092
18090 18094 18093
18090 18095 18094
18095 18096 18094
18095 18097 18096
18096 18097 18098
18097 18099 18098
18097 18100 18099
18097 18101 18100
18097 18102 18101
18097 18103 18102
18103 18104 18102
18103 18105 18104
18105 18106 18104
18106 18105 18107
18105 18108 18107
18105 18109 18108
18110 18108 18109
18111 18110 18109
18112 18111 18109
18112 18109 18113
18114 18112 18113
18113 18115 18114
18113 18116 18115
18113 18117 18116
18113 18118 18117
18119 18118 18120
18121 18119 18122
18121 18122 18123
18123 18124 18121
18125 18123 18122
18125 18122 18126
18123 18127 18124
18125 18127 18123
18128 18125 18126
18128 18126 18129
18130 18128 18129
18127 18131 18124
18131 18132 18124
18132 18131 18133
18134 18132 18133
18127 18135 18131
18131 18135 18133
18125 18136 18127
18136 18135 18127
18125 18128 18137
18136 18125 18137
18138 18136 18137
18139 18138 18137
18139 18137 18128
18130 18140 18128
18139 18128 18140
18141 18140 18130
18139 18140 18141
18141 18130 18142
18143 18141 18142
18143 18142 18144
18145 18143 18144
18139 18141 18146
18143 18146 18141
18145 18147 18143
18147 18145 18148
18139 18149 18138
18149 18139 18146
18143 18150 18146
18150 18143 18147
18147 18148 18151
18151 18148 18152
18151 18152 18153
18151 18153 18154
18150 18147 18155
18147 18151 18155
18146 18150 18156
18156 18150 18155
18149 18146 18157
18146 18156 18157
18151 18154 18158
18155 18151 18158
18154 18159 18158
18154 18160 18159
18160 18161 18159
18160 18162 18161
18163 18155 18158
18163 18158 18159
18156 18155 18164
18163 18164 18155
18165 18163 18159
18165 18159 18161
18166 18156 18164
18157 18156 18166
18163 18167 18164
18163 18165 18167
18166 18164 18167
18165 18168 18167
18165 18161 18169
18165 18169 18168
18161 18170 18169
18169 18170 18168
18170 18161 18171
18172 18166 18167
18172 18167 18168
18157 18166 18173
18166 18172 18174
18166 18174 18173
18172 18175 18174
18176 18172 18168
18172 18176 18175
18177 18157 18173
18177 18149 18157
18149 18177 18138
18178 18173 18174
18178 18177 18173
18175 18178 18174
18177 18178 18138
18170 18179 18168
18176 18168 18179
18179 18170 18180
18181 18176 18179
18175 18176 18182
18176 18181 18182
18179 18180 18183
18181 18179 18183
18175 18184 18178
18178 18185 18138
18185 18178 18184
18185 18184 18186
18184 18175 18187
18186 18184 18187
18175 18182 18188
18175 18188 18187
18186 18187 18189
18187 18190 18189
18187 18188 18190
18186 18189 18191
18188 18192 18190
18188 18193 18192
18188 18194 18193
18188 18182 18194
18182 18195 18194
18195 18182 18196
18197 18186 18191
18186 18197 18198
18182 18181 18196
18181 18199 18196
18199 18181 18200
18201 18186 18198
18183 18200 18181
18183 18202 18200
18183 18203 18202
18204 18203 18183
18180 18204 18183
18180 18205 18204
18206 18205 18180
18207 18206 18180
18208 18207 18180
18170 18208 18180
18170 18209 18208
18170 18210 18209
18170 18211 18210
18211 18170 18171
18211 18171 18212
18212 18171 18213
18213 18171 18214
18215 18213 18214
18214 18171 18216
18171 18161 18216
18215 18214 18217
18217 18218 18215
18216 18161 18219
18161 18162 18219
18220 18219 18162
18221 18220 18162
18222 18216 18219
18214 18216 18223
18223 18216 18222
18217 18214 18223
18223 18222 18224
18225 18223 18224
18217 18223 18225
18225 18224 18226
18227 18225 18226
18228 18218 18217
18228 18217 18225
18227 18228 18225
18229 18218 18228
18227 18230 18228
18230 18229 18228
18231 18232 18233
18231 18234 18232
18234 18235 18232
18235 18236 18232
18235 18237 18236
18237 18238 18236
18236 18238 18239
18236 18239 18240
18239 18241 18240
18241 18242 18240
18242 18243 18240
18243 18244 18240
18240 18244 18245
18246 18240 18245
18246 18247 18240
18247 18248 18240
18248 18236 18240
18248 18249 18236
18236 18249 18250
18250 18232 18236
18250 18251 18232
18232 18251 18252
18253 18232 18252
18253 18252 18254
18255 18253 18254
18253 18256 18231
18257 18255 18258
18259 18256 18257
18257 18258 18260
18259 18257 18260
18261 18259 18260
18260 18258 18262
18263 18261 18260
18262 18264 18260
18263 18260 18264
18262 18265 18264
18266 18264 18265
18266 18263 18264
18266 18267 18263
18268 18267 18266
18267 18269 18263
18267 18270 18269
18267 18271 18270
18267 18272 18271
18267 18273 18272
18268 18273 18267
18274 18266 18265
18268 18275 18273
18276 18266 18274
18268 18266 18276
18276 18274 18277
18276 18277 18133
18135 18276 18133
18135 18268 18276
18134 18133 18277
18134 18277 18278
18279 18134 18278
18279 18280 18134
18135 18281 18268
18136 18281 18135
18268 18281 18282
18282 18281 18136
18268 18282 18275
18282 18136 18138
18282 18138 18283
18282 18283 18275
18185 18283 18138
18283 18284 18275
18284 18283 18185
18275 18284 18285
18284 18286 18285
18286 18287 18285
18286 18288 18287
18286 18289 18288
18284 18185 18201
18185 18186 18201
18290 18284 18201
18286 18284 18290
18286 18290 18291
18286 18291 18292
18286 18293 18289
18293 18286 18292
18293 18294 18289
18293 18292 18295
18293 18296 18294
18297 18293 18295
18296 18293 18297
18298 18299 18300
18301 18300 18299
18301 18302 18300
18303 18302 18301
18303 18304 18302
18305 18304 18303
18305 18306 18304
18307 18306 18305
18307 18305 18308
18307 18308 18309
18307 18309 18310
18311 18310 18309
18311 18312 18310
18313 18312 18311
18313 18311 18314
18315 18316 18317
18318 18316 18315
18319 18316 18318
18319 18318 18320
18320 18321 18319
18320 18322 18321
18321 18322 18323
18321 18323 18324
18321 18324 18325
18321 18325 18326
18326 18325 18327
18326 18327 18328
18327 18329 18328
18328 18329 18330
18328 18330 18331
18328 18331 18332
18328 18332 18333
18328 18333 18334
18334 18333 18335
18334 18335 18336
18336 18335 18337
18337 18338 18336
18336 18338 18339
18336 18339 18340
18341 18340 18339
18342 18340 18341
18343 18340 18342
18343 18344 18340
18345 18344 18343
18344 18345 18346
18344 18346 18347
18344 18347 18348
18344 18348 18349
18350 18351 18349
18352 18353 18350
18352 18354 18353
18354 18352 18355
18356 18353 18354
18356 18357 18353
18354 18355 18358
18356 18354 18358
18359 18357 18356
18359 18360 18357
18361 18360 18359
18358 18355 18362
18362 18355 18363
18363 18364 18362
18365 18364 18363
18358 18362 18366
18362 18364 18366
18356 18358 18367
18367 18358 18366
18356 18368 18359
18367 18368 18356
18369 18368 18367
18370 18368 18369
18370 18359 18368
18361 18359 18371
18370 18371 18359
18372 18361 18371
18370 18372 18371
18372 18373 18361
18374 18373 18372
18374 18375 18373
18376 18375 18374
18370 18377 18372
18374 18372 18377
18376 18374 18378
18378 18379 18376
18370 18369 18380
18380 18377 18370
18374 18377 18381
18381 18378 18374
18378 18382 18379
18382 18383 18379
18382 18384 18383
18382 18385 18384
18381 18386 18378
18378 18386 18382
18377 18387 18381
18387 18386 18381
18380 18388 18377
18377 18388 18387
18382 18389 18385
18386 18389 18382
18385 18389 18390
18385 18390 18391
18391 18390 18392
18391 18392 18393
18394 18389 18386
18394 18390 18389
18387 18395 18386
18394 18386 18395
18396 18390 18394
18396 18392 18390
18397 18395 18387
18388 18397 18387
18394 18395 18398
18394 18398 18396
18397 18398 18395
18396 18398 18399
18396 18400 18392
18396 18399 18400
18392 18400 18401
18400 18399 18401
18401 18402 18392
18403 18398 18397
18403 18399 18398
18388 18404 18397
18397 18405 18403
18397 18404 18405
18403 18405 18406
18407 18399 18403
18403 18406 18407
18408 18404 18388
18408 18388 18380
18380 18369 18408
18409 18405 18404
18409 18404 18408
18406 18405 18409
18408 18369 18409
18401 18399 18410
18407 18410 18399
18410 18411 18401
18412 18410 18407
18406 18413 18407
18407 18413 18412
18410 18414 18411
18412 18414 18410
18409 18369 18415
18406 18409 18416
18415 18416 18409
18415 18417 18416
18416 18418 18406
18417 18418 18416
18406 18419 18413
18406 18418 18419
18417 18420 18418
18418 18420 18421
18418 18421 18419
18417 18422 18420
18419 18421 18423
18419 18423 18424
18419 18424 18425
18419 18425 18413
18413 18425 18426
18426 18427 18413
18428 18422 18417
18417 18429 18428
18413 18427 18412
18412 18427 18430
18430 18431 18412
18432 18429 18417
18414 18412 18431
18414 18431 18433
18414 18433 18434
18435 18414 18434
18411 18414 18435
18411 18435 18436
18437 18411 18436
18438 18411 18437
18439 18411 18438
18401 18411 18439
18401 18439 18440
18401 18440 18441
18401 18441 18442
18442 18402 18401
18442 18443 18402
18443 18444 18402
18444 18445 18402
18446 18445 18444
18445 18447 18402
18402 18447 18392
18446 18448 18445
18448 18446 18449
18445 18450 18447
18448 18450 18445
18447 18451 18392
18392 18451 18393
18452 18393 18451
18453 18393 18452
18454 18451 18447
18450 18454 18447
18450 18455 18454
18456 18455 18450
18448 18456 18450
18456 18457 18455
18458 18457 18456
18459 18448 18449
18459 18456 18448
18458 18456 18459
18460 18459 18449
18458 18459 18461
18461 18459 18460
18462 18463 18464
18462 18464 18465
18465 18464 18466
18466 18464 18467
18466 18467 18468
18468 18467 18469
18467 18470 18469
18467 18471 18470
18470 18471 18472
18472 18471 18473
18473 18471 18474
18474 18471 18475
18471 18476 18475
18477 18476 18471
18477 18471 18478
18478 18471 18479
18479 18471 18467
18479 18467 18480
18467 18481 18480
18481 18467 18464
18481 18464 18482
18464 18483 18482
18484 18483 18464
18484 18485 18483
18486 18485 18484
18484 18462 18487
18488 18489 18486
18490 18488 18487
18488 18491 18489
18490 18491 18488
18492 18491 18490
18491 18493 18489
18494 18491 18492
18493 18491 18495
18494 18495 18491
18493 18495 18496
18497 18496 18495
18497 18495 18494
18497 18494 18498
18499 18497 18498
18498 18494 18500
18498 18500 18501
18498 18501 18502
18498 18502 18503
18498 18503 18504
18499 18498 18504
18505 18496 18497
18499 18504 18506
18507 18505 18497
18499 18507 18497
18507 18508 18505
18507 18364 18508
18366 18364 18507
18366 18507 18499
18365 18508 18364
18365 18509 18508
18510 18509 18365
18510 18365 18280
18366 18499 18511
18367 18366 18511
18499 18512 18511
18512 18367 18511
18499 18506 18512
18512 18369 18367
18512 18513 18369
18512 18506 18513
18415 18369 18513
18513 18506 18514
18514 18415 18513
18506 18515 18514
18514 18515 18516
18516 18515 18517
18516 18517 18518
18516 18518 18519
18514 18432 18415
18415 18432 18417
18520 18432 18514
18516 18520 18514
18516 18521 18520
18516 18522 18521
18516 18519 18523
18523 18522 18516
18523 18519 18524
18523 18525 18522
18523 18524 18526
18527 18525 18523
18526 18527 18523
18528 18529 18530
18531 18530 18529
18531 18529 18532
18533 18531 18532
18533 18532 18534
18535 18533 18534
18535 18534 18536
18537 18535 18536
18537 18538 18535
18537 18539 18538
18537 18540 18539
18541 18539 18540
18541 18540 18542
18543 18541 18542
18543 18544 18541
18545 18546 18547
18545 18547 18548
18548 18547 18549
18548 18549 18550
18550 18549 18551
18550 18551 18552
18552 18551 18553
18554 18552 18553
18554 18553 18555
18554 18555 18556
18554 18556 18557
18557 18556 18558
18557 18558 18559
18559 18558 18560
18559 18560 18561
18562 18563 18564
18562 18564 18565
18562 18566 18567
18562 18568 18566
18566 18568 18569
18566 18569 18570
18570 18569 18571
18570 18571 18572
18573 18572 18571
18573 18574 18572
18575 18576 18577
18575 18577 18578
18579 18578 18577
18579 18577 18580
18581 18582 18583
18581 18584 18582
18585 18582 18584
18585 18584 18586
18586 18587 18585
18586 18588 18587
18589 18587 18588
18589 18588 18590
18590 18588 18591
18591 18588 18586
18590 18591 18592
18593 18584 18581
18586 18584 18594
18593 18594 18584
18595 18591 18586
18594 18595 18586
18596 18591 18595
18594 18596 18595
18596 18597 18591
18597 18592 18591
18597 18598 18592
18594 18599 18596
18593 18599 18594
18593 18600 18599
18593 18581 18601
18601 18581 18602
18601 18602 18603
18593 18601 18604
18604 18605 18593
18604 18606 18605
18607 18601 18603
18604 18601 18607
18607 18603 18608
18609 18606 18604
18604 18607 18609
18609 18610 18606
18609 18611 18610
18612 18607 18608
18609 18607 18612
18612 18608 18613
18609 18614 18611
18609 18612 18614
18615 18611 18614
18612 18615 18614
18615 18616 18611
18617 18616 18615
18613 18618 18612
18612 18618 18615
18615 18618 18619
18613 18620 18618
18619 18618 18620
18619 18620 18621
18619 18621 18622
18617 18615 18623
18615 18619 18623
18617 18623 18624
18624 18623 18619
18617 18624 18625
18624 18626 18625
18619 18622 18627
18624 18619 18627
18628 18627 18622
18628 18629 18627
18629 18624 18627
18629 18628 18630
18624 18631 18626
18629 18631 18624
18632 18626 18631
18632 18631 18629
18632 18633 18626
18632 18634 18633
18629 18630 18635
18632 18629 18635
18635 18630 18636
18632 18637 18634
18637 18632 18635
18637 18638 18634
18635 18636 18639
18637 18635 18639
18639 18636 18640
18637 18641 18638
18641 18637 18639
18641 18642 18638
18639 18640 18643
18641 18639 18643
18643 18640 18644
18643 18644 18645
18641 18643 18645
18646 18645 18644
18641 18647 18642
18641 18645 18647
18647 18648 18642
18646 18649 18645
18649 18647 18645
18649 18646 18650
18647 18651 18648
18647 18649 18651
18648 18651 18652
18651 18649 18652
18648 18652 18653
18649 18650 18654
18652 18649 18654
18655 18654 18650
18655 18656 18654
18656 18652 18654
18656 18657 18652
18653 18652 18657
18653 18657 18658
18659 18660 18661
18659 18662 18660
18592 18662 18659
18663 18660 18662
18592 18664 18662
18665 18664 18592
18665 18666 18664
18664 18666 18667
18663 18662 18668
18668 18662 18664
18668 18669 18663
18664 18667 18670
18668 18664 18670
18668 18671 18669
18670 18671 18668
18671 18672 18669
18673 18670 18667
18670 18673 18671
18673 18667 18674
18671 18675 18672
18673 18675 18671
18675 18676 18672
18674 18677 18673
18673 18677 18675
18674 18678 18677
18675 18679 18676
18677 18679 18675
18679 18680 18676
18679 18681 18680
18678 18682 18677
18677 18682 18679
18682 18681 18679
18678 18683 18682
18682 18684 18681
18682 18683 18685
18682 18685 18684
18686 18687 18688
18686 18688 18689
18690 18686 18689
18690 18689 18691
18692 18690 18691
18692 18691 18693
18694 18692 18693
18694 18695 18692
18696 18695 18694
18696 18694 18697
18696 18697 18698
18696 18698 18699
18700 18701 18688
18700 18702 18701
18701 18702 18703
18701 18703 18704
18703 18705 18704
18703 18706 18705
18707 18705 18706
18707 18706 18708
18709 18710 18707
18709 18711 18710
18710 18711 18712
18710 18712 18713
18712 18714 18713
18712 18715 18714
18715 18716 18714
18715 18717 18716
18717 18718 18716
18717 18719 18718
18719 18720 18718
18719 18721 18720
18722 18723 18724
18722 18725 18723
18726 18725 18722
18726 18727 18725
18728 18727 18726
18728 18729 18727
18730 18729 18728
18731 18730 18728
18732 18730 18731
18733 18732 18731
18734 18732 18733
18734 18735 18732
18736 18735 18734
18736 18737 18735
18738 18737 18736
18738 18736 18739
18740 18741 18742
18740 18742 18743
18743 18742 18744
18743 18744 18745
18744 18746 18745
18744 18747 18746
18746 18747 18748
18746 18748 18749
18750 18749 18748
18750 18751 18749
18752 18753 18754
18752 18755 18753
18756 18755 18752
18756 18757 18755
18758 18757 18756
18758 18756 18759
18760 18761 18762
18760 18762 18763
18764 18760 18763
18764 18765 18760
18766 18765 18764
18766 18764 18767
18768 18766 18767
18768 18769 18766
18770 18771 18762
18770 18772 18771
18772 18773 18771
18772 18774 18773
18774 18775 18773
18774 18776 18775
18776 18777 18775
18776 18778 18777
18777 18778 18779
18777 18779 18780
18780 18779 18781
18780 18781 18782
18783 18782 18781
18783 18784 18782
18785 18784 18783
18785 18786 18784
18787 18786 18785
18787 18788 18786
18789 18788 18787
18789 18790 18788
18791 18790 18789
18791 18792 18790
18793 18792 18791
18793 18794 18792
18795 18794 18793
18795 18796 18794
18796 18795 18797
18796 18797 18798
18799 18800 18801
18799 18802 18800
18803 18802 18799
18803 18799 18804
18805 18803 18804
18805 18804 18806
18807 18805 18806
18807 18808 18805
18809 18808 18807
18809 18810 18808
18811 18810 18809
18811 18809 18812
18813 18814 18815
18813 18816 18814
18816 18813 18817
18816 18817 18818
18819 18820 18821
18819 18822 18820
18822 18823 18820
18824 18822 18819
18822 18825 18823
18824 18826 18822
18826 18825 18822
18827 18826 18824
18826 18828 18825
18827 18829 18826
18829 18828 18826
18830 18829 18827
18829 18831 18828
18830 18832 18829
18832 18831 18829
18833 18832 18830
18832 18834 18831
18833 18835 18832
18835 18834 18832
18836 18835 18833
18835 18837 18834
18836 18838 18835
18838 18837 18835
18838 18839 18837
18840 18841 18842
18840 18843 18841
18843 18844 18841
18845 18843 18840
18843 18846 18844
18845 18847 18843
18847 18846 18843
18848 18847 18845
18847 18849 18846
18848 18850 18847
18850 18849 18847
18851 18850 18848
18850 18852 18849
18851 18853 18850
18853 18852 18850
18854 18853 18851
18853 18855 18852
18854 18856 18853
18856 18855 18853
18857 18856 18854
18856 18858 18855
18857 18859 18856
18859 18858 18856
18859 18860 18858
18861 18862 18863
18861 18863 18864
18864 18863 18865
18866 18861 18864
18864 18865 18867
18866 18864 18868
18868 18864 18867
18869 18866 18868
18868 18867 18870
18869 18868 18871
18871 18868 18870
18872 18869 18871
18871 18870 18873
18872 18871 18874
18874 18871 18873
18875 18872 18874
18874 18873 18876
18875 18874 18877
18877 18874 18876
18878 18875 18877
18877 18876 18879
18878 18877 18880
18880 18877 18879
18880 18879 18881
18882 18883 18884
18882 18884 18885
18885 18884 18886
18887 18882 18885
18885 18886 18888
18887 18885 18889
18889 18885 18888
18890 18887 18889
18889 18888 18891
18890 18889 18892
18892 18889 18891
18893 18890 18892
18892 18891 18894
18893 18892 18895
18895 18892 18894
18896 18893 18895
18895 18894 18897
18896 18895 18898
18898 18895 18897
18899 18896 18898
18898 18897 18900
18899 18898 18901
18901 18898 18900
18901 18900 18902
18903 18904 18905
18903 18905 18906
18906 18905 18907
18906 18907 18908
18907 18909 18908
18907 18910 18909
18911 18909 18910
18911 18910 18912
18913 18911 18912
18913 18914 18911
18914 18913 18915
18914 18915 18916
18917 18918 18919
18917 18920 18918
18921 18920 18917
18921 18917 18922
18923 18921 18922
18923 18924 18921
18925 18924 18923
18925 18923 18926
18927 18925 18926
18927 18928 18925
18929 18928 18927
18929 18930 18928
18931 18932 18933
18931 18933 18934
18933 18935 18934
18933 18936 18935
18937 18938 18939
18937 18939 18940
18939 18941 18940
18939 18942 18941
18943 18944 18945
18943 18946 18944
18947 18946 18943
18947 18948 18946
18948 18947 18949
18948 18949 18950
18949 18951 18950
18949 18952 18951
18953 18954 18955
18953 18956 18954
18957 18956 18953
18957 18958 18956
18959 18958 18957
18959 18957 18960
18961 18959 18960
18961 18962 18959
18963 18964 18965
18963 18965 18966
18967 18966 18965
18967 18968 18966
18968 18967 18969
18968 18969 18970
18971 18972 18973
18971 18973 18974
18974 18973 18975
18974 18975 18976
18977 18976 18975
18977 18978 18976
18979 18980 18981
18979 18981 18982
18981 18983 18982
18981 18984 18983
18985 18986 18987
18985 18988 18986
18989 18988 18985
18989 18990 18988
18990 18989 18991
18990 18991 18992
18991 18993 18992
18991 18994 18993
18995 18996 18997
18995 18998 18996
18999 18998 18995
18999 18995 19000
19001 18999 19000
19001 19002 18999
19003 19004 19005
19003 19005 19006
19005 19007 19006
19005 19008 19007
19009 19010 19011
19009 19011 19012
19013 19009 19012
19013 19014 19009
19015 19014 19013
19015 19016 19014
19017 19018 19019
19017 19019 19020
19019 19021 19020
19019 19022 19021
19021 19022 19023
19021 19023 19024
19024 19023 19025
19024 19025 19026
19027 19028 19029
19027 19030 19028
19031 19030 19027
19030 19032 19028
19031 19033 19030
19030 19034 19032
19033 19034 19030
19033 19035 19034
19034 19036 19032
19035 19037 19034
19034 19037 19036
19035 19038 19037
19039 19036 19037
19038 19039 19037
19039 19040 19036
19038 19041 19039
19042 19040 19039
19043 19039 19041
19042 19039 19043
19043 19041 19044
19045 19042 19043
19046 19043 19044
19045 19043 19046
19046 19044 19047
19048 19045 19046
19047 19049 19046
19048 19046 19049
19047 19050 19049
19051 19048 19049
19050 19051 19049
19051 19052 19048
19050 19053 19051
19054 19052 19051
19053 19055 19051
19054 19051 19055
19053 19056 19055
19057 19054 19055
19056 19058 19055
19057 19055 19058
19056 19059 19058
19060 19057 19058
19059 19061 19058
19060 19058 19061
19059 19062 19061
19063 19060 19061
19062 19063 19061
19063 19064 19060
19062 19065 19063
19066 19064 19063
19065 19067 19063
19066 19063 19067
19065 19068 19067
19069 19066 19067
19068 19069 19067
19069 19070 19066
19068 19071 19069
19072 19070 19069
19071 19073 19069
19072 19069 19073
19071 19074 19073
19075 19072 19073
19074 19075 19073
19075 19076 19072
19074 19077 19075
19078 19076 19075
19077 19079 19075
19078 19075 19079
19077 19080 19079
19081 19078 19079
19080 19081 19079
19082 19083 19084
19082 19085 19083
19085 19086 19083
19085 19082 19087
19085 19088 19086
19085 19087 19089
19088 19085 19089
19088 19089 19090
19089 19087 19091
19092 19090 19089
19089 19091 19093
19092 19089 19093
19093 19091 19094
19095 19092 19093
19093 19094 19096
19095 19093 19096
19096 19094 19097
19095 19096 19098
19096 19097 19098
19095 19098 19099
19098 19097 19100
19099 19098 19101
19098 19100 19101
19099 19101 19102
19100 19103 19101
19103 19102 19101
19103 19104 19102
19100 19105 19103
19106 19104 19103
19105 19107 19103
19106 19103 19107
19105 19108 19107
19109 19106 19107
19108 19109 19107
19109 19110 19106
19108 19111 19109
19112 19110 19109
19111 19112 19109
19113 19114 19115
19113 19115 19116
19116 19115 19117
19118 19113 19116
19116 19117 19119
19118 19116 19120
19120 19116 19119
19121 19118 19120
19120 19119 19122
19121 19120 19123
19123 19120 19122
19124 19121 19123
19123 19122 19125
19124 19123 19126
19126 19123 19125
19127 19124 19126
19126 19125 19128
19127 19126 19129
19129 19126 19128
19130 19127 19129
19129 19128 19131
19130 19129 19132
19132 19129 19131
19132 19131 19133
19134 19135 19136
19134 19136 19137
19137 19136 19138
19139 19134 19137
19137 19138 19140
19139 19137 19141
19141 19137 19140
19142 19139 19141
19141 19140 19143
19142 19141 19144
19144 19141 19143
19145 19142 19144
19144 19143 19146
19145 19144 19147
19147 19144 19146
19148 19145 19147
19147 19146 19149
19148 19147 19150
19150 19147 19149
19151 19148 19150
19150 19149 19152
19151 19150 19153
19153 19150 19152
19153 19152 19154
19155 19156 19157
19158 19156 19155
19159 19160 19161
19159 19161 19162
19163 19159 19162
19163 19162 19164
19162 19165 19164
19162 19166 19165
19162 19167 19166
19162 19168 19167
19162 19169 19168
19162 19170 19169
19162 19171 19170
19162 19172 19171
19162 19173 19172
19162 19174 19173
19162 19175 19174
19162 19176 19175
19177 19176 19162
19177 19178 19176
19179 19177 19162
19179 19180 19177
19181 19179 19162
19181 19182 19179
19181 19162 19183
19162 19184 19183
19162 19185 19184
19162 19186 19185
19162 19187 19186
19162 19188 19187
19162 19189 19188
19162 19190 19189
19162 19191 19190
19162 19192 19191
19162 19193 19192
19162 19194 19193
19161 19194 19162
19161 19195 19194
19196 19197 19198
19199 19196 19198
19200 19199 19198
19201 19202 19203
19201 19203 19204
19203 19205 19204
19201 19204 19206
19201 19206 19207
19204 19208 19206
19209 19210 19211
19212 19209 19211
19213 19212 19211
19214 19215 19216
19217 19214 19216
19218 19217 19216
19219 19220 19221
19222 19219 19221
19222 19221 19223
19224 19225 19226
19227 19224 19226
19227 19226 19228
19229 19230 19231
19232 19229 19231
19232 19231 19233
19234 19235 19236
19237 19234 19236
19237 19236 19238
19239 19240 19241
19240 19242 19241
19242 19243 19241
19244 19245 19246
19244 19246 19247
19246 19248 19247
19249 19250 19251
19252 19249 19251
19253 19252 19251
19254 19255 19256
19257 19254 19256
19257 19258 19254
19259 19260 19261
19262 19259 19261
19262 19263 19259
19264 19265 19266
19267 19264 19266
19267 19268 19264
19269 19270 19271
19272 19269 19271
19272 19273 19269
19274 19275 19276
19274 19276 19277
19278 19277 19276
19278 19276 19279
19280 19278 19279
19281 19280 19279
19279 19282 19281
19283 19284 19285
19283 19285 19286
19287 19283 19286
19288 19289 19286
19290 19288 19286
19291 19292 19293
19291 19293 19294
19295 19291 19294
19296 19297 19298
19296 19298 19299
19300 19296 19299
19301 19302 19303
19301 19303 19304
19305 19301 19304
19306 19307 19308
19309 19306 19308
19309 19308 19310
19311 19312 19313
19312 19314 19313
19312 19315 19314
19316 19317 19318
19317 19319 19318
19317 19320 19319
19321 19322 19323
19323 19322 19324
19324 19322 19325
19326 19327 19328
19326 19328 19329
19329 19330 19326
19329 19328 19331
19329 19332 19330
19329 19331 19333
19329 19334 19332
19335 19329 19333
19334 19329 19336
19337 19329 19335
19336 19329 19338
19329 19337 19338
19339 19340 19341
19342 19339 19341
19342 19341 19343
19344 19345 19346
19347 19344 19346
19347 19346 19348
19349 19350 19351
19349 19351 19352
19349 19352 19353
19349 19353 19354
19354 19355 19349
19356 19357 19358
19359 19356 19358
19359 19358 19360
19361 19362 19363
19364 19361 19363
19365 19364 19363
19366 19367 19368
19366 19368 19369
19368 19370 19369
19366 19369 19371
19366 19371 19372
19369 19373 19371
19374 19375 19376
19374 19376 19377
19378 19374 19377
19379 19380 19381
19379 19381 19382
19381 19383 19382
19384 19385 19386
19384 19387 19385
19387 19384 19388
19387 19389 19385
19387 19388 19390
19387 19391 19389
19387 19390 19392
19393 19391 19387
19392 19394 19387
19395 19393 19387
19394 19396 19387
19396 19395 19387
19397 19398 19399
19400 19397 19399
19401 19400 19399
19402 19403 19404
19405 19402 19404
19406 19405 19404
19407 19408 19409
19407 19409 19410
19411 19407 19410
19412 19413 19414
19412 19414 19415
19416 19412 19415
19417 19418 19419
19417 19419 19420
19421 19417 19420
19422 19423 19424
19425 19422 19424
19425 19426 19422
19427 19428 19429
19430 19427 19429
19430 19431 19427
19432 19433 19434
19435 19432 19434
19435 19436 19432
19437 19438 19439
19437 19440 19438
19440 19437 19441
19440 19441 19442
19441 19443 19442
19441 19444 19443
19444 19445 19443
19444 19446 19445
19447 19448 19449
19447 19449 19450
19450 19451 19447
19451 19452 19447
19453 19454 19455
19453 19455 19456
19457 19453 19456
19458 19457 19456
19458 19459 19457
19460 19459 19458
19461 19457 19459
19459 19460 19461
19460 19462 19461
19463 19461 19462
19464 19463 19462
19460 19464 19462
19460 19465 19464
19465 19466 19464
19467 19468 19469
19470 19467 19469
19470 19471 19467
19467 19471 19472
19471 19473 19472
19470 19473 19471
19474 19473 19470
19470 19475 19474
19473 19474 19476
19475 19476 19474
19475 19477 19476
19476 19477 19478
19478 19477 19479
19478 19479 19480
19481 19482 19483
19481 19483 19484
19484 19485 19481
19484 19486 19485
19485 19486 19487
19485 19487 19488
19488 19487 19489
19488 19489 19490
19491 19492 19493
19491 19494 19492
19494 19491 19495
19495 19491 19496
19497 19498 19499
19497 19499 19500
19501 19497 19500
19502 19500 19499
19501 19500 19503
19504 19501 19503
19504 19503 19505
19503 19506 19505
19502 19507 19500
19507 19503 19500
19507 19502 19508
19503 19509 19506
19507 19509 19503
19507 19508 19510
19509 19507 19510
19510 19508 19511
19512 19506 19509
19509 19510 19512
19512 19513 19506
19510 19511 19514
19512 19510 19514
19514 19511 19515
19513 19512 19516
19512 19514 19516
19513 19516 19517
19514 19515 19518
19516 19514 19518
19518 19515 19519
19518 19519 19520
19517 19516 19521
19516 19518 19521
19521 19518 19520
19517 19521 19522
19521 19520 19523
19521 19524 19522
19521 19523 19524
19525 19526 19527
19525 19527 19528
19527 19529 19528
19527 19530 19529
19530 19531 19529
19530 19532 19531
19531 19532 19533
19531 19533 19534
19534 19533 19535
19534 19535 19536
19537 19536 19535
19537 19538 19536
19539 19540 19541
19539 19542 19540
19543 19542 19539
19543 19544 19542
19545 19544 19543
19545 19546 19544
19547 19546 19545
19547 19548 19546
19549 19548 19550
19549 19550 19551
19552 19549 19551
19552 19553 19549
19554 19555 19556
19554 19556 19557
19558 19557 19556
19558 19559 19557
19560 19559 19558
19560 19561 19559
19561 19560 19562
19561 19562 19563
19563 19562 19564
19563 19564 19565
19566 19565 19564
19566 19567 19565
19568 19569 19570
19571 19570 19569
19571 19572 19570
19573 19571 19569
19574 19573 19569
19575 19576 19577
19578 19575 19577
19579 19580 19581
19582 19581 19580
19583 19580 19579
19583 19582 19580
19583 19579 19584
19583 19585 19582
19586 19583 19584
19583 19586 19585
19587 19586 19584
19586 19588 19585
19587 19589 19586
19588 19586 19589
19587 19590 19589
19589 19590 19591
19588 19589 19592
19589 19591 19592
19590 19593 19591
19591 19594 19592
19595 19591 19593
19596 19594 19591
19595 19597 19591
19596 19591 19597
19598 19597 19595
19598 19596 19597
19598 19595 19599
19598 19600 19596
19599 19601 19598
19600 19598 19602
19598 19601 19603
19598 19603 19602
19604 19605 19606
19607 19606 19605
19608 19605 19604
19608 19607 19605
19608 19604 19609
19608 19610 19607
19611 19608 19609
19608 19611 19610
19612 19611 19609
19611 19613 19610
19612 19614 19611
19613 19611 19614
19612 19615 19614
19614 19615 19616
19613 19614 19617
19614 19616 19617
19615 19618 19616
19616 19619 19617
19620 19616 19618
19621 19619 19616
19620 19622 19616
19621 19616 19622
19623 19622 19620
19623 19621 19622
19623 19620 19624
19623 19625 19621
19624 19626 19623
19625 19623 19627
19623 19626 19628
19623 19628 19627
19629 19630 19631
19632 19631 19630
19633 19630 19629
19633 19632 19630
19633 19629 19634
19633 19635 19632
19636 19633 19634
19633 19636 19635
19637 19636 19634
19636 19638 19635
19637 19639 19636
19638 19636 19639
19637 19640 19639
19639 19640 19641
19638 19639 19642
19639 19641 19642
19640 19643 19641
19641 19644 19642
19645 19641 19643
19646 19644 19641
19645 19647 19641
19646 19641 19647
19648 19647 19645
19648 19646 19647
19648 19645 19649
19648 19650 19646
19649 19651 19648
19650 19648 19652
19648 19651 19653
19648 19653 19652
19654 19655 19656
19657 19656 19655
19658 19655 19654
19658 19657 19655
19658 19654 19659
19658 19660 19657
19661 19658 19659
19658 19661 19660
19662 19661 19659
19661 19663 19660
19662 19664 19661
19663 19661 19664
19662 19665 19664
19664 19665 19666
19663 19664 19667
19664 19666 19667
19665 19668 19666
19666 19669 19667
19670 19666 19668
19671 19669 19666
19670 19672 19666
19671 19666 19672
19673 19672 19670
19673 19671 19672
19673 19670 19674
19673 19675 19671
19674 19676 19673
19675 19673 19677
19673 19676 19678
19673 19678 19677
19679 19680 19681
19682 19681 19680
19683 19682 19680
19684 19682 19683
19684 19683 19685
19684 19685 19686
19685 19687 19686
19687 19688 19686
19687 19689 19688
19688 19689 19690
19691 19690 19689
19687 19691 19689
19687 19692 19691
19687 19685 19692
19685 19693 19692
19693 19685 19683
19693 19683 19694
19683 19680 19694
19680 19695 19694
19696 19695 19680
19696 19680 19697
19698 19696 19697
19679 19697 19680
19698 19697 19679
19698 19699 19696
19698 19679 19700
19699 19698 19701
19700 19702 19698
19698 19703 19701
19698 19702 19703
19704 19705 19706
19707 19706 19705
19708 19705 19704
19708 19707 19705
19708 19704 19709
19708 19710 19707
19711 19708 19709
19708 19711 19710
19712 19711 19709
19711 19713 19710
19712 19714 19711
19713 19711 19714
19712 19715 19714
19714 19715 19716
19713 19714 19717
19714 19716 19717
19715 19718 19716
19716 19719 19717
19720 19716 19718
19721 19719 19716
19720 19722 19716
19721 19716 19722
19723 19722 19720
19723 19721 19722
19723 19720 19724
19723 19725 19721
19724 19726 19723
19725 19723 19727
19723 19726 19728
19723 19728 19727
19729 19730 19731
19732 19731 19730
19733 19730 19729
19733 19732 19730
19733 19729 19734
19733 19735 19732
19736 19733 19734
19733 19736 19735
19737 19736 19734
19736 19738 19735
19737 19739 19736
19738 19736 19739
19737 19740 19739
19739 19740 19741
19738 19739 19742
19739 19741 19742
19740 19743 19741
19741 19744 19742
19745 19741 19743
19746 19744 19741
19745 19747 19741
19746 19741 19747
19748 19747 19745
19748 19746 19747
19748 19745 19749
19748 19750 19746
19749 19751 19748
19750 19748 19752
19748 19751 19753
19748 19753 19752
19754 19755 19756
19757 19756 19755
19758 19755 19754
19758 19757 19755
19758 19754 19759
19758 19760 19757
19761 19758 19759
19758 19761 19760
19762 19761 19759
19761 19763 19760
19762 19764 19761
19763 19761 19764
19762 19765 19764
19764 19765 19766
19763 19764 19767
19764 19766 19767
19765 19768 19766
19766 19769 19767
19770 19766 19768
19771 19769 19766
19770 19772 19766
19771 19766 19772
19773 19772 19770
19773 19771 19772
19773 19770 19774
19773 19775 19771
19774 19776 19773
19775 19773 19777
19773 19776 19778
19773 19778 19777
19779 19780 19781
19782 19781 19780
19783 19780 19779
19783 19782 19780
19783 19779 19784
19783 19785 19782
19786 19783 19784
19783 19786 19785
19787 19786 19784
19786 19788 19785
19787 19789 19786
19788 19786 19789
19787 19790 19789
19789 19790 19791
19788 19789 19792
19789 19791 19792
19790 19793 19791
19791 19794 19792
19795 19791 19793
19796 19794 19791
19795 19797 19791
19796 19791 19797
19798 19797 19795
19798 19796 19797
19798 19795 19799
19798 19800 19796
19799 19801 19798
19800 19798 19802
19798 19801 19803
19798 19803 19802
19804 19805 19806
19807 19806 19805
19808 19805 19804
19808 19807 19805
19808 19804 19809
19808 19810 19807
19811 19808 19809
19808 19811 19810
19812 19811 19809
19811 19813 19810
19812 19814 19811
19813 19811 19814
19812 19815 19814
19814 19815 19816
19813 19814 19817
19814 19816 19817
19815 19818 19816
19816 19819 19817
19820 19816 19818
19821 19819 19816
19820 19822 19816
19821 19816 19822
19823 19822 19820
19823 19821 19822
19823 19820 19824
19823 19825 19821
19824 19826 19823
19825 19823 19827
19823 19826 19828
19823 19828 19827
19829 19830 19831
19832 19831 19830
19833 19832 19830
19834 19832 19833
19834 19833 19835
19834 19835 19836
19835 19837 19836
19837 19838 19836
19837 19839 19838
19838 19839 19840
19841 19840 19839
19837 19841 19839
19837 19842 19841
19837 19835 19842
19835 19843 19842
19843 19835 19833
19843 19833 19844
19833 19830 19844
19830 19845 19844
19846 19845 19830
19846 19830 19847
19848 19846 19847
19829 19847 19830
19848 19847 19829
19848 19849 19846
19848 19829 19850
19849 19848 19851
19850 19852 19848
19848 19853 19851
19848 19852 19853
19854 19855 19856
19857 19856 19855
19858 19855 19854
19858 19857 19855
19858 19854 19859
19858 19860 19857
19861 19858 19859
19858 19861 19860
19862 19861 19859
19861 19863 19860
19862 19864 19861
19863 19861 19864
19862 19865 19864
19864 19865 19866
19863 19864 19867
19864 19866 19867
19865 19868 19866
19866 19869 19867
19870 19866 19868
19871 19869 19866
19870 19872 19866
19871 19866 19872
19873 19872 19870
19873 19871 19872
19873 19870 19874
19873 19875 19871
19874 19876 19873
19875 19873 19877
19873 19876 19878
19873 19878 19877
19879 19880 19881
19882 19881 19880
19883 19880 19879
19883 19882 19880
19883 19879 19884
19883 19885 19882
19886 19883 19884
19883 19886 19885
19887 19886 19884
19886 19888 19885
19887 19889 19886
19888 19886 19889
19887 19890 19889
19889 19890 19891
19888 19889 19892
19889 19891 19892
19890 19893 19891
19891 19894 19892
19895 19891 19893
19896 19894 19891
19895 19897 19891
19896 19891 19897
19898 19897 19895
19898 19896 19897
19898 19895 19899
19898 19900 19896
19899 19901 19898
19900 19898 19902
19898 19901 19903
19898 19903 19902
19904 19905 19906
19907 19906 19905
19908 19905 19904
19908 19907 19905
19908 19904 19909
19908 19910 19907
19911 19908 19909
19908 19911 19910
19912 19911 19909
19911 19913 19910
19912 19914 19911
19913 19911 19914
19912 19915 19914
19914 19915 19916
19913 19914 19917
19914 19916 19917
19915 19918 19916
19916 19919 19917
19920 19916 19918
19921 19919 19916
19920 19922 19916
19921 19916 19922
19923 19922 19920
19923 19921 19922
19923 19920 19924
19923 19925 19921
19924 19926 19923
19925 19923 19927
19923 19926 19928
19923 19928 19927
19929 19930 19931
19932 19931 19930
19933 19930 19929
19933 19932 19930
19933 19929 19934
19933 19935 19932
19936 19933 19934
19933 19936 19935
19937 19936 19934
19936 19938 19935
19937 19939 19936
19938 19936 19939
19937 19940 19939
19939 19940 19941
19938 19939 19942
19939 19941 19942
19940 19943 19941
19941 19944 19942
19945 19941 19943
19946 19944 19941
19945 19947 19941
19946 19941 19947
19948 19947 19945
19948 19946 19947
19948 19945 19949
19948 19950 19946
19949 19951 19948
19950 19948 19952
19948 19951 19953
19948 19953 19952
19954 19955 19956
19957 19956 19955
19958 19955 19954
19958 19957 19955
19958 19954 19959
19958 19960 19957
19961 19958 19959
19958 19961 19960
19962 19961 19959
19961 19963 19960
19962 19964 19961
19963 19961 19964
19962 19965 19964
19964 19965 19966
19963 19964 19967
19964 19966 19967
19965 19968 19966
19966 19969 19967
19970 19966 19968
19971 19969 19966
19970 19972 19966
19971 19966 19972
19973 19972 19970
19973 19971 19972
19973 19970 19974
19973 19975 19971
19974 19976 19973
19975 19973 19977
19973 19976 19978
19973 19978 19977
19979 19980 19981
19982 19981 19980
19983 19982 19980
19984 19982 19983
19984 19983 19985
19984 19985 19986
19985 19987 19986
19987 19988 19986
19987 19989 19988
19988 19989 19990
19991 19990 19989
19987 19991 19989
19987 19992 19991
19987 19985 19992
19985 19993 19992
19993 19985 19983
19993 19983 19994
19983 19980 19994
19980 19995 19994
19996 19995 19980
19996 19980 19997
19998 19996 19997
19979 19997 19980
19998 19997 19979
19998 19999 19996
19998 19979 20000
19999 19998 20001
20000 20002 19998
19998 20003 20001
19998 20002 20003
20004 20005 20006
20007 20006 20005
20008 20005 20004
20008 20007 20005
20008 20004 20009
20008 20010 20007
20011 20008 20009
20008 20011 20010
20012 20011 20009
20011 20013 20010
20012 20014 20011
20013 20011 20014
20012 20015 20014
20014 20015 20016
20013 20014 20017
20014 20016 20017
20015 20018 20016
20016 20019 20017
20020 20016 20018
20021 20019 20016
20020 20022 20016
20021 20016 20022
20023 20022 20020
20023 20021 20022
20023 20020 20024
20023 20025 20021
20024 20026 20023
20025 20023 20027
20023 20026 20028
20023 20028 20027
20029 20030 20031
20032 20031 20030
20033 20030 20029
20033 20032 20030
20033 20029 20034
20033 20035 20032
20036 20033 20034
20033 20036 20035
20037 20036 20034
20036 20038 20035
20037 20039 20036
20038 20036 20039
20037 20040 20039
20039 20040 20041
20038 20039 20042
20039 20041 20042
20040 20043 20041
20041 20044 20042
20045 20041 20043
20046 20044 20041
20045 20047 20041
20046 20041 20047
20048 20047 20045
20048 20046 20047
20048 20045 20049
20048 20050 20046
20049 20051 20048
20050 20048 20052
20048 20051 20053
20048 20053 20052
20054 20055 20056
20057 20056 20055
20058 20055 20054
20058 20057 20055
20058 20054 20059
20058 20060 20057
20061 20058 20059
20058 20061 20060
20062 20061 20059
20061 20063 20060
20062 20064 20061
20063 20061 20064
20062 20065 20064
20064 20065 20066
20063 20064 20067
20064 20066 20067
20065 20068 20066
20066 20069 20067
20070 20066 20068
20071 20069 20066
20070 20072 20066
20071 20066 20072
20073 20072 20070
20073 20071 20072
20073 20070 20074
20073 20075 20071
20074 20076 20073
20075 20073 20077
20073 20076 20078
20073 20078 20077
20079 20080 20081
20082 20081 20080
20083 20080 20079
20083 20082 20080
20083 20079 20084
20083 20085 20082
20086 20083 20084
20083 20086 20085
20087 20086 20084
20086 20088 20085
20087 20089 20086
20088 20086 20089
20087 20090 20089
20089 20090 20091
20088 20089 20092
20089 20091 20092
20090 20093 20091
20091 20094 20092
20095 20091 20093
20096 20094 20091
20095 20097 20091
20096 20091 20097
20098 20097 20095
20098 20096 20097
20098 20095 20099
20098 20100 20096
20099 20101 20098
20100 20098 20102
20098 20101 20103
20098 20103 20102
20104 20105 20106
20107 20106 20105
20108 20105 20104
20108 20107 20105
20108 20104 20109
20108 20110 20107
20111 20108 20109
20108 20111 20110
20112 20111 20109
20111 20113 20110
20112 20114 20111
20113 20111 20114
20112 20115 20114
20114 20115 20116
20113 20114 20117
20114 20116 20117
20115 20118 20116
20116 20119 20117
20120 20116 20118
20121 20119 20116
20120 20122 20116
20121 20116 20122
20123 20122 20120
20123 20121 20122
20123 20120 20124
20123 20125 20121
20124 20126 20123
20125 20123 20127
20123 20126 20128
20123 20128 20127
20129 20130 20131
20132 20131 20130
20133 20132 20130
20134 20132 20133
20134 20133 20135
20134 20135 20136
20135 20137 20136
20137 20138 20136
20137 20139 20138
20138 20139 20140
20141 20140 20139
20137 20141 20139
20137 20142 20141
20137 20135 20142
20135 20143 20142
20143 20135 20133
20143 20133 20144
20133 20130 20144
20130 20145 20144
20146 20145 20130
20146 20130 20147
20148 20146 20147
20129 20147 20130
20148 20147 20129
20148 20149 20146
20148 20129 20150
20149 20148 20151
20150 20152 20148
20148 20153 20151
20148 20152 20153
20154 20155 20156
20157 20156 20155
20158 20155 20154
20158 20157 20155
20158 20154 20159
20158 20160 20157
20161 20158 20159
20158 20161 20160
20162 20161 20159
20161 20163 20160
20162 20164 20161
20163 20161 20164
20162 20165 20164
20164 20165 20166
20163 20164 20167
20164 20166 20167
20165 20168 20166
20166 20169 20167
20170 20166 20168
20171 20169 20166
20170 20172 20166
20171 20166 20172
20173 20172 20170
20173 20171 20172
20173 20170 20174
20173 20175 20171
20174 20176 20173
20175 20173 20177
20173 20176 20178
20173 20178 20177
20179 20180 20181
20182 20181 20180
20183 20180 20179
20183 20182 20180
20183 20179 20184
20183 20185 20182
20186 20183 20184
20183 20186 20185
20187 20186 20184
20186 20188 20185
20187 20189 20186
20188 20186 20189
20187 20190 20189
20189 20190 20191
20188 20189 20192
20189 20191 20192
20190 20193 20191
20191 20194 20192
20195 20191 20193
20196 20194 20191
20195 20197 20191
20196 20191 20197
20198 20197 20195
20198 20196 20197
20198 20195 20199
20198 20200 20196
20199 20201 20198
20200 20198 20202
20198 20201 20203
20198 20203 20202
20204 20205 20206
20207 20206 20205
20208 20205 20204
20208 20207 20205
20208 20204 20209
20208 20210 20207
20211 20208 20209
20208 20211 20210
20212 20211 20209
20211 20213 20210
20212 20214 20211
20213 20211 20214
20212 20215 20214
20214 20215 20216
20213 20214 20217
20214 20216 20217
20215 20218 20216
20216 20219 20217
20220 20216 20218
20221 20219 20216
20220 20222 20216
20221 20216 20222
20223 20222 20220
20223 20221 20222
20223 20220 20224
20223 20225 20221
20224 20226 20223
20225 20223 20227
20223 20226 20228
20223 20228 20227
20229 20230 20231
20232 20231 20230
20233 20230 20229
20233 20232 20230
20233 20229 20234
20233 20235 20232
20236 20233 20234
20233 20236 20235
20237 20236 20234
20236 20238 20235
20237 20239 20236
20238 20236 20239
20237 20240 20239
20238 20239 20241
20239 20240 20242
20239 20242 20241
20240 20243 20242
20242 20244 20241
20245 20242 20243
20244 20242 20245
20246 20245 20243
20247 20245 20246
20248 20244 20245
20247 20248 20245
20247 20246 20249
20247 20250 20248
20249 20251 20247
20250 20247 20252
20247 20251 20253
20247 20253 20252
20254 20255 20256
20257 20256 20255
20258 20255 20254
20258 20257 20255
20258 20254 20259
20258 20260 20257
20261 20258 20259
20258 20261 20260
20262 20261 20259
20261 20263 20260
20262 20264 20261
20263 20261 20264
20262 20265 20264
20264 20265 20266
20263 20264 20267
20264 20266 20267
20265 20268 20266
20266 20269 20267
20270 20266 20268
20271 20269 20266
20270 20272 20266
20271 20266 20272
20273 20272 20270
20273 20271 20272
20273 20270 20274
20273 20275 20271
20274 20276 20273
20275 20273 20277
20273 20276 20278
20273 20278 20277
20279 20280 20281
20282 20281 20280
20283 20282 20280
20284 20282 20283
20284 20283 20285
20284 20285 20286
20285 20287 20286
20287 20288 20286
20287 20289 20288
20288 20289 20290
20291 20290 20289
20287 20291 20289
20287 20292 20291
20287 20285 20292
20285 20293 20292
20293 20285 20283
20293 20283 20294
20283 20280 20294
20280 20295 20294
20296 20295 20280
20296 20280 20297
20298 20296 20297
20279 20297 20280
20298 20297 20279
20298 20299 20296
20298 20279 20300
20299 20298 20301
20300 20302 20298
20298 20303 20301
20298 20302 20303
20304 20305 20306
20307 20306 20305
20308 20305 20304
20308 20307 20305
20308 20304 20309
20308 20310 20307
20311 20308 20309
20308 20311 20310
20312 20311 20309
20311 20313 20310
20312 20314 20311
20313 20311 20314
20312 20315 20314
20314 20315 20316
20313 20314 20317
20314 20316 20317
20315 20318 20316
20316 20319 20317
20320 20316 20318
20321 20319 20316
20320 20322 20316
20321 20316 20322
20323 20322 20320
20323 20321 20322
20323 20320 20324
20323 20325 20321
20324 20326 20323
20325 20323 20327
20323 20326 20328
20323 20328 20327
20329 20330 20331
20332 20331 20330
20333 20330 20329
20333 20332 20330
20333 20329 20334
20333 20335 20332
20336 20333 20334
20333 20336 20335
20337 20336 20334
20336 20338 20335
20337 20339 20336
20338 20336 20339
20337 20340 20339
20339 20340 20341
20338 20339 20342
20339 20341 20342
20340 20343 20341
20341 20344 20342
20345 20341 20343
20346 20344 20341
20345 20347 20341
20346 20341 20347
20348 20347 20345
20348 20346 20347
20348 20345 20349
20348 20350 20346
20349 20351 20348
20350 20348 20352
20348 20351 20353
20348 20353 20352
20354 20355 20356
20357 20356 20355
20358 20355 20354
20358 20357 20355
20358 20354 20359
20358 20360 20357
20361 20358 20359
20358 20361 20360
20362 20361 20359
20361 20363 20360
20362 20364 20361
20363 20361 20364
20362 20365 20364
20364 20365 20366
20363 20364 20367
20364 20366 20367
20365 20368 20366
20366 20369 20367
20370 20366 20368
20371 20369 20366
20370 20372 20366
20371 20366 20372
20373 20372 20370
20373 20371 20372
20373 20370 20374
20373 20375 20371
20374 20376 20373
20375 20373 20377
20373 20376 20378
20373 20378 20377
20379 20380 20381
20382 20381 20380
20383 20380 20379
20383 20382 20380
20383 20379 20384
20383 20385 20382
20386 20383 20384
20383 20386 20385
20387 20386 20384
20386 20388 20385
20387 20389 20386
20388 20386 20389
20387 20390 20389
20389 20390 20391
20388 20389 20392
20389 20391 20392
20390 20393 20391
20391 20394 20392
20395 20391 20393
20396 20394 20391
20395 20397 20391
20396 20391 20397
20398 20397 20395
20398 20396 20397
20398 20395 20399
20398 20400 20396
20399 20401 20398
20400 20398 20402
20398 20401 20403
20398 20403 20402
20404 20405 20406
20407 20406 20405
20408 20405 20404
20408 20407 20405
20408 20404 20409
20408 20410 20407
20411 20408 20409
20408 20411 20410
20412 20411 20409
20411 20413 20410
20412 20414 20411
20413 20411 20414
20412 20415 20414
20414 20415 20416
20413 20414 20417
20414 20416 20417
20415 20418 20416
20416 20419 20417
20420 20416 20418
20421 20419 20416
20420 20422 20416
20421 20416 20422
20423 20422 20420
20423 20421 20422
20423 20420 20424
20423 20425 20421
20424 20426 20423
20425 20423 20427
20423 20426 20428
20423 20428 20427
20429 20430 20431
20432 20431 20430
20433 20432 20430
20434 20432 20433
20434 20433 20435
20434 20435 20436
20435 20437 20436
20437 20438 20436
20437 20439 20438
20438 20439 20440
20441 20440 20439
20437 20441 20439
20437 20442 20441
20437 20435 20442
20435 20443 20442
20443 20435 20433
20443 20433 20444
20433 20430 20444
20430 20445 20444
20446 20445 20430
20446 20430 20447
20448 20446 20447
20429 20447 20430
20448 20447 20429
20448 20449 20446
20448 20429 20450
20449 20448 20451
20450 20452 20448
20448 20453 20451
20448 20452 20453
20454 20455 20456
20457 20456 20455
20458 20455 20454
20458 20457 20455
20458 20454 20459
20458 20460 20457
20461 20458 20459
20458 20461 20460
20462 20461 20459
20461 20463 20460
20462 20464 20461
20463 20461 20464
20462 20465 20464
20464 20465 20466
20463 20464 20467
20464 20466 20467
20465 20468 20466
20466 20469 20467
20470 20466 20468
20471 20469 20466
20470 20472 20466
20471 20466 20472
20473 20472 20470
20473 20471 20472
20473 20470 20474
20473 20475 20471
20474 20476 20473
20475 20473 20477
20473 20476 20478
20473 20478 20477
20479 20480 20481
20482 20479 20481
20481 20480 20483
20481 20484 20482
20481 20483 20485
20481 20486 20484
20481 20485 20487
20488 20486 20481
20481 20487 20489
20490 20488 20481
20481 20489 20491
20492 20490 20481
20481 20491 20493
20494 20492 20481
20495 20481 20493
20496 20494 20481
20481 20495 20497
20498 20496 20481
20481 20497 20499
20500 20498 20481
20481 20499 20501
20502 20500 20481
20481 20501 20503
20504 20502 20481
20481 20503 20505
20506 20504 20481
20481 20505 20507
20508 20506 20481
20481 20507 20509
20510 20508 20481
20481 20509 20511
20512 20510 20481
20481 20511 20513
20514 20512 20481
20481 20513 20515
20481 20515 20514
20516 20517 20518
20519 20518 20517
20516 20520 20517
20519 20517 20521
20522 20520 20516
20522 20523 20520
20522 20524 20523
20522 20525 20524
20525 20526 20524
20525 20527 20526
20527 20528 20526
20527 20529 20528
20529 20530 20528
20529 20531 20530
20532 20519 20521
20532 20533 20519
20534 20533 20532
20534 20532 20535
20531 20536 20530
20531 20537 20536
20538 20534 20535
20536 20537 20538
20538 20535 20539
20536 20538 20539
20540 20541 20542
20543 20541 20540
20540 20542 20544
20543 20540 20545
20546 20543 20545
20546 20547 20543
20548 20547 20546
20548 20549 20547
20542 20550 20544
20542 20551 20550
20550 20551 20552
20550 20552 20553
20549 20548 20554
20549 20554 20555
20553 20552 20556
20553 20556 20557
20556 20558 20557
20556 20559 20558
20560 20555 20554
20560 20554 20561
20559 20562 20558
20562 20560 20561
20559 20563 20562
20562 20563 20560
20564 20565 20566
20565 20567 20566
20564 20566 20568
20569 20564 20568
20569 20568 20570
20569 20570 20571
20569 20571 20572
20571 20573 20572
20571 20574 20573
20574 20575 20573
20576 20575 20574
20574 20577 20576
20574 20578 20577
20578 20579 20577
20578 20580 20579
20566 20581 20568
20581 20582 20568
20583 20579 20580
20583 20584 20579
20585 20584 20583
20585 20586 20584
20585 20587 20586
20588 20587 20585
20589 20588 20585
20590 20583 20580
20590 20585 20583
20590 20580 20591
20592 20590 20591
20593 20592 20582
20581 20593 20582
20593 20590 20592
20589 20585 20594
20585 20590 20594
20595 20589 20594
20595 20594 20596
20594 20590 20596
20597 20595 20596
20590 20598 20596
20597 20596 20599
20598 20590 20600
20600 20590 20593
20600 20593 20601
20602 20597 20599
20593 20603 20601
20602 20604 20597
20593 20581 20603
20581 20566 20603
20567 20603 20566
20567 20605 20603
20567 20606 20605
20606 20607 20605
20606 20608 20607
20608 20602 20607
20609 20604 20602
20608 20610 20602
20610 20609 20602
20611 20612 20613
20614 20611 20613
20615 20614 20613
20615 20613 20616
20617 20615 20616
20617 20616 20618
20619 20613 20612
20619 20612 20620
20621 20617 20618
20622 20619 20620
20621 20618 20623
20622 20624 20619
20622 20625 20624
20622 20626 20625
20626 20627 20625
20626 20628 20627
20628 20629 20627
20627 20629 20630
20627 20630 20631
20625 20632 20624
20627 20632 20625
20632 20633 20624
20633 20632 20634
20627 20631 20635
20632 20627 20635
20635 20631 20636
20635 20636 20637
20632 20635 20637
20636 20638 20637
20636 20639 20638
20632 20637 20640
20639 20641 20638
20639 20642 20641
20642 20643 20641
20641 20643 20644
20641 20644 20645
20641 20645 20646
20645 20647 20646
20645 20648 20647
20649 20647 20648
20632 20640 20650
20649 20648 20651
20652 20632 20650
20634 20632 20652
20634 20652 20653
20652 20650 20654
20652 20623 20653
20655 20652 20654
20655 20654 20649
20652 20655 20623
20656 20649 20651
20656 20655 20649
20655 20656 20623
20657 20656 20651
20621 20623 20656
20657 20621 20656
20658 20659 20660
20659 20661 20660
20659 20658 20662
20661 20659 20663
20659 20662 20664
20659 20664 20663
20662 20665 20664
20666 20663 20664
20665 20667 20664
20666 20664 20667
20665 20668 20667
20669 20666 20667
20668 20670 20667
20670 20669 20667
20670 20668 20671
20670 20672 20669
20670 20671 20673
20670 20673 20672
20674 20673 20671
20675 20672 20673
20674 20676 20673
20675 20673 20676
20676 20674 20677
20676 20678 20675
20676 20677 20679
20676 20679 20678
20677 20680 20679
20679 20680 20678
20681 20682 20683
20682 20684 20683
20681 20685 20682
20686 20685 20681
20682 20687 20684
20688 20684 20687
20688 20687 20689
20688 20689 20690
20689 20691 20690
20689 20692 20691
20689 20687 20692
20682 20692 20687
20682 20693 20692
20682 20694 20693
20682 20685 20694
20695 20694 20685
20686 20696 20685
20695 20685 20696
20696 20686 20697
20696 20698 20695
20696 20697 20699
20696 20699 20698
20697 20700 20699
20699 20700 20698
20701 20702 20703
20701 20704 20702
20705 20701 20703
20704 20701 20705
20704 20705 20706
20705 20703 20707
20705 20708 20706
20709 20705 20707
20705 20709 20708
20709 20707 20710
20708 20709 20711
20710 20711 20709
20708 20711 20712
20710 20713 20711
20711 20714 20712
20711 20713 20715
20711 20715 20714
20713 20716 20715
20715 20717 20714
20715 20716 20718
20715 20719 20717
20715 20718 20719
20719 20720 20717
20718 20720 20719
20721 20722 20723
20724 20721 20723
20721 20725 20722
20725 20726 20722
20725 20727 20726
20727 20728 20726
20724 20729 20721
20729 20724 20730
20721 20731 20725
20731 20727 20725
20721 20732 20731
20733 20732 20721
20733 20721 20729
20731 20734 20727
20729 20735 20733
20727 20734 20736
20727 20737 20728
20727 20736 20737
20737 20738 20728
20737 20736 20738
20729 20730 20739
20729 20739 20735
20730 20740 20739
20739 20740 20735
20741 20742 20743
20742 20744 20743
20741 20745 20742
20746 20745 20741
20742 20747 20744
20747 20748 20744
20746 20749 20745
20749 20746 20750
20747 20751 20748
20751 20752 20748
20751 20753 20752
20753 20751 20747
20753 20747 20754
20747 20755 20754
20747 20742 20755
20742 20756 20755
20742 20745 20756
20745 20757 20756
20745 20749 20757
20749 20758 20757
20749 20750 20759
20749 20759 20758
20750 20760 20759
20759 20760 20758
20761 20762 20763
20764 20762 20761
20761 20763 20765
20766 20765 20763
20764 20761 20767
20768 20764 20767
20766 20769 20765
20769 20766 20770
20769 20770 20771
20770 20772 20771
20771 20772 20773
20769 20771 20773
20769 20773 20774
20774 20765 20769
20774 20775 20765
20761 20765 20775
20761 20775 20776
20761 20776 20777
20761 20777 20767
20778 20767 20777
20768 20767 20778
20778 20777 20779
20780 20778 20779
20781 20768 20778
20780 20781 20778
20781 20782 20768
20781 20780 20783
20782 20781 20783
20784 20785 20786
20786 20785 20787
20784 20786 20788
20789 20784 20788
20786 20787 20790
20790 20787 20791
20789 20788 20792
20793 20789 20792
20790 20791 20794
20791 20795 20794
20794 20795 20796
20790 20794 20796
20790 20796 20797
20797 20786 20790
20797 20798 20786
20798 20788 20786
20798 20799 20788
20799 20792 20788
20799 20800 20792
20793 20792 20801
20800 20801 20792
20800 20802 20801
20801 20803 20793
20804 20801 20802
20801 20805 20803
20804 20805 20801
20805 20806 20803
20805 20804 20806
20807 20808 20809
20807 20810 20808
20811 20807 20809
20811 20810 20807
20811 20812 20810
20811 20809 20813
20814 20812 20811
20815 20811 20813
20814 20811 20815
20815 20813 20816
20817 20814 20815
20817 20815 20816
20817 20818 20814
20817 20816 20819
20820 20818 20817
20821 20817 20819
20820 20817 20821
20821 20819 20822
20823 20820 20821
20824 20821 20822
20823 20821 20825
20824 20825 20821
20825 20826 20823
20825 20824 20826
20827 20828 20829
20828 20830 20829
20827 20831 20828
20832 20831 20827
20828 20833 20830
20833 20834 20830
20832 20835 20831
20835 20832 20836
20835 20836 20837
20831 20835 20837
20831 20837 20838
20828 20831 20838
20828 20838 20839
20833 20828 20839
20833 20839 20840
20833 20841 20834
20841 20833 20840
20841 20840 20842
20841 20843 20834
20844 20841 20842
20841 20845 20843
20844 20845 20841
20845 20846 20843
20845 20844 20846
20847 20848 20849
20847 20849 20850
20847 20851 20848
20847 20850 20852
20847 20853 20851
20847 20852 20854
20847 20855 20853
20847 20854 20856
20847 20857 20855
20847 20856 20858
20847 20859 20857
20847 20858 20860
20847 20861 20859
20847 20860 20862
20847 20863 20861
20847 20862 20864
20847 20865 20863
20847 20864 20866
20847 20867 20865
20847 20866 20868
20847 20869 20867
20847 20868 20870
20847 20871 20869
20847 20870 20872
20847 20873 20871
20847 20872 20874
20847 20875 20873
20847 20874 20876
20847 20877 20875
20847 20876 20878
20847 20879 20877
20847 20878 20880
20847 20881 20879
20847 20880 20882
20847 20883 20881
20847 20882 20883
20884 20885 20886
20884 20886 20887
20884 20888 20885
20884 20887 20889
20884 20890 20888
20884 20889 20891
20884 20892 20890
20884 20891 20893
20884 20894 20892
20884 20893 20895
20884 20896 20894
20884 20895 20897
20884 20898 20896
20884 20897 20899
20884 20900 20898
20884 20899 20901
20884 20902 20900
20884 20901 20903
20884 20904 20902
20884 20903 20905
20884 20906 20904
20884 20905 20907
20884 20908 20906
20884 20907 20909
20884 20910 20908
20884 20909 20911
20884 20912 20910
20884 20911 20913
20884 20914 20912
20884 20913 20915
20884 20916 20914
20884 20915 20917
20884 20918 20916
20884 20917 20919
20884 20920 20918
20884 20919 20920
20921 20922 20923
20921 20923 20924
20921 20925 20922
20921 20924 20926
20921 20927 20925
20921 20926 20928
20921 20929 20927
20921 20928 20930
20921 20931 20929
20921 20930 20932
20921 20933 20931
20921 20932 20934
20921 20935 20933
20921 20934 20936
20921 20937 20935
20921 20936 20938
20921 20939 20937
20921 20938 20940
20921 20941 20939
20921 20940 20942
20921 20943 20941
20921 20942 20944
20921 20945 20943
20921 20944 20946
20921 20947 20945
20921 20946 20948
20921 20949 20947
20921 20948 20950
20921 20951 20949
20921 20950 20952
20921 20953 20951
20921 20952 20954
20921 20955 20953
20921 20954 20956
20921 20957 20955
20921 20956 20957
20958 20959 20960
20961 20958 20960
20960 20959 20962
20963 20961 20960
20960 20962 20964
20965 20963 20960
20964 20966 20960
20967 20965 20960
20966 20968 20960
20969 20967 20960
20960 20968 20970
20971 20969 20960
20960 20970 20972
20973 20971 20960
20960 20972 20974
20975 20973 20960
20960 20974 20976
20977 20975 20960
20960 20976 20978
20979 20977 20960
20960 20978 20980
20981 20979 20960
20982 20960 20980
20983 20981 20960
20960 20982 20984
20985 20983 20960
20960 20984 20986
20960 20987 20985
20960 20986 20988
20960 20989 20987
20960 20988 20990
20960 20991 20989
20960 20990 20992
20960 20993 20991
20960 20992 20994
20960 20994 20993
20995 20996 20997
20995 20998 20996
20999 20995 20997
20995 21000 20998
20995 20999 21001
21002 21000 20995
20995 21001 21003
21004 21002 20995
20995 21003 21005
21006 21004 20995
21005 21007 20995
21007 21006 20995
21008 21009 21010
21008 21011 21009
21012 21008 21010
21008 21013 21011
21008 21012 21014
21015 21013 21008
21008 21014 21016
21017 21015 21008
21008 21016 21018
21019 21017 21008
21018 21020 21008
21020 21019 21008
21021 21022 21023
21021 21024 21022
21025 21021 21023
21021 21026 21024
21021 21025 21027
21028 21026 21021
21021 21027 21029
21030 21028 21021
21021 21029 21031
21032 21030 21021
21031 21033 21021
21033 21032 21021
21034 21035 21036
21034 21037 21035
21038 21034 21036
21034 21039 21037
21034 21038 21040
21041 21039 21034
21034 21040 21042
21043 21041 21034
21034 21042 21044
21045 21043 21034
21044 21046 21034
21046 21045 21034
21047 21048 21049
21047 21050 21048
21051 21047 21049
21047 21052 21050
21047 21051 21053
21054 21052 21047
21047 21053 21055
21056 21054 21047
21047 21055 21057
21058 21056 21047
21057 21059 21047
21059 21058 21047
21060 21061 21062
21060 21063 21061
21064 21060 21062
21060 21065 21063
21060 21064 21066
21067 21065 21060
21060 21066 21068
21069 21067 21060
21060 21068 21070
21071 21069 21060
21070 21072 21060
21072 21071 21060
21073 21074 21075
21076 21073 21075
21075 21074 21077
21075 21078 21076
21075 21077 21079
21075 21080 21078
21081 21075 21079
21075 21082 21080
21083 21075 21081
21082 21075 21084
21075 21083 21085
21084 21075 21085
21086 21087 21088
21086 21088 21089
21090 21087 21086
21091 21086 21089
21092 21090 21086
21093 21086 21091
21086 21094 21092
21086 21093 21095
21086 21096 21094
21097 21086 21095
21086 21098 21096
21098 21086 21097
21099 21100 21101
21102 21099 21101
21101 21100 21103
21101 21104 21102
21101 21103 21105
21101 21106 21104
21107 21101 21105
21101 21108 21106
21109 21101 21107
21108 21101 21110
21101 21109 21111
21110 21101 21111
21112 21113 21114
21115 21112 21114
21114 21113 21116
21114 21117 21115
21114 21116 21118
21114 21119 21117
21120 21114 21118
21114 21121 21119
21122 21114 21120
21121 21114 21123
21114 21122 21124
21123 21114 21124
21125 21126 21127
21128 21125 21127
21127 21126 21129
21127 21130 21128
21127 21129 21131
21127 21132 21130
21133 21127 21131
21127 21134 21132
21135 21127 21133
21134 21127 21136
21127 21135 21137
21136 21127 21137
21138 21139 21140
21138 21140 21141
21142 21139 21138
21143 21138 21141
21144 21142 21138
21145 21138 21143
21138 21146 21144
21138 21145 21147
21138 21148 21146
21149 21138 21147
21138 21150 21148
21150 21138 21149
21151 21152 21153
21153 21154 21151
21152 21155 21153
21153 21156 21154
21153 21155 21157
21153 21158 21156
21153 21157 21159
21158 21153 21160
21161 21153 21159
21160 21153 21162
21163 21153 21161
21153 21163 21162
21164 21165 21166
21164 21166 21167
21168 21165 21164
21169 21164 21167
21170 21168 21164
21171 21164 21169
21164 21172 21170
21164 21171 21173
21164 21174 21172
21175 21164 21173
21164 21176 21174
21176 21164 21175
21177 21178 21179
21177 21179 21180
21181 21178 21177
21182 21177 21180
21183 21181 21177
21184 21177 21182
21177 21185 21183
21177 21184 21186
21177 21187 21185
21188 21177 21186
21177 21189 21187
21189 21177 21188
21190 21191 21192
21190 21192 21193
21194 21191 21190
21195 21190 21193
21196 21194 21190
21197 21190 21195
21190 21198 21196
21190 21197 21199
21190 21200 21198
21201 21190 21199
21190 21202 21200
21202 21190 21201
21203 21204 21205
21203 21206 21204
21203 21205 21207
21208 21206 21203
21209 21203 21207
21210 21208 21203
21203 21209 21211
21212 21210 21203
21203 21211 21213
21214 21212 21203
21203 21213 21215
21215 21214 21203
21216 21217 21218
21216 21219 21217
21216 21218 21220
21221 21219 21216
21222 21216 21220
21223 21221 21216
21216 21222 21224
21225 21223 21216
21216 21224 21226
21227 21225 21216
21216 21226 21228
21228 21227 21216
21229 21230 21231
21229 21232 21230
21229 21231 21233
21234 21232 21229
21235 21229 21233
21236 21234 21229
21229 21235 21237
21238 21236 21229
21229 21237 21239
21240 21238 21229
21229 21239 21241
21241 21240 21229
21242 21243 21244
21242 21245 21243
21242 21244 21246
21247 21245 21242
21248 21242 21246
21249 21247 21242
21242 21248 21250
21251 21249 21242
21242 21250 21252
21253 21251 21242
21242 21252 21254
21254 21253 21242
21255 21256 21257
21258 21255 21257
21255 21259 21256
21258 21260 21255
21260 21258 21261
21260 21261 21262
21262 21261 21263
21262 21263 21264
21265 21256 21259
21265 21259 21266
21267 21265 21266
21267 21268 21265
21269 21268 21267
21269 21270 21268
21264 21263 21271
21264 21271 21272
21273 21270 21269
21273 21274 21270
21271 21275 21272
21271 21276 21275
21277 21274 21273
21275 21276 21277
21277 21273 21278
21275 21277 21278
21279 21280 21281
21279 21281 21282
21283 21280 21279
21282 21281 21284
21283 21285 21280
21282 21284 21286
21287 21285 21283
21286 21284 21288
21287 21289 21285
21286 21288 21290
21291 21289 21287
21290 21288 21292
21291 21293 21289
21290 21292 21294
21295 21293 21291
21294 21292 21296
21295 21297 21293
21294 21296 21298
21299 21297 21295
21298 21296 21300
21299 21301 21297
21298 21300 21302
21303 21301 21299
21302 21300 21304
21303 21305 21301
21302 21304 21306
21307 21305 21303
21306 21304 21308
21307 21309 21305
21306 21308 21310
21311 21309 21307
21310 21308 21312
21311 21313 21309
21310 21312 21314
21315 21313 21311
21314 21312 21316
21315 21317 21313
21314 21316 21318
21319 21317 21315
21318 21316 21320
21319 21321 21317
21318 21320 21322
21323 21321 21319
21322 21320 21324
21323 21325 21321
21322 21324 21326
21327 21325 21323
21326 21324 21328
21327 21329 21325
21326 21328 21330
21331 21329 21327
21330 21328 21332
21331 21333 21329
21330 21332 21334
21335 21333 21331
21334 21332 21336
21335 21337 21333
21334 21336 21338
21339 21337 21335
21338 21336 21340
21339 21341 21337
21338 21340 21342
21343 21341 21339
21342 21340 21344
21343 21345 21341
21342 21344 21346
21347 21345 21343
21346 21344 21348
21347 21349 21345
21346 21348 21350
21350 21349 21347
21350 21348 21349
21351 21352 21353
21351 21353 21354
21355 21352 21351
21354 21353 21356
21355 21357 21352
21354 21356 21358
21359 21357 21355
21358 21356 21360
21359 21361 21357
21358 21360 21362
21363 21361 21359
21362 21360 21364
21363 21365 21361
21362 21364 21366
21367 21365 21363
21366 21364 21368
21367 21369 21365
21366 21368 21370
21371 21369 21367
21370 21368 21372
21371 21373 21369
21370 21372 21374
21375 21373 21371
21374 21372 21376
21375 21377 21373
21374 21376 21378
21379 21377 21375
21378 21376 21380
21379 21381 21377
21378 21380 21382
21383 21381 21379
21382 21380 21384
21383 21385 21381
21382 21384 21386
21387 21385 21383
21386 21384 21388
21387 21389 21385
21386 21388 21390
21391 21389 21387
21390 21388 21392
21391 21393 21389
21390 21392 21394
21395 21393 21391
21394 21392 21396
21395 21397 21393
21394 21396 21398
21399 21397 21395
21398 21396 21400
21399 21401 21397
21398 21400 21402
21403 21401 21399
21402 21400 21404
21403 21405 21401
21402 21404 21406
21407 21405 21403
21406 21404 21408
21407 21409 21405
21406 21408 21410
21411 21409 21407
21410 21408 21412
21411 21413 21409
21410 21412 21414
21415 21413 21411
21414 21412 21416
21415 21417 21413
21414 21416 21418
21419 21417 21415
21418 21416 21420
21419 21421 21417
21418 21420 21422
21422 21421 21419
21422 21420 21421
21423 21424 21425
21423 21425 21426
21426 21425 21427
21428 21424 21423
21428 21429 21424
21430 21427 21429
21426 21427 21430
21430 21429 21428
21431 21423 21426
21432 21426 21430
21431 21426 21432
21433 21430 21428
21432 21430 21433
21434 21428 21423
21434 21423 21431
21433 21428 21434
21435 21431 21432
21436 21432 21433
21435 21432 21436
21437 21433 21434
21436 21433 21437
21438 21434 21431
21438 21431 21435
21437 21434 21438
21439 21435 21436
21440 21436 21437
21439 21436 21440
21441 21437 21438
21440 21437 21441
21442 21438 21435
21442 21435 21439
21441 21438 21442
21443 21439 21440
21444 21440 21441
21443 21440 21444
21445 21441 21442
21444 21441 21445
21446 21442 21439
21446 21439 21443
21445 21442 21446
21447 21443 21444
21447 21444 21448
21448 21444 21445
21449 21443 21447
21449 21446 21443
21448 21445 21450
21450 21446 21449
21450 21445 21446
21451 21452 21453
21451 21453 21454
21452 21455 21453
21456 21451 21454
21456 21454 21457
21458 21457 21455
21452 21458 21455
21458 21456 21457
21459 21452 21451
21460 21458 21452
21459 21460 21452
21461 21456 21458
21460 21461 21458
21462 21451 21456
21462 21459 21451
21461 21462 21456
21463 21460 21459
21464 21461 21460
21463 21464 21460
21465 21462 21461
21464 21465 21461
21466 21459 21462
21466 21463 21459
21465 21466 21462
21467 21464 21463
21468 21465 21464
21467 21468 21464
21469 21466 21465
21468 21469 21465
21470 21463 21466
21470 21467 21463
21469 21470 21466
21471 21468 21467
21472 21469 21468
21471 21472 21468
21473 21470 21469
21472 21473 21469
21474 21467 21470
21474 21471 21467
21473 21474 21470
21475 21472 21471
21475 21476 21472
21476 21473 21472
21477 21475 21471
21477 21471 21474
21476 21478 21473
21478 21477 21474
21478 21474 21473
