byte offset: 0
first index: 0
index count: 35112
topology: trianglelist
format: DXGI_FORMAT_R16_UINT

0 1 2
3 0 4
3 4 5
5 6 3
5 7 6
5 4 8
9 7 5
5 8 10
9 5 10
8 11 10
11 9 10
8 12 11
11 13 9
14 11 12
15 13 11
14 15 11
15 16 13
17 16 15
17 18 16
19 15 14
19 17 15
17 19 20
18 17 21
17 20 21
18 21 22
21 23 22
21 24 23
23 24 25
23 25 26
27 26 25
27 25 28
29 27 28
29 28 30
29 30 31
29 31 32
32 31 33
32 33 34
20 35 21
34 33 36
20 37 35
35 37 38
35 38 39
39 38 40
39 40 41
40 42 41
43 38 37
40 38 43
43 37 44
44 37 20
44 20 45
40 43 46
20 47 45
20 19 47
47 19 14
47 14 48
48 14 49
48 49 50
50 49 51
50 51 52
51 53 52
51 54 53
53 54 55
53 55 56
57 56 55
57 55 58
58 59 57
60 61 62
63 64 65
66 67 68
69 70 71
72 73 74
75 76 77
78 79 80
81 82 83
84 85 86
87 88 86
87 89 88
86 88 90
86 90 91
90 92 91
90 93 92
92 93 94
88 95 96
88 96 97
98 88 97
98 97 99
100 98 99
100 101 98
102 101 100
103 100 99
97 103 99
97 104 103
105 104 97
106 107 97
108 106 109
108 109 110
111 108 110
111 110 112
113 114 115
116 117 113
116 113 118
118 113 119
120 118 119
120 121 118
118 121 122
118 122 123
113 124 125
126 124 113
126 127 124
128 129 121
128 121 130
130 121 131
130 131 132
131 133 134
131 134 135
136 137 130
136 130 138
138 130 139
138 139 140
138 141 142
138 143 141
144 143 138
144 138 145
146 147 148
149 150 151
152 153 154
155 153 156
155 156 157
156 158 159
156 159 160
160 159 161
160 162 156
163 156 162
163 162 164
160 161 165
165 161 166
167 160 165
167 162 160
166 161 168
168 161 169
170 162 167
171 162 170
171 170 172
170 167 173
168 169 174
174 169 175
176 170 173
176 173 177
168 174 178
168 178 179
178 174 180
178 180 181
179 178 182
182 178 181
179 182 183
182 181 184
183 182 185
185 182 184
183 185 186
185 184 187
186 185 188
188 185 187
186 188 189
188 187 190
189 188 191
191 188 190
189 191 192
191 190 193
192 191 194
194 191 193
192 194 195
194 196 195
194 193 197
197 198 194
194 198 196
197 199 198
198 199 200
196 198 201
198 200 201
196 201 202
201 200 203
202 201 204
201 203 204
202 204 205
204 203 206
205 204 207
204 206 207
208 202 205
209 202 208
209 210 202
209 211 210
212 209 208
212 208 213
208 205 213
212 213 214
214 213 215
214 215 216
216 215 217
216 217 218
218 217 219
218 219 220
220 219 221
220 221 222
222 221 223
222 223 224
224 223 225
224 225 226
226 225 227
226 227 228
228 227 229
228 229 230
230 229 231
230 231 232
232 231 233
232 233 234
234 233 235
234 235 236
236 235 237
236 237 238
238 237 239
238 239 240
240 239 241
240 241 242
242 241 243
242 243 244
244 243 245
244 245 246
246 245 247
246 247 248
248 247 249
248 249 250
250 249 251
250 251 252
252 251 253
252 253 254
254 253 255
254 255 256
256 255 257
256 257 258
258 257 259
258 259 260
260 259 261
260 261 262
262 261 263
262 263 264
264 263 265
264 265 266
266 265 267
266 267 268
268 267 269
268 269 270
270 269 271
269 272 271
269 273 272
271 272 274
275 273 269
271 274 276
275 277 273
276 274 278
279 277 275
276 278 280
280 278 281
280 281 282
279 283 277
282 281 284
285 283 279
282 284 286
285 287 283
288 287 285
286 284 289
286 289 290
290 289 291
290 291 292
289 284 293
291 289 293
293 284 294
294 284 295
294 295 296
296 295 297
296 297 298
298 297 299
298 299 300
300 299 301
300 301 302
302 301 303
302 303 304
304 303 305
304 305 306
306 305 283
306 283 307
307 283 287
307 287 308
308 287 309
288 309 287
308 309 310
311 309 288
310 309 312
311 312 309
310 312 313
314 312 311
313 312 315
314 315 312
313 315 316
317 315 314
316 315 318
317 318 315
316 318 319
320 318 317
319 318 321
320 322 318
321 318 322
323 322 320
324 321 322
325 321 324
325 324 326
323 327 322
324 322 327
328 327 323
326 324 329
329 324 327
326 329 330
328 331 327
329 327 331
332 331 328
330 329 333
333 329 331
330 333 334
332 335 331
333 331 335
336 335 332
334 333 337
337 333 335
334 337 338
336 339 335
337 335 339
340 339 336
338 337 341
341 337 339
338 341 342
340 343 339
341 339 343
344 343 340
344 345 343
345 341 343
346 345 344
342 341 347
345 347 341
342 347 348
346 349 345
349 347 345
350 349 346
348 347 351
349 351 347
348 351 352
350 353 349
353 351 349
354 353 350
354 355 353
356 355 354
352 351 357
353 357 351
355 357 353
352 357 358
358 357 359
355 359 357
358 359 360
360 359 361
355 361 359
360 361 362
356 363 355
364 363 356
362 361 365
362 365 366
355 367 361
363 367 355
367 365 361
364 368 363
369 368 364
370 367 363
367 370 365
370 363 368
366 365 371
370 371 365
366 371 372
369 373 368
373 370 368
374 373 369
372 371 375
372 375 376
370 377 371
373 377 370
377 375 371
374 378 373
378 377 373
379 378 374
376 375 380
376 380 381
377 382 375
378 382 377
382 380 375
379 383 378
383 382 378
384 383 379
381 380 385
381 385 386
382 387 380
383 387 382
387 385 380
384 388 383
388 387 383
389 388 384
386 385 390
386 390 391
387 392 385
388 392 387
392 390 385
389 393 388
394 393 389
391 390 395
391 395 396
392 397 390
397 395 390
388 398 392
393 398 388
392 398 397
394 399 393
399 398 393
400 399 394
396 395 401
396 401 402
397 403 395
398 403 397
403 401 395
400 404 399
405 404 400
399 406 398
398 406 403
404 406 399
406 407 403
403 407 401
402 401 408
402 408 409
405 410 404
213 410 405
213 205 410
205 207 410
404 410 207
404 411 406
404 207 411
406 411 407
207 407 411
207 206 407
401 407 206
401 206 408
203 408 206
409 408 412
203 412 408
409 412 413
414 412 203
413 412 415
414 415 412
413 415 416
417 415 414
416 415 418
417 418 415
416 418 419
420 418 417
419 418 420
420 417 421
419 420 422
421 423 420
422 420 423
421 193 423
422 423 424
174 425 426
427 428 429
430 431 429
430 432 431
431 433 434
431 435 433
435 436 433
435 431 437
438 437 431
438 439 437
435 440 436
440 441 436
442 440 435
442 435 437
441 443 436
443 444 436
445 442 437
446 445 437
446 447 445
445 448 442
443 449 444
449 450 444
451 448 445
451 452 448
443 453 449
443 454 453
453 455 449
453 456 455
454 457 453
457 456 453
454 458 457
457 459 456
458 460 457
460 459 457
458 461 460
460 462 459
461 463 460
463 462 460
461 464 463
463 465 462
464 466 463
466 465 463
464 467 466
466 468 465
467 469 466
469 468 466
467 470 469
469 470 471
469 472 468
472 469 473
469 471 473
472 473 474
473 475 474
471 476 473
473 476 475
471 477 476
476 478 475
477 479 476
476 479 478
477 480 479
479 481 478
480 482 479
479 482 481
483 480 477
484 483 477
484 477 485
484 485 486
487 483 484
487 488 483
483 488 480
487 489 488
489 490 488
489 491 490
491 492 490
491 493 492
493 494 492
493 495 494
495 496 494
495 497 496
497 498 496
497 499 498
499 500 498
499 501 500
501 502 500
501 503 502
503 504 502
503 505 504
505 506 504
505 507 506
507 508 506
507 509 508
509 510 508
509 511 510
511 512 510
511 513 512
513 514 512
513 515 514
515 516 514
515 517 516
517 518 516
517 519 518
519 520 518
519 521 520
521 522 520
521 523 522
523 524 522
523 525 524
525 526 524
525 527 526
527 528 526
527 529 528
529 530 528
529 531 530
531 532 530
531 533 532
533 534 532
533 535 534
535 536 534
535 537 536
537 538 536
537 539 538
539 540 538
539 541 540
541 542 540
541 543 542
543 544 542
543 545 544
545 546 544
546 547 544
548 544 547
546 549 547
548 547 550
546 551 549
552 548 550
546 553 551
553 554 551
553 555 554
555 556 554
555 557 556
552 550 558
557 559 556
560 552 558
557 561 559
560 558 562
563 560 562
561 564 559
561 565 564
565 566 564
565 567 566
564 568 559
566 568 564
568 569 559
569 570 559
569 571 570
571 572 570
571 573 572
573 574 572
573 575 574
575 576 574
575 577 576
577 578 576
577 579 578
579 580 578
579 581 580
581 558 580
581 582 558
582 562 558
582 583 562
583 584 562
563 562 584
583 585 584
586 563 584
585 587 584
586 584 587
585 588 587
589 586 587
588 590 587
589 587 590
588 591 590
592 589 590
591 593 590
592 590 593
591 594 593
595 592 593
594 596 593
595 593 597
596 597 593
598 595 597
599 597 596
600 599 596
600 601 599
598 597 602
599 602 597
603 598 602
601 604 599
604 602 599
601 605 604
603 602 606
604 606 602
607 603 606
605 608 604
608 606 604
605 609 608
607 606 610
608 610 606
611 607 610
609 612 608
612 610 608
609 613 612
611 610 614
612 614 610
615 611 614
613 616 612
616 614 612
613 617 616
615 614 618
616 618 614
619 615 618
619 618 620
620 618 616
621 619 620
617 622 616
620 616 622
617 623 622
621 620 624
624 620 622
625 621 624
623 626 622
624 622 626
623 627 626
625 624 628
628 624 626
629 625 628
629 628 630
631 629 630
627 632 626
628 626 632
630 628 632
627 633 632
633 634 632
630 632 634
633 635 634
635 636 634
630 634 636
635 637 636
631 630 638
639 631 638
637 640 636
637 641 640
630 636 642
638 630 642
642 636 640
639 638 643
644 639 643
645 638 642
642 640 645
645 643 638
641 646 640
645 640 646
641 647 646
644 643 648
648 643 645
649 644 648
647 650 646
647 651 650
645 646 652
648 645 652
652 646 650
649 648 653
653 648 652
654 649 653
651 655 650
651 656 655
652 650 657
653 652 657
657 650 655
654 653 658
658 653 657
659 654 658
656 660 655
656 661 660
657 655 662
658 657 662
662 655 660
659 658 663
663 658 662
664 659 663
661 665 660
661 666 665
662 660 667
663 662 667
667 660 665
664 663 668
669 664 668
666 670 665
666 671 670
667 665 672
672 665 670
663 667 673
668 663 673
667 672 673
669 668 674
674 668 673
675 669 674
671 676 670
671 677 676
672 670 678
673 672 678
678 670 676
675 674 679
680 675 679
674 673 681
673 678 681
679 674 681
681 678 682
678 676 682
677 683 676
677 684 683
680 679 685
488 680 685
488 685 480
480 685 482
679 482 685
679 681 686
679 686 482
681 682 686
482 686 682
482 682 481
676 481 682
676 683 481
478 481 683
684 687 683
478 683 687
684 688 687
689 478 687
688 690 687
689 687 690
688 691 690
692 689 690
691 693 690
692 690 693
691 694 693
695 692 693
694 695 693
695 696 692
694 697 695
696 695 698
697 698 695
696 698 468
697 699 698
449 700 701
702 703 704
705 706 707
705 708 706
705 709 708
706 708 710
711 708 709
712 711 709
713 710 708
711 713 708
714 711 712
714 712 715
716 714 715
717 711 714
717 713 711
716 718 714
718 717 714
719 718 716
713 720 710
720 721 710
722 720 713
722 721 720
722 713 717
722 723 721
719 724 718
725 724 719
718 726 717
726 722 717
724 726 718
723 722 727
726 727 722
723 727 728
725 729 724
729 725 730
724 731 726
731 727 726
731 724 729
728 727 732
731 732 727
728 732 733
729 730 734
734 730 735
731 729 736
736 732 731
736 729 734
733 732 737
736 737 732
733 737 738
736 734 739
739 737 736
738 737 740
739 740 737
738 740 741
734 735 742
739 734 742
741 740 743
741 743 744
745 740 739
739 742 745
745 743 740
742 735 746
746 735 747
744 743 748
744 748 749
750 745 742
742 746 750
743 745 751
743 751 748
750 751 745
746 747 752
746 752 753
752 747 754
752 754 755
753 752 755
753 755 756
757 753 756
750 746 758
746 753 758
759 751 750
750 758 759
748 751 760
759 760 751
757 761 753
762 761 757
753 763 758
763 759 758
753 761 763
762 764 761
763 761 764
763 765 759
760 759 765
763 764 766
765 763 767
768 764 762
766 764 768
766 768 769
768 762 770
768 771 769
770 772 768
768 772 771
770 773 772
772 774 771
773 775 772
772 775 774
773 776 775
774 775 777
775 776 777
765 767 778
778 767 779
780 765 778
760 765 780
780 781 760
748 760 781
749 748 781
749 781 782
782 783 749
782 784 783
780 785 781
782 781 785
786 784 782
782 785 786
786 787 784
780 778 788
785 780 788
778 779 789
788 778 789
786 785 790
785 788 790
791 787 786
786 790 791
791 792 787
779 793 789
779 794 793
793 794 795
788 789 796
790 788 796
793 796 789
797 792 791
797 798 792
797 799 798
791 790 800
790 796 800
791 800 797
793 795 801
801 795 802
793 803 796
800 796 803
801 803 793
804 797 800
800 803 804
801 805 803
802 805 801
804 803 805
797 806 799
804 806 797
804 805 807
807 805 802
807 806 804
799 806 808
807 808 806
802 808 807
799 808 809
809 808 802
810 811 812
811 813 812
811 814 813
813 814 815
813 815 816
815 817 816
817 815 818
819 817 818
818 820 819
814 821 815
815 821 818
814 822 821
822 814 823
822 823 824
823 825 824
824 825 826
826 827 824
828 820 818
828 829 820
829 830 820
829 831 830
829 832 831
821 833 818
833 828 818
834 832 829
834 835 832
827 836 824
827 837 836
827 838 837
824 836 839
824 839 822
838 840 837
838 841 840
842 836 837
842 839 836
843 840 841
843 841 844
845 837 840
845 842 837
844 846 843
844 847 846
848 840 843
848 845 840
847 849 846
847 850 849
843 846 851
843 851 848
850 852 849
850 853 852
852 853 854
846 849 855
846 855 851
849 852 856
849 856 855
852 854 857
856 852 857
855 856 858
858 856 857
851 855 859
855 858 859
848 851 860
851 859 860
861 857 854
861 854 862
863 861 862
863 864 861
864 857 861
864 865 857
858 857 865
866 858 865
859 858 866
859 866 867
860 859 867
860 867 868
848 860 869
869 860 868
869 845 848
869 868 870
869 871 845
870 871 869
871 842 845
870 872 871
871 873 842
872 873 871
872 874 873
874 872 875
874 839 842
874 875 876
874 877 839
876 877 874
822 839 877
876 878 877
822 877 879
879 877 878
821 822 879
879 878 880
880 821 879
880 878 881
880 833 821
880 881 882
882 833 880
882 881 883
882 828 833
882 883 884
884 883 885
886 884 885
882 887 828
884 887 882
829 828 887
884 888 887
829 887 888
886 888 884
829 888 834
834 888 886
834 886 889
889 890 834
889 891 890
834 890 835
890 891 892
890 893 835
893 894 835
890 892 895
890 895 893
895 892 896
895 897 893
895 896 898
895 898 897
898 896 899
897 898 900
898 899 900
897 900 901
900 899 902
901 900 903
900 902 903
901 903 904
903 902 905
904 903 905
906 907 908
906 909 907
910 907 909
910 909 911
912 910 911
912 911 913
914 912 913
914 913 915
916 914 915
916 915 917
918 916 917
918 917 919
920 918 919
920 919 921
922 920 921
922 921 923
922 923 924
922 924 925
924 926 925
924 927 926
926 927 928
926 928 929
929 928 930
929 930 931
931 930 932
931 932 933
933 932 934
933 934 935
935 934 936
935 936 937
938 937 936
938 936 939
938 939 940
941 942 943
941 943 944
941 944 945
941 945 946
944 947 945
948 944 943
944 948 947
948 943 949
948 950 947
951 948 949
948 951 950
951 949 952
951 953 950
954 951 952
951 955 953
954 955 951
956 953 955
957 955 954
956 955 958
957 958 955
956 958 959
959 958 957
956 959 960
959 957 961
962 959 961
959 963 960
962 964 959
959 965 963
966 963 965
966 967 963
968 964 962
968 969 964
967 966 970
967 970 971
972 969 968
972 968 973
974 972 973
974 975 972
976 975 974
976 977 975
978 977 976
978 979 977
980 979 978
980 981 979
982 981 980
982 983 981
984 983 982
984 985 983
986 985 984
986 987 985
988 987 986
988 989 990
991 990 989
991 992 990
992 991 993
992 993 994
994 993 995
994 995 996
997 996 995
997 998 996
998 997 999
998 999 1000
1001 1000 999
1001 1002 1000
970 1002 1001
970 1001 971
1003 1004 1005
1003 1005 1006
1006 1007 1003
1006 1005 1008
1006 1009 1007
1006 1008 1010
1010 1009 1006
1007 1009 1011
1007 1011 1012
1013 1010 1008
1013 1008 1014
1013 1014 1015
1010 1016 1009
1011 1009 1016
1013 1016 1010
1013 1015 1017
1017 1015 1018
1017 1018 1019
1013 1020 1016
1017 1020 1013
1019 1021 1017
1017 1021 1020
1019 1022 1021
1020 1023 1016
1011 1016 1023
1011 1024 1012
1012 1024 1025
1026 1021 1022
1026 1022 1027
1028 1026 1027
1028 1027 1029
1030 1028 1029
1021 1031 1020
1021 1026 1031
1020 1031 1023
1028 1031 1026
1011 1032 1024
1032 1011 1023
1033 1023 1031
1028 1033 1031
1032 1023 1034
1033 1034 1023
1034 1035 1032
1035 1024 1032
1036 1034 1033
1034 1036 1035
1028 1037 1033
1036 1033 1037
1030 1038 1028
1028 1038 1037
1039 1038 1030
1039 1030 1040
1041 1039 1040
1038 1042 1037
1038 1039 1042
1037 1043 1036
1037 1042 1043
1036 1044 1035
1036 1043 1044
1035 1045 1024
1046 1035 1044
1046 1045 1035
1043 1047 1044
1047 1046 1044
1042 1048 1043
1043 1048 1047
1039 1049 1042
1042 1049 1048
1041 1050 1039
1039 1050 1049
1024 1045 1051
1024 1051 1025
1052 1025 1051
1045 1053 1051
1052 1051 1053
1045 1046 1053
1052 1053 1054
1053 1055 1054
1046 1055 1053
1055 1056 1054
1055 1057 1056
1057 1058 1056
1058 1059 1056
1060 1059 1058
1060 1061 1059
1061 1060 1062
1061 1062 1063
1064 1063 1062
1046 1065 1055
1047 1065 1046
1065 1066 1055
1067 1065 1047
1048 1067 1047
1065 1068 1066
1067 1068 1065
1068 1069 1066
1048 1070 1067
1070 1048 1049
1071 1068 1067
1070 1071 1067
1068 1072 1069
1071 1072 1068
1072 1073 1069
1070 1049 1074
1050 1074 1049
1070 1075 1071
1074 1075 1070
1076 1072 1071
1075 1076 1071
1072 1077 1073
1076 1077 1072
1077 1078 1073
1077 1079 1078
1079 1080 1078
1081 1077 1076
1081 1079 1077
1075 1082 1076
1081 1076 1082
1050 1083 1074
1083 1050 1041
1083 1041 1084
1074 1085 1075
1085 1082 1075
1086 1083 1084
1086 1084 1087
1088 1086 1087
1083 1089 1074
1089 1085 1074
1086 1089 1083
1085 1090 1082
1089 1090 1085
1088 1091 1086
1092 1091 1088
1086 1093 1089
1089 1093 1090
1086 1091 1093
1090 1094 1082
1081 1082 1094
1095 1090 1093
1090 1095 1094
1096 1093 1091
1095 1093 1096
1092 1097 1091
1096 1091 1097
1098 1097 1092
1098 1092 1099
1098 1100 1097
1100 1096 1097
1100 1101 1096
1095 1096 1101
1095 1101 1102
1102 1094 1095
1102 1103 1094
1081 1094 1104
1103 1104 1094
1081 1104 1105
1079 1081 1105
1106 1104 1103
1105 1104 1106
1079 1105 1107
1079 1107 1080
1107 1105 1108
1105 1106 1108
1108 1106 1109
1110 1106 1103
1109 1106 1110
1110 1103 1111
1080 1107 1112
1107 1108 1112
1080 1112 1113
1112 1114 1113
1111 1115 1110
1111 1116 1115
1110 1115 1117
1112 1108 1118
1108 1109 1118
1112 1119 1114
1112 1118 1119
1119 1120 1114
1110 1117 1121
1109 1110 1121
1117 1122 1121
1122 1109 1121
1117 1123 1122
1122 1123 1124
1118 1125 1119
1119 1125 1120
1109 1126 1118
1118 1126 1125
1122 1127 1109
1109 1127 1126
1122 1124 1128
1127 1122 1128
1129 1120 1125
1129 1130 1120
1129 1131 1130
1126 1127 1132
1127 1128 1132
1125 1126 1133
1126 1132 1133
1125 1133 1129
1124 1134 1128
1124 1135 1134
1134 1135 1136
1128 1137 1132
1133 1132 1137
1128 1134 1137
1134 1136 1138
1137 1134 1138
1138 1136 1139
1129 1133 1140
1133 1137 1141
1129 1140 1142
1129 1142 1131
1142 1140 1143
1141 1137 1144
1137 1138 1144
1141 1144 1145
1138 1139 1146
1144 1138 1146
1146 1139 1147
1131 1142 1148
1142 1143 1148
1131 1148 1149
1148 1143 1150
1145 1144 1151
1144 1146 1151
1145 1151 1152
1149 1148 1153
1148 1150 1153
1149 1153 1154
1153 1150 1155
1154 1153 1156
1153 1155 1156
1154 1156 1157
1156 1155 1158
1156 1158 1159
1158 1160 1159
1158 1161 1160
1157 1156 1162
1157 1162 1163
1162 1164 1163
1162 1165 1164
1161 1166 1160
1161 1167 1166
1165 1168 1164
1165 1169 1168
1166 1167 1170
1166 1170 1171
1170 1172 1171
1170 1173 1172
1173 1174 1172
1173 1175 1174
1175 1176 1174
1168 1169 1177
1168 1177 1178
1179 1178 1177
1179 1177 1180
1181 1179 1180
1176 1181 1182
1181 1180 1182
1183 1184 1185
1184 1186 1185
1184 1187 1186
1187 1188 1186
1189 1186 1188
1189 1190 1186
1187 1191 1188
1192 1190 1189
1191 1193 1188
1193 1189 1188
1191 1194 1193
1194 1195 1193
1194 1196 1195
1196 1197 1195
1196 1198 1197
1198 1199 1197
1198 1200 1199
1200 1201 1199
1200 1202 1201
1202 1203 1201
1202 1204 1203
1204 1205 1203
1204 1206 1205
1206 1207 1205
1206 1208 1207
1208 1209 1207
1208 1210 1209
1209 1210 1211
1209 1211 1212
1211 1213 1212
1211 1214 1213
1213 1214 1215
1213 1215 1216
1215 1217 1216
1215 1218 1217
1217 1218 1219
1217 1220 1216
1220 1221 1216
1217 1222 1220
1219 1222 1217
1220 1223 1221
1221 1223 1224
1221 1224 1225
1225 1224 1226
1225 1226 1227
1227 1226 1228
1227 1228 1229
1229 1228 1230
1229 1230 1231
1231 1230 1232
1231 1232 1233
1232 1234 1233
1235 1230 1228
1232 1230 1235
1236 1228 1226
1235 1228 1236
1237 1226 1224
1236 1226 1237
1238 1224 1223
1237 1224 1238
1236 1239 1235
1237 1240 1236
1236 1240 1239
1237 1241 1240
1238 1241 1237
1232 1235 1242
1242 1235 1239
1243 1239 1240
1241 1243 1240
1241 1244 1243
1243 1245 1239
1246 1244 1241
1247 1239 1245
1242 1239 1247
1247 1245 1248
1246 1241 1249
1238 1249 1241
1250 1246 1249
1251 1232 1242
1251 1242 1247
1252 1247 1248
1251 1247 1252
1252 1248 1253
1254 1252 1253
1251 1252 1254
1254 1253 1255
1256 1249 1238
1238 1223 1256
1250 1249 1257
1256 1257 1249
1258 1250 1257
1251 1259 1232
1232 1259 1234
1223 1260 1256
1223 1261 1260
1262 1257 1256
1258 1257 1262
1262 1256 1260
1261 1263 1260
1263 1262 1260
1261 1264 1263
1263 1264 1219
1265 1258 1262
1263 1265 1262
1219 1265 1263
1265 1266 1258
1219 1266 1265
1267 1259 1251
1251 1254 1267
1267 1268 1259
1269 1268 1267
1234 1259 1268
1234 1268 1270
1270 1268 1269
1270 1269 1271
1269 1272 1271
1273 1267 1254
1269 1267 1273
1273 1254 1274
1274 1254 1255
1274 1255 1275
1276 1269 1273
1276 1273 1274
1277 1274 1275
1276 1274 1277
1277 1275 1278
1269 1279 1272
1276 1279 1269
1277 1280 1276
1280 1279 1276
1278 1281 1277
1277 1281 1280
1278 1282 1281
1272 1279 1283
1280 1283 1279
1272 1283 1193
1193 1283 1189
1189 1283 1280
1189 1280 1284
1284 1280 1281
1192 1189 1284
1285 1281 1282
1284 1281 1285
1192 1284 1285
1286 1285 1282
1192 1285 1286
1287 1288 1289
1290 1289 1288
1290 1288 1291
1292 1290 1291
1292 1291 1293
1294 1292 1293
1294 1293 1295
1296 1294 1295
1296 1295 1297
1296 1297 1298
1296 1298 1299
1299 1298 1300
1299 1300 1301
1301 1300 1302
1301 1302 1303
1303 1302 1304
1303 1304 1305
1305 1304 1306
1305 1306 1307
1306 1308 1307
1306 1309 1308
1309 1310 1308
1309 1311 1310
1312 1310 1311
1312 1313 1310
1314 1313 1312
1314 1312 1315
1315 1316 1314
1315 1317 1316
1314 1316 1318
1314 1318 1319
1314 1319 1320
1314 1320 1321
1321 1320 1322
1321 1322 1323
1323 1322 1324
1323 1324 1325
1324 1326 1325
1324 1327 1326
1326 1327 1328
1326 1328 1329
1329 1328 1330
1329 1330 1331
1331 1330 1332
1331 1332 1333
1333 1332 1334
1333 1334 1335
1335 1334 1336
1335 1336 1337
1337 1336 1338
1337 1338 1339
1338 1340 1339
1338 1341 1340
1341 1342 1340
1341 1343 1342
1342 1343 1344
1342 1344 1345
1345 1344 1346
1347 1348 1349
1347 1350 1348
1350 1351 1348
1352 1350 1347
1350 1353 1351
1352 1354 1350
1354 1353 1350
1355 1354 1352
1354 1356 1353
1355 1357 1354
1357 1356 1354
1357 1358 1356
1359 1357 1355
1360 1358 1357
1359 1360 1357
1360 1361 1358
1362 1361 1360
1363 1360 1359
1362 1360 1363
1363 1359 1364
1365 1362 1363
1366 1363 1364
1365 1363 1366
1366 1364 1367
1368 1365 1366
1369 1366 1367
1368 1366 1369
1369 1367 1370
1371 1369 1370
1372 1368 1369
1371 1372 1369
1372 1373 1368
1372 1371 1374
1372 1375 1373
1372 1374 1376
1372 1376 1375
1377 1375 1376
1376 1374 1378
1377 1376 1379
1376 1378 1379
1380 1377 1379
1378 1381 1379
1380 1379 1381
1378 1382 1381
1383 1380 1381
1382 1384 1381
1383 1381 1384
1382 1385 1384
1386 1383 1384
1385 1387 1384
1386 1384 1387
1385 1388 1387
1389 1386 1387
1390 1387 1388
1389 1387 1390
1390 1388 1391
1390 1392 1389
1391 1393 1390
1390 1393 1392
1391 1394 1393
1395 1392 1393
1396 1393 1394
1395 1393 1396
1396 1394 1397
1398 1395 1396
1399 1396 1397
1398 1396 1399
1399 1397 1400
1401 1398 1399
1400 1402 1399
1401 1399 1402
1400 1403 1402
1401 1402 1404
1404 1402 1403
1405 1406 1407
1405 1408 1406
1408 1409 1406
1410 1408 1405
1408 1411 1409
1410 1412 1408
1412 1411 1408
1413 1412 1410
1412 1414 1411
1413 1415 1412
1415 1414 1412
1415 1416 1414
1417 1415 1413
1418 1416 1415
1417 1418 1415
1418 1419 1416
1420 1419 1418
1421 1418 1417
1420 1418 1421
1421 1417 1422
1423 1420 1421
1424 1421 1422
1423 1421 1424
1424 1422 1425
1426 1423 1424
1427 1424 1425
1426 1424 1427
1427 1425 1428
1429 1426 1427
1430 1427 1428
1429 1427 1430
1430 1428 1431
1430 1432 1429
1433 1430 1431
1430 1434 1432
1433 1434 1430
1435 1432 1434
1435 1434 1436
1437 1434 1433
1437 1433 1438
1439 1437 1438
1439 1440 1437
1441 1440 1439
1441 1442 1440
1443 1442 1441
1443 1444 1442
1445 1444 1443
1446 1435 1436
1446 1436 1447
1446 1447 1448
1446 1448 1449
1449 1448 1450
1449 1450 1451
1445 1452 1444
1451 1450 1452
1451 1452 1453
1454 1452 1445
1453 1452 1455
1454 1455 1452
1456 1455 1454
1453 1455 1457
1457 1455 1456
1456 1454 1458
1457 1456 1459
1460 1456 1458
1456 1461 1459
1460 1462 1456
1456 1462 1461
1462 1460 1463
1462 1464 1461
1462 1463 1465
1462 1465 1464
1465 1463 1466
1464 1465 1466
1467 1468 1469
1467 1470 1468
1471 1470 1467
1471 1467 1472
1473 1471 1472
1473 1472 1474
1475 1473 1474
1475 1476 1473
1477 1476 1475
1477 1475 1478
1478 1479 1477
1478 1480 1479
1480 1481 1479
1480 1482 1481
1481 1482 1483
1481 1483 1484
1485 1484 1483
1485 1483 1486
1487 1485 1486
1487 1486 1488
1489 1487 1488
1489 1488 1490
1490 1491 1489
1490 34 1491
34 1492 1491
34 1493 1492
34 36 1493
1494 1492 1493
1495 1493 36
1494 1493 1495
1495 36 1496
1495 1497 1494
1498 1495 1496
1495 1499 1497
1498 1499 1495
1500 1497 1499
1499 1498 1500
1501 1502 1503
1501 1504 1502
1504 1505 1502
1506 1504 1501
1506 1501 1507
1504 1508 1505
1506 1508 1504
1508 1509 1505
1508 1510 1509
1510 1511 1509
1510 1512 1511
1512 1513 1511
1514 1510 1508
1514 1512 1510
1515 1508 1506
1514 1508 1515
1516 1506 1507
1515 1506 1516
1516 1507 1517
1517 1507 1518
1512 1519 1513
1514 1520 1512
1520 1519 1512
1515 1521 1514
1521 1520 1514
1516 1522 1515
1515 1522 1521
1517 1523 1516
1516 1523 1522
1513 1519 1524
1513 1524 1525
1526 1519 1520
1521 1526 1520
1527 1524 1519
1526 1527 1519
1525 1524 1528
1525 1528 1529
1530 1529 1528
1530 1528 1531
1530 1531 1532
1524 1533 1528
1531 1528 1533
1527 1534 1524
1524 1534 1533
1531 1535 1532
1531 1533 1535
1536 1535 1533
1532 1535 1536
1534 1537 1533
1536 1533 1537
1527 1538 1534
1534 1538 1537
1539 1527 1526
1527 1539 1538
1536 1537 1540
1538 1540 1537
1536 1541 1532
1536 1540 1541
1532 1541 1542
1542 1541 1540
1542 1543 1532
1542 1544 1543
1542 1540 1545
1542 1545 1544
1538 1546 1540
1546 1545 1540
1547 1544 1545
1546 1547 1545
1547 1548 1544
1549 1548 1547
1550 1546 1538
1550 1547 1546
1550 1538 1539
1549 1547 1551
1550 1551 1547
1552 1549 1551
1553 1550 1539
1551 1550 1553
1552 1551 1554
1551 1553 1554
1555 1552 1554
1553 1539 1556
1539 1526 1556
1556 1526 1521
1555 1554 1557
1557 1558 1555
1554 1553 1559
1559 1553 1556
1554 1559 1557
1556 1521 1560
1559 1556 1560
1522 1560 1521
1557 1561 1558
1561 1562 1558
1557 1559 1563
1560 1563 1559
1557 1563 1561
1522 1564 1560
1560 1564 1563
1523 1564 1522
1561 1565 1562
1566 1562 1565
1563 1567 1561
1561 1567 1565
1564 1568 1563
1563 1568 1567
1566 1565 1569
1570 1566 1569
1564 1571 1568
1523 1571 1564
1565 1567 1572
1565 1572 1569
1573 1567 1568
1573 1568 1571
1573 1572 1567
1570 1569 1574
1575 1570 1574
1569 1572 1576
1569 1576 1574
1575 1574 1577
1577 1574 1576
1578 1575 1577
1579 1572 1573
1579 1576 1572
1573 1571 1580
1579 1573 1580
1578 1577 1581
1582 1578 1581
1577 1576 1583
1583 1576 1579
1581 1577 1583
1571 1584 1580
1571 1523 1584
1582 1581 1585
1585 1586 1582
1585 1587 1586
1587 1588 1586
1581 1589 1585
1589 1587 1585
1581 1583 1590
1581 1590 1589
1583 1579 1591
1590 1583 1591
1579 1580 1592
1591 1579 1592
1587 1593 1588
1594 1588 1593
1590 1591 1595
1589 1590 1595
1580 1596 1592
1580 1584 1596
1591 1592 1597
1595 1591 1597
1597 1592 1596
1589 1598 1587
1598 1593 1587
1594 1593 1599
1599 1600 1594
1589 1595 1601
1601 1598 1589
1598 1602 1593
1602 1599 1593
1595 1597 1603
1601 1595 1603
1601 1604 1598
1604 1602 1598
1601 1603 1605
1605 1604 1601
1606 1603 1597
1606 1605 1603
1606 1597 1607
1606 1608 1605
1597 1596 1607
1608 1609 1605
1605 1609 1604
1608 1610 1609
1604 1611 1602
1609 1611 1604
1610 1612 1609
1609 1612 1611
1610 1613 1612
1613 1614 1612
1612 1614 1611
1615 1602 1611
1615 1611 1614
1602 1615 1599
1614 1616 1615
1599 1615 1616
1614 1617 1616
1599 1616 1618
1599 1618 1600
1618 1619 1600
1618 1620 1619
1616 1620 1618
1621 1619 1620
1617 1622 1616
1616 1622 1620
1617 1623 1622
1621 1620 1624
1624 1620 1622
1625 1622 1623
1624 1622 1625
1625 1623 1626
1627 1625 1626
1628 1621 1624
1628 1629 1621
1630 1629 1628
1631 1624 1625
1627 1631 1625
1631 1628 1624
1630 1628 1632
1632 1628 1631
1633 1630 1632
1634 1631 1627
1632 1631 1634
1634 1627 1635
1633 1632 1636
1636 1632 1634
1637 1633 1636
1638 1634 1635
1636 1634 1638
1636 1638 1639
1638 1635 1640
1639 1638 1640
1639 1640 1641
1642 1639 1641
1637 1636 1643
1636 1639 1643
1644 1637 1643
1639 1644 1643
1644 1645 1637
1646 1645 1644
1646 1647 1642
1642 1647 1639
1644 1647 1646
1639 1647 1644
1648 1649 1650
1650 1649 1651
1650 1651 1652
1652 1651 1653
1652 1653 1654
1654 1653 1655
1654 1655 1656
1656 1655 1657
1656 1657 1658
1657 1659 1658
1657 1660 1659
1659 1660 1661
1659 1661 1662
1662 1661 1663
1662 1663 1664
1663 1665 1664
1666 1661 1660
1663 1661 1666
1666 1660 1667
1667 1660 1657
1667 1657 1668
1657 1669 1668
1663 1666 1670
1657 1671 1669
1671 1672 1669
1671 1673 1672
1653 1673 1671
1674 1663 1670
1674 1675 1663
1676 1675 1674
1663 1675 1665
1676 1677 1675
1665 1675 1677
1665 1677 1678
1679 1677 1676
1678 1677 1680
1679 1681 1677
1678 1680 1682
1683 1681 1679
1683 1679 1684
1685 1683 1684
1685 1686 1683
1682 1680 1687
1682 1687 1688
1689 1686 1685
1689 1690 1686
1687 1691 1688
1687 1692 1691
1691 1692 1693
1691 1693 1694
1695 1690 1689
1695 1689 1696
1697 1695 1696
1694 1693 1698
1694 1698 1699
1698 1700 1699
1697 1701 1695
1698 1701 1700
1702 1701 1697
1700 1701 1703
1704 1705 1706
1707 1705 1704
1707 1708 1705
1709 1708 1707
1709 1707 1710
1711 1709 1710
1711 1712 1709
1713 1712 1711
1713 1714 1712
1715 1714 1713
1715 1716 1714
1717 1716 1715
1717 1718 1716
1719 1718 1717
1719 1720 1718
1721 1720 1719
1721 1722 1720
1723 1722 1721
1723 1721 1724
1725 1723 1724
1725 1726 1723
1727 1726 1725
1727 1728 1726
1728 1727 1729
1728 1729 1730
1730 1729 1731
1730 1731 1732
1733 1732 1731
1733 1734 1732
1735 1734 1733
1735 1733 1736
1737 1735 1736
1737 1738 1735
1737 1739 1738
1737 1740 1739
1741 1742 1740
1741 1740 1743
1744 1742 1741
1741 1743 1745
1744 1741 1746
1747 1744 1746
1747 1746 1748
1748 1746 1741
1747 1748 1749
1748 1750 1749
1741 1745 1751
1748 1741 1751
1748 1752 1750
1752 1748 1751
1753 1750 1752
1745 1754 1751
1752 1751 1754
1745 1755 1754
1754 1755 1756
1753 1752 1757
1757 1752 1754
1758 1753 1757
1758 1759 1753
1760 1759 1758
1754 1756 1761
1757 1754 1761
1761 1758 1757
1762 1761 1756
1762 1763 1761
1761 1763 1758
1764 1763 1762
1764 1765 1763
1766 1765 1764
1766 1767 1765
1768 1767 1766
1768 1766 1769
1770 1768 1769
1770 1771 1768
1772 1771 1770
1772 1770 1773
1773 1774 1772
1773 1775 1774
1758 1763 1776
1774 1775 1777
1758 1776 1778
1760 1758 1778
1779 1760 1778
1780 1778 1776
1779 1778 1780
1780 1776 1781
1782 1779 1780
1781 1783 1780
1782 1780 1783
1781 1784 1783
1785 1782 1783
1784 1786 1783
1785 1783 1786
1784 1787 1786
1788 1785 1786
1789 1786 1787
1788 1786 1789
1790 1788 1789
1789 1787 1791
1791 1790 1789
1790 1792 1788
1791 1774 1790
1793 1792 1790
1790 1774 1794
1774 1777 1794
1793 1790 1795
1790 1794 1795
1796 1793 1795
1797 1794 1777
1797 1777 1798
1799 1797 1798
1800 1795 1794
1796 1795 1800
1800 1794 1797
1799 1801 1797
1801 1800 1797
1802 1796 1800
1801 1802 1800
1802 1803 1796
1804 1803 1802
1805 1801 1799
1805 1799 1806
1807 1805 1806
1808 1802 1801
1804 1802 1808
1808 1801 1805
1807 1809 1805
1809 1808 1805
1810 1809 1807
1811 1804 1808
1809 1811 1808
1811 1812 1804
1810 1813 1809
1813 1811 1809
1814 1813 1810
1815 1812 1811
1813 1815 1811
1814 1815 1813
1815 1816 1812
1814 1816 1815
1817 1818 1819
1818 1817 1820
1817 1821 1820
1821 1822 1820
1822 1821 1823
1822 1823 1824
1823 1825 1824
1817 1826 1821
1821 1827 1823
1821 1826 1827
1826 1828 1827
1817 1829 1826
1826 1829 1828
1829 1817 1830
1831 1829 1830
1828 1829 1831
1828 1831 1832
1833 1828 1832
1823 1834 1825
1827 1834 1823
1828 1835 1827
1827 1835 1834
1825 1834 1836
1836 1834 1835
1825 1836 1837
1837 1836 1838
1837 1838 1839
1839 1838 1840
1833 1841 1828
1828 1841 1835
1836 1835 1842
1842 1835 1841
1842 1838 1836
1833 1843 1841
1842 1841 1843
1833 1844 1843
1843 1845 1842
1842 1845 1838
1844 1846 1843
1843 1846 1845
1844 1847 1846
1846 1847 1848
1845 1846 1849
1846 1848 1849
1838 1845 1850
1845 1849 1850
1838 1851 1840
1838 1850 1851
1840 1851 1852
1852 1851 1850
1840 1852 1853
1852 1854 1853
1848 1855 1849
1848 1856 1855
1857 1850 1849
1852 1850 1857
1857 1849 1855
1852 1858 1854
1858 1852 1857
1856 1859 1855
1856 1860 1859
1861 1857 1855
1858 1857 1861
1861 1855 1859
1854 1858 1862
1861 1862 1858
1854 1862 1863
1860 1864 1859
1860 1865 1864
1859 1866 1861
1861 1866 1862
1859 1864 1866
1863 1862 1867
1867 1862 1866
1863 1867 1868
1865 1869 1864
1865 1870 1869
1871 1866 1864
1867 1866 1871
1871 1864 1869
1868 1867 1872
1868 1872 1873
1872 1874 1873
1875 1867 1871
1875 1871 1869
1875 1872 1867
1870 1876 1869
1875 1869 1876
1870 1877 1876
1872 1878 1874
1874 1878 1879
1880 1872 1875
1876 1880 1875
1880 1878 1872
1877 1881 1876
1876 1881 1880
1877 1882 1881
1878 1880 1883
1883 1880 1881
1884 1878 1883
1882 1885 1881
1883 1881 1885
1882 1886 1885
1887 1884 1883
1887 1883 1885
1886 1887 1885
1887 1888 1884
1886 1889 1887
1889 1888 1887
1889 1890 1888
1891 1892 1893
1891 1893 1894
1891 1894 1895
1891 1895 1896
1895 1897 1896
1898 1894 1893
1895 1894 1898
1898 1893 1899
1899 1893 1900
1899 1900 1901
1901 1900 1902
1901 1902 1903
1903 1902 1904
1895 1898 1905
1906 1895 1905
1906 1907 1895
1895 1907 1897
1908 1907 1906
1908 1909 1907
1897 1907 1910
1897 1910 1911
1908 1912 1909
1908 1913 1912
1910 1914 1911
1910 1915 1914
1912 1913 1916
1912 1916 1917
1914 1915 1918
1914 1918 1919
1920 1919 1918
1920 1918 1921
1922 1920 1921
1922 1921 1923
1923 1924 1922
1923 1925 1924
1925 1926 1924
1925 1927 1926
1916 1928 1917
1916 1929 1928
1928 1929 1930
1928 1930 1931
1927 1932 1926
1927 1933 1932
1931 1930 1934
1931 1934 1935
1934 1936 1935
1934 1937 1936
1932 1933 1938
1932 1938 1939
1940 1939 1938
1940 1938 1941
1942 1940 1941
1942 1941 1943
1944 1942 1943
1937 1945 1936
1937 1946 1945
1945 1946 1947
1945 1947 1948
1947 1949 1948
1947 1950 1949
1950 1951 1949
1952 1944 1951
1950 1952 1951
1518 1953 1954
1518 1954 1955
1518 1955 1956
1955 1954 1957
1955 1957 1958
1956 1955 1958
1956 1958 1959
1960 1956 1959
1960 1961 1956
1962 1961 1960
1518 1956 1963
1956 1961 1964
1956 1964 1963
1962 1965 1961
1964 1961 1965
1966 1965 1962
1966 1962 1967
1968 1966 1967
1964 1965 1969
1969 1965 1966
1970 1518 1963
1517 1518 1970
1963 1964 1971
1971 1964 1969
1968 1972 1966
1973 1972 1968
1970 1974 1517
1517 1974 1523
1523 1974 1584
1584 1974 1975
1970 1975 1974
1584 1975 1596
1970 1963 1976
1963 1971 1976
1975 1970 1976
1975 1977 1596
1596 1977 1607
1975 1976 1978
1975 1978 1977
1979 1607 1977
1978 1979 1977
1979 1980 1607
1976 1981 1978
1976 1971 1981
1978 1981 1979
1980 1979 1982
1980 1982 1983
1982 1984 1983
1979 1981 1985
1985 1981 1971
1979 1985 1982
1982 1986 1984
1986 1987 1984
1985 1971 1988
1971 1969 1988
1982 1985 1989
1982 1989 1986
1989 1985 1988
1986 1990 1987
1989 1990 1986
1988 1969 1991
1969 1966 1991
1989 1988 1992
1988 1991 1992
1966 1993 1991
1966 1972 1993
1994 1989 1992
1989 1994 1990
1991 1995 1992
1994 1992 1995
1991 1993 1995
1996 1987 1990
1996 1997 1987
1998 1997 1996
1990 1994 1999
1999 1994 1995
1990 1999 1996
1993 1972 2000
1973 2000 1972
2001 2000 1973
2001 1973 2002
2003 2001 2002
1993 2000 2004
1995 1993 2004
2004 2000 2001
1999 1995 2005
1995 2004 2005
1996 1999 2006
2006 1999 2005
2005 2004 2007
2004 2001 2007
2003 2008 2001
2009 2008 2003
2001 2008 2010
2001 2010 2007
2009 2011 2008
2010 2008 2011
2012 2011 2009
2005 2007 2013
2006 2005 2013
2007 2010 2014
2007 2014 2013
2012 2015 2011
2016 2015 2012
2010 2011 2017
2014 2010 2017
2017 2011 2015
2018 2013 2014
2018 2006 2013
2014 2017 2019
2019 2018 2014
2017 2015 2020
2019 2017 2020
2016 2021 2015
2022 2021 2016
2022 2016 2023
2024 2022 2023
2025 2015 2021
2025 2020 2015
2025 2021 2022
2019 2020 2026
2026 2020 2025
2006 2018 2027
2019 2028 2018
2027 2018 2028
2029 2028 2019
2029 2019 2026
2027 2028 2030
2030 2028 2029
2030 2029 2031
2031 2029 2032
2032 2029 2026
2031 2032 2033
2033 2032 2034
2033 2034 2035
2034 2036 2035
2032 2026 2037
2026 2025 2037
2034 2032 2037
2037 2025 2038
2025 2022 2038
2034 2039 2036
2036 2039 2040
2034 2037 2041
2037 2038 2041
2042 2034 2041
2042 2039 2034
2038 2042 2041
2039 2043 2040
2043 2039 2042
2043 2044 2040
2038 2045 2042
2022 2045 2038
2042 2045 2043
2046 2044 2043
2045 2046 2043
2044 2046 2047
2046 2024 2047
2022 2048 2045
2045 2048 2046
2024 2048 2022
2046 2048 2024
2049 2050 2027
2027 2050 1998
2027 1998 2051
2006 2027 2051
1998 1996 2051
1996 2006 2051
2052 2053 2054
2052 2055 2053
2056 2055 2052
2056 2057 2055
2058 2057 2056
2058 2056 2059
2060 2058 2059
2060 2061 2058
2062 2061 2060
2062 2063 2061
2063 2062 2064
2063 2064 2065
2064 2066 2065
2064 2067 2066
2066 2067 2068
2066 2068 2069
2069 2068 2070
2069 2070 2071
2070 2072 2071
2070 2073 2072
2073 2074 2072
2073 2075 2074
2074 2075 2076
2074 2076 2077
2078 2077 2076
2078 2076 2079
2080 2078 2079
2080 2079 2081
2082 2080 2081
2082 2081 2083
2082 2083 2084
2082 2084 2085
2085 2084 2086
2085 2086 2087
2086 2088 2087
2086 2089 2088
2089 2090 2088
2091 2090 2092
2093 2091 2092
2093 2092 2094
2095 2093 2094
2095 2096 2093
2095 2097 2096
2095 2098 2097
2098 2099 2097
2098 2100 2099
2100 2101 2099
2100 2102 2101
2102 2103 2101
2102 2104 2103
2105 2103 2104
2105 2106 2103
2105 2107 2106
2105 2108 2107
2108 2109 2107
2108 2110 2109
2110 2111 2109
2110 2112 2111
2111 2112 2113
2111 2113 2114
2113 2115 2114
2113 2116 2115
2116 2117 2115
2116 2118 2117
2117 2118 2119
2117 2119 2120
2119 2121 2120
2119 2122 2121
2122 2123 2121
2122 2124 2123
2123 2124 2125
2123 2125 2126
2126 2125 2127
2126 2127 2128
2129 2130 2131
2129 2132 2130
2132 2133 2130
2132 2134 2133
2134 2135 2133
2134 2136 2135
2136 2137 2135
2136 2138 2137
2138 2139 2137
2138 2140 2139
2141 2139 2140
2141 2140 2142
2143 2141 2142
2143 2144 2141
2145 2144 2143
2145 2146 2144
2147 2146 2145
2147 2145 2148
2149 2147 2148
2149 2148 2150
2151 2149 2150
2151 2152 2149
2153 2152 2151
2153 2154 2152
2155 2154 2153
2155 2156 2154
2157 2156 2155
2157 2155 2158
2159 2157 2158
2159 2160 2157
2161 2160 2159
2161 2162 2160
2163 2162 2161
2163 2161 2164
2165 2163 2164
2165 2164 2166
2167 2165 2166
2167 2168 2169
2168 2170 2169
2168 2171 2170
2171 2172 2170
2171 2173 2172
2172 2173 2174
2172 2174 2175
2175 2174 2176
2175 2176 2177
2176 2178 2177
2176 2179 2178
2178 2179 2180
2178 2180 2181
2181 2180 2182
2181 2182 2183
2184 2183 2182
2184 2182 2185
2186 2184 2185
2186 2185 2187
2188 2186 2187
2188 2189 2186
2190 2189 2188
2190 2188 2191
2192 2190 2191
2192 2191 2193
2194 2192 2193
2194 2193 2195
2196 2194 2195
2196 2195 2197
2198 2196 2197
2198 2197 2199
2200 2198 2199
2200 2199 2201
2202 2200 2201
2202 2201 2203
2204 2202 2203
2204 2203 2205
2206 2207 2208
2206 2208 2209
2210 2209 2208
2210 2208 2211
2212 2209 2210
2206 2209 2213
2212 2213 2209
2206 2213 2214
2213 2215 2214
2212 2216 2213
2213 2216 2215
2212 2217 2216
2218 2215 2216
2217 2219 2216
2218 2216 2219
2217 2220 2219
2221 2218 2219
2221 2219 2222
2221 2222 2223
2224 2219 2220
2224 2220 2225
2226 2224 2225
2227 2228 2229
2227 2229 2230
2231 2227 2230
2232 2230 2229
2232 2229 2233
2234 2230 2232
2231 2230 2235
2234 2235 2230
2235 2236 2231
2234 2237 2235
2235 2237 2236
2234 2238 2237
2237 2239 2236
2238 2240 2237
2237 2240 2239
2238 2241 2240
2242 2239 2240
2243 2240 2241
2242 2240 2243
2243 2241 2244
2245 2242 2243
2246 2243 2244
2245 2243 2246
2246 2244 2247
2248 2245 2246
2249 2246 2247
2248 2246 2249
2249 2247 2250
2248 2249 2251
2250 2251 2249
2248 2251 2252
2250 2253 2251
2252 2251 2254
2254 2251 2253
2252 2254 2255
2254 2253 2256
2255 2254 2257
2256 2257 2254
2255 2257 2258
2256 2259 2257
2257 2260 2258
2259 2261 2257
2257 2261 2260
2259 2262 2261
2260 2261 2263
2262 2263 2261
2260 2263 2264
2264 2263 2265
2262 2266 2263
2265 2263 2266
2264 2265 2267
2265 2266 2268
2265 2269 2267
2270 2265 2268
2265 2271 2269
2270 2271 2265
2269 2271 2272
2272 2271 2270
2269 2272 2273
2272 2270 2274
2272 2275 2273
2275 2272 2274
2276 2277 2278
2276 2279 2277
2280 2277 2279
2281 2279 2276
2280 2279 2282
2281 2283 2279
2282 2279 2283
2284 2283 2281
2282 2283 2285
2284 2286 2283
2285 2283 2286
2287 2286 2284
2285 2286 2288
2287 2289 2286
2288 2286 2289
2288 2289 2290
2291 2289 2287
2290 2289 2292
2291 2292 2289
2290 2292 2293
2294 2292 2291
2294 2291 2295
2296 2294 2295
2296 2297 2294
2298 2297 2296
2298 2299 2297
2293 2292 2300
2293 2300 2301
2302 2299 2298
2302 2303 2299
2300 2304 2301
2300 2305 2304
2306 2303 2302
2306 2302 2307
2308 2306 2307
2308 2309 2306
2304 2305 2310
2304 2310 2311
2310 2312 2311
2310 2313 2312
2313 2314 2312
2313 2315 2314
2315 2316 2314
2315 2317 2316
2318 2316 2317
2318 2317 2319
2320 2309 2308
2320 2321 2309
2322 2318 2319
2322 2319 2323
2324 2321 2320
2324 2320 2325
2326 2322 2323
2326 2327 2322
2328 2327 2326
2328 2326 2329
2330 2328 2329
2331 2324 2325
2331 2332 2324
2333 2332 2331
2330 2333 2334
2333 2331 2334
2335 2336 2337
2338 2335 2337
2338 2337 2339
2337 2340 2339
2341 2338 2339
2339 2340 2342
2341 2339 2343
2339 2342 2343
2344 2341 2343
2343 2342 2345
2344 2343 2346
2343 2345 2346
2347 2344 2346
2345 2347 2346
2347 2348 2344
2349 2348 2347
2345 2350 2347
2351 2350 2345
2351 2352 2350
2353 2350 2352
2347 2350 2353
2353 2352 2354
2349 2347 2355
2347 2353 2355
2356 2349 2355
2353 2356 2355
2356 2357 2349
2358 2357 2356
2358 2359 2357
2360 2359 2358
2361 2353 2354
2353 2361 2356
2361 2358 2356
2361 2354 2362
2363 2361 2362
2363 2364 2361
2361 2364 2358
2365 2364 2363
2365 2366 2364
2358 2364 2366
2367 2366 2365
2360 2358 2368
2358 2366 2368
2367 2369 2366
2368 2366 2369
2370 2369 2367
2370 2367 2371
2372 2370 2371
2360 2368 2373
2368 2369 2373
2373 2369 2370
2360 2373 2374
2374 2373 2375
2373 2370 2375
2374 2375 2376
2377 2376 2375
2370 2377 2375
2377 2378 2376
2372 2379 2370
2370 2379 2377
2380 2379 2372
2380 2381 2379
2377 2379 2381
2382 2381 2380
2378 2377 2383
2377 2381 2383
2378 2383 2384
2382 2385 2381
2383 2381 2385
2386 2385 2382
2384 2383 2387
2383 2385 2387
2384 2387 2388
2386 2389 2385
2387 2385 2389
2389 2386 2390
2388 2387 2391
2387 2389 2391
2388 2391 2392
2393 2392 2391
2389 2393 2391
2393 2394 2392
2389 2390 2395
2389 2395 2393
2396 2394 2393
2395 2396 2393
2396 2397 2394
2390 2398 2395
2395 2398 2396
2390 2399 2398
2398 2399 2400
2398 2400 2401
2396 2398 2401
2401 2400 2402
2397 2396 2403
2396 2401 2403
2397 2403 2404
2401 2402 2405
2403 2401 2405
2402 2406 2405
2404 2403 2407
2403 2405 2407
2405 2406 2407
2404 2407 2408
2406 2408 2407
2409 2410 2411
2409 2412 2410
2412 2413 2410
2412 2414 2413
2414 2415 2413
2414 2416 2415
2416 2417 2415
2416 2418 2417
2418 2419 2417
2418 2420 2419
2420 2421 2419
2420 2422 2421
2421 2422 2423
2421 2423 2424
2424 2423 2425
2424 2425 2426
2425 2427 2426
2425 2428 2427
2428 2429 2427
2428 2430 2429
2430 2431 2429
2430 2432 2431
2431 2432 2433
2431 2433 2434
2433 2435 2434
2433 2436 2435
2435 2436 2437
2438 2435 2437
2439 2435 2438
2439 2438 2440
2441 2439 2440
2441 2442 2439
2443 2442 2441
2443 2441 2444
2445 2443 2444
2445 2444 2446
2447 2445 2446
2447 2448 2445
2448 2447 2449
2448 2449 2450
2450 2449 2451
2450 2451 2452
2452 2451 2453
2452 2453 2454
2455 2454 2453
2455 2456 2454
2457 2456 2455
2457 2458 2456
2459 2458 2457
2459 2460 2458
2459 2461 2460
2459 2462 2461
2462 2463 2461
2462 2464 2463
2465 2466 2467
2465 2467 2468
2468 2467 2469
2468 2470 2465
2471 2468 2469
2468 2472 2470
2471 2472 2468
2470 2472 2473
2473 2472 2471
2470 2473 2474
2473 2471 2475
2473 2476 2474
2477 2473 2475
2473 2477 2476
2477 2475 2478
2476 2477 2479
2479 2477 2478
2476 2479 2480
2479 2478 2481
2480 2479 2482
2482 2479 2481
2480 2482 2483
2482 2481 2484
2483 2482 2485
2485 2482 2484
2483 2485 2486
2485 2484 2487
2488 2485 2487
2488 2487 2489
2490 2488 2489
2490 2489 2491
2492 2490 2491
2492 2491 2493
2494 2492 2493
2494 2493 2495
2496 2494 2495
2496 2495 2497
2498 2496 2497
2498 2497 2499
2500 2498 2499
2500 2499 2501
2502 2500 2501
2502 2501 2503
2504 2502 2503
2505 2504 2506
2507 2505 2506
2507 2508 2505
2509 2508 2507
2509 2507 2510
2511 2509 2510
2511 2512 2509
2513 2512 2511
2513 2514 2512
2515 2514 2513
2515 2516 2514
2517 2516 2515
2517 2515 2518
2519 2517 2518
2519 2518 2520
2486 2519 2520
2486 2485 2519
2521 2522 2523
2521 2523 2524
2524 2523 2525
2524 2525 2526
2527 2521 2524
2528 2524 2526
2527 2524 2528
2528 2526 2529
2528 2529 2530
2527 2528 2531
2528 2530 2531
2527 2531 2532
2531 2530 2533
2532 2531 2534
2531 2533 2534
2532 2534 2535
2534 2533 2536
2535 2534 2537
2534 2536 2538
2535 2537 2539
2538 2536 2540
2538 2540 2541
2540 2542 2541
2540 2543 2542
2539 2537 2544
2539 2544 2545
2544 2546 2545
2544 2547 2546
2543 2548 2542
2543 2549 2548
2547 2550 2546
2547 2551 2550
2548 2549 2552
2548 2552 2553
2552 2554 2553
2552 2555 2554
2554 2555 2556
2550 2551 2557
2550 2557 2558
2557 2559 2558
2559 2560 2556
2557 2560 2559
2561 2562 2563
2561 2563 2564
2564 2563 2565
2564 2565 2566
2567 2561 2564
2568 2564 2566
2567 2564 2568
2568 2566 2569
2570 2568 2569
2567 2568 2571
2570 2571 2568
2567 2571 2572
2573 2571 2570
2572 2571 2574
2573 2574 2571
2572 2574 2575
2576 2574 2573
2575 2574 2577
2576 2577 2574
2578 2577 2576
2575 2577 2579
2579 2577 2578
2578 2576 2580
2579 2578 2581
2582 2578 2580
2578 2583 2581
2582 2584 2578
2578 2584 2583
2585 2584 2582
2583 2584 2586
2585 2587 2584
2583 2586 2588
2589 2587 2585
2588 2586 2590
2589 2591 2587
2588 2590 2592
2593 2591 2589
2593 2594 2591
2595 2594 2593
2592 2590 2596
2597 2596 2595
2592 2596 2597
2598 2599 2600
2601 2598 2600
2601 2602 2598
2603 2601 2600
2603 2600 2604
2603 2604 2605
2601 2606 2602
2603 2606 2601
2606 2607 2602
2603 2605 2608
2608 2605 2609
2603 2610 2606
2608 2610 2603
2608 2609 2611
2611 2609 2612
2608 2613 2610
2611 2613 2608
2611 2612 2614
2614 2612 2615
2611 2616 2613
2614 2616 2611
2614 2615 2617
2617 2615 2618
2614 2619 2616
2617 2619 2614
2613 2616 2620
2620 2616 2619
2610 2613 2621
2613 2620 2621
2606 2610 2622
2610 2621 2622
2606 2622 2623
2607 2606 2623
2621 2624 2622
2624 2623 2622
2617 2618 2625
2626 2617 2625
2625 2618 2627
2625 2627 2628
2628 2626 2625
2628 2627 2629
2630 2621 2620
2630 2624 2621
2626 2631 2617
2617 2631 2619
2619 2631 2632
2632 2631 2626
2620 2619 2633
2619 2632 2633
2634 2620 2633
2630 2620 2634
2628 2629 2635
2635 2629 2636
2637 2633 2632
2634 2633 2637
2635 2636 2638
2639 2638 2636
2639 2640 2638
2638 2640 2641
2641 2635 2638
2641 2640 2642
2643 2628 2635
2641 2643 2635
2641 2642 2644
2643 2641 2644
2645 2644 2642
2643 2646 2628
2628 2646 2626
2647 2646 2643
2626 2646 2647
2643 2644 2648
2647 2643 2648
2626 2647 2649
2632 2626 2649
2650 2647 2648
2649 2647 2650
2651 2648 2644
2650 2648 2651
2645 2652 2644
2651 2644 2652
2653 2632 2649
2637 2632 2653
2645 2654 2652
2645 2655 2654
2656 2654 2655
2656 2657 2654
2658 2652 2654
2657 2658 2654
2658 2651 2652
2659 2658 2657
2660 2651 2658
2659 2660 2658
2660 2661 2651
2661 2650 2651
2649 2650 2662
2653 2649 2662
2650 2663 2662
2650 2661 2663
2653 2662 2663
2664 2661 2660
2664 2660 2659
2664 2663 2661
2659 2665 2664
2665 2663 2664
2666 2665 2659
2665 2666 2667
2668 2653 2663
2665 2668 2663
2669 2653 2668
2669 2637 2653
2634 2637 2669
2670 2668 2665
2667 2670 2665
2670 2669 2668
2669 2670 2671
2667 2671 2670
2669 2672 2634
2669 2671 2672
2634 2672 2673
2634 2673 2630
2672 2671 2674
2672 2674 2673
2675 2671 2667
2675 2674 2671
2673 2674 2676
2676 2674 2675
2677 2630 2673
2673 2676 2677
2675 2667 2678
2678 2667 2679
2680 2678 2679
2675 2678 2680
2680 2679 2681
2677 2682 2630
2682 2624 2630
2676 2675 2683
2675 2680 2683
2684 2680 2681
2684 2681 2685
2686 2683 2680
2676 2683 2686
2686 2680 2684
2677 2676 2687
2676 2686 2687
2688 2682 2677
2677 2687 2688
2689 2624 2682
2688 2689 2682
2690 2684 2685
2690 2685 2691
2692 2686 2684
2687 2686 2692
2692 2684 2690
2689 2693 2624
2624 2693 2623
2694 2690 2691
2694 2691 2695
2687 2692 2696
2688 2687 2696
2697 2692 2690
2697 2690 2694
2697 2696 2692
2698 2689 2688
2698 2693 2689
2698 2688 2699
2688 2696 2699
2698 2700 2693
2693 2701 2623
2693 2700 2701
2607 2623 2701
2702 2694 2695
2702 2695 2703
2704 2702 2703
2699 2696 2705
2697 2705 2696
2706 2697 2694
2706 2694 2702
2706 2705 2697
2704 2707 2702
2707 2706 2702
2708 2707 2704
2699 2705 2709
2709 2700 2699
2706 2710 2705
2709 2705 2710
2707 2711 2706
2710 2706 2712
2708 2713 2707
2713 2711 2707
2713 2714 2711
2713 2715 2714
2713 2708 2716
2713 2717 2715
2713 2716 2717
2717 2718 2715
2716 2719 2717
2717 2719 2718
2716 2720 2719
2721 2718 2719
2719 2720 2722
2721 2719 2723
2719 2722 2723
2724 2721 2723
2722 2725 2723
2724 2723 2725
2722 2726 2725
2727 2724 2725
2726 2728 2725
2727 2725 2728
2726 2729 2728
2730 2727 2728
2729 2731 2728
2730 2728 2731
2729 2732 2731
2733 2730 2731
2734 2731 2732
2733 2731 2734
2734 2732 2735
2734 2736 2733
2735 2737 2734
2734 2737 2736
2735 2738 2737
2739 2736 2737
2740 2737 2738
2739 2737 2740
2740 2738 2741
2742 2739 2740
2741 2743 2740
2742 2740 2743
2741 2744 2743
2745 2742 2743
2744 2746 2743
2745 2743 2746
2744 2747 2746
2748 2746 2747
2745 2746 2749
2748 2749 2746
2745 2749 2750
2751 2749 2748
2750 2749 2751
2751 2748 2752
2750 2751 2753
2754 2751 2752
2751 2754 2753
2755 2756 2757
2755 2757 2758
2758 2757 2607
2759 2755 2758
2759 2760 2755
2761 2758 2607
2701 2761 2607
2762 2760 2759
2762 2763 2760
2764 2763 2762
2758 2765 2759
2758 2761 2765
2766 2761 2701
2701 2700 2766
2764 2762 2767
2768 2764 2767
2759 2769 2762
2759 2765 2769
2770 2765 2761
2770 2761 2766
2700 2771 2766
2709 2771 2700
2762 2772 2767
2762 2769 2772
2773 2769 2765
2773 2765 2770
2772 2769 2773
2772 2773 2774
2768 2767 2775
2772 2775 2767
2776 2772 2774
2772 2776 2775
2776 2774 2777
2778 2776 2777
2779 2771 2709
2709 2710 2779
2780 2768 2775
2780 2781 2768
2782 2781 2780
2783 2775 2776
2778 2783 2776
2783 2780 2775
2782 2780 2784
2784 2780 2783
2784 2785 2782
2786 2783 2778
2784 2783 2786
2786 2778 2787
2784 2788 2785
2786 2788 2784
2788 2789 2785
2787 2790 2786
2786 2790 2788
2787 2791 2790
2788 2792 2789
2790 2792 2788
2791 2793 2790
2790 2793 2792
2791 2794 2793
2793 2794 2795
2789 2792 2796
2789 2796 2797
2798 2797 2796
2792 2793 2799
2793 2795 2799
2792 2799 2796
2798 2796 2800
2800 2796 2799
2801 2798 2800
2802 2799 2795
2800 2799 2802
2802 2795 2803
2801 2800 2804
2804 2800 2802
2805 2801 2804
2806 2802 2803
2804 2802 2806
2806 2803 2807
2805 2804 2808
2808 2804 2806
2809 2806 2807
2808 2806 2809
2809 2807 2810
2805 2808 2811
2809 2811 2808
2805 2811 2812
2813 2812 2811
2814 2809 2810
2809 2814 2811
2814 2810 2815
2813 2811 2816
2814 2816 2811
2817 2813 2816
2818 2814 2815
2814 2818 2816
2818 2815 2819
2817 2816 2820
2820 2816 2818
2821 2817 2820
2822 2818 2819
2820 2818 2822
2822 2819 2823
2824 2822 2823
2824 2820 2822
2824 2823 2825
2824 2825 2826
2821 2820 2827
2824 2827 2820
2826 2827 2824
2821 2827 2826
2828 2829 2830
2830 2831 2828
2830 2832 2831
2831 2832 2833
2831 2833 2834
2835 2834 2833
2835 2833 2836
2836 2837 2835
2836 2838 2837
2838 2839 2837
2838 2840 2839
2839 2840 2841
2839 2841 2842
2843 2842 2841
2843 2844 2842
2845 2844 2843
2845 2846 2844
2847 2846 2845
2847 2848 2846
2848 2847 2849
2848 2849 2850
2849 2851 2850
2849 2852 2851
2853 2854 2855
2855 2856 2853
2855 2857 2856
2856 2857 2858
2856 2858 2859
2860 2859 2858
2860 2858 2861
2862 2860 2861
2862 2861 2863
2864 2862 2863
2864 2865 2862
2866 2865 2864
2866 2864 2867
2868 2866 2867
2868 2869 2866
2870 2869 2868
2870 2871 2869
2872 2871 2870
2872 2870 2873
2872 2873 2874
2872 2874 2875
2874 2876 2875
2874 2877 2876
2878 2879 2880
2880 2879 2881
2880 2881 2882
2882 2881 2883
2882 2883 2884
2884 2883 2885
2884 2885 2886
2885 2887 2886
2885 2888 2887
2888 2889 2887
2888 2890 2889
2889 2890 2891
2889 2891 2892
2891 2893 2892
2891 2894 2893
2893 2894 2895
2893 2895 2896
2896 2895 2897
2896 2897 2898
2897 2899 2898
2897 2900 2899
2900 2901 2899
2900 2902 2901
2903 2904 2905
2905 2906 2903
2905 2907 2906
2906 2907 2908
2906 2908 2909
2910 2909 2908
2910 2908 2911
2912 2910 2911
2912 2911 2913
2914 2912 2913
2914 2915 2912
2916 2915 2914
2916 2914 2917
2918 2916 2917
2918 2919 2916
2920 2919 2918
2920 2921 2919
2922 2921 2920
2922 2920 2923
2924 2922 2923
2924 2923 2925
2926 2924 2925
2926 2927 2924
2928 2929 2930
2931 2929 2932
2931 2932 2933
2933 2932 2934
2933 2934 2935
2934 2936 2935
2934 2937 2936
2937 2938 2936
2937 2939 2938
2938 2939 2940
2938 2940 2941
2942 2941 2940
2942 2943 2941
2944 2943 2942
2944 2945 2943
2945 2944 2946
2945 2946 2947
2947 2946 2948
2947 2948 2949
2950 2949 2948
2950 2951 2949
2952 2951 2950
2952 2953 2951
2952 2954 2953
2952 2955 2954
2955 2956 2954
2955 2957 2956
2957 2958 2956
2957 2959 2958
2958 2959 2960
2958 2960 2961
2962 2961 2960
2962 2963 2964
2963 2965 2964
2963 2966 2965
2965 2966 2967
2965 2967 2968
2968 2967 2969
2968 2969 2970
2970 2969 2971
2970 2971 2972
2972 2971 2973
2972 2973 2974
2974 2973 2975
2974 2975 2976
2975 2977 2976
2975 2978 2977
2978 2979 2977
2978 2980 2979
2979 2980 2981
2979 2981 2982
2982 2981 2983
2982 2983 2984
2983 2985 2984
2983 2986 2985
2985 2986 2987
2985 2987 2988
2988 2987 2989
2988 2989 2990
2989 2991 2990
2989 2992 2991
2992 2930 2991
2992 2993 2930
2994 2930 2993
2994 2995 2930
2996 2997 2998
2996 2998 2999
3000 3001 3002
3000 3002 3003
3004 3005 3006
3004 3006 3007
3007 3006 3008
3007 3008 3009
3010 3011 3012
3010 3013 3011
3011 3013 3014
3011 3014 3015
3016 3017 3018
3016 3018 3019
3020 3021 3022
3020 3022 3023
3024 3025 3026
3024 3026 3027
3028 3029 3030
3028 3030 3031
3032 3033 3034
3032 3035 3033
3036 3033 3035
3036 3035 3037
3038 3039 3040
3038 3040 3041
3041 3040 3042
3041 3042 3043
3044 3045 3046
3044 3047 3045
3047 3048 3045
3047 3049 3048
3048 3049 3050
3048 3050 3051
3052 3049 3047
3053 3052 3047
3053 3047 3054
3052 3055 3049
3049 3055 3056
3049 3056 3057
3058 3059 3051
3058 3060 3059
3059 3060 3061
3059 3061 3062
3062 3061 3063
3062 3063 3064
3063 3065 3064
3065 3066 3064
3067 3066 3065
3067 3068 3066
3063 3069 3065
3069 3067 3065
3068 3067 3070
3068 3070 3071
3060 3072 3061
3060 3073 3072
3074 3073 3060
3074 3060 3075
3061 3072 3076
3061 3076 3063
3076 3077 3063
3077 3069 3063
3076 3078 3077
3078 3079 3077
3079 3069 3077
3078 3080 3079
3079 3081 3069
3069 3081 3067
3079 3080 3082
3081 3079 3082
3080 3083 3082
3067 3081 3084
3081 3082 3084
3067 3084 3070
3083 3085 3082
3085 3084 3082
3085 3083 3086
3084 3087 3070
3087 3071 3070
3085 3086 3088
3088 3086 3089
3085 3090 3084
3084 3090 3087
3090 3085 3088
3071 3087 3091
3071 3091 3092
3092 3091 3093
3087 3090 3094
3090 3088 3094
3087 3094 3091
3091 3095 3093
3091 3094 3095
3094 3088 3095
3088 3089 3095
3095 3096 3093
3089 3097 3095
3095 3097 3096
3089 3098 3097
3097 3098 3099
3096 3097 3100
3097 3099 3100
3096 3100 3101
3100 3102 3101
3100 3103 3102
3099 3103 3100
3099 3104 3103
3105 3106 3107
3105 3107 3108
3108 3107 3109
3108 3109 3110
3111 3112 3113
3111 3113 3114
3114 3113 3115
3114 3115 3116
3117 3118 3119
3117 3119 3120
3120 3119 3121
3120 3121 3122
3123 3124 3125
3123 3125 3126
3127 3123 3126
3127 3126 3128
3129 3130 3131
3129 3131 3132
3132 3131 3133
3132 3133 3134
3135 3136 3137
3135 3137 3138
3139 3135 3138
3139 3138 3140
3141 3142 3143
3141 3143 3144
3141 3144 3145
3141 3145 3146
3147 3148 3149
3147 3149 3150
3151 3147 3150
3151 3150 3152
3153 3154 3155
3153 3155 3156
3157 3153 3156
3157 3156 3158
3159 3160 3161
3159 3161 3162
3162 3161 3163
3162 3163 3164
3165 3166 3167
3165 3168 3166
3169 3166 3168
3169 3168 3170
3171 3172 3173
3171 3173 3174
3174 3173 3175
3174 3175 3176
3177 3178 3179
3177 3179 3180
3181 3182 3183
3181 3183 3184
3185 3184 3183
3185 3183 3186
3187 3188 3189
3187 3189 3190
3191 3192 3193
3191 3193 3194
3195 3191 3194
3195 3194 3196
3197 3198 3199
3197 3199 3200
3201 3197 3200
3201 3200 3202
3203 3204 3205
3203 3205 3206
3206 3205 3207
3206 3207 3208
3209 3210 3211
3209 3211 3212
3212 3211 3213
3212 3213 3214
3215 3216 3217
3215 3217 3218
3218 3217 3219
3218 3219 3220
3221 3219 3222
3221 3222 3223
3224 3221 3223
3224 3225 3221
3226 3225 3224
3226 3224 3227
3221 3225 3228
3228 3225 3226
3221 3228 3229
3228 3226 3230
3231 3226 3227
3231 3227 3232
3233 3231 3232
3226 3231 3234
3226 3234 3235
3234 3231 3236
3233 3236 3231
3234 3236 3237
3238 3236 3233
3237 3236 3238
3237 3238 3239
3238 3233 3240
3238 3241 3239
3242 3238 3240
3238 3242 3241
3242 3240 3243
3244 3242 3243
3241 3242 3245
3244 3245 3242
3241 3245 3246
3247 3245 3244
3246 3245 3247
3247 3244 3248
3246 3247 3249
3250 3247 3248
3249 3247 3251
3250 3251 3247
3249 3251 3252
3253 3251 3250
3252 3251 3253
3253 3250 3254
3252 3253 3255
3256 3253 3254
3255 3253 3256
3256 3254 3257
3258 3256 3257
3255 3256 3259
3259 3256 3258
3258 3257 3260
3259 3258 3261
3258 3260 3262
3258 3263 3261
3258 3262 3264
3258 3264 3263
3265 3266 3221
3265 3221 3267
3268 3269 3270
3268 3270 3271
3271 3270 3272
3271 3272 3273
3274 3275 3276
3274 3277 3275
3278 3275 3277
3278 3277 3279
3280 3281 3282
3280 3282 3283
3284 3285 3286
3284 3286 3287
3288 3289 3290
3288 3290 3291
3292 3293 3294
3292 3295 3293
3296 3293 3295
3296 3295 3297
3298 3299 3300
3298 3300 3301
3302 3301 3300
3302 3300 3303
3304 3305 3306
3304 3306 3307
3308 3309 3310
3308 3311 3309
3312 3309 3311
3312 3311 3313
3314 3315 3316
3314 3317 3315
3318 3315 3317
3318 3317 3319
3320 3321 3322
3320 3322 3323
3324 3320 3323
3324 3323 3325
3326 3327 3328
3326 3328 3329
3329 3328 3330
3329 3330 3331
3332 3333 3334
3332 3334 3335
3336 3332 3335
3336 3335 3337
3338 3339 3340
3338 3340 3341
3342 3343 3344
3342 3344 3345
3346 3347 3348
3346 3348 3349
3350 3351 3352
3350 3352 3353
3353 3352 3354
3353 3354 3355
3356 3357 3358
3356 3358 3359
3359 3358 3360
3359 3360 3361
3362 3363 3364
3362 3364 3365
3366 3362 3365
3366 3365 3367
3368 3369 3370
3368 3370 3371
3371 3370 3372
3371 3372 3373
3374 3375 3376
3374 3376 3377
3378 3374 3377
3378 3377 3379
3380 3381 3382
3380 3382 3383
3380 3383 3384
3380 3384 3385
3386 3387 3388
3386 3388 3389
3389 3388 3390
3389 3390 3391
3392 3393 3394
3392 3394 3395
3396 3392 3395
3396 3395 3397
3398 3399 3400
3398 3400 3401
3402 3398 3401
3402 3401 3403
3404 3405 3406
3404 3406 3407
3408 3409 3410
3408 3410 3411
3412 3413 3414
3412 3414 3415
3416 3417 3418
3416 3418 3419
3420 3421 3422
3420 3423 3421
3424 3423 3420
3424 3420 3425
3426 3424 3425
3421 3423 3427
3427 3423 3424
3421 3427 3428
3426 3429 3424
3430 3429 3426
3427 3424 3431
3424 3429 3432
3424 3432 3431
3430 3433 3429
3432 3429 3433
3430 3434 3433
3435 3427 3431
3436 3427 3435
3436 3435 3437
3435 3431 3438
3431 3439 3438
3431 3432 3439
3439 3432 3440
3432 3433 3441
3432 3441 3440
3441 3433 3434
3440 3441 3442
3441 3443 3442
3441 3434 3443
3443 3444 3442
3443 3445 3444
3434 3445 3443
3444 3445 3446
3444 3446 3447
3434 3448 3445
3446 3445 3448
3447 3446 3449
3447 3449 3450
3450 3449 3451
3450 3451 3452
3452 3451 3453
3446 3454 3449
3446 3448 3454
3454 3455 3449
3456 3448 3434
3454 3448 3456
3456 3434 3457
3458 3456 3457
3430 3457 3434
3454 3456 3459
3459 3456 3458
3460 3454 3459
3460 3461 3454
3457 3430 3462
3462 3430 3463
3458 3457 3464
3457 3462 3464
3462 3463 3465
3465 3463 3466
3462 3467 3464
3467 3458 3464
3462 3468 3467
3465 3468 3462
3467 3469 3458
3465 3470 3468
3458 3469 3471
3472 3470 3465
3458 3471 3473
3459 3458 3473
3473 3471 3474
3473 3474 3475
3476 3459 3473
3476 3477 3459
3472 3465 3478
3479 3472 3478
3465 3466 3478
3466 3479 3478
3479 3480 3472
3466 3481 3479
3482 3480 3479
3479 3481 3483
3482 3479 3484
3479 3483 3484
3485 3474 3486
3485 3486 3487
3487 3486 3488
3487 3488 3489
3490 3491 3492
3490 3493 3491
3490 3494 3493
3490 3495 3494
3496 3494 3495
3491 3493 3497
3491 3497 3498
3494 3499 3493
3497 3493 3499
3496 3500 3494
3500 3499 3494
3498 3497 3501
3498 3501 3502
3502 3501 3503
3502 3503 3504
3503 3505 3504
3503 3506 3505
3496 3507 3500
3496 3508 3507
3507 3508 3509
3501 3497 3510
3497 3499 3510
3500 3511 3499
3507 3511 3500
3507 3509 3512
3513 3512 3509
3499 3511 3514
3499 3514 3510
3507 3515 3511
3515 3507 3512
3514 3511 3515
3501 3510 3516
3503 3501 3516
3513 3517 3512
3515 3512 3518
3517 3518 3512
3513 3519 3517
3513 3520 3519
3519 3520 3521
3517 3522 3518
3519 3522 3517
3514 3515 3523
3514 3524 3510
3524 3514 3523
3523 3515 3525
3515 3518 3525
3510 3524 3526
3510 3526 3516
3524 3523 3527
3527 3523 3525
3526 3524 3527
3519 3521 3528
3529 3528 3521
3529 3521 3530
3531 3529 3530
3531 3530 3532
3533 3519 3528
3519 3533 3522
3533 3528 3534
3516 3526 3535
3526 3527 3536
3535 3526 3536
3516 3535 3537
3503 3516 3537
3503 3537 3538
3506 3503 3538
3539 3506 3538
3540 3539 3538
3535 3541 3537
3541 3538 3537
3542 3540 3538
3541 3542 3538
3543 3540 3542
3544 3541 3535
3535 3536 3544
3536 3527 3545
3527 3525 3545
3546 3543 3542
3547 3543 3546
3548 3542 3541
3544 3548 3541
3548 3546 3542
3544 3536 3549
3536 3545 3549
3547 3546 3550
3551 3547 3550
3548 3544 3552
3544 3549 3552
3546 3548 3553
3548 3552 3553
3546 3553 3550
3549 3554 3552
3552 3554 3553
3545 3555 3549
3549 3555 3554
3553 3554 3556
3555 3556 3554
3557 3550 3553
3557 3553 3556
3558 3551 3550
3557 3558 3550
3551 3558 3559
3558 3557 3559
3560 3551 3559
3561 3560 3559
3545 3562 3555
3525 3562 3545
3555 3563 3556
3562 3563 3555
3564 3557 3556
3563 3564 3556
3557 3565 3559
3557 3564 3565
3566 3561 3559
3566 3559 3565
3525 3567 3562
3518 3567 3525
3562 3568 3563
3568 3562 3567
3518 3569 3567
3568 3567 3569
3518 3522 3569
3522 3570 3569
3570 3568 3569
3570 3522 3533
3563 3571 3564
3568 3571 3563
3572 3561 3566
3572 3573 3561
3574 3573 3572
3574 3575 3573
3570 3533 3576
3576 3533 3534
3570 3577 3568
3568 3577 3571
3577 3570 3576
3571 3577 3576
3564 3571 3578
3571 3576 3578
3564 3578 3565
3565 3579 3566
3565 3578 3579
3578 3576 3580
3578 3580 3579
3576 3534 3580
3566 3579 3581
3566 3581 3582
3582 3581 3583
3582 3583 3584
3585 3579 3580
3585 3580 3586
3587 3585 3586
3587 3586 3588
3589 3580 3534
3589 3534 3590
3591 3589 3590
3591 3590 3592
3593 3534 3594
3593 3594 3595
3596 3593 3595
3596 3595 3597
3598 3599 3600
3598 3600 3601
3602 3603 3604
3602 3604 3605
3606 3607 3608
3606 3608 3609
3610 3611 3606
3610 3612 3611
3613 3614 3615
3613 3615 3616
3617 3618 3619
3617 3619 3620
3621 3622 3623
3621 3623 3624
3621 3624 3625
3621 3625 3626
3625 3627 3626
3625 3628 3627
3627 3628 3629
3627 3630 3626
3626 3630 3631
3626 3631 3632
3632 3631 3633
3632 3633 3634
3627 3635 3630
3636 3635 3627
3627 3629 3636
3636 3637 3635
3638 3637 3636
3629 3638 3636
3638 3639 3637
3640 3639 3638
3640 3641 3639
3638 3642 3640
3638 3643 3642
3629 3643 3638
3644 3643 3629
3629 3645 3644
3629 3646 3645
3647 3645 3646
3647 3646 3625
3625 3648 3647
3625 3649 3648
3649 3650 3648
3649 3651 3650
3644 3652 3643
3653 3643 3652
3653 3652 3654
3655 3652 3644
3644 3656 3655
3655 3657 3652
3657 3658 3652
3657 3659 3658
3644 3660 3656
3661 3656 3660
3661 3660 3647
3647 3662 3661
3647 3663 3662
3664 3662 3663
3664 3663 3665
3666 3667 3668
3666 3668 3669
3669 3668 3670
3669 3670 3671
3671 3670 3672
3671 3672 3673
3673 3672 3674
3673 3674 3675
3670 3676 3677
3670 3677 3678
3679 3677 3676
3678 3680 3670
3679 3676 3681
3678 3682 3680
3682 3683 3680
3682 3684 3683
3685 3686 3679
3685 3687 3686
3688 3686 3687
3688 3687 3689
3689 3690 3691
3689 3692 3690
3693 3690 3692
3693 3692 3694
3695 3696 3689
3695 3689 3697
3698 3696 3695
3698 3699 3696
3700 3695 3697
3700 3697 3701
3702 3698 3695
3702 3695 3700
3700 3703 3702
3700 3704 3703
3705 3704 3700
3705 3706 3704
3702 3703 3707
3702 3707 3708
3708 3707 3709
3708 3709 3710
3711 3698 3702
3711 3712 3698
3713 3712 3711
3713 3714 3712
3698 3712 3715
3698 3715 3716
3712 3717 3715
3712 3714 3717
3718 3719 3714
3718 3720 3719
3721 3718 3714
3721 3722 3718
3718 3723 3720
3724 3718 3722
3718 3725 3723
3724 3725 3718
3725 3726 3723
3727 3725 3724
3725 3728 3726
3727 3729 3725
3730 3729 3727
3730 3731 3729
3728 3732 3726
3728 3733 3732
3734 3733 3735
3734 3736 3733
3734 3737 3736
3734 3738 3737
3739 3740 3732
3739 3741 3740
3741 3742 3740
3741 3743 3742
3744 3732 3745
3744 3745 3746
3747 3744 3746
3747 3746 3748
3749 3746 3745
3748 3746 3749
3745 3750 3749
3748 3749 3751
3748 3751 3752
3751 3753 3754
3755 3754 3753
3755 3753 3756
3757 3758 3756
3757 3756 3759
3760 3757 3759
3760 3759 3761
3762 3763 3761
3762 3761 3764
3765 3762 3764
3765 3764 3766
3765 3766 3767
3765 3767 3768
3768 3767 3769
3768 3769 3770
3769 3771 3770
3769 3772 3771
3773 3771 3772
3773 3772 3774
3774 3775 3773
3774 3776 3775
3776 3777 3775
3776 3778 3777
3779 3780 3781
3779 3781 3782
3782 3781 3783
3782 3783 3784
3785 3786 3787
3785 3787 3788
3788 3787 3789
3788 3789 3790
3791 3792 3793
3791 3793 3794
3795 3791 3794
3795 3794 3796
3797 3798 3799
3797 3799 3800
3801 3797 3800
3801 3800 3802
3803 3804 3805
3803 3805 3806
3807 3803 3806
3807 3806 3808
3809 3810 3811
3809 3811 3812
3813 3809 3812
3813 3812 3814
3815 3816 3817
3815 3817 3818
3818 3817 3819
3818 3819 3820
3821 3822 3823
3821 3823 3824
3824 3823 3825
3824 3825 3826
3827 3828 3829
3827 3829 3830
3831 3827 3830
3831 3830 3832
3833 3834 3835
3833 3835 3836
3836 3835 3837
3836 3837 3838
3839 3840 3841
3839 3841 3842
3842 3841 3843
3842 3843 3844
3845 3846 3847
3845 3847 3848
3849 3848 3847
3849 3847 3850
3851 3852 3853
3851 3853 3854
3855 3851 3854
3855 3854 3856
3857 3858 3859
3857 3859 3860
3860 3859 3861
3862 3863 3864
3862 3864 3865
3862 3865 3866
3862 3866 3867
3862 3868 3869
3862 3870 3868
3871 3870 3862
3871 3872 3870
3873 3874 3875
3873 3875 3876
3877 3878 3879
3877 3879 3880
3881 3882 3883
3881 3883 3884
3881 3884 3885
3881 3885 3886
3887 3888 3889
3887 3889 3890
3890 3889 3891
3890 3891 3892
3893 3894 3895
3893 3895 3896
3897 3898 3899
3897 3899 3900
3901 3902 3903
3901 3904 3902
3905 3902 3904
3905 3904 3906
3907 3908 3909
3907 3909 3910
3910 3909 3911
3910 3911 3912
3913 3914 3915
3913 3915 3916
3917 3918 3919
3917 3919 3920
3921 3922 3923
3921 3924 3922
3925 3922 3924
3925 3924 3926
3927 3928 3929
3927 3929 3930
3930 3929 3931
3930 3931 3932
3933 3934 3748
3933 3748 3935
3936 3933 3935
3748 3937 3935
3936 3935 3938
3935 3937 3939
3935 3939 3938
3940 3941 3942
3940 3942 3943
3940 3943 3681
3940 3681 3666
3944 3940 3666
3945 3940 3944
3945 3946 3940
3944 3666 3947
3947 3666 3948
3947 3948 3949
3949 3948 3671
3949 3671 3950
3950 3671 3951
3950 3951 3952
3952 3951 3953
3952 3953 3954
3947 3955 3944
3944 3955 3956
3944 3956 3957
3947 3958 3955
3959 3958 3947
3959 3960 3958
3950 3960 3959
3950 3961 3960
3962 3961 3950
3962 3963 3961
3964 3963 3962
3964 3965 3963
3966 3967 3968
3966 3968 3969
3969 3968 3970
3969 3970 3971
3970 3972 3973
3970 3973 3974
3975 3969 3974
3975 3976 3969
3969 3976 3977
3969 3977 3978
3976 3979 3980
3976 3981 3979
3982 3981 3976
3982 3976 3983
3984 3985 3981
3984 3981 3986
3986 3981 3987
3986 3987 3988
3989 3990 3991
3991 3990 3992
3991 3992 3993
3994 3995 3996
3994 3996 3997
3997 3996 3998
3997 3998 3999
4000 4001 4002
4000 4002 4003
4003 4002 4004
4003 4004 4005
4006 4007 4008
4006 4008 4009
4009 4008 4010
4009 4010 4011
4012 4013 4014
4012 4015 4013
4016 4013 4015
4016 4015 4017
4018 4019 4020
4018 4020 4021
4022 4018 4021
4022 4021 4023
4024 4020 4025
4024 4025 4026
4027 4024 4026
4027 4026 4028
4029 4030 4031
4029 4031 4032
4032 4031 4033
4032 4033 4034
4035 4036 4037
4035 4037 4038
4038 4037 4039
4038 4039 4040
4041 4042 4043
4041 4044 4042
4045 4042 4044
4045 4044 4046
4047 4048 4049
4047 4049 4050
4051 4052 4053
4051 4053 4054
4051 4054 4055
4051 4055 4056
4057 4058 4059
4057 4059 4060
4061 4057 4060
4061 4060 4062
4063 4064 4065
4063 4065 4066
4067 4068 4069
4067 4069 4070
4071 4072 4073
4071 4074 4072
4075 4072 4074
4075 4074 4076
4077 4078 4079
4077 4080 4078
4081 4078 4080
4081 4080 4082
4081 4083 4084
4081 4084 4085
4086 4087 4088
4086 4088 4089
4090 4091 4092
4090 4092 4093
4094 4095 4096
4094 4097 4095
4095 4097 4098
4095 4098 4099
4100 4101 4102
4100 4102 4103
4103 4102 4104
4103 4104 4105
4106 4107 4108
4106 4108 4109
4109 4108 4110
4109 4110 4111
4112 4113 4114
4112 4115 4113
4116 4113 4115
4116 4115 4117
4118 4119 4120
4118 4121 4119
4122 4119 4121
4122 4121 4123
4124 4125 4126
4124 4126 4127
4128 4129 4130
4128 4130 4131
4132 4133 4134
4132 4134 4135
4136 4132 4135
4136 4135 4137
4138 4139 4140
4138 4140 4141
4142 4143 4144
4142 4144 4145
4145 4144 4146
4145 4146 4147
4148 4149 4142
4148 4150 4149
4151 4150 4148
4151 4152 4150
4153 4146 4154
4153 4154 4155
4155 4154 4156
4155 4156 4157
4157 4156 4158
4157 4158 4159
4159 4158 4160
4159 4160 4161
4161 4160 4162
4161 4162 4163
4163 4162 4164
4163 4164 4165
4165 4164 4166
4165 4166 4167
4167 4166 4168
4167 4168 4169
4165 4167 4170
3640 4170 4167
3640 4171 4170
4172 4170 4171
4172 4173 4170
4165 4170 4174
4174 4170 4173
4165 4175 4163
4165 4174 4175
4163 4175 4176
4163 4176 4161
4174 4173 4177
4178 4174 4177
4161 4176 4179
4161 4179 4159
4176 4178 4180
4178 4177 4180
4181 4179 4176
4176 4180 4181
4159 4179 4182
4159 4182 4157
4157 4182 4183
4157 4183 4184
4184 4183 4185
4184 4185 4186
4182 4179 4187
4181 4187 4179
4182 4187 4188
4188 4189 4182
4188 4190 4189
4191 4189 4190
4191 4190 4192
4193 4181 4180
4193 4194 4181
4194 4187 4181
4195 4193 4180
4194 4196 4187
4196 4188 4187
4195 4180 4177
4196 4197 4188
4198 4195 4177
4197 4199 4188
4198 4177 4173
4200 4198 4173
4200 4173 4201
4197 4202 4199
4202 4203 4199
4202 4204 4203
4205 4206 4192
4205 4192 4207
4208 4205 4207
4208 4207 4209
4210 4211 4212
4210 4212 4213
4214 4210 4213
4214 4213 4215
4216 4217 4218
4216 4219 4217
3745 4217 4219
3745 4219 4220
4221 4222 3745
4221 4223 4222
4223 4224 4222
4223 4225 4224
4226 4227 4228
4226 4228 4229
4229 4228 4230
4229 4230 4231
4232 4233 4230
4232 4230 4234
4235 4232 4234
4235 4234 4236
4237 4238 4239
4237 4239 4240
4241 4237 4240
4241 4240 4242
4243 4241 4242
4243 4244 4241
4244 4243 4245
4246 4244 4245
4241 4244 4246
4241 4246 4247
4248 4237 4241
4248 4241 4247
4249 4237 4248
4249 4250 4237
4251 4248 4247
4251 4252 4248
4251 4253 4252
4251 4247 4254
4247 4255 4254
4247 4256 4255
4255 4256 4257
4258 4259 4260
4258 4260 4261
4262 4258 4261
4262 4261 4263
4264 4265 4266
4264 4267 4265
4268 4265 4267
4268 4267 4269
4270 4268 4271
4270 4271 4272
4270 4272 4273
4270 4273 4274
4275 4268 4270
4275 4270 4276
4277 4268 4275
4277 4278 4268
4279 4278 4277
4279 4280 4278
4276 4270 4281
4276 4281 4282
4281 4283 4284
4281 4284 4285
4285 4284 4286
4285 4286 4287
4286 4288 4287
4286 4289 4288
4290 4288 4289
4290 4289 4291
4292 4290 4291
4292 4291 4293
4294 4292 4293
4294 4293 4295
4296 4285 4287
4297 4285 4296
4297 4298 4285
4296 4287 4299
4299 4287 4300
4299 4300 4301
4301 4300 4290
4301 4290 4302
4302 4290 4303
4302 4303 4304
4304 4303 4305
4304 4305 4306
4307 4308 4309
4307 4309 4310
4309 4311 4310
4309 4312 4311
4311 4312 4313
4311 4313 4314
4313 4315 4314
4313 4316 4315
4316 4317 4315
4316 4318 4317
4317 4318 4319
4319 4318 4320
4318 4321 4320
4318 4316 4321
4316 4322 4321
4316 4313 4322
4313 4323 4322
4313 4312 4323
4312 4324 4323
4312 4309 4324
4309 4325 4324
4309 4326 4325
4327 4328 4325
4327 4329 4328
4330 4331 4332
4330 4332 4333
4333 4332 4334
4333 4334 4335
4336 4337 4330
4336 4338 4337
4336 4339 4338
4336 4340 4339
4340 4341 4339
4340 4342 4341
4342 4343 4341
4342 4344 4343
4339 4345 4346
4347 4346 4345
4347 4345 4348
4339 4346 4349
4349 4350 4339
4349 4351 4350
4352 4350 4351
4352 4351 4353
4354 4348 4355
4354 4356 4348
4357 4356 4354
4357 4358 4356
4359 4356 4358
4359 4360 4356
4361 4356 4360
4361 4360 4362
4363 4359 4358
4363 4358 4364
4363 4364 4365
4363 4365 4366
4367 4365 4364
4367 4364 4368
4368 4364 4358
4368 4358 4369
4370 4371 4372
4370 4372 4373
4373 4372 4374
4373 4374 4375
4374 4376 4375
4374 4377 4376
4376 4377 4378
4379 4373 4375
4380 4373 4379
4380 4381 4373
4379 4375 4382
4375 4383 4382
4375 4376 4383
4383 4376 4384
4376 4378 4384
4383 4384 4385
4384 4386 4385
4378 4387 4384
4384 4387 4386
4378 4388 4387
4387 4389 4386
4388 4390 4387
4387 4390 4389
4388 4391 4390
4389 4390 4392
4390 4391 4392
4393 4394 4395
4393 4395 4307
4396 4397 4398
4396 4399 4397
4353 4397 4399
4353 4399 4400
4401 4402 4403
4401 4403 4404
4405 4404 4403
4405 4403 4406
4407 4408 4409
4407 4409 4410
4410 4409 4411
4410 4411 4412
4413 4414 4415
4413 4415 4416
4417 4418 4419
4417 4419 4420
4421 4422 4423
4421 4423 4424
4425 4426 4427
4425 4427 4428
4429 4430 4431
4429 4431 4432
4433 4434 4435
4433 4435 4436
4437 4438 4439
4437 4439 4440
4441 4437 4440
4441 4440 4442
4443 4444 4445
4443 4445 4446
4447 4448 4449
4447 4449 4450
4451 4447 4450
4451 4450 4452
4453 4454 4455
4453 4455 4456
4456 4455 4457
4456 4457 4458
4459 4460 4461
4459 4461 4462
4462 4461 4463
4462 4463 4464
4465 4466 4467
4465 4468 4466
4469 4466 4468
4469 4468 4470
4471 4472 4473
4471 4473 4474
4475 4471 4474
4475 4474 4476
4477 4478 4479
4477 4479 4480
4477 4480 4481
4477 4481 4482
4483 4484 4485
4483 4485 4486
4487 4483 4486
4487 4486 4488
4489 4490 4491
4489 4491 4492
4492 4491 4493
4492 4493 4494
4495 4496 4497
4495 4497 4498
4499 4500 4501
4499 4501 4502
4503 4504 4505
4503 4505 4506
4507 4508 4509
4507 4509 4510
4511 4512 4513
4511 4513 4514
4515 4516 4517
4515 4517 4518
4519 4515 4518
4519 4518 4520
4520 4521 4519
4520 4522 4521
4523 4521 4522
4523 4522 4524
4524 4525 4523
4524 4526 4525
4526 4527 4525
4526 4528 4527
4529 4530 4531
4529 4531 4532
4533 4529 4532
4533 4532 4534
4535 4536 4537
4537 4536 4538
4537 4538 4539
4540 4541 4542
4540 4542 4543
4544 4540 4543
4544 4543 4545
4546 4547 4548
4546 4548 4549
4550 4546 4549
4550 4549 4551
4552 4553 4554
4552 4554 4555
4556 4557 4558
4556 4558 4559
4560 4561 4562
4560 4562 4563
4564 4565 4566
4564 4566 4567
4568 4569 4570
4568 4570 4571
4572 4573 4574
4572 4574 4575
4576 4577 4578
4576 4578 4579
4580 4581 4582
4580 4582 4583
4584 4585 4586
4584 4586 4587
4588 4589 4590
4588 4590 4591
4592 4593 4594
4592 4594 4595
4596 4595 4594
4596 4594 4597
4598 4599 4600
4598 4600 4601
4598 4601 4602
4598 4602 4603
4604 4605 4606
4604 4606 4607
4608 4604 4607
4608 4607 4609
4610 4611 4612
4610 4612 4613
4613 4612 4614
4613 4614 4615
4616 4617 4618
4616 4618 4619
4620 4621 4622
4620 4622 4623
4624 4625 4626
4624 4626 4627
4627 4626 4628
4627 4628 4629
4630 4626 4631
4630 4632 4626
4633 4626 4632
4633 4632 4634
4635 4636 4637
4635 4637 4638
4638 4637 4639
4638 4639 4640
4640 4639 4641
4640 4641 4642
4642 4641 4643
4642 4643 4644
4644 4643 4645
4644 4645 4646
4646 4645 4647
4646 4647 4648
4648 4647 4649
4648 4649 4650
4650 4649 4651
4650 4651 4652
4653 4654 4655
4653 4656 4654
4657 4654 4656
4657 4656 4658
4659 4657 4658
4659 4658 4660
4661 4659 4660
4661 4660 4662
4662 4663 4661
4662 4664 4663
4665 4663 4664
4665 4664 4666
4666 4667 4665
4666 4668 4667
4669 4667 4668
4669 4668 4670
4671 4672 4673
4674 4671 4673
4674 4673 4675
4676 4674 4675
4676 4675 4677
4678 4676 4677
4678 4677 4679
4680 4681 4682
4683 4680 4682
4683 4682 4684
4685 4683 4684
4685 4684 4686
4687 4685 4686
4687 4686 4688
4689 4690 4691
4689 4692 4690
4693 4690 4692
4693 4692 4694
4690 4695 4696
4690 4697 4695
4698 4697 4690
4698 4699 4697
4700 4701 4702
4700 4702 4703
4704 4705 4706
4704 4707 4705
4705 4707 4708
4705 4708 4709
4710 4711 4712
4710 4713 4711
4714 4713 4710
4714 4715 4713
4716 4715 4714
4716 4717 4715
4718 4717 4716
4719 4718 4716
4720 4719 4716
4720 4716 4714
4721 4720 4714
4721 4714 4710
4722 4721 4710
4722 4710 4723
4724 4725 4726
4724 4726 4727
4728 4729 4730
4728 4730 4731
4732 4728 4731
4732 4731 4733
4733 4734 4732
4733 4735 4734
4736 4734 4735
4736 4735 4737
4738 4736 4737
4738 4737 4739
4740 4738 4739
4740 4739 4741
4742 4740 4741
4742 4741 4743
4744 4742 4743
4744 4743 4745
4732 4746 4728
4728 4746 4747
4728 4747 4748
4732 4749 4746
4734 4749 4732
4734 4750 4749
4736 4750 4734
4736 4751 4750
4738 4751 4736
4738 4752 4751
4740 4752 4738
4740 4753 4752
4753 4740 4754
4753 4754 4755
4755 4754 4756
4755 4756 4757
4758 4759 4760
4758 4761 4759
4762 4759 4761
4762 4761 4763
4764 4765 4766
4764 4767 4765
4768 4765 4767
4768 4767 4769
4770 4771 4772
4770 4772 4773
4773 4772 4774
4773 4774 4775
4776 4777 4778
4776 4778 4779
4780 4781 4782
4780 4782 4783
4784 4785 4786
4784 4786 4787
4788 4789 4790
4788 4790 4791
4792 4793 4794
4792 4794 4795
4795 4794 4796
4797 4798 4799
4799 4798 4800
4799 4800 4801
4801 4800 4802
4801 4802 4803
4803 4802 4804
4803 4804 4805
4805 4804 4806
4805 4806 4807
4807 4806 4808
4807 4808 4809
4809 4808 4810
4809 4810 4811
4812 4810 4808
4812 4808 4813
4813 4808 4806
4813 4814 4812
4815 4806 4804
4813 4806 4815
4813 4816 4814
4815 4816 4813
4817 4814 4816
4815 4804 4818
4818 4804 4819
4817 4816 4820
4820 4821 4817
4815 4822 4816
4818 4822 4815
4820 4816 4822
4818 4819 4823
4823 4819 4824
4818 4825 4822
4823 4825 4818
4820 4822 4826
4826 4822 4825
4820 4827 4821
4826 4827 4820
4823 4824 4828
4828 4824 4829
4823 4830 4825
4828 4830 4823
4826 4825 4831
4831 4825 4830
4829 4832 4828
4828 4832 4830
4833 4821 4827
4834 4821 4833
4826 4835 4827
4831 4835 4826
4831 4830 4836
4836 4830 4832
4829 4837 4832
4838 4837 4829
4839 4837 4838
4840 4832 4837
4836 4832 4840
4840 4837 4839
4836 4841 4831
4831 4841 4835
4842 4827 4835
4833 4827 4842
4840 4843 4836
4836 4843 4841
4844 4835 4841
4842 4835 4844
4839 4845 4840
4840 4845 4843
4846 4841 4843
4844 4841 4846
4847 4843 4845
4846 4843 4847
4848 4845 4839
4847 4845 4848
4848 4839 4849
4849 4839 4838
4847 4848 4850
4849 4850 4848
4846 4847 4851
4847 4850 4851
4844 4846 4852
4846 4851 4852
4842 4844 4853
4844 4852 4853
4854 4852 4851
4853 4852 4854
4855 4851 4850
4854 4851 4855
4850 4849 4856
4855 4850 4856
4842 4853 4857
4833 4842 4857
4833 4857 4858
4834 4833 4858
4834 4858 4859
4860 4859 4858
4861 4859 4860
4862 4858 4857
4860 4858 4862
4863 4857 4853
4862 4857 4863
4861 4860 4864
4861 4864 4865
4866 4860 4862
4866 4864 4860
4865 4864 4867
4865 4867 4868
4863 4853 4869
4869 4853 4854
4862 4863 4870
4862 4870 4866
4871 4864 4866
4871 4867 4864
4872 4863 4869
4872 4870 4863
4869 4854 4873
4873 4872 4869
4873 4854 4855
4866 4870 4874
4866 4874 4871
4870 4872 4875
4874 4870 4875
4873 4876 4872
4875 4872 4876
4873 4855 4877
4877 4876 4873
4877 4855 4856
4877 4856 4878
4849 4878 4856
4877 4879 4876
4878 4879 4877
4875 4876 4880
4880 4876 4879
4849 4881 4878
4881 4849 4838
4878 4882 4879
4878 4881 4882
4883 4879 4882
4880 4879 4883
4884 4875 4880
4884 4874 4875
4882 4881 4885
4883 4882 4885
4886 4880 4883
4884 4880 4886
4887 4881 4838
4881 4887 4885
4888 4883 4885
4886 4883 4888
4887 4889 4885
4888 4885 4889
4887 4890 4889
4888 4889 4890
4891 4887 4838
4891 4890 4887
4888 4890 4892
4892 4886 4888
4891 4893 4890
4892 4890 4893
4891 4838 4894
4891 4894 4893
4894 4838 4895
4838 4896 4895
4895 4896 4897
4895 4897 4898
4898 4897 4899
4895 4900 4894
4895 4898 4900
4898 4899 4901
4901 4899 4902
4900 4903 4894
4894 4903 4893
4904 4900 4898
4904 4903 4900
4904 4898 4901
4901 4905 4904
4901 4906 4905
4901 4902 4906
4904 4907 4903
4893 4903 4907
4905 4907 4904
4902 4908 4906
4908 4905 4906
4902 4909 4908
4908 4909 4910
4908 4910 4911
4912 4908 4911
4908 4912 4905
4912 4911 4913
4914 4912 4913
4914 4905 4912
4914 4913 4915
4916 4914 4915
4893 4907 4917
4892 4893 4917
4905 4918 4907
4917 4907 4918
4916 4919 4914
4920 4919 4916
4914 4921 4905
4905 4921 4918
4921 4914 4919
4917 4922 4892
4892 4922 4886
4917 4918 4923
4921 4923 4918
4917 4923 4922
4920 4924 4919
4925 4924 4920
4926 4921 4919
4926 4919 4924
4921 4926 4923
4925 4927 4924
4926 4924 4927
4928 4927 4925
4929 4886 4922
4884 4886 4929
4923 4926 4930
4926 4927 4930
4931 4922 4923
4931 4929 4922
4930 4931 4923
4928 4932 4927
4933 4932 4928
4929 4934 4884
4934 4874 4884
4935 4929 4931
4930 4935 4931
4935 4934 4929
4936 4930 4927
4936 4927 4932
4930 4936 4935
4933 4937 4932
4932 4937 4936
4938 4937 4933
4936 4939 4935
4939 4934 4935
4936 4937 4939
4934 4940 4874
4939 4940 4934
4940 4871 4874
4938 4941 4937
4942 4941 4938
4942 4943 4941
4944 4943 4942
4944 4945 4943
4946 4945 4944
4937 4947 4939
4947 4940 4939
4937 4948 4947
4948 4943 4949
4948 4949 4947
4943 4945 4949
4947 4950 4940
4940 4950 4871
4949 4950 4947
4950 4951 4871
4949 4951 4950
4945 4951 4949
4951 4867 4871
4951 4952 4867
4945 4952 4951
4952 4953 4867
4945 4953 4952
4868 4867 4953
4953 4954 4868
4945 4955 4953
4955 4954 4953
4946 4955 4945
4955 4956 4954
4955 4946 4957
4955 4957 4956
4958 4959 4960
4958 4960 4961
4962 4958 4961
4962 4961 4963
4964 4963 4961
4964 4965 4963
4965 4964 4966
4965 4966 4967
4968 4964 4961
4968 4961 4969
4970 4968 4969
4971 4964 4968
4971 4972 4964
4968 4973 4971
4970 4974 4968
4968 4974 4973
4975 4974 4970
4973 4974 4975
4972 4976 4967
4972 4977 4976
4976 4977 4978
4976 4978 4979
4979 4978 4980
4967 4981 4982
4981 4983 4982
4967 4982 4984
4967 4984 4985
4984 4986 4985
4984 4987 4986
4988 4989 4990
4988 4990 4991
4992 4993 4994
4992 4994 4995
4996 4992 4997
4998 4996 4997
4999 4996 4998
4999 5000 4996
5001 5000 4999
4998 4997 5002
4997 5003 5004
4997 5004 5005
5001 5006 5007
5008 5007 5006
5008 5009 5007
5002 5009 5008
5002 5010 5009
5011 5012 5013
5011 5013 5014
5015 5014 5013
5015 5013 5016
5017 5015 5016
5015 5017 5018
5019 5014 5015
5019 5015 5018
5020 5021 5019
5021 5020 5022
5022 5020 5023
5022 5023 5024
5025 5024 5023
5025 5026 5027
5027 5026 5028
5027 5028 5029
5029 5028 5030
5029 5030 5031
5032 5033 5034
5032 5034 5035
5035 5034 5036
5035 5036 5037
5038 5035 5037
5032 5035 5039
5038 5039 5035
5032 5039 5040
5041 5039 5038
5040 5039 5042
5041 5042 5039
5040 5042 5043
5044 5042 5041
5043 5042 5045
5044 5045 5042
5043 5045 5046
5047 5045 5044
5046 5045 5048
5047 5048 5045
5049 5048 5047
5046 5048 5050
5049 5051 5048
5051 5050 5048
5052 5051 5049
5052 5053 5051
5053 5052 5054
5051 5055 5050
5053 5055 5051
5055 5056 5050
5057 5050 5056
5055 5058 5056
5059 5058 5055
5053 5059 5055
5059 5060 5058
5061 5060 5059
5061 5059 5053
5061 5062 5060
5053 5054 5063
5061 5053 5063
5063 5054 5064
5063 5064 5065
5065 5061 5063
5065 5064 5066
5067 5062 5061
5065 5067 5061
5067 5068 5062
5065 5066 5069
5069 5067 5065
5069 5066 5070
5071 5068 5067
5069 5071 5067
5071 5072 5068
5073 5072 5071
5069 5070 5074
5074 5071 5069
5074 5070 5075
5073 5071 5076
5074 5076 5071
5074 5075 5077
5077 5076 5074
5077 5075 5078
5073 5076 5079
5077 5079 5076
5073 5079 5080
5080 5079 5081
5077 5078 5082
5082 5079 5077
5082 5081 5079
5082 5078 5083
5084 5081 5082
5082 5083 5084
5084 5085 5081
5086 5084 5083
5087 5085 5084
5086 5087 5084
5087 5088 5085
5089 5087 5086
5090 5088 5087
5089 5090 5087
5090 5091 5088
5090 5092 5091
5089 5093 5090
5090 5093 5092
5089 5094 5093
5095 5092 5093
5096 5093 5094
5095 5093 5096
5096 5094 5097
5096 5098 5095
5097 5099 5096
5096 5099 5098
5097 5100 5099
5101 5099 5100
5098 5099 5102
5101 5102 5099
5098 5102 5103
5104 5102 5101
5103 5102 5105
5104 5105 5102
5103 5105 5106
5105 5107 5106
5104 5108 5105
5105 5108 5107
5104 5109 5108
5110 5107 5108
5111 5108 5109
5110 5108 5111
5111 5109 5112
5110 5111 5113
5112 5113 5111
5110 5113 5114
5112 5115 5113
5114 5113 5116
5116 5113 5115
5114 5116 5117
5116 5115 5118
5117 5116 5119
5118 5119 5116
5117 5119 5120
5118 5121 5119
5120 5119 5122
5122 5119 5121
5120 5122 5123
5122 5121 5124
5123 5122 5125
5124 5125 5122
5123 5125 5126
5124 5127 5125
5126 5125 5128
5128 5125 5127
5126 5128 5129
5128 5127 5130
5128 5131 5129
5130 5132 5128
5128 5132 5131
5130 5133 5132
5134 5131 5132
5135 5132 5133
5134 5132 5135
5135 5133 5136
5137 5135 5136
5134 5135 5138
5137 5138 5135
5134 5138 5139
5140 5138 5137
5139 5138 5141
5140 5141 5138
5139 5141 5142
5143 5141 5140
5142 5141 5144
5143 5144 5141
5142 5144 5145
5146 5144 5143
5145 5144 5147
5146 5147 5144
5145 5147 5148
5146 5149 5147
5148 5147 5149
5146 5150 5149
5148 5149 5151
5152 5149 5150
5151 5149 5152
5151 5152 5153
5152 5150 5154
5152 5155 5153
5154 5156 5152
5152 5156 5155
5154 5157 5156
5155 5156 5158
5158 5156 5157
5155 5158 5159
5160 5155 5159
5160 5159 5161
5160 5161 5162
5158 5157 5163
5157 5164 5163
5165 5163 5164
5165 5166 5163
5166 5158 5163
5167 5166 5165
5159 5158 5168
5166 5168 5158
5159 5168 5161
5162 5161 5169
5162 5169 5170
5167 5171 5166
5171 5168 5166
5167 5172 5171
5167 5173 5172
5172 5173 5174
5161 5168 5175
5171 5175 5168
5161 5175 5169
5172 5175 5171
5170 5169 5176
5170 5176 5177
5169 5175 5178
5172 5178 5175
5169 5178 5176
5179 5178 5172
5176 5178 5179
5177 5176 5180
5176 5179 5180
5179 5181 5180
5177 5180 5182
5181 5182 5180
5181 5183 5182
5184 5183 5181
5179 5172 5185
5186 5179 5185
5172 5174 5185
5174 5186 5185
5174 5187 5186
5186 5187 5188
5179 5189 5181
5186 5189 5179
5186 5188 5190
5191 5190 5188
5192 5189 5186
5181 5189 5192
5192 5186 5190
5191 5193 5190
5193 5192 5190
5194 5193 5191
5184 5181 5195
5181 5192 5195
5193 5196 5192
5195 5192 5196
5194 5196 5193
5184 5195 5197
5195 5196 5197
5184 5197 5198
5198 5197 5199
5197 5196 5200
5194 5200 5196
5197 5200 5199
5194 5201 5200
5199 5200 5201
5194 5202 5201
5199 5201 5203
5204 5201 5202
5203 5201 5204
5203 5204 5205
5204 5202 5206
5204 5207 5205
5206 5208 5204
5204 5208 5207
5206 5209 5208
5210 5208 5209
5207 5208 5210
5210 5209 5211
5212 5210 5211
5207 5210 5213
5214 5207 5213
5212 5215 5210
5213 5210 5215
5216 5215 5212
5214 5213 5217
5213 5215 5217
5214 5217 5218
5216 5219 5215
5217 5215 5219
5220 5219 5216
5218 5217 5221
5217 5219 5221
5218 5221 5222
5220 5223 5219
5221 5219 5223
5224 5223 5220
5222 5221 5225
5221 5223 5225
5222 5225 5226
5224 5227 5223
5225 5223 5227
5226 5225 5228
5225 5227 5228
5226 5228 5229
5224 5230 5227
5228 5227 5230
5224 5231 5230
5229 5228 5232
5228 5230 5232
5229 5232 5233
5234 5230 5231
5232 5230 5234
5234 5231 5235
5233 5232 5236
5232 5234 5236
5233 5236 5237
5238 5237 5236
5234 5238 5236
5235 5239 5234
5234 5239 5238
5235 5240 5239
5241 5238 5239
5242 5239 5240
5241 5239 5242
5242 5240 5243
5244 5242 5243
5241 5242 5245
5244 5245 5242
5241 5245 5246
5247 5245 5244
5246 5245 5248
5247 5248 5245
5246 5248 5249
5247 5250 5248
5249 5248 5250
5247 5251 5250
5249 5250 5252
5253 5250 5251
5252 5250 5253
5252 5253 5254
5253 5251 5255
5253 5256 5254
5255 5257 5253
5253 5257 5256
5255 5258 5257
5259 5256 5257
5260 5257 5258
5259 5257 5260
5260 5258 5261
5262 5260 5261
5259 5260 5263
5262 5263 5260
5259 5263 5264
5262 5265 5263
5264 5263 5265
5262 5266 5265
5264 5265 5267
5268 5265 5266
5267 5265 5268
5267 5268 5269
5268 5266 5270
5268 5271 5269
5270 5272 5268
5268 5272 5271
5270 5273 5272
5274 5271 5272
5275 5272 5273
5274 5272 5275
5275 5273 5276
5277 5275 5276
5274 5275 5278
5277 5278 5275
5274 5278 5279
5280 5278 5277
5279 5278 5281
5280 5281 5278
5279 5281 5282
5283 5281 5280
5282 5281 5284
5283 5284 5281
5282 5284 5285
5286 5284 5283
5285 5284 5287
5286 5287 5284
5285 5287 5288
5289 5287 5286
5288 5287 5289
5290 5291 5292
5290 5293 5291
5294 5291 5293
5294 5293 5295
5293 5296 5295
5290 5297 5293
5293 5297 5296
5290 5298 5297
5299 5296 5297
5300 5297 5298
5299 5297 5300
5299 5300 5301
5300 5298 5302
5301 5300 5302
5299 5301 5303
5301 5302 5304
5305 5301 5304
5301 5306 5303
5305 5307 5301
5301 5307 5306
5308 5307 5305
5306 5307 5309
5308 5309 5307
5306 5309 5310
5311 5309 5308
5310 5309 5312
5311 5312 5309
5310 5312 5313
5314 5312 5311
5313 5312 5314
5314 5311 5315
5313 5314 5316
5315 5317 5314
5316 5314 5317
5315 5318 5317
5316 5317 5319
5320 5317 5318
5319 5317 5321
5320 5321 5317
5319 5321 5322
5323 5321 5320
5322 5321 5324
5323 5324 5321
5322 5324 5325
5323 5326 5324
5325 5324 5326
5323 5327 5326
5325 5326 5328
5329 5326 5327
5328 5326 5329
5328 5329 5330
5329 5327 5331
5332 5330 5329
5333 5329 5331
5332 5329 5333
5333 5331 5334
5332 5333 5335
5334 5335 5333
5332 5335 5336
5334 5337 5335
5336 5335 5338
5338 5335 5337
5336 5338 5339
5338 5337 5340
5338 5341 5339
5340 5342 5338
5338 5342 5341
5340 5343 5342
5344 5341 5342
5345 5342 5343
5344 5342 5345
5345 5343 5346
5347 5345 5346
5344 5345 5348
5347 5348 5345
5344 5348 5349
5350 5348 5347
5349 5348 5351
5350 5351 5348
5349 5351 5352
5353 5351 5350
5352 5351 5353
5354 5355 5356
5357 5355 5354
5357 5354 5358
5359 5358 5354
5360 5358 5359
5357 5358 5361
5360 5361 5358
5357 5361 5362
5363 5361 5360
5362 5361 5364
5363 5364 5361
5362 5364 5365
5366 5364 5363
5365 5364 5366
5365 5366 5367
5366 5363 5368
5366 5369 5367
5368 5370 5366
5366 5370 5369
5368 5371 5370
5372 5369 5370
5373 5370 5371
5372 5370 5373
5373 5371 5374
5375 5373 5374
5372 5373 5376
5375 5376 5373
5372 5376 5377
5378 5376 5375
5377 5376 5379
5378 5379 5376
5377 5379 5380
5381 5379 5378
5380 5379 5382
5381 5382 5379
5380 5382 5383
5382 5384 5383
5381 5385 5382
5382 5385 5384
5381 5386 5385
5387 5384 5385
5388 5385 5386
5387 5385 5388
5388 5386 5389
5390 5388 5389
5387 5388 5391
5390 5391 5388
5387 5391 5392
5393 5391 5390
5392 5391 5394
5393 5394 5391
5392 5394 5395
5396 5394 5393
5395 5394 5397
5396 5397 5394
5395 5397 5398
5399 5397 5396
5398 5397 5400
5399 5400 5397
5398 5400 5401
5400 5402 5401
5399 5403 5400
5400 5403 5402
5399 5404 5403
5405 5402 5403
5406 5403 5404
5405 5403 5406
5406 5404 5407
5408 5406 5407
5405 5406 5409
5408 5409 5406
5405 5409 5410
5411 5409 5408
5410 5409 5412
5411 5412 5409
5410 5412 5413
5414 5412 5411
5413 5412 5415
5414 5415 5412
5413 5415 5416
5417 5415 5414
5416 5415 5418
5417 5418 5415
5416 5418 5419
5420 5418 5417
5419 5418 5421
5420 5421 5418
5419 5421 5422
5421 5423 5422
5420 5424 5421
5421 5424 5423
5420 5425 5424
5426 5423 5424
5427 5424 5425
5426 5424 5427
5427 5425 5428
5429 5427 5428
5426 5427 5430
5429 5430 5427
5426 5430 5431
5432 5430 5429
5431 5430 5433
5432 5433 5430
5431 5433 5434
5435 5433 5432
5434 5433 5436
5435 5436 5433
5434 5436 5437
5438 5436 5435
5437 5436 5439
5438 5439 5436
5437 5439 5440
5439 5441 5440
5438 5442 5439
5439 5442 5441
5438 5443 5442
5444 5441 5442
5445 5442 5443
5444 5442 5445
5445 5443 5446
5447 5445 5446
5444 5445 5448
5447 5448 5445
5444 5448 5449
5450 5448 5447
5449 5448 5451
5450 5451 5448
5449 5451 5452
5453 5451 5450
5452 5451 5454
5453 5454 5451
5452 5454 5455
5456 5454 5453
5455 5454 5457
5456 5457 5454
5455 5457 5458
5457 5459 5458
5456 5460 5457
5457 5460 5459
5456 5461 5460
5462 5459 5460
5463 5460 5461
5462 5460 5463
5463 5461 5464
5465 5463 5464
5462 5463 5466
5465 5466 5463
5462 5466 5467
5467 5466 5468
5465 5468 5466
5467 5468 5469
5465 5470 5468
5470 5465 5471
5469 5468 5472
5469 5472 5473
5474 5468 5470
5471 5474 5470
5474 5472 5468
5473 5472 5475
5473 5475 5476
5475 5477 5476
5478 5475 5472
5478 5472 5474
5475 5479 5477
5478 5479 5475
5480 5477 5479
5471 5481 5474
5482 5481 5471
5483 5481 5482
5474 5481 5484
5483 5484 5481
5474 5484 5478
5485 5484 5483
5485 5486 5484
5478 5484 5486
5487 5486 5485
5480 5479 5488
5488 5489 5480
5478 5490 5479
5478 5486 5490
5488 5479 5490
5487 5491 5486
5490 5486 5491
5492 5491 5487
5490 5491 5493
5488 5490 5493
5492 5494 5491
5493 5491 5494
5495 5494 5492
5488 5496 5489
5497 5489 5496
5498 5488 5493
5493 5494 5498
5498 5496 5488
5495 5499 5494
5498 5494 5499
5500 5499 5495
5498 5499 5501
5502 5496 5498
5499 5503 5501
5497 5496 5504
5502 5504 5496
5504 5505 5497
5506 5504 5502
5500 5507 5499
5499 5507 5503
5508 5507 5500
5509 5503 5507
5504 5510 5505
5506 5510 5504
5511 5505 5510
5512 5510 5506
5508 5513 5507
5509 5507 5513
5514 5513 5508
5513 5515 5509
5511 5510 5516
5512 5516 5510
5516 5517 5511
5518 5516 5512
5514 5519 5513
5513 5519 5515
5520 5515 5519
5521 5519 5514
5516 5522 5517
5518 5522 5516
5523 5517 5522
5524 5522 5518
5520 5519 5525
5521 5525 5519
5525 5526 5520
5521 5527 5525
5525 5527 5526
5521 5528 5527
5529 5526 5527
5530 5527 5528
5529 5527 5530
5530 5528 5531
5523 5522 5532
5524 5532 5522
5523 5532 5533
5524 5533 5532
5523 5533 5534
5524 5535 5533
5536 5534 5533
5537 5533 5535
5537 5535 5529
5536 5533 5537
5538 5537 5529
5530 5538 5529
5536 5537 5539
5538 5539 5537
5536 5539 5540
5540 5539 5541
5540 5541 5542
5543 5539 5538
5543 5541 5539
5530 5544 5538
5543 5538 5544
5542 5541 5545
5542 5545 5546
5541 5547 5545
5548 5546 5547
5549 5544 5530
5531 5549 5530
5531 5550 5549
5551 5549 5550
5551 5544 5549
5551 5550 5552
5553 5551 5552
5551 5554 5544
5543 5544 5554
5553 5555 5551
5555 5554 5551
5556 5555 5553
5543 5554 5557
5555 5557 5554
5556 5558 5555
5559 5558 5556
5543 5557 5560
5560 5541 5543
5555 5561 5557
5555 5558 5561
5559 5562 5558
5563 5562 5559
5563 5564 5562
5565 5562 5564
5558 5562 5566
5558 5566 5561
5565 5566 5562
5557 5567 5560
5557 5561 5567
5560 5568 5541
5541 5568 5547
5560 5569 5568
5568 5569 5547
5560 5567 5569
5569 5548 5547
5548 5569 5570
5567 5570 5569
5548 5570 5571
5571 5570 5572
5571 5572 5573
5567 5574 5570
5574 5572 5570
5561 5575 5567
5575 5574 5567
5573 5572 5576
5573 5576 5577
5561 5578 5575
5561 5566 5578
5579 5574 5575
5579 5575 5578
5574 5580 5572
5580 5576 5572
5579 5580 5574
5581 5578 5566
5579 5578 5581
5581 5566 5565
5577 5576 5582
5577 5582 5583
5584 5580 5579
5581 5584 5579
5580 5585 5576
5585 5582 5576
5584 5585 5580
5565 5586 5581
5581 5586 5584
5583 5582 5587
5583 5587 5588
5589 5585 5584
5589 5584 5586
5585 5590 5582
5590 5587 5582
5589 5590 5585
5565 5591 5586
5565 5592 5591
5588 5587 5593
5588 5593 5594
5590 5595 5587
5595 5593 5587
5596 5586 5591
5589 5586 5596
5597 5591 5592
5596 5591 5597
5597 5592 5598
5599 5597 5598
5594 5593 5600
5594 5600 5601
5602 5601 5600
5603 5590 5589
5603 5595 5590
5604 5596 5597
5599 5604 5597
5589 5596 5605
5589 5605 5603
5604 5605 5596
5599 5606 5604
5599 5607 5606
5608 5606 5607
5608 5607 5609
5608 5609 5610
5611 5605 5604
5612 5611 5604
5608 5613 5612
5608 5611 5614
5603 5605 5615
5611 5615 5605
5603 5615 5616
5616 5595 5603
5617 5615 5611
5608 5617 5611
5616 5615 5617
5608 5610 5618
5618 5610 5619
5616 5620 5595
5595 5620 5593
5620 5600 5593
5621 5620 5616
5620 5621 5600
5616 5617 5621
5622 5617 5608
5622 5608 5618
5618 5619 5623
5623 5622 5618
5623 5619 5624
5625 5600 5621
5602 5600 5625
5626 5621 5617
5626 5617 5622
5625 5621 5626
5623 5624 5627
5627 5624 5628
5623 5629 5622
5626 5622 5629
5627 5629 5623
5602 5625 5630
5602 5630 5631
5632 5625 5626
5626 5629 5632
5632 5630 5625
5627 5628 5633
5633 5628 5634
5627 5635 5629
5632 5629 5635
5633 5635 5627
5631 5630 5636
5631 5636 5637
5638 5630 5632
5632 5635 5638
5638 5636 5630
5633 5634 5639
5639 5634 5640
5633 5641 5635
5638 5635 5641
5639 5641 5633
5637 5636 5642
5637 5642 5643
5644 5636 5638
5638 5641 5644
5644 5642 5636
5639 5640 5645
5645 5640 5646
5639 5647 5641
5644 5641 5647
5645 5647 5639
5643 5642 5648
5643 5648 5649
5650 5642 5644
5644 5647 5650
5650 5648 5642
5649 5648 5651
5649 5651 5652
5651 5653 5652
5650 5647 5654
5645 5654 5647
5655 5648 5650
5655 5651 5648
5650 5654 5655
5651 5656 5653
5655 5656 5651
5657 5653 5656
5654 5658 5655
5655 5658 5656
5657 5656 5659
5659 5656 5658
5659 5660 5657
5645 5661 5654
5654 5661 5658
5659 5658 5662
5662 5658 5661
5659 5663 5660
5662 5663 5659
5664 5660 5663
5645 5665 5661
5645 5646 5665
5665 5646 5666
5667 5661 5665
5662 5661 5667
5665 5666 5668
5667 5665 5668
5668 5666 5669
5668 5669 5670
5670 5667 5668
5670 5669 5671
5662 5667 5672
5670 5672 5667
5670 5671 5673
5673 5672 5670
5673 5671 5674
5662 5675 5663
5662 5672 5675
5673 5676 5672
5675 5672 5676
5673 5674 5677
5677 5676 5673
5677 5674 5678
5679 5663 5675
5664 5663 5679
5675 5676 5680
5679 5675 5680
5677 5681 5676
5680 5676 5681
5677 5678 5682
5682 5681 5677
5682 5678 5683
5664 5679 5684
5664 5684 5685
5686 5679 5680
5680 5681 5686
5686 5684 5679
5682 5687 5681
5686 5681 5687
5682 5683 5688
5688 5687 5682
5688 5683 5689
5685 5684 5690
5685 5690 5691
5692 5684 5686
5686 5687 5692
5692 5690 5684
5688 5693 5687
5692 5687 5693
5688 5689 5694
5694 5693 5688
5694 5689 5695
5691 5690 5696
5691 5696 5697
5698 5690 5692
5692 5693 5698
5698 5696 5690
5694 5699 5693
5698 5693 5699
5694 5695 5700
5700 5699 5694
5700 5695 5701
5697 5696 5702
5697 5702 5703
5704 5703 5702
5705 5696 5698
5698 5699 5705
5705 5702 5696
5700 5706 5699
5705 5699 5706
5700 5701 5707
5707 5706 5700
5707 5701 5708
5704 5702 5709
5709 5702 5705
5705 5706 5710
5709 5705 5710
5707 5711 5706
5710 5706 5711
5707 5708 5712
5712 5711 5707
5712 5708 5713
5704 5709 5714
5704 5714 5715
5716 5709 5710
5710 5711 5716
5716 5714 5709
5712 5717 5711
5716 5711 5717
5712 5713 5718
5718 5717 5712
5718 5713 5719
5715 5714 5720
5715 5720 5721
5722 5714 5716
5716 5717 5722
5722 5720 5714
5722 5717 5723
5718 5723 5717
5718 5719 5724
5724 5719 5725
5724 5725 5726
5727 5720 5722
5722 5723 5727
5718 5728 5723
5718 5724 5728
5724 5726 5729
5730 5729 5726
5731 5724 5729
5731 5728 5724
5730 5731 5729
5723 5728 5732
5723 5732 5727
5727 5733 5720
5721 5720 5733
5734 5728 5731
5734 5732 5728
5727 5732 5735
5727 5735 5733
5730 5736 5731
5734 5731 5736
5737 5735 5732
5737 5732 5734
5733 5735 5738
5721 5733 5739
5733 5738 5739
5740 5735 5737
5740 5738 5735
5734 5741 5737
5737 5742 5740
5737 5741 5742
5743 5738 5740
5742 5743 5740
5734 5736 5744
5734 5744 5741
5739 5738 5745
5743 5745 5738
5739 5746 5721
5739 5745 5747
5739 5747 5746
5721 5746 5748
5721 5748 5749
5749 5748 5750
5749 5750 5751
5751 5750 5752
5751 5752 5753
5753 5752 5754
5753 5754 5755
5755 5754 5756
5755 5756 5757
5758 5757 5756
5758 5759 5757
5760 5759 5758
5760 5761 5759
5762 5761 5760
5756 5763 5758
5763 5760 5758
5754 5764 5756
5756 5764 5763
5752 5765 5754
5754 5765 5764
5750 5766 5752
5752 5766 5765
5750 5767 5766
5748 5767 5750
5748 5768 5767
5746 5768 5748
5769 5764 5765
5770 5765 5766
5769 5765 5770
5771 5766 5767
5770 5766 5771
5772 5767 5768
5771 5767 5772
5773 5768 5746
5772 5768 5773
5773 5746 5774
5775 5772 5773
5776 5772 5775
5776 5771 5772
5777 5771 5776
5777 5770 5771
5778 5770 5777
5778 5769 5770
5774 5746 5747
5774 5747 5779
5747 5780 5779
5747 5745 5780
5781 5780 5745
5781 5745 5743
5782 5769 5778
5781 5743 5783
5781 5783 5784
5742 5783 5743
5782 5785 5769
5785 5764 5769
5785 5763 5764
5782 5786 5785
5786 5763 5785
5782 5787 5786
5788 5786 5787
5788 5787 5789
5790 5788 5789
5786 5791 5763
5788 5791 5786
5763 5791 5760
5760 5791 5788
5784 5783 5792
5784 5792 5793
5790 5794 5788
5795 5794 5790
5760 5788 5796
5796 5788 5794
5762 5760 5796
5762 5796 5797
5796 5794 5797
5762 5797 5798
5795 5799 5794
5797 5794 5799
5800 5799 5795
5798 5797 5801
5797 5799 5801
5798 5801 5802
5800 5803 5799
5801 5799 5803
5804 5803 5800
5802 5801 5805
5801 5803 5805
5802 5805 5806
5804 5807 5803
5805 5803 5807
5806 5805 5808
5805 5807 5808
5806 5808 5809
5810 5809 5808
5807 5810 5808
5804 5811 5807
5807 5811 5810
5804 5812 5811
5813 5810 5811
5814 5811 5812
5813 5811 5814
5814 5812 5815
5816 5814 5815
5813 5814 5817
5816 5817 5814
5813 5817 5818
5819 5817 5816
5818 5817 5820
5819 5820 5817
5818 5820 5821
5822 5820 5819
5821 5820 5823
5822 5823 5820
5821 5823 5824
5823 5825 5824
5822 5826 5823
5823 5826 5825
5822 5827 5826
5828 5825 5826
5829 5826 5827
5828 5826 5829
5829 5827 5830
5829 5831 5828
5830 5832 5829
5829 5832 5831
5830 5833 5832
5834 5832 5833
5831 5832 5834
5834 5833 5835
5836 5834 5835
5836 5835 5837
5831 5834 5838
5838 5834 5836
5839 5831 5838
5840 5839 5838
5840 5838 5841
5838 5836 5841
5842 5840 5841
5836 5842 5841
5842 5843 5840
5844 5843 5842
5837 5845 5836
5837 5846 5845
5836 5847 5842
5836 5845 5847
5848 5845 5846
5848 5846 5849
5850 5848 5849
5851 5847 5845
5842 5847 5851
5851 5845 5848
5844 5842 5852
5842 5851 5852
5850 5853 5848
5854 5853 5850
5855 5851 5848
5852 5851 5855
5855 5848 5853
5844 5852 5856
5852 5855 5856
5844 5856 5857
5854 5858 5853
5859 5858 5854
5860 5855 5853
5856 5855 5860
5860 5853 5858
5857 5856 5861
5856 5860 5861
5857 5861 5862
5862 5861 5863
5861 5860 5864
5861 5864 5863
5864 5860 5858
5864 5865 5863
5859 5866 5858
5864 5858 5866
5864 5867 5865
5866 5867 5864
5865 5867 5868
5859 5869 5866
5866 5869 5867
5859 5870 5869
5871 5869 5870
5872 5867 5869
5871 5872 5869
5868 5867 5872
5873 5872 5871
5868 5872 5874
5873 5874 5872
5868 5874 5875
5876 5874 5873
5875 5874 5877
5876 5877 5874
5875 5877 5878
5879 5877 5876
5878 5877 5880
5879 5880 5877
5878 5880 5881
5880 5882 5881
5879 5883 5880
5880 5883 5882
5879 5884 5883
5885 5882 5883
5885 5883 5884
5886 5887 5888
5886 5889 5887
5889 5890 5887
5730 5887 5890
5891 5889 5886
5891 5890 5889
5730 5890 5892
5892 5736 5730
5891 5893 5890
5892 5890 5893
5892 5894 5736
5744 5736 5894
5892 5893 5895
5895 5894 5892
5896 5893 5891
5891 5886 5897
5897 5896 5891
5895 5893 5898
5896 5898 5893
5744 5894 5899
5895 5900 5894
5899 5894 5900
5901 5744 5899
5901 5741 5744
5895 5898 5902
5902 5900 5895
5899 5900 5903
5903 5901 5899
5904 5741 5901
5904 5742 5741
5904 5783 5742
5904 5792 5783
5904 5901 5905
5903 5905 5901
5903 5900 5906
5902 5906 5900
5907 5792 5904
5904 5905 5907
5908 5905 5903
5903 5906 5908
5907 5909 5792
5793 5792 5909
5793 5909 5910
5907 5905 5911
5908 5911 5905
5912 5909 5907
5907 5911 5912
5910 5909 5913
5912 5913 5909
5910 5913 5914
5914 5913 5915
5914 5915 5916
5917 5913 5912
5917 5915 5913
5912 5911 5918
5912 5918 5917
5919 5911 5908
5919 5918 5911
5916 5915 5920
5916 5920 5921
5922 5915 5917
5918 5922 5917
5922 5920 5915
5921 5920 5923
5921 5923 5924
5908 5925 5919
5908 5906 5925
5919 5926 5918
5918 5926 5922
5927 5920 5922
5927 5923 5920
5924 5923 5928
5924 5928 5929
5930 5927 5922
5930 5922 5926
5931 5923 5927
5931 5928 5923
5931 5927 5930
5929 5928 5932
5929 5932 5933
5933 5932 5934
5935 5932 5928
5935 5928 5931
5932 5936 5934
5935 5936 5932
5937 5934 5936
5937 5936 5938
5938 5936 5939
5939 5936 5940
5940 5936 5935
5940 5941 5939
5931 5942 5935
5940 5935 5942
5940 5943 5941
5940 5942 5943
5944 5941 5943
5944 5943 5945
5945 5943 5942
5945 5946 5944
5931 5947 5942
5931 5930 5947
5945 5948 5946
5949 5946 5948
5945 5942 5950
5950 5942 5947
5950 5948 5945
5947 5930 5951
5951 5930 5926
5949 5948 5952
5952 5953 5949
5950 5954 5948
5952 5948 5954
5950 5947 5955
5947 5951 5955
5955 5954 5950
5952 5956 5953
5957 5953 5956
5955 5958 5954
5951 5958 5955
5952 5954 5959
5959 5956 5952
5959 5954 5958
5951 5926 5960
5919 5960 5926
5951 5961 5958
5960 5961 5951
5919 5962 5960
5960 5962 5961
5919 5925 5962
5959 5958 5963
5963 5958 5961
5959 5964 5956
5963 5964 5959
5965 5961 5962
5963 5961 5965
5966 5962 5925
5965 5962 5966
5965 5967 5963
5963 5967 5964
5968 5956 5964
5957 5956 5968
5968 5964 5969
5969 5964 5967
5957 5968 5970
5970 5968 5969
5957 5970 5971
5970 5972 5971
5970 5973 5972
5974 5973 5970
5970 5969 5974
5974 5975 5973
5976 5975 5974
5976 5974 5969
5976 5977 5975
5965 5978 5967
5966 5978 5965
5969 5967 5979
5976 5969 5979
5979 5967 5978
5980 5977 5976
5979 5980 5976
5980 5981 5977
5979 5978 5982
5979 5982 5980
5966 5983 5978
5982 5978 5983
5984 5981 5980
5984 5985 5981
5980 5982 5986
5980 5986 5984
5982 5983 5986
5987 5985 5984
5987 5984 5986
5987 5988 5985
5989 5983 5966
5966 5925 5989
5989 5925 5906
5989 5906 5902
5989 5990 5983
5902 5990 5989
5986 5983 5990
5902 5898 5990
5986 5990 5991
5991 5990 5898
5987 5986 5991
5991 5898 5896
5992 5988 5987
5991 5992 5987
5991 5896 5992
5992 5993 5988
5897 5992 5896
5897 5993 5992
5897 5994 5993
5886 5994 5897
5886 5995 5994
5996 5995 5886
5996 5997 5995
5998 5999 6000
5998 6000 6001
6002 6001 6000
6002 6003 6001
6004 5998 6001
6005 6001 6003
6004 6001 6005
6005 6003 6006
6007 6005 6006
6004 6005 6008
6007 6008 6005
6004 6008 6009
6010 6008 6007
6009 6008 6011
6010 6011 6008
6009 6011 6012
6013 6011 6010
6012 6011 6014
6013 6014 6011
6012 6014 6015
6016 6014 6013
6015 6014 6017
6016 6017 6014
6015 6017 6018
6017 6019 6018
6016 6020 6017
6017 6020 6019
6016 6021 6020
6022 6019 6020
6023 6020 6021
6022 6020 6023
6023 6021 6024
6025 6023 6024
6022 6023 6026
6025 6026 6023
6022 6026 6027
6028 6026 6025
6027 6026 6029
6028 6029 6026
6027 6029 6030
6031 6029 6028
6030 6029 6032
6031 6032 6029
6030 6032 6033
6032 6034 6033
6031 6035 6032
6032 6035 6034
6031 6036 6035
6037 6034 6035
6038 6035 6036
6037 6035 6038
6038 6036 6039
6038 6040 6037
6039 6041 6038
6038 6041 6040
6041 6042 6040
6039 6043 6041
6043 6044 6041
6041 6045 6042
6041 6044 6045
6043 6046 6044
6044 6047 6045
6044 6046 6048
6047 6044 6049
6047 6049 6050
6044 6048 6051
6044 6051 6049
6051 6048 6052
6050 6049 6053
6050 6053 6054
6049 6051 6055
6051 6052 6055
6049 6055 6053
6056 6054 6053
6055 6056 6053
6056 6057 6054
6052 6058 6055
6055 6058 6056
6052 6059 6058
6059 6060 6058
6056 6058 6060
6059 6061 6060
6057 6056 6062
6056 6060 6062
6057 6062 6063
6061 6064 6060
6064 6062 6060
6061 6065 6064
6066 6063 6062
6064 6066 6062
6066 6067 6063
6068 6067 6066
6068 6066 6064
6065 6069 6064
6068 6064 6069
6065 6070 6069
6071 6068 6069
6070 6072 6069
6071 6069 6072
6070 6073 6072
6074 6071 6072
6073 6075 6072
6074 6072 6075
6073 6076 6075
6077 6074 6075
6077 6075 6078
6079 6078 6075
6079 6080 6078
6081 6077 6078
6081 6078 6082
6078 6083 6082
6078 6084 6083
6085 6081 6082
6085 6086 6081
6087 6086 6085
6082 6088 6085
6082 6089 6088
6085 6088 6090
6085 6090 6091
6087 6085 6091
6092 6087 6091
6092 6091 6093
6091 6094 6093
6091 6095 6094
6093 6094 6096
6097 6092 6093
6093 6096 6097
6097 6098 6092
6097 6096 6099
6100 6098 6097
6097 6099 6101
6100 6097 6101
6102 6103 6104
6102 6104 6105
6105 6104 6106
6105 6106 6107
6108 6102 6105
6105 6107 6109
6108 6105 6110
6105 6109 6110
6111 6108 6110
6110 6109 6112
6111 6110 6113
6110 6112 6113
6111 6113 6114
6114 6113 6112
6111 6114 6115
6114 6112 6116
6114 6117 6115
6118 6114 6116
6114 6119 6117
6118 6119 6114
6119 6120 6117
6118 6121 6119
6119 6121 6120
6118 6122 6121
6123 6120 6121
6124 6121 6122
6123 6121 6124
6124 6122 6125
6126 6124 6125
6123 6124 6127
6126 6127 6124
6123 6127 6128
6129 6127 6126
6128 6127 6130
6129 6130 6127
6128 6130 6131
6130 6132 6131
6129 6133 6130
6130 6133 6132
6129 6134 6133
6135 6132 6133
6136 6133 6134
6135 6133 6136
6136 6134 6137
6138 6136 6137
6135 6136 6139
6138 6139 6136
6135 6139 6140
6141 6139 6138
6140 6139 6142
6141 6142 6139
6140 6142 6143
6142 6144 6143
6141 6145 6142
6142 6145 6144
6141 6146 6145
6147 6145 6146
6148 6144 6145
6147 6148 6145
6148 6149 6144
6150 6149 6148
6151 6148 6147
6150 6148 6151
6151 6147 6152
6151 6153 6150
6152 6154 6151
6151 6154 6153
6152 6155 6154
6154 6155 6156
6153 6154 6157
6154 6156 6157
6153 6157 6158
6157 6156 6159
6158 6157 6160
6157 6159 6160
6158 6160 6161
6162 6160 6159
6162 6161 6160
6163 170 6164
170 176 6164
6164 176 6165
6165 176 6166
6166 176 177
6166 177 6167
6164 6165 6168
6168 6165 6169
6170 6164 6168
6171 6164 6170
6170 6168 6172
6168 6169 6173
6172 6168 6173
6173 6169 6174
6172 6173 6175
6173 6174 6176
6175 6173 6176
6177 6178 6179
6177 6179 6180
6181 6180 6179
6181 6182 6180
6182 6181 6183
6182 6183 6184
6184 6183 6185
6184 6185 6186
6186 6185 6187
6186 6187 6188
6188 6187 6189
6188 6189 6190
6190 6189 6191
6190 6191 6192
6192 6191 6193
6192 6193 6194
6194 6193 6195
6194 6195 6196
6196 6195 6197
6197 6195 6198
6196 6197 6199
6200 6197 6198
6199 6197 6201
6200 6201 6197
6199 6201 6202
6203 6201 6200
6202 6201 6204
6203 6204 6201
6202 6204 6205
6206 6204 6203
6205 6204 6207
6206 6207 6204
6205 6207 6208
6209 6207 6206
6208 6207 6210
6209 6210 6207
6208 6210 6211
6212 6210 6209
6211 6210 6213
6212 6213 6210
6211 6213 6214
6215 6213 6212
6214 6213 6216
6215 6216 6213
6214 6216 6217
6218 6216 6215
6217 6216 6219
6218 6219 6216
6217 6219 6220
6221 6219 6218
6220 6219 6222
6221 6222 6219
6220 6222 6223
6224 6222 6221
6222 6225 6223
6224 6226 6222
6222 6226 6225
6227 6226 6224
6226 6228 6225
6227 6229 6226
6226 6229 6228
6230 6229 6227
6229 6231 6228
6230 6232 6229
6229 6232 6231
6233 6232 6230
6232 6234 6231
6233 6235 6232
6232 6235 6234
6236 6235 6233
6235 6237 6234
6236 6238 6235
6235 6238 6237
6239 6238 6236
6238 6240 6237
6239 6241 6238
6238 6241 6240
6242 6241 6239
6241 6243 6240
6242 6244 6241
6241 6244 6243
6245 6244 6242
6244 6246 6243
6245 6247 6244
6244 6247 6246
6248 6247 6245
6247 6249 6246
6248 6250 6247
6247 6250 6249
6251 6250 6248
6250 6252 6249
6251 6253 6250
6250 6253 6252
6254 6253 6251
6253 6255 6252
6254 6256 6253
6253 6256 6255
6256 6257 6255
6258 6256 6254
6256 6259 6257
6258 6259 6256
6259 6260 6257
6261 6259 6258
6259 6261 6260
6261 6258 6262
6261 6263 6260
6264 6261 6262
6261 6265 6263
6264 6265 6261
6265 6266 6263
6267 6265 6264
6265 6268 6266
6267 6268 6265
6268 6269 6266
6270 6268 6267
6268 6271 6269
6270 6271 6268
6271 6272 6269
6273 6271 6270
6271 6274 6272
6273 6274 6271
6274 6275 6272
6276 6274 6273
6274 6277 6275
6276 6277 6274
6277 6278 6275
6279 6277 6276
6277 6280 6278
6279 6280 6277
6280 6281 6278
6282 6280 6279
6280 6283 6281
6282 6283 6280
6283 6284 6281
6285 6283 6282
6283 6286 6284
6285 6286 6283
6286 6287 6284
6288 6286 6285
6286 6289 6287
6288 6289 6286
6289 6290 6287
6291 6289 6288
6289 6292 6290
6291 6292 6289
6292 6293 6290
6294 6292 6291
6292 6295 6293
6294 6295 6292
6295 6296 6293
6297 6295 6294
6295 6298 6296
6297 6298 6295
6298 6299 6296
6297 6299 6298
6300 6301 6302
6300 6303 6301
6304 6303 6300
6303 6305 6301
6304 6306 6303
6306 6305 6303
6307 6305 6306
6307 6306 6308
6309 6306 6304
6308 6306 6310
6309 6310 6306
6311 6310 6309
6308 6310 6312
6312 6310 6311
6311 6309 6313
6312 6311 6314
6315 6311 6313
6311 6316 6314
6315 6317 6311
6311 6317 6316
6318 6317 6315
6316 6317 6319
6318 6319 6317
6316 6319 6320
6321 6319 6318
6320 6319 6322
6321 6322 6319
6320 6322 6323
6324 6322 6321
6323 6322 6325
6324 6325 6322
6323 6325 6326
6327 6325 6324
6326 6325 6328
6327 6328 6325
6326 6328 6329
6330 6328 6327
6329 6328 6331
6330 6331 6328
6329 6331 6332
6333 6331 6330
6332 6331 6334
6333 6334 6331
6332 6334 6335
6336 6334 6333
6335 6334 6337
6336 6337 6334
6335 6337 6338
6339 6337 6336
6338 6337 6340
6339 6340 6337
6338 6340 6341
6342 6340 6339
6341 6340 6343
6342 6343 6340
6341 6343 6344
6345 6343 6342
6344 6343 6346
6345 6346 6343
6344 6346 6347
6348 6346 6345
6347 6346 6349
6348 6349 6346
6347 6349 6350
6351 6349 6348
6350 6349 6352
6351 6352 6349
6350 6352 6353
6354 6352 6351
6353 6352 6355
6354 6355 6352
6353 6355 6356
6357 6355 6354
6356 6355 6358
6357 6358 6355
6356 6358 6359
6360 6358 6357
6359 6358 6361
6360 6361 6358
6359 6361 6362
6363 6361 6360
6362 6361 6363
6364 6365 6366
6367 6365 6364
6367 6368 6365
6369 6368 6367
6369 6370 6368
6371 6370 6369
6371 6372 6370
6373 6372 6371
6373 6374 6372
6375 6374 6373
6375 6376 6374
6377 6376 6375
6377 6378 6376
6379 6378 6377
6379 6380 6378
6381 6380 6379
6381 6382 6380
6383 6382 6381
6383 6384 6382
6385 6384 6383
6385 6386 6384
6387 6386 6385
6387 6388 6386
6389 6388 6387
6386 6388 6390
6389 6391 6388
6392 6391 6389
6388 6393 6390
6388 6391 6393
6393 6394 6390
6395 6394 6393
6391 6395 6393
6395 6396 6394
6392 6397 6391
6398 6397 6392
6398 6399 6397
6400 6399 6398
6400 6401 6399
6402 6401 6400
6402 6403 6401
6404 6403 6402
6404 6405 6403
6406 6405 6404
6406 6407 6405
6408 6407 6406
6408 6409 6407
6410 6409 6408
6410 6411 6409
6412 6411 6410
6412 6413 6411
6414 6413 6412
6414 6415 6413
6416 6415 6414
6416 6417 6415
6418 6417 6416
6418 6419 6417
6420 6419 6418
6420 6421 6419
6422 6421 6420
6422 6423 6421
6424 6423 6422
6424 6425 6423
6426 6425 6424
6426 6427 6425
6428 6427 6426
6428 6429 6427
6430 6429 6428
6430 6431 6429
6432 6431 6430
6432 6433 6431
6434 6433 6432
6434 6435 6433
6436 6435 6434
6436 6437 6435
6438 6437 6436
6438 6439 6437
6440 6439 6438
6440 6441 6439
6442 6441 6440
6442 6443 6441
6444 6443 6442
6444 6445 6443
6446 6445 6444
6446 6447 6445
6448 6447 6446
6448 6449 6447
6450 6449 6448
6450 6451 6449
292 6451 6450
292 291 6451
6451 291 6452
291 293 6452
6451 6452 6453
6449 6451 6453
6449 6453 6454
6453 6455 6454
6456 6449 6454
6454 6455 6457
6456 6454 6458
6454 6457 6458
6459 6456 6458
6458 6457 6460
6459 6458 6461
6458 6460 6461
6462 6459 6461
6461 6460 6463
6462 6461 6463
6464 6462 6463
6464 6463 6465
6466 6464 6465
6466 6465 6467
6468 6466 6467
6468 6467 6469
6470 6468 6469
6470 6469 6471
6472 6470 6471
6472 6471 6473
6474 6472 6473
6474 6473 6475
6429 6474 6475
6429 6475 6476
6477 6429 6476
6477 6476 6478
6479 6477 6478
6479 6478 6480
6481 6479 6480
6481 6480 6482
6483 6481 6482
6483 6482 6484
6485 6483 6484
6485 6484 6486
6487 6485 6486
6487 6486 6488
6489 6487 6488
6489 6488 6490
6491 6489 6490
6491 6490 6492
6493 6491 6492
6493 6492 6494
6495 6493 6494
6495 6494 6496
6497 6495 6496
6497 6496 6498
6499 6497 6498
6499 6498 6500
6501 6499 6500
6501 6500 6502
6503 6501 6502
6503 6502 6504
6502 6505 6504
6506 6503 6504
6504 6505 6507
6506 6504 6508
6504 6507 6508
6508 6507 6396
6509 6506 6508
6508 6396 6395
6509 6508 6395
6391 6509 6395
6510 6511 6512
6510 6513 6511
6514 6513 6510
6514 6515 6513
6516 6515 6514
6516 6517 6515
6518 6517 6516
6518 6519 6517
6520 6519 6518
6520 6521 6519
6522 6521 6520
6522 6523 6521
6524 6523 6522
6524 6525 6523
6526 6525 6524
6526 6527 6525
6528 6527 6526
6528 6529 6527
6530 6529 6528
6530 6531 6529
6532 6531 6530
6532 6533 6531
6534 6533 6532
6534 6535 6533
6536 6535 6534
6536 6537 6535
6538 6537 6536
6538 6539 6537
6540 6539 6538
6540 6541 6539
6542 6541 6540
6542 6543 6541
6544 6543 6542
6544 6545 6543
6546 6545 6544
6531 6533 6547
6531 6547 6548
6533 6549 6547
6529 6531 6548
6533 6535 6549
6529 6548 6550
6535 6551 6549
6527 6529 6550
6535 6537 6551
6527 6550 6552
6537 6553 6551
6525 6527 6552
6537 6539 6553
6525 6552 6554
6539 6555 6553
6523 6525 6554
6539 6541 6555
6523 6554 6556
6541 6557 6555
6521 6523 6556
6541 6543 6557
6521 6556 6558
6543 6559 6557
6519 6521 6558
6519 6558 6560
6561 6519 6560
6561 6560 6562
6563 6561 6562
6563 6562 6564
6565 6563 6564
6565 6564 6566
6511 6565 6566
6511 6566 6567
6543 6545 6559
6545 6568 6559
6545 6569 6568
6546 6569 6545
6570 6568 6569
6571 6569 6546
6570 6569 6571
6571 6546 6572
6570 6571 6573
6573 6571 6572
6570 6573 6574
6573 6572 6575
6574 6573 6576
6576 6573 6575
6574 6576 6577
6576 6575 6578
6577 6576 6579
6579 6576 6578
6577 6579 6580
6579 6578 6581
6580 6579 6582
6582 6579 6581
6580 6582 6583
6582 6581 6584
6583 6582 6585
6585 6582 6584
6583 6585 6586
6585 6584 6587
6586 6585 6588
6588 6585 6587
6586 6588 6589
6588 6587 6590
6589 6588 6591
6591 6588 6590
6589 6591 6592
6591 6590 6593
6592 6591 6594
6594 6591 6593
6592 6594 6595
6594 6593 6596
6595 6594 6597
6597 6594 6596
6595 6597 6598
6597 6596 6599
6598 6597 6600
6600 6597 6599
6598 6600 6601
6600 6599 6602
6601 6600 6603
6603 6600 6602
6601 6603 6604
6603 6602 6605
6604 6603 6606
6607 6603 6605
6604 6606 6608
6607 6605 6609
6608 6606 6610
6611 6607 6609
6608 6610 6612
6611 6609 6613
6612 6610 6614
6615 6611 6613
6612 6614 6616
6615 6613 6617
6616 6614 6618
6619 6615 6617
6616 6618 6620
6619 6617 6621
6620 6618 6622
6623 6619 6621
6620 6622 6624
6623 6621 6625
6624 6622 6626
6626 6623 6625
6624 6626 6627
6626 6625 6628
6627 6626 6629
6629 6626 6628
6627 6629 6630
6629 6628 6631
6630 6629 6632
6632 6629 6631
6630 6632 6633
6632 6631 6634
6633 6632 6635
6635 6632 6634
6633 6635 6636
6635 6634 6637
6636 6635 6638
6638 6635 6637
6636 6638 6639
6638 6637 6640
6639 6638 6641
6641 6638 6640
6639 6641 6642
6641 6640 6643
6642 6641 6644
6644 6641 6643
6642 6644 6645
6644 6643 6646
6645 6644 6647
6647 6644 6646
6645 6647 6648
6647 6646 6649
6648 6647 6650
6650 6647 6649
6648 6650 6651
6650 6649 6652
6651 6650 6653
6653 6650 6652
6651 6653 6654
6653 6652 6655
6654 6653 6656
6656 6653 6655
6654 6656 6657
6656 6655 6658
6657 6656 6659
6659 6656 6658
6657 6659 6660
6659 6658 6661
6660 6659 6662
6662 6659 6661
6660 6662 6663
6662 6661 6664
6663 6662 6665
6665 6662 6664
6663 6665 6666
6665 6664 6667
6666 6665 6668
6668 6665 6667
6666 6668 6669
6668 6667 6670
6669 6668 6671
6671 6668 6670
6669 6671 6672
6671 6670 6673
6672 6671 6674
6675 6671 6673
6672 6674 6676
6675 6673 6677
6676 6674 6678
6679 6675 6677
6676 6678 6680
6679 6677 6681
6680 6678 6682
6683 6679 6681
6680 6682 6684
6683 6681 6685
6684 6682 6686
6687 6683 6685
6684 6686 6688
6687 6685 6689
6688 6686 6690
6691 6687 6689
6688 6690 6692
6691 6689 6693
6692 6690 6694
6695 6691 6693
6692 6694 6696
6695 6693 6697
6696 6694 6698
6699 6695 6697
6696 6698 6700
6699 6697 6701
6700 6698 6702
6703 6699 6701
6700 6702 6704
6703 6701 6705
6704 6702 6706
6707 6703 6705
6704 6706 6708
6707 6705 6709
6708 6706 6710
6711 6707 6709
6708 6710 6712
6711 6709 6713
6712 6710 6714
6715 6711 6713
6715 6713 6716
6715 6716 6717
6715 6717 6718
6718 6717 6719
6718 6719 6720
6720 6719 6721
6712 6714 6722
6722 6714 6723
6722 6723 6724
6721 6725 6724
6726 6722 6724
6725 6726 6724
6727 6728 6729
6727 6730 6728
6731 6728 6730
6731 6730 6732
6733 6732 6730
6734 6730 6727
6733 6730 6734
6734 6727 6735
6736 6733 6734
6737 6734 6735
6736 6734 6737
6736 6737 6738
6737 6735 6739
6738 6737 6739
6736 6738 6740
6738 6739 6741
6738 6742 6740
6743 6738 6741
6738 6744 6742
6743 6744 6738
6745 6744 6743
6744 6746 6742
6745 6747 6744
6744 6747 6746
6748 6747 6745
6746 6747 6749
6748 6749 6747
6746 6749 6750
6751 6749 6748
6750 6749 6752
6751 6752 6749
6750 6752 6753
6754 6752 6751
6753 6752 6755
6754 6755 6752
6753 6755 6756
6757 6755 6754
6756 6755 6758
6757 6758 6755
6756 6758 6759
6760 6758 6757
6759 6758 6761
6760 6761 6758
6759 6761 6762
6763 6761 6760
6762 6761 6764
6763 6764 6761
6762 6764 6765
6766 6764 6763
6765 6764 6767
6766 6767 6764
6765 6767 6768
6769 6767 6766
6768 6767 6770
6769 6770 6767
6768 6770 6771
6772 6770 6769
6771 6770 6773
6772 6773 6770
6771 6773 6774
6775 6773 6772
6774 6773 6776
6775 6776 6773
6774 6776 6777
6778 6776 6775
6777 6776 6779
6778 6779 6776
6777 6779 6780
6781 6779 6778
6780 6779 6782
6781 6782 6779
6780 6782 6783
6784 6782 6781
6783 6782 6785
6784 6785 6782
6783 6785 6786
6787 6785 6784
6786 6785 6787
6788 6789 6790
6790 6789 6791
6789 6792 6791
6793 6791 6792
6790 6791 6794
6795 6791 6793
6794 6791 6796
6795 6797 6791
6794 6796 6798
6799 6797 6795
6798 6796 6800
6799 6801 6797
6798 6800 6802
6803 6801 6799
6802 6800 6804
6803 6805 6801
6802 6804 6806
6807 6805 6803
6806 6804 6808
6807 6809 6805
6806 6808 6810
6811 6809 6807
6810 6808 6812
6811 6813 6809
6810 6812 6814
6815 6813 6811
6814 6812 6816
6815 6816 6813
6814 6816 6817
6818 6816 6815
6817 6816 6819
6818 6819 6816
6817 6819 6820
6821 6819 6818
6820 6819 6822
6821 6823 6819
6820 6822 6824
6825 6823 6821
6824 6822 6826
6825 6827 6823
6824 6826 6828
6829 6827 6825
6828 6826 6830
6829 6831 6827
6828 6830 6832
6833 6831 6829
6832 6830 6834
6833 6835 6831
6832 6834 6836
6837 6835 6833
6836 6834 6838
6837 6839 6835
6836 6838 6840
6839 6837 6841
6840 6838 6842
6840 6842 6843
6844 6839 6841
6844 6841 6845
6844 6845 6846
6842 6847 6843
6842 6848 6847
6847 6848 6849
6847 6849 6850
6851 6844 6846
6852 6851 6846
6853 6851 6852
6853 6854 6851
6850 6849 6855
6850 6855 6856
6855 6857 6856
6855 6858 6857
6859 6854 6853
6859 6860 6854
6859 6861 6860
6859 6862 6861
6863 6864 6865
6863 6865 6866
6866 6865 6867
6866 6867 6868
6868 6867 6869
6868 6869 6870
6870 6869 6871
6870 6871 6872
6872 6871 6873
6872 6873 6874
6874 6873 6875
6874 6875 6876
6876 6875 6877
6876 6877 6878
6879 6880 6881
6879 6882 6880
6880 6882 6883
6880 6883 6884
6884 6883 6885
6884 6885 6886
6886 6885 6887
6886 6887 6888
6888 6887 6889
6888 6889 6890
6890 6889 6891
6890 6891 6892
6892 6891 6893
6892 6893 6894
6895 6896 6897
6896 6898 6897
6899 6897 6898
6896 6900 6898
6901 6899 6898
6900 6902 6898
6901 6898 6902
6900 6903 6902
6904 6901 6902
6903 6905 6902
6904 6902 6905
6903 6906 6905
6907 6904 6905
6906 6908 6905
6907 6905 6908
6906 6909 6908
6910 6907 6908
6909 6911 6908
6910 6908 6911
6912 6910 6911
6909 6913 6911
6912 6911 6914
6913 6914 6911
6913 6915 6914
6916 6917 6918
6916 6918 6919
6920 6916 6919
6921 6919 6918
6920 6919 6922
6923 6920 6922
6921 6924 6919
6924 6922 6919
6924 6921 6925
6923 6922 6926
6927 6923 6926
6924 6928 6922
6928 6926 6922
6924 6925 6929
6928 6924 6929
6927 6926 6930
6931 6927 6930
6928 6932 6926
6932 6930 6926
6931 6930 6933
6934 6931 6933
6935 6929 6925
6936 6935 6925
6928 6929 6937
6932 6928 6937
6932 6938 6930
6938 6933 6930
6934 6933 6939
6940 6934 6939
6941 6940 6939
6942 6939 6933
6938 6942 6933
6942 6941 6939
6938 6932 6943
6932 6937 6943
6944 6937 6929
6935 6944 6929
6942 6938 6945
6938 6943 6945
6946 6943 6937
6944 6946 6937
6941 6942 6947
6942 6945 6947
6948 6945 6943
6946 6948 6943
6949 6947 6945
6948 6949 6945
6950 6941 6947
6949 6950 6947
6950 6951 6941
6951 6940 6941
6949 6952 6950
6951 6950 6952
6948 6953 6949
6949 6953 6952
6946 6954 6948
6948 6954 6953
6944 6955 6946
6946 6955 6954
6956 6940 6951
6956 6951 6952
6944 6957 6955
6935 6957 6944
6935 6958 6957
6936 6958 6935
6936 6959 6958
6960 6958 6959
6961 6960 6959
6962 6957 6958
6960 6962 6958
6963 6955 6957
6962 6963 6957
6964 6954 6955
6963 6964 6955
6961 6965 6960
6961 6966 6965
6967 6962 6960
6967 6960 6965
6964 6968 6954
6968 6953 6954
6969 6964 6963
6968 6964 6969
6962 6970 6963
6962 6967 6970
6969 6963 6970
6966 6971 6965
6966 6972 6971
6968 6973 6953
6973 6952 6953
6974 6967 6965
6974 6965 6971
6968 6969 6975
6973 6968 6975
6976 6969 6970
6976 6975 6969
6967 6977 6970
6967 6974 6977
6976 6970 6977
6973 6978 6952
6978 6956 6952
6973 6975 6979
6978 6973 6979
6978 6980 6956
6978 6979 6980
6981 6979 6975
6976 6981 6975
6982 6956 6980
6982 6940 6956
6983 6980 6979
6981 6983 6979
6984 6982 6980
6983 6984 6980
6982 6984 6985
6983 6985 6984
6986 6940 6982
6986 6982 6985
6983 6987 6985
6987 6983 6981
6986 6985 6988
6987 6988 6985
6986 6989 6940
6986 6988 6989
6989 6990 6940
6940 6990 6991
6990 6992 6991
6990 6993 6992
6993 6994 6992
6990 6989 6995
6990 6995 6993
6993 6996 6994
6996 6997 6994
6995 6989 6998
6988 6998 6989
6999 6993 6995
6999 6995 6998
6999 6996 6993
6996 6999 7000
6996 7000 7001
6996 7001 6997
6999 6998 7002
6988 7002 6998
7000 6999 7002
6997 7001 7003
7003 7001 7000
6997 7003 7004
7003 7005 7004
7003 7006 7005
7007 7006 7003
7003 7000 7007
7007 7008 7006
7009 7008 7007
7009 7007 7000
7009 7010 7008
7011 7010 7009
6988 7012 7002
6987 7012 6988
7000 7002 7013
7012 7013 7002
7012 7014 7013
7012 6987 7015
7012 7015 7014
6987 6981 7015
7000 7013 7016
7009 7000 7016
7016 7013 7014
7011 7009 7017
7016 7017 7009
7018 7011 7017
7019 7015 6981
7014 7015 7019
6976 7019 6981
7020 7017 7016
7016 7014 7020
7018 7017 7021
7020 7021 7017
7022 7018 7021
7022 7021 7023
7020 7023 7021
7024 7022 7023
7019 6976 7025
7025 6976 6977
7014 7026 7020
7020 7026 7023
7014 7019 7027
7027 7019 7025
7026 7014 7027
7024 7023 7028
7029 7024 7028
7025 6977 7030
7030 6977 6974
7027 7025 7031
7026 7027 7031
7031 7025 7030
7032 7023 7026
7032 7028 7023
7026 7031 7032
7029 7028 7033
7028 7032 7033
7034 7029 7033
7032 7031 7035
7031 7030 7035
7032 7035 7033
7030 6974 7036
7035 7030 7036
7034 7033 7037
7033 7035 7038
7035 7036 7038
7033 7038 7037
7036 6974 7039
7038 7036 7039
7039 6974 6971
7037 7038 7040
7038 7039 7040
7037 7040 7041
7039 6971 7042
7040 7039 7042
7041 7040 7043
7040 7042 7043
7042 6971 7044
7043 7042 7044
6972 7044 6971
7044 6972 7045
7046 7044 7045
7043 7044 7046
7046 7045 7047
7046 7047 7048
7046 7048 7049
7049 7043 7046
7049 7050 7043
7050 7041 7043
7050 7051 7052
7051 7053 7041
7051 7034 7053
7054 7055 7056
7057 7054 7056
7057 7058 7054
7059 7058 7057
7059 7060 7058
7061 7058 7060
7061 7060 7062
7062 7063 7061
7062 7064 7063
7065 7058 7061
7065 7066 7058
7067 7066 7065
7068 7065 7061
7068 7061 7069
7065 7068 7070
7067 7065 7071
7065 7070 7071
7072 7067 7071
7070 7072 7071
7069 7064 7073
7069 7073 7074
7073 7075 7074
7073 7076 7075
7076 7077 7075
7064 7078 7079
7064 7080 7078
7064 7081 7080
7080 7081 7082
7080 7082 7083
7084 7085 7086
7084 7086 7087
7088 7087 7086
7088 7086 7089
7090 7091 7087
7090 7092 7091
7093 7090 7094
7094 7095 7093
7095 7096 7093
7095 7097 7096
7098 7096 7097
7098 7099 7100
7099 7101 7100
7099 7102 7101
7102 7103 7101
7102 7104 7103
7105 7106 7107
7105 7107 7108
7108 7107 7109
7109 7107 7110
7111 7112 7110
7111 7110 7113
7114 7111 7105
7115 7111 7114
7115 7116 7111
7117 7115 7114
7117 7114 7118
7119 7117 7118
7116 7120 7121
7116 7122 7120
7122 7123 7120
7119 7123 7124
7122 7124 7123
7125 7126 7127
7125 7128 7126
7128 7129 7126
7128 7130 7129
7125 7131 7128
7125 7132 7131
7133 7128 7131
7133 7134 7128
7135 7133 7131
7132 7136 7131
7135 7131 7136
7132 7137 7136
7138 7135 7136
7137 7139 7136
7138 7136 7139
7137 7140 7139
7141 7138 7139
7140 7142 7139
7141 7139 7142
7143 7141 7142
7140 7144 7142
7143 7142 7145
7145 7142 7144
7146 7143 7145
7146 7145 7147
7147 7148 7146
7145 7144 7149
7147 7145 7149
7149 7144 7150
7151 7150 7144
7149 7150 7152
7153 7149 7152
7147 7149 7153
7153 7152 7154
7155 7153 7154
7155 7147 7153
7155 7154 7156
7147 7157 7148
7155 7157 7147
7157 7158 7148
7157 7159 7158
7159 7157 7155
7159 7160 7158
7161 7155 7156
7159 7155 7161
7161 7156 7162
7159 7163 7160
7163 7159 7161
7163 7164 7160
7165 7161 7162
7163 7161 7165
7165 7162 7166
7167 7165 7166
7163 7168 7164
7168 7163 7165
7168 7169 7164
7167 7170 7165
7168 7165 7170
7168 7171 7169
7171 7168 7170
7171 7172 7169
7167 7173 7170
7171 7170 7173
7167 7174 7173
7174 7175 7173
7171 7176 7172
7176 7171 7173
7176 7173 7175
7176 7177 7172
7178 7176 7175
7176 7178 7177
7178 7175 7179
7180 7177 7178
7181 7178 7179
7180 7178 7181
7181 7179 7182
7183 7180 7181
7184 7181 7182
7183 7181 7184
7184 7182 7185
7184 7185 7186
7183 7184 7187
7184 7186 7187
7183 7187 7188
7189 7187 7186
7190 7188 7187
7189 7190 7187
7190 7191 7188
7190 7189 7192
7191 7190 7193
7190 7192 7193
7191 7193 7194
7195 7194 7193
7192 7196 7193
7195 7193 7196
7192 7197 7196
7198 7195 7196
7197 7199 7196
7198 7196 7199
7197 7200 7199
7199 7200 7201
7198 7199 7202
7199 7201 7202
7198 7202 7203
7204 7202 7201
7205 7203 7202
7204 7205 7202
7205 7206 7203
7204 7207 7205
7206 7205 7207
7204 7208 7207
7206 7207 7209
7208 7210 7207
7210 7209 7207
7208 7211 7210
7210 7212 7209
7211 7213 7210
7212 7210 7213
7211 7214 7213
7212 7213 7215
7214 7216 7213
7216 7215 7213
7214 7217 7216
7216 7218 7215
7217 7219 7216
7218 7216 7219
7217 7220 7219
7218 7219 7221
7220 7222 7219
7222 7221 7219
7220 7223 7222
7222 7224 7221
7222 7223 7225
7224 7222 7226
7222 7225 7226
7224 7226 7227
7228 7226 7225
7229 7227 7226
7228 7229 7226
7229 7230 7227
7231 7230 7229
7228 7232 7229
7231 7229 7232
7228 7233 7232
7234 7231 7232
7233 7235 7232
7234 7232 7235
7233 7236 7235
7237 7234 7235
7236 7238 7235
7237 7235 7238
7236 7239 7238
7240 7237 7238
7239 7241 7238
7240 7238 7241
7239 7242 7241
7240 7241 7243
7242 7243 7241
7240 7243 7244
7242 7245 7243
7246 7244 7243
7245 7246 7243
7245 7247 7246
7246 7248 7244
7246 7247 7249
7248 7246 7250
7246 7249 7250
7248 7250 7251
7249 7252 7250
7252 7251 7250
7249 7253 7252
7254 7253 7249
7254 7255 7253
7254 7256 7255
7252 7257 7251
7251 7257 7258
7259 7258 7257
7259 7257 7260
7260 7257 7252
7261 7259 7260
7253 7262 7252
7260 7252 7262
7253 7255 7262
7256 7263 7255
7256 7264 7263
7261 7260 7265
7265 7260 7262
7261 7265 7266
7261 7266 7267
7266 7268 7267
7255 7269 7262
7265 7262 7269
7255 7263 7269
7266 7265 7269
7264 7270 7263
7264 7271 7270
7263 7272 7269
7266 7269 7272
7263 7270 7272
7273 7266 7272
7270 7273 7272
7271 7274 7270
7270 7274 7273
7273 7274 7275
7271 7276 7274
7275 7274 7276
7275 7276 7277
7278 7275 7277
7273 7279 7266
7280 7279 7273
7266 7279 7268
7268 7279 7280
7268 7280 7281
7280 7282 7281
7273 7275 7283
7280 7273 7283
7280 7284 7282
7285 7282 7284
7286 7280 7283
7275 7286 7283
7286 7284 7280
7285 7284 7287
7287 7284 7286
7288 7285 7287
7278 7289 7275
7275 7289 7286
7287 7286 7290
7289 7290 7286
7288 7287 7290
7278 7291 7289
7289 7291 7290
7278 7292 7291
7292 7293 7291
7291 7294 7290
7288 7290 7294
7291 7293 7294
7288 7294 7295
7293 7295 7294
7288 7295 7296
7293 7297 7295
7298 7296 7295
7297 7298 7295
7297 7299 7298
7298 7300 7296
7298 7299 7301
7300 7298 7302
7298 7301 7302
7300 7302 7303
7304 7303 7302
7301 7304 7302
7304 7305 7303
7306 7305 7304
7301 7307 7304
7308 7307 7301
7306 7304 7309
7307 7309 7304
7310 7306 7309
7308 7311 7307
7307 7311 7309
7308 7312 7311
7310 7309 7313
7311 7313 7309
7314 7310 7313
7312 7315 7311
7311 7315 7313
7312 7316 7315
7314 7313 7317
7315 7317 7313
7318 7314 7317
7316 7319 7315
7315 7319 7317
7316 7320 7319
7318 7317 7321
7319 7321 7317
7320 7322 7319
7319 7322 7321
7320 7323 7322
7318 7321 7324
7322 7324 7321
7318 7324 7325
7323 7326 7322
7322 7326 7324
7323 7327 7326
7328 7325 7324
7326 7328 7324
7328 7329 7325
7327 7330 7326
7326 7330 7328
7327 7331 7330
7332 7330 7331
7328 7330 7332
7329 7328 7333
7328 7332 7333
7329 7333 7334
7335 7333 7332
7336 7334 7333
7335 7336 7333
7336 7337 7334
7338 7337 7336
7335 7339 7336
7338 7336 7339
7335 7340 7339
7341 7338 7339
7340 7342 7339
7341 7339 7342
7340 7343 7342
7341 7342 7344
7343 7344 7342
7341 7344 7345
7343 7346 7344
7347 7345 7344
7346 7347 7344
7346 7348 7347
7347 7349 7345
7347 7348 7350
7349 7347 7351
7347 7350 7351
7349 7351 7352
7353 7351 7350
7354 7352 7351
7353 7354 7351
7354 7355 7352
7356 7355 7354
7353 7357 7354
7356 7354 7357
7353 7358 7357
7356 7357 7359
7358 7359 7357
7356 7359 7360
7358 7361 7359
7362 7360 7359
7361 7362 7359
7361 7363 7362
7362 7364 7360
7362 7363 7365
7364 7362 7366
7362 7365 7366
7364 7366 7367
7368 7366 7365
7369 7367 7366
7368 7369 7366
7369 7370 7367
7371 7370 7369
7368 7372 7369
7371 7369 7372
7368 7373 7372
7374 7371 7372
7373 7375 7372
7374 7372 7375
7373 7376 7375
7377 7374 7375
7376 7378 7375
7377 7375 7378
7376 7379 7378
7380 7377 7378
7379 7381 7378
7380 7378 7381
7379 7382 7381
7383 7380 7381
7382 7383 7381
7384 7385 7386
7384 7387 7385
7384 7388 7387
7389 7385 7387
7384 7390 7388
7389 7391 7385
7384 7392 7390
7392 7393 7390
7392 7394 7393
7394 7395 7393
7389 7396 7391
7389 7397 7396
7396 7397 7398
7396 7398 7399
7400 7399 7398
7401 7396 7399
7391 7396 7401
7402 7392 7384
7394 7392 7402
7394 7403 7395
7403 7404 7395
7400 7405 7399
7401 7399 7405
7394 7402 7406
7403 7394 7406
7403 7407 7404
7407 7408 7404
7403 7406 7409
7407 7403 7409
7407 7410 7408
7410 7411 7408
7407 7409 7412
7410 7407 7412
7410 7413 7411
7413 7414 7411
7410 7412 7415
7413 7410 7415
7413 7416 7414
7416 7417 7414
7416 7418 7417
7418 7419 7417
7418 7420 7419
7420 7421 7419
7422 7418 7416
7420 7418 7422
7413 7423 7416
7422 7416 7423
7420 7424 7421
7424 7425 7421
7420 7422 7426
7424 7420 7426
7424 7427 7425
7427 7428 7425
7413 7415 7429
7413 7429 7423
7430 7422 7423
7430 7426 7422
7424 7426 7431
7427 7424 7431
7427 7432 7428
7432 7433 7428
7429 7434 7423
7430 7423 7434
7430 7435 7426
7435 7431 7426
7427 7431 7436
7432 7427 7436
7432 7437 7433
7437 7438 7433
7435 7439 7431
7439 7436 7431
7432 7436 7440
7437 7432 7440
7437 7441 7438
7441 7442 7438
7439 7443 7436
7443 7440 7436
7444 7439 7435
7443 7439 7444
7430 7445 7435
7444 7435 7445
7437 7440 7446
7441 7437 7446
7441 7447 7442
7447 7448 7442
7443 7449 7440
7449 7446 7440
7443 7444 7450
7449 7443 7450
7441 7446 7451
7447 7441 7451
7447 7452 7448
7452 7453 7448
7449 7454 7446
7454 7451 7446
7447 7451 7455
7452 7447 7455
7452 7456 7453
7456 7457 7453
7458 7450 7444
7458 7444 7445
7458 7459 7450
7458 7445 7460
7449 7450 7461
7459 7461 7450
7459 7462 7461
7454 7449 7461
7463 7460 7445
7430 7463 7445
7463 7464 7460
7463 7430 7434
7462 7465 7461
7454 7461 7465
7462 7466 7465
7464 7463 7467
7463 7434 7467
7464 7467 7468
7469 7454 7465
7454 7469 7451
7469 7455 7451
7466 7470 7465
7469 7465 7470
7466 7471 7470
7472 7470 7471
7473 7467 7434
7429 7473 7434
7474 7468 7467
7473 7474 7467
7474 7475 7468
7476 7475 7474
7476 7474 7477
7473 7477 7474
7478 7476 7477
7479 7473 7429
7473 7479 7477
7479 7429 7415
7478 7477 7480
7479 7480 7477
7481 7478 7480
7482 7479 7415
7479 7482 7480
7482 7415 7412
7481 7480 7483
7482 7483 7480
7484 7481 7483
7485 7482 7412
7482 7485 7483
7485 7412 7409
7484 7483 7486
7485 7486 7483
7487 7484 7486
7488 7485 7409
7485 7488 7486
7488 7409 7406
7487 7486 7489
7488 7489 7486
7490 7488 7406
7488 7490 7489
7490 7406 7402
7487 7489 7491
7487 7491 7492
7493 7492 7491
7490 7402 7494
7402 7384 7494
7489 7490 7495
7489 7495 7491
7490 7494 7495
7493 7491 7496
7497 7493 7496
7498 7491 7495
7498 7496 7491
7497 7496 7499
7500 7497 7499
7495 7501 7498
7501 7495 7494
7502 7496 7498
7502 7499 7496
7501 7502 7498
7384 7503 7494
7384 7504 7503
7500 7499 7505
7506 7500 7505
7501 7494 7507
7503 7507 7494
7501 7508 7502
7508 7501 7507
7509 7499 7502
7509 7505 7499
7508 7509 7502
7506 7505 7510
7511 7506 7510
7512 7507 7503
7508 7507 7512
7508 7513 7509
7513 7508 7512
7514 7505 7509
7514 7510 7505
7513 7514 7509
7391 7512 7503
7515 7391 7503
7391 7401 7512
7513 7512 7401
7513 7401 7405
7511 7510 7516
7517 7511 7516
7513 7518 7514
7513 7405 7518
7519 7510 7514
7519 7516 7510
7518 7519 7514
7517 7516 7520
7521 7517 7520
7522 7518 7405
7400 7522 7405
7518 7523 7519
7522 7523 7518
7524 7516 7519
7524 7520 7516
7523 7524 7519
7521 7520 7525
7526 7520 7524
7526 7525 7520
7523 7527 7524
7527 7526 7524
7523 7522 7528
7523 7528 7527
7522 7400 7529
7522 7529 7528
7530 7527 7528
7530 7526 7527
7530 7528 7529
7400 7531 7529
7400 7532 7531
7533 7531 7532
7533 7534 7531
7535 7529 7531
7534 7535 7531
7535 7530 7529
7534 7536 7535
7536 7537 7535
7537 7530 7535
7536 7538 7537
7539 7526 7530
7537 7539 7530
7538 7540 7537
7538 7541 7540
7540 7541 7542
7539 7543 7526
7543 7525 7526
7537 7544 7539
7537 7540 7544
7540 7542 7545
7546 7545 7542
7547 7539 7544
7547 7543 7539
7543 7547 7548
7540 7549 7544
7540 7545 7549
7547 7544 7549
7546 7550 7545
7545 7550 7549
7550 7546 7551
7543 7552 7525
7543 7548 7552
7552 7553 7525
7553 7552 7548
7553 7521 7525
7553 7554 7521
7555 7553 7548
7556 7554 7555
7556 7555 7548
7557 7556 7548
7557 7548 7558
7547 7558 7548
7559 7557 7558
7547 7560 7558
7547 7549 7560
7550 7560 7549
7559 7558 7561
7560 7561 7558
7550 7562 7560
7560 7562 7561
7559 7561 7563
7559 7563 7564
7565 7564 7563
7561 7562 7566
7561 7566 7563
7567 7563 7566
7562 7550 7568
7550 7551 7568
7562 7568 7569
7570 7568 7551
7571 7569 7568
7570 7571 7568
7571 7572 7569
7570 7573 7571
7572 7571 7573
7570 7574 7573
7572 7573 7575
7574 7576 7573
7576 7575 7573
7574 7577 7576
7576 7578 7575
7577 7579 7576
7578 7576 7579
7577 7580 7579
7578 7579 7581
7580 7582 7579
7582 7581 7579
7582 7583 7581
7580 7584 7582
7585 7583 7582
7584 7586 7582
7585 7582 7586
7584 7587 7586
7587 7588 7586
7587 7589 7588
7590 7585 7586
7590 7586 7588
7589 7591 7588
7589 7592 7591
7593 7590 7588
7593 7588 7591
7585 7590 7594
7594 7590 7593
7592 7595 7591
7592 7596 7595
7597 7593 7591
7597 7591 7595
7596 7598 7595
7596 7599 7598
7599 7600 7598
7601 7595 7598
7600 7601 7598
7601 7597 7595
7585 7594 7602
7603 7585 7602
7594 7593 7604
7597 7604 7593
7600 7605 7601
7605 7600 7606
7601 7605 7607
7606 7607 7605
7597 7601 7608
7601 7607 7608
7603 7602 7609
7610 7603 7609
7597 7611 7604
7597 7608 7611
7610 7609 7612
7613 7610 7612
7613 7612 7614
7615 7613 7614
7615 7614 7616
7567 7615 7616
7567 7616 7617
7567 7617 7563
7565 7563 7617
7565 7617 7616
7565 7616 7618
7614 7618 7616
7614 7619 7618
7619 7614 7612
7619 7612 7620
7609 7620 7612
7609 7621 7620
7621 7609 7602
7621 7602 7622
7594 7622 7602
7594 7623 7622
7623 7594 7604
7623 7604 7624
7611 7624 7604
7611 7625 7624
7626 7625 7611
7626 7611 7608
7627 7626 7608
7627 7608 7607
7628 7627 7607
7628 7607 7629
7606 7629 7607
7630 7628 7629
7606 7631 7629
7630 7629 7631
7606 7632 7631
7631 7632 7633
7630 7631 7634
7631 7633 7634
7630 7634 7635
7636 7634 7633
7637 7635 7634
7636 7637 7634
7637 7638 7635
7639 7638 7637
7636 7640 7637
7639 7637 7640
7636 7641 7640
7642 7639 7640
7641 7643 7640
7642 7640 7643
7641 7644 7643
7645 7642 7643
7644 7646 7643
7645 7643 7646
7644 7647 7646
7648 7645 7646
7647 7649 7646
7648 7646 7649
7647 7650 7649
7649 7650 7651
7648 7649 7652
7649 7651 7652
7648 7652 7653
7654 7652 7651
7655 7653 7652
7654 7655 7652
7655 7656 7653
7657 7656 7655
7654 7658 7655
7657 7655 7658
7654 7659 7658
7660 7657 7658
7659 7661 7658
7660 7658 7661
7659 7662 7661
7663 7660 7661
7662 7664 7661
7663 7661 7664
7662 7665 7664
7666 7663 7664
7665 7667 7664
7666 7664 7667
7665 7668 7667
7667 7668 7669
7666 7667 7670
7667 7669 7670
7666 7670 7671
7672 7670 7669
7673 7671 7670
7672 7673 7670
7673 7674 7671
7675 7674 7673
7672 7676 7673
7675 7673 7676
7672 7677 7676
7678 7675 7676
7677 7679 7676
7678 7676 7679
7677 7680 7679
7681 7678 7679
7680 7682 7679
7681 7679 7682
7680 7683 7682
7684 7681 7682
7683 7685 7682
7684 7682 7685
7683 7686 7685
7687 7684 7685
7686 7688 7685
7687 7685 7688
7686 7689 7688
7688 7689 7690
7687 7688 7691
7688 7690 7691
7687 7691 7692
7693 7691 7690
7694 7692 7691
7693 7694 7691
7694 7695 7692
7696 7695 7694
7693 7697 7694
7696 7694 7697
7693 7698 7697
7699 7696 7697
7698 7700 7697
7699 7697 7700
7698 7701 7700
7702 7699 7700
7701 7703 7700
7702 7700 7703
7701 7704 7703
7705 7702 7703
7704 7706 7703
7705 7703 7706
7704 7707 7706
7706 7707 7708
7705 7706 7709
7706 7708 7709
7705 7709 7710
7711 7709 7708
7712 7710 7709
7711 7712 7709
7712 7713 7710
7714 7713 7712
7711 7715 7712
7714 7712 7715
7711 7716 7715
7717 7714 7715
7716 7718 7715
7717 7715 7718
7716 7719 7718
7720 7717 7718
7719 7721 7718
7720 7718 7721
7719 7722 7721
7721 7722 7723
7720 7721 7724
7721 7723 7724
7720 7724 7725
7726 7724 7723
7727 7725 7724
7726 7727 7724
7727 7728 7725
7729 7728 7727
7727 7726 7730
7729 7727 7731
7727 7730 7731
7732 7729 7731
7730 7733 7731
7732 7731 7733
7730 7734 7733
7735 7732 7733
7734 7736 7733
7735 7733 7736
7734 7737 7736
7737 7738 7736
7735 7736 7738
7735 7738 7739
7738 7740 7739
7741 7742 7743
7741 7743 7744
7745 7744 7743
7745 7746 7744
7744 7746 7747
7741 7744 7748
7744 7747 7748
7741 7748 7749
7750 7748 7747
7751 7749 7748
7750 7751 7748
7750 7752 7751
7751 7753 7749
7752 7753 7751
7750 7754 7752
7752 7755 7753
7756 7755 7752
7752 7754 7757
7756 7752 7758
7752 7757 7758
7759 7756 7758
7757 7760 7758
7759 7758 7760
7757 7761 7760
7762 7759 7760
7761 7763 7760
7762 7760 7763
7761 7764 7763
7765 7762 7763
7764 7765 7763
7765 7766 7762
7764 7767 7765
7766 7765 7768
7767 7768 7765
7766 7768 7769
7767 7770 7768
7771 7769 7768
7770 7772 7768
7771 7768 7772
7770 7773 7772
7774 7771 7772
7773 7775 7772
7774 7772 7775
7773 7776 7775
7774 7775 7777
7776 7777 7775
7774 7777 7778
7776 7779 7777
7780 7778 7777
7779 7780 7777
7779 7781 7780
7780 7782 7778
7783 7780 7781
7784 7782 7780
7783 7784 7780
7784 7785 7782
7783 7786 7784
7785 7784 7786
7783 7787 7786
7785 7786 7788
7787 7789 7786
7789 7788 7786
7787 7790 7789
7789 7791 7788
7789 7790 7792
7791 7789 7793
7789 7792 7793
7791 7793 7794
7795 7793 7792
7796 7794 7793
7795 7796 7793
7796 7797 7794
7798 7797 7796
7795 7799 7796
7798 7796 7799
7795 7800 7799
7801 7798 7799
7800 7802 7799
7801 7799 7802
7800 7803 7802
7804 7801 7802
7803 7804 7802
7805 7806 7807
7805 7807 7808
7807 7809 7808
7808 7809 7810
7808 7810 7811
7812 7808 7811
7812 7811 7813
7814 7813 7811
7814 7815 7813
7816 7811 7810
7816 7814 7811
7815 7814 7817
7815 7817 7818
7814 7816 7819
7814 7819 7817
7820 7818 7817
7820 7821 7818
7822 7817 7819
7822 7820 7817
7821 7820 7823
7821 7823 7824
7820 7825 7823
7820 7822 7825
7826 7824 7823
7826 7823 7825
7826 7827 7824
7827 7826 7828
7829 7827 7828
7830 7829 7828
7830 7828 7831
7826 7832 7828
7826 7825 7832
7833 7831 7828
7832 7833 7828
7834 7831 7833
7835 7834 7833
7835 7833 7836
7832 7836 7833
7837 7835 7836
7838 7832 7825
7832 7838 7836
7837 7836 7839
7838 7839 7836
7840 7837 7839
7840 7839 7841
7842 7840 7841
7838 7825 7843
7822 7843 7825
7838 7844 7839
7844 7841 7839
7842 7841 7845
7846 7842 7845
7838 7847 7844
7838 7843 7847
7844 7848 7841
7848 7845 7841
7847 7848 7844
7822 7849 7843
7849 7822 7819
7846 7845 7850
7851 7846 7850
7843 7852 7847
7843 7849 7852
7849 7819 7853
7852 7849 7853
7816 7853 7819
7816 7854 7853
7854 7816 7810
7848 7855 7845
7855 7850 7845
7851 7850 7856
7857 7851 7856
7847 7858 7848
7852 7858 7847
7852 7853 7859
7854 7859 7853
7854 7810 7860
7809 7860 7810
7855 7861 7850
7861 7856 7850
7862 7855 7848
7862 7848 7858
7861 7855 7862
7852 7863 7858
7863 7852 7859
7854 7864 7859
7864 7854 7860
7865 7862 7858
7865 7858 7863
7863 7859 7866
7864 7866 7859
7865 7863 7866
7861 7862 7867
7865 7867 7862
7861 7868 7856
7868 7861 7867
7868 7869 7856
7857 7856 7869
7870 7857 7869
7870 7869 7871
7872 7870 7871
7868 7873 7869
7873 7871 7869
7868 7867 7874
7873 7868 7874
7865 7875 7867
7875 7874 7867
7865 7866 7876
7875 7865 7876
7877 7876 7866
7864 7877 7866
7877 7864 7878
7864 7860 7878
7879 7878 7860
7809 7879 7860
7875 7880 7874
7875 7876 7881
7880 7875 7881
7877 7882 7876
7882 7881 7876
7877 7878 7883
7882 7877 7883
7879 7884 7878
7884 7883 7878
7880 7885 7874
7873 7874 7885
7886 7879 7809
7879 7887 7884
7879 7886 7887
7884 7888 7883
7887 7888 7884
7882 7883 7889
7888 7889 7883
7886 7809 7890
7807 7890 7809
7891 7882 7889
7882 7891 7881
7891 7892 7881
7880 7881 7892
7880 7893 7885
7893 7880 7892
7886 7890 7894
7886 7894 7895
7890 7896 7894
7890 7807 7896
7807 7897 7896
7807 7898 7897
7887 7886 7895
7887 7895 7899
7900 7887 7899
7900 7899 7901
7887 7900 7888
7902 7900 7901
7902 7888 7900
7902 7901 7903
7902 7904 7888
7888 7904 7889
7905 7902 7903
7904 7902 7905
7905 7903 7906
7904 7907 7889
7891 7889 7907
7904 7905 7908
7904 7908 7907
7909 7905 7906
7909 7908 7905
7909 7906 7910
7911 7891 7907
7891 7911 7892
7908 7912 7907
7911 7907 7912
7909 7913 7908
7908 7913 7912
7914 7909 7910
7913 7909 7914
7914 7910 7915
7916 7914 7915
7916 7915 7917
7911 7918 7892
7893 7892 7918
7919 7911 7912
7911 7919 7918
7913 7920 7912
7919 7912 7920
7913 7914 7921
7913 7921 7920
7914 7922 7921
7921 7922 7920
7914 7923 7922
7924 7920 7922
7924 7919 7920
7925 7893 7918
7885 7893 7925
7919 7926 7918
7919 7924 7926
7925 7918 7926
7885 7925 7927
7873 7885 7927
7928 7925 7926
7928 7927 7925
7924 7929 7926
7928 7926 7929
7873 7927 7930
7873 7930 7871
7924 7931 7929
7924 7932 7931
7933 7931 7932
7929 7931 7933
7933 7932 7934
7933 7934 7935
7929 7933 7936
7928 7929 7936
7937 7933 7935
7937 7936 7933
7937 7935 7457
7456 7937 7457
7928 7938 7927
7938 7930 7927
7930 7939 7871
7872 7871 7939
7928 7936 7940
7938 7928 7940
7937 7941 7936
7941 7940 7936
7937 7456 7942
7937 7942 7941
7938 7943 7930
7930 7943 7939
7872 7939 7944
7872 7944 7945
7938 7940 7946
7943 7938 7946
7939 7943 7947
7939 7947 7944
7943 7946 7947
7941 7948 7940
7948 7946 7940
7949 7945 7944
7949 7950 7945
7951 7950 7949
7952 7947 7946
7948 7952 7946
7953 7944 7947
7953 7949 7944
7952 7953 7947
7951 7949 7954
7953 7954 7949
7955 7951 7954
7956 7948 7941
7956 7941 7942
7948 7957 7952
7948 7956 7957
7958 7953 7952
7953 7958 7954
7958 7952 7957
7958 7959 7954
7958 7960 7959
7955 7954 7961
7954 7959 7961
7960 7962 7959
7960 7963 7962
7955 7961 7964
7965 7955 7964
7966 7965 7964
7959 7967 7961
7959 7962 7967
7961 7967 7964
7963 7968 7962
7963 7969 7968
7962 7970 7967
7964 7967 7970
7962 7968 7970
7966 7964 7971
7964 7970 7971
7972 7966 7971
7969 7973 7968
7969 7974 7973
7968 7975 7970
7971 7970 7975
7968 7973 7975
7972 7971 7976
7971 7975 7976
7977 7972 7976
7974 7978 7973
7974 7979 7978
7973 7980 7975
7976 7975 7980
7973 7978 7980
7977 7976 7981
7976 7980 7981
7982 7977 7981
7983 7978 7979
7983 7979 7984
7985 7983 7984
7985 7984 7986
7987 7985 7986
7978 7988 7980
7978 7983 7988
7981 7980 7988
7988 7983 7985
7982 7981 7989
7981 7988 7989
7982 7989 7990
7982 7990 7991
7992 7991 7990
7992 7993 7991
7994 7993 7992
7989 7988 7995
7989 7995 7990
7988 7985 7995
7992 7990 7995
7985 7992 7995
7987 7996 7985
7985 7996 7992
7994 7992 7997
7996 7997 7992
7998 7994 7997
7987 7999 7996
7996 7999 7997
7987 8000 7999
7998 7997 8001
7999 8001 7997
8002 7998 8001
8000 8003 7999
7999 8003 8001
8000 8004 8003
8002 8001 8005
8003 8005 8001
8006 8002 8005
8004 8007 8003
8003 8007 8005
8004 8008 8007
8006 8005 8009
8007 8009 8005
8008 8010 8007
8007 8010 8009
8008 8011 8010
8012 8010 8011
8009 8010 8012
8006 8009 8013
8009 8012 8013
8006 8013 8014
8015 8013 8012
8016 8014 8013
8015 8016 8013
8016 8017 8014
8018 8017 8016
8015 8019 8016
8018 8016 8019
8015 8020 8019
8021 8018 8019
8020 8022 8019
8021 8019 8022
8020 8023 8022
8024 8021 8022
8023 8025 8022
8024 8022 8025
8023 8026 8025
8025 8026 8027
8024 8025 8028
8025 8027 8028
8024 8028 8029
8030 8028 8027
8031 8029 8028
8030 8031 8028
8031 8032 8029
8031 8030 8033
8032 8031 8034
8031 8033 8034
8032 8034 8035
8036 8035 8034
8033 8036 8034
8036 8037 8035
8038 8037 8036
8038 8039 8037
8033 8040 8036
8040 8038 8036
8041 8040 8033
8042 8040 8041
8042 8043 8040
8040 8043 8038
8044 8043 8042
8038 8043 8044
8044 8042 8045
8046 8044 8045
8039 8038 8047
8039 8047 8048
8038 8044 8049
8038 8049 8047
8050 8048 8047
8050 8051 8048
8052 8051 8050
8053 8047 8049
8044 8053 8049
8053 8050 8047
8046 8054 8044
8044 8054 8053
8052 8050 8055
8056 8052 8055
8057 8050 8053
8054 8057 8053
8057 8055 8050
8046 8058 8054
8054 8058 8057
8046 8059 8058
8056 8055 8060
8061 8056 8060
8062 8055 8057
8058 8062 8057
8062 8060 8055
8059 8063 8058
8058 8063 8062
8059 8064 8063
8064 8065 8063
8063 8066 8062
8063 8065 8066
8066 8060 8062
8066 8065 8067
8061 8060 8068
8066 8068 8060
8066 8067 8069
8068 8066 8069
8067 8070 8069
8061 8068 8071
8068 8069 8071
8061 8071 8072
8073 8072 8071
8074 8071 8069
8073 8071 8074
8070 8074 8069
8075 8073 8074
8070 8076 8074
8075 8074 8076
8070 8077 8076
8078 8075 8076
8077 8079 8076
8078 8076 8079
8077 8080 8079
8081 8078 8079
8080 8082 8079
8081 8079 8082
8080 8083 8082
8082 8083 8084
8081 8082 8085
8082 8084 8085
8081 8085 8086
8087 8085 8084
8087 8086 8085
8088 8089 7957
8088 7957 8090
7472 8088 8090
7956 8090 7957
7472 8090 8091
7472 8091 7470
8091 7469 7470
7956 8092 8090
8092 8091 8090
8092 7956 7942
8091 8093 7469
8092 8093 8091
7469 8093 7455
8092 7942 8094
8093 8092 8094
8093 8094 7455
7456 8094 7942
7452 7455 8094
7456 7452 8094
8095 8096 8097
8095 8098 8096
8099 8096 8098
8099 8098 8100
8101 8098 8095
8102 8100 8098
8101 8102 8098
8102 8103 8100
8104 8103 8102
8101 8105 8102
8104 8102 8105
8101 8106 8105
8107 8104 8105
8106 8108 8105
8107 8105 8108
8106 8109 8108
8110 8107 8108
8109 8111 8108
8110 8108 8111
8109 8112 8111
8113 8110 8111
8112 8114 8111
8113 8111 8114
8112 8115 8114
8114 8115 8116
8113 8114 8117
8114 8116 8117
8113 8117 8118
8119 8117 8116
8120 8118 8117
8119 8120 8117
8120 8121 8118
8122 8121 8120
8119 8123 8120
8122 8120 8123
8119 8124 8123
8125 8122 8123
8124 8126 8123
8125 8123 8126
8124 8127 8126
8128 8125 8126
8127 8129 8126
8128 8126 8129
8127 8130 8129
8129 8130 8131
8128 8129 8132
8129 8131 8132
8128 8132 8133
8134 8132 8131
8135 8133 8132
8134 8135 8132
8135 8136 8133
8135 8134 8137
8136 8135 8138
8135 8137 8138
8138 8137 8139
8136 8138 8140
8140 8138 8141
8138 8139 8142
8138 8142 8141
8140 8141 8143
8141 8142 8144
8141 8145 8143
8144 8146 8141
8144 8147 8146
8141 8148 8145
8141 8146 8148
8148 8149 8145
8147 8150 8146
8147 8151 8150
8146 8152 8148
8148 8152 8149
8146 8150 8152
8153 8150 8151
8152 8150 8153
8153 8151 8154
8149 8152 8155
8152 8153 8155
8149 8155 8156
8156 8155 8157
8153 8157 8155
8156 8157 8158
8154 8159 8153
8153 8159 8157
8154 8160 8159
8158 8157 8161
8161 8157 8159
8158 8161 8162
8163 8159 8160
8161 8159 8163
8163 8160 8164
8165 8163 8164
8165 8161 8163
8162 8161 8166
8165 8166 8161
8162 8166 8167
8168 8166 8165
8167 8166 8169
8168 8169 8166
8167 8169 8170
8171 8169 8168
8170 8169 8172
8171 8172 8169
8170 8172 8173
8174 8172 8171
8174 8175 8172
8176 8172 8175
8176 8175 8177
8178 8175 8174
8178 8179 8175
8175 8179 8180
8175 8180 8181
8182 8179 8178
8182 8178 8183
8184 8182 8183
8179 8182 8185
8179 8185 8186
8182 8187 8185
8182 8188 8187
8184 8188 8182
8189 8188 8184
8189 8190 8188
8188 8190 8191
8188 8191 8192
8190 8193 8191
8194 8190 8189
8190 8194 8193
8194 8189 8195
8194 8196 8193
8197 8194 8195
8194 8198 8196
8197 8198 8194
8199 8200 8201
8199 8202 8200
8203 8202 8199
8203 8204 8202
8205 8204 8203
8204 8206 8202
8202 8206 8207
8202 8207 8208
8204 8209 8206
8210 8209 8204
8205 8210 8204
8205 8211 8210
8210 8212 8209
8211 8212 8210
8205 8213 8211
8211 8214 8212
8211 8213 8215
8216 8214 8211
8211 8215 8217
8216 8211 8217
8217 8215 8218
8216 8217 8219
8217 8218 8219
8216 8219 8220
8221 8219 8218
8222 8220 8219
8221 8222 8219
8222 8223 8220
8224 8223 8222
8221 8225 8222
8224 8222 8225
8221 8226 8225
8227 8224 8225
8226 8228 8225
8227 8225 8228
8226 8229 8228
8228 8229 8230
8227 8228 8231
8228 8230 8231
8227 8231 8232
8233 8231 8230
8234 8232 8231
8233 8234 8231
8234 8235 8232
8236 8235 8234
8233 8237 8234
8236 8234 8237
8233 8238 8237
8239 8236 8237
8238 8240 8237
8239 8237 8240
8238 8241 8240
8240 8241 8242
8239 8240 8243
8240 8242 8243
8239 8243 8244
8245 8244 8243
8246 8243 8242
8245 8243 8246
8246 8242 8247
8248 8246 8247
8249 8245 8246
8248 8249 8246
8249 8250 8245
8249 8248 8251
8250 8249 8252
8249 8251 8252
8250 8252 8253
8252 8254 8253
8251 8255 8252
8252 8255 8254
8251 8256 8255
8255 8257 8254
8256 8258 8255
8255 8258 8257
8256 8259 8258
8260 8257 8258
8260 8258 8259
8261 8262 445
445 8262 451
8262 8263 451
8263 8264 451
8264 452 451
8264 8265 452
8262 8266 8263
8266 8267 8263
8268 8266 8262
8269 8268 8262
8268 8270 8266
8266 8271 8267
8270 8271 8266
8271 8272 8267
8270 8273 8271
8271 8274 8272
8273 8274 8271
8275 8276 8277
8275 8278 8276
8279 8276 8278
8279 8278 8280
8280 8281 8279
8280 8282 8281
8282 8283 8281
8282 8284 8283
8284 8285 8283
8284 8286 8285
8286 8287 8285
8286 8288 8287
8288 8289 8287
8288 8290 8289
8290 8291 8289
8290 8292 8291
8292 8293 8291
8292 8294 8293
8294 8295 8293
8295 8296 8293
8294 8297 8295
8297 8298 8295
8297 8299 8298
8300 8295 8298
8300 8301 8295
8302 8300 8298
8299 8303 8298
8302 8298 8303
8299 8304 8303
8305 8302 8303
8304 8306 8303
8305 8303 8306
8304 8307 8306
8308 8305 8306
8307 8309 8306
8308 8306 8309
8307 8310 8309
8311 8308 8309
8310 8312 8309
8311 8309 8312
8310 8313 8312
8314 8311 8312
8313 8315 8312
8314 8312 8315
8313 8316 8315
8317 8314 8315
8316 8318 8315
8317 8315 8318
8316 8319 8318
8320 8317 8318
8319 8321 8318
8320 8318 8321
8319 8322 8321
8323 8320 8321
8321 8322 8324
8323 8321 8325
8321 8324 8325
8326 8323 8325
8325 8324 8327
8326 8325 8328
8325 8327 8328
8329 8326 8328
8328 8327 8330
8329 8328 8331
8328 8330 8331
8332 8329 8331
8331 8330 8333
8332 8331 8334
8331 8333 8334
8335 8332 8334
8334 8333 8336
8335 8334 8337
8334 8336 8337
8338 8335 8337
8337 8336 8339
8338 8337 8340
8337 8339 8340
8341 8338 8340
8340 8339 8342
8341 8340 8343
8340 8342 8343
8344 8341 8343
8343 8342 8345
8344 8343 8346
8343 8345 8346
8347 8344 8346
8346 8345 8348
8347 8346 8349
8346 8348 8349
8350 8347 8349
8349 8348 8351
8350 8349 8352
8349 8351 8352
8353 8350 8352
8352 8351 8354
8353 8352 8355
8352 8354 8355
8355 8354 8356
8357 8353 8355
8355 8356 8358
8357 8355 8358
8358 8356 8359
8360 8357 8358
8358 8359 8360
8360 8361 8357
8360 8359 8362
8363 8361 8360
8360 8362 8364
8363 8360 8364
8364 8362 8365
8366 8363 8364
8364 8365 8367
8366 8364 8367
8367 8365 8368
8369 8366 8367
8367 8368 8370
8369 8367 8370
8370 8368 8371
8372 8369 8370
8370 8371 8373
8372 8370 8373
8373 8371 8374
8375 8372 8373
8373 8374 8376
8375 8373 8376
8376 8374 8377
8378 8375 8376
8376 8377 8379
8378 8376 8379
8379 8377 8380
8381 8378 8379
8379 8380 8382
8381 8379 8382
8382 8380 8383
8384 8381 8382
8382 8383 8385
8384 8382 8385
8385 8383 8386
8387 8384 8385
8385 8386 8388
8387 8385 8388
8388 8386 8389
8390 8387 8388
8388 8389 8391
8390 8388 8391
8391 8389 8392
8393 8390 8391
8391 8392 8394
8393 8391 8394
8394 8392 8395
8396 8393 8394
8394 8395 8397
8396 8394 8397
8397 8395 8398
8396 8397 8398
8399 8400 8401
8399 8401 8402
8403 8399 8402
8402 8401 8404
8403 8402 8405
8405 8402 8404
8406 8405 8404
8406 8407 8405
8408 8403 8405
8407 8409 8405
8408 8405 8409
8410 8408 8409
8407 8411 8409
8411 8410 8409
8410 8412 8408
8411 8413 8410
8414 8412 8410
8410 8413 8415
8414 8410 8416
8410 8415 8416
8417 8414 8416
8415 8418 8416
8417 8416 8418
8415 8419 8418
8420 8417 8418
8419 8421 8418
8420 8418 8421
8419 8422 8421
8423 8420 8421
8422 8424 8421
8423 8421 8424
8422 8425 8424
8426 8423 8424
8425 8427 8424
8426 8424 8427
8425 8428 8427
8429 8426 8427
8428 8430 8427
8429 8427 8430
8428 8431 8430
8432 8429 8430
8431 8433 8430
8432 8430 8433
8431 8434 8433
8435 8432 8433
8434 8436 8433
8435 8433 8436
8434 8437 8436
8438 8435 8436
8437 8439 8436
8438 8436 8439
8437 8440 8439
8441 8438 8439
8440 8442 8439
8441 8439 8442
8440 8443 8442
8444 8441 8442
8443 8445 8442
8444 8442 8445
8443 8446 8445
8447 8444 8445
8446 8448 8445
8447 8445 8448
8446 8449 8448
8450 8447 8448
8449 8451 8448
8450 8448 8451
8449 8452 8451
8453 8450 8451
8452 8454 8451
8453 8451 8454
8452 8455 8454
8456 8453 8454
8455 8457 8454
8456 8454 8457
8455 8458 8457
8459 8456 8457
8458 8460 8457
8459 8457 8460
8458 8461 8460
8462 8459 8460
8461 8462 8460
8463 8464 8465
8466 8463 8465
8466 8465 8467
8468 8466 8467
8468 8467 8469
8470 8468 8469
8470 8469 8471
8472 8470 8471
8472 8471 8473
8474 8472 8473
8474 8473 8475
8476 8474 8475
8476 8475 8477
8478 8476 8477
8478 8477 8479
8480 8478 8479
8480 8479 8481
8482 8480 8481
8482 8481 8483
8484 8482 8483
8484 8483 8485
8486 8484 8485
8486 8485 8487
8488 8486 8487
8485 8489 8487
8488 8487 8490
8491 8488 8490
8487 8489 8492
8487 8492 8490
8492 8489 8493
8494 8492 8493
8490 8492 8494
8494 8493 8495
8491 8490 8496
8497 8491 8496
8497 8496 8498
8499 8497 8498
8499 8498 8500
8501 8499 8500
8501 8500 8502
8503 8501 8502
8503 8502 8504
8505 8503 8504
8505 8504 8506
8507 8505 8506
8507 8506 8508
8509 8507 8508
8509 8508 8510
8511 8509 8510
8511 8510 8512
8513 8511 8512
8513 8512 8514
8515 8513 8514
8515 8514 8516
8517 8515 8516
8517 8516 8518
8519 8517 8518
8519 8518 8520
8521 8519 8520
8521 8520 8522
8523 8521 8522
8523 8522 8524
8525 8523 8524
8525 8524 8526
8527 8525 8526
8527 8526 8528
8529 8527 8528
8529 8528 8530
8531 8529 8530
8531 8530 8532
8533 8531 8532
8533 8532 8534
8535 8533 8534
8535 8534 8536
8537 8535 8536
8537 8536 8538
8539 8537 8538
8539 8538 8540
8541 8539 8540
8541 8540 8542
8543 8541 8542
8543 8542 8544
8545 8543 8544
8545 8544 8546
8547 8545 8546
8547 8546 8548
8549 8547 8548
8549 8548 8550
567 8549 8550
567 8550 566
8550 8551 566
566 8551 568
8550 8552 8551
8548 8552 8550
8548 8553 8552
8552 8553 8554
8555 8553 8548
8553 8556 8554
8555 8557 8553
8553 8557 8556
8558 8557 8555
8557 8559 8556
8558 8560 8557
8557 8560 8559
8561 8560 8558
8560 8562 8559
8561 8562 8560
8563 8562 8561
8563 8564 8562
8565 8564 8563
8565 8566 8564
8567 8566 8565
8567 8568 8566
8569 8568 8567
8569 8570 8568
8571 8570 8569
8571 8572 8570
8573 8572 8571
8573 8574 8572
8528 8574 8573
8528 8575 8574
8576 8575 8528
8576 8577 8575
8578 8577 8576
8578 8579 8577
8580 8579 8578
8580 8581 8579
8582 8581 8580
8582 8583 8581
8584 8583 8582
8584 8585 8583
8586 8585 8584
8586 8587 8585
8588 8587 8586
8588 8589 8587
8590 8589 8588
8590 8591 8589
8592 8591 8590
8592 8593 8591
8594 8593 8592
8594 8595 8593
8596 8595 8594
8596 8597 8595
8598 8597 8596
8598 8599 8597
8600 8599 8598
8600 8601 8599
8602 8601 8600
8602 8603 8601
8601 8603 8604
8605 8603 8602
8603 8606 8604
8605 8607 8603
8603 8607 8606
8607 8495 8606
8608 8607 8605
8607 8494 8495
8608 8494 8607
8490 8494 8608
8609 8610 8611
8609 8611 8612
8613 8609 8612
8613 8612 8614
8615 8613 8614
8615 8614 8616
8617 8615 8616
8617 8616 8618
8619 8617 8618
8619 8618 8620
8621 8619 8620
8621 8620 8622
8623 8621 8622
8623 8622 8624
8625 8623 8624
8625 8624 8626
8627 8625 8626
8627 8626 8628
8629 8627 8628
8629 8628 8630
8631 8629 8630
8631 8630 8632
8633 8631 8632
8633 8632 8634
8635 8633 8634
8635 8634 8636
8637 8635 8636
8637 8636 8638
8639 8637 8638
8639 8638 8640
8641 8639 8640
8641 8640 8642
8643 8641 8642
8643 8642 8644
8645 8643 8644
8630 8646 8632
8630 8647 8646
8632 8646 8648
8628 8647 8630
8632 8648 8634
8628 8649 8647
8634 8648 8650
8626 8649 8628
8634 8650 8636
8626 8651 8649
8636 8650 8652
8624 8651 8626
8636 8652 8638
8624 8653 8651
8638 8652 8654
8622 8653 8624
8638 8654 8640
8622 8655 8653
8640 8654 8656
8620 8655 8622
8640 8656 8642
8620 8657 8655
8642 8656 8658
8618 8657 8620
8618 8659 8657
8660 8659 8618
8660 8661 8659
8662 8661 8660
8662 8663 8661
8642 8658 8644
8644 8658 8664
8644 8664 8665
8645 8644 8665
8666 8665 8664
8667 8645 8665
8666 8667 8665
8667 8668 8645
8666 8669 8667
8669 8668 8667
8666 8670 8669
8669 8671 8668
8670 8672 8669
8672 8671 8669
8670 8673 8672
8672 8674 8671
8673 8675 8672
8675 8674 8672
8673 8676 8675
8675 8677 8674
8676 8678 8675
8678 8677 8675
8676 8679 8678
8678 8680 8677
8679 8681 8678
8681 8680 8678
8679 8682 8681
8681 8683 8680
8682 8684 8681
8684 8683 8681
8682 8685 8684
8684 8686 8683
8685 8687 8684
8687 8686 8684
8685 8688 8687
8687 8689 8686
8688 8690 8687
8690 8689 8687
8688 8691 8690
8690 8692 8689
8691 8693 8690
8693 8692 8690
8691 8694 8693
8693 8695 8692
8694 8696 8693
8696 8695 8693
8694 8697 8696
8696 8698 8695
8697 8699 8696
8699 8698 8696
8697 8700 8699
8699 8701 8698
8700 8702 8699
8703 8701 8699
8700 8704 8702
8703 8705 8701
8704 8706 8702
8707 8705 8703
8704 8708 8706
8707 8709 8705
8708 8710 8706
8711 8709 8707
8708 8712 8710
8711 8713 8709
8712 8714 8710
8715 8713 8711
8712 8716 8714
8715 8717 8713
8716 8718 8714
8719 8717 8715
8716 8720 8718
8719 8721 8717
8720 8722 8718
8722 8721 8719
8720 8723 8722
8722 8724 8721
8723 8725 8722
8725 8724 8722
8723 8726 8725
8725 8727 8724
8726 8728 8725
8728 8727 8725
8726 8729 8728
8728 8730 8727
8729 8731 8728
8731 8730 8728
8729 8732 8731
8731 8733 8730
8732 8734 8731
8734 8733 8731
8732 8735 8734
8734 8736 8733
8735 8737 8734
8737 8736 8734
8735 8738 8737
8737 8739 8736
8738 8740 8737
8740 8739 8737
8738 8741 8740
8740 8742 8739
8741 8743 8740
8743 8742 8740
8741 8744 8743
8743 8745 8742
8744 8746 8743
8746 8745 8743
8744 8747 8746
8746 8748 8745
8747 8749 8746
8749 8748 8746
8747 8750 8749
8749 8751 8748
8750 8752 8749
8752 8751 8749
8750 8753 8752
8752 8754 8751
8753 8755 8752
8755 8754 8752
8753 8756 8755
8755 8757 8754
8756 8758 8755
8758 8757 8755
8756 8759 8758
8758 8760 8757
8759 8761 8758
8761 8760 8758
8759 8762 8761
8761 8763 8760
8762 8764 8761
8764 8763 8761
8762 8765 8764
8764 8766 8763
8765 8767 8764
8767 8766 8764
8765 8768 8767
8767 8769 8766
8768 8770 8767
8771 8769 8767
8768 8772 8770
8771 8773 8769
8772 8774 8770
8775 8773 8771
8772 8776 8774
8775 8777 8773
8776 8778 8774
8779 8777 8775
8776 8780 8778
8779 8781 8777
8780 8782 8778
8783 8781 8779
8780 8784 8782
8783 8785 8781
8784 8786 8782
8787 8785 8783
8784 8788 8786
8787 8789 8785
8788 8790 8786
8791 8789 8787
8788 8792 8790
8791 8793 8789
8792 8794 8790
8795 8793 8791
8792 8796 8794
8795 8797 8793
8796 8798 8794
8799 8797 8795
8796 8800 8798
8799 8801 8797
8800 8802 8798
8803 8801 8799
8800 8804 8802
8803 8805 8801
8804 8806 8802
8807 8805 8803
8804 8808 8806
8807 8809 8805
8808 8810 8806
8811 8809 8807
8811 8812 8809
8811 8813 8812
8811 8814 8813
8814 8815 8813
8814 8816 8815
8816 8817 8815
8808 8818 8810
8818 8819 8810
8818 8820 8819
8817 8820 8821
8822 8820 8818
8821 8820 8822
8823 8824 8825
8823 8825 8662
8611 8826 8823
8611 8827 8826
8828 8829 8830
8828 8830 8831
8832 8831 8830
8832 8833 8831
8834 8831 8833
8835 8828 8831
8834 8835 8831
8835 8836 8828
8837 8835 8834
8838 8836 8835
8837 8838 8835
8837 8839 8838
8838 8840 8836
8839 8840 8838
8837 8841 8839
8839 8842 8840
8839 8841 8843
8844 8842 8839
8839 8843 8845
8844 8839 8845
8845 8843 8846
8844 8845 8847
8845 8846 8847
8844 8847 8848
8849 8848 8847
8846 8850 8847
8849 8847 8850
8846 8851 8850
8852 8849 8850
8851 8853 8850
8852 8850 8853
8851 8854 8853
8855 8852 8853
8854 8856 8853
8855 8853 8856
8854 8857 8856
8858 8855 8856
8857 8859 8856
8858 8856 8859
8857 8860 8859
8861 8858 8859
8860 8862 8859
8861 8859 8862
8860 8863 8862
8864 8861 8862
8863 8865 8862
8864 8862 8865
8863 8866 8865
8867 8864 8865
8866 8868 8865
8867 8865 8868
8866 8869 8868
8870 8867 8868
8869 8871 8868
8870 8868 8871
8869 8872 8871
8873 8870 8871
8872 8874 8871
8873 8871 8874
8872 8875 8874
8876 8873 8874
8875 8877 8874
8876 8874 8877
8875 8878 8877
8879 8876 8877
8878 8880 8877
8879 8877 8880
8878 8881 8880
8882 8879 8880
8881 8883 8880
8882 8880 8883
8881 8884 8883
8885 8882 8883
8884 8886 8883
8885 8883 8886
8884 8887 8886
8888 8885 8886
8887 8888 8886
8889 8890 8891
8890 8892 8891
8891 8892 8893
8894 8893 8892
8890 8895 8892
8896 8894 8892
8895 8897 8892
8896 8892 8898
8895 8899 8897
8900 8896 8898
8899 8901 8897
8900 8898 8902
8899 8903 8901
8904 8900 8902
8903 8905 8901
8904 8902 8906
8903 8907 8905
8908 8904 8906
8907 8909 8905
8908 8906 8910
8907 8911 8909
8912 8908 8910
8911 8913 8909
8912 8910 8914
8911 8915 8913
8916 8912 8914
8915 8917 8913
8916 8914 8917
8915 8918 8917
8919 8916 8917
8918 8920 8917
8919 8917 8920
8918 8921 8920
8922 8919 8920
8921 8923 8920
8922 8920 8924
8921 8925 8923
8926 8922 8924
8925 8927 8923
8926 8924 8928
8925 8929 8927
8930 8926 8928
8929 8931 8927
8930 8928 8932
8929 8933 8931
8934 8930 8932
8933 8935 8931
8934 8932 8936
8933 8937 8935
8938 8934 8936
8937 8939 8935
8938 8936 8940
8937 8941 8939
8940 8942 8938
8941 8943 8939
8941 8944 8943
8945 8942 8940
8945 8946 8942
8945 8947 8946
8943 8944 8948
8943 8948 8949
8948 8950 8949
8948 8951 8950
8952 8947 8945
8953 8947 8952
8954 8953 8952
8954 8952 8955
8951 8956 8950
8951 8957 8956
8956 8957 8958
8956 8958 8959
8960 8954 8955
8960 8955 8961
8960 8961 8962
8960 8962 8963
8964 8965 8966
8964 8967 8965
8967 8968 8965
8967 8969 8968
8969 8970 8968
8969 8971 8970
8971 8972 8970
8971 8973 8972
8973 8974 8972
8973 8975 8974
8975 8976 8974
8975 8977 8976
8977 8978 8976
8977 8979 8978
8980 8981 8982
8980 8982 8983
8982 8984 8983
8982 8985 8984
8985 8986 8984
8985 8987 8986
8987 8988 8986
8987 8989 8988
8989 8990 8988
8989 8991 8990
8991 8992 8990
8991 8993 8992
8993 8994 8992
8993 8995 8994
8996 8997 8998
8998 8999 8996
9000 9001 9002
9001 9003 9002
9001 9004 9003
9003 9004 9005
9003 9005 9006
9003 9007 9002
9008 9003 9006
9009 9007 9003
9008 9009 9003
9010 9007 9009
9011 9009 9008
9010 9009 9011
9011 9008 9012
9013 9011 9012
9014 9010 9011
9013 9014 9011
9014 9015 9010
9014 9016 9015
9013 9017 9014
9014 9018 9016
9013 9019 9017
9018 9020 9016
9019 9021 9017
9018 9022 9020
9019 9023 9021
9022 9024 9020
9023 9025 9021
9022 9026 9024
9023 9027 9025
9028 9024 9026
9029 9025 9027
9028 9026 9030
9029 9027 9031
9032 9028 9030
9033 9029 9031
9032 9030 9034
9033 9031 9035
9036 9032 9034
9037 9033 9035
9036 9034 9038
9037 9035 9039
9038 9040 9036
9038 9041 9040
9040 9041 9042
9040 9042 9043
9039 9044 9037
9039 9045 9044
9044 9045 9046
9044 9046 9047
9043 9042 9048
9043 9048 9049
9047 9046 9050
9047 9050 9051
9048 9052 9049
9048 9053 9052
9052 9053 9054
9052 9054 9055
9054 9056 9055
9050 9057 9051
9050 9058 9057
9057 9058 9059
9059 9056 9060
9057 9059 9060
9061 9062 9063
9064 9061 9063
9064 9065 9061
9066 9065 9064
9066 9067 9065
9068 9067 9066
9068 9069 9067
9070 9069 9068
9070 9068 9071
9072 9070 9071
9072 9071 9073
9074 9068 9066
9071 9068 9074
9074 9066 9075
9075 9066 9064
9071 9074 9076
9077 9071 9076
9077 9076 9078
9075 9064 9079
9079 9064 9080
9079 9080 9081
9080 9082 9081
9083 9084 9085
9084 9086 9085
9084 9087 9086
9087 9088 9086
9087 9089 9088
9089 9090 9088
9089 9091 9090
9090 9091 9092
9090 9092 9093
9092 9094 9093
9092 9095 9094
9096 9097 9098
9096 9099 9097
9100 9099 9096
9100 9101 9099
9099 9101 9102
9097 9099 9103
9099 9102 9103
9097 9103 9104
9105 9103 9102
9106 9104 9103
9106 9107 9104
9105 9108 9103
9108 9106 9103
9109 9107 9106
9108 9109 9106
9109 9110 9107
9105 9111 9108
9108 9111 9109
9105 9112 9111
9113 9111 9112
9114 9110 9109
9114 9115 9110
9116 9115 9114
9117 9109 9111
9113 9117 9111
9117 9114 9109
9116 9114 9118
9117 9118 9114
9113 9119 9117
9117 9119 9118
9113 9120 9119
9121 9116 9118
9119 9121 9118
9121 9122 9116
9120 9123 9119
9119 9123 9121
9120 9124 9123
9125 9123 9124
9126 9122 9121
9126 9127 9122
9128 9121 9123
9125 9128 9123
9128 9126 9121
9129 9127 9126
9129 9130 9127
9131 9130 9129
9128 9132 9126
9125 9133 9128
9128 9133 9132
9125 9134 9133
9135 9133 9134
9135 9136 9133
9135 9137 9136
9135 9138 9137
9139 9132 9133
9139 9131 9132
9139 9140 9131
9139 9141 9140
9142 9143 9144
9142 9145 9143
9146 9143 9145
9147 9145 9142
9146 9145 9148
9147 9149 9145
9148 9145 9149
9150 9149 9147
9148 9149 9151
9150 9152 9149
9151 9149 9153
9154 9152 9150
9151 9153 9155
9154 9156 9152
9155 9153 9156
9155 9156 9157
9158 9156 9154
9157 9156 9159
9158 9159 9156
9160 9159 9158
9157 9159 9161
9161 9159 9160
9160 9158 9162
9161 9160 9163
9164 9160 9162
9160 9165 9163
9164 9166 9160
9160 9166 9165
9167 9166 9164
9165 9166 9168
9167 9168 9166
9165 9168 9169
9170 9168 9167
9169 9168 9171
9170 9172 9168
9169 9171 9173
9174 9172 9170
9173 9171 9175
9174 9175 9172
9176 9175 9174
9173 9175 9177
9176 9178 9175
9177 9175 9178
9177 9178 9179
9180 9181 9182
9180 9182 9183
9184 9180 9183
9184 9183 9185
9183 9186 9185
9182 9187 9183
9183 9187 9186
9182 9188 9187
9189 9186 9187
9190 9187 9188
9190 9188 9191
9189 9187 9192
9192 9187 9190
9193 9190 9191
9192 9190 9193
9193 9191 9194
9189 9192 9195
9192 9193 9195
9189 9195 9196
9197 9196 9195
9198 9193 9194
9198 9194 9199
9200 9195 9193
9197 9195 9200
9200 9193 9198
9201 9198 9199
9200 9198 9201
9201 9199 9202
9197 9200 9203
9200 9201 9203
9197 9203 9204
9203 9205 9204
9203 9206 9205
9201 9206 9203
9207 9205 9206
9208 9201 9202
9201 9208 9206
9208 9202 9209
9207 9206 9210
9210 9206 9208
9211 9208 9209
9210 9208 9211
9211 9209 9212
9213 9211 9212
9213 9212 9214
9215 9213 9214
9210 9211 9216
9207 9210 9217
9210 9216 9217
9207 9217 9218
9219 9218 9217
9219 9217 9220
9219 9220 9221
9219 9221 9222
9223 9217 9216
9223 9216 9215
9223 9215 9224
9223 9224 9225
9226 9227 9228
9226 9228 9229
9230 9229 9228
9231 9226 9229
9230 9232 9229
9231 9229 9233
9232 9233 9229
9234 9231 9233
9232 9235 9233
9234 9233 9236
9235 9237 9233
9238 9234 9236
9235 9239 9237
9238 9236 9240
9239 9240 9237
9241 9238 9240
9239 9242 9240
9241 9240 9243
9242 9243 9240
9244 9241 9243
9242 9245 9243
9244 9243 9246
9245 9246 9243
9247 9244 9246
9245 9248 9246
9247 9246 9249
9248 9249 9246
9250 9247 9249
9248 9251 9249
9250 9249 9252
9251 9252 9249
9253 9250 9252
9251 9254 9252
9253 9252 9255
9254 9256 9252
9257 9253 9255
9254 9258 9256
9257 9255 9259
9258 9259 9256
9260 9257 9259
9258 9261 9259
9260 9259 9262
9261 9262 9259
9261 9263 9262
9264 9265 9266
9264 9266 9267
9268 9269 9270
9268 9270 9271
9272 9273 9274
9272 9274 9275
9276 9277 9278
9276 9278 9279
9280 9281 9282
9280 9282 9283
9284 9285 9286
9284 9286 9287
9288 9289 9290
9288 9291 9289
9292 9291 9288
9292 9293 9291
9294 9293 9295
9294 9296 9293
9297 9296 9294
9297 9298 9296
9299 9298 9300
9299 9301 9298
9302 9301 9299
9302 3709 9301
9303 40 46
9303 9304 40
9305 9304 9303
9305 9306 9304
9307 9306 9305
9307 9308 9306
9309 9308 9307
9309 9310 9308
9311 9310 9309
9311 9312 9310
9313 9312 9311
9313 9314 9312
9315 9314 9313
40 9316 42
9317 42 9316
9317 9318 42
9318 9317 9319
9318 9319 9320
9321 9320 9319
9321 9322 9320
9323 9322 9321
9323 9324 9322
9324 9323 9325
9315 9326 9325
9324 9325 9326
2766 2771 9327
2766 9327 2770
2779 9327 2771
2770 9327 9328
2770 9328 9329
9330 9327 2779
9330 9328 9327
2710 9330 2779
9329 9328 9331
9329 9331 9332
2710 9333 9330
2710 2712 9333
9334 9333 2712
9334 9330 9333
9334 2712 9335
9336 9328 9330
9336 9331 9328
9334 9336 9330
9332 9331 9337
9332 9337 9338
9337 9339 9338
9331 9336 9340
9334 9340 9336
9331 9340 9337
9335 9341 9334
9334 9341 9340
9335 9342 9341
9337 9343 9339
9340 9343 9337
9342 9344 9341
9342 9345 9344
9341 9346 9340
9341 9344 9346
9340 9346 9343
9347 9344 9345
9346 9344 9347
9347 9345 9348
9339 9343 9349
9339 9349 9350
9351 9350 9349
9343 9346 9352
9343 9352 9349
9346 9347 9352
9351 9349 9353
9352 9353 9349
9354 9351 9353
9348 9355 9347
9348 9356 9355
9357 9352 9347
9352 9357 9353
9357 9347 9355
9354 9353 9358
9357 9358 9353
9359 9354 9358
9356 9360 9355
9356 9361 9360
9362 9360 9361
9363 9357 9355
9357 9363 9358
9363 9355 9360
9359 9358 9364
9364 9358 9363
9364 9365 9359
9362 9366 9360
9366 9363 9360
9364 9367 9365
9367 9368 9365
9364 9363 9369
9366 9369 9363
9369 9367 9364
9362 9370 9366
9369 9366 9370
9362 9371 9370
9367 9372 9368
9373 9368 9372
9369 9374 9367
9369 9370 9374
9374 9372 9367
9371 9375 9370
9371 9376 9375
9370 9377 9374
9374 9377 9372
9370 9375 9377
9373 9372 9378
9378 9372 9377
9379 9373 9378
9380 9375 9376
9380 9376 9381
9382 9377 9375
9378 9377 9382
9382 9375 9380
9379 9378 9383
9383 9378 9382
9384 9379 9383
9385 9380 9381
9385 9381 9386
9387 9382 9380
9383 9382 9387
9387 9380 9385
9384 9383 9388
9387 9388 9383
9389 9384 9388
9386 9390 9385
9386 9391 9390
9392 9387 9385
9387 9392 9388
9392 9385 9390
9389 9388 9393
9392 9393 9388
9394 9389 9393
9391 9395 9390
9391 9396 9395
9397 9392 9390
9392 9397 9393
9397 9390 9395
9394 9393 9398
9398 9393 9397
9399 9394 9398
9400 9395 9396
9400 9397 9395
9400 9396 9401
9399 9398 9402
9399 9402 9403
9398 9397 9404
9400 9404 9397
9405 9402 9398
9405 9398 9404
9403 9402 9405
9405 9404 9400
9401 9406 9400
9405 9400 9406
9403 9405 9406
9401 9407 9406
9403 9406 9407
9408 9409 9410
1147 9409 9408
9408 9410 9411
9411 9410 9412
1147 9408 9413
1146 1147 9413
1151 1146 9413
9413 9408 9414
9414 9408 9411
1151 9413 9415
9413 9414 9415
1152 1151 9415
1152 9415 9416
9415 9417 9416
9415 9414 9417
9417 9414 9418
9414 9411 9418
9417 9418 9419
9411 9412 9420
9418 9411 9420
9420 9412 9421
9419 9418 9422
9418 9420 9422
9419 9422 9423
9420 9421 9424
9422 9420 9424
9424 9421 9425
9423 9422 9426
9422 9424 9426
9423 9426 9427
9424 9425 9428
9426 9424 9428
9428 9425 9429
9427 9426 9430
9426 9428 9430
9427 9430 9431
9428 9429 9432
9430 9428 9432
9432 9429 9433
9431 9430 9434
9430 9432 9434
9431 9434 9435
9432 9433 9436
9434 9432 9436
9435 9434 9437
9434 9436 9437
9435 9437 9438
9437 9439 9438
9433 9440 9436
9433 9441 9440
9440 9441 9442
9436 9443 9437
9437 9443 9439
9436 9440 9443
9440 9442 9444
9443 9440 9444
9444 9442 9445
9439 9443 9446
9443 9444 9446
9446 9444 9445
9439 9446 9447
9447 9446 9445
9448 9449 9450
9451 9449 9448
9451 9448 9452
9448 9450 9453
9453 9450 9454
9453 9454 9455
9452 9448 9456
9452 9456 9457
9458 9448 9453
9448 9458 9456
9459 9453 9455
9458 9453 9459
9459 9455 9460
9461 9459 9460
9461 9462 9459
9462 9458 9459
9458 9463 9456
9464 9456 9463
9465 9457 9456
9464 9465 9456
9465 9466 9457
9467 9465 9464
9468 9466 9465
9467 9468 9465
9468 9469 9466
9470 9469 9468
9471 9468 9467
9470 9468 9471
9471 9467 9472
9473 9471 9472
9474 9470 9471
9473 9474 9471
9474 9475 9470
9476 9474 9473
9476 9475 9474
9477 9478 9458
9477 9479 9478
9462 9477 9458
9480 9479 9477
9481 9477 9462
9480 9477 9481
9481 9462 9482
9482 9462 9461
9482 9461 9483
9484 9482 9483
9484 9485 9482
9485 9481 9482
9486 9485 9484
9487 9480 9481
9485 9487 9481
9487 9488 9480
9486 9489 9485
9489 9487 9485
9490 9489 9486
9491 9488 9487
9489 9491 9487
9490 9491 9489
9491 9492 9488
9490 9492 9491
9493 9494 9495
9496 9495 9494
9493 9495 9497
9496 9498 9495
9499 9498 9496
9499 9496 9500
9501 9499 9500
9501 9500 9502
9503 9501 9502
9497 9504 9493
9497 9505 9504
9503 9502 9506
9504 9505 9507
9504 9507 9508
9507 9509 9508
9507 9510 9509
9510 9511 9509
9510 9512 9511
9511 9512 9513
9511 9513 9514
9514 9513 9515
9516 9514 9515
9517 9514 9516
9517 9518 9514
9519 9518 9517
9519 9517 9520
9521 9519 9520
9521 9520 9522
9523 9521 9522
9523 9524 9521
9525 9524 9523
9525 9523 9526
9526 9527 9525
9526 9528 9527
9529 9527 9528
9529 9530 9527
9531 9530 9529
9531 9529 9532
9533 9531 9532
9533 9532 9534
9506 9533 9534
9506 9534 9535
9536 9506 9535
9536 9535 9537
9536 9537 9538
9539 9506 9536
9539 9503 9506
9536 9538 9540
9539 9536 9540
9540 9538 9541
9539 9540 9542
9540 9541 9543
9542 9540 9543
9543 9541 9544
9542 9543 9545
9543 9544 9546
9543 9547 9545
9543 9546 9547
9548 9549 9550
9549 9551 9550
9548 9552 9549
9553 9552 9548
9553 9548 9554
9555 9553 9554
9555 9554 9556
9557 9555 9556
9557 9556 9558
9559 9557 9558
9559 9558 9560
9561 9559 9560
9561 9560 9562
9563 9561 9562
9563 9564 9561
9561 9564 9565
9561 9565 9566
9566 9559 9561
9566 9567 9559
9567 9557 9559
9567 9568 9557
9568 9555 9557
9568 9569 9555
9569 9553 9555
9569 9570 9553
9570 9552 9553
9570 9571 9552
9549 9552 9571
9549 9571 9572
9572 9573 9549
9572 9574 9573
9549 9573 9551
9575 9573 9574
9551 9573 9575
9551 9575 9576
9575 9574 9577
9575 9578 9576
9579 9575 9577
9575 9579 9578
9579 9577 9580
9578 9579 9581
9581 9579 9580
9578 9581 9582
9581 9580 9583
9581 9584 9582
9583 9585 9581
9581 9585 9584
9583 9586 9585
9585 9587 9584
9586 9588 9585
9585 9588 9587
9586 9589 9588
9587 9588 9590
9590 9588 9589
9591 9592 9593
9591 9594 9592
9591 9593 9595
9595 9593 9596
9595 9596 9597
9597 9596 9598
9591 9599 9594
9597 9598 9600
9599 9601 9594
9599 9602 9601
9603 9602 9599
9603 9599 9604
9599 9605 9604
9599 9606 9605
9607 9605 9606
9607 9608 9605
9609 9608 9607
9609 9607 9610
9611 9609 9610
9611 9610 9600
9612 9600 9598
9613 9611 9600
9612 9613 9600
9613 9614 9611
9615 9613 9612
9616 9614 9613
9615 9616 9613
9616 9617 9614
9618 9616 9615
9619 9617 9616
9618 9620 9616
9619 9616 9620
9620 9618 9621
9622 9619 9620
9620 9621 9623
9622 9620 9623
9621 9624 9623
9622 9623 9624
9621 9625 9624
9622 9624 9626
9625 9627 9624
9626 9624 9627
9625 9628 9627
9626 9627 9629
9627 9628 9630
9629 9627 9631
9627 9630 9631
9629 9631 9632
9630 9633 9631
9633 9632 9631
9630 9634 9633
9633 9635 9632
9633 9634 9636
9636 9635 9633
