byte offset: 0
first index: 0
index count: 32964
topology: trianglelist
format: DXGI_FORMAT_R16_UINT

0 1 2
3 4 0
3 5 4
5 6 4
6 5 7
7 5 8
8 9 7
10 9 8
11 6 7
9 11 7
4 6 12
13 6 11
12 6 13
12 14 4
4 14 15
14 12 16
17 14 16
16 12 18
12 13 18
16 18 19
19 18 20
21 19 20
22 18 13
20 18 22
13 11 23
13 23 22
20 24 21
21 24 25
24 26 25
24 27 26
28 24 20
28 27 24
29 20 22
28 20 29
22 23 30
22 30 29
31 23 11
23 31 30
27 28 32
29 32 28
31 11 33
33 34 31
9 33 11
30 31 35
34 35 31
36 29 30
35 36 30
33 9 37
10 37 9
38 37 10
38 10 39
27 32 40
40 41 27
40 42 41
43 42 40
43 40 32
32 44 43
33 37 45
45 34 33
39 46 38
43 47 42
47 48 42
49 48 47
49 47 43
43 50 49
50 43 44
32 51 44
29 51 32
51 29 36
36 44 51
38 46 52
52 46 53
53 46 54
54 46 55
52 56 38
38 56 57
58 57 56
59 38 57
37 38 59
60 57 58
60 58 61
37 59 62
45 37 62
63 59 57
63 57 60
64 63 60
60 61 65
64 60 65
65 61 66
45 62 67
67 34 45
68 62 59
68 59 63
68 67 62
65 66 69
64 65 69
66 70 69
66 71 70
72 70 71
68 63 73
73 63 64
74 69 70
64 69 74
70 72 75
75 72 76
77 75 76
74 70 78
78 70 75
79 75 77
77 80 79
78 75 81
81 75 79
79 80 82
79 82 83
80 84 82
82 84 85
82 85 83
84 86 85
85 86 87
86 88 87
81 79 89
79 83 89
90 81 89
83 90 89
91 78 81
90 91 81
90 92 91
91 93 78
74 78 93
83 85 94
85 87 94
87 88 95
96 95 88
95 96 97
97 96 98
98 99 97
94 87 100
87 95 100
83 94 101
100 101 94
102 93 91
91 92 102
103 95 97
100 95 103
83 101 104
83 104 90
104 105 90
90 105 92
101 106 104
106 105 104
107 101 100
106 101 107
108 100 103
107 100 108
97 109 103
103 109 108
110 92 105
106 110 105
106 111 110
110 111 92
107 112 106
106 112 111
113 107 108
107 113 112
113 108 114
114 108 109
112 113 115
115 113 114
112 116 111
112 115 116
111 117 92
111 116 118
117 111 118
119 92 117
102 92 119
117 118 120
120 119 117
119 121 102
120 122 119
123 121 119
102 121 93
120 118 124
124 118 116
120 124 122
125 93 121
125 121 123
74 93 125
74 125 64
64 125 126
126 125 123
64 126 73
126 127 73
73 127 68
126 123 128
128 127 126
68 127 129
129 67 68
129 127 130
127 128 130
131 67 129
129 130 131
130 132 131
133 67 131
133 34 67
131 134 133
134 34 133
132 134 131
135 34 134
135 35 34
123 136 128
123 119 136
128 137 130
137 132 130
128 136 138
138 137 128
139 134 132
135 134 139
135 140 35
140 36 35
119 141 136
136 141 138
137 138 142
142 132 137
142 138 143
143 138 141
144 132 142
143 144 142
132 145 139
144 145 132
146 140 135
147 146 135
148 146 139
145 148 139
148 140 146
143 141 149
150 144 143
149 150 143
151 144 150
144 151 145
149 141 152
119 152 141
152 119 153
151 150 154
154 150 149
149 152 155
153 155 152
149 155 156
149 156 154
157 155 153
157 156 155
151 158 145
145 158 159
145 159 148
148 159 160
159 158 160
161 148 160
140 148 161
162 140 161
36 140 162
162 44 36
161 163 162
162 163 44
163 164 44
165 163 161
165 161 160
166 163 165
166 167 163
50 44 167
50 167 168
168 167 166
50 168 169
170 50 169
170 169 171
170 171 172
172 171 173
171 169 173
169 174 173
174 175 173
174 176 175
177 176 174
169 178 174
178 169 168
177 174 179
179 174 178
178 168 180
180 179 178
181 168 166
180 168 181
179 182 177
182 183 177
182 184 183
185 184 182
179 186 182
186 185 182
187 185 186
187 188 185
187 189 188
180 190 179
190 186 179
181 191 180
180 191 190
192 181 166
181 192 191
193 186 190
193 187 186
194 190 191
193 190 194
192 166 195
196 192 195
166 165 195
191 192 197
194 191 197
195 165 198
198 196 195
193 199 187
193 194 199
200 192 196
200 197 192
165 201 198
202 198 201
202 203 198
201 165 160
198 204 196
160 205 201
201 205 202
160 158 205
206 205 158
207 200 196
207 197 200
196 204 208
202 208 204
202 205 209
202 209 210
206 211 209
212 209 205
212 158 151
211 213 209
212 151 214
151 154 214
215 212 214
154 215 214
211 212 215
154 156 215
202 216 208
202 213 216
215 217 211
218 217 215
156 219 215
211 220 213
211 217 220
156 221 219
157 221 156
157 222 221
223 222 157
221 224 219
153 223 157
213 220 225
220 217 226
220 226 225
219 227 217
217 227 226
228 225 226
227 229 226
228 230 225
231 229 227
219 232 227
219 224 232
232 233 227
234 231 227
234 235 231
228 231 236
236 231 235
224 237 232
237 234 232
224 238 237
239 237 238
237 240 234
234 240 235
241 240 237
239 241 237
228 236 242
230 228 242
235 240 243
243 240 241
243 241 244
241 239 245
241 245 244
243 244 246
246 235 243
244 245 247
246 244 247
247 248 246
249 235 246
246 248 249
250 236 235
235 249 250
236 251 242
250 252 236
236 252 251
251 253 242
230 242 253
249 248 254
250 249 255
254 255 249
252 250 256
255 256 250
247 257 248
254 248 257
251 252 258
252 256 258
251 259 253
260 230 253
253 259 260
258 261 251
251 261 259
255 262 256
263 255 254
263 262 255
258 256 264
256 262 264
254 257 265
263 254 265
257 266 265
257 267 266
265 266 268
263 265 268
247 267 257
263 269 262
269 264 262
269 263 268
270 261 258
264 270 258
264 271 270
271 264 272
272 264 269
271 273 270
270 273 261
273 274 261
271 274 273
274 259 261
272 269 275
269 268 275
276 272 275
276 271 272
268 277 275
276 275 277
259 274 278
260 259 278
276 279 271
279 276 277
268 280 277
268 266 280
279 277 281
281 277 280
279 282 271
281 282 279
274 283 278
284 274 271
283 274 284
282 285 271
286 284 271
271 285 287
288 287 285
289 287 288
281 290 282
290 285 282
281 280 291
290 281 291
283 292 278
278 292 260
283 284 293
284 286 293
289 294 287
271 287 294
280 295 291
266 295 280
292 283 296
296 283 293
260 292 297
298 292 296
298 297 292
260 297 299
260 299 230
299 300 230
230 300 301
301 300 213
216 213 300
302 300 299
297 302 299
216 300 302
303 302 297
303 216 302
303 297 298
303 208 216
296 304 298
303 298 304
293 305 296
305 304 296
303 306 208
303 304 306
293 307 305
307 308 305
286 307 293
304 305 309
309 306 304
309 305 308
208 306 310
196 208 310
196 310 207
310 306 207
306 309 207
286 311 307
308 307 311
207 309 312
207 312 197
286 313 311
313 286 271
309 308 314
312 309 314
312 315 197
194 197 315
312 314 316
316 315 312
308 317 314
316 314 317
308 318 317
318 316 317
311 319 308
308 319 318
313 320 311
311 320 319
321 320 313
321 313 271
315 322 194
199 194 322
323 315 316
323 316 318
318 324 323
325 315 323
315 325 322
324 325 323
319 326 318
326 324 318
319 320 327
320 321 327
328 326 319
319 327 328
327 321 329
327 329 328
328 330 326
326 330 324
325 331 322
331 325 324
321 332 329
332 321 271
329 333 328
333 330 328
324 330 334
331 324 335
335 324 334
330 336 334
336 330 333
334 336 337
334 337 338
339 336 333
340 339 333
333 329 340
341 339 340
331 335 342
338 342 335
331 342 343
322 331 343
344 343 342
345 322 343
344 345 343
199 322 345
199 345 187
345 344 346
187 345 346
346 344 347
346 348 187
347 349 346
349 348 346
350 349 347
351 348 189
352 353 354
338 355 352
356 338 352
357 338 358
359 360 356
361 359 356
361 362 359
363 362 364
365 363 364
366 367 368
369 370 368
371 370 369
371 372 373
372 374 369
375 376 377
378 376 379
379 376 380
376 381 380
380 381 382
381 383 382
384 382 383
382 384 385
385 384 386
382 387 380
380 387 379
382 388 387
389 388 382
390 388 389
390 391 388
390 392 391
387 388 393
391 393 388
379 387 394
393 394 387
392 395 391
395 392 396
397 393 391
397 391 395
379 394 398
398 394 399
379 398 378
400 394 393
400 393 397
399 394 400
395 396 401
402 395 401
397 395 402
403 401 396
403 402 401
403 396 404
405 403 404
405 406 403
405 407 406
408 406 407
409 402 403
409 403 406
408 410 406
409 406 410
411 410 408
402 412 397
412 402 409
400 397 413
397 412 413
400 413 414
412 414 413
414 399 400
412 409 415
415 414 412
410 411 416
417 416 411
418 416 417
419 416 418
410 416 420
410 421 409
420 421 410
415 409 421
421 420 422
422 415 421
422 420 423
415 424 414
424 415 422
422 423 425
424 422 425
414 424 426
424 427 426
414 426 399
424 425 428
424 428 427
427 429 426
426 429 399
399 429 430
430 429 427
399 430 431
399 431 398
431 432 398
432 378 398
378 432 433
434 431 430
435 430 427
434 430 435
436 432 431
434 436 431
432 436 437
434 437 436
432 437 438
439 432 438
378 439 440
439 441 440
441 439 442
442 439 438
441 442 443
443 442 444
442 438 445
444 442 445
445 438 437
444 445 446
447 445 437
448 445 447
434 449 437
447 437 449
448 447 450
449 450 447
448 450 451
434 452 449
449 452 450
434 435 452
452 435 453
427 453 435
452 454 450
452 453 454
455 453 427
455 427 428
450 454 456
457 450 456
457 456 458
458 456 459
459 456 460
454 460 456
460 461 459
462 460 454
453 462 454
460 462 461
453 463 462
453 455 463
463 455 464
428 465 455
455 465 464
425 465 428
464 465 466
466 425 467
468 465 425
469 468 467
425 423 467
468 470 464
471 470 468
463 472 462
472 461 462
467 423 473
471 467 473
463 464 474
463 474 472
474 464 475
474 475 472
476 461 472
476 472 475
477 475 464
464 478 477
479 478 471
479 480 478
476 481 461
461 481 482
483 476 475
483 481 476
483 475 484
479 471 485
485 471 473
485 473 486
479 485 486
482 481 487
481 483 488
484 488 483
487 481 489
481 488 489
487 489 490
487 490 491
491 490 492
491 492 493
486 473 494
423 494 473
495 489 488
495 496 492
495 497 489
495 492 497
498 494 423
499 498 423
500 498 499
501 498 500
501 494 498
501 502 494
494 502 486
502 503 486
486 503 504
479 486 504
504 505 479
505 477 479
504 503 506
506 505 504
505 507 477
477 507 508
509 507 505
509 505 506
506 503 510
511 507 509
511 508 507
509 506 512
512 506 510
511 509 512
513 512 510
511 512 514
513 514 512
515 513 510
515 510 516
516 517 515
516 518 517
519 513 515
515 520 519
521 514 513
519 521 513
514 522 511
521 523 514
523 522 514
521 519 524
524 523 521
524 519 525
525 519 526
527 526 515
525 526 528
523 524 529
525 529 524
528 530 525
531 530 528
525 530 532
532 530 531
532 529 525
531 533 532
523 529 534
522 523 534
529 532 535
535 532 533
529 535 534
533 536 535
533 537 536
537 533 538
534 535 539
535 536 539
522 534 540
539 540 534
538 541 537
536 537 542
537 541 542
538 543 541
544 543 538
541 543 545
545 543 546
545 547 541
542 541 547
548 542 547
549 545 546
545 549 547
548 547 549
549 546 550
549 550 551
548 549 551
551 550 552
542 553 536
548 553 542
551 554 548
554 551 555
556 554 555
555 551 557
552 558 555
559 548 554
556 559 554
560 559 556
561 548 559
548 561 553
559 560 561
555 558 562
555 562 556
563 562 558
558 564 563
563 564 565
563 565 566
566 565 567
568 562 563
566 568 563
569 566 567
569 567 570
566 571 568
571 562 568
566 569 571
572 569 570
572 570 573
571 574 562
556 562 574
575 571 569
575 569 572
571 575 574
576 572 573
576 573 577
572 578 575
572 576 578
574 575 579
579 575 578
574 580 556
579 580 574
581 556 580
560 556 581
580 582 581
582 560 581
580 583 582
582 583 584
585 584 583
585 586 584
585 587 586
587 588 586
587 589 588
590 588 589
590 591 588
584 592 582
582 592 560
588 592 593
584 593 592
594 560 592
592 595 594
596 595 591
594 595 596
597 598 590
597 599 598
599 596 598
599 600 596
601 602 596
601 560 602
600 601 603
561 560 601
600 604 601
601 604 561
561 604 605
561 605 553
553 605 606
605 604 606
536 553 606
606 604 607
607 604 608
609 607 608
610 609 600
610 600 611
610 612 609
613 612 607
607 612 614
615 612 610
615 616 612
617 616 614
618 615 610
618 619 611
618 611 597
620 621 622
623 622 624
623 625 626
627 626 625
627 625 628
627 628 629
629 628 630
629 630 631
631 630 632
632 630 633
634 635 636
636 637 638
636 638 639
639 638 640
638 641 640
638 642 641
641 642 643
641 643 644
644 643 645
644 645 646
646 645 647
646 647 648
648 647 649
650 651 652
650 653 654
655 654 653
655 656 654
657 656 655
657 658 656
659 658 657
659 660 658
661 662 659
661 663 662
661 664 663
665 666 667
665 668 669
670 668 665
670 671 668
672 671 670
672 670 673
674 675 676
677 675 678
677 678 679
679 678 680
679 680 681
682 683 675
684 683 682
684 685 683
686 687 688
689 687 690
689 690 691
691 690 692
691 692 693
693 692 694
693 694 695
695 694 696
695 696 697
698 699 696
698 700 699
701 702 700
703 702 701
704 703 701
704 705 703
706 703 705
707 702 703
706 707 703
707 708 702
707 709 708
707 710 709
711 707 706
711 710 707
712 710 711
712 711 713
714 712 713
714 713 715
716 714 715
716 715 717
718 716 717
719 720 716
719 721 720
719 722 721
723 724 721
723 721 725
726 727 728
729 730 731
732 729 733
732 733 734
734 733 735
733 736 735
734 735 737
738 734 737
739 732 734
738 739 734
739 740 732
740 739 741
740 741 742
742 741 743
742 743 744
744 743 745
744 745 746
745 747 746
745 748 747
748 749 747
750 748 745
751 750 745
751 752 750
753 752 751
753 754 752
750 755 748
748 756 749
755 756 748
755 757 756
757 758 756
756 759 749
758 759 756
760 759 758
761 759 760
760 762 761
761 762 763
762 764 763
763 764 765
765 764 766
766 764 767
766 767 768
769 770 771
772 770 773
772 773 774
775 776 777
778 779 775
778 780 779
781 780 778
780 782 779
781 783 780
780 784 782
783 784 780
784 785 782
783 786 784
784 787 785
786 787 784
787 788 785
786 789 787
787 790 788
789 790 787
790 791 788
789 792 790
790 793 791
792 793 790
793 794 791
792 795 793
793 796 794
795 796 793
796 797 794
795 798 796
796 799 797
798 799 796
799 800 797
798 801 799
799 802 800
801 802 799
802 803 800
801 804 802
802 805 803
804 805 802
805 806 803
804 807 805
805 808 806
807 808 805
808 809 806
807 810 808
808 811 809
810 811 808
812 809 811
810 813 811
812 811 814
814 811 813
814 815 812
814 813 816
814 817 815
816 817 814
818 815 817
816 819 817
818 817 820
820 817 819
820 821 818
820 819 822
820 823 821
823 824 821
822 825 820
822 826 825
826 827 825
828 829 830
831 828 832
831 832 833
834 831 833
834 833 835
836 834 835
836 835 837
838 836 837
838 839 836
840 839 838
840 838 841
842 840 841
842 841 843
844 842 843
844 843 845
846 844 845
846 845 847
848 846 847
848 847 849
850 848 849
850 849 851
852 850 851
852 851 853
854 852 853
854 853 855
856 854 855
856 855 857
858 856 857
858 857 859
860 858 859
860 859 861
862 860 861
862 861 863
864 862 863
864 863 865
866 864 865
866 867 864
868 867 866
868 866 869
870 868 869
870 869 871
872 873 874
875 876 877
878 875 879
875 878 880
878 881 880
882 881 878
878 879 883
884 882 878
884 878 883
883 885 884
885 886 884
883 887 885
887 888 885
887 883 889
883 890 889
887 889 891
891 889 892
892 889 893
889 890 893
894 893 890
884 895 896
884 897 895
898 897 884
897 899 895
900 897 898
897 900 899
900 901 899
901 902 899
901 903 902
901 904 903
901 900 905
886 905 900
906 904 901
905 906 901
906 907 904
905 907 906
904 907 908
907 909 908
907 910 909
905 910 907
910 911 909
912 910 905
910 912 911
912 905 913
914 911 912
887 912 913
914 912 887
915 916 917
918 919 917
920 917 919
921 919 918
920 919 922
921 923 919
922 919 923
921 924 923
924 925 923
925 924 926
927 925 926
922 923 928
928 923 925
929 925 927
930 925 929
928 925 930
930 929 931
932 922 928
932 933 922
932 928 934
934 928 930
935 932 934
935 933 936
935 937 933
935 934 938
934 930 939
939 930 931
940 934 939
940 939 941
942 941 939
939 931 942
943 941 942
944 943 942
944 942 931
944 931 945
944 945 927
946 947 948
949 950 948
951 948 950
952 950 949
951 950 953
952 954 955
952 955 956
953 956 955
954 957 955
953 955 958
958 955 957
959 953 958
959 960 953
961 960 959
961 962 960
963 961 959
963 959 964
959 958 964
963 964 965
964 958 966
958 957 966
964 966 967
968 964 967
968 967 969
969 967 970
971 970 967
971 972 970
967 966 973
967 973 971
966 957 974
966 974 973
971 975 972
972 975 976
971 977 975
971 973 977
976 975 978
979 977 973
979 976 978
979 973 974
979 980 976
980 979 981
981 979 974
981 974 982
982 974 983
983 974 957
957 984 983
985 986 987
988 987 989
990 988 989
990 989 991
989 987 992
990 991 993
994 992 987
994 987 995
993 991 996
991 997 996
993 996 998
998 996 999
1000 999 996
996 997 1000
1000 1001 999
997 1001 1000
1001 1002 999
1002 1001 1003
1003 1001 1004
997 1004 1001
1005 1003 1004
1005 1004 997
1005 1006 1003
991 1007 997
1008 1007 991
1008 992 1007
1007 1009 997
1005 997 1009
992 1010 1007
1007 1010 1009
1011 1009 1010
1005 1009 1012
1012 1009 1013
1014 1005 1012
1006 1005 1014
992 1015 1010
1016 1010 1015
1016 1017 1010
1018 1017 1013
1016 1015 1019
1019 1015 1020
1021 1020 1015
1021 1022 992
994 1021 992
1021 1023 1020
1023 1024 1020
1025 1023 1021
1025 1021 1026
1027 1025 1026
1027 1023 1025
1023 1028 1024
1027 1028 1023
1028 1029 1024
1028 1030 1029
1030 1028 1027
1031 1029 1030
1031 1030 1032
1030 1027 1033
1032 1030 1033
994 1034 1027
1034 994 995
1035 1027 1034
1036 1034 995
1034 1036 1037
1036 995 1038
1035 1036 1039
1039 1036 1038
1040 1035 1039
1039 1038 1041
1042 1040 1039
1039 1043 1042
1039 1044 1043
1041 1045 1043
1043 1045 1046
1047 1042 1043
1047 1043 1046
1047 1048 1042
1047 1046 1049
1050 1051 1052
1053 1054 1055
1056 1053 1057
1053 1056 1058
1053 1058 1059
1058 1060 1059
1061 1060 1058
1062 1063 1061
1062 1064 1056
1062 1065 1064
1062 1066 1063
1066 1067 1063
1066 1068 1067
1068 1066 1069
1069 1066 1062
1069 1070 1068
1056 1071 1062
1071 1069 1062
1056 1072 1071
1072 1069 1071
1073 1070 1069
1072 1073 1069
1072 1056 1074
1056 1075 1074
1076 1073 1072
1072 1074 1077
1077 1074 1078
1078 1074 1079
1074 1075 1079
1080 1079 1075
1076 1081 1073
1082 1073 1081
1073 1082 1070
1082 1081 1083
1084 1082 1083
1070 1082 1084
1084 1083 1085
1086 1084 1085
1070 1084 1087
1087 1084 1086
1070 1087 1088
1087 1086 1088
1088 1089 1070
1088 1086 1090
1089 1088 1067
1088 1090 1091
1088 1091 1067
1092 1093 1094
1095 1096 1094
1097 1094 1096
1098 1096 1095
1097 1096 1099
1098 1100 1096
1099 1096 1100
1098 1101 1100
1099 1100 1102
1103 1099 1102
1103 1104 1099
1105 1104 1103
1105 1106 1104
1107 1105 1103
1107 1103 1108
1103 1102 1108
1107 1108 1109
1102 1100 1110
1111 1110 1100
1110 1111 1112
1108 1102 1113
1102 1110 1113
1109 1108 1114
1108 1113 1114
1109 1114 1115
1115 1114 1116
1112 1117 1110
1113 1110 1117
1118 1117 1112
1119 1117 1118
1114 1113 1120
1113 1117 1120
1121 1116 1114
1114 1120 1121
1122 1116 1121
1119 1123 1117
1123 1120 1117
1124 1123 1119
1123 1124 1125
1123 1126 1120
1121 1120 1126
1123 1125 1126
1121 1127 1122
1122 1127 1125
1125 1127 1126
1121 1126 1127
1128 1129 1130
1131 1128 1132
1128 1131 1133
1131 1134 1133
1135 1134 1131
1131 1132 1136
1137 1135 1131
1137 1131 1136
1136 1138 1137
1136 1139 1138
1138 1140 1137
1139 1140 1138
1139 1136 1141
1136 1142 1141
1139 1141 1143
1143 1141 1144
1144 1141 1145
1141 1142 1145
1146 1145 1142
1139 1147 1140
1148 1147 1139
1148 1149 1147
1150 1147 1149
1150 1149 1151
1147 1150 1152
1147 1152 1140
1153 1150 1151
1152 1150 1153
1153 1151 1154
1155 1153 1154
1156 1153 1155
1152 1153 1156
1156 1155 1157
1152 1156 1157
1157 1155 1158
1157 1158 1159
1157 1159 1160
1157 1161 1152
1140 1152 1161
1161 1157 1160
1161 1162 1140
1162 1161 1160
1140 1162 1137
1162 1160 1163
1137 1162 1163
1137 1163 1164
1165 1166 1167
1168 1167 1169
1170 1168 1169
1169 1167 1171
1170 1169 1172
1170 1172 1173
1169 1171 1174
1169 1174 1172
1171 1175 1174
1171 1176 1175
1177 1176 1171
1177 1178 1176
1179 1176 1178
1180 1176 1179
1180 1175 1176
1180 1181 1175
1172 1174 1182
1172 1182 1183
1184 1172 1183
1184 1183 1185
1185 1183 1186
1187 1186 1183
1183 1188 1187
1183 1182 1188
1174 1189 1182
1174 1190 1189
1191 1189 1190
1189 1191 1192
1182 1189 1193
1192 1193 1189
1182 1193 1188
1194 1193 1192
1195 1193 1194
1195 1196 1193
1196 1188 1193
1197 1196 1195
1196 1197 1198
1187 1188 1199
1196 1199 1188
1196 1198 1199
1187 1199 1200
1198 1200 1199
1201 1200 1198
1202 1200 1201
1201 1186 1202
1203 1204 1178
1205 1206 1207
1208 1209 1207
1210 1207 1209
1211 1209 1208
1210 1209 1212
1211 1213 1209
1212 1209 1213
1211 1214 1213
1212 1213 1215
1215 1213 1216
1217 1216 1213
1216 1217 1218
1215 1216 1219
1220 1215 1219
1218 1221 1216
1219 1216 1221
1222 1221 1218
1223 1221 1222
1223 1224 1221
1225 1224 1223
1224 1225 1226
1219 1221 1227
1224 1227 1221
1224 1226 1228
1224 1228 1227
1229 1219 1227
1220 1219 1229
1226 1230 1228
1231 1230 1226
1232 1227 1228
1232 1228 1230
1232 1230 1231
1229 1227 1232
1231 1233 1232
1232 1233 1229
1234 1229 1233
1235 1229 1234
1235 1220 1229
1236 1220 1237
1236 1238 1220
1238 1239 1220
1238 1212 1239
1236 1240 1238
1238 1241 1212
1240 1241 1238
1240 1242 1241
1243 1244 1245
1243 1246 1247
1243 1247 1248
1243 1248 1249
1248 1250 1249
1251 1250 1248
1252 1248 1247
1252 1253 1248
1247 1254 1252
1252 1255 1251
1254 1256 1252
1252 1257 1255
1256 1257 1252
1257 1258 1255
1259 1257 1256
1257 1259 1258
1256 1260 1259
1259 1261 1258
1261 1259 1260
1261 1262 1258
1261 1263 1262
1261 1264 1263
1265 1264 1261
1260 1266 1261
1265 1267 1264
1264 1267 1268
1267 1269 1268
1260 1270 1266
1267 1271 1269
1260 1271 1270
1271 1272 1269
1273 1271 1260
1271 1273 1272
1274 1272 1273
1273 1260 1275
1274 1273 1276
1276 1273 1275
1276 1275 1277
1278 1276 1277
1276 1279 1280
1276 1280 1281
1281 1280 1282
1279 1283 1280
1282 1280 1284
1280 1283 1284
1285 1284 1283
1286 1287 1288
1289 1288 1290
1291 1289 1290
1290 1288 1292
1291 1290 1293
1291 1293 1294
1290 1292 1295
1290 1295 1293
1292 1296 1295
1292 1297 1296
1298 1297 1292
1298 1299 1297
1300 1297 1299
1301 1297 1300
1301 1296 1297
1301 1302 1296
1295 1296 1303
1304 1303 1296
1303 1304 1305
1293 1295 1306
1295 1303 1306
1305 1307 1303
1306 1303 1307
1308 1307 1305
1309 1307 1308
1293 1306 1310
1311 1293 1310
1311 1310 1312
1312 1310 1313
1309 1314 1307
1315 1314 1309
1306 1307 1316
1310 1306 1316
1314 1316 1307
1317 1313 1310
1310 1316 1317
1318 1313 1317
1314 1319 1316
1317 1316 1319
1314 1320 1319
1321 1315 1320
1317 1322 1318
1317 1319 1322
1320 1322 1319
1318 1322 1320
1323 1324 1299
1325 1326 1327
1328 1327 1329
1330 1328 1329
1329 1327 1331
1330 1329 1332
1330 1332 1333
1329 1331 1334
1329 1334 1332
1333 1332 1335
1333 1335 1336
1336 1335 1337
1332 1334 1338
1332 1338 1335
1339 1337 1335
1340 1337 1339
1335 1338 1341
1335 1341 1339
1339 1342 1340
1340 1342 1343
1339 1344 1342
1343 1342 1344
1339 1341 1344
1345 1343 1344
1345 1344 1341
1345 1346 1343
1346 1345 1347
1348 1347 1345
1345 1341 1349
1348 1345 1349
1338 1349 1341
1348 1349 1350
1338 1351 1349
1350 1349 1351
1351 1352 1350
1334 1351 1338
1352 1351 1353
1334 1353 1351
1331 1353 1334
1331 1354 1353
1355 1354 1331
1355 1356 1354
1357 1354 1356
1358 1354 1357
1358 1353 1354
1358 1359 1353
1360 1361 1356
1362 1363 1364
1365 1366 1362
1362 1367 1365
1362 1366 1368
1368 1369 1362
1368 1370 1369
1368 1371 1370
1372 1367 1362
1372 1362 1373
1372 1373 1374
1375 1367 1372
1372 1374 1375
1376 1367 1375
1375 1374 1377
1375 1378 1376
1375 1377 1378
1379 1368 1380
1379 1381 1368
1382 1381 1379
1370 1381 1383
1382 1383 1381
1370 1383 1384
1382 1385 1383
1383 1385 1384
1386 1387 1388
1389 1390 1386
1386 1391 1389
1389 1391 1392
1393 1389 1392
1389 1394 1390
1395 1389 1393
1395 1394 1389
1394 1395 1396
1396 1395 1397
1394 1396 1398
1398 1396 1399
1398 1400 1394
1394 1400 1401
1398 1402 1400
1402 1403 1400
1403 1404 1400
1400 1404 1401
1405 1401 1404
1395 1406 1407
1395 1407 1408
1409 1395 1408
1408 1407 1410
1411 1409 1408
1408 1410 1411
1411 1410 1412
1412 1410 1413
1412 1413 1414
1412 1414 1415
1416 1412 1415
1416 1415 1417
1415 1418 1417
1417 1418 1419
1412 1420 1411
1397 1411 1420
1420 1412 1421
1420 1421 1417
1417 1419 1422
1420 1417 1422
1422 1419 1423
1424 1420 1422
1422 1423 1424
1424 1425 1420
1426 1424 1423
1398 1425 1424
1426 1398 1424
1427 1428 1429
1430 1428 1431
1432 1431 1428
1433 1430 1431
1432 1434 1431
1433 1431 1435
1434 1435 1431
1433 1435 1436
1436 1435 1437
1437 1438 1436
1439 1438 1437
1434 1440 1435
1440 1437 1435
1441 1439 1437
1442 1439 1441
1443 1441 1437
1440 1443 1437
1444 1440 1434
1444 1434 1445
1444 1446 1440
1446 1443 1440
1447 1446 1444
1447 1448 1445
1447 1445 1449
1447 1450 1446
1442 1441 1451
1443 1451 1441
1446 1452 1443
1452 1451 1443
1453 1452 1446
1453 1454 1452
1442 1451 1455
1452 1455 1451
1455 1452 1454
1442 1455 1456
1456 1455 1454
1457 1458 1459
1460 1458 1461
1462 1461 1458
1463 1460 1461
1462 1464 1461
1463 1461 1465
1464 1465 1461
1463 1465 1466
1466 1465 1467
1464 1468 1465
1468 1467 1465
1469 1468 1464
1469 1464 1470
1471 1469 1470
1471 1470 1472
1473 1469 1471
1473 1474 1469
1469 1474 1468
1473 1475 1474
1474 1476 1468
1468 1476 1467
1474 1477 1476
1478 1477 1474
1478 1479 1477
1479 1480 1477
1481 1477 1480
1481 1480 1482
1477 1483 1476
1477 1481 1483
1476 1484 1467
1476 1483 1484
1481 1482 1485
1482 1486 1485
1481 1485 1487
1481 1487 1483
1486 1487 1485
1488 1483 1487
1488 1487 1486
1488 1484 1483
1489 1467 1484
1467 1489 1490
1491 1489 1484
1492 1491 1484
1492 1484 1488
1493 1492 1488
1494 1486 1493
1495 1496 1497
1498 1499 1496
1500 1499 1498
1500 1501 1499
1500 1502 1501
1502 1503 1501
1501 1503 1504
1502 1505 1503
1505 1506 1503
1499 1501 1507
1501 1504 1507
1499 1508 1496
1499 1507 1508
1509 1503 1506
1503 1509 1504
1509 1506 1510
1504 1509 1510
1510 1506 1511
1511 1512 1510
1512 1513 1510
1504 1510 1513
1514 1513 1512
1514 1504 1513
1514 1512 1515
1507 1504 1516
1514 1516 1504
1517 1496 1508
1517 1518 1496
1507 1516 1519
1508 1507 1519
1520 1519 1516
1514 1521 1516
1521 1522 1516
1516 1522 1523
1524 1521 1514
1515 1524 1514
1525 1519 1523
1525 1526 1519
1508 1519 1526
1525 1527 1526
1527 1528 1526
1529 1508 1526
1529 1526 1528
1517 1508 1529
1529 1528 1530
1530 1528 1531
1532 1517 1529
1532 1529 1530
1530 1531 1533
1533 1531 1534
1535 1532 1530
1535 1517 1532
1535 1530 1533
1533 1534 1536
1536 1535 1533
1537 1536 1534
1537 1538 1536
1536 1539 1535
1538 1539 1536
1517 1535 1540
1540 1518 1517
1541 1540 1535
1542 1518 1540
1540 1543 1542
1542 1544 1518
1541 1545 1542
1545 1544 1542
1546 1545 1541
1545 1547 1544
1548 1545 1546
1545 1548 1549
1545 1549 1550
1547 1549 1551
1549 1552 1551
1553 1549 1548
1553 1552 1549
1553 1548 1554
1553 1555 1552
1556 1557 1558
1559 1560 1561
1562 1563 1559
1559 1564 1562
1559 1565 1564
1564 1565 1566
1567 1564 1566
1568 1562 1564
1568 1564 1569
1562 1568 1570
1570 1568 1571
1562 1570 1572
1572 1570 1571
1572 1573 1562
1562 1573 1574
1572 1575 1573
1575 1576 1573
1576 1577 1573
1573 1577 1574
1578 1574 1577
1572 1571 1579
1580 1572 1579
1580 1579 1581
1582 1581 1579
1582 1583 1581
1579 1584 1582
1579 1571 1584
1585 1583 1582
1584 1585 1582
1585 1586 1583
1587 1586 1585
1588 1587 1585
1584 1588 1585
1588 1589 1587
1584 1589 1588
1589 1590 1587
1589 1591 1590
1589 1592 1591
1589 1584 1593
1571 1593 1584
1593 1592 1589
1593 1571 1594
1594 1592 1593
1571 1595 1594
1594 1596 1592
1595 1596 1594
1595 1567 1596
1597 1598 1599
1600 1598 1601
1602 1601 1598
1603 1600 1601
1602 1604 1601
1603 1601 1605
1604 1605 1601
1603 1605 1606
1604 1607 1605
1608 1607 1604
1608 1604 1609
1610 1608 1609
1610 1609 1611
1612 1608 1610
1612 1613 1608
1608 1613 1607
1612 1614 1613
1607 1615 1605
1616 1605 1615
1615 1617 1616
1614 1618 1613
1614 1619 1618
1619 1620 1618
1613 1621 1607
1607 1621 1615
1613 1618 1621
1617 1615 1622
1621 1622 1615
1623 1617 1622
1624 1623 1622
1624 1622 1625
1621 1626 1622
1618 1626 1621
1627 1622 1626
1628 1624 1627
1627 1629 1628
1630 1618 1620
1618 1630 1626
1631 1630 1620
1627 1626 1632
1627 1632 1629
1630 1632 1626
1630 1631 1633
1631 1629 1633
1629 1632 1633
1630 1633 1632
1634 1635 1636
1637 1638 1634
1634 1639 1637
1637 1639 1640
1641 1637 1640
1637 1642 1638
1643 1637 1641
1643 1642 1637
1642 1643 1644
1642 1644 1645
1644 1643 1646
1645 1644 1646
1645 1647 1642
1642 1647 1648
1645 1649 1647
1649 1650 1647
1650 1651 1647
1647 1651 1648
1652 1648 1651
1645 1646 1653
1654 1645 1653
1654 1653 1655
1656 1655 1653
1656 1657 1655
1653 1658 1656
1653 1646 1658
1659 1657 1656
1658 1659 1656
1659 1660 1657
1661 1660 1659
1662 1661 1659
1658 1662 1659
1662 1663 1661
1658 1663 1662
1663 1664 1661
1663 1665 1664
1663 1666 1665
1663 1658 1667
1646 1667 1658
1667 1666 1663
1667 1646 1668
1668 1666 1667
1646 1643 1668
1668 1669 1666
1643 1669 1668
1643 1670 1669
1671 1672 1673
1674 1675 1672
1676 1675 1674
1675 1677 1672
1676 1678 1675
1676 1679 1678
1680 1681 1677
1680 1678 1681
1677 1681 1682
1677 1682 1683
1684 1677 1683
1684 1683 1685
1686 1685 1683
1687 1686 1683
1687 1683 1682
1687 1682 1688
1681 1689 1682
1690 1682 1689
1689 1691 1690
1678 1692 1681
1681 1692 1689
1691 1689 1693
1692 1693 1689
1694 1691 1693
1695 1694 1693
1678 1696 1692
1697 1696 1678
1697 1698 1696
1698 1699 1696
1695 1693 1700
1701 1695 1700
1700 1702 1701
1692 1703 1693
1696 1703 1692
1700 1693 1703
1704 1696 1699
1696 1704 1703
1705 1704 1699
1700 1703 1706
1700 1706 1702
1704 1706 1703
1704 1705 1707
1705 1702 1707
1702 1706 1707
1704 1707 1706
1708 1685 1709
1710 1711 1712
1713 1711 1714
1715 1714 1711
1716 1713 1714
1715 1717 1714
1716 1714 1718
1717 1718 1714
1716 1718 1719
1717 1720 1718
1721 1720 1717
1721 1717 1722
1723 1721 1722
1723 1722 1724
1725 1721 1723
1725 1726 1721
1721 1726 1720
1725 1727 1726
1720 1728 1718
1729 1718 1728
1728 1730 1729
1726 1731 1720
1720 1731 1728
1730 1728 1732
1731 1732 1728
1733 1730 1732
1734 1733 1732
1726 1735 1731
1736 1735 1726
1736 1737 1735
1737 1738 1735
1734 1732 1739
1740 1734 1739
1739 1741 1740
1731 1742 1732
1735 1742 1731
1739 1732 1742
1743 1735 1738
1735 1743 1742
1744 1743 1738
1739 1742 1745
1739 1745 1741
1743 1745 1742
1743 1744 1746
1744 1741 1746
1741 1745 1746
1743 1746 1745
1747 1748 1749
1747 1750 1751
1747 1752 1750
1747 1753 1752
1752 1753 1754
1755 1752 1754
1756 1750 1752
1756 1752 1757
1750 1756 1758
1756 1755 1759
1758 1756 1760
1756 1759 1761
1760 1756 1761
1761 1759 1762
1763 1760 1761
1761 1762 1763
1760 1763 1764
1763 1762 1765
1765 1764 1763
1765 1762 1766
1765 1766 1767
1765 1767 1768
1769 1765 1768
1764 1765 1769
1769 1768 1770
1764 1769 1770
1768 1771 1770
1770 1771 1772
1770 1772 1773
1764 1770 1773
1773 1772 1774
1775 1764 1773
1773 1774 1775
1776 1775 1774
1775 1777 1764
1776 1778 1775
1778 1777 1775
1778 1779 1777
1780 1779 1778
1778 1781 1782
1778 1783 1781
1783 1784 1781
1782 1781 1785
1784 1786 1781
1781 1786 1785
1787 1785 1786
1788 1789 1790
1791 1792 1789
1793 1792 1791
1792 1794 1789
1793 1795 1792
1793 1796 1795
1792 1797 1794
1792 1795 1797
1794 1797 1798
1794 1798 1799
1800 1794 1799
1800 1799 1801
1802 1801 1799
1803 1802 1799
1803 1799 1798
1803 1798 1804
1797 1805 1798
1806 1798 1805
1805 1807 1806
1795 1808 1797
1797 1808 1805
1807 1805 1809
1808 1809 1805
1810 1807 1809
1811 1810 1809
1795 1812 1808
1813 1812 1795
1813 1814 1812
1814 1815 1812
1811 1809 1816
1817 1811 1816
1816 1818 1817
1808 1819 1809
1812 1819 1808
1816 1809 1819
1820 1812 1815
1812 1820 1819
1821 1820 1815
1816 1819 1822
1816 1822 1818
1820 1822 1819
1820 1821 1823
1821 1818 1823
1818 1822 1823
1820 1823 1822
1824 1801 1825
1826 1827 1828
1829 1830 1827
1831 1830 1829
1830 1832 1827
1831 1833 1830
1831 1834 1833
1830 1835 1832
1830 1833 1835
1834 1836 1833
1834 1837 1836
1837 1838 1836
1833 1839 1835
1833 1836 1839
1840 1836 1838
1841 1840 1838
1836 1842 1839
1836 1840 1842
1840 1841 1843
1841 1844 1843
1840 1843 1845
1844 1845 1843
1840 1845 1842
1846 1845 1844
1846 1842 1845
1846 1844 1847
1847 1848 1846
1849 1846 1848
1846 1850 1842
1849 1850 1846
1839 1842 1850
1849 1851 1850
1839 1850 1852
1851 1852 1850
1852 1851 1853
1835 1839 1852
1853 1854 1852
1835 1852 1854
1832 1835 1854
1832 1854 1855
1856 1832 1855
1856 1855 1857
1858 1857 1855
1859 1858 1855
1859 1855 1854
1859 1854 1860
1861 1857 1862
1863 1864 1865
1864 1866 1867
1864 1867 1868
1866 1869 1867
1869 1866 1870
1871 1869 1870
1871 1870 1872
1871 1872 1873
1874 1869 1871
1874 1871 1873
1867 1869 1875
1869 1874 1875
1873 1876 1874
1877 1876 1873
1874 1876 1878
1877 1878 1876
1874 1878 1875
1879 1878 1877
1880 1878 1879
1880 1881 1878
1875 1878 1881
1882 1867 1875
1875 1881 1882
1882 1868 1867
1883 1882 1881
1881 1884 1883
1881 1885 1884
1886 1883 1884
1886 1887 1883
1888 1887 1886
1883 1887 1889
1883 1889 1882
1882 1890 1868
1882 1889 1890
1891 1868 1890
1891 1892 1868
1893 1891 1890
1893 1890 1894
1889 1894 1890
1893 1894 1895
1894 1896 1895
1889 1896 1894
1897 1896 1889
1889 1898 1897
1899 1897 1898
1900 1897 1899
1900 1901 1897
1901 1900 1902
1903 1901 1902
1897 1904 1896
1901 1904 1897
1904 1905 1896
1896 1905 1906
1905 1907 1906
1901 1908 1904
1908 1905 1904
1908 1901 1903
1905 1909 1907
1908 1909 1905
1910 1907 1909
1911 1909 1908
1911 1912 1909
1908 1903 1913
1913 1911 1908
1914 1910 1911
1914 1915 1910
1916 1915 1914
1916 1914 1917
1918 1914 1911
1918 1911 1913
1914 1918 1919
1916 1919 1920
1921 1913 1903
1921 1918 1913
1918 1922 1919
1919 1922 1923
1921 1924 1918
1922 1918 1924
1923 1922 1925
1925 1926 1923
1927 1925 1922
1927 1922 1924
1928 1926 1925
1928 1925 1927
1926 1928 1929
1926 1929 1930
1921 1931 1924
1932 1931 1921
1933 1932 1921
1934 1931 1932
1934 1924 1931
1924 1935 1927
1936 1935 1924
1935 1936 1937
1938 1935 1937
1927 1935 1938
1939 1938 1937
1939 1940 1938
1927 1938 1941
1941 1938 1940
1928 1927 1941
1942 1928 1941
1941 1940 1942
1929 1928 1942
1942 1940 1943
1940 1944 1943
1940 1945 1944
1946 1943 1944
1946 1947 1943
1948 1947 1946
1943 1947 1949
1949 1942 1943
1929 1942 1949
1929 1949 1950
1951 1929 1950
1951 1952 1929
1953 1951 1950
1949 1954 1950
1953 1950 1954
1949 1955 1954
1953 1954 1956
1954 1955 1956
1957 1958 1959
1960 1957 1961
1957 1960 1962
1957 1963 1961
1963 1957 1964
1963 1964 1965
1966 1957 1962
1966 1967 1957
1966 1968 1967
1969 1966 1962
1966 1969 1968
1970 1969 1962
1969 1971 1968
1969 1970 1972
1969 1972 1971
1963 1965 1973
1974 1963 1973
1974 1975 1963
1976 1974 1973
1965 1977 1973
1976 1973 1977
1965 1978 1977
1976 1977 1979
1977 1978 1979
55 1980 39
499 1981 1982
1982 1983 1984
1982 1984 501
1985 1986 1987
1985 1988 1986
1989 1988 1985
1989 1990 1988
1991 1990 1989
1991 1989 1992
1993 1991 1992
1993 1994 1991
1993 1995 1994
1993 1996 1995
1997 1986 1998
1997 1998 1999
1999 1998 2000
1999 2000 2001
2001 2000 2002
2001 2002 2003
2003 2002 2004
2003 2004 2005
2005 2004 2006
2005 2006 2007
2007 2006 2008
2007 2008 2009
2009 2008 2010
2009 2010 2011
2011 2010 2012
2011 2012 2013
2013 2012 2014
2013 2014 2015
2015 2014 2016
2015 2016 2017
2017 2016 2018
2019 2020 2021
2019 2021 2022
2022 2023 2024
2022 2024 2025
2026 2022 2025
2026 2025 2027
2028 2025 2024
2027 2025 2028
2028 2024 2029
2027 2028 2030
2028 2029 2031
2030 2028 2032
2028 2031 2032
2030 2032 2033
2032 2031 2034
2033 2032 2035
2032 2034 2036
2033 2035 2037
2036 2034 2038
2037 2035 2039
2036 2038 2040
2037 2039 2041
2040 2038 2042
2041 2039 2043
2040 2042 2044
2041 2043 2045
2044 2042 2046
2045 2043 2047
2044 2046 2048
2045 2047 2049
2049 2047 2050
2049 2050 2051
2051 2050 2052
2051 2052 2053
2053 2052 2054
2053 2054 2055
2055 2054 2056
2055 2056 2057
2057 2056 2058
2057 2058 2059
2059 2058 2060
2059 2060 2061
2061 2060 2062
2061 2062 2063
2063 2062 2064
2065 2066 2064
2067 2066 2065
2067 2068 2066
2069 2068 2067
2069 2070 2068
2071 2070 2069
2071 2072 2070
2073 2072 2071
2073 2074 2072
2075 2074 2073
2075 2076 2074
2077 2076 2075
2077 2075 2078
2048 2077 2078
2048 2046 2077
2079 2080 2081
2079 2081 2023
2082 2083 2084
2085 2083 2082
2085 2082 2086
2087 2083 2088
2089 2087 2088
2090 2091 97
2091 2092 97
2092 2093 97
2093 109 97
2094 109 2093
114 109 2094
2093 2092 2095
2094 2093 2095
2096 114 2094
2096 115 114
2097 2092 2091
2097 2098 2092
2099 2097 2091
2099 2091 2100
2091 99 2100
2098 2101 2092
2095 2092 2101
2098 2102 2101
2103 2095 2101
2102 2103 2101
2104 2094 2095
2104 2095 2103
2096 2094 2105
2104 2105 2094
2096 2105 2106
2104 2106 2105
2102 295 2103
2103 295 266
2103 266 2104
291 295 2102
266 2107 2104
2104 2107 2106
291 2102 2108
290 291 2108
266 2109 2107
266 267 2109
247 2109 267
2107 2109 2110
2107 2110 2106
2110 2109 247
2102 2111 2108
2112 2111 2102
2111 2112 2113
290 2108 2114
2114 2108 2111
2106 2110 2115
2115 2110 247
2111 2113 2116
2113 2099 2116
2116 2099 2117
2111 2116 2118
2111 2118 2114
2114 2119 290
290 2119 285
285 2119 288
288 2119 2114
288 2114 2118
2116 2120 2118
2116 2121 2120
2118 2120 2122
2122 288 2118
2123 288 2122
2124 2125 288
288 2125 289
289 2125 2126
2126 2125 2127
2127 2128 2126
2126 294 289
2128 294 2126
2129 2128 2127
2130 2128 2129
2131 294 2128
271 294 2131
271 2131 2132
2128 2132 2131
2132 332 271
2133 2128 2130
2133 2132 2128
2130 2134 2133
2133 2134 2132
341 2134 2130
2134 341 340
2135 332 2132
2132 2134 2135
2135 2134 340
329 332 2135
340 329 2135
2136 2137 2138
2139 2136 2138
2140 2136 2139
2140 2139 2141
2140 2141 2142
2142 2141 2143
2142 2143 2144
2144 2143 2145
2144 2145 2146
2147 2146 2145
2148 2146 2147
2149 2148 2147
2150 2148 2149
2149 2151 2150
2149 2152 2151
2151 2152 2153
2151 2153 2154
2154 2153 2155
2154 2155 2156
2156 2155 2157
2158 2159 2160
2160 2159 2161
2162 2160 2161
2163 2160 2162
2160 2163 2164
2164 2163 2165
2161 2159 2166
2167 2162 2161
2161 2166 2167
2168 2159 2164
2169 2166 2159
2169 2159 2168
2169 2170 2166
2169 2168 2171
2166 2170 2172
2167 2166 2172
2168 2173 2171
2168 2174 2173
2164 2174 2168
2175 2173 2174
2175 2174 2176
2176 2177 2175
2164 2178 2174
2176 2174 2178
2176 2178 2179
2176 2180 2177
2179 2180 2176
2177 2180 2181
2177 2181 2182
2179 2183 2180
2181 2180 2183
2184 2182 2181
2185 2182 2184
2181 2183 2186
2186 2184 2181
2185 2184 2187
2185 2187 2188
2186 2189 2184
2187 2184 2189
2188 2187 2190
2188 2190 2191
2190 2192 2191
2187 2193 2190
2194 2192 2190
2193 2194 2190
2195 2192 2194
2195 2196 2192
2187 2189 2197
2187 2197 2193
2198 2195 2194
2193 2198 2194
2195 2199 2196
2196 2199 2200
2198 2201 2195
2199 2195 2201
2193 2202 2198
2201 2198 2202
2193 2197 2203
2203 2202 2193
2204 2200 2199
2200 2204 2205
2205 2204 2206
2205 2206 2207
2206 2204 2208
2208 2204 2209
2209 2204 2210
2199 2210 2204
2199 2201 2211
2211 2210 2199
2201 2202 2212
2201 2212 2211
2203 2197 2213
2202 2203 2214
2213 2214 2203
2212 2202 2215
2202 2214 2215
2197 2216 2213
2216 2197 2189
2189 2217 2216
2189 2186 2217
2213 2216 2218
2217 2218 2216
2213 2219 2214
2218 2219 2213
2186 2220 2217
2183 2220 2186
2221 2218 2217
2220 2221 2217
2221 2222 2218
2218 2222 2219
2223 2222 2221
2224 2222 2223
2224 2225 2222
2222 2225 2226
2222 2226 2219
2219 2226 2227
2219 2227 2214
2215 2214 2227
2220 2228 2221
2215 2227 2229
2228 2220 2230
2228 2230 2231
2183 2230 2220
2232 2230 2183
2215 2229 2233
2212 2215 2233
2234 2212 2233
2211 2212 2234
2234 2233 2235
2233 2229 2235
2235 2229 2236
2237 2238 2232
2239 2183 2240
2240 2241 2239
2237 2239 2241
2242 2239 2237
2242 2243 2239
2244 2237 2241
2244 2241 2165
2241 2164 2165
2241 2245 2164
2245 2241 2179
2246 2244 2165
2165 2247 2246
2247 2162 2246
2246 2162 2248
2162 2249 2248
2249 2162 2167
2246 2248 2250
2246 2251 2244
2246 2250 2251
2248 2249 2252
2250 2248 2252
2251 2253 2244
2244 2253 2254
2244 2254 2255
2251 2256 2253
2251 2250 2256
2256 2250 2257
2258 2257 2250
2252 2258 2250
2259 2257 2258
2258 2260 2259
2259 2260 2261
2260 2262 2261
2258 2252 2263
2258 2263 2260
2252 2264 2263
2249 2264 2252
2264 2249 2265
2249 2167 2265
2260 2263 2266
2265 2266 2263
2267 2262 2260
2260 2266 2267
2268 2262 2267
2266 2268 2267
2269 2262 2268
2270 2269 2268
2265 2167 2271
2172 2271 2167
2272 2271 2172
2265 2271 2273
2271 2272 2273
2265 2273 2266
2273 2272 2274
2270 2268 2275
2270 2275 2276
2266 2277 2268
2277 2266 2273
2275 2268 2277
2273 2274 2278
2277 2273 2278
2278 2274 2279
2280 2278 2279
2276 2275 2281
2281 2282 2276
2275 2277 2283
2283 2281 2275
2284 2277 2278
2284 2278 2280
2284 2283 2277
2285 2282 2281
2285 2286 2282
2283 2287 2281
2284 2287 2283
2287 2285 2281
2280 2288 2284
2284 2288 2287
2280 2289 2288
2289 2290 2288
2288 2290 2291
2288 2291 2287
2292 2291 2290
2287 2293 2285
2287 2291 2293
2294 2286 2285
2293 2294 2285
2291 2295 2293
2295 2291 2292
2293 2295 2294
2296 2286 2294
2296 2294 2295
2296 2297 2286
2292 2298 2295
2296 2295 2298
2292 2299 2298
2300 2297 2296
2300 2296 2298
2301 2297 2300
2302 2301 2300
2303 2298 2299
2300 2298 2303
2303 2299 2304
2303 2304 2305
2302 2300 2306
2306 2300 2303
2307 2302 2306
2303 2305 2308
2306 2303 2308
2307 2306 2309
2309 2306 2308
2309 2310 2307
2311 2308 2305
2309 2308 2311
2311 2305 2312
2309 2313 2310
2311 2313 2309
2314 2310 2313
2312 2315 2311
2311 2315 2313
2312 2316 2315
2317 2315 2316
2314 2313 2318
2318 2313 2315
2318 2315 2317
2318 2319 2314
2318 2317 2319
2319 2320 2321
2320 2322 2321
2323 2324 2325
2324 2323 2326
2327 2326 2323
2328 2329 2330
2329 2331 2330
2329 2332 2331
2333 2331 2332
2333 2332 2334
2335 2333 2334
2335 2334 2336
2337 2335 2336
2337 2338 2335
2339 2338 2337
2339 2337 2340
2339 2340 2341
2339 2341 2342
2343 2342 2341
2343 2341 2344
2345 2343 2344
2345 2346 2343
2347 2346 2345
2347 2345 2348
2348 2349 2347
2348 2350 2349
2351 2349 2350
2352 2349 2351
2353 2352 2351
2353 2354 2352
2355 2354 2353
2355 2356 2354
2356 2355 2357
2357 2355 2358
2357 2358 2359
2357 2359 2360
2359 2361 2362
2359 2362 2363
2364 2365 2366
2367 2366 2365
2367 2365 2368
2369 2367 2368
2369 2368 2370
2371 2369 2370
2371 2372 2369
2371 2373 2372
2371 2374 2373
2373 2374 2375
2373 2375 2376
2377 2376 2375
2377 2375 2378
2379 2380 2378
2379 2381 2380
2382 2381 2379
2382 2379 2383
2383 2384 2382
2383 2385 2384
2386 2384 2385
2387 2384 2386
2386 2388 2387
2387 2388 2389
2388 2386 2390
2389 2388 2391
2392 2388 2390
2391 2388 2392
2392 2390 2393
2392 2393 2394
2392 2395 2391
2394 2395 2392
2395 2394 2396
2395 2396 2397
2396 2398 2399
2396 2399 2400
2401 2402 2403
2404 2401 2403
2404 2405 2401
2404 2406 2405
2404 2407 2406
2407 2408 2406
2407 2409 2408
2410 2406 2408
2411 2405 2406
2410 2411 2406
2401 2405 2412
2411 2412 2405
2410 2413 2411
2410 2414 2413
2401 2412 2415
2416 2401 2415
2416 2417 2403
2418 2412 2411
2418 2411 2413
2414 2419 2413
2420 2419 2414
2419 2420 2421
2419 2421 2422
2423 2413 2419
2422 2423 2419
2423 2418 2413
2422 2424 2423
2412 2418 2425
2425 2418 2423
2412 2425 2415
2424 2426 2423
2425 2423 2426
2424 2427 2426
2415 2425 2428
2426 2428 2425
2427 2429 2426
2426 2429 2428
2415 2428 2430
2416 2415 2430
2431 2416 2430
2416 2431 2417
2431 2432 2417
2428 2433 2430
2431 2430 2433
2431 2434 2432
2433 2434 2431
2435 2432 2434
2435 2434 2436
2428 2437 2433
2437 2428 2429
2438 2434 2433
2437 2438 2433
2438 2439 2434
2438 2440 2439
2441 2440 2438
2438 2442 2441
2437 2442 2438
2441 2442 2443
2437 2429 2444
2444 2442 2437
2445 2443 2442
2444 2445 2442
2446 2443 2445
2444 2446 2445
2446 2447 2443
2447 2446 2448
2448 2446 2449
2450 2449 2446
2444 2429 2451
2427 2451 2429
2444 2452 2446
2450 2446 2452
2444 2451 2452
2451 2450 2452
2451 2453 2450
2451 2454 2453
2427 2454 2451
2454 2427 2455
2456 2455 2457
2456 2457 2458
2459 2456 2458
2459 2458 2460
2460 2461 2459
2462 2461 2460
2463 2464 2465
2466 2464 2463
2466 2463 488
2466 488 2467
484 2467 488
2468 2467 484
2468 2466 2469
2468 2470 2466
2468 484 2471
2472 2471 484
2473 2470 2468
2473 2468 2471
508 2471 2472
508 2472 480
2471 508 2474
2473 2471 2474
2474 508 511
2474 511 522
2475 2474 522
2473 2474 2475
522 540 2475
2475 2476 2473
2477 2476 2475
2478 2470 2473
2473 2476 2478
2479 2470 2478
2476 2479 2478
2480 2470 2479
2470 2480 2481
2481 2480 2464
2482 2479 2476
2476 540 2482
2483 2482 2477
2483 2484 2482
2483 540 2485
2485 540 539
2486 2485 539
536 2486 539
2487 2486 536
2487 536 606
2488 2487 606
2488 606 2489
2490 2486 2487
2487 2488 2490
2491 2488 2489
2488 2491 2490
2485 2486 2492
2490 2492 2486
2485 2492 2493
2493 2492 2494
2483 2485 2495
2490 2494 2496
2493 2494 2497
2483 2495 2498
2495 2497 2498
2498 2497 2499
2490 2500 2494
2490 2491 2500
2501 2502 2489
2503 2491 2501
2503 2504 2491
2505 2500 2503
2505 2506 2500
2507 2494 2505
2507 2505 2508
2509 2510 2497
2509 2497 2511
2512 2513 2508
2512 2514 2513
2515 2516 2517
2517 2516 2518
2518 2516 2482
2519 2518 2483
2520 2484 2519
2520 2519 2499
2499 2521 2520
2499 2522 2521
2523 2524 576
2525 576 2524
578 576 2525
578 2525 2526
2527 578 2526
579 578 2527
2528 579 2527
2528 2527 2526
2525 2529 2526
2530 2529 2525
2531 2529 2530
2528 2532 579
2532 580 579
2532 2533 580
2528 2526 2534
2526 2529 2534
2534 2532 2528
2535 2529 2531
2534 2529 2535
2535 2531 2536
2535 2536 2537
2534 2538 2532
2535 2538 2534
2538 2533 2532
2535 2537 2539
2535 2540 2538
2540 2533 2538
2539 2537 2541
2539 2541 2542
2540 2542 2533
2542 2541 2543
2542 2543 2544
2542 2544 2533
2544 2543 2545
2533 2546 2547
2533 2548 2546
2546 2548 2545
2549 2550 2545
2551 2550 2549
2552 2550 2551
2553 2552 2551
2554 2552 2553
2554 2555 2552
2556 2555 2554
2557 2555 2556
2558 2559 2560
2560 2559 2561
2561 2559 2562
2562 2559 2563
2562 2563 2564
2565 2566 2567
2567 2566 2568
2567 2568 2569
2569 2568 2570
2568 2571 2570
2570 2571 2572
2573 2574 2575
2573 2575 502
2575 2576 2577
2575 2577 2578
2578 2577 503
2579 2577 2576
2580 2577 2579
2581 2580 2579
2582 2583 2584
2582 2584 2585
2585 2584 2586
2585 2586 2587
2587 2586 2588
2587 2588 2589
2589 2588 2590
2591 2592 2593
2594 2592 2591
2594 2591 2595
2594 2595 2596
2595 2597 2596
2597 2598 2596
2599 2598 2597
2599 2600 2598
2601 2600 2599
2602 2600 2601
2602 2601 2603
2603 2604 2605
2605 2604 2606
2607 2608 2210
2607 2210 2609
2210 2211 2609
2610 2607 2609
2609 2211 2611
2610 2609 2612
2612 2609 2611
2612 2611 2235
2613 2614 2610
2235 2615 2613
2615 2614 2613
2616 2617 2618
2616 2619 2617
2620 2619 2616
2620 2621 2619
2622 2620 2616
2622 2623 2620
2622 2624 2623
2625 2624 2626
2622 2627 2628
2622 2628 2629
2625 2630 2631
2625 2631 2632
2630 2633 2631
2632 2631 2634
2631 2633 2634
2630 2635 2633
2636 2635 2630
2636 2630 2637
2638 2635 2636
2638 2636 2639
2636 2640 2639
2635 2638 2641
2635 2641 2633
2633 2641 2642
2634 2633 2642
2642 2641 2643
2644 2642 2643
2645 2642 2644
2646 2645 2644
2642 2645 2647
2642 2647 2634
2646 2648 2645
2647 2645 2648
2646 2649 2648
2646 2650 2649
2651 2649 2650
2651 2650 2652
2653 2651 2652
2634 2647 2654
2647 2648 2655
2655 2654 2647
2648 2649 2656
2648 2656 2655
2657 2649 2651
2657 2656 2649
2653 2658 2651
2657 2651 2658
2634 2654 2659
2632 2634 2659
2660 2632 2659
2660 2661 2632
2659 2662 2660
2659 2654 2662
2662 2654 2663
2655 2663 2654
2662 2663 2664
2663 2665 2664
2655 2666 2663
2663 2666 2665
2655 2656 2666
2667 2665 2666
2668 2666 2656
2667 2666 2668
2668 2656 2657
2667 2668 2669
2667 2669 2670
2671 2670 2669
2671 2669 2672
2673 2671 2672
2673 2672 2674
2675 2673 2674
2675 2674 2676
2675 2676 2677
2678 2668 2657
2678 2679 2668
2678 2680 2679
2657 2658 2678
2678 2681 2680
2681 2678 2658
2682 2680 2681
2676 2682 2683
2682 2681 2683
2681 2658 2684
2683 2681 2684
2653 2684 2658
2653 2685 2684
2686 2684 2685
2683 2684 2686
2686 2685 2687
2688 2686 2687
2683 2686 2689
2688 2689 2686
2683 2689 2690
2677 2689 2688
2690 2689 2677
2691 2692 2693
2691 2693 2694
2695 2696 2697
2698 2696 2695
2698 2699 2696
2698 2700 2699
2698 2695 2701
2698 2702 2700
2703 2698 2701
2698 2703 2702
2703 2701 2704
2703 2705 2702
2704 2706 2703
2703 2706 2705
2704 2707 2706
2706 2708 2705
2707 2709 2706
2706 2710 2708
2707 2711 2709
2710 2712 2708
2711 2713 2709
2710 2714 2712
2711 2715 2713
2714 2716 2712
2717 2713 2715
2714 2718 2716
2717 2715 2719
2718 2720 2716
2719 2721 2717
2718 2722 2720
2719 2723 2721
2722 2724 2720
2725 2721 2723
2722 2726 2724
2725 2723 2727
2728 2724 2726
2729 2725 2727
2728 2726 2730
2729 2727 2731
2732 2728 2730
2732 2730 2733
2732 2733 2734
2735 2729 2731
2734 2735 2736
2735 2731 2736
2737 2738 2739
2739 2738 2740
2741 2742 2743
2744 2742 2741
2744 2745 2742
2746 2745 2744
2747 2745 2746
2748 2749 2750
2750 2749 2751
2752 2751 2749
2752 2749 2753
2752 2753 2754
2752 2754 2755
2750 2751 2756
2757 2752 2755
2756 2751 2758
2758 2751 2752
2756 2758 2759
2758 2760 2759
2757 2761 2752
2758 2752 2761
2762 2761 2757
2758 2763 2760
2763 2758 2761
2763 2764 2760
2763 2765 2764
2762 2766 2761
2763 2761 2766
2766 2765 2763
2767 2766 2762
2766 2768 2765
2767 2768 2766
2769 2765 2768
2770 2768 2767
2769 2768 2771
2770 2771 2768
2772 2769 2771
2773 2771 2770
2772 2771 2774
2773 2774 2771
2774 2775 2772
2774 2773 2776
2774 2777 2775
2774 2776 2777
2778 2775 2777
2779 2777 2776
2778 2777 2779
2779 2776 2780
2779 2781 2778
2779 2780 2782
2779 2783 2781
2779 2782 2783
2783 2784 2781
2785 2783 2782
2783 2785 2784
2785 2782 2786
2786 2787 2785
2787 2784 2785
2787 2788 2784
2789 2788 2787
2790 2784 2788
2790 2791 2784
2790 2792 2791
2793 2791 2792
2793 2794 2791
2795 2796 2794
2795 2797 2796
2798 2796 2797
2798 2799 2796
2800 2799 2798
2800 2801 2799
2801 2800 2802
2801 2802 2803
2804 2805 2806
2804 2807 2805
2807 2808 2809
2810 2809 2808
2807 2809 2811
2810 2812 2809
2813 2812 2810
2811 2809 2814
2812 2814 2809
2811 2814 2815
2815 2816 2811
2815 2817 2816
2812 2818 2814
2817 2819 2816
2813 2820 2812
2820 2818 2812
2820 2821 2818
2822 2820 2813
2823 2821 2820
2822 2823 2820
2823 2824 2821
2825 2824 2823
2825 2823 2826
2827 2825 2826
2827 2826 2828
2828 2829 2827
2828 2830 2829
2831 2826 2832
2832 2833 2828
2822 2834 2835
2832 2834 2836
2822 2836 2834
2837 2838 2839
2840 2838 2837
2840 2841 2838
2842 2838 2841
2842 2841 2843
2843 2841 2844
2843 2844 2845
2846 2841 2840
2845 2844 2847
2846 2840 2848
2845 2847 2849
2850 2846 2848
2850 2847 2846
2850 2848 2851
2849 2847 2852
2852 2847 2850
2849 2852 2853
2852 2850 2854
2853 2852 2855
2855 2852 2854
2853 2855 2856
2855 2854 2857
2858 2856 2855
2857 2859 2855
2858 2855 2859
2857 2860 2859
2861 2859 2860
2858 2859 2862
2861 2862 2859
2858 2862 2863
2864 2863 2862
2861 2865 2862
2864 2862 2865
2861 2866 2865
2867 2865 2866
2864 2865 2868
2867 2868 2865
2864 2868 2869
2868 2867 2870
2869 2868 2871
2868 2870 2871
2869 2871 2872
2872 2871 2873
2873 2871 2870
2873 2870 2874
2875 2876 2877
2878 2876 2875
2878 2879 2876
2880 2879 2878
2880 2881 2879
2882 2880 2883
2882 2883 2884
2885 2886 2875
2887 2886 2885
2885 2875 2888
2888 2875 2889
2888 2889 2890
2889 2891 2890
2890 2891 2892
2893 2890 2892
2893 2894 2890
2890 2894 2888
2895 2888 2894
2895 2885 2888
2896 2885 2895
2887 2885 2896
2896 2895 2897
2898 2896 2897
2898 2899 2896
2899 2887 2896
2900 2899 2898
2899 2901 2887
2902 2901 2899
2903 2887 2901
2901 2904 2903
2900 2905 2899
2902 2899 2905
2906 2905 2900
2906 2907 2905
2902 2905 2907
2907 2906 2908
2901 2909 2904
2902 2909 2901
2904 2909 2910
2902 2910 2909
2904 2910 2911
2910 2912 2911
2902 2913 2910
2913 2914 2910
2910 2914 2912
2913 2915 2914
2914 2915 2916
2912 2914 2917
2914 2916 2917
2912 2917 2918
2919 2918 2917
2916 2920 2917
2919 2917 2920
2916 2921 2920
2920 2922 2919
2921 2923 2920
2920 2923 2922
2921 2924 2923
2923 2925 2922
2924 2926 2923
2923 2926 2925
2924 2927 2926
2926 2927 2928
2925 2926 2929
2926 2928 2929
2925 2929 2930
2929 2931 2930
2928 2932 2929
2929 2932 2931
2932 2933 2931
2928 2934 2932
2932 2935 2933
2934 2935 2932
2934 2936 2935
2937 2938 2939
2939 2938 2940
2939 2940 2941
2941 2940 2942
2941 2942 2943
2943 2942 2944
2943 2944 2945
2944 701 2945
2946 2947 2948
2949 2946 2948
2949 2948 2950
2949 2951 2946
2950 2952 2949
2952 2951 2949
2950 2953 2952
2952 2954 2951
2955 2952 2953
2956 2954 2952
2955 2956 2952
2956 2955 2957
2958 2954 2959
2959 2960 2958
2959 2957 2961
2959 2962 2960
2963 2960 2962
2964 2960 2963
2963 2965 2964
2964 2965 2966
2967 2966 2965
2968 2966 2967
2969 2961 2957
2969 2970 2961
2969 2971 2970
2969 2972 2971
2968 2967 2973
2968 2973 2974
2973 2975 2974
2973 2976 2975
2977 2971 2972
2977 2972 2978
2979 2977 2978
2979 2980 2977
2981 2980 2979
2981 2982 2980
2983 2982 2981
2983 2984 2982
2983 2985 2984
2986 2975 2976
2986 2976 2987
2984 2985 2988
2988 2986 2987
2988 2989 2986
2990 2988 2985
2988 2991 2989
2990 2992 2988
2988 2992 2991
2992 2990 2993
2991 2992 2994
2993 2995 2992
2994 2992 2995
2996 2997 2998
2996 2998 2999
3000 2999 2998
3001 2999 3000
3002 3001 3000
3003 3001 3002
3004 3001 3003
3005 2999 3001
2996 2999 3005
3004 3006 3001
3005 3001 3006
3007 3006 3004
3007 3008 3006
3005 3006 3008
3008 3007 3009
2996 3005 3010
3011 2996 3010
3011 3012 2996
3011 3010 3013
3005 3008 3014
3010 3005 3014
3010 3015 3013
3013 3015 3016
3017 3016 3015
3015 3010 3018
3010 3014 3018
3017 3015 3019
3019 3015 3018
3020 3017 3019
3020 3019 3021
3022 3020 3021
3019 3018 3023
3021 3019 3023
3018 3014 3024
3018 3024 3023
3024 3014 3025
3026 3014 3008
3024 3025 3027
3026 3008 3028
3029 3026 3028
3008 3009 3028
3030 3023 3024
3030 3024 3027
3029 3028 3031
3032 3029 3031
3028 3009 3033
3028 3033 3031
3033 3009 3034
3032 3031 3035
3035 3036 3032
3037 3033 3034
3037 3034 3038
3039 3031 3033
3039 3035 3031
3039 3033 3037
3035 3040 3036
3039 3040 3035
3040 3041 3036
3038 3042 3037
3038 3043 3042
3037 3044 3039
3039 3044 3040
3037 3042 3044
3040 3045 3041
3044 3045 3040
3045 3046 3041
3045 3044 3047
3042 3048 3044
3043 3049 3042
3042 3049 3048
3043 3050 3049
3049 3050 3051
3045 3052 3046
3047 3052 3045
3053 3046 3052
3047 3054 3052
3048 3049 3055
3049 3051 3055
3048 3055 3056
3055 3051 3057
3053 3052 3058
3058 3052 3054
3058 3059 3053
3058 3054 3060
3056 3055 3061
3055 3057 3061
3056 3061 3062
3061 3057 3063
3058 3064 3059
3060 3064 3058
3065 3059 3064
3060 3066 3064
3062 3061 3067
3061 3063 3067
3062 3067 3068
3067 3069 3068
3065 3064 3070
3070 3064 3066
3070 3066 3071
3072 3070 3071
3070 3073 3065
3063 3074 3067
3067 3074 3069
3063 3075 3074
3074 3075 3076
3077 3070 3072
3070 3077 3073
3077 3072 3078
3077 3078 3079
3073 3077 3079
3073 3079 3080
3069 3074 3081
3074 3076 3081
3069 3081 3082
3081 3083 3082
3076 3084 3081
3081 3084 3083
3076 3085 3084
3084 3085 3086
3084 3086 3087
3083 3084 3087
3083 3087 3088
3089 3090 3091
3090 3092 3091
3090 3093 3092
3091 3092 3094
3091 3094 3095
3093 3096 3092
3094 3092 3096
3093 3097 3096
3094 3096 3098
3096 3097 3099
3098 3096 3100
3096 3099 3100
3098 3100 3101
3100 3102 3101
3099 3103 3100
3100 3103 3102
3099 3104 3103
3103 3105 3102
3104 3106 3103
3103 3106 3105
3104 3107 3106
3106 3108 3105
3107 3109 3106
3106 3109 3108
3107 3110 3109
3109 3110 3111
3108 3109 3112
3109 3111 3112
3108 3112 3113
3112 3114 3113
3111 3115 3112
3112 3115 3114
3111 3116 3115
3115 3117 3114
3116 3118 3115
3115 3118 3117
3117 3118 3119
3116 3120 3118
3118 3120 3121
3122 3123 3124
3122 3125 3123
3126 3125 3122
3126 3122 3127
3127 3128 3126
3127 3129 3128
3130 3128 3129
3130 3131 3128
3130 3132 3131
3130 3133 3132
3134 3132 3133
3134 3135 3132
3136 3135 3134
3136 3137 3135
3138 3139 2902
2907 3138 2902
3140 3138 2907
3141 3138 3140
2907 2908 3140
3140 3142 3141
2908 3143 3140
3140 3143 3142
2908 3144 3143
3142 3143 3145
3144 3145 3143
3142 3145 3146
3144 3147 3145
3145 3148 3146
3148 3145 3147
3146 3148 3149
3148 3147 3150
3148 3151 3149
3150 3152 3148
3148 3152 3151
3150 3153 3152
3153 3154 3152
3152 3154 3155
3151 3152 3155
3151 3155 3156
3157 3158 3159
3160 3158 3157
3161 3160 3157
3161 3157 3162
3162 3163 3161
3162 3164 3163
3164 3165 3163
3164 3166 3165
3165 3166 3167
3167 3166 3168
3169 3167 3168
3170 3167 3169
3171 3170 3169
3169 3168 3172
3172 3171 3169
3172 3173 3171
3165 3174 3163
3167 3175 3165
3165 3175 3174
3170 3176 3167
3167 3176 3175
3163 3174 3177
3163 3177 3178
3179 3178 3177
3176 3180 3175
3176 3181 3180
3181 3176 3170
3175 3180 3182
3175 3182 3174
3181 3170 3183
3174 3182 3184
3174 3184 3177
3185 3183 3170
3186 3177 3184
3179 3177 3186
3186 3184 3187
3186 3187 3188
3186 3188 3189
3179 3186 3190
3179 3190 3191
3185 3170 3192
3192 3027 3185
3171 3192 3170
3192 3030 3027
3171 3030 3192
3171 3193 3030
3030 3193 3023
3021 3023 3193
3021 3193 3171
3021 3171 3173
3022 3021 3173
3194 3022 3173
3194 3173 3195
3195 3196 3194
3195 3197 3196
3198 3196 3197
3198 3197 3199
3200 3198 3199
3200 3199 3201
3202 3200 3201
3202 3203 3200
3204 3203 3202
3204 3202 3205
3206 3204 3205
3206 3207 3204
3208 3209 3210
3209 3211 3210
3209 3212 3211
3211 3212 3213
3211 3213 3214
3214 3213 3215
3214 3215 3216
3216 3215 3217
3216 3217 3218
3219 3218 3217
3219 3217 3220
3220 3221 3219
3220 3222 3221
2817 3222 3223
2817 3223 3224
2817 3224 2819
3224 3225 2819
3224 3226 3225
3227 3228 3226
3227 3229 3230
3227 3230 3231
3232 3233 3234
3235 3233 3232
3235 3232 3236
3235 3236 3237
3235 3237 3238
3233 3235 3239
3235 3238 3239
3233 3239 3240
3239 3238 3241
3240 3239 3242
3239 3241 3242
3240 3242 3243
3242 3241 3244
3243 3242 3245
3242 3244 3245
3243 3245 3246
3245 3247 3246
3248 3245 3244
3245 3248 3247
3248 3244 3249
3248 3249 3250
3247 3248 3251
3248 3250 3251
3247 3251 3252
3251 3253 3252
3254 3251 3250
3251 3254 3253
3254 3250 3255
3254 3255 3256
3253 3254 3257
3254 3256 3257
3253 3257 3258
3256 3259 3257
3257 3259 3258
3260 3261 3262
3263 3260 3262
3263 3262 3264
3264 3265 3263
3264 3266 3265
3265 3266 3267
3267 3266 3268
3268 3269 3267
3267 3269 3270
3271 3272 3273
3274 3272 3271
3274 3275 3272
3276 3275 3274
3275 3277 3272
3276 3278 3275
3278 3277 3275
3279 3278 3276
3278 3280 3277
3279 3281 3278
3281 3280 3278
3282 3281 3279
3281 3283 3280
3282 3284 3281
3284 3283 3281
3285 3284 3282
3284 3286 3283
3285 3287 3284
3287 3286 3284
3288 3286 3287
3287 3285 3289
3289 3290 3287
3291 3290 3289
3292 3290 3291
3293 3290 3292
3292 3294 3293
3292 3295 3294
3296 3294 3295
3296 3297 3294
3298 3297 3296
3299 3300 3301
3302 3299 3301
3302 3301 3303
3303 3304 3302
3303 3305 3304
3306 3304 3305
3307 3303 3301
3307 3305 3303
3307 3301 3308
3301 3309 3308
3307 3310 3305
3301 3311 3309
3312 3305 3310
3306 3305 3312
3312 3310 3313
3314 3311 3301
3311 3314 3315
3301 3316 3314
3315 3314 3316
3317 3306 3312
3313 3317 3312
3317 3318 3306
3313 3319 3317
3320 3321 3322
3323 3321 3320
3323 3324 3321
3323 3325 3324
3323 3326 3325
3327 3325 3326
3327 3328 3325
3329 3328 3327
3329 3330 3328
3331 3330 3329
3331 3332 3330
3333 3332 3331
3333 3331 3334
3335 3333 3334
3335 3334 3336
3337 3335 3336
3338 3333 3335
3338 3339 3333
3339 3340 3333
3339 3341 3340
3340 3341 3342
3340 3342 3343
3343 3344 3328
3343 3342 3344
3345 3338 3335
3337 3345 3335
3345 3346 3338
3345 3347 3346
3337 3348 3345
3345 3348 3347
3337 3349 3348
3350 3347 3348
3348 3349 3351
3350 3348 3351
3351 3349 3352
3353 3350 3351
3354 3351 3352
3353 3351 3354
3354 3352 3355
3356 3353 3354
3357 3354 3355
3356 3354 3357
3357 3355 3358
3359 3356 3357
3360 3357 3358
3359 3357 3360
3360 3358 3361
3360 3361 3362
3359 3360 3363
3360 3362 3363
3359 3363 3364
3365 3364 3363
3366 3363 3362
3365 3363 3366
3366 3362 3367
3366 3367 3368
3365 3366 3369
3366 3368 3369
3365 3369 3370
3368 3371 3369
3369 3371 3370
3372 3373 3374
3372 3375 3373
3376 3375 3372
3377 3373 3375
3376 3378 3375
3377 3375 3379
3379 3375 3378
3379 3378 3380
3381 3377 3379
3379 3380 3382
3381 3379 3383
3379 3382 3383
3384 3381 3383
3382 3385 3383
3384 3383 3385
3382 3386 3385
3387 3384 3385
3386 3387 3385
3387 3388 3384
3386 3389 3387
3388 3387 3390
3387 3389 3390
3388 3390 3391
3390 3389 3392
3393 3390 3392
3390 3394 3391
3390 3395 3394
3395 3392 3396
3397 3395 3396
3398 3394 3395
3397 3398 3395
3398 3399 3394
3400 3399 3398
3397 3401 3398
3400 3398 3401
3397 3402 3401
3403 3400 3401
3402 3404 3401
3403 3401 3404
3402 3405 3404
3404 3406 3403
3407 3404 3405
3404 3407 3406
3407 3405 3408
3409 3406 3407
3408 3410 3407
3409 3407 3410
3408 3411 3410
3412 3409 3410
3411 3412 3410
3413 3414 3415
3414 3416 3415
3415 3416 3417
3417 3416 3418
3419 3418 3416
3420 3418 3419
3421 3420 3419
3422 3423 3424
3424 3425 3422
3426 3425 3424
3427 3425 3426
3422 3425 3428
3425 3427 3429
3428 3425 3429
3429 3427 3430
3429 3431 3428
3430 3431 3429
3431 3432 3428
3433 3431 3430
3434 3432 3431
3433 3435 3431
3434 3431 3435
3436 3434 3435
3436 3435 3437
3437 3438 3436
3439 3437 3435
3439 3435 3440
3439 3441 3437
3437 3442 3438
3441 3442 3437
3443 3438 3442
3441 3444 3442
3443 3442 3445
3442 3444 3445
3445 3446 3443
3445 3444 3447
3445 3448 3446
3445 3447 3448
3448 3449 3446
3448 3447 3450
3451 3449 3448
3450 3451 3448
3451 3452 3449
3453 3451 3450
3451 3454 3452
3455 3451 3453
3455 3454 3451
3455 3453 3456
3454 3455 3457
3456 3458 3455
3457 3455 3458
3459 3458 3456
3458 3460 3457
3461 3458 3459
3458 3461 3460
3459 3462 3461
3463 3460 3461
3461 3462 3463
3464 3465 3466
3467 3464 3466
3467 3468 3464
3467 3469 3468
3467 3470 3469
3470 3471 3469
3470 3472 3471
3472 3473 3471
3472 3474 3473
3475 3473 3474
3475 3476 3473
3477 3476 3475
3464 3468 3478
3464 3478 3479
3479 3480 3464
3468 3481 3478
3468 3469 3481
3482 3481 3469
3482 3469 3471
3471 3483 3482
3471 3473 3483
3484 3483 3473
3484 3473 3476
3485 3484 3476
3485 3476 3486
3487 3485 3486
3477 3486 3476
3487 3486 3488
3477 3488 3486
3489 3487 3488
3477 3490 3488
3489 3488 3491
3491 3488 3490
3492 3489 3491
3491 3490 3493
3492 3491 3494
3494 3491 3493
3494 3493 3495
3494 3496 3492
3494 3495 3497
3494 3498 3496
3494 3497 3498
3498 3499 3496
3498 3497 3500
3498 3501 3499
3498 3500 3501
3501 3502 3499
3503 3502 3501
3500 3503 3501
3500 3504 3503
3505 3506 3507
3508 3507 3506
3508 3506 3509
3510 3508 3509
3510 3511 3508
3512 3511 3510
3512 3510 3513
3514 3512 3513
3514 3513 3515
3516 3514 3515
3516 3517 3514
3518 3517 3516
3518 3516 3519
3520 3518 3519
3520 3519 3521
3520 3521 3522
3520 3522 3523
3522 3524 3523
3522 3525 3524
3524 3525 3526
3524 3526 3527
3527 3526 3528
3527 3528 3529
3528 3530 3529
3528 3531 3530
3532 3531 3528
3532 3533 3531
3534 3532 3528
3534 3528 3535
3535 3536 3534
3535 3537 3536
3537 3538 3536
3537 3539 3538
3540 3538 3539
3540 3541 3538
3540 3542 3541
3540 3543 3542
3543 3544 3542
3543 3545 3544
3544 3545 3546
3544 3546 3547
3546 3548 3547
3546 3549 3548
3549 3550 3548
3549 3551 3550
3550 3551 3552
3550 3552 3553
3552 3554 3553
3552 3555 3554
3554 3555 3556
3557 3558 3559
3557 3559 3560
3561 3562 3560
3561 3563 3562
3562 3563 3564
3562 3564 3565
3566 3565 3564
3567 3565 3568
3568 3569 3567
3567 3569 3570
3571 3570 3569
3571 3572 3570
3573 3574 3572
3573 3575 3574
3575 3576 3574
3575 3577 3576
3577 3578 3576
3577 3579 3578
3579 3580 3578
3581 3577 3575
3581 3579 3577
3582 3575 3571
3581 3575 3582
3579 3583 3580
3583 3584 3580
3582 3571 3585
3585 3571 3586
3581 3587 3579
3587 3583 3579
3583 3588 3584
3588 3589 3584
3585 3586 3590
3590 3586 3566
3590 3566 3591
3591 3566 3592
3591 3592 3593
3592 3594 3593
3592 3595 3594
3596 3594 3595
3596 3595 3559
3597 3596 3559
3597 3598 3596
3598 3597 3599
3598 3599 3600
3601 3600 3599
3601 3599 3602
3602 3603 3601
3602 3604 3603
3605 3604 3602
3606 3603 3604
3605 3607 3604
3607 3606 3604
3606 3608 3609
3610 3609 3608
3610 3608 3611
3611 3612 3610
3611 3613 3612
3614 3612 3613
3614 3613 3615
3614 3615 3616
3614 3616 3617
3616 3618 3617
3616 3619 3618
3618 3619 3620
3618 3620 3621
3622 3621 3620
3622 3623 3621
3622 3590 3623
3622 3624 3590
3624 3585 3590
3624 3625 3585
3625 3582 3585
3625 3626 3582
3626 3581 3582
3626 3627 3581
3627 3587 3581
3628 3587 3627
3628 3629 3587
3628 3630 3629
3587 3629 3583
3631 3583 3629
3631 3588 3583
3632 3588 3631
3632 3633 3588
3588 3633 3589
3633 3634 3589
3633 3635 3634
3635 3633 3632
3635 3632 3636
3635 3636 3637
3632 3638 3636
3637 3636 3639
3640 3637 3639
3638 3641 3636
3641 3639 3636
3639 3641 3642
3642 3641 3643
3643 3641 3638
3638 3644 3643
3640 3639 3645
3646 3640 3645
3647 3640 3646
3646 3648 3647
3649 3648 3646
3647 3650 3651
3650 3652 3651
3653 3652 3650
3640 3652 3654
3655 3640 3656
3656 3657 3655
3658 3657 3656
3659 3654 3660
3654 3659 3661
3661 3659 3662
3663 3664 3665
3663 3665 3666
3666 3667 3663
3666 3668 3667
3668 3669 3667
3668 3670 3669
3670 3671 3669
3670 3672 3671
3673 3674 3665
3673 3675 3674
3676 3674 3675
3676 3675 3677
3678 3676 3677
3678 3677 3679
3680 3678 3679
3680 3679 3681
3682 3680 3681
3682 3681 3683
3684 3682 3683
3684 3683 3685
3686 3684 3685
3686 3685 3687
3688 3686 3687
3688 3687 3689
3690 3688 3689
3690 3689 3691
3692 3690 3691
3692 3691 3693
3694 3692 3693
3694 3693 3695
3696 3694 3695
3696 3695 3697
3696 3697 3698
3698 3697 3699
3697 3700 3699
3697 3695 3700
3695 3701 3700
3695 3693 3701
3693 3702 3701
3693 3703 3702
3703 3704 3702
3703 3705 3704
3705 3706 3704
3705 3707 3706
3707 3708 3706
3707 3709 3708
3709 3710 3708
3709 3711 3710
3712 3710 3711
3712 3711 3713
3713 3714 3712
3712 3714 3715
3716 3714 3713
3714 3717 3715
3716 3718 3714
3714 3718 3717
3716 3719 3718
3718 3720 3717
3719 3721 3718
3718 3721 3720
3719 3722 3721
3721 3723 3720
3722 3724 3721
3721 3724 3723
3722 3673 3724
3724 3725 3723
3726 3724 3673
3726 3725 3724
3726 3673 3663
3726 3727 3725
3663 3728 3726
3726 3728 3727
3663 3729 3728
3728 3730 3727
3729 3731 3728
3728 3731 3730
3729 3732 3731
3733 3730 3731
3731 3732 3733
3732 3734 3733
3597 3735 3736
3597 3557 3735
3737 3599 3735
3737 3735 3605
3738 3739 3740
3741 3738 3740
3741 3740 3742
3743 3741 3742
3743 3742 3744
3745 3743 3744
3745 3744 3746
3746 3747 3745
3746 3748 3747
3749 3747 3748
3749 3748 3750
3751 3749 3750
3751 3750 3752
3753 3751 3752
3753 3752 3754
3755 3749 3751
3751 3753 3755
3755 3756 3749
3756 3747 3749
3756 3757 3747
3745 3747 3757
3745 3757 3758
3758 3743 3745
3758 3759 3743
3741 3743 3759
3741 3759 3760
3760 3738 3741
3760 3761 3738
3761 3762 3738
3755 3753 3763
3763 3753 3764
3764 3753 3765
3765 3753 3754
3766 3764 3765
3765 3754 3767
3766 3765 3768
3768 3765 3767
3769 3766 3768
3768 3767 3770
3769 3768 3771
3771 3768 3770
3772 3769 3771
3771 3770 3773
3772 3771 3774
3774 3771 3773
3775 3772 3774
3774 3773 3776
3775 3774 3777
3777 3774 3776
3778 3775 3777
3777 3776 3779
3778 3777 3780
3780 3777 3779
3781 3778 3780
3780 3779 3782
3781 3780 3783
3784 3780 3782
3783 3780 3784
3785 3786 3787
3785 3788 3786
3788 3785 3789
3788 3789 3790
3790 3791 3788
3788 3791 3792
3792 3786 3788
3792 3793 3786
3794 3793 3792
3795 3792 3791
3794 3792 3795
3795 3791 3796
3797 3795 3796
3797 3796 3798
3799 3797 3798
3800 3794 3795
3800 3795 3797
3801 3797 3799
3799 3802 3801
3803 3800 3797
3803 3797 3801
3794 3800 3804
3794 3804 3805
3806 3804 3800
3806 3800 3803
3807 3794 3805
3807 3805 3808
3786 3807 3808
3786 3808 3809
3803 3810 3806
3803 3811 3810
3811 3803 3801
3810 3811 3812
3801 3802 3813
3811 3801 3813
3812 3811 3814
3814 3811 3813
3814 3815 3812
3816 3813 3802
3814 3813 3816
3816 3802 3817
3816 3817 3818
3819 3815 3814
3819 3814 3816
3820 3815 3819
3816 3818 3821
3819 3816 3821
3821 3818 3822
3819 3821 3823
3821 3822 3823
3820 3819 3824
3819 3823 3824
3822 3825 3823
3825 3824 3823
3826 3825 3822
3827 3820 3824
3825 3827 3824
3827 3828 3820
3829 3828 3827
3829 3827 3830
3830 3827 3825
3830 3831 3829
3826 3832 3825
3830 3825 3832
3833 3832 3826
3833 3834 3832
3834 3830 3832
3833 3835 3834
3830 3836 3831
3836 3830 3834
3837 3831 3836
3838 3834 3835
3838 3835 3839
3840 3838 3839
3841 3836 3834
3837 3836 3841
3841 3834 3838
3840 3842 3838
3842 3841 3838
3840 3843 3842
3844 3837 3841
3842 3844 3841
3842 3843 3844
3844 3845 3837
3844 3843 3845
3846 3847 3848
3846 738 3847
3849 3850 3851
3849 3851 3852
3852 3851 3853
3852 3853 3854
3854 3853 3855
3854 3855 3856
3856 3855 3857
3856 3857 3858
3855 3859 3857
3855 3860 3859
3853 3860 3861
3853 3862 3860
3863 3862 3853
3863 3864 3862
3865 3864 3851
3865 3866 3864
3857 3859 3867
3858 3857 3868
3857 3867 3868
3858 3868 3869
3868 3867 3870
3869 3868 3871
3868 3870 3871
3869 3871 3872
3871 3870 3873
3872 3871 3874
3871 3873 3874
3872 3874 3875
3874 3873 3876
3875 3874 3877
3874 3876 3877
3875 3877 3878
3877 3876 3879
3878 3877 3880
3877 3879 3880
3878 3880 3881
3880 3879 3882
3881 3880 3883
3880 3882 3883
3881 3883 3884
3883 3882 3885
3884 3883 3886
3883 3885 3886
3884 3886 3887
3886 3885 3888
3887 3886 3888
3889 3890 3891
3889 3891 3892
3893 3889 3892
3893 3892 3894
3892 3895 3894
3892 3896 3895
3891 3896 3892
3891 3897 3896
3898 3899 3900
3901 3899 3898
3902 3899 3901
3901 3898 3903
3902 3904 3899
3905 3904 3902
3905 3906 3904
3906 3907 3904
3903 3898 3908
3903 3908 3909
3898 3910 3908
3898 3911 3910
3911 3899 3912
3908 3910 3913
3909 3908 3914
3908 3913 3914
3909 3914 3915
3914 3913 3916
3915 3914 3917
3914 3916 3917
3915 3917 3918
3917 3916 3919
3918 3917 3920
3917 3919 3920
3918 3920 3921
3920 3919 3922
3921 3920 3923
3920 3922 3923
3921 3923 3924
3923 3922 3925
3924 3923 3926
3923 3925 3926
3924 3926 3927
3926 3925 3928
3927 3926 3929
3926 3928 3929
3927 3929 3930
3929 3928 3931
3930 3929 3932
3929 3931 3932
3930 3932 3933
3932 3931 3934
3933 3932 3934
3935 3936 3937
3935 3937 3938
3938 3939 3935
3940 3938 3937
3940 3941 3938
3942 3938 3941
3942 3943 3938
3935 3943 3944
3945 3943 3942
3944 3943 3946
3945 3947 3943
3948 3947 3945
3943 3949 3946
3946 3949 3950
3951 3949 3948
3951 3948 3952
3953 3951 3952
3950 3949 3954
3949 3951 3954
3953 3954 3951
3955 3950 3954
3953 3955 3954
3953 3956 3955
3957 3956 3953
3957 3958 3956
3957 3959 3958
3958 3959 3960
3955 3961 3962
3955 3963 3961
3964 3965 3960
3964 3963 3965
3953 3966 3967
3967 3959 3968
3953 3967 3968
3969 3970 3971
3969 3971 3972
3973 3972 3971
3973 3971 3974
3975 3973 3974
3975 3974 3976
3977 3975 3976
3976 3978 3979
3980 3979 3978
3980 3981 3979
3981 3977 3982
3982 3977 3983
3974 3984 3983
3984 3974 3985
3985 3986 3971
3984 3985 3987
3985 3971 3988
3985 3988 3989
3983 3984 3990
3990 3991 3983
3992 3991 3990
3980 3991 3992
3980 3992 3993
3994 3980 3993
3994 3993 3995
3994 3995 3996
3995 3997 3996
3998 3997 3999
3998 3999 4000
4001 4002 4000
4001 4003 4002
3980 4004 4005
4004 4006 3996
3980 4006 4004
4007 4008 4009
4007 4009 4010
4009 4011 4010
4010 4011 4012
4013 4007 4010
4010 4012 4014
4013 4010 4015
4010 4014 4015
4013 4015 4016
4015 4014 4016
4013 4016 4017
4016 4014 4018
4016 4019 4017
4020 4016 4018
4016 4021 4019
4020 4021 4016
4021 4022 4019
4020 4023 4021
4021 4023 4022
4020 4024 4023
4025 4023 4024
4022 4023 4026
4025 4026 4023
4022 4026 4027
4028 4027 4026
4028 4029 4027
4030 4026 4025
4030 4025 4031
4029 4028 4032
4029 4032 4033
4034 4030 4031
4034 4035 4030
4036 4033 4032
4036 4032 4037
4036 4037 4038
4036 4038 4039
4039 4038 4040
4039 4040 4041
4034 4042 4035
4034 4043 4042
4044 4042 4043
4044 4045 4042
4045 4044 4046
4045 4046 4047
4041 4040 4048
4041 4048 4049
4050 4049 4048
4050 4048 4051
4051 4052 4050
4053 4047 4046
4053 4054 4047
4053 4055 4054
4056 4052 4055
4053 4056 4055
4057 4058 4059
4057 4060 4058
4060 4061 4058
4060 4062 4061
4062 4063 4061
4062 4064 4063
4065 4064 4066
4065 4066 4067
4068 4065 4067
4068 4069 4065
4068 4067 4070
4068 4071 4069
4072 4069 4071
4072 4073 4069
4074 4073 4072
4074 4075 4073
4076 4067 4077
4076 4077 4078
4076 4078 4079
4076 4079 4080
4081 4080 4079
4081 4082 4080
4083 4082 4081
4083 4084 4082
4083 4085 4084
4083 4086 4085
4085 4086 4087
4085 4087 4088
4089 4088 4087
4090 4091 4089
4092 4091 4090
4092 4093 4091
4094 4093 4092
4094 4092 4095
4094 4095 4096
4094 4096 4097
4097 4096 4098
4097 4098 4099
4100 4099 4098
4100 4101 4099
4100 4102 4101
4100 4070 4102
4103 4104 4105
4104 4106 4105
4104 4107 4106
4107 4108 4106
4107 4109 4108
4108 4109 4110
4109 4111 4110
4111 4112 4110
4111 4113 4112
4113 4114 4112
4113 4115 4114
4115 4116 4114
4115 4117 4116
4117 4118 4116
4117 4119 4118
4119 4120 4118
4119 4121 4120
4121 4122 4120
4121 4123 4122
4123 4124 4122
4125 4126 4127
4128 4125 4127
4128 4127 4129
4130 4128 4129
4130 4129 4131
4132 4130 4131
4132 4131 4133
4134 4132 4133
4134 4133 4135
4136 4134 4135
4136 4135 4137
4138 4136 4137
4138 4137 4139
4140 4138 4139
4140 4139 4141
4142 4140 4141
4142 4141 4143
4144 4142 4143
4144 4143 4145
4146 4144 4145
4146 4147 4144
4147 4142 4144
4147 4148 4142
4148 4140 4142
4148 4149 4140
4149 4150 4140
4149 4151 4150
4151 4152 4150
4151 4153 4152
4153 4154 4152
4153 4155 4154
4155 4156 4154
4155 4157 4156
4157 4158 4156
4157 4159 4158
4159 4160 4158
4159 4161 4160
4161 4162 4160
4161 4163 4162
4163 4164 4162
4165 4166 4167
4167 4166 4168
4167 4168 4169
4169 4168 4170
4169 4170 4171
4171 4170 4172
4171 4172 4173
4173 4172 4174
4173 4174 4175
4175 4174 4176
4175 4176 4177
4178 4177 4176
4178 4176 4179
4178 4179 4180
4178 4180 4181
4181 4180 4182
4181 4182 4183
4183 4182 4184
4183 4184 4185
4185 4184 4186
4187 4188 4189
4190 4188 4187
4190 4191 4188
4192 4191 4190
4192 4193 4191
4194 4193 4192
4194 4195 4193
4194 4196 4195
4194 4197 4196
4198 4196 4197
4198 4199 4196
4200 4199 4198
4200 4201 4199
4202 4201 4200
4202 4203 4201
4204 4203 4202
4204 4205 4203
4206 4205 4204
4206 4207 4205
4208 4207 4206
4208 4206 4209
4209 4206 4204
4209 4204 4210
4210 4204 4211
4210 4211 4212
4212 4211 4213
4212 4213 4214
4214 4213 4215
4214 4215 4216
4216 4215 4217
4216 4217 4218
4219 4218 4217
4219 4217 4220
4219 4220 4221
4219 4221 4222
4222 4221 4223
4222 4223 4224
4224 4223 4225
4224 4225 4226
4226 4225 4227
4228 4229 4230
4228 4230 4231
4232 4228 4233
4232 4233 4234
4235 4232 4234
4235 4236 4232
4237 4238 4236
4237 4239 4238
4239 4240 4238
4239 4241 4240
4241 4242 4240
4241 4243 4242
4244 4242 4243
4244 4245 4242
4244 4246 4245
4244 4247 4246
4248 4246 4247
4248 4249 4246
4250 4249 4248
4251 4249 4250
4251 4252 4249
4249 4252 4253
4249 4253 4246
4253 4245 4246
4245 4254 4242
4253 4255 4245
4245 4255 4254
4256 4242 4254
4256 4257 4242
4258 4257 4256
4258 4256 4259
4259 4260 4258
4261 4256 4254
4261 4259 4256
4261 4262 4259
4261 4254 4263
4263 4254 4255
4263 4255 4264
4259 4265 4260
4266 4264 4255
4266 4255 4253
4266 4253 4267
4266 4267 4268
4251 4268 4267
4269 4260 4265
4269 4265 4270
4269 4270 4271
4269 4271 4272
4272 4271 4273
4274 4265 4275
4274 4275 4262
4276 4277 4278
4276 4278 4279
4276 4279 4280
4280 4279 4281
4280 4281 4282
4283 4276 4280
4283 4284 4276
4284 4285 4278
4284 4286 4285
4283 4287 4284
4287 4288 4284
4287 4289 4288
4283 4280 4290
4280 4282 4291
4290 4280 4291
4291 4282 4292
4290 4291 4293
4291 4292 4294
4293 4291 4294
4294 4292 4295
4293 4294 4296
4294 4295 4297
4296 4294 4297
4297 4295 4298
4296 4297 4299
4297 4298 4300
4299 4297 4300
4299 4300 4301
4300 4298 4302
4301 4300 4303
4300 4302 4303
4301 4303 4304
4303 4305 4304
4302 4306 4303
4303 4306 4305
4302 4307 4306
4306 4307 4308
4305 4306 4309
4306 4308 4309
4305 4309 4310
4309 4308 4311
4310 4309 4312
4309 4311 4312
4310 4312 4313
4312 4311 4314
4313 4312 4315
4312 4314 4315
4313 4315 4316
4315 4314 4317
4316 4315 4318
4315 4317 4318
4316 4318 4319
4318 4320 4319
4317 4321 4318
4318 4321 4320
4317 4322 4321
4320 4321 4323
4320 4323 4324
4324 4323 4325
4321 4326 4327
4321 4327 4328
4328 4327 4329
4330 4331 4332
4333 4331 4330
4333 4334 4331
4333 4335 4334
4336 4333 4330
4336 4330 4337
4337 4330 4338
4339 4333 4336
4333 4339 4335
4339 4336 4340
4341 4339 4340
4342 4335 4339
4341 4342 4339
4342 4343 4335
4344 4342 4341
4345 4343 4342
4344 4345 4342
4345 4346 4343
4347 4345 4344
4348 4346 4345
4347 4348 4345
4348 4349 4346
4350 4348 4347
4351 4349 4348
4350 4351 4348
4351 4352 4349
4351 4353 4352
4354 4351 4350
4351 4354 4353
4354 4350 4355
4356 4354 4355
4357 4353 4354
4356 4357 4354
4357 4358 4353
4359 4357 4356
4360 4358 4357
4359 4360 4357
4360 4361 4358
4362 4360 4359
4363 4361 4360
4362 4363 4360
4363 4364 4361
4365 4363 4362
4366 4364 4363
4365 4366 4363
4366 4367 4364
4368 4366 4365
4369 4367 4366
4368 4369 4366
4369 4370 4367
4371 4369 4368
4372 4370 4369
4371 4372 4369
4372 4373 4370
4371 4374 4372
4373 4372 4374
4371 4375 4374
4373 4374 4376
4375 4377 4374
4376 4374 4377
4375 4378 4377
4376 4377 4379
4380 4381 4382
4383 4382 4381
4383 4381 4384
4384 4385 4383
4384 4386 4385
4387 4385 4386
4387 4386 4388
4389 4387 4388
4389 4390 4387
4389 4391 4390
4389 4392 4391
4392 4393 4391
4392 4394 4393
4395 4393 4394
4395 4394 4396
4395 4396 4397
4395 4397 4398
4398 4397 4399
4398 4399 4400
4399 4401 4400
4399 4402 4401
4403 4401 4402
4403 4402 4404
4404 4405 4403
4404 4406 4405
4406 4407 4405
4406 4408 4407
4409 4410 4411
4412 4411 4410
4412 4410 4413
4413 4414 4412
4413 4415 4414
4416 4414 4415
4416 4415 4417
4418 4416 4419
4418 4419 4420
4420 4421 4418
4420 4422 4421
4422 4423 4421
4422 4424 4423
4425 4423 4424
4425 4424 4426
4427 4425 4426
4427 4428 4425
4429 4428 4427
4429 4430 4428
4429 4431 4430
4429 4432 4431
4432 4433 4431
4432 4434 4433
4434 4435 4433
4434 4436 4435
4437 4438 4439
4438 4440 4439
4438 4441 4440
4441 4442 4440
4441 4443 4442
4443 4444 4442
4443 4445 4444
4445 4446 4444
4445 4447 4446
4448 4446 4447
4448 4447 4449
4448 4449 4450
4448 4450 4451
4452 4451 4450
4452 4450 4453
4452 4453 4454
4452 4454 4455
4456 4455 4454
4456 4454 4457
4456 4457 4458
4456 4458 4459
4459 4458 4460
4460 4458 4461
4462 4463 4464
4462 4465 4463
4462 4466 4465
4466 4467 4465
4466 4468 4467
4468 4469 4467
4468 4470 4469
4470 4471 4469
4470 4472 4471
4471 4472 4473
4473 4472 4474
4473 4474 4475
4475 4474 4476
4477 4475 4476
4477 4476 4478
4477 4478 4479
4477 4479 4480
4481 4480 4479
4481 4479 4482
4482 4483 4481
4482 4484 4483
4484 4485 4483
4484 4486 4485
4487 4488 4489
4487 4490 4488
4491 4490 4487
4491 4492 4490
4493 4492 4491
4493 4491 4494
4495 4493 4494
4495 4496 4493
4497 4496 4495
4497 4495 4498
4498 4499 4497
4498 4500 4499
4501 4499 4500
4501 4502 4499
4503 4502 4501
4503 4501 4504
4505 4503 4504
4505 4504 4506
4505 4506 4507
4505 4507 4508
4507 4509 4508
4510 4511 4512
4510 4512 4513
4514 4513 4512
4514 4512 4515
4516 4514 4515
4516 4517 4514
4518 4517 4519
4518 4519 4520
4520 4521 4518
4520 4522 4521
4521 4522 4523
4521 4523 4524
4525 4524 4523
4525 4523 4526
4527 4525 4526
4527 4526 4528
4527 4528 4529
4527 4529 4530
4529 4531 4530
4532 4531 4533
4534 4531 4532
4532 4533 4535
4536 4534 4532
4532 4535 4536
4536 4537 4534
4536 4538 4537
4535 4539 4536
4536 4539 4538
4535 4540 4539
4539 4541 4538
4540 4542 4539
4539 4542 4541
4540 4543 4542
4542 4543 4544
4545 4541 4542
4542 4544 4545
4545 4546 4541
4545 4544 4547
4546 4545 4548
4545 4547 4548
4546 4548 4549
4548 4550 4549
4547 4551 4548
4548 4551 4550
4547 4552 4551
4553 4550 4551
4554 4551 4552
4553 4551 4554
4554 4552 4555
4556 4553 4554
4557 4554 4555
4556 4554 4557
4557 4555 4558
4556 4557 4559
4556 4559 4510
4559 4557 4560
4557 4561 4560
4561 4562 4560
4563 4510 4559
4563 4564 4510
4563 4565 4564
4563 4559 4566
4566 4559 4560
4567 4563 4566
4562 4568 4560
4566 4560 4568
4562 4569 4568
4567 4566 4570
4568 4570 4566
4570 4571 4567
4570 4572 4571
4569 4573 4568
4568 4573 4570
4573 4572 4570
4573 4574 4572
4569 4575 4573
4575 4576 4577
4575 4577 4578
4579 4580 4581
4579 4582 4580
4582 4583 4580
4582 4584 4583
4585 4586 4587
4585 4588 4586
4588 4589 4586
4588 4590 4589
4591 4592 4593
4591 4594 4592
4595 4594 4591
4595 4596 4594
4597 4596 4595
4597 4595 4598
4599 4597 4598
4599 4598 4600
4601 4599 4600
4601 4600 4602
4603 4601 4602
4603 4602 4604
4605 4603 4604
4605 4604 4606
4607 4605 4606
4607 4606 4608
4609 4607 4608
4609 4608 4610
4610 4611 4609
4610 4612 4611
4611 4612 4613
4611 4613 4614
4613 4615 4614
4613 4616 4615
4615 4616 4617
4618 4619 4620
4618 4620 4621
4622 4618 4621
4622 4621 4623
4624 4622 4623
4624 4625 4622
4626 4625 4624
4625 4626 4627
4626 4628 4627
4627 4628 4629
4629 4628 4630
4626 4631 4628
4632 4628 4631
4630 4628 4632
4632 4633 4630
4626 4624 4634
4634 4635 4626
4623 4636 4624
4634 4624 4636
4636 4637 4634
4623 4637 4636
4634 4637 4638
4634 4638 4635
4623 4639 4637
4635 4638 4640
4640 4632 4635
4641 4639 4623
4640 4642 4632
4641 4623 4621
4643 4641 4621
4643 4621 4644
4642 4645 4632
4642 4646 4645
4647 4645 4646
4647 4646 4648
4648 4649 4647
4647 4650 4645
4630 4645 4650
4651 4650 4647
4651 4647 4652
4647 4649 4652
4651 4652 4653
4652 4654 4653
4649 4655 4652
4652 4655 4654
4654 4655 4656
4649 4657 4655
4656 4655 4657
4654 4656 4658
4656 4657 4659
4660 4658 4656
4656 4659 4661
4660 4656 4662
4656 4661 4662
4660 4662 4663
4662 4661 4663
4664 4665 4666
4664 4667 4665
4667 4664 4668
4669 4668 4664
4667 4668 4670
4670 4668 4671
4671 4668 4669
4670 4671 4672
4669 4664 4673
4673 4664 4674
4674 4665 4675
4674 4675 4676
4677 4676 4675
4673 4674 4678
4678 4674 4676
4677 4679 4676
4677 4680 4679
4681 4672 4671
4681 4682 4672
4682 4681 4683
4683 4681 4684
4671 4684 4681
4684 4685 4683
4671 4686 4684
4685 4684 4686
4685 4686 4687
4671 4669 4686
4669 4687 4686
4669 4688 4687
4689 4688 4669
4689 4669 4673
4689 4673 4678
4689 4678 4690
4691 4690 4678
4692 4691 4678
4678 4676 4692
4693 4691 4692
4679 4692 4676
4693 4692 4694
4679 4694 4692
4695 4693 4694
4695 4696 4693
4697 4696 4695
4694 4679 4698
4694 4698 4695
4680 4698 4679
4699 4697 4695
4699 4700 4697
4698 4680 4701
4701 4680 4702
4702 4703 4701
4704 4703 4702
4703 4704 4705
4698 4706 4695
4698 4701 4706
4695 4706 4699
4706 4701 4703
4699 4707 4700
4699 4706 4707
4706 4703 4707
4708 4700 4707
4709 4708 4707
4703 4709 4707
4710 4708 4709
4711 4703 4705
4703 4711 4709
4712 4711 4705
4709 4711 4712
4713 4712 4705
4714 4710 4709
4709 4712 4714
4710 4714 4715
4716 4712 4713
4714 4712 4716
4716 4713 4717
4714 4716 4718
4719 4718 4715
4718 4720 4715
4717 4721 4716
4718 4716 4721
4717 4722 4721
4723 4720 4718
4718 4721 4723
4720 4723 4724
4722 4725 4721
4723 4721 4725
4722 4726 4725
4723 4727 4724
4723 4725 4727
4727 4728 4724
4726 4729 4725
4727 4725 4729
4726 4730 4729
4727 4731 4728
4727 4729 4731
4730 4732 4729
4731 4729 4732
4730 4733 4732
4734 4732 4733
4735 4728 4731
4731 4732 4735
4735 4736 4728
4735 4737 4736
4734 4738 4732
4732 4738 4735
4738 4734 4739
4735 4740 4737
4738 4740 4735
4741 4737 4740
4741 4740 4738
4738 4739 4742
4741 4738 4742
4741 4743 4737
4744 4737 4743
4745 4742 4739
4745 4739 4746
4747 4745 4746
4742 4745 4748
4748 4749 4742
4749 4741 4742
4749 4743 4741
4743 4749 4750
4751 4744 4743
4751 4743 4750
4751 4752 4744
4751 4753 4752
4753 4751 4754
4751 4750 4754
4755 4753 4754
4754 4756 4755
4756 4754 4750
4757 4756 4750
4750 4758 4757
4756 4759 4755
4757 4758 4760
4759 4756 4761
4761 4756 4757
4762 4759 4761
4760 4763 4757
4760 4745 4763
4747 4763 4745
4764 4763 4747
4757 4763 4764
4764 4747 4765
4766 4764 4765
4757 4764 4767
4761 4757 4767
4766 4768 4764
4768 4767 4764
4769 4768 4766
4762 4761 4770
4762 4770 4771
4767 4772 4761
4768 4772 4767
4772 4770 4761
4768 4769 4773
4772 4768 4773
4773 4770 4772
4769 4774 4773
4770 4775 4771
4771 4775 4776
4777 4776 4775
4778 4773 4774
4779 4778 4774
4773 4780 4770
4770 4780 4775
4778 4780 4773
4781 4777 4775
4781 4775 4780
4782 4777 4781
4783 4780 4778
4781 4780 4783
4784 4782 4781
4782 4784 4785
4782 4785 4786
4787 4784 4781
4781 4783 4787
4785 4784 4787
4783 4788 4787
4783 4789 4788
4778 4790 4783
4785 4791 4786
4791 4792 4786
4787 4793 4785
4791 4785 4793
4787 4794 4793
4792 4791 4795
4796 4792 4795
4797 4791 4793
4795 4798 4796
4778 4799 4790
4778 4779 4799
4790 4800 4794
4794 4800 4793
4790 4799 4800
4793 4800 4801
4793 4801 4797
4802 4800 4799
4802 4799 4779
4802 4801 4800
4803 4797 4801
4802 4804 4801
4805 4801 4804
4805 4803 4806
4803 4807 4797
4807 4808 4797
4807 4795 4808
4809 4795 4807
4809 4798 4795
4810 4807 4803
4810 4809 4807
4779 4811 4802
4779 4812 4811
4812 4779 4813
4812 4813 4814
4815 4814 4813
4815 4816 4814
4817 4802 4811
4816 4815 4818
4819 4816 4818
4820 4819 4818
4820 4818 4821
4822 4820 4821
4822 4821 4823
4822 4823 4824
4822 4824 4825
4825 4824 4826
4825 4826 4827
4827 4826 4828
4817 4804 4802
4817 4829 4804
4817 4830 4829
4804 4829 4805
4830 4831 4829
4830 4832 4831
4833 4831 4832
4834 4833 4832
4831 4833 4835
4805 4829 4836
4829 4837 4836
4805 4836 4838
4838 4837 4835
4803 4805 4838
4833 4834 4839
4834 4840 4839
4841 4839 4840
4838 4842 4803
4810 4803 4842
4843 4842 4838
4810 4842 4843
4843 4838 4835
4835 4844 4843
4835 4833 4845
4833 4839 4845
4845 4844 4835
4841 4846 4839
4845 4839 4846
4841 4847 4846
4810 4843 4848
4844 4848 4843
4809 4810 4848
4845 4846 4849
4845 4849 4844
4809 4848 4850
4809 4850 4798
4847 4851 4846
4847 4852 4851
4847 4853 4852
4851 4854 4846
4854 4849 4846
4854 4851 4852
4853 4855 4852
4853 4856 4855
4855 4856 4857
4856 4858 4857
4852 4855 4859
4855 4860 4859
4860 4855 4857
4859 4861 4852
4854 4852 4861
4862 4860 4857
4857 4863 4862
4857 4864 4863
4864 4865 4863
4864 4866 4865
4858 4867 4857
4867 4864 4857
4864 4868 4866
4867 4868 4864
4866 4868 4869
4858 4870 4867
4870 4868 4867
4871 4870 4858
4868 4872 4869
4870 4872 4868
4870 4871 4873
4873 4872 4870
4871 4874 4873
4875 4873 4874
4873 4875 4876
4873 4876 4872
4869 4872 4876
4877 4869 4876
4877 4876 4878
4876 4879 4878
4876 4880 4879
4881 4882 4883
4881 4883 4884
4885 4881 4884
4886 4885 4884
4886 4887 4885
4888 4885 4887
4889 4888 4887
4890 4888 4889
4890 4889 4891
4891 4892 4890
4891 4893 4892
4893 4894 4892
4893 4895 4894
4894 4895 4896
4894 4896 4897
4896 4898 4897
4896 4899 4898
4899 4900 4898
4899 4901 4900
4902 4903 4904
4905 4902 4904
4904 4906 4905
4902 4905 4907
4908 4902 4907
4908 4909 4904
4909 4908 4910
4911 4905 4906
4912 4911 4906
4908 4913 4910
4913 4914 4910
4914 4913 4915
4907 4905 4916
4905 4911 4916
4917 4911 4912
4918 4917 4912
4919 4908 4907
4919 4913 4908
4913 4920 4915
4915 4920 4861
4921 4907 4916
4919 4907 4921
4922 4916 4911
4922 4911 4917
4918 4923 4917
4924 4923 4918
4925 4913 4919
4920 4913 4925
4861 4920 4926
4861 4926 4854
4927 4917 4923
4927 4922 4917
4928 4923 4924
4928 4924 4929
4928 4930 4923
4928 4931 4930
4927 4931 4932
4927 4933 4922
4934 4933 4931
4922 4933 4935
4933 4934 4935
4922 4935 4916
4935 4921 4916
4934 4936 4935
4921 4935 4936
4937 4936 4934
4937 4934 4938
4934 4939 4938
4937 4940 4936
4940 4941 4936
4941 4921 4936
4941 4940 4942
4921 4941 4943
4919 4921 4943
4925 4919 4943
4944 4941 4942
4941 4944 4943
4945 4944 4942
4946 4945 4942
4947 4943 4944
4925 4943 4947
4945 4947 4944
4948 4945 4946
4948 4946 4949
4950 4947 4945
4950 4925 4947
4948 4950 4945
4949 4951 4948
4949 4952 4951
4950 4953 4925
4925 4953 4920
4953 4926 4920
4950 4948 4954
4948 4951 4954
4955 4953 4950
4955 4950 4954
4956 4926 4953
4956 4953 4955
4926 4956 4854
4854 4956 4849
4956 4957 4849
4957 4956 4955
4844 4849 4957
4954 4958 4955
4954 4951 4958
4957 4955 4959
4844 4957 4959
4958 4959 4955
4844 4959 4960
4959 4958 4960
4844 4960 4848
4951 4961 4958
4960 4958 4961
4848 4960 4962
4962 4960 4961
4850 4848 4962
4963 4961 4951
4962 4961 4963
4952 4963 4951
4952 4964 4963
4850 4962 4965
4798 4850 4965
4966 4962 4963
4962 4966 4965
4964 4966 4963
4798 4965 4967
4967 4965 4966
4968 4798 4967
4966 4964 4969
4967 4966 4970
4970 4966 4969
4970 4971 4967
4971 4972 4967
4972 4971 4973
4970 4974 4971
4970 4969 4974
4971 4975 4973
4974 4975 4971
4975 4976 4973
4975 4977 4976
4978 4977 4975
4974 4978 4975
4978 4979 4977
4980 4979 4978
4969 4964 4981
4981 4964 4982
4983 4981 4982
4974 4969 4984
4978 4974 4984
4969 4981 4984
4980 4978 4985
4985 4978 4984
4981 4986 4984
4986 4985 4984
4980 4985 4987
4986 4987 4985
4980 4987 4988
4988 4987 4989
4986 4989 4987
4990 4988 4989
4983 4991 4981
4981 4991 4986
4986 4992 4989
4986 4991 4992
4993 4991 4983
4991 4993 4992
4993 4983 4994
4995 4993 4994
4996 4990 4989
4992 4996 4989
4995 4997 4993
4998 4997 4995
4993 4999 4992
4992 4999 4996
4999 4993 4997
5000 4990 4996
4999 5000 4996
5000 5001 4990
4997 5002 4999
4999 5002 5000
5000 5003 5001
5003 5000 5002
5003 5004 5001
4998 5005 4997
4997 5005 5002
5003 5002 5006
5006 5002 5005
5003 5007 5004
5007 5003 5006
5008 5004 5007
5009 5008 5007
5006 5009 5007
5009 5006 5010
5011 5005 4998
5011 5006 5005
5006 5011 5010
5011 5012 5010
5011 4998 5013
5011 5013 5014
5015 5016 5017
5018 5016 5015
5018 5015 5019
5020 5018 5019
5019 5021 5020
5020 5021 5022
5021 5023 5022
5024 5022 5023
5023 5025 5024
5025 5026 5024
5024 5026 5027
5028 5027 5026
5028 5029 5027
5030 5029 5028
5030 5031 5029
5032 5031 5030
5032 5030 5033
5034 5032 5033
5035 5036 5037
5035 5038 5036
5038 5039 5036
5035 5040 5038
5035 5041 5040
5042 5040 5041
5042 5043 5040
5038 5044 5039
5040 5044 5038
5044 5045 5039
5043 5046 5040
5040 5046 5044
5043 5047 5046
5048 5046 5047
5044 5049 5045
5046 5049 5044
5049 5050 5045
5048 5051 5046
5046 5051 5049
5051 5048 5052
5049 5053 5050
5049 5051 5053
5053 5054 5050
5052 5055 5051
5051 5055 5053
5052 5056 5055
5053 5057 5054
5053 5055 5057
5057 5058 5054
5055 5056 5059
5055 5059 5057
5057 5059 5060
5056 5061 5059
5059 5061 5060
5061 5062 5060
5060 5062 5063
5057 5064 5058
5064 5057 5060
5064 5065 5058
5064 5066 5065
5064 5060 5066
5066 5067 5065
5068 5060 5063
5060 5068 5066
5066 5069 5067
5068 5069 5066
5069 5070 5067
5063 5071 5068
5068 5071 5069
5063 5072 5071
5069 5073 5070
5071 5073 5069
5073 5074 5070
5072 5075 5071
5071 5075 5073
5072 5076 5075
5075 5076 5077
5073 5078 5074
5078 5079 5074
5075 5080 5073
5080 5075 5077
5080 5078 5073
5081 5080 5077
5080 5082 5078
5080 5081 5082
5078 5082 5079
5082 5081 5083
5084 5079 5082
5082 5083 5084
5084 5085 5079
5084 5086 5085
5084 5087 5086
5083 5087 5084
5087 5088 5086
5087 5089 5088
5089 5090 5088
5083 5091 5087
5091 5089 5087
5089 5092 5090
5092 5093 5090
5091 5094 5089
5094 5092 5089
5095 5093 5092
5094 5095 5092
5096 5093 5095
5097 5096 5095
5097 5095 5094
5098 5097 5094
5098 5094 5091
5091 5083 5098
5083 5099 5098
5099 5083 5100
5083 5101 5100
5100 5101 5077
5102 5103 5104
5102 5105 5103
5106 5103 5105
5106 5107 5103
5106 5108 5107
5106 5109 5108
5109 5110 5108
5109 5111 5110
5111 5112 5110
5111 5113 5112
5113 5114 5112
5113 5115 5114
5115 5116 5114
5115 5117 5116
5117 5118 5116
5117 5119 5118
5119 5120 5118
5119 5121 5120
5121 5122 5120
5121 5123 5122
5123 5124 5122
5123 5125 5124
5126 5124 5125
5126 5127 5124
5126 5128 5127
5126 5129 5128
5129 5130 5128
5129 5131 5130
5131 5132 5130
5131 5133 5132
5133 5134 5132
5133 5135 5134
5135 5136 5134
5135 5137 5136
5137 5138 5136
5137 5139 5138
5138 5139 5140
5138 5140 5141
5141 5140 5142
5143 5144 5145
5143 5146 5144
5147 5144 5146
5147 5148 5144
5147 5149 5148
5147 5150 5149
5150 5151 5149
5150 5152 5151
5152 5153 5151
5152 5154 5153
5154 5155 5153
5154 5156 5155
5156 5157 5155
5156 5158 5157
5158 5159 5157
5158 5160 5159
5160 5161 5159
5160 5162 5161
5162 5163 5161
5162 5164 5163
5164 5165 5163
5164 5166 5165
5167 5165 5166
5167 5168 5165
5167 5169 5168
5167 5170 5169
5170 5171 5169
5170 5172 5171
5172 5173 5171
5172 5174 5173
5174 5175 5173
5174 5176 5175
5176 5177 5175
5176 5178 5177
5178 5179 5177
5178 5180 5179
5179 5180 5181
5179 5181 5182
5182 5181 5183
5184 5185 5186
5185 5187 5186
5188 5187 5185
5189 5186 5187
5188 5190 5187
5188 5191 5190
5191 5192 5190
5192 5193 5190
5193 5187 5190
5192 5194 5193
5195 5189 5187
5193 5195 5187
5189 5195 5196
5194 5197 5193
5194 5198 5197
5195 5193 5199
5193 5197 5199
5195 5200 5196
5195 5199 5200
5201 5196 5200
5202 5200 5199
5197 5202 5199
5202 5203 5200
5203 5201 5200
5204 5201 5203
5204 5205 5201
5197 5206 5202
5204 5207 5205
5198 5208 5197
5197 5208 5206
5198 5209 5208
5210 5208 5209
5211 5206 5208
5210 5211 5208
5211 5212 5206
5204 5213 5207
5213 5214 5207
5210 5215 5211
5210 5216 5215
5211 5217 5212
5217 5213 5204
5217 5218 5212
5217 5204 5218
5211 5219 5217
5217 5219 5213
5211 5215 5219
5213 5220 5214
5220 5213 5219
5220 5221 5214
5216 5222 5215
5216 5223 5222
5215 5224 5219
5220 5219 5224
5215 5222 5224
5220 5225 5221
5225 5226 5221
5220 5224 5227
5222 5227 5224
5225 5220 5227
5223 5228 5222
5222 5228 5227
5223 5229 5228
5230 5225 5227
5228 5230 5227
5229 5231 5228
5228 5231 5230
5229 5232 5231
5231 5232 5233
5225 5234 5226
5230 5234 5225
5231 5235 5230
5235 5234 5230
5231 5233 5236
5231 5236 5235
5236 5233 5237
5226 5234 5238
5235 5238 5234
5226 5238 5239
5236 5237 5240
5235 5236 5240
5239 5238 5241
5239 5241 5242
5241 5243 5242
5244 5238 5235
5235 5240 5244
5244 5241 5238
5237 5245 5240
5244 5240 5245
5246 5245 5237
5241 5247 5243
5241 5244 5247
5247 5248 5243
5248 5249 5243
5250 5249 5248
5244 5251 5247
5244 5245 5251
5251 5248 5247
5246 5252 5245
5253 5252 5246
5251 5245 5254
5251 5254 5248
5245 5252 5254
5255 5250 5248
5248 5254 5255
5255 5256 5250
5253 5257 5252
5253 5258 5257
5254 5252 5259
5254 5259 5255
5252 5257 5259
5255 5260 5256
5255 5259 5260
5260 5261 5256
5258 5262 5257
5258 5263 5262
5259 5257 5264
5257 5262 5264
5259 5265 5260
5259 5264 5265
5260 5266 5261
5260 5265 5266
5266 5267 5261
5263 5268 5262
5263 5269 5268
5264 5270 5265
5265 5270 5266
5266 5271 5267
5271 5266 5270
5271 5272 5267
5262 5273 5264
5262 5268 5273
5264 5273 5270
5269 5274 5268
5274 5273 5268
5269 5275 5274
5276 5271 5270
5270 5273 5276
5271 5277 5272
5276 5277 5271
5277 5278 5272
5275 5279 5274
5275 5280 5279
5274 5281 5273
5273 5281 5276
5282 5281 5274
5279 5280 5283
5280 5284 5283
5283 5285 5279
5281 5286 5276
5282 5286 5281
5276 5286 5277
5285 5286 5282
5277 5287 5278
5277 5286 5287
5286 5285 5287
5287 5288 5278
5287 5289 5288
5287 5285 5289
5289 5290 5288
5284 5291 5283
5284 5292 5291
5285 5283 5293
5285 5293 5289
5283 5291 5293
5289 5294 5290
5293 5294 5289
5294 5295 5290
5296 5291 5292
5297 5296 5292
5296 5297 5298
5299 5293 5291
5293 5299 5294
5291 5296 5299
5294 5300 5295
5300 5294 5299
5300 5301 5295
5296 5302 5299
5302 5300 5299
5303 5296 5298
5296 5303 5302
5300 5304 5301
5304 5305 5301
5302 5306 5300
5302 5303 5306
5306 5304 5300
5303 5298 5307
5303 5307 5306
5298 5308 5307
5304 5309 5305
5306 5309 5304
5307 5308 5310
5308 5311 5310
5312 5306 5307
5310 5312 5307
5306 5312 5309
5313 5310 5311
5313 5312 5310
5313 5311 5314
5315 5305 5309
5315 5316 5305
5315 5317 5316
5312 5318 5309
5318 5315 5309
5313 5318 5312
5315 5319 5317
5318 5319 5315
5319 5320 5317
5314 5321 5313
5314 5322 5321
5318 5313 5323
5318 5323 5319
5313 5321 5323
5319 5324 5320
5319 5323 5324
5324 5325 5320
5322 5326 5321
5322 5327 5326
5323 5321 5328
5323 5328 5324
5321 5326 5328
5324 5329 5325
5328 5329 5324
5327 5330 5326
5327 5331 5330
5330 5331 5332
5326 5333 5328
5326 5330 5333
5328 5333 5329
5330 5332 5334
5333 5330 5334
5334 5332 5335
5325 5329 5336
5325 5336 5337
5338 5329 5333
5333 5334 5338
5338 5336 5329
5334 5335 5339
5338 5334 5339
5339 5335 5340
5337 5336 5341
5341 5336 5338
5339 5341 5338
5337 5341 5342
5341 5343 5342
5341 5344 5343
5339 5344 5341
5344 5345 5343
5339 5340 5346
5339 5346 5344
5346 5345 5344
5340 5345 5346
5347 5348 5349
5347 5350 5348
5351 5350 5347
5351 5352 5350
5350 5353 5348
5352 5354 5350
5350 5354 5353
5352 5355 5354
5354 5355 5356
5357 5353 5354
5354 5356 5357
5357 5358 5353
5357 5359 5358
5356 5360 5357
5357 5360 5359
5356 5361 5360
5360 5362 5359
5361 5363 5360
5360 5363 5362
5361 5364 5363
5363 5365 5362
5364 5366 5363
5363 5366 5365
5364 5367 5366
5366 5368 5365
5367 5369 5366
5366 5369 5368
5367 5370 5369
5369 5371 5368
5370 5372 5369
5369 5372 5371
5370 5373 5372
5372 5374 5371
5373 5375 5372
5372 5375 5374
5373 5376 5375
5375 5377 5374
5376 5378 5375
5375 5378 5377
5376 5379 5378
5378 5380 5377
5379 5381 5378
5378 5381 5380
5379 5382 5381
5381 5383 5380
5382 5384 5381
5381 5384 5383
5382 5385 5384
5384 5386 5383
5385 5387 5384
5384 5387 5386
5385 5388 5387
5387 5389 5386
5388 5390 5387
5387 5390 5389
5388 5391 5390
5390 5392 5389
5391 5393 5390
5390 5393 5392
5391 5394 5393
5393 5395 5392
5394 5396 5393
5393 5396 5395
5394 5397 5396
5396 5397 5398
5399 5395 5396
5396 5398 5399
5399 5400 5395
5399 5401 5400
5398 5402 5399
5399 5402 5401
5398 5403 5402
5402 5404 5401
5403 5405 5402
5402 5405 5404
5403 5406 5405
5405 5407 5404
5406 5408 5405
5405 5408 5407
5406 5409 5408
5408 5410 5407
5409 5410 5408
5411 5412 5413
5411 5414 5412
5414 5415 5412
5414 5416 5415
5415 5416 5417
5415 5417 5418
5417 5419 5418
5417 5420 5419
5420 5421 5419
5420 5422 5421
5422 5423 5421
5422 5424 5423
5424 5425 5423
5424 5426 5425
5426 5427 5425
5426 5428 5427
5428 5429 5427
5428 5430 5429
5430 5431 5429
5430 5432 5431
5432 5433 5431
5432 5434 5433
5434 5435 5433
5434 5436 5435
5436 5437 5435
5436 5438 5437
5438 5439 5437
5438 5440 5439
5440 5441 5439
5440 5442 5441
5442 5443 5441
5442 5444 5443
5443 5444 5445
5443 5445 5446
5445 5447 5446
5445 5448 5447
5448 5449 5447
5448 5450 5449
5450 5451 5449
5450 5452 5451
5452 5453 5451
5454 5455 5456
5457 5454 5456
5457 5456 5458
5458 5456 5459
5456 5460 5459
5458 5459 5461
5462 5458 5461
5463 5457 5458
5462 5463 5458
5463 5464 5457
5465 5464 5463
5466 5463 5462
5465 5463 5466
5466 5462 5467
5468 5465 5466
5469 5466 5467
5468 5466 5469
5469 5467 5470
5471 5468 5469
5472 5469 5470
5471 5469 5472
5472 5470 5473
5474 5471 5472
5474 5472 5473
5474 5475 5471
5474 5473 5476
5477 5475 5474
5478 5474 5476
5477 5474 5478
5478 5476 5479
5480 5477 5478
5478 5479 5481
5480 5478 5482
5478 5481 5482
5483 5480 5482
5482 5481 5484
5483 5482 5485
5482 5484 5485
5486 5483 5485
5484 5487 5485
5486 5485 5488
5484 5489 5487
5490 5486 5488
5489 5491 5487
5490 5488 5491
5489 5492 5491
5493 5490 5491
5494 5491 5492
5493 5491 5494
5495 5493 5494
5494 5492 5496
5495 5494 5496
5495 5497 5493
5495 5496 5498
5499 5497 5495
5498 5500 5495
5499 5495 5501
5500 5501 5495
5502 5499 5501
5503 5501 5500
5502 5501 5503
5503 5500 5504
5505 5502 5503
5506 5503 5504
5505 5503 5506
5506 5504 5507
5508 5505 5506
5509 5506 5507
5508 5506 5509
5509 5507 5510
5511 5508 5509
5512 5509 5510
5511 5509 5512
5512 5510 5513
5514 5512 5513
5515 5511 5512
5514 5515 5512
5515 5516 5511
5517 5516 5515
5518 5515 5514
5517 5515 5518
5518 5514 5519
5520 5517 5518
5521 5518 5519
5520 5518 5521
5521 5519 5522
5523 5521 5522
5524 5520 5521
5523 5524 5521
5524 5525 5520
5526 5525 5524
5527 5524 5523
5526 5524 5527
5527 5523 5528
5529 5526 5527
5528 5530 5527
5529 5527 5531
5530 5531 5527
5531 5532 5529
5533 5531 5530
5531 5534 5532
5533 5534 5531
5535 5536 5537
5535 5537 5538
5539 5535 5538
5539 5538 5540
5539 5540 5541
5539 5541 5542
5542 5543 5539
5543 5535 5539
5542 5544 5543
5543 5545 5535
5545 5546 5535
5546 5547 5537
5545 5548 5546
5546 5549 5547
5548 5549 5546
5548 5550 5549
5549 5551 5547
5550 5552 5549
5549 5552 5551
5550 5553 5552
5552 5554 5551
5553 5554 5552
5553 5555 5554
5554 5556 5551
5557 5554 5555
5558 5556 5554
5557 5558 5554
5558 5559 5556
5557 5560 5558
5558 5561 5559
5560 5562 5558
5558 5562 5561
5562 5560 5563
5564 5561 5562
5562 5563 5564
5564 5565 5561
5564 5566 5565
5563 5567 5564
5564 5568 5566
5563 5569 5567
5568 5570 5566
5569 5571 5567
5568 5571 5570
5569 5572 5571
5571 5572 5573
5574 5570 5571
5571 5573 5574
5574 5575 5570
5574 5576 5575
5573 5577 5574
5574 5577 5576
5573 5578 5577
5577 5579 5576
5578 5580 5577
5577 5581 5579
5580 5581 5577
5581 5582 5579
5580 5583 5581
5583 5584 5581
5583 5585 5584
5581 5586 5582
5586 5587 5582
5585 5588 5586
5586 5588 5587
5588 5585 5589
5590 5587 5588
5588 5589 5590
5590 5591 5587
5590 5592 5591
5589 5593 5590
5590 5593 5592
5589 5594 5593
5595 5592 5593
5593 5594 5596
5595 5593 5597
5593 5596 5597
5598 5599 5600
5598 5600 5601
5602 5598 5601
5602 5601 5603
5601 5604 5603
5600 5605 5601
5601 5605 5604
5600 5606 5605
5605 5607 5604
5606 5608 5605
5605 5608 5607
5606 5609 5608
5608 5610 5607
5609 5611 5608
5608 5611 5610
5609 5612 5611
5611 5613 5610
5612 5614 5611
5611 5614 5613
5612 5615 5614
5614 5616 5613
5615 5617 5614
5614 5617 5616
5615 5618 5617
5617 5619 5616
5618 5620 5617
5617 5620 5619
5618 5621 5620
5620 5622 5619
5621 5623 5620
5620 5623 5622
5621 5624 5623
5623 5624 5625
5622 5623 5626
5623 5625 5626
5622 5626 5627
5626 5628 5627
5625 5629 5626
5626 5629 5628
5625 5630 5629
5629 5631 5628
5630 5632 5629
5629 5632 5631
5630 5633 5632
5632 5633 5634
5631 5632 5635
5632 5634 5635
5636 5631 5635
5635 5637 5636
5634 5638 5635
5635 5638 5637
5634 5639 5638
5637 5638 5640
5639 5641 5638
5638 5641 5640
5639 5642 5641
5641 5643 5640
5642 5644 5641
5641 5644 5643
5642 5645 5644
5644 5646 5643
5645 5646 5644
5643 5646 5647
5645 5648 5646
5646 5649 5647
5648 5649 5646
5649 5650 5647
5648 5651 5649
5649 5652 5650
5651 5653 5649
5649 5653 5652
5651 5654 5653
5653 5655 5652
5654 5656 5653
5653 5656 5655
5657 5658 5659
5660 5659 5658
5660 5658 5661
5662 5660 5661
5661 5658 5663
5661 5663 5664
5661 5664 5665
5663 5658 5666
5667 5663 5666
5658 5668 5666
5669 5668 5659
5661 5665 5670
5662 5661 5670
5670 5665 5671
5672 5667 5666
5668 5672 5666
5672 5673 5667
5669 5674 5668
5668 5674 5672
5669 5675 5674
5676 5674 5675
5662 5670 5677
5670 5671 5677
5662 5677 5678
5679 5677 5671
5676 5680 5674
5672 5674 5680
5681 5680 5676
5682 5673 5672
5672 5680 5682
5682 5683 5673
5684 5678 5677
5679 5684 5677
5684 5685 5678
5686 5684 5679
5687 5685 5684
5686 5687 5684
5687 5688 5685
5689 5688 5687
5686 5690 5687
5690 5689 5687
5686 5691 5690
5690 5691 5692
5689 5690 5693
5690 5692 5693
5689 5693 5694
5695 5693 5692
5696 5694 5693
5695 5696 5693
5696 5695 5697
5696 5698 5694
5698 5696 5699
5700 5701 5702
5703 5700 5702
5703 5702 5704
5705 5703 5704
5705 5704 5706
5707 5705 5706
5707 5706 5708
5709 5707 5708
5709 5708 5710
5711 5709 5710
5711 5710 5712
5713 5711 5712
5713 5712 5714
5715 5713 5714
5715 5714 5716
5717 5715 5716
5717 5716 5718
5717 5718 5719
5717 5719 5720
5720 5719 5721
5720 5721 5722
5723 5722 5721
5723 5724 5722
5724 5723 5725
5724 5725 5726
5726 5725 5683
5726 5683 5682
5682 5727 5726
5727 5724 5726
5682 5680 5727
5681 5727 5680
5727 5728 5724
5681 5728 5727
5722 5724 5728
5681 5729 5728
5728 5729 5730
5728 5730 5731
5731 5722 5728
5731 5730 5732
5722 5731 5733
5720 5722 5733
5731 5732 5734
5731 5734 5733
5734 5732 5735
5720 5733 5736
5720 5736 5717
5733 5734 5737
5734 5735 5737
5733 5737 5736
5738 5737 5735
5738 5736 5737
5738 5735 5739
5736 5740 5717
5738 5740 5736
5741 5740 5738
5740 5715 5717
5715 5740 5741
5742 5715 5741
5741 5738 5743
5744 5742 5741
5744 5745 5742
5744 5746 5745
5744 5747 5746
5747 5748 5746
5747 5749 5748
5749 5750 5748
5751 5741 5743
5752 5744 5741
5751 5752 5741
5753 5751 5743
5753 5743 5754
5751 5753 5755
5751 5755 5752
5744 5752 5756
5756 5752 5755
5747 5744 5756
5756 5755 5757
5756 5758 5747
5758 5756 5757
5758 5749 5747
5758 5757 5759
5760 5758 5759
5760 5749 5758
5760 5759 5761
5760 5762 5749
5749 5762 5750
5760 5761 5763
5762 5760 5763
5761 5764 5763
5763 5764 5765
5766 5750 5762
5762 5763 5766
5766 5767 5750
5768 5763 5765
5766 5763 5768
5768 5765 5769
5767 5766 5770
5766 5768 5770
5767 5770 5771
5770 5772 5771
5773 5768 5769
5773 5770 5768
5773 5769 5774
5770 5775 5772
5773 5775 5770
5775 5776 5772
5777 5773 5774
5775 5773 5777
5774 5778 5777
5778 5779 5777
5775 5780 5776
5780 5775 5777
5779 5780 5777
5781 5776 5780
5781 5780 5782
5779 5782 5780
5781 5782 5783
5782 5779 5783
5781 5783 5784
5784 5783 5785
5785 5786 5784
5786 5787 5784
5788 5789 5785
5790 5788 5785
5779 5788 5790
5788 5779 5791
5792 5788 5791
5793 5792 5794
5795 5793 5794
5796 5797 5798
5799 5796 5798
5800 5796 5799
5801 5800 5799
5801 5802 5800
5801 5803 5802
5803 5804 5802
5803 5805 5804
5805 5806 5804
5805 5807 5806
5807 5808 5806
5807 5809 5808
5809 5810 5808
5809 5811 5810
5811 5812 5810
5813 5803 5801
5814 5813 5801
5814 5801 5799
5813 5815 5803
5815 5805 5803
5815 5816 5805
5816 5807 5805
5816 5817 5807
5817 5809 5807
5817 5818 5809
5818 5811 5809
5819 5814 5799
5818 5820 5811
5819 5799 5821
5798 5821 5799
5822 5819 5821
5823 5811 5820
5823 5820 5824
5811 5823 5812
5823 5824 5825
5826 5821 5798
5822 5821 5826
5822 5826 5827
5826 5798 5828
5827 5826 5828
5829 5822 5827
5830 5827 5828
5831 5829 5827
5827 5830 5832
5831 5827 5833
5827 5832 5833
5812 5823 5834
5823 5825 5834
5812 5834 5835
5834 5836 5835
5825 5837 5834
5834 5837 5836
5837 5838 5836
5837 5839 5838
5838 5839 5840
5838 5840 5841
5840 5842 5841
5843 5844 5845
5843 5846 5844
5846 5847 5844
5846 5848 5847
5848 5849 5847
5848 5850 5849
5849 5850 5851
5852 5849 5851
5851 5853 5852
5851 5854 5853
5854 5855 5853
5854 5856 5855
5856 5857 5855
5856 5858 5857
5858 5859 5857
5858 5860 5859
5860 5861 5859
5860 5862 5861
5862 5863 5861
5862 5864 5863
5864 5865 5863
5864 5866 5865
5865 5866 5867
5865 5867 5868
5867 5869 5868
5867 5870 5869
5870 5871 5869
5870 5872 5871
5872 5873 5871
5872 5874 5873
5874 5875 5873
5876 5877 5878
5879 5876 5878
5879 5878 5880
5879 5880 5881
5882 5876 5879
5882 5883 5876
5883 5884 5876
5885 5882 5879
5879 5881 5885
5885 5886 5882
5887 5886 5885
5888 5885 5881
5887 5885 5888
5888 5881 5889
5890 5887 5888
5891 5888 5889
5890 5888 5891
5891 5889 5892
5893 5890 5891
5894 5891 5892
5893 5891 5894
5894 5892 5895
5896 5893 5894
5897 5894 5895
5896 5894 5897
5897 5895 5898
5899 5896 5897
5900 5897 5898
5899 5897 5900
5900 5898 5901
5902 5899 5900
5900 5901 5903
5902 5900 5904
5904 5900 5903
5905 5902 5904
5903 5906 5904
5905 5904 5907
5906 5907 5904
5907 5908 5905
5906 5909 5907
5907 5909 5908
5906 5910 5909
5911 5908 5909
5912 5909 5910
5911 5909 5912
5912 5910 5913
5914 5911 5912
5915 5912 5913
5914 5912 5915
5915 5913 5916
5917 5914 5915
5918 5915 5916
5917 5915 5918
5918 5916 5919
5920 5917 5918
5921 5918 5919
5920 5918 5921
5921 5919 5922
5923 5920 5921
5924 5921 5922
5923 5921 5924
5924 5922 5925
5926 5923 5924
5927 5924 5925
5926 5924 5927
5927 5925 5928
5929 5926 5927
5930 5927 5928
5929 5927 5930
5930 5928 5931
5932 5929 5930
5933 5930 5931
5932 5930 5933
5933 5931 5934
5933 5934 5935
5936 5932 5933
5933 5935 5936
5936 5937 5932
5938 5937 5936
5939 5936 5935
5938 5936 5939
5939 5935 5940
5941 5938 5939
5942 5939 5940
5941 5939 5942
5942 5940 5943
5942 5943 5944
5945 5941 5942
5942 5944 5945
5945 5946 5941
5947 5946 5945
5948 5945 5944
5947 5945 5948
5948 5944 5949
5950 5947 5948
5951 5948 5949
5950 5948 5951
5951 5949 5952
5951 5952 5953
5951 5953 5954
5954 5950 5951
5954 5955 5950
5956 5957 5958
5956 5958 5959
5960 5956 5959
5961 5959 5958
5960 5959 5962
5961 5963 5959
5963 5962 5959
5963 5961 5964
5963 5965 5962
5963 5964 5966
5965 5963 5967
5965 5967 5968
5969 5966 5964
5970 5968 5967
5969 5970 5966
5970 5971 5968
5971 5970 5972
5969 5973 5970
5970 5973 5972
5969 5974 5973
5972 5973 5975
5974 5975 5973
5976 5972 5975
5974 5977 5975
5975 5978 5976
5977 5979 5975
5975 5979 5978
5977 5980 5979
5979 5981 5978
5980 5982 5979
5979 5982 5981
5980 5983 5982
5982 5983 5984
5981 5982 5985
5982 5984 5985
5981 5985 5986
5985 5984 5987
5986 5985 5988
5985 5987 5988
5986 5988 5989
5987 5990 5988
5989 5988 5990
5991 5989 5990
5987 5992 5990
5990 5993 5991
5992 5994 5990
5990 5994 5993
5992 5995 5994
5994 5996 5993
5995 5997 5994
5994 5998 5996
5997 5998 5994
5998 5999 5996
5997 6000 5998
5998 6001 5999
6000 6001 5998
6001 6002 5999
6000 6003 6001
6001 6003 6002
6000 6004 6003
6002 6003 6005
6004 6005 6003
6006 6002 6005
6004 6007 6005
6006 6005 6008
6007 6008 6005
6009 6006 6008
6007 6010 6008
6010 6011 6008
6008 6012 6009
6008 6011 6012
6012 6011 6013
6014 6012 6013
6015 6014 6013
6016 6015 6013
6016 6017 6015
6016 6018 6017
6017 6018 6019
6020 6017 6019
6020 6019 6021
6022 6020 6021
6023 6022 6021
6023 6024 6022
6023 6025 6024
6023 6026 6025
6027 6025 6026
6027 6028 6025
6027 6029 6028
6027 6030 6029
6029 6030 6031
6029 6031 6032
6032 6031 6033
6032 6033 6034
6033 6035 6034
6033 6036 6035
6036 6037 6035
6038 6039 6040
6041 6038 6040
6041 6040 6042
6043 6041 6042
6043 6042 6044
6043 6044 6045
6043 6045 6046
6046 6045 6047
6046 6047 6048
6048 6047 6049
6049 6047 6050
6050 6051 6049
6050 6052 6051
6053 6051 6052
6053 6052 6054
6054 6055 6053
6054 6056 6055
6057 6055 6056
6056 6054 6058
6059 6058 6054
6054 6060 6059
6059 6060 6061
6062 6061 6060
6063 6061 6062
6062 6064 6063
6064 6065 6063
6064 6066 6065
6065 6066 6067
6057 6056 6068
6057 6068 6069
6057 6069 6070
6070 6069 6071
6070 6071 6072
6073 6072 6071
6074 6072 6073
6073 6075 6074
6074 6075 6076
6077 6076 6075
6077 6075 6078
6077 6078 6079
6073 6080 6075
6080 6078 6075
6071 6081 6073
6081 6080 6073
6080 6081 6082
6069 6083 6071
6084 6081 6071
6085 6083 6069
6085 6084 6083
6068 6085 6069
6085 6068 6086
6056 6086 6068
6080 6087 6078
6080 6082 6087
6088 6081 6084
6081 6088 6082
6089 6084 6085
6085 6086 6089
6056 6090 6086
6056 6058 6090
6088 6084 6091
6084 6089 6091
6092 6088 6091
6092 6091 6089
6082 6088 6093
6092 6093 6088
6094 6090 6058
6059 6094 6058
6094 6095 6090
6059 6096 6094
6095 6097 6090
6097 6086 6090
6098 6097 6095
6089 6086 6099
6097 6099 6086
6092 6089 6100
6089 6099 6100
6096 6059 6101
6059 6061 6101
6099 6097 6102
6100 6099 6102
6092 6100 6103
6103 6093 6092
6098 6104 6097
6102 6097 6104
6105 6096 6101
6105 6098 6096
6103 6100 6106
6100 6102 6106
6061 6107 6101
6105 6101 6108
6107 6108 6101
6061 6109 6107
6109 6061 6063
6063 6110 6109
6063 6065 6110
6111 6110 6065
6110 6112 6109
6109 6112 6107
6112 6110 6111
6111 6065 6113
6065 6067 6113
6067 6114 6113
6067 6115 6114
6114 6115 6116
6117 6113 6114
6117 6111 6113
6111 6117 6118
6119 6111 6118
6114 6116 6120
6121 6114 6120
6122 6121 6120
6123 6120 6116
6123 6116 6124
6120 6125 6122
6125 6120 6123
6126 6119 6122
6122 6125 6126
6111 6119 6127
6112 6111 6127
6124 6128 6123
6124 6129 6128
6130 6128 6129
6130 6131 6128
6132 6131 6130
6132 6133 6131
6134 6133 6132
6134 6135 6133
6136 6135 6134
6136 6137 6135
6137 6136 6138
6137 6138 6139
6138 6140 6139
6128 6141 6123
6142 6128 6131
6142 6141 6128
6143 6131 6133
6143 6142 6131
6144 6133 6135
6144 6143 6133
6145 6135 6137
6145 6144 6135
6143 6146 6142
6141 6142 6146
6143 6147 6146
6144 6147 6143
6148 6147 6144
6144 6145 6148
6141 6146 6149
6145 6150 6148
6141 6149 6151
6152 6145 6137
6152 6150 6145
6153 6150 6152
6152 6137 6139
6152 6154 6153
6154 6152 6139
6153 6154 6155
6141 6151 6156
6123 6141 6156
6125 6123 6156
6125 6156 6151
6125 6151 6126
6157 6126 6151
6158 6126 6157
6158 6157 6159
6158 6119 6126
6158 6159 6160
6158 6161 6119
6160 6161 6158
6162 6161 6160
6127 6119 6161
6161 6162 6127
6127 6162 6163
6163 6112 6127
6164 6112 6163
6164 6107 6112
6164 6165 6107
6107 6165 6108
6165 6166 6108
6167 6108 6166
6105 6108 6167
6168 6105 6167
6169 6105 6168
6098 6105 6169
6168 6104 6169
6104 6098 6169
6168 6170 6104
6104 6170 6102
6102 6170 6171
6171 6106 6102
6172 6106 6171
6173 6106 6172
6173 6103 6106
6103 6173 6174
6103 6174 6093
6173 6175 6174
6174 6176 6093
6174 6175 6176
6173 6177 6175
6178 6177 6173
6093 6176 6179
6082 6093 6179
6176 6175 6180
6177 6180 6175
6082 6179 6181
6082 6181 6182
6082 6182 6087
6176 6183 6179
6181 6179 6184
6179 6183 6184
6182 6181 6185
6184 6185 6181
6186 6087 6182
6182 6185 6186
6176 6187 6183
6180 6187 6176
6188 6184 6183
6187 6188 6183
6189 6087 6186
6189 6078 6087
6190 6185 6184
6190 6184 6188
6191 6078 6189
6079 6078 6191
6079 6191 6192
6189 6192 6191
6079 6192 6193
6193 6192 6194
6193 6194 6195
6194 6196 6195
6195 6196 6197
6192 6198 6194
6194 6198 6199
6199 6196 6194
6198 6192 6200
6189 6200 6192
6201 6196 6199
6196 6201 6202
6200 6189 6203
6203 6189 6186
6202 6204 6196
6204 6202 6205
6204 6205 6206
6197 6196 6207
6196 6204 6207
6204 6206 6208
6207 6204 6208
6206 6209 6208
6197 6207 6210
6210 6207 6208
6211 6197 6210
6212 6200 6203
6213 6200 6212
6186 6214 6203
6214 6212 6203
6186 6185 6214
6215 6213 6212
6216 6213 6215
6215 6217 6216
6208 6209 6218
6210 6208 6218
6210 6219 6211
6219 6210 6218
6211 6219 6220
6221 6220 6219
6219 6222 6221
6219 6218 6222
6209 6222 6218
6223 6222 6209
6223 6224 6222
6222 6224 6225
6222 6225 6226
6227 6217 6228
6229 6217 6230
6230 6231 6229
6232 6230 6228
6233 6232 6228
6212 6233 6228
6233 6212 6214
6234 6233 6214
6185 6234 6214
6185 6190 6234
6234 6190 6235
6235 6190 6188
6236 6231 6230
6237 6231 6236
6231 6237 6238
6230 6239 6236
6232 6239 6230
6236 6239 6237
6240 6238 6237
6241 6238 6240
6239 6242 6237
6237 6242 6240
6232 6243 6239
6243 6242 6239
6244 6241 6240
6245 6241 6244
6246 6240 6242
6246 6244 6240
6245 6244 6247
6248 6245 6247
6249 6247 6244
6249 6244 6246
6250 6248 6247
6250 6247 6249
6250 6251 6248
6250 6249 6252
6249 6253 6252
6249 6246 6253
6254 6252 6253
6246 6242 6255
6246 6255 6253
6253 6255 6254
6255 6242 6243
6254 6255 6256
6243 6256 6255
6257 6254 6256
6257 6258 6254
6254 6258 6259
6257 6256 6260
6260 6256 6261
6261 6256 6243
6261 6262 6260
6243 6263 6261
6232 6263 6243
6233 6263 6232
6264 6262 6261
6261 6263 6264
6233 6265 6263
6265 6264 6263
6234 6265 6233
6266 6262 6264
6266 6264 6265
6234 6266 6265
6267 6262 6266
6235 6266 6234
6235 6267 6266
6235 6268 6267
6268 6235 6188
6268 6188 6269
6269 6188 6187
6269 6187 6270
6270 6187 6180
6180 6271 6270
6272 6271 6180
6177 6272 6180
6272 6177 6273
6273 6177 6274
6274 6275 6273
6272 6273 6276
6272 6276 6271
6273 6275 6277
6276 6273 6277
6277 6275 6278
6277 6278 6279
6280 6277 6279
6276 6277 6280
6280 6279 6281
6282 6280 6281
6271 6283 6270
6283 6284 6270
6285 6284 6283
6276 6286 6271
6280 6286 6276
6271 6286 6283
6282 6287 6280
6287 6286 6280
6283 6286 6288
6288 6286 6287
6282 6289 6287
6288 6287 6289
6282 6290 6289
6290 6291 6289
6288 6289 6291
6292 6291 6290
6285 6283 6293
6283 6288 6293
6288 6291 6294
6288 6294 6293
6295 6285 6293
6293 6294 6295
6295 6296 6285
6297 6296 6295
6298 6291 6292
6294 6291 6298
6297 6295 6299
6300 6297 6299
6295 6294 6301
6294 6298 6301
6301 6299 6295
6302 6298 6292
6301 6298 6302
6302 6292 6303
6299 6301 6304
6301 6302 6304
6302 6303 6305
6305 6304 6302
6305 6303 6306
6300 6299 6307
6299 6304 6307
6305 6308 6304
6308 6307 6304
6305 6306 6309
6309 6308 6305
6310 6309 6306
6311 6309 6310
6308 6309 6311
6311 6312 6308
6308 6312 6313
6313 6307 6308
6313 6300 6307
6313 6314 6300
6313 6315 6314
6316 6317 6318
6316 6319 6317
6320 6319 6316
6321 6319 6320
6321 6320 6322
6323 6322 6320
6324 6322 6323
6325 6324 6323
6325 6326 6324
6326 6325 6327
6326 6327 6328
6328 6327 6329
6328 6329 6330
6329 6331 6330
6329 6332 6331
6331 6332 6333
6331 6333 6334
6334 6333 6335
6334 6335 6336
6337 6338 6339
6340 6337 6339
6340 6341 6337
6342 6341 6340
6341 6342 6343
6342 6344 6343
6343 6344 6345
6346 6345 6344
6345 6346 6347
6347 6346 6348
6346 6349 6348
6350 6348 6349
6350 6349 6351
6352 6350 6351
6352 6351 6353
6354 6352 6353
6354 6355 6352
6356 6355 6354
6357 6358 6359
6357 6359 6360
6360 6359 6361
6357 6360 6362
6357 6362 6363
6364 6363 6362
6364 6362 6365
6360 6361 6366
6362 6360 6366
6366 6361 6367
6365 6362 6368
6362 6366 6368
6365 6368 6369
6370 6369 6368
6366 6367 6371
6368 6366 6371
6371 6367 6372
6370 6368 6373
6368 6371 6373
6373 6374 6370
6371 6372 6375
6371 6375 6373
6375 6372 6376
6374 6373 6377
6373 6375 6377
6374 6377 6378
6375 6376 6379
6375 6379 6377
6379 6376 6380
6377 6381 6378
6378 6381 6382
6381 6383 6382
6377 6379 6384
6379 6383 6384
6382 6383 6385
6383 6386 6385
6379 6380 6387
6387 6383 6379
6387 6380 6388
6387 6388 6389
6387 6389 6383
6389 6388 6390
6391 6386 6383
6383 6389 6391
6389 6390 6392
6391 6389 6392
6392 6390 6393
6386 6391 6394
6391 6392 6394
6386 6394 6395
6392 6393 6396
6394 6392 6396
6396 6393 6397
6395 6394 6398
6394 6396 6398
6395 6398 6399
6398 6400 6399
6396 6397 6401
6401 6397 6402
6398 6396 6403
6403 6400 6398
6403 6396 6401
6401 6402 6404
6403 6401 6404
6405 6400 6403
6403 6404 6405
6404 6406 6405
6407 6400 6405
6406 6407 6408
6409 6407 6406
6406 6410 6409
6411 6404 6402
6404 6411 6406
6411 6402 6412
6411 6412 6413
6411 6413 6414
6406 6411 6414
6414 6413 6415
6416 6410 6406
6406 6414 6416
6414 6415 6417
6416 6414 6417
6417 6415 6418
6417 6418 6419
6410 6416 6420
6416 6417 6420
6420 6417 6419
6410 6420 6421
6421 6420 6422
6420 6419 6422
6421 6422 6423
6423 6422 6424
6422 6419 6424
6419 6425 6424
6426 6427 6428
6426 6098 6427
6429 6430 6431
6429 6431 6432
6433 6432 6431
6433 6431 6434
6433 6434 6435
6433 6435 6436
6436 6435 6437
6436 6437 6438
6438 6437 6439
6438 6439 6440
6440 6439 6441
6440 6441 6442
6442 6441 6443
6442 6443 6444
6444 6443 6445
6444 6445 6446
6446 6445 6447
6446 6447 6448
6448 6447 6449
6448 6449 6450
6450 6449 6451
6450 6451 6452
6453 6452 6451
6453 6451 6454
6453 6454 6455
6453 6455 6456
6456 6455 6457
6456 6457 6458
6458 6457 6459
6458 6459 6460
6460 6459 6461
6460 6461 6462
6462 6461 6463
6462 6463 6464
6464 6463 6465
6464 6465 6466
6465 6467 6466
6465 6468 6467
6468 6469 6467
6470 6471 6472
6470 6472 6473
6474 6473 6472
6474 6472 6475
6474 6475 6476
6474 6476 6477
6477 6476 6478
6477 6478 6479
6479 6478 6480
6479 6480 6481
6481 6480 6482
6481 6482 6483
6483 6482 6484
6483 6484 6485
6485 6484 6486
6485 6486 6487
6487 6486 6488
6487 6488 6489
6489 6488 6490
6489 6490 6491
6491 6490 6492
6491 6492 6493
6494 6493 6492
6494 6492 6495
6494 6495 6496
6494 6496 6497
6497 6496 6498
6497 6498 6499
6499 6498 6500
6499 6500 6501
6501 6500 6502
6501 6502 6503
6503 6502 6504
6503 6504 6505
6505 6504 6506
6505 6506 6507
6506 6508 6507
6506 6509 6508
6509 6510 6508
6511 6512 6513
6514 6511 6513
6514 6515 6511
6516 6511 6515
6517 6511 6516
6514 6518 6515
6519 6517 6516
6518 6514 6520
6518 6520 6521
6521 6520 6522
6521 6522 6523
6523 6522 6524
6523 6524 6525
6524 6526 6525
6524 6527 6526
6527 6528 6526
6522 6529 6524
6529 6527 6524
6520 6530 6522
6522 6530 6529
6514 6531 6520
6531 6530 6520
6527 6532 6528
6532 6533 6528
6529 6534 6527
6534 6532 6527
6530 6535 6529
6534 6529 6535
6536 6531 6514
6514 6513 6536
6531 6537 6530
6530 6537 6535
6532 6538 6533
6533 6538 6539
6538 6540 6539
6532 6540 6538
6540 6541 6539
6532 6542 6540
6542 6541 6540
6532 6534 6542
6542 6543 6541
6544 6543 6542
6542 6534 6545
6544 6542 6545
6534 6535 6545
6546 6544 6545
6546 6545 6535
6537 6546 6535
6537 6547 6546
6548 6547 6537
6548 6537 6531
6548 6549 6547
6536 6548 6531
6550 6549 6548
6536 6550 6548
6550 6551 6549
6550 6552 6551
6536 6553 6550
6550 6553 6552
6513 6553 6536
6554 6552 6553
6554 6555 6552
6556 6553 6513
6556 6554 6553
6513 6517 6556
6557 6555 6554
6556 6557 6554
6557 6558 6555
6559 6556 6517
6559 6517 6519
6560 6556 6559
6560 6557 6556
6559 6519 6561
6561 6560 6559
6561 6519 6562
6562 6563 6561
6564 6558 6557
6564 6565 6558
6560 6566 6557
6561 6566 6560
6557 6566 6564
6561 6563 6567
6567 6566 6561
6568 6567 6563
6569 6565 6564
6569 6570 6565
6571 6564 6566
6566 6567 6571
6571 6569 6564
6568 6572 6567
6572 6571 6567
6573 6572 6568
6574 6570 6569
6574 6575 6570
6576 6569 6571
6576 6571 6572
6574 6569 6576
6577 6572 6573
6572 6577 6576
6578 6577 6573
6579 6575 6574
6579 6580 6575
6581 6574 6576
6576 6577 6581
6579 6574 6581
6578 6582 6577
6583 6582 6578
6584 6580 6579
6584 6585 6580
6586 6579 6581
6586 6584 6579
6577 6587 6581
6577 6582 6587
6587 6586 6581
6583 6588 6582
6589 6588 6583
6582 6590 6587
6590 6586 6587
6582 6588 6590
6589 6591 6588
6591 6590 6588
6592 6591 6589
6593 6585 6584
6593 6594 6585
6586 6595 6584
6595 6586 6590
6584 6595 6593
6592 6596 6591
6597 6596 6592
6591 6598 6590
6598 6595 6590
6596 6598 6591
6599 6594 6593
6599 6600 6594
6601 6593 6595
6598 6601 6595
6599 6593 6601
6602 6601 6598
6602 6598 6596
6602 6599 6601
6597 6603 6596
6603 6602 6596
6597 6604 6603
6605 6600 6599
6605 6599 6602
6605 6606 6600
6604 6607 6603
6604 6608 6607
6609 6602 6603
6609 6605 6602
6607 6609 6603
6605 6610 6606
6610 6605 6609
6606 6610 6611
6610 6612 6611
6613 6610 6609
6613 6609 6607
6614 6612 6610
6613 6614 6610
6615 6613 6607
6615 6614 6613
6616 6612 6614
6616 6614 6615
6616 6617 6612
6618 6617 6616
6618 6616 6619
6615 6619 6616
6620 6618 6619
6615 6607 6621
6608 6621 6607
6615 6622 6619
6622 6615 6621
6623 6621 6608
6622 6621 6623
6623 6608 6624
6625 6623 6624
6625 6622 6623
6625 6624 6626
6627 6625 6626
6620 6619 6628
6622 6628 6619
6627 6629 6625
6630 6629 6627
6625 6631 6622
6622 6631 6628
6629 6631 6625
6632 6620 6628
6631 6632 6628
6632 6633 6620
6630 6634 6629
6635 6634 6630
6629 6636 6631
6631 6636 6632
6634 6636 6629
6637 6633 6632
6632 6636 6637
6637 6638 6633
6635 6639 6634
6640 6639 6635
6634 6641 6636
6637 6636 6641
6639 6641 6634
6642 6638 6637
6642 6643 6638
6637 6641 6644
6639 6644 6641
6637 6644 6642
6640 6645 6639
6645 6644 6639
6646 6643 6642
6646 6647 6643
6646 6648 6647
6649 6642 6644
6649 6646 6642
6645 6649 6644
6649 6650 6646
6649 6651 6650
6645 6651 6649
6646 6652 6648
6645 6653 6651
6640 6654 6645
6645 6654 6653
6640 6655 6654
6656 6654 6655
6652 6657 6648
6648 6657 6658
6659 6657 6652
6660 6653 6654
6656 6660 6654
6660 6659 6653
6661 6660 6656
6662 6658 6657
6663 6658 6662
6659 6664 6657
6660 6664 6659
6662 6657 6664
6661 6665 6660
6665 6664 6660
6662 6664 6665
6666 6665 6661
6662 6667 6663
6665 6667 6662
6663 6667 6668
6666 6669 6665
6665 6669 6667
6670 6669 6666
6671 6669 6670
6671 6667 6669
6671 6672 6667
6672 6668 6667
6673 6668 6672
6674 6675 6676
6674 6676 6677
6678 6674 6677
6678 6677 6679
6677 6676 6680
6679 6677 6681
6677 6680 6681
6679 6681 6682
6681 6683 6682
6684 6681 6680
6681 6684 6683
6684 6680 6685
6684 6685 6686
6683 6684 6687
6684 6686 6687
6683 6687 6688
6687 6686 6689
6688 6687 6690
6687 6689 6690
6688 6690 6691
6690 6689 6692
6691 6690 6693
6690 6692 6693
6691 6693 6694
6693 6692 6695
6694 6693 6696
6693 6695 6696
6694 6696 6697
6696 6695 6698
6697 6696 6699
6696 6698 6699
6697 6699 6700
6699 6698 6701
6700 6699 6702
6699 6701 6702
6700 6702 6703
6702 6701 6704
6703 6702 6705
6702 6704 6705
6703 6705 6706
6705 6704 6707
6706 6705 6708
6705 6707 6708
6706 6708 6709
6708 6707 6710
6709 6708 6711
6708 6710 6711
6709 6711 6712
6711 6710 6713
6712 6711 6714
6711 6713 6714
6712 6714 6715
6714 6713 6716
6715 6714 6717
6714 6716 6717
6715 6717 6718
6717 6716 6719
6718 6717 6720
6717 6719 6720
6718 6720 6721
6720 6719 6722
6721 6720 6723
6720 6722 6723
6721 6723 6724
6723 6725 6724
6726 6723 6722
6723 6726 6725
6726 6722 6727
6726 6727 6728
6725 6726 6729
6726 6728 6729
6725 6729 6730
6729 6728 6731
6730 6729 6732
6729 6731 6732
6730 6732 6733
6732 6731 6734
6733 6732 6735
6732 6734 6735
6733 6735 6736
6735 6734 6737
6736 6735 6737
6738 6739 6740
6738 6740 6741
6741 6740 6742
6741 6742 6743
6742 6744 6743
6742 6745 6744
6744 6745 6746
6744 6746 6747
6747 6746 6748
6747 6748 6749
6749 6748 6750
6749 6750 6751
6751 6750 6752
6751 6752 6753
6753 6752 6754
6753 6754 6755
6755 6754 6756
6755 6756 6757
6757 6756 6758
6757 6758 6759
6759 6758 6760
6759 6760 6761
6761 6760 6762
6761 6762 6763
6763 6762 6764
6763 6764 6765
6765 6764 6766
6765 6766 6767
6767 6766 6768
6767 6768 6769
6769 6768 6770
6769 6770 6771
6770 6772 6771
6770 6773 6772
6772 6773 6774
6772 6774 6775
6775 6774 6776
6775 6776 6777
6777 6776 6778
6777 6778 6779
6779 6778 6780
6781 6782 6783
6781 6783 6784
6784 6783 6785
6784 6785 6786
6785 6787 6786
6785 6788 6787
6787 6788 6789
6787 6789 6790
6790 6789 6791
6790 6791 6792
6792 6791 6793
6792 6793 6794
6794 6793 6795
6794 6795 6796
6796 6795 6797
6796 6797 6798
6798 6797 6799
6798 6799 6800
6800 6799 6801
6800 6801 6802
6802 6801 6803
6802 6803 6804
6804 6803 6805
6804 6805 6806
6806 6805 6807
6806 6807 6808
6808 6807 6809
6808 6809 6810
6810 6809 6811
6810 6811 6812
6812 6811 6813
6812 6813 6814
6813 6815 6814
6813 6816 6815
6815 6816 6817
6815 6817 6818
6818 6817 6819
6818 6819 6820
6820 6819 6821
6820 6821 6822
6822 6821 6823
6824 6825 6826
6827 6825 6824
6827 6828 6825
6828 6829 6825
6825 6829 6830
6828 6831 6829
6832 6831 6828
6833 6828 6827
6832 6828 6833
6833 6827 6834
6835 6833 6834
6836 6832 6833
6835 6836 6833
6836 6837 6832
6838 6836 6835
6839 6837 6836
6838 6839 6836
6839 6840 6837
6841 6839 6838
6842 6840 6839
6841 6842 6839
6842 6843 6840
6844 6842 6841
6844 6841 6845
6846 6843 6842
6847 6846 6845
6846 6848 6843
6847 6849 6846
6849 6848 6846
6849 6850 6848
6851 6849 6847
6849 6852 6850
6851 6853 6849
6849 6853 6852
6854 6853 6851
6853 6855 6852
6854 6856 6853
6853 6856 6855
6857 6856 6854
6855 6856 6858
6857 6858 6856
6855 6858 6859
6860 6858 6857
6859 6858 6861
6860 6861 6858
6859 6861 6862
6863 6861 6860
6864 6862 6861
6863 6864 6861
6865 6864 6863
6864 6866 6862
6865 6866 6864
6865 6863 6867
6865 6868 6866
6869 6865 6867
6868 6865 6870
6869 6871 6865
6870 6865 6871
6872 6871 6869
6873 6870 6871
6872 6873 6871
6873 6874 6870
6875 6873 6872
6876 6874 6873
6875 6876 6873
6876 6877 6874
6878 6876 6875
6879 6877 6876
6878 6879 6876
6879 6880 6877
6881 6879 6878
6882 6880 6879
6881 6882 6879
6882 6883 6880
6884 6883 6882
6885 6882 6881
6884 6882 6885
6885 6881 6886
6887 6885 6886
6888 6884 6885
6887 6888 6885
6888 6889 6884
6890 6888 6887
6891 6889 6888
6890 6891 6888
6891 6892 6889
6893 6892 6891
6894 6891 6890
6893 6891 6894
6894 6890 6895
6896 6894 6895
6897 6893 6894
6896 6897 6894
6897 6898 6893
6899 6897 6896
6898 6897 6900
6899 6901 6897
6900 6897 6901
6901 6899 6902
6903 6900 6901
6901 6902 6904
6903 6901 6904
6905 6906 6907
6905 6908 6906
6908 6905 6909
6908 6909 6910
6908 6910 6911
6906 6908 6912
6908 6911 6912
6906 6912 6913
6912 6911 6914
6913 6912 6915
6912 6914 6915
6913 6915 6916
6915 6914 6917
6916 6915 6918
6915 6917 6918
6916 6918 6919
6918 6917 6920
6919 6918 6921
6918 6920 6921
6919 6921 6922
6921 6920 6923
6922 6921 6923
6922 6923 6924
6923 6920 6925
6926 6924 6923
6927 6923 6925
6926 6923 6927
6927 6925 6928
6926 6927 6929
6927 6928 6930
6929 6927 6931
6927 6930 6931
6931 6932 6929
6933 6931 6930
6931 6933 6932
6933 6930 6934
6933 6934 6935
6932 6933 6936
6933 6935 6936
6932 6936 6937
6936 6935 6938
6937 6936 6939
6936 6938 6939
6937 6939 6940
6939 6941 6940
6942 6939 6938
6939 6942 6941
6942 6938 6943
6942 6943 6944
6941 6942 6945
6942 6944 6945
6941 6945 6946
6945 6944 6947
6946 6945 6948
6945 6947 6949
6948 6945 6949
6949 6947 6950
6948 6949 6951
6949 6950 6952
6951 6949 6952
6951 6952 6953
6952 6950 6954
6953 6952 6955
6952 6954 6955
6955 6956 6953
6957 6955 6954
6955 6957 6956
6957 6954 6958
6957 6958 6959
6956 6957 6960
6957 6959 6960
6956 6960 6961
6960 6962 6961
6960 6963 6962
6964 6965 6959
6964 6963 6965
6966 6967 6968
6966 6969 6967
6970 6969 6966
6970 6971 6969
6969 6971 6972
6967 6969 6973
6969 6972 6973
6967 6973 6974
6973 6972 6975
6974 6973 6976
6973 6975 6976
6974 6976 6977
6976 6975 6978
6977 6976 6979
6976 6978 6979
6977 6979 6980
6979 6978 6981
6980 6979 6982
6979 6981 6982
6980 6982 6983
6982 6981 6984
6983 6982 6985
6982 6984 6985
6983 6985 6986
6985 6984 6987
6986 6985 6988
6985 6987 6988
6986 6988 6989
6988 6987 6990
6989 6988 6991
6988 6990 6991
6989 6991 6992
6991 6993 6992
6990 6994 6991
6991 6994 6993
6990 6995 6994
6994 6995 6996
6993 6994 6997
6994 6996 6997
6993 6997 6998
6997 6996 6999
6998 6997 7000
6997 6999 7000
6998 7000 7001
7000 7002 7001
6999 7003 7000
7000 7003 7002
7004 7003 6999
7003 7004 7005
7002 7003 7006
7003 7005 7006
7002 7006 7007
7005 7008 7006
7007 7006 7009
7006 7008 7009
7007 7009 7010
7009 7008 7011
7010 7009 7012
7009 7011 7012
7010 7012 7013
7012 7011 7014
7013 7012 7014
7011 7015 7014
7013 7014 7016
7014 7015 7017
7016 7014 7017
7017 7015 7018
7016 7017 7019
7017 7018 7020
7019 7017 7021
7017 7020 7021
7019 7021 7022
7021 7020 7023
7022 7021 7024
7021 7023 7024
7025 7026 7027
7028 7026 7025
7028 7029 7026
7030 7029 7028
7030 7031 7029
7032 7031 7030
7032 7033 7031
7034 7033 7032
7034 7035 7033
7036 7035 7034
7036 7037 7035
7038 7037 7036
7038 7039 7037
7040 7039 7038
7040 7041 7039
7042 7041 7040
7042 7043 7041
7042 7044 7043
7042 7045 7044
7045 7046 7044
7045 7047 7046
7048 7046 7047
7048 7047 7049
7049 7050 7048
7049 7051 7050
7051 7052 7050
7051 7053 7052
7053 7054 7052
7055 7051 7049
7053 7051 7055
7053 7056 7054
7056 7057 7054
7047 7058 7049
7055 7049 7058
7053 7055 7059
7056 7053 7059
7056 7060 7057
7057 7060 7061
7062 7055 7058
7062 7059 7055
7062 7058 7063
7062 7064 7059
7058 7065 7063
7064 7066 7059
7056 7059 7066
7064 7067 7066
7068 7066 7067
7058 7069 7065
7069 7058 7047
7069 7070 7065
7071 7056 7066
7068 7071 7066
7071 7060 7056
7068 7072 7071
7073 7060 7071
7071 7072 7073
7061 7060 7073
7074 7073 7072
7075 7061 7073
7074 7075 7073
7075 7076 7061
7075 7077 7076
7078 7075 7074
7075 7079 7077
7078 7079 7075
7079 7080 7077
7078 7081 7079
7079 7081 7080
7078 7082 7081
7083 7080 7081
7084 7081 7082
7083 7081 7084
7084 7082 7085
7086 7083 7084
7087 7084 7085
7086 7084 7087
7087 7085 7088
7089 7087 7088
7086 7087 7090
7090 7087 7089
7086 7090 7091
7090 7092 7091
7089 7093 7090
7090 7093 7092
7089 7094 7093
7095 7092 7093
7096 7093 7094
7095 7093 7096
7096 7097 7095
7096 7094 7098
7098 7099 7096
7100 7101 7102
7100 7102 7103
7103 7104 7100
7105 7100 7104
7104 7103 7106
7106 7103 7107
7105 7104 7108
7109 7104 7106
7108 7104 7109
7105 7108 7110
7109 7110 7108
7105 7110 7111
7106 7112 7109
7113 7112 7106
7109 7114 7110
7115 7114 7109
7116 7114 7115
7117 7111 7110
7110 7114 7117
7117 7118 7111
7114 7116 7119
7117 7114 7119
7119 7116 7120
7121 7118 7117
7119 7121 7117
7121 7122 7118
7123 7122 7121
7119 7120 7124
7119 7124 7121
7124 7120 7125
7123 7121 7126
7126 7121 7124
7126 7127 7123
7124 7125 7128
7126 7124 7128
7128 7125 7129
7130 7128 7129
7126 7131 7127
7131 7126 7128
7132 7128 7130
7131 7128 7132
7132 7130 7133
7134 7127 7131
7132 7134 7131
7134 7135 7127
7132 7133 7136
7132 7136 7134
7136 7133 7137
7138 7135 7134
7136 7138 7134
7138 7139 7135
7136 7137 7140
7140 7138 7136
7140 7137 7141
7142 7139 7138
7138 7140 7142
7142 7143 7139
7142 7144 7143
7142 7145 7144
7144 7145 7040
7142 7140 7146
7140 7141 7146
7146 7145 7142
7147 7146 7141
7147 7145 7146
7147 7141 7148
7148 7149 7147
7147 7149 7145
7148 7150 7149
7145 7149 7151
7040 7145 7152
7145 7151 7152
7152 7042 7040
7153 7042 7152
7151 7153 7152
7045 7042 7153
7045 7153 7154
7045 7154 7047
7047 7154 7069
7151 7155 7153
7154 7153 7155
7069 7154 7156
7154 7155 7156
7069 7156 7070
7156 7157 7070
7156 7155 7157
7151 7157 7155
7151 7158 7157
7159 7160 7161
7159 7161 7162
7162 7161 7163
7162 7163 7164
7164 7163 7165
7164 7165 7166
7165 7167 7166
7168 7167 7165
7167 7168 7169
7167 7169 7170
7170 7169 7171
7170 7171 7172
7172 7171 7173
7172 7173 7174
7174 7173 7175
7174 7175 7176
7176 7175 7177
7176 7177 7178
7178 7177 7179
7178 7179 7180
7180 7179 7181
7180 7181 7182
7181 7183 7182
7181 7184 7183
7183 7184 7185
7183 7185 7186
7186 7185 7187
7186 7187 7188
7188 7187 7189
7188 7189 7190
7190 7189 7191
7192 7193 7194
7195 7193 7192
7195 7192 7196
7197 7195 7196
7197 7198 7195
7199 7198 7197
7199 7200 7198
7201 7199 7197
7202 7200 7199
7203 7199 7201
7202 7199 7203
7203 7201 7204
7203 7204 7205
7206 7202 7203
7203 7205 7206
7206 7207 7202
7208 7206 7205
7209 7207 7206
7208 7209 7206
7209 7210 7207
7211 7209 7208
7212 7210 7209
7211 7212 7209
7212 7213 7210
7214 7212 7211
7215 7213 7212
7214 7215 7212
7215 7216 7213
7217 7215 7214
7218 7216 7215
7217 7218 7215
7218 7219 7216
7220 7218 7217
7221 7219 7218
7220 7221 7218
7221 7222 7219
7221 7223 7222
7224 7221 7220
7224 7223 7221
7222 7223 7225
7226 7225 7223
7227 7223 7224
7223 7228 7226
7227 7229 7223
7223 7229 7228
7230 7229 7227
7231 7228 7229
7230 7231 7229
7230 7232 7231
7231 7233 7228
7232 7233 7231
7234 7232 7230
7235 7233 7232
7236 7232 7234
7232 7237 7235
7236 7238 7232
7232 7238 7237
7239 7240 7241
7242 7240 7239
7242 7243 7240
7242 7244 7243
7245 7242 7239
7245 7239 7246
7246 7239 7247
7248 7242 7245
7242 7248 7244
7248 7245 7249
7250 7248 7249
7251 7244 7248
7250 7251 7248
7251 7252 7244
7253 7251 7250
7254 7252 7251
7253 7254 7251
7254 7255 7252
7256 7254 7253
7257 7255 7254
7256 7257 7254
7257 7258 7255
7259 7257 7256
7260 7258 7257
7259 7260 7257
7260 7261 7258
7262 7260 7259
7263 7261 7260
7262 7263 7260
7263 7264 7261
7265 7263 7262
7263 7266 7264
7265 7267 7263
7267 7266 7263
7268 7267 7265
7266 7267 7269
7268 7270 7267
7269 7267 7270
7270 7268 7271
7269 7270 7272
7270 7271 7272
7269 7272 7273
7274 7272 7271
7275 7273 7272
7274 7275 7272
7275 7276 7273
7277 7275 7274
7278 7276 7275
7277 7278 7275
7278 7279 7276
7280 7278 7277
7281 7279 7278
7280 7281 7278
7281 7282 7279
7283 7281 7280
7284 7282 7281
7283 7284 7281
7284 7285 7282
7286 7284 7283
7287 7285 7284
7286 7287 7284
7287 7288 7285
7289 7287 7286
7290 7288 7287
7289 7290 7287
7290 7291 7288
7292 7290 7289
7293 7291 7290
7292 7293 7290
7293 7294 7291
7295 7293 7292
7296 7294 7293
7295 7296 7293
7296 7297 7294
7296 7298 7297
7299 7296 7295
7296 7299 7298
7299 7295 7300
7301 7299 7300
7302 7298 7299
7301 7302 7299
7302 7303 7298
7304 7302 7301
7305 7303 7302
7304 7305 7302
7305 7306 7303
7305 7307 7306
7308 7305 7304
7305 7308 7307
7308 7304 7309
7310 7308 7309
7311 7307 7308
7310 7311 7308
7311 7312 7307
7313 7311 7310
7314 7312 7311
7313 7314 7311
7314 7315 7312
7314 7316 7315
7314 7317 7316
7317 7314 7313
7317 7313 7318
7319 7320 7321
7319 7322 7320
7323 7322 7319
7324 7320 7322
7323 7325 7322
7324 7322 7326
7326 7322 7325
7326 7327 7324
7326 7325 7328
7326 7329 7327
7328 7329 7326
7328 7330 7329
7331 7327 7329
7332 7329 7330
7331 7329 7332
7332 7330 7333
7333 7334 7332
7331 7332 7335
7332 7334 7335
7331 7335 7336
7334 7337 7335
7336 7335 7337
7338 7337 7334
7336 7337 7339
7337 7338 7340
7339 7337 7341
7337 7340 7341
7339 7341 7342
7341 7340 7343
7342 7341 7344
7341 7343 7344
7342 7344 7345
7344 7346 7345
7343 7347 7344
7344 7347 7346
7343 7348 7347
7347 7349 7346
7348 7350 7347
7347 7350 7349
7348 7351 7350
7349 7350 7352
7351 7352 7350
7353 7352 7351
7349 7352 7354
7352 7353 7355
7354 7352 7356
7352 7355 7356
7354 7356 7357
7356 7355 7358
7357 7356 7359
7356 7358 7360
7359 7356 7360
7360 7358 7361
7359 7360 7362
7360 7361 7363
7362 7360 7363
7363 7361 7364
7362 7363 7365
7363 7364 7365
7362 7365 7366
7364 7367 7365
7366 7365 7367
7368 7367 7364
7366 7367 7369
7368 7370 7367
7369 7367 7370
7371 7370 7368
7369 7370 7372
7372 7370 7373
7370 7371 7374
7370 7374 7373
7374 7375 7373
7376 7375 7374
7377 7375 7376
7378 7375 7377
7378 7377 7379
7378 7379 7380
7379 7381 7380
7382 7381 7379
7382 7383 7381
7384 7383 7382
7385 7383 7384
7385 7384 7386
7385 7386 7387
7385 7387 7388
7389 7388 7387
7389 7387 7390
7389 7390 7391
7389 7391 7392
7391 7393 7392
7391 7394 7393
7394 7395 7393
7394 7396 7395
7395 7396 7397
7395 7397 7398
7398 7397 7399
7400 7401 7402
7402 7401 7113
7403 7404 7405
7403 7405 7406
7403 7406 7407
7403 7407 7408
7408 7407 7409
7408 7409 7410
7410 7409 7411
7410 7411 7412
7412 7411 7413
7412 7413 7414
7414 7413 7415
7414 7415 7416
7416 7415 7417
7416 7417 7418
7418 7417 7419
7418 7419 7420
7420 7419 7421
7420 7421 7422
7422 7421 7423
7422 7423 7424
7424 7423 7425
7424 7425 7426
7426 7425 7427
7426 7427 7428
7427 7429 7428
7428 7429 7430
7429 7431 7430
7430 7431 7432
7433 7432 7431
7434 7432 7433
7434 7433 7435
7434 7435 7436
7436 7435 7437
7436 7437 7438
7439 7440 7441
7439 7441 7442
7443 7439 7442
7443 7442 7444
7444 7445 7446
7444 7446 7447
7445 7448 7446
7445 7449 7448
7446 7448 7450
7447 7446 7451
7446 7450 7451
7447 7451 7452
7451 7450 7453
7452 7451 7454
7451 7453 7454
7452 7454 7455
7454 7453 7456
7455 7454 7457
7454 7456 7457
7455 7457 7458
7457 7456 7459
7458 7457 7460
7457 7459 7460
7458 7460 7461
7460 7459 7462
7461 7460 7463
7460 7462 7463
7461 7463 7464
7463 7462 7465
7464 7463 7466
7463 7465 7466
7464 7466 7467
7466 7465 7468
7467 7466 7469
7466 7468 7469
7467 7469 7470
7469 7468 7471
7470 7469 7472
7469 7471 7472
7470 7472 7473
7472 7471 7474
7473 7472 7475
7472 7474 7475
7473 7475 7476
7475 7474 7477
7476 7475 7478
7475 7477 7478
7476 7478 7479
7478 7477 7480
7479 7478 7481
7478 7480 7482
7481 7478 7482
7482 7480 7483
7481 7482 7484
7482 7483 7484
7481 7484 7485
7484 7486 7485
7483 7487 7484
7484 7487 7486
7483 7488 7487
7487 7488 7489
7486 7487 7490
7487 7489 7490
7490 7489 7491
7486 7490 7492
7490 7491 7493
7492 7490 7493
7492 7493 7494
7495 7496 7497
7495 7497 7498
7498 7497 7499
7498 7499 7500
7500 7499 7501
7500 7501 7502
7502 7501 7503
7502 7503 7504
7504 7503 7505
7504 7505 7506
7506 7505 7507
7506 7507 7508
7508 7507 7509
7508 7509 7510
7510 7509 7511
7510 7511 7512
7512 7511 7513
7512 7513 7514
7514 7513 7515
7514 7515 7516
7516 7515 7517
7516 7517 7518
7517 7519 7518
7517 7520 7519
7519 7520 7521
7519 7521 7522
7521 7523 7522
7521 7524 7523
7523 7524 7525
7523 7525 7526
7526 7525 7527
7526 7527 7528
7529 7530 7531
7531 7530 7532
7533 7534 7535
7536 7537 7534
7534 7538 7536
7538 7539 7536
7539 7538 7540
7535 7540 7538
7541 7539 7540
7542 7541 7540
7542 7540 7543
7543 7544 7542
7543 7545 7544
7543 7540 7546
7546 7545 7543
7540 7535 7546
7547 7545 7546
7547 7548 7545
7548 7547 7549
7550 7549 7547
7551 7550 7547
7552 7551 7547
7552 7547 7553
7547 7546 7553
7546 7535 7553
7554 7553 7535
7554 7535 7555
7556 7553 7554
7556 7557 7553
7556 7554 7558
7554 7555 7559
7558 7554 7559
7560 7559 7555
7560 7558 7559
7561 7562 7563
7561 7564 7562
7564 7561 7565
7566 7562 7564
7566 7564 7567
7564 7565 7567
7568 7566 7567
7567 7565 7569
7570 7567 7569
7571 7570 7569
7565 7571 7569
7561 7572 7565
7572 7561 7573
7574 7573 7561
7574 7575 7573
7575 7576 7573
7576 7577 7573
7577 7572 7573
7576 7578 7577
7578 7572 7577
7565 7579 7571
7572 7580 7565
7580 7579 7565
7581 7571 7579
7581 7582 7571
7581 7579 7583
7583 7579 7580
7583 7580 7584
7585 7584 7580
7572 7586 7580
7586 7572 7578
7586 7585 7580
7578 7587 7586
7585 7586 7587
7587 7578 7588
7585 7587 7589
7587 7588 7589
7590 7591 7592
7593 7590 7592
7594 7593 7592
7593 7594 7595
7596 7593 7595
7595 7597 7596
7595 7598 7597
7599 7595 7594
7599 7598 7595
7598 7599 7600
7601 7598 7600
7592 7602 7594
7592 7603 7602
7602 7603 7604
7602 7604 7605
7601 7605 7604
7606 7601 7604
7607 7606 7604
7607 7604 7608
7603 7608 7604
7592 7609 7603
7610 7609 7592
7610 7592 7611
7610 7612 7609
7609 7613 7603
7608 7603 7613
7612 7614 7609
7613 7609 7614
7612 7615 7614
7614 7615 7616
7613 7614 7616
7608 7613 7617
7618 7608 7617
7619 7618 7617
7618 7620 7608
7608 7620 7621
7622 7623 7624
7623 7622 7625
7626 7622 7627
7626 7628 7623
7629 7627 7622
7630 7627 7629
7631 7630 7629
7632 7631 7629
7633 7629 7622
7633 7632 7629
7634 7633 7623
7623 7635 7634
7623 7628 7635
7635 7628 7636
7636 7637 7635
7638 7639 7640
7640 7639 7641
7640 7641 7642
7642 7643 7640
7643 7644 7640
7639 7645 7641
7645 7646 7641
7645 7647 7646
7645 7648 7647
7645 7639 7649
7649 7648 7645
7650 7649 7639
7651 7650 7640
7640 7644 7652
7640 7652 7651
7652 7644 7653
7654 7651 7652
7654 7652 7653
7654 7655 7651
7654 7653 7656
7649 7657 7648
7648 7657 7658
7659 7658 7657
7649 7659 7657
7659 7660 7658
7661 7659 7649
7659 7661 7660
7661 7649 7662
7663 7660 7661
7664 7661 7662
7663 7661 7664
7664 7665 7663
7666 7665 7664
7665 7666 7667
7664 1006 7666
7664 7668 1006
7666 1014 7667
7669 1014 7666
7670 7667 1014
7671 7672 7673
7671 7673 7674
7674 7673 7675
7676 7671 7674
7675 7677 7674
7678 7676 7674
7677 7678 7674
7678 7679 7676
7680 7678 7677
7681 7678 7680
7681 7682 7679
7683 7678 7681
7684 7681 7680
7685 7681 7686
7685 7686 7687
7688 7686 7681
7686 7689 7687
7690 7686 7688
7690 7689 7686
7691 7692 7693
7691 7693 7694
7694 7693 7695
7694 7695 7696
7696 7697 7694
7697 7698 7694
7697 7699 7698
7694 7698 7700
7701 7693 7702
7693 7701 7703
7701 7704 7703
7705 7701 7702
7701 7706 7704
7705 7707 7701
7701 7707 7706
7707 7705 7708
7708 7706 7707
1032 7709 7710
7711 1032 7710
1032 7711 7712
7711 7713 7712
7712 7713 7714
7715 7714 7713
7716 7712 7714
1032 7717 7716
7718 7719 7720
7721 7719 7718
7721 7718 7722
7723 7721 7722
7718 7724 7722
7725 7724 7718
7725 7726 7724
7725 7718 7727
7727 7728 7725
7729 7725 7728
7730 7725 7729
7729 7731 7730
7732 7725 7730
7733 7725 7732
7731 7734 7730
7734 7731 7735
7736 7734 7735
7734 7736 7730
7736 7737 7730
7738 7739 7740
7738 7740 7741
7738 7741 7742
7742 7741 7743
7741 7744 7743
7741 7745 7744
7741 7746 7745
7741 7740 7746
7747 7742 7748
7747 7748 7744
7749 7740 7750
7740 7751 7750
7751 7752 7750
7753 7749 7750
7752 7754 7750
7750 7755 7753
7754 7755 7750
7753 7755 7756
7757 7755 7754
7755 7757 7756
7758 7759 7760
7761 7758 7760
7758 7761 7762
7763 7761 7760
7763 7764 7761
7764 7765 7761
7761 7765 7762
7760 7766 7763
7760 7767 7766
7766 7768 7763
7767 7769 7766
7768 7766 7770
7769 7770 7766
7762 7765 7771
7762 7771 7772
7771 7773 7772
7774 7773 7771
7774 7771 7765
7774 7765 7775
7775 7765 7776
7777 7770 7769
7778 7770 7777
7778 7779 7770
7780 7778 7777
7769 7781 7777
7780 7777 7781
7782 7780 7781
7769 7783 7781
7784 7781 7783
7783 7785 7784
7784 7785 7786
7784 7786 7787
7788 7781 7784
7789 7781 7788
7790 7788 7784
7790 7784 7787
7791 7790 7787
7792 7791 7787
7793 7794 7795
7793 7796 7794
7796 7793 7797
7798 7797 7793
7799 7798 7793
7800 7798 7799
7799 7793 7801
7802 7800 7799
7801 7803 7799
7804 7802 7799
7799 7803 7805
7805 7804 7799
7806 7804 7805
7806 7805 7807
7808 7804 7806
7808 7809 7804
7808 7806 7810
7811 7806 7807
7810 7806 7811
7812 7811 7807
7812 7810 7811
7813 7814 7815
7813 7816 7814
7817 7814 7816
7817 7816 7818
7819 7817 7818
7816 7820 7818
7820 7816 7821
7816 7813 7821
7821 7813 7822
7823 7822 7813
7823 7824 7822
7825 7821 7822
7824 7826 7822
7825 7822 7827
7826 7827 7822
7828 7825 7827
7826 7828 7827
7829 7830 7831
7829 7831 7832
7832 7833 7829
7832 7834 7833
7835 7833 7834
7836 7834 7832
7832 7831 7836
7836 7837 7834
7837 7835 7834
7838 7836 7831
7839 7838 7831
7839 7831 7840
7840 7831 7841
7840 7841 7842
7840 7843 7839
7842 7844 7840
7844 7843 7840
7844 7845 7843
7846 7835 7837
7846 7847 7835
7847 7846 7848
7849 7848 7846
7849 7846 7850
7850 7846 7837
7851 7849 7850
7852 7850 7837
7851 7850 7852
7852 7837 7853
7854 7851 7852
7853 7855 7852
7854 7852 7855
7853 7856 7855
7857 7854 7855
7857 7855 7858
7855 7859 7858
7858 7859 7860
7861 7857 7858
7858 7860 7861
7862 7857 7861
7861 7860 7863
7864 7862 7861
7864 7861 7863
7865 7866 7867
7865 7867 7868
7869 7865 7868
7870 7869 7868
7870 7868 7871
7868 7867 7871
7872 7871 7867
7872 7867 7873
7874 7873 7867
7874 7867 7875
7876 7873 7877
7873 7878 7877
7879 7877 7878
7873 7880 7878
7873 7881 7880
7878 7880 7882
7879 7878 7882
7883 7879 7882
7884 7885 7886
7884 7886 7887
7887 7888 7884
7888 7889 7884
7889 7888 7890
7891 7889 7890
7890 7892 7891
7890 7893 7892
7894 7890 7888
7894 7893 7890
7887 7894 7888
7887 7895 7894
7896 7895 7887
7896 7887 7886
7886 7897 7896
7893 7894 7898
7899 7893 7898
7894 7900 7898
7898 7900 7899
7894 7901 7900
7899 7900 7902
7901 7903 7900
7903 7902 7900
7903 7904 7902
7901 7905 7903
7905 7906 7903
7907 7906 7905
7903 7906 7908
7904 7906 7909
7910 7909 7906
7910 7906 7911
7912 7910 7911
7906 7913 7911
7914 7915 7916
7914 7917 7915
7917 7918 7915
7919 7917 7914
7919 7920 7917
7921 7917 7920
7917 7921 7918
7921 7920 7922
7923 7921 7922
7918 7921 7923
7923 7922 7924
7925 7923 7924
7918 7923 7926
7926 7927 7925
7926 7925 7928
7918 7926 7928
7928 7925 7929
7928 7929 7930
7928 7930 7931
7928 7932 7918
7932 7928 7931
7933 7918 7932
7934 7932 7931
7932 7934 7933
7934 7931 7935
7933 7934 7936
7936 7934 7935
7937 7933 7936
7936 7935 7938
7939 7940 7936
7936 7941 7939
7936 7942 7941
7943 7944 7939
7943 7939 7945
7942 7946 7945
7945 7946 7947
7943 7945 7947
7943 7947 7948
7949 7886 7950
7949 7951 7886
7952 7951 7949
7951 7897 7886
7952 7953 7951
7897 7951 7953
7952 7954 7953
7897 7953 7955
7953 7954 7955
7956 7957 7958
7959 7958 7957
7960 7959 7957
7961 7959 7960
7962 7958 7959
7914 7959 7961
7914 7962 7959
7962 7914 7963
7964 7965 7966
7966 7967 7964
7964 7967 7968
7967 7969 7968
7967 7966 7970
7967 7971 7969
7970 7971 7967
7970 7972 7971
7973 7971 7972
7971 7973 7974
7974 7973 7975
7973 7976 7975
7977 7976 7973
7978 7976 7977
7979 7977 7973
7973 7972 7979
7980 7978 7977
7979 7980 7977
7981 7979 7972
7981 7980 7979
7972 7970 7982
7981 7972 7982
7980 7983 7978
7983 7984 7978
7984 7983 7985
7986 7985 7983
7987 7983 7980
7986 7983 7987
7981 7987 7980
7988 7986 7987
7988 7987 7981
7989 7988 7981
7989 7981 7982
7990 7989 7982
7982 7970 7991
7990 7982 7991
7991 7970 7992
7993 7990 7991
7991 7992 7993
7994 7990 7993
7995 7993 7992
7995 7994 7993
7996 7997 7998
7996 7998 7999
7999 8000 7996
8000 8001 7996
8001 8000 8002
8003 8001 8002
7999 8004 8000
8004 8002 8000
7998 8005 7999
7999 8006 8004
8005 8006 7999
8007 8003 8002
8004 8008 8002
8002 8008 8007
8004 8006 8009
8006 8005 8010
8006 8010 8009
8008 8004 8011
8004 8009 8011
8012 8009 8010
8012 8013 8009
8009 8013 8011
8011 8013 8014
8014 8008 8011
8005 8015 8010
8010 8015 8016
8010 8016 8017
8018 8016 8015
8018 8015 8019
8020 8018 8019
8015 8021 8019
8021 8015 8005
7998 8021 8005
7998 8022 8021
8023 8022 7998
8023 7998 8024
8025 8022 8023
8021 8022 8026
8025 8026 8022
8021 8026 8027
8025 8028 8026
8026 8028 8027
8029 8030 8031
8029 8032 8030
8032 8033 8030
8033 8034 8030
8035 8030 8034
8033 8036 8034
8037 8036 8033
8038 8029 8035
8038 8035 8039
8040 8038 8039
8040 8003 8038
8040 8041 8003
8038 8003 8007
8007 8029 8038
8007 8042 8029
8042 8032 8029
8043 8042 8007
8043 8007 8008
8044 8037 8033
8032 8044 8033
8032 8042 8045
8043 8045 8042
8046 8044 8032
8032 8045 8046
8045 8047 8046
8046 8047 8048
8046 8049 8044
8048 8049 8046
8049 8037 8044
8048 8050 8049
8050 8051 8049
8052 8049 8051
8049 8052 8037
8053 8045 8043
8053 8054 8045
8053 8043 8055
8055 8043 8056
8057 8055 8056
8043 8008 8056
8057 8056 8008
8052 8058 8037
8058 8059 8037
8060 8059 8058
8060 8058 8061
8052 8061 8058
8060 8061 8062
8062 8061 8063
8062 8063 8064
8065 8061 8052
8065 8063 8061
8066 8065 8052
8066 8052 8067
8068 8066 8067
8069 8068 8067
8068 8070 8066
8071 8066 8070
8066 8071 8065
8071 8070 8072
8065 8073 8063
8074 8063 8073
8075 8063 8074
8065 8076 8073
8076 8065 8071
8076 8071 8077
8078 8077 8071
8078 8079 8077
8079 8080 8077
8080 8081 8077
8080 8082 8081
8083 8077 8081
8083 8076 8077
8082 8083 8081
8084 8076 8083
8085 8076 8084
8074 8085 8086
8086 8085 8084
8084 8087 8086
8083 8082 8088
8083 8088 8084
8088 8087 8084
8088 8082 8089
8088 8089 8087
8090 8091 8092
8090 8092 8093
8093 8094 8090
8093 8095 8094
8094 8095 8096
8096 8095 8097
8097 8098 8096
8098 8097 8099
8100 8095 8093
8100 8101 8095
8093 8092 8102
8103 8100 8093
8093 8102 8103
8104 8101 8100
8105 8100 8103
8105 8104 8100
8106 8101 8104
8106 8107 8101
8108 8106 8104
8108 8104 8105
8109 8108 8105
8109 8105 8110
8103 8110 8105
8103 8102 8110
8111 8102 8092
8112 8110 8102
8112 8102 8111
8111 8092 8113
8113 8092 8114
8113 8114 8115
8116 8113 8115
8113 8117 8111
8116 8117 8113
8116 8118 8117
8112 8111 8119
8120 8110 8112
8120 8121 8110
8120 8112 8122
8112 8119 8123
8122 8112 8123
8124 8123 8119
8124 8122 8123
8125 8126 8127
8125 8128 8126
8128 8125 8129
8125 8130 8129
8125 8131 8130
8132 8131 8125
8131 8133 8130
8132 8126 8134
8132 8135 8131
8134 8126 8136
8128 8137 8126
8126 8137 8136
8138 8136 8137
8137 8139 8138
8128 8140 8137
8138 8140 8141
8142 8131 8135
8131 8142 8133
8142 8135 8143
8141 8140 8144
8144 8145 8141
8144 8140 8146
8147 8142 8143
8133 8142 8147
8147 8143 8148
8149 8147 8148
8144 8150 8145
8144 8146 8150
8151 8150 8146
8150 8152 8145
8151 8152 8150
8146 8153 8151
8154 8152 8151
8151 8155 8154
8153 8156 8151
8151 8157 8155
8156 8157 8151
8157 8158 8155
8159 8157 8156
8157 8159 8158
8156 8133 8159
8159 8160 8158
8160 8159 8133
8160 8161 8158
8160 8162 8161
8160 8149 8162
8133 8163 8160
8163 8149 8160
8133 8147 8163
8163 8147 8149
8164 8165 8166
8164 8166 8167
8164 8167 8168
8164 8168 8169
8170 8164 8169
8170 8171 8164
8171 8172 8164
8173 8166 8172
8167 8166 8174
8173 8174 8166
8174 8175 8167
8173 8175 8174
8175 8176 8167
8173 8177 8175
8177 8178 8175
8175 8178 8179
8178 8180 8176
8177 8181 8178
8178 8182 8180
8182 8178 8181
8183 8184 8185
8186 8184 8183
8183 8187 8186
8188 8187 8183
8189 8186 8187
8189 8187 8190
8190 8187 8191
8191 8187 8188
8191 8188 8192
8192 8188 8193
8194 8192 8193
8193 8195 8194
8192 8194 8196
8196 8197 8192
8196 8198 8197
8199 8198 8196
8199 8196 8194
8194 8195 8199
8199 8195 8200
8201 8200 8195
8201 8195 8202
8203 8201 8202
8195 8184 8202
8203 8202 8204
8184 8204 8202
8203 8204 8205
8184 8206 8204
8204 8206 8207
8207 8206 8208
8208 8206 8184
8209 8208 8184
8209 8184 8186
8210 8208 8209
8211 8208 8210
8210 8209 8212
8186 8212 8209
8186 8213 8212
8214 8215 8216
8214 8217 8215
8214 8218 8217
8218 8219 8217
8220 8219 8218
8220 8221 8219
8217 8219 8221
8217 8221 8222
8217 8222 8215
8223 8215 8222
8224 8215 8223
8225 8215 8224
8225 8224 8226
8226 8224 8227
8227 8224 8228
8229 8228 8224
8224 8230 8229
8224 8223 8230
8223 8231 8230
8231 8232 8230
8231 8233 8232
8231 8223 8234
8233 8231 8234
8234 8223 8222
8233 8234 8235
8235 8234 8236
8222 8237 8234
8236 8234 8237
8237 8222 8238
8237 8239 8236
8238 8239 8237
8239 8238 8240
8241 8242 8243
8243 8244 8241
8244 8245 8241
8244 8246 8245
8246 8244 8247
8247 8244 8248
8243 8248 8244
8248 8249 8247
8249 8248 8243
8247 8249 8250
8250 8249 8251
8249 8243 8252
8243 8253 8252
8243 8254 8253
8255 8254 8241
8255 8253 8254
8256 8253 8255
8257 8253 8256
8257 8258 8253
8252 8253 8258
8249 8252 8259
8260 8249 8259
8260 8261 8249
8260 8259 8262
8259 8252 8263
8258 8263 8252
8262 8259 8264
8263 8264 8259
8262 8264 8265
8264 8266 8265
8263 8266 8264
8258 8267 8263
8268 8267 8258
8269 8267 8268
8268 8258 8270
8258 8271 8270
8272 8273 8274
8274 8275 8272
8276 8277 8272
8276 8274 8278
8279 8272 8277
8280 8279 8277
8281 8279 8280
8282 8279 8281
8283 8272 8279
8283 8279 8282
8284 8274 8283
8274 8284 8285
8274 8285 8278
8285 8286 8278
8286 8285 8287
8288 8289 8290
8290 8289 8291
8291 8289 8292
8289 8293 8292
8293 8294 8292
8289 8295 8293
8295 8289 8296
8296 8290 8297
8298 8294 8293
8298 8293 8295
8298 8299 8294
8298 8295 8300
8291 8301 8290
8291 8302 8301
8290 8301 8303
8303 8297 8290
8303 8301 8304
8303 8304 8305
8303 8305 8306
8297 8303 8306
8297 8306 8307
8306 8308 8307
8309 8307 8308
8297 8307 8309
8309 8308 8310
8311 8297 8309
8309 8310 8311
8311 8312 8297
8313 8311 8310
8314 8312 8311
8313 8314 8311
8314 8313 8315
8316 8314 8315
8315 8317 8316
8314 8316 1515
8314 1515 8318
8316 8317 1524
8319 8316 1524
8320 1524 8317
8321 8322 8323
8321 8324 8322
8324 8325 8322
8326 8324 8321
8325 8324 8327
8328 8324 8326
8327 8324 8328
8328 8326 8329
8330 8327 8328
8331 8330 8328
8331 8329 8332
8333 8330 8331
8334 8331 8328
8335 8336 8331
8335 8337 8336
8338 8331 8336
8336 8337 8339
8340 8338 8336
8340 8336 8339
8341 8342 8343
8341 8344 8342
8344 8345 8342
8344 8346 8345
8346 8344 8347
8347 8344 8348
8347 8348 8349
8344 8350 8348
8351 8352 8342
8342 8353 8351
8351 8353 8354
8355 8352 8351
8351 8354 8356
8351 8356 8357
8355 8351 8358
8359 8358 8356
8358 8359 8355
1538 8360 8361
8362 8360 1538
1538 8363 8362
1538 8364 8363
8362 8363 8365
8364 8366 8363
8363 8366 8365
8367 8365 8366
8368 8369 8370
8371 8368 8370
8371 8372 8368
8373 8372 8371
8368 8372 8374
8375 8368 8374
8375 8374 8376
8375 8377 8368
8377 8375 8378
8379 8378 8375
8380 8379 8375
8379 8380 8381
8382 8380 8375
8383 8382 8375
8381 8380 8384
8384 8385 8381
8386 8385 8384
8384 8380 8386
8386 8380 8387
8388 8389 8390
8388 8391 8389
8388 8392 8391
8391 8393 8389
8391 8394 8393
8391 8395 8394
8392 8396 8391
8391 8396 8395
8397 8396 8392
8397 8395 8396
8398 8399 8389
8389 8399 8400
8400 8399 8401
8402 8399 8398
8401 8399 8403
8399 8402 8404
8403 8399 8404
8402 8405 8404
8406 8403 8404
8404 8405 8406
8407 8408 8409
8410 8408 8407
8407 8411 8410
8412 8408 8410
8412 8410 8413
8413 8410 8414
8410 8411 8414
8408 8412 8415
8408 8415 8416
8415 8412 8417
8416 8415 8418
8417 8419 8415
8418 8415 8419
8411 8420 8414
8411 8421 8420
8420 8421 8422
8423 8420 8422
8423 8414 8420
8423 8424 8414
8424 8425 8414
8426 8418 8419
8427 8426 8419
8427 8419 8428
8429 8426 8427
8418 8426 8430
8429 8430 8426
8431 8430 8429
8418 8430 8432
8433 8432 8430
8432 8433 8434
8433 8435 8434
8433 8436 8435
8437 8433 8430
8438 8437 8430
8439 8433 8437
8439 8436 8433
8440 8436 8439
8441 8436 8440
8442 8443 8444
8442 8444 8445
8445 8446 8442
8447 8442 8446
8448 8442 8447
8449 8448 8447
8448 8450 8442
8451 8448 8449
8450 8448 8452
8453 8448 8451
8448 8454 8452
8454 8448 8453
8455 8454 8453
8455 8456 8454
8457 8455 8453
8457 8453 8458
8457 8459 8455
8460 8456 8455
8459 8460 8455
8461 8456 8460
8461 8460 8459
8462 8463 8464
8462 8464 8465
8466 8465 8464
8466 8467 8465
8468 8467 8466
8465 8467 8469
8469 8470 8465
8465 8470 8462
8470 8471 8462
8472 8462 8471
8472 8471 8473
8474 8471 8470
8473 8471 8475
8474 8476 8471
8475 8471 8476
8477 8476 8474
8475 8476 8477
8478 8479 8480
8478 8481 8479
8481 8478 8482
8481 8482 8483
8484 8483 8482
8485 8481 8483
8481 8485 8479
8485 8483 8486
8486 8483 8484
8487 8479 8485
8488 8479 8487
8488 8489 8479
8489 8490 8479
8489 8491 8490
8489 8488 8492
8491 8489 8493
8493 8489 8492
8493 8492 8494
8495 8486 8484
8495 8484 8496
8496 8497 8495
8498 8495 8497
8498 8499 8495
8499 8486 8495
8500 8499 8498
8501 8486 8499
8500 8501 8499
8501 8502 8486
8503 8501 8500
8502 8501 8504
8503 8504 8501
8502 8504 8505
8506 8504 8503
8506 8507 8504
8504 8507 8508
8507 8509 8508
8510 8507 8506
8507 8510 8509
8511 8510 8506
8510 8512 8509
8513 8510 8511
8513 8512 8510
8514 8515 8516
8514 8517 8515
8518 8517 8514
8519 8517 8518
8519 8520 8517
8517 8520 8515
8521 8515 8520
8521 8522 8515
8523 8515 8522
8523 8524 8515
8525 8526 8522
8522 8526 8527
8528 8527 8526
8522 8527 8529
8522 8529 8530
8527 8531 8529
8528 8531 8527
8532 8531 8528
8533 8534 8535
8533 8536 8534
8536 8533 8537
8537 8533 8538
8538 8539 8537
8540 8539 8538
8539 8540 8541
8539 8541 8542
8543 8537 8539
8543 8539 8542
8536 8537 8543
8536 8543 8544
8545 8536 8544
8545 8534 8536
8534 8545 8546
8542 8547 8543
8548 8547 8542
8543 8547 8549
8547 8548 8549
8543 8549 8550
8548 8551 8549
8550 8549 8552
8552 8549 8551
8552 8551 8553
8550 8552 8554
8554 8552 8555
8556 8554 8555
8552 8557 8555
8553 8558 8555
8559 8555 8558
8559 8560 8555
8561 8560 8559
8555 8560 8562
8563 8564 8565
8563 8565 8566
8566 8565 8567
8568 8563 8566
8568 8566 8569
8570 8569 8566
8566 8567 8570
8570 8571 8569
8572 8571 8570
8567 8572 8570
8572 8573 8571
8574 8573 8572
8567 8575 8572
8575 8574 8576
8575 8577 8574
8567 8577 8575
8577 8578 8574
8577 8579 8578
8577 8580 8579
8577 8567 8581
8581 8580 8577
8582 8581 8567
8583 8580 8581
8581 8582 8583
8583 8584 8580
8582 8585 8583
8585 8584 8583
8586 8585 8582
8585 8587 8584
8588 8585 8589
8585 8588 8590
8585 8590 8591
8591 8590 8592
8590 8593 8592
8594 8590 8588
8594 8593 8590
8594 8588 8595
8594 8596 8593
8597 8598 8534
8597 8534 8599
8600 8597 8599
8599 8534 8546
8600 8599 8601
8546 8601 8599
8600 8601 8602
8546 8603 8601
8601 8603 8602
8604 8605 8606
8607 8606 8605
8608 8606 8607
8609 8608 8607
8610 8607 8605
8563 8609 8607
8563 8607 8610
8610 8611 8563
8612 8613 8614
8613 8612 8615
8612 8616 8615
8615 8616 8617
8615 8618 8613
8615 8617 8619
8618 8615 8619
8618 8619 8620
8620 8621 8618
8622 8621 8620
8621 8623 8618
8623 8624 8618
8623 8625 8624
8626 8624 8625
8626 8625 8627
8627 8625 8628
8625 8623 8628
8628 8623 8621
8628 8621 8629
8629 8621 8622
8629 8622 8630
8630 8622 8631
8630 8631 8632
8632 8631 8633
8632 8633 8634
8635 8634 8633
8633 8636 8635
8631 8637 8633
8622 8637 8631
8637 8636 8633
8622 8638 8637
8622 8639 8638
8637 8640 8636
8638 8640 8637
8636 8640 8641
8642 8638 8639
8638 8642 8640
8640 8642 8641
8642 8639 8619
8642 8643 8641
8619 8644 8642
8644 8643 8642
1933 8645 1903
1933 1903 8646
8647 8648 8649
8647 8650 8648
8650 8647 8651
8650 8651 8652
8651 8653 8652
8653 8654 8652
8654 8653 8655
8655 8656 8654
8650 8652 8657
8657 8652 8654
8650 8658 8648
8659 8650 8657
8650 8659 8658
8660 8657 8654
8661 8659 8657
8661 8657 8660
8662 8660 8654
8662 8654 8663
8664 8660 8662
8664 8661 8660
8665 8661 8664
8665 8666 8661
8659 8661 8666
8659 8666 8658
8667 8648 8658
8668 8658 8666
8668 8667 8658
8667 8669 8648
8669 8670 8648
8669 8671 8670
8672 8671 8669
8669 8667 8673
8672 8669 8673
8672 8673 8674
8668 8675 8667
8676 8668 8666
8676 8666 8677
8676 8678 8668
8668 8679 8675
8678 8679 8668
8680 8675 8679
8680 8679 8678
8681 8682 8683
8681 8683 8684
8684 8685 8681
8681 8685 8686
8681 8686 8687
8688 8681 8687
8687 8686 8689
8688 8690 8683
8688 8687 8691
8690 8692 8683
8693 8691 8687
8687 8689 8693
8693 8694 8691
8684 8683 8695
8683 8692 8695
8696 8695 8692
8684 8695 8697
8695 8696 8697
8696 8698 8697
8698 8699 8697
8699 8698 8700
8699 8701 8697
8699 8700 8702
8702 8700 8703
8699 8704 8701
8705 8704 8703
8705 8701 8704
8706 8705 8703
8701 8705 8707
8705 8706 8708
8707 8705 8709
8705 8708 8710
8709 8705 8710
8710 8708 8711
8712 8709 8710
8710 8711 8712
8709 8712 8689
8712 8711 8713
8713 8689 8712
8713 8711 8714
8713 8714 8715
8713 8715 8716
8689 8713 8717
8717 8713 8716
8689 8717 8718
8717 8716 8718
8689 8718 8719
8716 8720 8718
8718 8694 8719
8718 8720 8694
8721 8722 8723
8721 8724 8722
8724 8725 8722
8726 8722 8725
8726 8727 8722
8728 8721 8727
8729 8721 8728
8729 8730 8721
8721 8730 8731
8721 8731 8724
8726 8732 8733
8732 8724 8733
8733 8724 8734
8726 8733 8735
8735 8733 8736
8733 8737 8736
8736 8734 8738
8735 8736 8739
8736 8738 8740
8740 8739 8736
223 8741 224
8741 223 8742
8741 8742 239
223 8743 8742
223 153 8743
239 8742 8744
239 8744 245
8743 8745 8742
8742 8745 8744
153 8746 8743
8745 8743 8746
8747 245 8744
8745 8747 8744
8748 8746 153
119 8748 153
8745 8746 8749
8749 8746 8748
8750 8748 119
8749 8748 8750
122 8750 119
8751 8745 8749
8745 8751 8747
8752 8747 8751
8753 8749 8750
8751 8749 8753
8753 8750 122
8753 8752 8751
122 8754 8753
8753 8754 8752
122 124 8754
8752 8754 124
8755 245 8747
247 245 8755
247 8755 2115
8756 8755 8747
8752 8756 8747
2115 8755 8756
8752 124 8757
124 116 8757
115 8757 116
8758 8756 8752
8758 8752 8757
115 8758 8757
2115 8756 8758
8758 115 2096
2115 8758 8759
8758 2096 8759
2106 2115 8759
2096 2106 8759
381 8760 8761
8761 8760 440
8762 8763 482
8764 8763 8762
493 8763 8764
8765 8766 8767
8768 8767 8766
8767 8769 8765
8768 8770 8767
8767 8770 8769
8768 8771 8770
8770 8771 8772
8769 8770 8773
8770 8772 8773
8769 8773 8774
8773 8775 8774
8772 8776 8773
8773 8776 8775
8772 8777 8776
8776 8778 8775
8777 8779 8776
8776 8779 8778
8777 8780 8779
8781 8778 8779
8782 8779 8780
8781 8779 8782
8782 8780 8783
8782 8783 8784
8781 8782 8785
8782 8784 8785
8781 8785 8786
8787 8785 8784
8786 8785 8788
8787 8788 8785
8787 8789 8788
8786 8788 8790
8790 8788 8789
8791 8789 8787
8790 8789 8792
8793 8789 8791
8794 8792 8789
8793 8795 8789
8794 8789 8795
8796 8795 8793
8797 8794 8795
8797 8795 8796
8797 8798 8794
8799 8797 8796
8800 8798 8797
8801 8797 8799
8800 8797 8801
8799 8802 8801
8803 8800 8801
8801 8802 8804
8803 8801 8804
8802 8805 8804
8803 8804 8805
8806 8805 8802
8803 8805 8807
8806 8808 8805
8807 8805 8809
8805 8808 8810
8809 8805 8810
8811 8812 8813
8811 8813 8814
8815 8811 8814
8816 8812 8811
8816 8817 8812
8818 8817 8816
8819 8818 8816
8820 8811 8815
8811 8820 8816
8821 8819 8816
8816 8820 8821
8821 8822 8819
8823 8822 8821
8823 8821 8820
8823 8824 8822
8825 8820 8815
8823 8820 8825
8825 8815 8826
8824 8823 8827
8827 8823 8825
8824 8827 8828
8829 8825 8826
8827 8825 8829
8829 8826 8830
8827 8831 8828
8831 8827 8829
8828 8831 8832
8833 8829 8830
8831 8829 8833
8833 8830 8834
8835 8832 8831
8833 8835 8831
8833 8836 8835
8835 8837 8832
8835 8836 8838
8839 8837 8835
8835 8838 8839
8839 8840 8837
8838 8841 8839
8840 8839 8841
8838 8842 8841
8840 8841 8843
8842 8844 8841
8843 8841 8844
8842 8845 8844
8843 8844 8846
8845 8847 8844
8846 8844 8847
8845 8848 8847
8846 8847 8849
8850 8847 8848
8849 8847 8850
8851 8852 8850
8853 8852 8851
8853 8854 8852
8855 8854 8853
8855 8853 8856
8855 8856 8857
8855 8857 8858
8859 8858 8857
8859 8860 8858
8861 8860 8859
8861 8834 8860
8862 8863 8864
8865 8864 8863
8862 8864 8866
8867 8862 8866
8867 8866 8868
8869 8867 8868
8869 8868 8870
8871 8869 8870
8871 8870 8872
8873 8871 8872
8873 8872 8874
8875 8873 8874
8875 8874 8876
8877 8875 8876
8877 8876 8878
8879 8877 8878
8879 8878 8880
8881 8879 8880
8881 8880 8882
8883 8881 8882
8883 8882 8884
8885 8883 8884
8885 8884 8886
8884 8887 8886
8884 8888 8887
8882 8888 8884
8882 8889 8888
8882 8890 8889
8882 8880 8890
8880 8891 8890
8880 8878 8891
8878 8892 8891
8878 8876 8892
8876 8893 8892
8876 8874 8893
8874 8894 8893
8874 8872 8894
8872 8895 8894
8872 8870 8895
8870 8896 8895
8870 8868 8896
8868 8897 8896
8868 8866 8897
8866 8898 8897
8866 8864 8898
8899 8898 8864
8899 8900 8898
8865 8899 8864
8899 8901 8900
8899 8865 8902
8899 8902 8901
8865 8903 8902
8902 8904 8901
8902 8903 8905
8902 8905 8904
8903 8906 8905
8905 8907 8904
8906 8908 8905
8905 8908 8907
8906 8909 8908
8908 8910 8907
8909 8911 8908
8908 8911 8910
8909 8912 8911
8911 8913 8910
8912 8914 8911
8911 8914 8913
8912 8915 8914
8914 8916 8913
8915 8917 8914
8914 8917 8916
8915 8918 8917
8917 8918 8919
8920 8916 8917
8917 8919 8920
8920 8921 8916
8920 8919 8922
8922 8921 8920
6154 6139 8923
8924 6154 8923
6139 6140 8923
8923 6140 8924
8924 6140 8925
8925 8926 8924
8924 8927 6154
6154 8927 6155
6155 8927 8928
8926 8929 8924
8929 8926 8930
8931 8927 8924
8931 8924 8929
8932 8928 8927
8932 8927 8931
8932 8933 8928
8932 8934 8933
8934 8932 8931
8933 8934 8935
8934 8936 8935
8937 8931 8929
8937 8929 8930
8937 8934 8931
8934 8938 8936
8938 8934 8937
8930 8939 8937
8938 8937 8939
8940 8939 8930
8936 8938 8941
8939 8941 8938
8936 8941 8942
8940 8943 8939
8939 8943 8941
8940 8944 8943
8941 8945 8942
8945 8941 8943
8942 8945 8946
8947 8946 8945
8948 8943 8944
8945 8943 8948
8948 8944 8949
8947 8945 8950
8950 8945 8948
8947 8950 8951
8947 8951 8952
8951 8953 8952
8954 8948 8949
8950 8948 8954
8951 8950 8954
8954 8949 8955
8955 8956 8954
8951 8954 8956
8955 8957 8956
8957 8958 8956
8958 8951 8956
8957 8959 8958
8951 8960 8953
8958 8960 8951
8961 8953 8960
8961 8960 8962
8958 8962 8960
8962 8963 8961
8964 8958 8959
8958 8964 8962
8963 8962 8964
8964 8959 8965
8965 8963 8964
8966 8967 8968
8969 8968 8967
8966 8970 8967
8971 8970 8966
8971 8972 8970
8973 8972 8971
8973 8974 8972
8975 8974 8973
8975 8976 8974
8977 8976 8975
8977 8978 8976
8979 8978 8977
8979 8980 8978
8981 8980 8979
8981 8982 8980
8983 8982 8981
8983 8984 8982
8985 8984 8983
8985 8986 8984
8987 8986 8985
8987 8988 8986
8989 8988 8987
8989 8990 8988
8988 8990 8991
8988 8991 8992
8986 8988 8992
8986 8992 8993
8986 8993 8994
8986 8994 8984
8984 8994 8995
8984 8995 8982
8982 8995 8996
8982 8996 8980
8980 8996 8997
8980 8997 8978
8978 8997 8998
8978 8998 8976
8976 8998 8999
8976 8999 8974
8974 8999 9000
8974 9000 8972
8972 9000 9001
8972 9001 8970
8970 9001 9002
8970 9002 8967
9003 8967 9002
9003 9002 9004
8969 8967 9003
9003 9004 9005
9003 9006 8969
9003 9005 9006
8969 9006 9007
9006 9005 9008
9006 9009 9007
9006 9008 9009
9007 9009 9010
9009 9008 9011
9010 9009 9012
9009 9011 9012
9010 9012 9013
9012 9011 9014
9013 9012 9015
9012 9014 9015
9013 9015 9016
9015 9014 9017
9016 9015 9018
9015 9017 9018
9016 9018 9019
9018 9017 9020
9019 9018 9021
9018 9020 9021
9019 9021 9022
9021 9023 9022
9024 9021 9020
9021 9024 9023
9024 9020 9025
9024 9026 9023
9026 9024 9025
