byte offset: 0
first index: 0
index count: 32964
topology: trianglelist
format: DXGI_FORMAT_R16_UINT

0 1 2
3 4 0
3 5 4
5 6 4
6 5 7
7 5 8
8 9 7
10 9 8
11 6 7
9 11 7
4 6 12
13 6 11
12 6 13
12 14 4
4 14 15
14 12 16
17 14 16
16 12 18
12 13 18
16 18 19
19 18 20
21 19 20
22 18 13
20 18 22
13 11 23
13 23 22
20 24 21
21 24 25
24 26 25
24 27 26
28 24 20
28 27 24
29 20 22
28 20 29
22 23 30
22 30 29
31 23 11
23 31 30
27 28 32
29 32 28
31 11 33
33 34 31
9 33 11
30 31 35
34 35 31
36 29 30
35 36 30
33 9 37
10 37 9
38 37 10
38 10 39
27 32 40
40 41 27
40 42 41
43 42 40
43 40 32
32 44 43
33 37 45
45 34 33
39 46 38
43 47 42
47 48 42
49 48 47
49 47 43
43 50 49
50 43 44
32 51 44
29 51 32
51 29 36
36 44 51
38 46 52
52 46 53
53 46 54
54 46 55
52 56 38
38 56 57
58 57 56
59 38 57
37 38 59
60 57 58
60 58 61
37 59 62
45 37 62
63 59 57
63 57 60
64 63 60
60 61 65
64 60 65
65 61 66
45 62 67
67 34 45
68 62 59
68 59 63
68 67 62
65 66 69
64 65 69
66 70 69
66 71 70
72 70 71
68 63 73
73 63 64
74 69 70
64 69 74
70 72 75
75 72 76
77 75 76
74 70 78
78 70 75
79 75 77
77 80 79
78 75 81
81 75 79
79 80 82
79 82 83
80 84 82
82 84 85
82 85 83
84 86 85
85 86 87
86 88 87
81 79 89
79 83 89
90 81 89
83 90 89
91 78 81
90 91 81
90 92 91
91 93 78
74 78 93
83 85 94
85 87 94
87 88 95
96 95 88
95 96 97
97 96 98
98 99 97
94 87 100
87 95 100
83 94 101
100 101 94
102 93 91
91 92 102
103 95 97
100 95 103
83 101 104
83 104 90
104 105 90
90 105 92
101 106 104
106 105 104
107 101 100
106 101 107
108 100 103
107 100 108
97 109 103
103 109 108
110 92 105
106 110 105
106 111 110
110 111 92
107 112 106
106 112 111
113 107 108
107 113 112
113 108 114
114 108 109
112 113 115
115 113 114
112 116 111
112 115 116
111 117 92
111 116 118
117 111 118
119 92 117
102 92 119
117 118 120
120 119 117
119 121 102
120 122 119
123 121 119
102 121 93
120 118 124
124 118 116
120 124 122
125 93 121
125 121 123
74 93 125
74 125 64
64 125 126
126 125 123
64 126 73
126 127 73
73 127 68
126 123 128
128 127 126
68 127 129
129 67 68
129 127 130
127 128 130
131 67 129
129 130 131
130 132 131
133 67 131
133 34 67
131 134 133
134 34 133
132 134 131
135 34 134
135 35 34
123 136 128
123 119 136
128 137 130
137 132 130
128 136 138
138 137 128
139 134 132
135 134 139
135 140 35
140 36 35
119 141 136
136 141 138
137 138 142
142 132 137
142 138 143
143 138 141
144 132 142
143 144 142
132 145 139
144 145 132
146 140 135
147 146 135
148 146 139
145 148 139
148 140 146
143 141 149
150 144 143
149 150 143
151 144 150
144 151 145
149 141 152
119 152 141
152 119 153
151 150 154
154 150 149
149 152 155
153 155 152
149 155 156
149 156 154
157 155 153
157 156 155
151 158 145
145 158 159
145 159 148
148 159 160
159 158 160
161 148 160
140 148 161
162 140 161
36 140 162
162 44 36
161 163 162
162 163 44
163 164 44
165 163 161
165 161 160
166 163 165
166 167 163
50 44 167
50 167 168
168 167 166
50 168 169
170 50 169
170 169 171
170 171 172
172 171 173
171 169 173
169 174 173
174 175 173
174 176 175
177 176 174
169 178 174
178 169 168
177 174 179
179 174 178
178 168 180
180 179 178
181 168 166
180 168 181
179 182 177
182 183 177
182 184 183
185 184 182
179 186 182
186 185 182
187 185 186
187 188 185
187 189 188
180 190 179
190 186 179
181 191 180
180 191 190
192 181 166
181 192 191
193 186 190
193 187 186
194 190 191
193 190 194
192 166 195
196 192 195
166 165 195
191 192 197
194 191 197
195 165 198
198 196 195
193 199 187
193 194 199
200 192 196
200 197 192
165 201 198
202 198 201
202 203 198
201 165 160
198 204 196
160 205 201
201 205 202
160 158 205
206 205 158
207 200 196
207 197 200
196 204 208
202 208 204
202 205 209
202 209 210
206 211 209
212 209 205
212 158 151
211 213 209
212 151 214
151 154 214
215 212 214
154 215 214
211 212 215
154 156 215
202 216 208
202 213 216
215 217 211
218 217 215
156 219 215
211 220 213
211 217 220
156 221 219
157 221 156
157 222 221
223 222 157
221 224 219
153 223 157
213 220 225
220 217 226
220 226 225
219 227 217
217 227 226
228 225 226
227 229 226
228 230 225
231 229 227
219 232 227
219 224 232
232 233 227
234 231 227
234 235 231
228 231 236
236 231 235
224 237 232
237 234 232
224 238 237
239 237 238
237 240 234
234 240 235
241 240 237
239 241 237
228 236 242
230 228 242
235 240 243
243 240 241
243 241 244
241 239 245
241 245 244
243 244 246
246 235 243
244 245 247
246 244 247
247 248 246
249 235 246
246 248 249
250 236 235
235 249 250
236 251 242
250 252 236
236 252 251
251 253 242
230 242 253
249 248 254
250 249 255
254 255 249
252 250 256
255 256 250
247 257 248
254 248 257
251 252 258
252 256 258
251 259 253
260 230 253
253 259 260
258 261 251
251 261 259
255 262 256
263 255 254
263 262 255
258 256 264
256 262 264
254 257 265
263 254 265
257 266 265
257 267 266
265 266 268
263 265 268
247 267 257
263 269 262
269 264 262
269 263 268
270 261 258
264 270 258
264 271 270
271 264 272
272 264 269
271 273 270
270 273 261
273 274 261
271 274 273
274 259 261
272 269 275
269 268 275
276 272 275
276 271 272
268 277 275
276 275 277
259 274 278
260 259 278
276 279 271
279 276 277
268 280 277
268 266 280
279 277 281
281 277 280
279 282 271
281 282 279
274 283 278
284 274 271
283 274 284
282 285 271
286 284 271
271 285 287
288 287 285
289 287 288
281 290 282
290 285 282
281 280 291
290 281 291
283 292 278
278 292 260
283 284 293
284 286 293
289 294 287
271 287 294
280 295 291
266 295 280
292 283 296
296 283 293
260 292 297
298 292 296
298 297 292
260 297 299
260 299 230
299 300 230
230 300 301
301 300 213
216 213 300
302 300 299
297 302 299
216 300 302
303 302 297
303 216 302
303 297 298
303 208 216
296 304 298
303 298 304
293 305 296
305 304 296
303 306 208
303 304 306
293 307 305
307 308 305
286 307 293
304 305 309
309 306 304
309 305 308
208 306 310
196 208 310
196 310 207
310 306 207
306 309 207
286 311 307
308 307 311
207 309 312
207 312 197
286 313 311
313 286 271
309 308 314
312 309 314
312 315 197
194 197 315
312 314 316
316 315 312
308 317 314
316 314 317
308 318 317
318 316 317
311 319 308
308 319 318
313 320 311
311 320 319
321 320 313
321 313 271
315 322 194
199 194 322
323 315 316
323 316 318
318 324 323
325 315 323
315 325 322
324 325 323
319 326 318
326 324 318
319 320 327
320 321 327
328 326 319
319 327 328
327 321 329
327 329 328
328 330 326
326 330 324
325 331 322
331 325 324
321 332 329
332 321 271
329 333 328
333 330 328
324 330 334
331 324 335
335 324 334
330 336 334
336 330 333
334 336 337
334 337 338
339 336 333
340 339 333
333 329 340
341 339 340
331 335 342
338 342 335
331 342 343
322 331 343
344 343 342
345 322 343
344 345 343
199 322 345
199 345 187
345 344 346
187 345 346
346 344 347
346 348 187
347 349 346
349 348 346
350 349 347
351 348 189
352 353 354
338 355 352
356 338 352
357 338 358
359 360 356
361 359 356
361 362 359
363 362 364
365 363 364
366 367 368
369 370 368
371 370 369
371 372 373
372 374 369
375 376 377
378 376 379
379 376 380
376 381 380
380 381 382
381 383 382
384 382 383
382 384 385
385 384 386
382 387 380
380 387 379
382 388 387
389 388 382
390 388 389
390 391 388
390 392 391
387 388 393
391 393 388
379 387 394
393 394 387
392 395 391
395 392 396
397 393 391
397 391 395
379 394 398
398 394 399
379 398 378
400 394 393
400 393 397
399 394 400
395 396 401
402 395 401
397 395 402
403 401 396
403 402 401
403 396 404
405 403 404
405 406 403
405 407 406
408 406 407
409 402 403
409 403 406
408 410 406
409 406 410
411 410 408
402 412 397
412 402 409
400 397 413
397 412 413
400 413 414
412 414 413
414 399 400
412 409 415
415 414 412
410 411 416
417 416 411
418 416 417
419 416 418
410 416 420
410 421 409
420 421 410
415 409 421
421 420 422
422 415 421
422 420 423
415 424 414
424 415 422
422 423 425
424 422 425
414 424 426
424 427 426
414 426 399
424 425 428
424 428 427
427 429 426
426 429 399
399 429 430
430 429 427
399 430 431
399 431 398
431 432 398
432 378 398
378 432 433
434 431 430
435 430 427
434 430 435
436 432 431
434 436 431
432 436 437
434 437 436
432 437 438
439 432 438
378 439 440
439 441 440
441 439 442
442 439 438
441 442 443
443 442 444
442 438 445
444 442 445
445 438 437
444 445 446
447 445 437
448 445 447
434 449 437
447 437 449
448 447 450
449 450 447
448 450 451
434 452 449
449 452 450
434 435 452
452 435 453
427 453 435
452 454 450
452 453 454
455 453 427
455 427 428
450 454 456
457 450 456
457 456 458
458 456 459
459 456 460
454 460 456
460 461 459
462 460 454
453 462 454
460 462 461
453 463 462
453 455 463
463 455 464
428 465 455
455 465 464
425 465 428
464 465 466
466 425 467
468 465 425
469 468 467
425 423 467
468 470 464
471 470 468
463 472 462
472 461 462
467 423 473
471 467 473
463 464 474
463 474 472
474 464 475
474 475 472
476 461 472
476 472 475
477 475 464
464 478 477
479 478 471
479 480 478
476 481 461
461 481 482
482 481 483
484 476 475
484 481 476
484 475 485
481 484 486
485 486 484
483 481 487
481 486 487
483 487 488
483 488 489
489 488 490
489 490 491
492 487 486
492 493 490
492 494 487
492 490 494
485 495 486
496 486 495
497 495 485
496 498 486
497 496 499
496 500 498
498 500 501
497 502 496
497 485 503
504 503 485
505 502 497
505 497 503
506 503 504
506 504 480
505 503 507
503 506 507
507 506 508
508 506 509
477 509 506
510 509 477
510 477 479
508 509 511
511 509 510
511 510 512
513 510 479
512 510 513
508 511 514
511 512 514
507 508 515
505 507 516
516 507 515
508 514 517
517 515 508
479 518 513
513 519 512
518 519 513
514 512 520
512 519 520
521 514 520
521 517 514
479 522 518
479 471 522
522 471 473
522 473 518
523 519 518
518 473 524
524 523 518
423 524 473
525 523 524
526 524 423
525 524 526
527 526 423
525 526 528
528 526 527
529 517 521
529 530 517
530 515 517
531 529 521
532 530 529
529 531 532
531 521 533
533 521 520
533 534 531
533 520 535
535 536 533
535 537 536
532 531 538
538 531 539
540 539 533
538 539 541
530 532 542
538 542 532
541 543 538
544 543 541
538 543 545
545 543 544
545 542 538
544 546 545
530 542 547
515 530 547
542 545 548
548 545 546
542 548 547
546 549 548
546 550 549
550 546 551
515 547 552
515 552 516
547 548 553
548 549 553
553 552 547
551 554 550
549 550 555
550 554 555
551 556 554
557 556 551
554 556 558
558 556 559
558 560 554
555 554 560
561 555 560
562 558 559
558 562 560
561 560 562
562 559 563
562 563 564
561 562 564
564 563 565
555 566 549
561 566 555
564 567 561
567 564 568
569 567 568
568 564 570
565 571 568
572 561 567
569 572 567
573 572 569
574 561 572
561 574 566
572 573 574
568 571 575
568 575 569
576 575 571
571 577 576
576 577 578
576 578 579
579 578 580
581 575 576
579 581 576
582 579 580
582 580 583
579 584 581
584 575 581
579 582 584
585 582 583
585 583 586
584 587 575
569 575 587
588 584 582
588 582 585
584 588 587
589 585 586
589 586 590
585 591 588
585 589 591
587 588 592
592 588 591
587 593 569
592 593 587
594 569 593
573 569 594
593 595 594
595 573 594
593 596 595
595 596 597
598 597 596
598 599 597
598 600 599
600 601 599
600 602 601
603 601 602
603 604 601
597 605 595
595 605 573
601 605 606
597 606 605
607 573 605
605 608 607
609 608 604
607 608 609
610 611 603
610 612 611
612 609 611
612 613 609
614 615 609
614 573 615
613 614 616
574 573 614
613 617 614
614 617 574
574 617 618
574 618 566
566 618 619
618 617 619
549 566 619
619 617 620
620 617 621
622 620 621
623 622 613
623 613 624
623 625 622
626 625 620
620 625 627
628 625 623
628 629 625
630 629 627
631 628 623
631 632 624
631 624 610
633 634 635
636 635 637
636 638 639
640 639 638
640 638 641
640 641 642
642 641 643
642 643 644
644 643 645
645 643 646
647 648 649
649 650 651
649 651 652
652 651 653
651 654 653
651 655 654
654 655 656
654 656 657
657 656 658
657 658 659
659 658 660
659 660 661
661 660 662
663 664 665
663 666 667
668 667 666
668 669 667
670 669 668
670 671 669
672 671 670
672 673 671
674 675 672
674 676 675
674 677 676
678 679 680
678 681 682
683 681 678
683 684 681
685 684 683
685 683 686
687 688 689
690 688 691
690 691 692
692 691 693
692 693 694
695 696 688
697 696 695
697 698 696
699 700 701
702 700 703
702 703 704
704 703 705
704 705 706
706 705 707
706 707 708
708 707 709
708 709 710
711 712 709
711 713 712
714 715 713
716 715 714
717 716 714
717 718 716
719 716 718
720 715 716
719 720 716
720 721 715
720 722 721
720 723 722
724 720 719
724 723 720
725 723 724
725 724 726
727 725 726
727 726 728
729 727 728
729 728 730
731 729 730
732 733 729
732 734 733
732 735 734
736 737 734
736 734 738
739 740 741
742 743 744
745 742 746
745 746 747
747 746 748
746 749 748
747 748 750
751 747 750
752 745 747
751 752 747
752 753 745
753 752 754
753 754 755
755 754 756
755 756 757
757 756 758
757 758 759
758 760 759
758 761 760
761 762 760
763 761 758
764 763 758
764 765 763
766 765 764
766 767 765
763 768 761
761 769 762
768 769 761
768 770 769
770 771 769
769 772 762
771 772 769
773 772 771
774 772 773
773 775 774
774 775 776
775 777 776
776 777 778
778 777 779
779 777 780
779 780 781
782 783 784
785 783 786
785 786 787
788 789 790
791 792 788
791 793 792
794 793 791
793 795 792
794 796 793
793 797 795
796 797 793
797 798 795
796 799 797
797 800 798
799 800 797
800 801 798
799 802 800
800 803 801
802 803 800
803 804 801
802 805 803
803 806 804
805 806 803
806 807 804
805 808 806
806 809 807
808 809 806
809 810 807
808 811 809
809 812 810
811 812 809
812 813 810
811 814 812
812 815 813
814 815 812
815 816 813
814 817 815
815 818 816
817 818 815
818 819 816
817 820 818
818 821 819
820 821 818
821 822 819
820 823 821
821 824 822
823 824 821
825 822 824
823 826 824
825 824 827
827 824 826
827 828 825
827 826 829
827 830 828
829 830 827
831 828 830
829 832 830
831 830 833
833 830 832
833 834 831
833 832 835
833 836 834
836 837 834
835 838 833
835 839 838
839 840 838
841 842 843
844 841 845
844 845 846
847 844 846
847 846 848
849 847 848
849 848 850
851 849 850
851 852 849
853 852 851
853 851 854
855 853 854
855 854 856
857 855 856
857 856 858
859 857 858
859 858 860
861 859 860
861 860 862
863 861 862
863 862 864
865 863 864
865 864 866
867 865 866
867 866 868
869 867 868
869 868 870
871 869 870
871 870 872
873 871 872
873 872 874
875 873 874
875 874 876
877 875 876
877 876 878
879 877 878
879 880 877
881 880 879
881 879 882
883 881 882
883 882 884
885 886 887
888 889 890
891 888 892
888 891 893
891 894 893
895 894 891
891 892 896
897 895 891
897 891 896
896 898 897
898 899 897
896 900 898
900 901 898
900 896 902
896 903 902
900 902 904
904 902 905
905 902 906
902 903 906
907 906 903
897 908 909
897 910 908
911 910 897
910 912 908
913 910 911
910 913 912
913 914 912
914 915 912
914 916 915
914 917 916
914 913 918
899 918 913
919 917 914
918 919 914
919 920 917
918 920 919
917 920 921
920 922 921
920 923 922
918 923 920
923 924 922
925 923 918
923 925 924
925 918 926
927 924 925
900 925 926
927 925 900
928 929 930
931 932 930
933 930 932
934 932 931
933 932 935
934 936 932
935 932 936
934 937 936
937 938 936
938 937 939
940 938 939
935 936 941
941 936 938
942 938 940
943 938 942
941 938 943
943 942 944
945 935 941
945 946 935
945 941 947
947 941 943
948 945 947
948 946 949
948 950 946
948 947 951
947 943 952
952 943 944
953 947 952
953 952 954
955 954 952
952 944 955
956 954 955
957 956 955
957 955 944
957 944 958
957 958 940
959 960 961
962 963 961
964 961 963
965 963 962
964 963 966
965 967 968
965 968 969
966 969 968
967 970 968
966 968 971
971 968 970
972 966 971
972 973 966
974 973 972
974 975 973
976 974 972
976 972 977
972 971 977
976 977 978
977 971 979
971 970 979
977 979 980
981 977 980
981 980 982
982 980 983
984 983 980
984 985 983
980 979 986
980 986 984
979 970 987
979 987 986
984 988 985
985 988 989
984 990 988
984 986 990
989 988 991
992 990 986
992 989 991
992 986 987
992 993 989
993 992 994
994 992 987
994 987 995
995 987 996
996 987 970
970 997 996
998 999 1000
1001 1000 1002
1003 1001 1002
1003 1002 1004
1002 1000 1005
1003 1004 1006
1007 1005 1000
1007 1000 1008
1006 1004 1009
1004 1010 1009
1006 1009 1011
1011 1009 1012
1013 1012 1009
1009 1010 1013
1013 1014 1012
1010 1014 1013
1014 1015 1012
1015 1014 1016
1016 1014 1017
1010 1017 1014
1018 1016 1017
1018 1017 1010
1018 1019 1016
1004 1020 1010
1021 1020 1004
1021 1005 1020
1020 1022 1010
1018 1010 1022
1005 1023 1020
1020 1023 1022
1024 1022 1023
1018 1022 1025
1025 1022 1026
1027 1018 1025
1019 1018 1027
1005 1028 1023
1029 1023 1028
1029 1030 1023
1031 1030 1026
1029 1028 1032
1032 1028 1033
1034 1033 1028
1034 1035 1005
1007 1034 1005
1034 1036 1033
1036 1037 1033
1038 1036 1034
1038 1034 1039
1040 1038 1039
1040 1036 1038
1036 1041 1037
1040 1041 1036
1041 1042 1037
1041 1043 1042
1043 1041 1040
1044 1042 1043
1044 1043 1045
1043 1040 1046
1045 1043 1046
1007 1047 1040
1047 1007 1008
1048 1040 1047
1049 1047 1008
1047 1049 1050
1049 1008 1051
1048 1049 1052
1052 1049 1051
1053 1048 1052
1052 1051 1054
1055 1053 1052
1052 1056 1055
1052 1057 1056
1054 1058 1056
1056 1058 1059
1060 1055 1056
1060 1056 1059
1060 1061 1055
1060 1059 1062
1063 1064 1065
1066 1067 1068
1069 1066 1070
1066 1069 1071
1066 1071 1072
1071 1073 1072
1074 1073 1071
1075 1076 1074
1075 1077 1069
1075 1078 1077
1075 1079 1076
1079 1080 1076
1079 1081 1080
1081 1079 1082
1082 1079 1075
1082 1083 1081
1069 1084 1075
1084 1082 1075
1069 1085 1084
1085 1082 1084
1086 1083 1082
1085 1086 1082
1085 1069 1087
1069 1088 1087
1089 1086 1085
1085 1087 1090
1090 1087 1091
1091 1087 1092
1087 1088 1092
1093 1092 1088
1089 1094 1086
1095 1086 1094
1086 1095 1083
1095 1094 1096
1097 1095 1096
1083 1095 1097
1097 1096 1098
1099 1097 1098
1083 1097 1100
1100 1097 1099
1083 1100 1101
1100 1099 1101
1101 1102 1083
1101 1099 1103
1102 1101 1080
1101 1103 1104
1101 1104 1080
1105 1106 1107
1108 1109 1107
1110 1107 1109
1111 1109 1108
1110 1109 1112
1111 1113 1109
1112 1109 1113
1111 1114 1113
1112 1113 1115
1116 1112 1115
1116 1117 1112
1118 1117 1116
1118 1119 1117
1120 1118 1116
1120 1116 1121
1116 1115 1121
1120 1121 1122
1115 1113 1123
1124 1123 1113
1123 1124 1125
1121 1115 1126
1115 1123 1126
1122 1121 1127
1121 1126 1127
1122 1127 1128
1128 1127 1129
1125 1130 1123
1126 1123 1130
1131 1130 1125
1132 1130 1131
1127 1126 1133
1126 1130 1133
1134 1129 1127
1127 1133 1134
1135 1129 1134
1132 1136 1130
1136 1133 1130
1137 1136 1132
1136 1137 1138
1136 1139 1133
1134 1133 1139
1136 1138 1139
1134 1140 1135
1135 1140 1138
1138 1140 1139
1134 1139 1140
1141 1142 1143
1144 1141 1145
1141 1144 1146
1144 1147 1146
1148 1147 1144
1144 1145 1149
1150 1148 1144
1150 1144 1149
1149 1151 1150
1149 1152 1151
1151 1153 1150
1152 1153 1151
1152 1149 1154
1149 1155 1154
1152 1154 1156
1156 1154 1157
1157 1154 1158
1154 1155 1158
1159 1158 1155
1152 1160 1153
1161 1160 1152
1161 1162 1160
1163 1160 1162
1163 1162 1164
1160 1163 1165
1160 1165 1153
1166 1163 1164
1165 1163 1166
1166 1164 1167
1168 1166 1167
1169 1166 1168
1165 1166 1169
1169 1168 1170
1165 1169 1170
1170 1168 1171
1170 1171 1172
1170 1172 1173
1170 1174 1165
1153 1165 1174
1174 1170 1173
1174 1175 1153
1175 1174 1173
1153 1175 1150
1175 1173 1176
1150 1175 1176
1150 1176 1177
1178 1179 1180
1181 1180 1182
1183 1181 1182
1182 1180 1184
1183 1182 1185
1183 1185 1186
1182 1184 1187
1182 1187 1185
1184 1188 1187
1184 1189 1188
1190 1189 1184
1190 1191 1189
1192 1189 1191
1193 1189 1192
1193 1188 1189
1193 1194 1188
1185 1187 1195
1185 1195 1196
1197 1185 1196
1197 1196 1198
1198 1196 1199
1200 1199 1196
1196 1201 1200
1196 1195 1201
1187 1202 1195
1187 1203 1202
1204 1202 1203
1202 1204 1205
1195 1202 1206
1205 1206 1202
1195 1206 1201
1207 1206 1205
1208 1206 1207
1208 1209 1206
1209 1201 1206
1210 1209 1208
1209 1210 1211
1200 1201 1212
1209 1212 1201
1209 1211 1212
1200 1212 1213
1211 1213 1212
1214 1213 1211
1215 1213 1214
1214 1199 1215
1216 1217 1191
1218 1219 1220
1221 1222 1220
1223 1220 1222
1224 1222 1221
1223 1222 1225
1224 1226 1222
1225 1222 1226
1224 1227 1226
1225 1226 1228
1228 1226 1229
1230 1229 1226
1229 1230 1231
1228 1229 1232
1233 1228 1232
1231 1234 1229
1232 1229 1234
1235 1234 1231
1236 1234 1235
1236 1237 1234
1238 1237 1236
1237 1238 1239
1232 1234 1240
1237 1240 1234
1237 1239 1241
1237 1241 1240
1242 1232 1240
1233 1232 1242
1239 1243 1241
1244 1243 1239
1245 1240 1241
1245 1241 1243
1245 1243 1244
1242 1240 1245
1244 1246 1245
1245 1246 1242
1247 1242 1246
1248 1242 1247
1248 1233 1242
1249 1233 1250
1249 1251 1233
1251 1252 1233
1251 1225 1252
1249 1253 1251
1251 1254 1225
1253 1254 1251
1253 1255 1254
1256 1257 1258
1256 1259 1260
1256 1260 1261
1256 1261 1262
1261 1263 1262
1264 1263 1261
1265 1261 1260
1265 1266 1261
1260 1267 1265
1265 1268 1264
1267 1269 1265
1265 1270 1268
1269 1270 1265
1270 1271 1268
1272 1270 1269
1270 1272 1271
1269 1273 1272
1272 1274 1271
1274 1272 1273
1274 1275 1271
1274 1276 1275
1274 1277 1276
1278 1277 1274
1273 1279 1274
1278 1280 1277
1277 1280 1281
1280 1282 1281
1273 1283 1279
1280 1284 1282
1273 1284 1283
1284 1285 1282
1286 1284 1273
1284 1286 1285
1287 1285 1286
1286 1273 1288
1287 1286 1289
1289 1286 1288
1289 1288 1290
1291 1289 1290
1289 1292 1293
1289 1293 1294
1294 1293 1295
1292 1296 1293
1295 1293 1297
1293 1296 1297
1298 1297 1296
1299 1300 1301
1302 1301 1303
1304 1302 1303
1303 1301 1305
1304 1303 1306
1304 1306 1307
1303 1305 1308
1303 1308 1306
1305 1309 1308
1305 1310 1309
1311 1310 1305
1311 1312 1310
1313 1310 1312
1314 1310 1313
1314 1309 1310
1314 1315 1309
1308 1309 1316
1317 1316 1309
1316 1317 1318
1306 1308 1319
1308 1316 1319
1318 1320 1316
1319 1316 1320
1321 1320 1318
1322 1320 1321
1306 1319 1323
1324 1306 1323
1324 1323 1325
1325 1323 1326
1322 1327 1320
1328 1327 1322
1319 1320 1329
1323 1319 1329
1327 1329 1320
1330 1326 1323
1323 1329 1330
1331 1326 1330
1327 1332 1329
1330 1329 1332
1327 1333 1332
1334 1328 1333
1330 1335 1331
1330 1332 1335
1333 1335 1332
1331 1335 1333
1336 1337 1312
1338 1339 1340
1341 1340 1342
1343 1341 1342
1342 1340 1344
1343 1342 1345
1343 1345 1346
1342 1344 1347
1342 1347 1345
1346 1345 1348
1346 1348 1349
1349 1348 1350
1345 1347 1351
1345 1351 1348
1352 1350 1348
1353 1350 1352
1348 1351 1354
1348 1354 1352
1352 1355 1353
1353 1355 1356
1352 1357 1355
1356 1355 1357
1352 1354 1357
1358 1356 1357
1358 1357 1354
1358 1359 1356
1359 1358 1360
1361 1360 1358
1358 1354 1362
1361 1358 1362
1351 1362 1354
1361 1362 1363
1351 1364 1362
1363 1362 1364
1364 1365 1363
1347 1364 1351
1365 1364 1366
1347 1366 1364
1344 1366 1347
1344 1367 1366
1368 1367 1344
1368 1369 1367
1370 1367 1369
1371 1367 1370
1371 1366 1367
1371 1372 1366
1373 1374 1369
1375 1376 1377
1378 1379 1375
1375 1380 1378
1375 1379 1381
1381 1382 1375
1381 1383 1382
1381 1384 1383
1385 1380 1375
1385 1375 1386
1385 1386 1387
1388 1380 1385
1385 1387 1388
1389 1380 1388
1388 1387 1390
1388 1391 1389
1388 1390 1391
1392 1381 1393
1392 1394 1381
1395 1394 1392
1383 1394 1396
1395 1396 1394
1383 1396 1397
1395 1398 1396
1396 1398 1397
1399 1400 1401
1402 1403 1399
1399 1404 1402
1402 1404 1405
1406 1402 1405
1402 1407 1403
1408 1402 1406
1408 1407 1402
1407 1408 1409
1409 1408 1410
1407 1409 1411
1411 1409 1412
1411 1413 1407
1407 1413 1414
1411 1415 1413
1415 1416 1413
1416 1417 1413
1413 1417 1414
1418 1414 1417
1408 1419 1420
1408 1420 1421
1422 1408 1421
1421 1420 1423
1424 1422 1421
1421 1423 1424
1424 1423 1425
1425 1423 1426
1425 1426 1427
1425 1427 1428
1429 1425 1428
1429 1428 1430
1428 1431 1430
1430 1431 1432
1425 1433 1424
1410 1424 1433
1433 1425 1434
1433 1434 1430
1430 1432 1435
1433 1430 1435
1435 1432 1436
1437 1433 1435
1435 1436 1437
1437 1438 1433
1439 1437 1436
1411 1438 1437
1439 1411 1437
1440 1441 1442
1443 1441 1444
1445 1444 1441
1446 1443 1444
1445 1447 1444
1446 1444 1448
1447 1448 1444
1446 1448 1449
1449 1448 1450
1450 1451 1449
1452 1451 1450
1447 1453 1448
1453 1450 1448
1454 1452 1450
1455 1452 1454
1456 1454 1450
1453 1456 1450
1457 1453 1447
1457 1447 1458
1457 1459 1453
1459 1456 1453
1460 1459 1457
1460 1461 1458
1460 1458 1462
1460 1463 1459
1455 1454 1464
1456 1464 1454
1459 1465 1456
1465 1464 1456
1466 1465 1459
1466 1467 1465
1455 1464 1468
1465 1468 1464
1468 1465 1467
1455 1468 1469
1469 1468 1467
1470 1471 1472
1473 1471 1474
1475 1474 1471
1476 1473 1474
1475 1477 1474
1476 1474 1478
1477 1478 1474
1476 1478 1479
1479 1478 1480
1477 1481 1478
1481 1480 1478
1482 1481 1477
1482 1477 1483
1484 1482 1483
1484 1483 1485
1486 1482 1484
1486 1487 1482
1482 1487 1481
1486 1488 1487
1487 1489 1481
1481 1489 1480
1487 1490 1489
1491 1490 1487
1491 1492 1490
1492 1493 1490
1494 1490 1493
1494 1493 1495
1490 1496 1489
1490 1494 1496
1489 1497 1480
1489 1496 1497
1494 1495 1498
1495 1499 1498
1494 1498 1500
1494 1500 1496
1499 1500 1498
1501 1496 1500
1501 1500 1499
1501 1497 1496
1502 1480 1497
1480 1502 1503
1504 1502 1497
1505 1504 1497
1505 1497 1501
1506 1505 1501
1507 1499 1506
1508 1509 1510
1511 1512 1509
1513 1512 1511
1513 1514 1512
1513 1515 1514
1515 1516 1514
1514 1516 1517
1515 1518 1516
1518 1519 1516
1512 1514 1520
1514 1517 1520
1512 1521 1509
1512 1520 1521
1522 1516 1519
1516 1522 1517
1522 1519 1523
1517 1522 1523
1523 1519 1524
1524 1525 1523
1525 1526 1523
1517 1523 1526
1527 1526 1525
1527 1517 1526
1527 1525 1528
1520 1517 1529
1527 1529 1517
1530 1509 1521
1530 1531 1509
1520 1529 1532
1521 1520 1532
1533 1532 1529
1527 1534 1529
1534 1535 1529
1529 1535 1536
1537 1534 1527
1528 1537 1527
1538 1532 1536
1538 1539 1532
1521 1532 1539
1538 1540 1539
1540 1541 1539
1542 1521 1539
1542 1539 1541
1530 1521 1542
1542 1541 1543
1543 1541 1544
1545 1530 1542
1545 1542 1543
1543 1544 1546
1546 1544 1547
1548 1545 1543
1548 1530 1545
1548 1543 1546
1546 1547 1549
1549 1548 1546
1550 1549 1547
1550 1551 1549
1549 1552 1548
1551 1552 1549
1530 1548 1553
1553 1531 1530
1554 1553 1548
1555 1531 1553
1553 1556 1555
1555 1557 1531
1554 1558 1555
1558 1557 1555
1559 1558 1554
1558 1560 1557
1561 1558 1559
1558 1561 1562
1558 1562 1563
1560 1562 1564
1562 1565 1564
1566 1562 1561
1566 1565 1562
1566 1561 1567
1566 1568 1565
1569 1570 1571
1572 1573 1574
1575 1576 1572
1572 1577 1575
1572 1578 1577
1577 1578 1579
1580 1577 1579
1581 1575 1577
1581 1577 1582
1575 1581 1583
1583 1581 1584
1575 1583 1585
1585 1583 1584
1585 1586 1575
1575 1586 1587
1585 1588 1586
1588 1589 1586
1589 1590 1586
1586 1590 1587
1591 1587 1590
1585 1584 1592
1593 1585 1592
1593 1592 1594
1595 1594 1592
1595 1596 1594
1592 1597 1595
1592 1584 1597
1598 1596 1595
1597 1598 1595
1598 1599 1596
1600 1599 1598
1601 1600 1598
1597 1601 1598
1601 1602 1600
1597 1602 1601
1602 1603 1600
1602 1604 1603
1602 1605 1604
1602 1597 1606
1584 1606 1597
1606 1605 1602
1606 1584 1607
1607 1605 1606
1584 1608 1607
1607 1609 1605
1608 1609 1607
1608 1580 1609
1610 1611 1612
1613 1611 1614
1615 1614 1611
1616 1613 1614
1615 1617 1614
1616 1614 1618
1617 1618 1614
1616 1618 1619
1617 1620 1618
1621 1620 1617
1621 1617 1622
1623 1621 1622
1623 1622 1624
1625 1621 1623
1625 1626 1621
1621 1626 1620
1625 1627 1626
1620 1628 1618
1629 1618 1628
1628 1630 1629
1627 1631 1626
1627 1632 1631
1632 1633 1631
1626 1634 1620
1620 1634 1628
1626 1631 1634
1630 1628 1635
1634 1635 1628
1636 1630 1635
1637 1636 1635
1637 1635 1638
1634 1639 1635
1631 1639 1634
1640 1635 1639
1641 1637 1640
1640 1642 1641
1643 1631 1633
1631 1643 1639
1644 1643 1633
1640 1639 1645
1640 1645 1642
1643 1645 1639
1643 1644 1646
1644 1642 1646
1642 1645 1646
1643 1646 1645
1647 1648 1649
1650 1651 1647
1647 1652 1650
1650 1652 1653
1654 1650 1653
1650 1655 1651
1656 1650 1654
1656 1655 1650
1655 1656 1657
1655 1657 1658
1657 1656 1659
1658 1657 1659
1658 1660 1655
1655 1660 1661
1658 1662 1660
1662 1663 1660
1663 1664 1660
1660 1664 1661
1665 1661 1664
1658 1659 1666
1667 1658 1666
1667 1666 1668
1669 1668 1666
1669 1670 1668
1666 1671 1669
1666 1659 1671
1672 1670 1669
1671 1672 1669
1672 1673 1670
1674 1673 1672
1675 1674 1672
1671 1675 1672
1675 1676 1674
1671 1676 1675
1676 1677 1674
1676 1678 1677
1676 1679 1678
1676 1671 1680
1659 1680 1671
1680 1679 1676
1680 1659 1681
1681 1679 1680
1659 1656 1681
1681 1682 1679
1656 1682 1681
1656 1683 1682
1684 1685 1686
1687 1688 1685
1689 1688 1687
1688 1690 1685
1689 1691 1688
1689 1692 1691
1693 1694 1690
1693 1691 1694
1690 1694 1695
1690 1695 1696
1697 1690 1696
1697 1696 1698
1699 1698 1696
1700 1699 1696
1700 1696 1695
1700 1695 1701
1694 1702 1695
1703 1695 1702
1702 1704 1703
1691 1705 1694
1694 1705 1702
1704 1702 1706
1705 1706 1702
1707 1704 1706
1708 1707 1706
1691 1709 1705
1710 1709 1691
1710 1711 1709
1711 1712 1709
1708 1706 1713
1714 1708 1713
1713 1715 1714
1705 1716 1706
1709 1716 1705
1713 1706 1716
1717 1709 1712
1709 1717 1716
1718 1717 1712
1713 1716 1719
1713 1719 1715
1717 1719 1716
1717 1718 1720
1718 1715 1720
1715 1719 1720
1717 1720 1719
1721 1698 1722
1723 1724 1725
1726 1724 1727
1728 1727 1724
1729 1726 1727
1728 1730 1727
1729 1727 1731
1730 1731 1727
1729 1731 1732
1730 1733 1731
1734 1733 1730
1734 1730 1735
1736 1734 1735
1736 1735 1737
1738 1734 1736
1738 1739 1734
1734 1739 1733
1738 1740 1739
1733 1741 1731
1742 1731 1741
1741 1743 1742
1739 1744 1733
1733 1744 1741
1743 1741 1745
1744 1745 1741
1746 1743 1745
1747 1746 1745
1739 1748 1744
1749 1748 1739
1749 1750 1748
1750 1751 1748
1747 1745 1752
1753 1747 1752
1752 1754 1753
1744 1755 1745
1748 1755 1744
1752 1745 1755
1756 1748 1751
1748 1756 1755
1757 1756 1751
1752 1755 1758
1752 1758 1754
1756 1758 1755
1756 1757 1759
1757 1754 1759
1754 1758 1759
1756 1759 1758
1760 1761 1762
1760 1763 1764
1760 1765 1763
1760 1766 1765
1765 1766 1767
1768 1765 1767
1769 1763 1765
1769 1765 1770
1763 1769 1771
1769 1768 1772
1771 1769 1773
1769 1772 1774
1773 1769 1774
1774 1772 1775
1776 1773 1774
1774 1775 1776
1773 1776 1777
1776 1775 1778
1778 1777 1776
1778 1775 1779
1778 1779 1780
1778 1780 1781
1782 1778 1781
1777 1778 1782
1782 1781 1783
1777 1782 1783
1781 1784 1783
1783 1784 1785
1783 1785 1786
1777 1783 1786
1786 1785 1787
1788 1777 1786
1786 1787 1788
1789 1788 1787
1788 1790 1777
1789 1791 1788
1791 1790 1788
1791 1792 1790
1793 1792 1791
1791 1794 1795
1791 1796 1794
1796 1797 1794
1795 1794 1798
1797 1799 1794
1794 1799 1798
1800 1798 1799
1801 1802 1803
1804 1805 1802
1806 1805 1804
1805 1807 1802
1806 1808 1805
1806 1809 1808
1805 1810 1807
1805 1808 1810
1807 1810 1811
1807 1811 1812
1813 1807 1812
1813 1812 1814
1815 1814 1812
1816 1815 1812
1816 1812 1811
1816 1811 1817
1810 1818 1811
1819 1811 1818
1818 1820 1819
1808 1821 1810
1810 1821 1818
1820 1818 1822
1821 1822 1818
1823 1820 1822
1824 1823 1822
1808 1825 1821
1826 1825 1808
1826 1827 1825
1827 1828 1825
1824 1822 1829
1830 1824 1829
1829 1831 1830
1821 1832 1822
1825 1832 1821
1829 1822 1832
1833 1825 1828
1825 1833 1832
1834 1833 1828
1829 1832 1835
1829 1835 1831
1833 1835 1832
1833 1834 1836
1834 1831 1836
1831 1835 1836
1833 1836 1835
1837 1814 1838
1839 1840 1841
1842 1843 1840
1844 1843 1842
1843 1845 1840
1844 1846 1843
1844 1847 1846
1843 1848 1845
1843 1846 1848
1847 1849 1846
1847 1850 1849
1850 1851 1849
1846 1852 1848
1846 1849 1852
1853 1849 1851
1854 1853 1851
1849 1855 1852
1849 1853 1855
1853 1854 1856
1854 1857 1856
1853 1856 1858
1857 1858 1856
1853 1858 1855
1859 1858 1857
1859 1855 1858
1859 1857 1860
1860 1861 1859
1862 1859 1861
1859 1863 1855
1862 1863 1859
1852 1855 1863
1862 1864 1863
1852 1863 1865
1864 1865 1863
1865 1864 1866
1848 1852 1865
1866 1867 1865
1848 1865 1867
1845 1848 1867
1845 1867 1868
1869 1845 1868
1869 1868 1870
1871 1870 1868
1872 1871 1868
1872 1868 1867
1872 1867 1873
1874 1870 1875
1876 1877 1878
1877 1879 1880
1877 1880 1881
1879 1882 1880
1882 1879 1883
1884 1882 1883
1884 1883 1885
1884 1885 1886
1887 1882 1884
1887 1884 1886
1880 1882 1888
1882 1887 1888
1886 1889 1887
1890 1889 1886
1887 1889 1891
1890 1891 1889
1887 1891 1888
1892 1891 1890
1893 1891 1892
1893 1894 1891
1888 1891 1894
1895 1880 1888
1888 1894 1895
1895 1881 1880
1896 1895 1894
1894 1897 1896
1894 1898 1897
1899 1896 1897
1899 1900 1896
1901 1900 1899
1896 1900 1902
1896 1902 1895
1895 1903 1881
1895 1902 1903
1904 1881 1903
1904 1905 1881
1906 1904 1903
1906 1903 1907
1902 1907 1903
1906 1907 1908
1907 1909 1908
1902 1909 1907
1910 1909 1902
1902 1911 1910
1912 1910 1911
1913 1910 1912
1913 1914 1910
1914 1913 1915
1916 1914 1915
1910 1917 1909
1914 1917 1910
1917 1918 1909
1909 1918 1919
1918 1920 1919
1914 1921 1917
1921 1918 1917
1921 1914 1916
1918 1922 1920
1921 1922 1918
1923 1920 1922
1924 1922 1921
1924 1925 1922
1921 1916 1926
1926 1924 1921
1927 1923 1924
1927 1928 1923
1929 1928 1927
1929 1927 1930
1931 1927 1924
1931 1924 1926
1927 1931 1932
1929 1932 1933
1934 1926 1916
1934 1931 1926
1931 1935 1932
1932 1935 1936
1934 1937 1931
1935 1931 1937
1936 1935 1938
1938 1939 1936
1940 1938 1935
1940 1935 1937
1941 1939 1938
1941 1938 1940
1939 1941 1942
1939 1942 1943
1934 1944 1937
1945 1944 1934
1946 1945 1934
1947 1944 1945
1947 1937 1944
1937 1948 1940
1949 1948 1937
1948 1949 1950
1951 1948 1950
1940 1948 1951
1952 1951 1950
1952 1953 1951
1940 1951 1954
1954 1951 1953
1941 1940 1954
1955 1941 1954
1954 1953 1955
1942 1941 1955
1955 1953 1956
1953 1957 1956
1953 1958 1957
1959 1956 1957
1959 1960 1956
1961 1960 1959
1956 1960 1962
1962 1955 1956
1942 1955 1962
1942 1962 1963
1964 1942 1963
1964 1965 1942
1966 1964 1963
1962 1967 1963
1966 1963 1967
1962 1968 1967
1966 1967 1969
1967 1968 1969
1970 1971 1972
1973 1970 1974
1970 1973 1975
1970 1976 1974
1976 1970 1977
1976 1977 1978
1979 1970 1975
1979 1980 1970
1979 1981 1980
1982 1979 1975
1979 1982 1981
1983 1982 1975
1982 1984 1981
1982 1983 1985
1982 1985 1984
1976 1978 1986
1987 1976 1986
1987 1988 1976
1989 1987 1986
1978 1990 1986
1989 1986 1990
1978 1991 1990
1989 1990 1992
1990 1991 1992
55 1993 39
527 1994 1995
1995 1996 1997
1995 1997 525
1998 1999 2000
1998 2001 1999
2002 2001 1998
2002 2003 2001
2004 2003 2002
2004 2002 2005
2006 2004 2005
2006 2007 2004
2006 2008 2007
2006 2009 2008
2010 1999 2011
2010 2011 2012
2012 2011 2013
2012 2013 2014
2014 2013 2015
2014 2015 2016
2016 2015 2017
2016 2017 2018
2018 2017 2019
2018 2019 2020
2020 2019 2021
2020 2021 2022
2022 2021 2023
2022 2023 2024
2024 2023 2025
2024 2025 2026
2026 2025 2027
2026 2027 2028
2028 2027 2029
2028 2029 2030
2030 2029 2031
2032 2033 2034
2032 2034 2035
2035 2036 2037
2035 2037 2038
2039 2035 2038
2039 2038 2040
2041 2038 2037
2040 2038 2041
2041 2037 2042
2040 2041 2043
2041 2042 2044
2043 2041 2045
2041 2044 2045
2043 2045 2046
2045 2044 2047
2046 2045 2048
2045 2047 2049
2046 2048 2050
2049 2047 2051
2050 2048 2052
2049 2051 2053
2050 2052 2054
2053 2051 2055
2054 2052 2056
2053 2055 2057
2054 2056 2058
2057 2055 2059
2058 2056 2060
2057 2059 2061
2058 2060 2062
2062 2060 2063
2062 2063 2064
2064 2063 2065
2064 2065 2066
2066 2065 2067
2066 2067 2068
2068 2067 2069
2068 2069 2070
2070 2069 2071
2070 2071 2072
2072 2071 2073
2072 2073 2074
2074 2073 2075
2074 2075 2076
2076 2075 2077
2078 2079 2077
2080 2079 2078
2080 2081 2079
2082 2081 2080
2082 2083 2081
2084 2083 2082
2084 2085 2083
2086 2085 2084
2086 2087 2085
2088 2087 2086
2088 2089 2087
2090 2089 2088
2090 2088 2091
2061 2090 2091
2061 2059 2090
2092 2093 2094
2092 2094 2036
2095 2096 2097
2098 2096 2095
2098 2095 2099
2100 2096 2101
2102 2100 2101
2103 2104 97
2104 2105 97
2105 2106 97
2106 109 97
2107 109 2106
114 109 2107
2106 2105 2108
2107 2106 2108
2109 114 2107
2109 115 114
2110 2105 2104
2110 2111 2105
2112 2110 2104
2112 2104 2113
2104 99 2113
2111 2114 2105
2108 2105 2114
2111 2115 2114
2116 2108 2114
2115 2116 2114
2117 2107 2108
2117 2108 2116
2109 2107 2118
2117 2118 2107
2109 2118 2119
2117 2119 2118
2115 295 2116
2116 295 266
2116 266 2117
291 295 2115
266 2120 2117
2117 2120 2119
291 2115 2121
290 291 2121
266 2122 2120
266 267 2122
247 2122 267
2120 2122 2123
2120 2123 2119
2123 2122 247
2115 2124 2121
2125 2124 2115
2124 2125 2126
290 2121 2127
2127 2121 2124
2119 2123 2128
2128 2123 247
2124 2126 2129
2126 2112 2129
2129 2112 2130
2124 2129 2131
2124 2131 2127
2127 2132 290
290 2132 285
285 2132 288
288 2132 2127
288 2127 2131
2129 2133 2131
2129 2134 2133
2131 2133 2135
2135 288 2131
2136 288 2135
2137 2138 288
288 2138 289
289 2138 2139
2139 2138 2140
2140 2141 2139
2139 294 289
2141 294 2139
2142 2141 2140
2143 2141 2142
2144 294 2141
271 294 2144
271 2144 2145
2141 2145 2144
2145 332 271
2146 2141 2143
2146 2145 2141
2143 2147 2146
2146 2147 2145
341 2147 2143
2147 341 340
2148 332 2145
2145 2147 2148
2148 2147 340
329 332 2148
340 329 2148
2149 2150 2151
2152 2149 2151
2153 2149 2152
2153 2152 2154
2153 2154 2155
2155 2154 2156
2155 2156 2157
2157 2156 2158
2157 2158 2159
2160 2159 2158
2161 2159 2160
2162 2161 2160
2163 2161 2162
2162 2164 2163
2162 2165 2164
2164 2165 2166
2164 2166 2167
2167 2166 2168
2167 2168 2169
2169 2168 2170
2171 2172 2173
2173 2172 2174
2175 2173 2174
2176 2173 2175
2173 2176 2177
2177 2176 2178
2174 2172 2179
2180 2175 2174
2174 2179 2180
2181 2172 2177
2182 2179 2172
2182 2172 2181
2182 2183 2179
2182 2181 2184
2179 2183 2185
2180 2179 2185
2181 2186 2184
2181 2187 2186
2177 2187 2181
2188 2186 2187
2188 2187 2189
2189 2190 2188
2177 2191 2187
2189 2187 2191
2189 2191 2192
2189 2193 2190
2192 2193 2189
2190 2193 2194
2190 2194 2195
2192 2196 2193
2194 2193 2196
2197 2195 2194
2198 2195 2197
2194 2196 2199
2199 2197 2194
2198 2197 2200
2198 2200 2201
2199 2202 2197
2200 2197 2202
2201 2200 2203
2201 2203 2204
2203 2205 2204
2200 2206 2203
2207 2205 2203
2206 2207 2203
2208 2205 2207
2208 2209 2205
2200 2202 2210
2200 2210 2206
2211 2208 2207
2206 2211 2207
2208 2212 2209
2209 2212 2213
2211 2214 2208
2212 2208 2214
2206 2215 2211
2214 2211 2215
2206 2210 2216
2216 2215 2206
2217 2213 2212
2213 2217 2218
2218 2217 2219
2218 2219 2220
2219 2217 2221
2221 2217 2222
2222 2217 2223
2212 2223 2217
2212 2214 2224
2224 2223 2212
2214 2215 2225
2214 2225 2224
2216 2210 2226
2215 2216 2227
2226 2227 2216
2225 2215 2228
2215 2227 2228
2210 2229 2226
2229 2210 2202
2202 2230 2229
2202 2199 2230
2226 2229 2231
2230 2231 2229
2226 2232 2227
2231 2232 2226
2199 2233 2230
2196 2233 2199
2234 2231 2230
2233 2234 2230
2234 2235 2231
2231 2235 2232
2236 2235 2234
2237 2235 2236
2237 2238 2235
2235 2238 2239
2235 2239 2232
2232 2239 2240
2232 2240 2227
2228 2227 2240
2233 2241 2234
2228 2240 2242
2241 2233 2243
2241 2243 2244
2196 2243 2233
2245 2243 2196
2228 2242 2246
2225 2228 2246
2247 2225 2246
2224 2225 2247
2247 2246 2248
2246 2242 2248
2248 2242 2249
2250 2251 2245
2252 2196 2253
2253 2254 2252
2250 2252 2254
2255 2252 2250
2255 2256 2252
2257 2250 2254
2257 2254 2178
2254 2177 2178
2254 2258 2177
2258 2254 2192
2259 2257 2178
2178 2260 2259
2260 2175 2259
2259 2175 2261
2175 2262 2261
2262 2175 2180
2259 2261 2263
2259 2264 2257
2259 2263 2264
2261 2262 2265
2263 2261 2265
2264 2266 2257
2257 2266 2267
2257 2267 2268
2264 2269 2266
2264 2263 2269
2269 2263 2270
2271 2270 2263
2265 2271 2263
2272 2270 2271
2271 2273 2272
2272 2273 2274
2273 2275 2274
2271 2265 2276
2271 2276 2273
2265 2277 2276
2262 2277 2265
2277 2262 2278
2262 2180 2278
2273 2276 2279
2278 2279 2276
2280 2275 2273
2273 2279 2280
2281 2275 2280
2279 2281 2280
2282 2275 2281
2283 2282 2281
2278 2180 2284
2185 2284 2180
2285 2284 2185
2278 2284 2286
2284 2285 2286
2278 2286 2279
2286 2285 2287
2283 2281 2288
2283 2288 2289
2279 2290 2281
2290 2279 2286
2288 2281 2290
2286 2287 2291
2290 2286 2291
2291 2287 2292
2293 2291 2292
2289 2288 2294
2294 2295 2289
2288 2290 2296
2296 2294 2288
2297 2290 2291
2297 2291 2293
2297 2296 2290
2298 2295 2294
2298 2299 2295
2296 2300 2294
2297 2300 2296
2300 2298 2294
2293 2301 2297
2297 2301 2300
2293 2302 2301
2302 2303 2301
2301 2303 2304
2301 2304 2300
2305 2304 2303
2300 2306 2298
2300 2304 2306
2307 2299 2298
2306 2307 2298
2304 2308 2306
2308 2304 2305
2306 2308 2307
2309 2299 2307
2309 2307 2308
2309 2310 2299
2305 2311 2308
2309 2308 2311
2305 2312 2311
2313 2310 2309
2313 2309 2311
2314 2310 2313
2315 2314 2313
2316 2311 2312
2313 2311 2316
2316 2312 2317
2316 2317 2318
2315 2313 2319
2319 2313 2316
2320 2315 2319
2316 2318 2321
2319 2316 2321
2320 2319 2322
2322 2319 2321
2322 2323 2320
2324 2321 2318
2322 2321 2324
2324 2318 2325
2322 2326 2323
2324 2326 2322
2327 2323 2326
2325 2328 2324
2324 2328 2326
2325 2329 2328
2330 2328 2329
2327 2326 2331
2331 2326 2328
2331 2328 2330
2331 2332 2327
2331 2330 2332
2332 2333 2334
2333 2335 2334
2336 2337 2338
2337 2336 2339
2340 2339 2336
2341 2342 2343
2342 2344 2343
2342 2345 2344
2346 2344 2345
2346 2345 2347
2348 2346 2347
2348 2347 2349
2350 2348 2349
2350 2351 2348
2352 2351 2350
2352 2350 2353
2352 2353 2354
2352 2354 2355
2356 2355 2354
2356 2354 2357
2358 2356 2357
2358 2359 2356
2360 2359 2358
2360 2358 2361
2361 2362 2360
2361 2363 2362
2364 2362 2363
2365 2362 2364
2366 2365 2364
2366 2367 2365
2368 2367 2366
2368 2369 2367
2369 2368 2370
2370 2368 2371
2370 2371 2372
2370 2372 2373
2372 2374 2375
2372 2375 2376
2377 2378 2379
2380 2379 2378
2380 2378 2381
2382 2380 2381
2382 2381 2383
2384 2382 2383
2384 2385 2382
2384 2386 2385
2384 2387 2386
2386 2387 2388
2386 2388 2389
2390 2389 2388
2390 2388 2391
2392 2393 2391
2392 2394 2393
2395 2394 2392
2395 2392 2396
2396 2397 2395
2396 2398 2397
2399 2397 2398
2400 2397 2399
2399 2401 2400
2400 2401 2402
2401 2399 2403
2402 2401 2404
2405 2401 2403
2404 2401 2405
2405 2403 2406
2405 2406 2407
2405 2408 2404
2407 2408 2405
2408 2407 2409
2408 2409 2410
2409 2411 2412
2409 2412 2413
2414 2415 2416
2417 2414 2416
2417 2418 2414
2417 2419 2418
2417 2420 2419
2420 2421 2419
2420 2422 2421
2423 2419 2421
2424 2418 2419
2423 2424 2419
2414 2418 2425
2424 2425 2418
2423 2426 2424
2423 2427 2426
2414 2425 2428
2429 2414 2428
2429 2430 2416
2431 2425 2424
2431 2424 2426
2427 2432 2426
2433 2432 2427
2432 2433 2434
2432 2434 2435
2436 2426 2432
2435 2436 2432
2436 2431 2426
2435 2437 2436
2425 2431 2438
2438 2431 2436
2425 2438 2428
2437 2439 2436
2438 2436 2439
2437 2440 2439
2428 2438 2441
2439 2441 2438
2440 2442 2439
2439 2442 2441
2428 2441 2443
2429 2428 2443
2444 2429 2443
2429 2444 2430
2444 2445 2430
2441 2446 2443
2444 2443 2446
2444 2447 2445
2446 2447 2444
2448 2445 2447
2448 2447 2449
2441 2450 2446
2450 2441 2442
2451 2447 2446
2450 2451 2446
2451 2452 2447
2451 2453 2452
2454 2453 2451
2451 2455 2454
2450 2455 2451
2454 2455 2456
2450 2442 2457
2457 2455 2450
2458 2456 2455
2457 2458 2455
2459 2456 2458
2457 2459 2458
2459 2460 2456
2460 2459 2461
2461 2459 2462
2463 2462 2459
2457 2442 2464
2440 2464 2442
2457 2465 2459
2463 2459 2465
2457 2464 2465
2464 2463 2465
2464 2466 2463
2464 2467 2466
2440 2467 2464
2467 2440 2468
2469 2468 2470
2469 2470 2471
2472 2469 2471
2472 2471 2473
2473 2474 2472
2475 2474 2473
2476 2477 2478
2479 2477 2476
491 2477 2479
2480 2481 2482
2482 2481 2483
2483 2481 2484
2485 2483 2486
2486 2484 2487
2486 2488 2484
2489 2488 2485
2489 2485 2490
2490 2491 2489
2490 2492 2491
2487 2493 516
516 2493 505
2493 552 2484
2484 2494 2493
505 2493 2495
2493 2494 2495
2495 502 505
2494 502 2495
2496 502 2494
502 2496 2497
2497 2496 500
2498 2499 2490
2500 2499 2498
2486 2500 2498
2486 2501 2500
2486 552 2501
2501 552 553
2502 2501 553
549 2502 553
2501 2502 2503
2501 2503 2504
2504 2503 2505
2504 2505 2499
2506 2503 2502
2506 2505 2507
2508 2502 549
2506 2502 2508
2508 549 619
2509 2508 619
2508 2509 2506
2509 619 2510
2511 2509 2510
2509 2511 2506
2506 2512 2505
2506 2511 2512
2513 2514 2510
2515 2511 2513
2515 2516 2511
2517 2512 2515
2517 2518 2512
2519 2505 2517
2519 2517 2520
2521 2522 2520
2521 2523 2522
2524 2525 2499
2524 2499 2526
2527 2528 589
2529 589 2528
591 589 2529
591 2529 2530
2531 591 2530
592 591 2531
2532 592 2531
2532 2531 2530
2529 2533 2530
2534 2533 2529
2535 2533 2534
2532 2536 592
2536 593 592
2536 2537 593
2532 2530 2538
2530 2533 2538
2538 2536 2532
2539 2533 2535
2538 2533 2539
2539 2535 2540
2539 2540 2541
2538 2542 2536
2539 2542 2538
2542 2537 2536
2539 2541 2543
2539 2544 2542
2544 2537 2542
2543 2541 2545
2543 2545 2546
2544 2546 2537
2546 2545 2547
2546 2547 2548
2546 2548 2537
2548 2547 2549
2537 2550 2551
2537 2552 2550
2550 2552 2549
2553 2554 2549
2555 2554 2553
2556 2554 2555
2557 2556 2555
2558 2556 2557
2558 2559 2556
2560 2559 2558
2561 2559 2560
2562 2563 2564
2564 2563 2565
2565 2563 2566
2566 2563 2567
2566 2567 2568
2569 2570 2571
2571 2570 2572
2571 2572 2573
2573 2572 2574
2572 2575 2574
2574 2575 2576
2577 2578 2579
2577 2579 523
2579 2580 2581
2579 2581 2582
2582 2581 519
2583 2581 2580
2584 2581 2583
2585 2584 2583
2586 2587 2588
2586 2588 2589
2589 2588 2590
2589 2590 2591
2591 2590 2592
2591 2592 2593
2593 2592 2594
2595 2596 2597
2598 2596 2595
2598 2595 2599
2598 2599 2600
2599 2601 2600
2601 2602 2600
2603 2602 2601
2603 2604 2602
2605 2604 2603
2606 2604 2605
2606 2605 2607
2607 2608 2609
2609 2608 2610
2611 2612 2223
2611 2223 2613
2223 2224 2613
2614 2611 2613
2613 2224 2615
2614 2613 2616
2616 2613 2615
2616 2615 2248
2617 2618 2614
2248 2619 2617
2619 2618 2617
2620 2621 2622
2620 2623 2621
2624 2623 2620
2624 2625 2623
2626 2624 2620
2626 2627 2624
2626 2628 2627
2629 2628 2630
2626 2631 2632
2626 2632 2633
2629 2634 2635
2629 2635 2636
2634 2637 2635
2636 2635 2638
2635 2637 2638
2634 2639 2637
2640 2639 2634
2640 2634 2641
2642 2639 2640
2642 2640 2643
2640 2644 2643
2639 2642 2645
2639 2645 2637
2637 2645 2646
2638 2637 2646
2646 2645 2647
2648 2646 2647
2649 2646 2648
2650 2649 2648
2646 2649 2651
2646 2651 2638
2650 2652 2649
2651 2649 2652
2650 2653 2652
2650 2654 2653
2655 2653 2654
2655 2654 2656
2657 2655 2656
2638 2651 2658
2651 2652 2659
2659 2658 2651
2652 2653 2660
2652 2660 2659
2661 2653 2655
2661 2660 2653
2657 2662 2655
2661 2655 2662
2638 2658 2663
2636 2638 2663
2664 2636 2663
2664 2665 2636
2663 2666 2664
2663 2658 2666
2666 2658 2667
2659 2667 2658
2666 2667 2668
2667 2669 2668
2659 2670 2667
2667 2670 2669
2659 2660 2670
2671 2669 2670
2672 2670 2660
2671 2670 2672
2672 2660 2661
2671 2672 2673
2671 2673 2674
2675 2674 2673
2675 2673 2676
2677 2675 2676
2677 2676 2678
2679 2677 2678
2679 2678 2680
2679 2680 2681
2682 2672 2661
2682 2683 2672
2682 2684 2683
2661 2662 2682
2682 2685 2684
2685 2682 2662
2686 2684 2685
2680 2686 2687
2686 2685 2687
2685 2662 2688
2687 2685 2688
2657 2688 2662
2657 2689 2688
2690 2688 2689
2687 2688 2690
2690 2689 2691
2692 2690 2691
2687 2690 2693
2692 2693 2690
2687 2693 2694
2681 2693 2692
2694 2693 2681
2695 2696 2697
2695 2697 2698
2699 2700 2701
2702 2700 2699
2702 2703 2700
2702 2704 2703
2702 2699 2705
2702 2706 2704
2707 2702 2705
2702 2707 2706
2707 2705 2708
2707 2709 2706
2708 2710 2707
2707 2710 2709
2708 2711 2710
2710 2712 2709
2711 2713 2710
2710 2714 2712
2711 2715 2713
2714 2716 2712
2715 2717 2713
2714 2718 2716
2715 2719 2717
2718 2720 2716
2721 2717 2719
2718 2722 2720
2721 2719 2723
2722 2724 2720
2723 2725 2721
2722 2726 2724
2723 2727 2725
2726 2728 2724
2729 2725 2727
2726 2730 2728
2729 2727 2731
2732 2728 2730
2733 2729 2731
2732 2730 2734
2733 2731 2735
2736 2732 2734
2736 2734 2737
2736 2737 2738
2739 2733 2735
2738 2739 2740
2739 2735 2740
2741 2742 2743
2743 2742 2744
2745 2746 2747
2748 2746 2745
2748 2749 2746
2750 2749 2748
2751 2749 2750
2752 2753 2754
2754 2753 2755
2756 2755 2753
2756 2753 2757
2756 2757 2758
2756 2758 2759
2754 2755 2760
2761 2756 2759
2760 2755 2762
2762 2755 2756
2760 2762 2763
2762 2764 2763
2761 2765 2756
2762 2756 2765
2766 2765 2761
2762 2767 2764
2767 2762 2765
2767 2768 2764
2767 2769 2768
2766 2770 2765
2767 2765 2770
2770 2769 2767
2771 2770 2766
2770 2772 2769
2771 2772 2770
2773 2769 2772
2774 2772 2771
2773 2772 2775
2774 2775 2772
2776 2773 2775
2777 2775 2774
2776 2775 2778
2777 2778 2775
2778 2779 2776
2778 2777 2780
2778 2781 2779
2778 2780 2781
2782 2779 2781
2783 2781 2780
2782 2781 2783
2783 2780 2784
2783 2785 2782
2783 2784 2786
2783 2787 2785
2783 2786 2787
2787 2788 2785
2789 2787 2786
2787 2789 2788
2789 2786 2790
2790 2791 2789
2791 2788 2789
2791 2792 2788
2793 2792 2791
2794 2788 2792
2794 2795 2788
2794 2796 2795
2797 2795 2796
2797 2798 2795
2799 2800 2798
2799 2801 2800
2802 2800 2801
2802 2803 2800
2804 2803 2802
2804 2805 2803
2805 2804 2806
2805 2806 2807
2808 2809 2810
2808 2811 2809
2811 2812 2813
2814 2813 2812
2811 2813 2815
2814 2816 2813
2817 2816 2814
2815 2813 2818
2816 2818 2813
2815 2818 2819
2819 2820 2815
2819 2821 2820
2816 2822 2818
2821 2823 2820
2817 2824 2816
2824 2822 2816
2824 2825 2822
2826 2824 2817
2827 2825 2824
2826 2827 2824
2827 2828 2825
2829 2828 2827
2829 2827 2830
2831 2829 2830
2831 2830 2832
2832 2833 2831
2832 2834 2833
2835 2830 2836
2836 2837 2832
2826 2838 2839
2836 2838 2840
2826 2840 2838
2841 2842 2843
2844 2842 2841
2844 2845 2842
2846 2842 2845
2846 2845 2847
2847 2845 2848
2847 2848 2849
2850 2845 2844
2849 2848 2851
2850 2844 2852
2849 2851 2853
2854 2850 2852
2854 2851 2850
2854 2852 2855
2853 2851 2856
2856 2851 2854
2853 2856 2857
2856 2854 2858
2857 2856 2859
2859 2856 2858
2857 2859 2860
2859 2858 2861
2862 2860 2859
2861 2863 2859
2862 2859 2863
2861 2864 2863
2865 2863 2864
2862 2863 2866
2865 2866 2863
2862 2866 2867
2868 2867 2866
2865 2869 2866
2868 2866 2869
2865 2870 2869
2871 2869 2870
2868 2869 2872
2871 2872 2869
2868 2872 2873
2872 2871 2874
2873 2872 2875
2872 2874 2875
2873 2875 2876
2876 2875 2877
2877 2875 2874
2877 2874 2878
2879 2880 2881
2882 2880 2879
2882 2883 2880
2884 2883 2882
2884 2885 2883
2886 2884 2887
2886 2887 2888
2889 2890 2879
2891 2890 2889
2889 2879 2892
2892 2879 2893
2892 2893 2894
2893 2895 2894
2894 2895 2896
2897 2894 2896
2897 2898 2894
2894 2898 2892
2899 2892 2898
2899 2889 2892
2900 2889 2899
2891 2889 2900
2900 2899 2901
2902 2900 2901
2902 2903 2900
2903 2891 2900
2904 2903 2902
2903 2905 2891
2906 2905 2903
2907 2891 2905
2905 2908 2907
2904 2909 2903
2906 2903 2909
2910 2909 2904
2910 2911 2909
2906 2909 2911
2911 2910 2912
2905 2913 2908
2906 2913 2905
2908 2913 2914
2906 2914 2913
2908 2914 2915
2914 2916 2915
2906 2917 2914
2917 2918 2914
2914 2918 2916
2917 2919 2918
2918 2919 2920
2916 2918 2921
2918 2920 2921
2916 2921 2922
2923 2922 2921
2920 2924 2921
2923 2921 2924
2920 2925 2924
2924 2926 2923
2925 2927 2924
2924 2927 2926
2925 2928 2927
2927 2929 2926
2928 2930 2927
2927 2930 2929
2928 2931 2930
2930 2931 2932
2929 2930 2933
2930 2932 2933
2929 2933 2934
2933 2935 2934
2932 2936 2933
2933 2936 2935
2936 2937 2935
2932 2938 2936
2936 2939 2937
2938 2939 2936
2938 2940 2939
2941 2942 2943
2943 2942 2944
2943 2944 2945
2945 2944 2946
2945 2946 2947
2947 2946 2948
2947 2948 2949
2948 714 2949
2950 2951 2952
2953 2950 2952
2953 2952 2954
2953 2955 2950
2954 2956 2953
2956 2955 2953
2954 2957 2956
2956 2958 2955
2959 2956 2957
2960 2958 2956
2959 2960 2956
2960 2959 2961
2962 2958 2963
2963 2964 2962
2963 2961 2965
2963 2966 2964
2967 2964 2966
2968 2964 2967
2967 2969 2968
2968 2969 2970
2971 2970 2969
2972 2970 2971
2973 2965 2961
2973 2974 2965
2973 2975 2974
2973 2976 2975
2972 2971 2977
2972 2977 2978
2977 2979 2978
2977 2980 2979
2981 2975 2976
2981 2976 2982
2983 2981 2982
2983 2984 2981
2985 2984 2983
2985 2986 2984
2987 2986 2985
2987 2988 2986
2987 2989 2988
2990 2979 2980
2990 2980 2991
2988 2989 2992
2992 2990 2991
2992 2993 2990
2994 2992 2989
2992 2995 2993
2994 2996 2992
2992 2996 2995
2996 2994 2997
2995 2996 2998
2997 2999 2996
2998 2996 2999
3000 3001 3002
3000 3002 3003
3004 3003 3002
3005 3003 3004
3006 3005 3004
3007 3005 3006
3008 3005 3007
3009 3003 3005
3000 3003 3009
3008 3010 3005
3009 3005 3010
3011 3010 3008
3011 3012 3010
3009 3010 3012
3012 3011 3013
3000 3009 3014
3015 3000 3014
3015 3016 3000
3015 3014 3017
3009 3012 3018
3014 3009 3018
3014 3019 3017
3017 3019 3020
3021 3020 3019
3019 3014 3022
3014 3018 3022
3021 3019 3023
3023 3019 3022
3024 3021 3023
3024 3023 3025
3026 3024 3025
3023 3022 3027
3025 3023 3027
3022 3018 3028
3022 3028 3027
3028 3018 3029
3030 3018 3012
3028 3029 3031
3030 3012 3032
3033 3030 3032
3012 3013 3032
3034 3027 3028
3034 3028 3031
3033 3032 3035
3036 3033 3035
3032 3013 3037
3032 3037 3035
3037 3013 3038
3036 3035 3039
3039 3040 3036
3041 3037 3038
3041 3038 3042
3043 3035 3037
3043 3039 3035
3043 3037 3041
3039 3044 3040
3043 3044 3039
3044 3045 3040
3042 3046 3041
3042 3047 3046
3041 3048 3043
3043 3048 3044
3041 3046 3048
3044 3049 3045
3048 3049 3044
3049 3050 3045
3049 3048 3051
3046 3052 3048
3047 3053 3046
3046 3053 3052
3047 3054 3053
3053 3054 3055
3049 3056 3050
3051 3056 3049
3057 3050 3056
3051 3058 3056
3052 3053 3059
3053 3055 3059
3052 3059 3060
3059 3055 3061
3057 3056 3062
3062 3056 3058
3062 3063 3057
3062 3058 3064
3060 3059 3065
3059 3061 3065
3060 3065 3066
3065 3061 3067
3062 3068 3063
3064 3068 3062
3069 3063 3068
3064 3070 3068
3066 3065 3071
3065 3067 3071
3066 3071 3072
3071 3073 3072
3069 3068 3074
3074 3068 3070
3074 3070 3075
3076 3074 3075
3074 3077 3069
3067 3078 3071
3071 3078 3073
3067 3079 3078
3078 3079 3080
3081 3074 3076
3074 3081 3077
3081 3076 3082
3081 3082 3083
3077 3081 3083
3077 3083 3084
3073 3078 3085
3078 3080 3085
3073 3085 3086
3085 3087 3086
3080 3088 3085
3085 3088 3087
3080 3089 3088
3088 3089 3090
3088 3090 3091
3087 3088 3091
3087 3091 3092
3093 3094 3095
3094 3096 3095
3094 3097 3096
3095 3096 3098
3095 3098 3099
3097 3100 3096
3098 3096 3100
3097 3101 3100
3098 3100 3102
3100 3101 3103
3102 3100 3104
3100 3103 3104
3102 3104 3105
3104 3106 3105
3103 3107 3104
3104 3107 3106
3103 3108 3107
3107 3109 3106
3108 3110 3107
3107 3110 3109
3108 3111 3110
3110 3112 3109
3111 3113 3110
3110 3113 3112
3111 3114 3113
3113 3114 3115
3112 3113 3116
3113 3115 3116
3112 3116 3117
3116 3118 3117
3115 3119 3116
3116 3119 3118
3115 3120 3119
3119 3121 3118
3120 3122 3119
3119 3122 3121
3121 3122 3123
3120 3124 3122
3122 3124 3125
3126 3127 3128
3126 3129 3127
3130 3129 3126
3130 3126 3131
3131 3132 3130
3131 3133 3132
3134 3132 3133
3134 3135 3132
3134 3136 3135
3134 3137 3136
3138 3136 3137
3138 3139 3136
3140 3139 3138
3140 3141 3139
3142 3143 2906
2911 3142 2906
3144 3142 2911
3145 3142 3144
2911 2912 3144
3144 3146 3145
2912 3147 3144
3144 3147 3146
2912 3148 3147
3146 3147 3149
3148 3149 3147
3146 3149 3150
3148 3151 3149
3149 3152 3150
3152 3149 3151
3150 3152 3153
3152 3151 3154
3152 3155 3153
3154 3156 3152
3152 3156 3155
3154 3157 3156
3157 3158 3156
3156 3158 3159
3155 3156 3159
3155 3159 3160
3161 3162 3163
3164 3162 3161
3165 3164 3161
3165 3161 3166
3166 3167 3165
3166 3168 3167
3168 3169 3167
3168 3170 3169
3169 3170 3171
3171 3170 3172
3173 3171 3172
3174 3171 3173
3175 3174 3173
3173 3172 3176
3176 3175 3173
3176 3177 3175
3169 3178 3167
3171 3179 3169
3169 3179 3178
3174 3180 3171
3171 3180 3179
3167 3178 3181
3167 3181 3182
3183 3182 3181
3180 3184 3179
3180 3185 3184
3185 3180 3174
3179 3184 3186
3179 3186 3178
3185 3174 3187
3178 3186 3188
3178 3188 3181
3189 3187 3174
3190 3181 3188
3183 3181 3190
3190 3188 3191
3190 3191 3192
3190 3192 3193
3183 3190 3194
3183 3194 3195
3189 3174 3196
3196 3031 3189
3175 3196 3174
3196 3034 3031
3175 3034 3196
3175 3197 3034
3034 3197 3027
3025 3027 3197
3025 3197 3175
3025 3175 3177
3026 3025 3177
3198 3026 3177
3198 3177 3199
3199 3200 3198
3199 3201 3200
3202 3200 3201
3202 3201 3203
3204 3202 3203
3204 3203 3205
3206 3204 3205
3206 3207 3204
3208 3207 3206
3208 3206 3209
3210 3208 3209
3210 3211 3208
3212 3213 3214
3213 3215 3214
3213 3216 3215
3215 3216 3217
3215 3217 3218
3218 3217 3219
3218 3219 3220
3220 3219 3221
3220 3221 3222
3223 3222 3221
3223 3221 3224
3224 3225 3223
3224 3226 3225
2821 3226 3227
2821 3227 3228
2821 3228 2823
3228 3229 2823
3228 3230 3229
3231 3232 3230
3231 3233 3234
3231 3234 3235
3236 3237 3238
3239 3237 3236
3239 3236 3240
3239 3240 3241
3239 3241 3242
3237 3239 3243
3239 3242 3243
3237 3243 3244
3243 3242 3245
3244 3243 3246
3243 3245 3246
3244 3246 3247
3246 3245 3248
3247 3246 3249
3246 3248 3249
3247 3249 3250
3249 3251 3250
3252 3249 3248
3249 3252 3251
3252 3248 3253
3252 3253 3254
3251 3252 3255
3252 3254 3255
3251 3255 3256
3255 3257 3256
3258 3255 3254
3255 3258 3257
3258 3254 3259
3258 3259 3260
3257 3258 3261
3258 3260 3261
3257 3261 3262
3260 3263 3261
3261 3263 3262
3264 3265 3266
3267 3264 3266
3267 3266 3268
3268 3269 3267
3268 3270 3269
3269 3270 3271
3271 3270 3272
3272 3273 3271
3271 3273 3274
3275 3276 3277
3278 3276 3275
3278 3279 3276
3280 3279 3278
3279 3281 3276
3280 3282 3279
3282 3281 3279
3283 3282 3280
3282 3284 3281
3283 3285 3282
3285 3284 3282
3286 3285 3283
3285 3287 3284
3286 3288 3285
3288 3287 3285
3289 3288 3286
3288 3290 3287
3289 3291 3288
3291 3290 3288
3292 3290 3291
3291 3289 3293
3293 3294 3291
3295 3294 3293
3296 3294 3295
3297 3294 3296
3296 3298 3297
3296 3299 3298
3300 3298 3299
3300 3301 3298
3302 3301 3300
3303 3304 3305
3306 3303 3305
3306 3305 3307
3307 3308 3306
3307 3309 3308
3310 3308 3309
3311 3307 3305
3311 3309 3307
3311 3305 3312
3305 3313 3312
3311 3314 3309
3305 3315 3313
3316 3309 3314
3310 3309 3316
3316 3314 3317
3318 3315 3305
3315 3318 3319
3305 3320 3318
3319 3318 3320
3321 3310 3316
3317 3321 3316
3321 3322 3310
3317 3323 3321
3324 3325 3326
3327 3325 3324
3327 3328 3325
3327 3329 3328
3327 3330 3329
3331 3329 3330
3331 3332 3329
3333 3332 3331
3333 3334 3332
3335 3334 3333
3335 3336 3334
3337 3336 3335
3337 3335 3338
3339 3337 3338
3339 3338 3340
3341 3339 3340
3342 3337 3339
3342 3343 3337
3343 3344 3337
3343 3345 3344
3344 3345 3346
3344 3346 3347
3347 3348 3332
3347 3346 3348
3349 3342 3339
3341 3349 3339
3349 3350 3342
3349 3351 3350
3341 3352 3349
3349 3352 3351
3341 3353 3352
3354 3351 3352
3352 3353 3355
3354 3352 3355
3355 3353 3356
3357 3354 3355
3358 3355 3356
3357 3355 3358
3358 3356 3359
3360 3357 3358
3361 3358 3359
3360 3358 3361
3361 3359 3362
3363 3360 3361
3364 3361 3362
3363 3361 3364
3364 3362 3365
3364 3365 3366
3363 3364 3367
3364 3366 3367
3363 3367 3368
3369 3368 3367
3370 3367 3366
3369 3367 3370
3370 3366 3371
3370 3371 3372
3369 3370 3373
3370 3372 3373
3369 3373 3374
3372 3375 3373
3373 3375 3374
3376 3377 3378
3376 3379 3377
3380 3379 3376
3381 3377 3379
3380 3382 3379
3381 3379 3383
3383 3379 3382
3383 3382 3384
3385 3381 3383
3383 3384 3386
3385 3383 3387
3383 3386 3387
3388 3385 3387
3386 3389 3387
3388 3387 3389
3386 3390 3389
3391 3388 3389
3390 3391 3389
3391 3392 3388
3390 3393 3391
3392 3391 3394
3391 3393 3394
3392 3394 3395
3394 3393 3396
3397 3394 3396
3394 3398 3395
3394 3399 3398
3399 3396 3400
3401 3399 3400
3402 3398 3399
3401 3402 3399
3402 3403 3398
3404 3403 3402
3401 3405 3402
3404 3402 3405
3401 3406 3405
3407 3404 3405
3406 3408 3405
3407 3405 3408
3406 3409 3408
3408 3410 3407
3411 3408 3409
3408 3411 3410
3411 3409 3412
3413 3410 3411
3412 3414 3411
3413 3411 3414
3412 3415 3414
3416 3413 3414
3415 3416 3414
3417 3418 3419
3418 3420 3419
3419 3420 3421
3421 3420 3422
3423 3422 3420
3424 3422 3423
3425 3424 3423
3426 3427 3428
3428 3429 3426
3430 3429 3428
3431 3429 3430
3426 3429 3432
3429 3431 3433
3432 3429 3433
3433 3431 3434
3433 3435 3432
3434 3435 3433
3435 3436 3432
3437 3435 3434
3438 3436 3435
3437 3439 3435
3438 3435 3439
3440 3438 3439
3440 3439 3441
3441 3442 3440
3443 3441 3439
3443 3439 3444
3443 3445 3441
3441 3446 3442
3445 3446 3441
3447 3442 3446
3445 3448 3446
3447 3446 3449
3446 3448 3449
3449 3450 3447
3449 3448 3451
3449 3452 3450
3449 3451 3452
3452 3453 3450
3452 3451 3454
3455 3453 3452
3454 3455 3452
3455 3456 3453
3457 3455 3454
3455 3458 3456
3459 3455 3457
3459 3458 3455
3459 3457 3460
3458 3459 3461
3460 3462 3459
3461 3459 3462
3463 3462 3460
3462 3464 3461
3465 3462 3463
3462 3465 3464
3463 3466 3465
3467 3464 3465
3465 3466 3467
3468 3469 3470
3471 3468 3470
3471 3472 3468
3471 3473 3472
3471 3474 3473
3474 3475 3473
3474 3476 3475
3476 3477 3475
3476 3478 3477
3479 3477 3478
3479 3480 3477
3481 3480 3479
3468 3472 3482
3468 3482 3483
3483 3484 3468
3472 3485 3482
3472 3473 3485
3486 3485 3473
3486 3473 3475
3475 3487 3486
3475 3477 3487
3488 3487 3477
3488 3477 3480
3489 3488 3480
3489 3480 3490
3491 3489 3490
3481 3490 3480
3491 3490 3492
3481 3492 3490
3493 3491 3492
3481 3494 3492
3493 3492 3495
3495 3492 3494
3496 3493 3495
3495 3494 3497
3496 3495 3498
3498 3495 3497
3498 3497 3499
3498 3500 3496
3498 3499 3501
3498 3502 3500
3498 3501 3502
3502 3503 3500
3502 3501 3504
3502 3505 3503
3502 3504 3505
3505 3506 3503
3507 3506 3505
3504 3507 3505
3504 3508 3507
3509 3510 3511
3512 3511 3510
3512 3510 3513
3514 3512 3513
3514 3515 3512
3516 3515 3514
3516 3514 3517
3518 3516 3517
3518 3517 3519
3520 3518 3519
3520 3521 3518
3522 3521 3520
3522 3520 3523
3524 3522 3523
3524 3523 3525
3524 3525 3526
3524 3526 3527
3526 3528 3527
3526 3529 3528
3528 3529 3530
3528 3530 3531
3531 3530 3532
3531 3532 3533
3532 3534 3533
3532 3535 3534
3536 3535 3532
3536 3537 3535
3538 3536 3532
3538 3532 3539
3539 3540 3538
3539 3541 3540
3541 3542 3540
3541 3543 3542
3544 3542 3543
3544 3545 3542
3544 3546 3545
3544 3547 3546
3547 3548 3546
3547 3549 3548
3548 3549 3550
3548 3550 3551
3550 3552 3551
3550 3553 3552
3553 3554 3552
3553 3555 3554
3554 3555 3556
3554 3556 3557
3556 3558 3557
3556 3559 3558
3558 3559 3560
3561 3562 3563
3561 3563 3564
3565 3566 3564
3565 3567 3566
3566 3567 3568
3566 3568 3569
3570 3569 3568
3571 3569 3572
3572 3573 3571
3571 3573 3574
3575 3574 3573
3575 3576 3574
3577 3578 3576
3577 3579 3578
3579 3580 3578
3579 3581 3580
3581 3582 3580
3581 3583 3582
3583 3584 3582
3585 3581 3579
3585 3583 3581
3586 3579 3575
3585 3579 3586
3583 3587 3584
3587 3588 3584
3586 3575 3589
3589 3575 3590
3585 3591 3583
3591 3587 3583
3587 3592 3588
3592 3593 3588
3589 3590 3594
3594 3590 3570
3594 3570 3595
3595 3570 3596
3595 3596 3597
3596 3598 3597
3596 3599 3598
3600 3598 3599
3600 3599 3563
3601 3600 3563
3601 3602 3600
3602 3601 3603
3602 3603 3604
3605 3604 3603
3605 3603 3606
3606 3607 3605
3606 3608 3607
3609 3608 3606
3610 3607 3608
3609 3611 3608
3611 3610 3608
3610 3612 3613
3614 3613 3612
3614 3612 3615
3615 3616 3614
3615 3617 3616
3618 3616 3617
3618 3617 3619
3618 3619 3620
3618 3620 3621
3620 3622 3621
3620 3623 3622
3622 3623 3624
3622 3624 3625
3626 3625 3624
3626 3627 3625
3626 3594 3627
3626 3628 3594
3628 3589 3594
3628 3629 3589
3629 3586 3589
3629 3630 3586
3630 3585 3586
3630 3631 3585
3631 3591 3585
3632 3591 3631
3632 3633 3591
3632 3634 3633
3591 3633 3587
3635 3587 3633
3635 3592 3587
3636 3592 3635
3636 3637 3592
3592 3637 3593
3637 3638 3593
3637 3639 3638
3639 3637 3636
3639 3636 3640
3639 3640 3641
3636 3642 3640
3641 3640 3643
3644 3641 3643
3642 3645 3640
3645 3643 3640
3643 3645 3646
3646 3645 3647
3647 3645 3642
3642 3648 3647
3644 3643 3649
3650 3644 3649
3651 3644 3650
3650 3652 3651
3653 3652 3650
3651 3654 3655
3654 3656 3655
3657 3656 3654
3644 3656 3658
3659 3644 3660
3660 3661 3659
3662 3661 3660
3663 3658 3664
3658 3663 3665
3665 3663 3666
3667 3668 3669
3667 3669 3670
3670 3671 3667
3670 3672 3671
3672 3673 3671
3672 3674 3673
3674 3675 3673
3674 3676 3675
3677 3678 3669
3677 3679 3678
3680 3678 3679
3680 3679 3681
3682 3680 3681
3682 3681 3683
3684 3682 3683
3684 3683 3685
3686 3684 3685
3686 3685 3687
3688 3686 3687
3688 3687 3689
3690 3688 3689
3690 3689 3691
3692 3690 3691
3692 3691 3693
3694 3692 3693
3694 3693 3695
3696 3694 3695
3696 3695 3697
3698 3696 3697
3698 3697 3699
3700 3698 3699
3700 3699 3701
3700 3701 3702
3702 3701 3703
3701 3704 3703
3701 3699 3704
3699 3705 3704
3699 3697 3705
3697 3706 3705
3697 3707 3706
3707 3708 3706
3707 3709 3708
3709 3710 3708
3709 3711 3710
3711 3712 3710
3711 3713 3712
3713 3714 3712
3713 3715 3714
3716 3714 3715
3716 3715 3717
3717 3718 3716
3716 3718 3719
3720 3718 3717
3718 3721 3719
3720 3722 3718
3718 3722 3721
3720 3723 3722
3722 3724 3721
3723 3725 3722
3722 3725 3724
3723 3726 3725
3725 3727 3724
3726 3728 3725
3725 3728 3727
3726 3677 3728
3728 3729 3727
3730 3728 3677
3730 3729 3728
3730 3677 3667
3730 3731 3729
3667 3732 3730
3730 3732 3731
3667 3733 3732
3732 3734 3731
3733 3735 3732
3732 3735 3734
3733 3736 3735
3737 3734 3735
3735 3736 3737
3736 3738 3737
3601 3739 3740
3601 3561 3739
3741 3603 3739
3741 3739 3609
3742 3743 3744
3745 3742 3744
3745 3744 3746
3747 3745 3746
3747 3746 3748
3749 3747 3748
3749 3748 3750
3750 3751 3749
3750 3752 3751
3753 3751 3752
3753 3752 3754
3755 3753 3754
3755 3754 3756
3757 3755 3756
3757 3756 3758
3759 3753 3755
3755 3757 3759
3759 3760 3753
3760 3751 3753
3760 3761 3751
3749 3751 3761
3749 3761 3762
3762 3747 3749
3762 3763 3747
3745 3747 3763
3745 3763 3764
3764 3742 3745
3764 3765 3742
3765 3766 3742
3759 3757 3767
3767 3757 3768
3768 3757 3769
3769 3757 3758
3770 3768 3769
3769 3758 3771
3770 3769 3772
3772 3769 3771
3773 3770 3772
3772 3771 3774
3773 3772 3775
3775 3772 3774
3776 3773 3775
3775 3774 3777
3776 3775 3778
3778 3775 3777
3779 3776 3778
3778 3777 3780
3779 3778 3781
3781 3778 3780
3782 3779 3781
3781 3780 3783
3782 3781 3784
3784 3781 3783
3785 3782 3784
3784 3783 3786
3785 3784 3787
3788 3784 3786
3787 3784 3788
3789 3790 3791
3789 3792 3790
3792 3789 3793
3792 3793 3794
3794 3795 3792
3792 3795 3796
3796 3790 3792
3796 3797 3790
3798 3797 3796
3799 3796 3795
3798 3796 3799
3799 3795 3800
3801 3799 3800
3801 3800 3802
3803 3801 3802
3804 3798 3799
3804 3799 3801
3805 3801 3803
3803 3806 3805
3807 3804 3801
3807 3801 3805
3798 3804 3808
3798 3808 3809
3810 3808 3804
3810 3804 3807
3811 3798 3809
3811 3809 3812
3790 3811 3812
3790 3812 3813
3807 3814 3810
3807 3815 3814
3815 3807 3805
3814 3815 3816
3805 3806 3817
3815 3805 3817
3816 3815 3818
3818 3815 3817
3818 3819 3816
3820 3817 3806
3818 3817 3820
3820 3806 3821
3820 3821 3822
3823 3819 3818
3823 3818 3820
3824 3819 3823
3820 3822 3825
3823 3820 3825
3825 3822 3826
3823 3825 3827
3825 3826 3827
3824 3823 3828
3823 3827 3828
3826 3829 3827
3829 3828 3827
3830 3829 3826
3831 3824 3828
3829 3831 3828
3831 3832 3824
3833 3832 3831
3833 3831 3834
3834 3831 3829
3834 3835 3833
3830 3836 3829
3834 3829 3836
3837 3836 3830
3837 3838 3836
3838 3834 3836
3837 3839 3838
3834 3840 3835
3840 3834 3838
3841 3835 3840
3842 3838 3839
3842 3839 3843
3844 3842 3843
3845 3840 3838
3841 3840 3845
3845 3838 3842
3844 3846 3842
3846 3845 3842
3844 3847 3846
3848 3841 3845
3846 3848 3845
3846 3847 3848
3848 3849 3841
3848 3847 3849
3850 3851 3852
3850 751 3851
3853 3854 3855
3853 3855 3856
3856 3855 3857
3856 3857 3858
3858 3857 3859
3858 3859 3860
3860 3859 3861
3860 3861 3862
3859 3863 3861
3859 3864 3863
3857 3864 3865
3857 3866 3864
3867 3866 3857
3867 3868 3866
3869 3868 3855
3869 3870 3868
3861 3863 3871
3862 3861 3872
3861 3871 3872
3862 3872 3873
3872 3871 3874
3873 3872 3875
3872 3874 3875
3873 3875 3876
3875 3874 3877
3876 3875 3878
3875 3877 3878
3876 3878 3879
3878 3877 3880
3879 3878 3881
3878 3880 3881
3879 3881 3882
3881 3880 3883
3882 3881 3884
3881 3883 3884
3882 3884 3885
3884 3883 3886
3885 3884 3887
3884 3886 3887
3885 3887 3888
3887 3886 3889
3888 3887 3890
3887 3889 3890
3888 3890 3891
3890 3889 3892
3891 3890 3892
3893 3894 3895
3893 3895 3896
3897 3893 3896
3897 3896 3898
3896 3899 3898
3896 3900 3899
3895 3900 3896
3895 3901 3900
3902 3903 3904
3905 3903 3902
3906 3903 3905
3905 3902 3907
3906 3908 3903
3909 3908 3906
3909 3910 3908
3910 3911 3908
3907 3902 3912
3907 3912 3913
3902 3914 3912
3902 3915 3914
3915 3903 3916
3912 3914 3917
3913 3912 3918
3912 3917 3918
3913 3918 3919
3918 3917 3920
3919 3918 3921
3918 3920 3921
3919 3921 3922
3921 3920 3923
3922 3921 3924
3921 3923 3924
3922 3924 3925
3924 3923 3926
3925 3924 3927
3924 3926 3927
3925 3927 3928
3927 3926 3929
3928 3927 3930
3927 3929 3930
3928 3930 3931
3930 3929 3932
3931 3930 3933
3930 3932 3933
3931 3933 3934
3933 3932 3935
3934 3933 3936
3933 3935 3936
3934 3936 3937
3936 3935 3938
3937 3936 3938
3939 3940 3941
3939 3941 3942
3942 3943 3939
3944 3942 3941
3944 3945 3942
3946 3942 3945
3946 3947 3942
3939 3947 3948
3949 3947 3946
3948 3947 3950
3949 3951 3947
3952 3951 3949
3947 3953 3950
3950 3953 3954
3955 3953 3952
3955 3952 3956
3957 3955 3956
3954 3953 3958
3953 3955 3958
3957 3958 3955
3959 3954 3958
3957 3959 3958
3957 3960 3959
3961 3960 3957
3961 3962 3960
3961 3963 3962
3962 3963 3964
3959 3965 3966
3959 3967 3965
3968 3969 3964
3968 3967 3969
3957 3970 3971
3971 3963 3972
3957 3971 3972
3973 3974 3975
3973 3975 3976
3977 3976 3975
3977 3975 3978
3979 3977 3978
3979 3978 3980
3981 3979 3980
3980 3982 3983
3984 3983 3982
3984 3985 3983
3985 3981 3986
3986 3981 3987
3978 3988 3987
3988 3978 3989
3989 3990 3975
3988 3989 3991
3989 3975 3992
3989 3992 3993
3987 3988 3994
3994 3995 3987
3996 3995 3994
3984 3995 3996
3984 3996 3997
3998 3984 3997
3998 3997 3999
3998 3999 4000
3999 4001 4000
4002 4001 4003
4002 4003 4004
4005 4006 4004
4005 4007 4006
3984 4008 4009
4008 4010 4000
3984 4010 4008
4011 4012 4013
4011 4013 4014
4013 4015 4014
4014 4015 4016
4017 4011 4014
4014 4016 4018
4017 4014 4019
4014 4018 4019
4017 4019 4020
4019 4018 4020
4017 4020 4021
4020 4018 4022
4020 4023 4021
4024 4020 4022
4020 4025 4023
4024 4025 4020
4025 4026 4023
4024 4027 4025
4025 4027 4026
4024 4028 4027
4029 4027 4028
4026 4027 4030
4029 4030 4027
4026 4030 4031
4032 4031 4030
4032 4033 4031
4034 4030 4029
4034 4029 4035
4033 4032 4036
4033 4036 4037
4038 4034 4035
4038 4039 4034
4040 4037 4036
4040 4036 4041
4040 4041 4042
4040 4042 4043
4043 4042 4044
4043 4044 4045
4038 4046 4039
4038 4047 4046
4048 4046 4047
4048 4049 4046
4049 4048 4050
4049 4050 4051
4045 4044 4052
4045 4052 4053
4054 4053 4052
4054 4052 4055
4055 4056 4054
4057 4051 4050
4057 4058 4051
4057 4059 4058
4060 4056 4059
4057 4060 4059
4061 4062 4063
4061 4064 4062
4064 4065 4062
4064 4066 4065
4066 4067 4065
4066 4068 4067
4069 4068 4070
4069 4070 4071
4072 4069 4071
4072 4073 4069
4072 4071 4074
4072 4075 4073
4076 4073 4075
4076 4077 4073
4078 4077 4076
4078 4079 4077
4080 4071 4081
4080 4081 4082
4080 4082 4083
4080 4083 4084
4085 4084 4083
4085 4086 4084
4087 4086 4085
4087 4088 4086
4087 4089 4088
4087 4090 4089
4089 4090 4091
4089 4091 4092
4093 4092 4091
4094 4095 4093
4096 4095 4094
4096 4097 4095
4098 4097 4096
4098 4096 4099
4098 4099 4100
4098 4100 4101
4101 4100 4102
4101 4102 4103
4104 4103 4102
4104 4105 4103
4104 4106 4105
4104 4074 4106
4107 4108 4109
4108 4110 4109
4108 4111 4110
4111 4112 4110
4111 4113 4112
4112 4113 4114
4113 4115 4114
4115 4116 4114
4115 4117 4116
4117 4118 4116
4117 4119 4118
4119 4120 4118
4119 4121 4120
4121 4122 4120
4121 4123 4122
4123 4124 4122
4123 4125 4124
4125 4126 4124
4125 4127 4126
4127 4128 4126
4129 4130 4131
4132 4129 4131
4132 4131 4133
4134 4132 4133
4134 4133 4135
4136 4134 4135
4136 4135 4137
4138 4136 4137
4138 4137 4139
4140 4138 4139
4140 4139 4141
4142 4140 4141
4142 4141 4143
4144 4142 4143
4144 4143 4145
4146 4144 4145
4146 4145 4147
4148 4146 4147
4148 4147 4149
4150 4148 4149
4150 4151 4148
4151 4146 4148
4151 4152 4146
4152 4144 4146
4152 4153 4144
4153 4154 4144
4153 4155 4154
4155 4156 4154
4155 4157 4156
4157 4158 4156
4157 4159 4158
4159 4160 4158
4159 4161 4160
4161 4162 4160
4161 4163 4162
4163 4164 4162
4163 4165 4164
4165 4166 4164
4165 4167 4166
4167 4168 4166
4169 4170 4171
4171 4170 4172
4171 4172 4173
4173 4172 4174
4173 4174 4175
4175 4174 4176
4175 4176 4177
4177 4176 4178
4177 4178 4179
4179 4178 4180
4179 4180 4181
4182 4181 4180
4182 4180 4183
4182 4183 4184
4182 4184 4185
4185 4184 4186
4185 4186 4187
4187 4186 4188
4187 4188 4189
4189 4188 4190
4191 4192 4193
4194 4192 4191
4194 4195 4192
4196 4195 4194
4196 4197 4195
4198 4197 4196
4198 4199 4197
4198 4200 4199
4198 4201 4200
4202 4200 4201
4202 4203 4200
4204 4203 4202
4204 4205 4203
4206 4205 4204
4206 4207 4205
4208 4207 4206
4208 4209 4207
4210 4209 4208
4210 4211 4209
4212 4211 4210
4212 4210 4213
4213 4210 4208
4213 4208 4214
4214 4208 4215
4214 4215 4216
4216 4215 4217
4216 4217 4218
4218 4217 4219
4218 4219 4220
4220 4219 4221
4220 4221 4222
4223 4222 4221
4223 4221 4224
4223 4224 4225
4223 4225 4226
4226 4225 4227
4226 4227 4228
4228 4227 4229
4228 4229 4230
4230 4229 4231
4232 4233 4234
4232 4234 4235
4236 4232 4237
4236 4237 4238
4239 4236 4238
4239 4240 4236
4241 4242 4240
4241 4243 4242
4243 4244 4242
4243 4245 4244
4245 4246 4244
4245 4247 4246
4248 4246 4247
4248 4249 4246
4248 4250 4249
4248 4251 4250
4252 4250 4251
4252 4253 4250
4254 4253 4252
4255 4253 4254
4255 4256 4253
4253 4256 4257
4253 4257 4250
4257 4249 4250
4249 4258 4246
4257 4259 4249
4249 4259 4258
4260 4246 4258
4260 4261 4246
4262 4261 4260
4262 4260 4263
4263 4264 4262
4265 4260 4258
4265 4263 4260
4265 4266 4263
4265 4258 4267
4267 4258 4259
4267 4259 4268
4263 4269 4264
4270 4268 4259
4270 4259 4257
4270 4257 4271
4270 4271 4272
4255 4272 4271
4273 4264 4269
4273 4269 4274
4273 4274 4275
4273 4275 4276
4276 4275 4277
4278 4269 4279
4278 4279 4266
4280 4281 4282
4280 4282 4283
4280 4283 4284
4284 4283 4285
4284 4285 4286
4287 4280 4284
4287 4288 4280
4288 4289 4282
4288 4290 4289
4287 4291 4288
4291 4292 4288
4291 4293 4292
4287 4284 4294
4284 4286 4295
4294 4284 4295
4295 4286 4296
4294 4295 4297
4295 4296 4298
4297 4295 4298
4298 4296 4299
4297 4298 4300
4298 4299 4301
4300 4298 4301
4301 4299 4302
4300 4301 4303
4301 4302 4304
4303 4301 4304
4303 4304 4305
4304 4302 4306
4305 4304 4307
4304 4306 4307
4305 4307 4308
4307 4309 4308
4306 4310 4307
4307 4310 4309
4306 4311 4310
4310 4311 4312
4309 4310 4313
4310 4312 4313
4309 4313 4314
4313 4312 4315
4314 4313 4316
4313 4315 4316
4314 4316 4317
4316 4315 4318
4317 4316 4319
4316 4318 4319
4317 4319 4320
4319 4318 4321
4320 4319 4322
4319 4321 4322
4320 4322 4323
4322 4324 4323
4321 4325 4322
4322 4325 4324
4321 4326 4325
4324 4325 4327
4324 4327 4328
4328 4327 4329
4325 4330 4331
4325 4331 4332
4332 4331 4333
4334 4335 4336
4337 4335 4334
4337 4338 4335
4337 4339 4338
4340 4337 4334
4340 4334 4341
4341 4334 4342
4343 4337 4340
4337 4343 4339
4343 4340 4344
4345 4343 4344
4346 4339 4343
4345 4346 4343
4346 4347 4339
4348 4346 4345
4349 4347 4346
4348 4349 4346
4349 4350 4347
4351 4349 4348
4352 4350 4349
4351 4352 4349
4352 4353 4350
4354 4352 4351
4355 4353 4352
4354 4355 4352
4355 4356 4353
4355 4357 4356
4358 4355 4354
4355 4358 4357
4358 4354 4359
4360 4358 4359
4361 4357 4358
4360 4361 4358
4361 4362 4357
4363 4361 4360
4364 4362 4361
4363 4364 4361
4364 4365 4362
4366 4364 4363
4367 4365 4364
4366 4367 4364
4367 4368 4365
4369 4367 4366
4370 4368 4367
4369 4370 4367
4370 4371 4368
4372 4370 4369
4373 4371 4370
4372 4373 4370
4373 4374 4371
4375 4373 4372
4376 4374 4373
4375 4376 4373
4376 4377 4374
4375 4378 4376
4377 4376 4378
4375 4379 4378
4377 4378 4380
4379 4381 4378
4380 4378 4381
4379 4382 4381
4380 4381 4383
4384 4385 4386
4387 4386 4385
4387 4385 4388
4388 4389 4387
4388 4390 4389
4391 4389 4390
4391 4390 4392
4393 4391 4392
4393 4394 4391
4393 4395 4394
4393 4396 4395
4396 4397 4395
4396 4398 4397
4399 4397 4398
4399 4398 4400
4399 4400 4401
4399 4401 4402
4402 4401 4403
4402 4403 4404
4403 4405 4404
4403 4406 4405
4407 4405 4406
4407 4406 4408
4408 4409 4407
4408 4410 4409
4410 4411 4409
4410 4412 4411
4413 4414 4415
4416 4415 4414
4416 4414 4417
4417 4418 4416
4417 4419 4418
4420 4418 4419
4420 4419 4421
4422 4420 4423
4422 4423 4424
4424 4425 4422
4424 4426 4425
4426 4427 4425
4426 4428 4427
4429 4427 4428
4429 4428 4430
4431 4429 4430
4431 4432 4429
4433 4432 4431
4433 4434 4432
4433 4435 4434
4433 4436 4435
4436 4437 4435
4436 4438 4437
4438 4439 4437
4438 4440 4439
4441 4442 4443
4442 4444 4443
4442 4445 4444
4445 4446 4444
4445 4447 4446
4447 4448 4446
4447 4449 4448
4449 4450 4448
4449 4451 4450
4452 4450 4451
4452 4451 4453
4452 4453 4454
4452 4454 4455
4456 4455 4454
4456 4454 4457
4456 4457 4458
4456 4458 4459
4460 4459 4458
4460 4458 4461
4460 4461 4462
4460 4462 4463
4463 4462 4464
4464 4462 4465
4466 4467 4468
4466 4469 4467
4466 4470 4469
4470 4471 4469
4470 4472 4471
4472 4473 4471
4472 4474 4473
4474 4475 4473
4474 4476 4475
4475 4476 4477
4477 4476 4478
4477 4478 4479
4479 4478 4480
4481 4479 4480
4481 4480 4482
4481 4482 4483
4481 4483 4484
4485 4484 4483
4485 4483 4486
4486 4487 4485
4486 4488 4487
4488 4489 4487
4488 4490 4489
4491 4492 4493
4491 4494 4492
4495 4494 4491
4495 4496 4494
4497 4496 4495
4497 4495 4498
4499 4497 4498
4499 4500 4497
4501 4500 4499
4501 4499 4502
4502 4503 4501
4502 4504 4503
4505 4503 4504
4505 4506 4503
4507 4506 4505
4507 4505 4508
4509 4507 4508
4509 4508 4510
4509 4510 4511
4509 4511 4512
4511 4513 4512
4514 4515 4516
4514 4516 4517
4518 4517 4516
4518 4516 4519
4520 4518 4519
4520 4521 4518
4522 4521 4523
4522 4523 4524
4524 4525 4522
4524 4526 4525
4525 4526 4527
4525 4527 4528
4529 4528 4527
4529 4527 4530
4531 4529 4530
4531 4530 4532
4531 4532 4533
4531 4533 4534
4533 4535 4534
4536 4535 4537
4538 4535 4536
4536 4537 4539
4540 4538 4536
4536 4539 4540
4540 4541 4538
4540 4542 4541
4539 4543 4540
4540 4543 4542
4539 4544 4543
4543 4545 4542
4544 4546 4543
4543 4546 4545
4544 4547 4546
4546 4547 4548
4549 4545 4546
4546 4548 4549
4549 4550 4545
4549 4548 4551
4550 4549 4552
4549 4551 4552
4550 4552 4553
4552 4554 4553
4551 4555 4552
4552 4555 4554
4551 4556 4555
4557 4554 4555
4558 4555 4556
4557 4555 4558
4558 4556 4559
4560 4557 4558
4561 4558 4559
4560 4558 4561
4561 4559 4562
4560 4561 4563
4560 4563 4514
4563 4561 4564
4561 4565 4564
4565 4566 4564
4567 4514 4563
4567 4568 4514
4567 4569 4568
4567 4563 4570
4570 4563 4564
4571 4567 4570
4566 4572 4564
4570 4564 4572
4566 4573 4572
4571 4570 4574
4572 4574 4570
4574 4575 4571
4574 4576 4575
4573 4577 4572
4572 4577 4574
4577 4576 4574
4577 4578 4576
4573 4579 4577
4579 4580 4581
4579 4581 4582
4583 4584 4585
4583 4586 4584
4586 4587 4584
4586 4588 4587
4589 4590 4591
4589 4592 4590
4592 4593 4590
4592 4594 4593
4595 4596 4597
4595 4598 4596
4599 4598 4595
4599 4600 4598
4601 4600 4599
4601 4599 4602
4603 4601 4602
4603 4602 4604
4605 4603 4604
4605 4604 4606
4607 4605 4606
4607 4606 4608
4609 4607 4608
4609 4608 4610
4611 4609 4610
4611 4610 4612
4613 4611 4612
4613 4612 4614
4614 4615 4613
4614 4616 4615
4615 4616 4617
4615 4617 4618
4617 4619 4618
4617 4620 4619
4619 4620 4621
4622 4623 4624
4622 4624 4625
4626 4622 4625
4626 4625 4627
4628 4626 4627
4628 4629 4626
4630 4629 4628
4629 4630 4631
4630 4632 4631
4631 4632 4633
4633 4632 4634
4630 4635 4632
4636 4632 4635
4634 4632 4636
4636 4637 4634
4630 4628 4638
4638 4639 4630
4627 4640 4628
4638 4628 4640
4640 4641 4638
4627 4641 4640
4638 4641 4642
4638 4642 4639
4627 4643 4641
4639 4642 4644
4644 4636 4639
4645 4643 4627
4644 4646 4636
4645 4627 4625
4647 4645 4625
4647 4625 4648
4646 4649 4636
4646 4650 4649
4651 4649 4650
4651 4650 4652
4652 4653 4651
4651 4654 4649
4634 4649 4654
4655 4654 4651
4655 4651 4656
4651 4653 4656
4655 4656 4657
4656 4658 4657
4653 4659 4656
4656 4659 4658
4658 4659 4660
4653 4661 4659
4660 4659 4661
4658 4660 4662
4660 4661 4663
4664 4662 4660
4660 4663 4665
4664 4660 4666
4660 4665 4666
4664 4666 4667
4666 4665 4667
4668 4669 4670
4668 4671 4669
4671 4668 4672
4673 4672 4668
4671 4672 4674
4674 4672 4675
4675 4672 4673
4674 4675 4676
4673 4668 4677
4677 4668 4678
4678 4669 4679
4678 4679 4680
4681 4680 4679
4677 4678 4682
4682 4678 4680
4681 4683 4680
4681 4684 4683
4685 4676 4675
4685 4686 4676
4686 4685 4687
4687 4685 4688
4675 4688 4685
4688 4689 4687
4675 4690 4688
4689 4688 4690
4689 4690 4691
4675 4673 4690
4673 4691 4690
4673 4692 4691
4693 4692 4673
4693 4673 4677
4693 4677 4682
4693 4682 4694
4695 4694 4682
4696 4695 4682
4682 4680 4696
4697 4695 4696
4683 4696 4680
4697 4696 4698
4683 4698 4696
4699 4697 4698
4699 4700 4697
4701 4700 4699
4698 4683 4702
4698 4702 4699
4684 4702 4683
4703 4701 4699
4703 4704 4701
4702 4684 4705
4705 4684 4706
4706 4707 4705
4708 4707 4706
4707 4708 4709
4702 4710 4699
4702 4705 4710
4699 4710 4703
4710 4705 4707
4703 4711 4704
4703 4710 4711
4710 4707 4711
4712 4704 4711
4713 4712 4711
4707 4713 4711
4714 4712 4713
4715 4707 4709
4707 4715 4713
4716 4715 4709
4713 4715 4716
4717 4716 4709
4718 4714 4713
4713 4716 4718
4714 4718 4719
4720 4716 4717
4718 4716 4720
4720 4717 4721
4718 4720 4722
4723 4722 4719
4722 4724 4719
4721 4725 4720
4722 4720 4725
4721 4726 4725
4727 4724 4722
4722 4725 4727
4724 4727 4728
4726 4729 4725
4727 4725 4729
4726 4730 4729
4727 4731 4728
4727 4729 4731
4731 4732 4728
4730 4733 4729
4731 4729 4733
4730 4734 4733
4731 4735 4732
4731 4733 4735
4734 4736 4733
4735 4733 4736
4734 4737 4736
4738 4736 4737
4739 4732 4735
4735 4736 4739
4739 4740 4732
4739 4741 4740
4738 4742 4736
4736 4742 4739
4742 4738 4743
4739 4744 4741
4742 4744 4739
4745 4741 4744
4745 4744 4742
4742 4743 4746
4745 4742 4746
4745 4747 4741
4748 4741 4747
4749 4746 4743
4749 4743 4750
4751 4749 4750
4746 4749 4752
4752 4753 4746
4753 4745 4746
4753 4747 4745
4747 4753 4754
4755 4748 4747
4755 4747 4754
4755 4756 4748
4755 4757 4756
4757 4755 4758
4755 4754 4758
4759 4757 4758
4758 4760 4759
4760 4758 4754
4761 4760 4754
4754 4762 4761
4760 4763 4759
4761 4762 4764
4763 4760 4765
4765 4760 4761
4766 4763 4765
4764 4767 4761
4764 4749 4767
4751 4767 4749
4768 4767 4751
4761 4767 4768
4768 4751 4769
4770 4768 4769
4761 4768 4771
4765 4761 4771
4770 4772 4768
4772 4771 4768
4773 4772 4770
4766 4765 4774
4766 4774 4775
4771 4776 4765
4772 4776 4771
4776 4774 4765
4772 4773 4777
4776 4772 4777
4777 4774 4776
4773 4778 4777
4774 4779 4775
4775 4779 4780
4781 4780 4779
4782 4777 4778
4783 4782 4778
4777 4784 4774
4774 4784 4779
4782 4784 4777
4785 4781 4779
4785 4779 4784
4786 4781 4785
4787 4784 4782
4785 4784 4787
4788 4786 4785
4786 4788 4789
4786 4789 4790
4791 4788 4785
4785 4787 4791
4789 4788 4791
4787 4792 4791
4787 4793 4792
4782 4794 4787
4789 4795 4790
4795 4796 4790
4791 4797 4789
4795 4789 4797
4791 4798 4797
4796 4795 4799
4800 4796 4799
4801 4795 4797
4799 4802 4800
4782 4803 4794
4782 4783 4803
4794 4804 4798
4798 4804 4797
4794 4803 4804
4797 4804 4805
4797 4805 4801
4806 4804 4803
4806 4803 4783
4806 4805 4804
4807 4801 4805
4806 4808 4805
4809 4805 4808
4809 4807 4810
4807 4811 4801
4811 4812 4801
4811 4799 4812
4813 4799 4811
4813 4802 4799
4814 4811 4807
4814 4813 4811
4783 4815 4806
4783 4816 4815
4816 4783 4817
4816 4817 4818
4819 4818 4817
4819 4820 4818
4821 4806 4815
4820 4819 4822
4823 4820 4822
4824 4823 4822
4824 4822 4825
4826 4824 4825
4826 4825 4827
4826 4827 4828
4826 4828 4829
4829 4828 4830
4829 4830 4831
4831 4830 4832
4821 4808 4806
4821 4833 4808
4821 4834 4833
4808 4833 4809
4834 4835 4833
4834 4836 4835
4837 4835 4836
4838 4837 4836
4835 4837 4839
4809 4833 4840
4833 4841 4840
4809 4840 4842
4842 4841 4839
4807 4809 4842
4837 4838 4843
4838 4844 4843
4845 4843 4844
4842 4846 4807
4814 4807 4846
4847 4846 4842
4814 4846 4847
4847 4842 4839
4839 4848 4847
4839 4837 4849
4837 4843 4849
4849 4848 4839
4845 4850 4843
4849 4843 4850
4845 4851 4850
4814 4847 4852
4848 4852 4847
4813 4814 4852
4849 4850 4853
4849 4853 4848
4813 4852 4854
4813 4854 4802
4851 4855 4850
4851 4856 4855
4851 4857 4856
4855 4858 4850
4858 4853 4850
4858 4855 4856
4857 4859 4856
4857 4860 4859
4859 4860 4861
4860 4862 4861
4856 4859 4863
4859 4864 4863
4864 4859 4861
4863 4865 4856
4858 4856 4865
4866 4864 4861
4861 4867 4866
4861 4868 4867
4868 4869 4867
4868 4870 4869
4862 4871 4861
4871 4868 4861
4868 4872 4870
4871 4872 4868
4870 4872 4873
4862 4874 4871
4874 4872 4871
4875 4874 4862
4872 4876 4873
4874 4876 4872
4874 4875 4877
4877 4876 4874
4875 4878 4877
4879 4877 4878
4877 4879 4880
4877 4880 4876
4873 4876 4880
4881 4873 4880
4881 4880 4882
4880 4883 4882
4880 4884 4883
4885 4886 4887
4885 4887 4888
4889 4885 4888
4890 4889 4888
4890 4891 4889
4892 4889 4891
4893 4892 4891
4894 4892 4893
4894 4893 4895
4895 4896 4894
4895 4897 4896
4897 4898 4896
4897 4899 4898
4898 4899 4900
4898 4900 4901
4900 4902 4901
4900 4903 4902
4903 4904 4902
4903 4905 4904
4906 4907 4908
4909 4906 4908
4908 4910 4909
4906 4909 4911
4912 4906 4911
4912 4913 4908
4913 4912 4914
4915 4909 4910
4916 4915 4910
4912 4917 4914
4917 4918 4914
4918 4917 4919
4911 4909 4920
4909 4915 4920
4921 4915 4916
4922 4921 4916
4923 4912 4911
4923 4917 4912
4917 4924 4919
4919 4924 4865
4925 4911 4920
4923 4911 4925
4926 4920 4915
4926 4915 4921
4922 4927 4921
4928 4927 4922
4929 4917 4923
4924 4917 4929
4865 4924 4930
4865 4930 4858
4931 4921 4927
4931 4926 4921
4932 4927 4928
4932 4928 4933
4932 4934 4927
4932 4935 4934
4931 4935 4936
4931 4937 4926
4938 4937 4935
4926 4937 4939
4937 4938 4939
4926 4939 4920
4939 4925 4920
4938 4940 4939
4925 4939 4940
4941 4940 4938
4941 4938 4942
4938 4943 4942
4941 4944 4940
4944 4945 4940
4945 4925 4940
4945 4944 4946
4925 4945 4947
4923 4925 4947
4929 4923 4947
4948 4945 4946
4945 4948 4947
4949 4948 4946
4950 4949 4946
4951 4947 4948
4929 4947 4951
4949 4951 4948
4952 4949 4950
4952 4950 4953
4954 4951 4949
4954 4929 4951
4952 4954 4949
4953 4955 4952
4953 4956 4955
4954 4957 4929
4929 4957 4924
4957 4930 4924
4954 4952 4958
4952 4955 4958
4959 4957 4954
4959 4954 4958
4960 4930 4957
4960 4957 4959
4930 4960 4858
4858 4960 4853
4960 4961 4853
4961 4960 4959
4848 4853 4961
4958 4962 4959
4958 4955 4962
4961 4959 4963
4848 4961 4963
4962 4963 4959
4848 4963 4964
4963 4962 4964
4848 4964 4852
4955 4965 4962
4964 4962 4965
4852 4964 4966
4966 4964 4965
4854 4852 4966
4967 4965 4955
4966 4965 4967
4956 4967 4955
4956 4968 4967
4854 4966 4969
4802 4854 4969
4970 4966 4967
4966 4970 4969
4968 4970 4967
4802 4969 4971
4971 4969 4970
4972 4802 4971
4970 4968 4973
4971 4970 4974
4974 4970 4973
4974 4975 4971
4975 4976 4971
4976 4975 4977
4974 4978 4975
4974 4973 4978
4975 4979 4977
4978 4979 4975
4979 4980 4977
4979 4981 4980
4982 4981 4979
4978 4982 4979
4982 4983 4981
4984 4983 4982
4973 4968 4985
4985 4968 4986
4987 4985 4986
4978 4973 4988
4982 4978 4988
4973 4985 4988
4984 4982 4989
4989 4982 4988
4985 4990 4988
4990 4989 4988
4984 4989 4991
4990 4991 4989
4984 4991 4992
4992 4991 4993
4990 4993 4991
4994 4992 4993
4987 4995 4985
4985 4995 4990
4990 4996 4993
4990 4995 4996
4997 4995 4987
4995 4997 4996
4997 4987 4998
4999 4997 4998
5000 4994 4993
4996 5000 4993
4999 5001 4997
5002 5001 4999
4997 5003 4996
4996 5003 5000
5003 4997 5001
5004 4994 5000
5003 5004 5000
5004 5005 4994
5001 5006 5003
5003 5006 5004
5004 5007 5005
5007 5004 5006
5007 5008 5005
5002 5009 5001
5001 5009 5006
5007 5006 5010
5010 5006 5009
5007 5011 5008
5011 5007 5010
5012 5008 5011
5013 5012 5011
5010 5013 5011
5013 5010 5014
5015 5009 5002
5015 5010 5009
5010 5015 5014
5015 5016 5014
5015 5002 5017
5015 5017 5018
5019 5020 5021
5022 5020 5019
5022 5019 5023
5024 5022 5023
5023 5025 5024
5024 5025 5026
5025 5027 5026
5028 5026 5027
5027 5029 5028
5029 5030 5028
5028 5030 5031
5032 5031 5030
5032 5033 5031
5034 5033 5032
5034 5035 5033
5036 5035 5034
5036 5034 5037
5038 5036 5037
5039 5040 5041
5039 5042 5040
5042 5043 5040
5039 5044 5042
5039 5045 5044
5046 5044 5045
5046 5047 5044
5042 5048 5043
5044 5048 5042
5048 5049 5043
5047 5050 5044
5044 5050 5048
5047 5051 5050
5052 5050 5051
5048 5053 5049
5050 5053 5048
5053 5054 5049
5052 5055 5050
5050 5055 5053
5055 5052 5056
5053 5057 5054
5053 5055 5057
5057 5058 5054
5056 5059 5055
5055 5059 5057
5056 5060 5059
5057 5061 5058
5057 5059 5061
5061 5062 5058
5059 5060 5063
5059 5063 5061
5061 5063 5064
5060 5065 5063
5063 5065 5064
5065 5066 5064
5064 5066 5067
5061 5068 5062
5068 5061 5064
5068 5069 5062
5068 5070 5069
5068 5064 5070
5070 5071 5069
5072 5064 5067
5064 5072 5070
5070 5073 5071
5072 5073 5070
5073 5074 5071
5067 5075 5072
5072 5075 5073
5067 5076 5075
5073 5077 5074
5075 5077 5073
5077 5078 5074
5076 5079 5075
5075 5079 5077
5076 5080 5079
5079 5080 5081
5077 5082 5078
5082 5083 5078
5079 5084 5077
5084 5079 5081
5084 5082 5077
5085 5084 5081
5084 5086 5082
5084 5085 5086
5082 5086 5083
5086 5085 5087
5088 5083 5086
5086 5087 5088
5088 5089 5083
5088 5090 5089
5088 5091 5090
5087 5091 5088
5091 5092 5090
5091 5093 5092
5093 5094 5092
5087 5095 5091
5095 5093 5091
5093 5096 5094
5096 5097 5094
5095 5098 5093
5098 5096 5093
5099 5097 5096
5098 5099 5096
5100 5097 5099
5101 5100 5099
5101 5099 5098
5102 5101 5098
5102 5098 5095
5095 5087 5102
5087 5103 5102
5103 5087 5104
5087 5105 5104
5104 5105 5081
5106 5107 5108
5106 5109 5107
5110 5107 5109
5110 5111 5107
5110 5112 5111
5110 5113 5112
5113 5114 5112
5113 5115 5114
5115 5116 5114
5115 5117 5116
5117 5118 5116
5117 5119 5118
5119 5120 5118
5119 5121 5120
5121 5122 5120
5121 5123 5122
5123 5124 5122
5123 5125 5124
5125 5126 5124
5125 5127 5126
5127 5128 5126
5127 5129 5128
5130 5128 5129
5130 5131 5128
5130 5132 5131
5130 5133 5132
5133 5134 5132
5133 5135 5134
5135 5136 5134
5135 5137 5136
5137 5138 5136
5137 5139 5138
5139 5140 5138
5139 5141 5140
5141 5142 5140
5141 5143 5142
5142 5143 5144
5142 5144 5145
5145 5144 5146
5147 5148 5149
5147 5150 5148
5151 5148 5150
5151 5152 5148
5151 5153 5152
5151 5154 5153
5154 5155 5153
5154 5156 5155
5156 5157 5155
5156 5158 5157
5158 5159 5157
5158 5160 5159
5160 5161 5159
5160 5162 5161
5162 5163 5161
5162 5164 5163
5164 5165 5163
5164 5166 5165
5166 5167 5165
5166 5168 5167
5168 5169 5167
5168 5170 5169
5171 5169 5170
5171 5172 5169
5171 5173 5172
5171 5174 5173
5174 5175 5173
5174 5176 5175
5176 5177 5175
5176 5178 5177
5178 5179 5177
5178 5180 5179
5180 5181 5179
5180 5182 5181
5182 5183 5181
5182 5184 5183
5183 5184 5185
5183 5185 5186
5186 5185 5187
5188 5189 5190
5189 5191 5190
5192 5191 5189
5193 5190 5191
5192 5194 5191
5192 5195 5194
5195 5196 5194
5196 5197 5194
5197 5191 5194
5196 5198 5197
5199 5193 5191
5197 5199 5191
5193 5199 5200
5198 5201 5197
5198 5202 5201
5199 5197 5203
5197 5201 5203
5199 5204 5200
5199 5203 5204
5205 5200 5204
5206 5204 5203
5201 5206 5203
5206 5207 5204
5207 5205 5204
5208 5205 5207
5208 5209 5205
5201 5210 5206
5208 5211 5209
5202 5212 5201
5201 5212 5210
5202 5213 5212
5214 5212 5213
5215 5210 5212
5214 5215 5212
5215 5216 5210
5208 5217 5211
5217 5218 5211
5214 5219 5215
5214 5220 5219
5215 5221 5216
5221 5217 5208
5221 5222 5216
5221 5208 5222
5215 5223 5221
5221 5223 5217
5215 5219 5223
5217 5224 5218
5224 5217 5223
5224 5225 5218
5220 5226 5219
5220 5227 5226
5219 5228 5223
5224 5223 5228
5219 5226 5228
5224 5229 5225
5229 5230 5225
5224 5228 5231
5226 5231 5228
5229 5224 5231
5227 5232 5226
5226 5232 5231
5227 5233 5232
5234 5229 5231
5232 5234 5231
5233 5235 5232
5232 5235 5234
5233 5236 5235
5235 5236 5237
5229 5238 5230
5234 5238 5229
5235 5239 5234
5239 5238 5234
5235 5237 5240
5235 5240 5239
5240 5237 5241
5230 5238 5242
5239 5242 5238
5230 5242 5243
5240 5241 5244
5239 5240 5244
5243 5242 5245
5243 5245 5246
5245 5247 5246
5248 5242 5239
5239 5244 5248
5248 5245 5242
5241 5249 5244
5248 5244 5249
5250 5249 5241
5245 5251 5247
5245 5248 5251
5251 5252 5247
5252 5253 5247
5254 5253 5252
5248 5255 5251
5248 5249 5255
5255 5252 5251
5250 5256 5249
5257 5256 5250
5255 5249 5258
5255 5258 5252
5249 5256 5258
5259 5254 5252
5252 5258 5259
5259 5260 5254
5257 5261 5256
5257 5262 5261
5258 5256 5263
5258 5263 5259
5256 5261 5263
5259 5264 5260
5259 5263 5264
5264 5265 5260
5262 5266 5261
5262 5267 5266
5263 5261 5268
5261 5266 5268
5263 5269 5264
5263 5268 5269
5264 5270 5265
5264 5269 5270
5270 5271 5265
5267 5272 5266
5267 5273 5272
5268 5274 5269
5269 5274 5270
5270 5275 5271
5275 5270 5274
5275 5276 5271
5266 5277 5268
5266 5272 5277
5268 5277 5274
5273 5278 5272
5278 5277 5272
5273 5279 5278
5280 5275 5274
5274 5277 5280
5275 5281 5276
5280 5281 5275
5281 5282 5276
5279 5283 5278
5279 5284 5283
5278 5285 5277
5277 5285 5280
5286 5285 5278
5283 5284 5287
5284 5288 5287
5287 5289 5283
5285 5290 5280
5286 5290 5285
5280 5290 5281
5289 5290 5286
5281 5291 5282
5281 5290 5291
5290 5289 5291
5291 5292 5282
5291 5293 5292
5291 5289 5293
5293 5294 5292
5288 5295 5287
5288 5296 5295
5289 5287 5297
5289 5297 5293
5287 5295 5297
5293 5298 5294
5297 5298 5293
5298 5299 5294
5300 5295 5296
5301 5300 5296
5300 5301 5302
5303 5297 5295
5297 5303 5298
5295 5300 5303
5298 5304 5299
5304 5298 5303
5304 5305 5299
5300 5306 5303
5306 5304 5303
5307 5300 5302
5300 5307 5306
5304 5308 5305
5308 5309 5305
5306 5310 5304
5306 5307 5310
5310 5308 5304
5307 5302 5311
5307 5311 5310
5302 5312 5311
5308 5313 5309
5310 5313 5308
5311 5312 5314
5312 5315 5314
5316 5310 5311
5314 5316 5311
5310 5316 5313
5317 5314 5315
5317 5316 5314
5317 5315 5318
5319 5309 5313
5319 5320 5309
5319 5321 5320
5316 5322 5313
5322 5319 5313
5317 5322 5316
5319 5323 5321
5322 5323 5319
5323 5324 5321
5318 5325 5317
5318 5326 5325
5322 5317 5327
5322 5327 5323
5317 5325 5327
5323 5328 5324
5323 5327 5328
5328 5329 5324
5326 5330 5325
5326 5331 5330
5327 5325 5332
5327 5332 5328
5325 5330 5332
5328 5333 5329
5332 5333 5328
5331 5334 5330
5331 5335 5334
5334 5335 5336
5330 5337 5332
5330 5334 5337
5332 5337 5333
5334 5336 5338
5337 5334 5338
5338 5336 5339
5329 5333 5340
5329 5340 5341
5342 5333 5337
5337 5338 5342
5342 5340 5333
5338 5339 5343
5342 5338 5343
5343 5339 5344
5341 5340 5345
5345 5340 5342
5343 5345 5342
5341 5345 5346
5345 5347 5346
5345 5348 5347
5343 5348 5345
5348 5349 5347
5343 5344 5350
5343 5350 5348
5350 5349 5348
5344 5349 5350
5351 5352 5353
5351 5354 5352
5355 5354 5351
5355 5356 5354
5354 5357 5352
5356 5358 5354
5354 5358 5357
5356 5359 5358
5358 5359 5360
5361 5357 5358
5358 5360 5361
5361 5362 5357
5361 5363 5362
5360 5364 5361
5361 5364 5363
5360 5365 5364
5364 5366 5363
5365 5367 5364
5364 5367 5366
5365 5368 5367
5367 5369 5366
5368 5370 5367
5367 5370 5369
5368 5371 5370
5370 5372 5369
5371 5373 5370
5370 5373 5372
5371 5374 5373
5373 5375 5372
5374 5376 5373
5373 5376 5375
5374 5377 5376
5376 5378 5375
5377 5379 5376
5376 5379 5378
5377 5380 5379
5379 5381 5378
5380 5382 5379
5379 5382 5381
5380 5383 5382
5382 5384 5381
5383 5385 5382
5382 5385 5384
5383 5386 5385
5385 5387 5384
5386 5388 5385
5385 5388 5387
5386 5389 5388
5388 5390 5387
5389 5391 5388
5388 5391 5390
5389 5392 5391
5391 5393 5390
5392 5394 5391
5391 5394 5393
5392 5395 5394
5394 5396 5393
5395 5397 5394
5394 5397 5396
5395 5398 5397
5397 5399 5396
5398 5400 5397
5397 5400 5399
5398 5401 5400
5400 5401 5402
5403 5399 5400
5400 5402 5403
5403 5404 5399
5403 5405 5404
5402 5406 5403
5403 5406 5405
5402 5407 5406
5406 5408 5405
5407 5409 5406
5406 5409 5408
5407 5410 5409
5409 5411 5408
5410 5412 5409
5409 5412 5411
5410 5413 5412
5412 5414 5411
5413 5414 5412
5415 5416 5417
5415 5418 5416
5418 5419 5416
5418 5420 5419
5419 5420 5421
5419 5421 5422
5421 5423 5422
5421 5424 5423
5424 5425 5423
5424 5426 5425
5426 5427 5425
5426 5428 5427
5428 5429 5427
5428 5430 5429
5430 5431 5429
5430 5432 5431
5432 5433 5431
5432 5434 5433
5434 5435 5433
5434 5436 5435
5436 5437 5435
5436 5438 5437
5438 5439 5437
5438 5440 5439
5440 5441 5439
5440 5442 5441
5442 5443 5441
5442 5444 5443
5444 5445 5443
5444 5446 5445
5446 5447 5445
5446 5448 5447
5447 5448 5449
5447 5449 5450
5449 5451 5450
5449 5452 5451
5452 5453 5451
5452 5454 5453
5454 5455 5453
5454 5456 5455
5456 5457 5455
5458 5459 5460
5461 5458 5460
5461 5460 5462
5462 5460 5463
5460 5464 5463
5462 5463 5465
5466 5462 5465
5467 5461 5462
5466 5467 5462
5467 5468 5461
5469 5468 5467
5470 5467 5466
5469 5467 5470
5470 5466 5471
5472 5469 5470
5473 5470 5471
5472 5470 5473
5473 5471 5474
5475 5472 5473
5476 5473 5474
5475 5473 5476
5476 5474 5477
5478 5475 5476
5478 5476 5477
5478 5479 5475
5478 5477 5480
5481 5479 5478
5482 5478 5480
5481 5478 5482
5482 5480 5483
5484 5481 5482
5482 5483 5485
5484 5482 5486
5482 5485 5486
5487 5484 5486
5486 5485 5488
5487 5486 5489
5486 5488 5489
5490 5487 5489
5488 5491 5489
5490 5489 5492
5488 5493 5491
5494 5490 5492
5493 5495 5491
5494 5492 5495
5493 5496 5495
5497 5494 5495
5498 5495 5496
5497 5495 5498
5499 5497 5498
5498 5496 5500
5499 5498 5500
5499 5501 5497
5499 5500 5502
5503 5501 5499
5502 5504 5499
5503 5499 5505
5504 5505 5499
5506 5503 5505
5507 5505 5504
5506 5505 5507
5507 5504 5508
5509 5506 5507
5510 5507 5508
5509 5507 5510
5510 5508 5511
5512 5509 5510
5513 5510 5511
5512 5510 5513
5513 5511 5514
5515 5512 5513
5516 5513 5514
5515 5513 5516
5516 5514 5517
5518 5516 5517
5519 5515 5516
5518 5519 5516
5519 5520 5515
5521 5520 5519
5522 5519 5518
5521 5519 5522
5522 5518 5523
5524 5521 5522
5525 5522 5523
5524 5522 5525
5525 5523 5526
5527 5525 5526
5528 5524 5525
5527 5528 5525
5528 5529 5524
5530 5529 5528
5531 5528 5527
5530 5528 5531
5531 5527 5532
5533 5530 5531
5532 5534 5531
5533 5531 5535
5534 5535 5531
5535 5536 5533
5537 5535 5534
5535 5538 5536
5537 5538 5535
5539 5540 5541
5539 5541 5542
5543 5539 5542
5543 5542 5544
5543 5544 5545
5543 5545 5546
5546 5547 5543
5547 5539 5543
5546 5548 5547
5547 5549 5539
5549 5550 5539
5550 5551 5541
5549 5552 5550
5550 5553 5551
5552 5553 5550
5552 5554 5553
5553 5555 5551
5554 5556 5553
5553 5556 5555
5554 5557 5556
5556 5558 5555
5557 5558 5556
5557 5559 5558
5558 5560 5555
5561 5558 5559
5562 5560 5558
5561 5562 5558
5562 5563 5560
5561 5564 5562
5562 5565 5563
5564 5566 5562
5562 5566 5565
5566 5564 5567
5568 5565 5566
5566 5567 5568
5568 5569 5565
5568 5570 5569
5567 5571 5568
5568 5572 5570
5567 5573 5571
5572 5574 5570
5573 5575 5571
5572 5575 5574
5573 5576 5575
5575 5576 5577
5578 5574 5575
5575 5577 5578
5578 5579 5574
5578 5580 5579
5577 5581 5578
5578 5581 5580
5577 5582 5581
5581 5583 5580
5582 5584 5581
5581 5585 5583
5584 5585 5581
5585 5586 5583
5584 5587 5585
5587 5588 5585
5587 5589 5588
5585 5590 5586
5590 5591 5586
5589 5592 5590
5590 5592 5591
5592 5589 5593
5594 5591 5592
5592 5593 5594
5594 5595 5591
5594 5596 5595
5593 5597 5594
5594 5597 5596
5593 5598 5597
5599 5596 5597
5597 5598 5600
5599 5597 5601
5597 5600 5601
5602 5603 5604
5602 5604 5605
5606 5602 5605
5606 5605 5607
5605 5608 5607
5604 5609 5605
5605 5609 5608
5604 5610 5609
5609 5611 5608
5610 5612 5609
5609 5612 5611
5610 5613 5612
5612 5614 5611
5613 5615 5612
5612 5615 5614
5613 5616 5615
5615 5617 5614
5616 5618 5615
5615 5618 5617
5616 5619 5618
5618 5620 5617
5619 5621 5618
5618 5621 5620
5619 5622 5621
5621 5623 5620
5622 5624 5621
5621 5624 5623
5622 5625 5624
5624 5626 5623
5625 5627 5624
5624 5627 5626
5625 5628 5627
5627 5628 5629
5626 5627 5630
5627 5629 5630
5626 5630 5631
5630 5632 5631
5629 5633 5630
5630 5633 5632
5629 5634 5633
5633 5635 5632
5634 5636 5633
5633 5636 5635
5634 5637 5636
5636 5637 5638
5635 5636 5639
5636 5638 5639
5640 5635 5639
5639 5641 5640
5638 5642 5639
5639 5642 5641
5638 5643 5642
5641 5642 5644
5643 5645 5642
5642 5645 5644
5643 5646 5645
5645 5647 5644
5646 5648 5645
5645 5648 5647
5646 5649 5648
5648 5650 5647
5649 5650 5648
5647 5650 5651
5649 5652 5650
5650 5653 5651
5652 5653 5650
5653 5654 5651
5652 5655 5653
5653 5656 5654
5655 5657 5653
5653 5657 5656
5655 5658 5657
5657 5659 5656
5658 5660 5657
5657 5660 5659
5661 5662 5663
5664 5663 5662
5664 5662 5665
5666 5664 5665
5665 5662 5667
5665 5667 5668
5665 5668 5669
5667 5662 5670
5671 5667 5670
5662 5672 5670
5673 5672 5663
5665 5669 5674
5666 5665 5674
5674 5669 5675
5676 5671 5670
5672 5676 5670
5676 5677 5671
5673 5678 5672
5672 5678 5676
5673 5679 5678
5680 5678 5679
5666 5674 5681
5674 5675 5681
5666 5681 5682
5683 5681 5675
5680 5684 5678
5676 5678 5684
5685 5684 5680
5686 5677 5676
5676 5684 5686
5686 5687 5677
5688 5682 5681
5683 5688 5681
5688 5689 5682
5690 5688 5683
5691 5689 5688
5690 5691 5688
5691 5692 5689
5693 5692 5691
5690 5694 5691
5694 5693 5691
5690 5695 5694
5694 5695 5696
5693 5694 5697
5694 5696 5697
5693 5697 5698
5699 5697 5696
5700 5698 5697
5699 5700 5697
5700 5699 5701
5700 5702 5698
5702 5700 5703
5704 5705 5706
5707 5704 5706
5707 5706 5708
5709 5707 5708
5709 5708 5710
5711 5709 5710
5711 5710 5712
5713 5711 5712
5713 5712 5714
5715 5713 5714
5715 5714 5716
5717 5715 5716
5717 5716 5718
5719 5717 5718
5719 5718 5720
5721 5719 5720
5721 5720 5722
5721 5722 5723
5721 5723 5724
5724 5723 5725
5724 5725 5726
5727 5726 5725
5727 5728 5726
5728 5727 5729
5728 5729 5730
5730 5729 5687
5730 5687 5686
5686 5731 5730
5731 5728 5730
5686 5684 5731
5685 5731 5684
5731 5732 5728
5685 5732 5731
5726 5728 5732
5685 5733 5732
5732 5733 5734
5732 5734 5735
5735 5726 5732
5735 5734 5736
5726 5735 5737
5724 5726 5737
5735 5736 5738
5735 5738 5737
5738 5736 5739
5724 5737 5740
5724 5740 5721
5737 5738 5741
5738 5739 5741
5737 5741 5740
5742 5741 5739
5742 5740 5741
5742 5739 5743
5740 5744 5721
5742 5744 5740
5745 5744 5742
5744 5719 5721
5719 5744 5745
5746 5719 5745
5745 5742 5747
5748 5746 5745
5748 5749 5746
5748 5750 5749
5748 5751 5750
5751 5752 5750
5751 5753 5752
5753 5754 5752
5755 5745 5747
5756 5748 5745
5755 5756 5745
5757 5755 5747
5757 5747 5758
5755 5757 5759
5755 5759 5756
5748 5756 5760
5760 5756 5759
5751 5748 5760
5760 5759 5761
5760 5762 5751
5762 5760 5761
5762 5753 5751
5762 5761 5763
5764 5762 5763
5764 5753 5762
5764 5763 5765
5764 5766 5753
5753 5766 5754
5764 5765 5767
5766 5764 5767
5765 5768 5767
5767 5768 5769
5770 5754 5766
5766 5767 5770
5770 5771 5754
5772 5767 5769
5770 5767 5772
5772 5769 5773
5771 5770 5774
5770 5772 5774
5771 5774 5775
5774 5776 5775
5777 5772 5773
5777 5774 5772
5777 5773 5778
5774 5779 5776
5777 5779 5774
5779 5780 5776
5781 5777 5778
5779 5777 5781
5778 5782 5781
5782 5783 5781
5779 5784 5780
5784 5779 5781
5783 5784 5781
5785 5780 5784
5785 5784 5786
5783 5786 5784
5785 5786 5787
5786 5783 5787
5785 5787 5788
5788 5787 5789
5789 5790 5788
5790 5791 5788
5792 5793 5789
5794 5792 5789
5783 5792 5794
5792 5783 5795
5796 5792 5795
5797 5796 5798
5799 5797 5798
5800 5801 5802
5803 5800 5802
5804 5800 5803
5805 5804 5803
5805 5806 5804
5805 5807 5806
5807 5808 5806
5807 5809 5808
5809 5810 5808
5809 5811 5810
5811 5812 5810
5811 5813 5812
5813 5814 5812
5813 5815 5814
5815 5816 5814
5817 5807 5805
5818 5817 5805
5818 5805 5803
5817 5819 5807
5819 5809 5807
5819 5820 5809
5820 5811 5809
5820 5821 5811
5821 5813 5811
5821 5822 5813
5822 5815 5813
5823 5818 5803
5822 5824 5815
5823 5803 5825
5802 5825 5803
5826 5823 5825
5827 5815 5824
5827 5824 5828
5815 5827 5816
5827 5828 5829
5830 5825 5802
5826 5825 5830
5826 5830 5831
5830 5802 5832
5831 5830 5832
5833 5826 5831
5834 5831 5832
5835 5833 5831
5831 5834 5836
5835 5831 5837
5831 5836 5837
5816 5827 5838
5827 5829 5838
5816 5838 5839
5838 5840 5839
5829 5841 5838
5838 5841 5840
5841 5842 5840
5841 5843 5842
5842 5843 5844
5842 5844 5845
5844 5846 5845
5847 5848 5849
5847 5850 5848
5850 5851 5848
5850 5852 5851
5852 5853 5851
5852 5854 5853
5853 5854 5855
5856 5853 5855
5855 5857 5856
5855 5858 5857
5858 5859 5857
5858 5860 5859
5860 5861 5859
5860 5862 5861
5862 5863 5861
5862 5864 5863
5864 5865 5863
5864 5866 5865
5866 5867 5865
5866 5868 5867
5868 5869 5867
5868 5870 5869
5869 5870 5871
5869 5871 5872
5871 5873 5872
5871 5874 5873
5874 5875 5873
5874 5876 5875
5876 5877 5875
5876 5878 5877
5878 5879 5877
5880 5881 5882
5883 5880 5882
5883 5882 5884
5883 5884 5885
5886 5880 5883
5886 5887 5880
5887 5888 5880
5889 5886 5883
5883 5885 5889
5889 5890 5886
5891 5890 5889
5892 5889 5885
5891 5889 5892
5892 5885 5893
5894 5891 5892
5895 5892 5893
5894 5892 5895
5895 5893 5896
5897 5894 5895
5898 5895 5896
5897 5895 5898
5898 5896 5899
5900 5897 5898
5901 5898 5899
5900 5898 5901
5901 5899 5902
5903 5900 5901
5904 5901 5902
5903 5901 5904
5904 5902 5905
5906 5903 5904
5904 5905 5907
5906 5904 5908
5908 5904 5907
5909 5906 5908
5907 5910 5908
5909 5908 5911
5910 5911 5908
5911 5912 5909
5910 5913 5911
5911 5913 5912
5910 5914 5913
5915 5912 5913
5916 5913 5914
5915 5913 5916
5916 5914 5917
5918 5915 5916
5919 5916 5917
5918 5916 5919
5919 5917 5920
5921 5918 5919
5922 5919 5920
5921 5919 5922
5922 5920 5923
5924 5921 5922
5925 5922 5923
5924 5922 5925
5925 5923 5926
5927 5924 5925
5928 5925 5926
5927 5925 5928
5928 5926 5929
5930 5927 5928
5931 5928 5929
5930 5928 5931
5931 5929 5932
5933 5930 5931
5934 5931 5932
5933 5931 5934
5934 5932 5935
5936 5933 5934
5937 5934 5935
5936 5934 5937
5937 5935 5938
5937 5938 5939
5940 5936 5937
5937 5939 5940
5940 5941 5936
5942 5941 5940
5943 5940 5939
5942 5940 5943
5943 5939 5944
5945 5942 5943
5946 5943 5944
5945 5943 5946
5946 5944 5947
5946 5947 5948
5949 5945 5946
5946 5948 5949
5949 5950 5945
5951 5950 5949
5952 5949 5948
5951 5949 5952
5952 5948 5953
5954 5951 5952
5955 5952 5953
5954 5952 5955
5955 5953 5956
5955 5956 5957
5955 5957 5958
5958 5954 5955
5958 5959 5954
5960 5961 5962
5960 5962 5963
5964 5960 5963
5965 5963 5962
5964 5963 5966
5965 5967 5963
5967 5966 5963
5967 5965 5968
5967 5969 5966
5967 5968 5970
5969 5967 5971
5969 5971 5972
5973 5970 5968
5974 5972 5971
5973 5974 5970
5974 5975 5972
5975 5974 5976
5973 5977 5974
5974 5977 5976
5973 5978 5977
5976 5977 5979
5978 5979 5977
5980 5976 5979
5978 5981 5979
5979 5982 5980
5981 5983 5979
5979 5983 5982
5981 5984 5983
5983 5985 5982
5984 5986 5983
5983 5986 5985
5984 5987 5986
5986 5987 5988
5985 5986 5989
5986 5988 5989
5985 5989 5990
5989 5988 5991
5990 5989 5992
5989 5991 5992
5990 5992 5993
5991 5994 5992
5993 5992 5994
5995 5993 5994
5991 5996 5994
5994 5997 5995
5996 5998 5994
5994 5998 5997
5996 5999 5998
5998 6000 5997
5999 6001 5998
5998 6002 6000
6001 6002 5998
6002 6003 6000
6001 6004 6002
6002 6005 6003
6004 6005 6002
6005 6006 6003
6004 6007 6005
6005 6007 6006
6004 6008 6007
6006 6007 6009
6008 6009 6007
6010 6006 6009
6008 6011 6009
6010 6009 6012
6011 6012 6009
6013 6010 6012
6011 6014 6012
6014 6015 6012
6012 6016 6013
6012 6015 6016
6016 6015 6017
6018 6016 6017
6019 6018 6017
6020 6019 6017
6020 6021 6019
6020 6022 6021
6021 6022 6023
6024 6021 6023
6024 6023 6025
6026 6024 6025
6027 6026 6025
6027 6028 6026
6027 6029 6028
6027 6030 6029
6031 6029 6030
6031 6032 6029
6031 6033 6032
6031 6034 6033
6033 6034 6035
6033 6035 6036
6036 6035 6037
6036 6037 6038
6037 6039 6038
6037 6040 6039
6040 6041 6039
6042 6043 6044
6045 6042 6044
6045 6044 6046
6047 6045 6046
6047 6046 6048
6047 6048 6049
6047 6049 6050
6050 6049 6051
6050 6051 6052
6052 6051 6053
6053 6051 6054
6054 6055 6053
6054 6056 6055
6057 6055 6056
6057 6056 6058
6058 6059 6057
6058 6060 6059
6061 6059 6060
6060 6058 6062
6063 6062 6058
6058 6064 6063
6063 6064 6065
6066 6065 6064
6067 6065 6066
6066 6068 6067
6068 6069 6067
6068 6070 6069
6069 6070 6071
6061 6060 6072
6061 6072 6073
6061 6073 6074
6074 6073 6075
6074 6075 6076
6077 6076 6075
6078 6076 6077
6077 6079 6078
6078 6079 6080
6081 6080 6079
6081 6079 6082
6081 6082 6083
6077 6084 6079
6084 6082 6079
6075 6085 6077
6085 6084 6077
6084 6085 6086
6073 6087 6075
6088 6085 6075
6089 6087 6073
6089 6088 6087
6072 6089 6073
6089 6072 6090
6060 6090 6072
6084 6091 6082
6084 6086 6091
6092 6085 6088
6085 6092 6086
6093 6088 6089
6089 6090 6093
6060 6094 6090
6060 6062 6094
6092 6088 6095
6088 6093 6095
6096 6092 6095
6096 6095 6093
6086 6092 6097
6096 6097 6092
6098 6094 6062
6063 6098 6062
6098 6099 6094
6063 6100 6098
6099 6101 6094
6101 6090 6094
6102 6101 6099
6093 6090 6103
6101 6103 6090
6096 6093 6104
6093 6103 6104
6100 6063 6105
6063 6065 6105
6103 6101 6106
6104 6103 6106
6096 6104 6107
6107 6097 6096
6102 6108 6101
6106 6101 6108
6109 6100 6105
6109 6102 6100
6107 6104 6110
6104 6106 6110
6065 6111 6105
6109 6105 6112
6111 6112 6105
6065 6113 6111
6113 6065 6067
6067 6114 6113
6067 6069 6114
6115 6114 6069
6114 6116 6113
6113 6116 6111
6116 6114 6115
6115 6069 6117
6069 6071 6117
6071 6118 6117
6071 6119 6118
6118 6119 6120
6121 6117 6118
6121 6115 6117
6115 6121 6122
6123 6115 6122
6118 6120 6124
6125 6118 6124
6126 6125 6124
6127 6124 6120
6127 6120 6128
6124 6129 6126
6129 6124 6127
6130 6123 6126
6126 6129 6130
6115 6123 6131
6116 6115 6131
6128 6132 6127
6128 6133 6132
6134 6132 6133
6134 6135 6132
6136 6135 6134
6136 6137 6135
6138 6137 6136
6138 6139 6137
6140 6139 6138
6140 6141 6139
6141 6140 6142
6141 6142 6143
6142 6144 6143
6132 6145 6127
6146 6132 6135
6146 6145 6132
6147 6135 6137
6147 6146 6135
6148 6137 6139
6148 6147 6137
6149 6139 6141
6149 6148 6139
6147 6150 6146
6145 6146 6150
6147 6151 6150
6148 6151 6147
6152 6151 6148
6148 6149 6152
6145 6150 6153
6149 6154 6152
6145 6153 6155
6156 6149 6141
6156 6154 6149
6157 6154 6156
6156 6141 6143
6156 6158 6157
6158 6156 6143
6157 6158 6159
6145 6155 6160
6127 6145 6160
6129 6127 6160
6129 6160 6155
6129 6155 6130
6161 6130 6155
6162 6130 6161
6162 6161 6163
6162 6123 6130
6162 6163 6164
6162 6165 6123
6164 6165 6162
6166 6165 6164
6131 6123 6165
6165 6166 6131
6131 6166 6167
6167 6116 6131
6168 6116 6167
6168 6111 6116
6168 6169 6111
6111 6169 6112
6169 6170 6112
6171 6112 6170
6109 6112 6171
6172 6109 6171
6173 6109 6172
6102 6109 6173
6172 6108 6173
6108 6102 6173
6172 6174 6108
6108 6174 6106
6106 6174 6175
6175 6110 6106
6176 6110 6175
6177 6110 6176
6177 6107 6110
6107 6177 6178
6107 6178 6097
6177 6179 6178
6178 6180 6097
6178 6179 6180
6177 6181 6179
6182 6181 6177
6097 6180 6183
6086 6097 6183
6180 6179 6184
6181 6184 6179
6086 6183 6185
6086 6185 6186
6086 6186 6091
6180 6187 6183
6185 6183 6188
6183 6187 6188
6186 6185 6189
6188 6189 6185
6190 6091 6186
6186 6189 6190
6180 6191 6187
6184 6191 6180
6192 6188 6187
6191 6192 6187
6193 6091 6190
6193 6082 6091
6194 6189 6188
6194 6188 6192
6195 6082 6193
6083 6082 6195
6083 6195 6196
6193 6196 6195
6083 6196 6197
6197 6196 6198
6197 6198 6199
6198 6200 6199
6199 6200 6201
6196 6202 6198
6198 6202 6203
6203 6200 6198
6202 6196 6204
6193 6204 6196
6205 6200 6203
6200 6205 6206
6204 6193 6207
6207 6193 6190
6206 6208 6200
6208 6206 6209
6208 6209 6210
6201 6200 6211
6200 6208 6211
6208 6210 6212
6211 6208 6212
6210 6213 6212
6201 6211 6214
6214 6211 6212
6215 6201 6214
6216 6204 6207
6217 6204 6216
6190 6218 6207
6218 6216 6207
6190 6189 6218
6219 6217 6216
6220 6217 6219
6219 6221 6220
6212 6213 6222
6214 6212 6222
6214 6223 6215
6223 6214 6222
6215 6223 6224
6225 6224 6223
6223 6226 6225
6223 6222 6226
6213 6226 6222
6227 6226 6213
6227 6228 6226
6226 6228 6229
6226 6229 6230
6231 6221 6232
6233 6221 6234
6234 6235 6233
6236 6234 6232
6237 6236 6232
6216 6237 6232
6237 6216 6218
6238 6237 6218
6189 6238 6218
6189 6194 6238
6238 6194 6239
6239 6194 6192
6240 6235 6234
6241 6235 6240
6235 6241 6242
6234 6243 6240
6236 6243 6234
6240 6243 6241
6244 6242 6241
6245 6242 6244
6243 6246 6241
6241 6246 6244
6236 6247 6243
6247 6246 6243
6248 6245 6244
6249 6245 6248
6250 6244 6246
6250 6248 6244
6249 6248 6251
6252 6249 6251
6253 6251 6248
6253 6248 6250
6254 6252 6251
6254 6251 6253
6254 6255 6252
6254 6253 6256
6253 6257 6256
6253 6250 6257
6258 6256 6257
6250 6246 6259
6250 6259 6257
6257 6259 6258
6259 6246 6247
6258 6259 6260
6247 6260 6259
6261 6258 6260
6261 6262 6258
6258 6262 6263
6261 6260 6264
6264 6260 6265
6265 6260 6247
6265 6266 6264
6247 6267 6265
6236 6267 6247
6237 6267 6236
6268 6266 6265
6265 6267 6268
6237 6269 6267
6269 6268 6267
6238 6269 6237
6270 6266 6268
6270 6268 6269
6238 6270 6269
6271 6266 6270
6239 6270 6238
6239 6271 6270
6239 6272 6271
6272 6239 6192
6272 6192 6273
6273 6192 6191
6273 6191 6274
6274 6191 6184
6184 6275 6274
6276 6275 6184
6181 6276 6184
6276 6181 6277
6277 6181 6278
6278 6279 6277
6276 6277 6280
6276 6280 6275
6277 6279 6281
6280 6277 6281
6281 6279 6282
6281 6282 6283
6284 6281 6283
6280 6281 6284
6284 6283 6285
6286 6284 6285
6275 6287 6274
6287 6288 6274
6289 6288 6287
6280 6290 6275
6284 6290 6280
6275 6290 6287
6286 6291 6284
6291 6290 6284
6287 6290 6292
6292 6290 6291
6286 6293 6291
6292 6291 6293
6286 6294 6293
6294 6295 6293
6292 6293 6295
6296 6295 6294
6289 6287 6297
6287 6292 6297
6292 6295 6298
6292 6298 6297
6299 6289 6297
6297 6298 6299
6299 6300 6289
6301 6300 6299
6302 6295 6296
6298 6295 6302
6301 6299 6303
6304 6301 6303
6299 6298 6305
6298 6302 6305
6305 6303 6299
6306 6302 6296
6305 6302 6306
6306 6296 6307
6303 6305 6308
6305 6306 6308
6306 6307 6309
6309 6308 6306
6309 6307 6310
6304 6303 6311
6303 6308 6311
6309 6312 6308
6312 6311 6308
6309 6310 6313
6313 6312 6309
6314 6313 6310
6315 6313 6314
6312 6313 6315
6315 6316 6312
6312 6316 6317
6317 6311 6312
6317 6304 6311
6317 6318 6304
6317 6319 6318
6320 6321 6322
6320 6323 6321
6324 6323 6320
6325 6323 6324
6325 6324 6326
6327 6326 6324
6328 6326 6327
6329 6328 6327
6329 6330 6328
6330 6329 6331
6330 6331 6332
6332 6331 6333
6332 6333 6334
6333 6335 6334
6333 6336 6335
6335 6336 6337
6335 6337 6338
6338 6337 6339
6338 6339 6340
6341 6342 6343
6344 6341 6343
6344 6345 6341
6346 6345 6344
6345 6346 6347
6346 6348 6347
6347 6348 6349
6350 6349 6348
6349 6350 6351
6351 6350 6352
6350 6353 6352
6354 6352 6353
6354 6353 6355
6356 6354 6355
6356 6355 6357
6358 6356 6357
6358 6359 6356
6360 6359 6358
6361 6362 6363
6361 6363 6364
6364 6363 6365
6361 6364 6366
6361 6366 6367
6368 6367 6366
6368 6366 6369
6364 6365 6370
6366 6364 6370
6370 6365 6371
6369 6366 6372
6366 6370 6372
6369 6372 6373
6374 6373 6372
6370 6371 6375
6372 6370 6375
6375 6371 6376
6374 6372 6377
6372 6375 6377
6377 6378 6374
6375 6376 6379
6375 6379 6377
6379 6376 6380
6378 6377 6381
6377 6379 6381
6378 6381 6382
6379 6380 6383
6379 6383 6381
6383 6380 6384
6381 6385 6382
6382 6385 6386
6385 6387 6386
6381 6383 6388
6383 6387 6388
6386 6387 6389
6387 6390 6389
6383 6384 6391
6391 6387 6383
6391 6384 6392
6391 6392 6393
6391 6393 6387
6393 6392 6394
6395 6390 6387
6387 6393 6395
6393 6394 6396
6395 6393 6396
6396 6394 6397
6390 6395 6398
6395 6396 6398
6390 6398 6399
6396 6397 6400
6398 6396 6400
6400 6397 6401
6399 6398 6402
6398 6400 6402
6399 6402 6403
6402 6404 6403
6400 6401 6405
6405 6401 6406
6402 6400 6407
6407 6404 6402
6407 6400 6405
6405 6406 6408
6407 6405 6408
6409 6404 6407
6407 6408 6409
6408 6410 6409
6411 6404 6409
6410 6411 6412
6413 6411 6410
6410 6414 6413
6415 6408 6406
6408 6415 6410
6415 6406 6416
6415 6416 6417
6415 6417 6418
6410 6415 6418
6418 6417 6419
6420 6414 6410
6410 6418 6420
6418 6419 6421
6420 6418 6421
6421 6419 6422
6421 6422 6423
6414 6420 6424
6420 6421 6424
6424 6421 6423
6414 6424 6425
6425 6424 6426
6424 6423 6426
6425 6426 6427
6427 6426 6428
6426 6423 6428
6423 6429 6428
6430 6431 6432
6430 6102 6431
6433 6434 6435
6433 6435 6436
6437 6436 6435
6437 6435 6438
6437 6438 6439
6437 6439 6440
6440 6439 6441
6440 6441 6442
6442 6441 6443
6442 6443 6444
6444 6443 6445
6444 6445 6446
6446 6445 6447
6446 6447 6448
6448 6447 6449
6448 6449 6450
6450 6449 6451
6450 6451 6452
6452 6451 6453
6452 6453 6454
6454 6453 6455
6454 6455 6456
6457 6456 6455
6457 6455 6458
6457 6458 6459
6457 6459 6460
6460 6459 6461
6460 6461 6462
6462 6461 6463
6462 6463 6464
6464 6463 6465
6464 6465 6466
6466 6465 6467
6466 6467 6468
6468 6467 6469
6468 6469 6470
6469 6471 6470
6469 6472 6471
6472 6473 6471
6474 6475 6476
6474 6476 6477
6478 6477 6476
6478 6476 6479
6478 6479 6480
6478 6480 6481
6481 6480 6482
6481 6482 6483
6483 6482 6484
6483 6484 6485
6485 6484 6486
6485 6486 6487
6487 6486 6488
6487 6488 6489
6489 6488 6490
6489 6490 6491
6491 6490 6492
6491 6492 6493
6493 6492 6494
6493 6494 6495
6495 6494 6496
6495 6496 6497
6498 6497 6496
6498 6496 6499
6498 6499 6500
6498 6500 6501
6501 6500 6502
6501 6502 6503
6503 6502 6504
6503 6504 6505
6505 6504 6506
6505 6506 6507
6507 6506 6508
6507 6508 6509
6509 6508 6510
6509 6510 6511
6510 6512 6511
6510 6513 6512
6513 6514 6512
6515 6516 6517
6518 6515 6517
6518 6519 6515
6520 6515 6519
6521 6515 6520
6518 6522 6519
6523 6521 6520
6522 6518 6524
6522 6524 6525
6525 6524 6526
6525 6526 6527
6527 6526 6528
6527 6528 6529
6528 6530 6529
6528 6531 6530
6531 6532 6530
6526 6533 6528
6533 6531 6528
6524 6534 6526
6526 6534 6533
6518 6535 6524
6535 6534 6524
6531 6536 6532
6536 6537 6532
6533 6538 6531
6538 6536 6531
6534 6539 6533
6538 6533 6539
6540 6535 6518
6518 6517 6540
6535 6541 6534
6534 6541 6539
6536 6542 6537
6537 6542 6543
6542 6544 6543
6536 6544 6542
6544 6545 6543
6536 6546 6544
6546 6545 6544
6536 6538 6546
6546 6547 6545
6548 6547 6546
6546 6538 6549
6548 6546 6549
6538 6539 6549
6550 6548 6549
6550 6549 6539
6541 6550 6539
6541 6551 6550
6552 6551 6541
6552 6541 6535
6552 6553 6551
6540 6552 6535
6554 6553 6552
6540 6554 6552
6554 6555 6553
6554 6556 6555
6540 6557 6554
6554 6557 6556
6517 6557 6540
6558 6556 6557
6558 6559 6556
6560 6557 6517
6560 6558 6557
6517 6521 6560
6561 6559 6558
6560 6561 6558
6561 6562 6559
6563 6560 6521
6563 6521 6523
6564 6560 6563
6564 6561 6560
6563 6523 6565
6565 6564 6563
6565 6523 6566
6566 6567 6565
6568 6562 6561
6568 6569 6562
6564 6570 6561
6565 6570 6564
6561 6570 6568
6565 6567 6571
6571 6570 6565
6572 6571 6567
6573 6569 6568
6573 6574 6569
6575 6568 6570
6570 6571 6575
6575 6573 6568
6572 6576 6571
6576 6575 6571
6577 6576 6572
6578 6574 6573
6578 6579 6574
6580 6573 6575
6580 6575 6576
6578 6573 6580
6581 6576 6577
6576 6581 6580
6582 6581 6577
6583 6579 6578
6583 6584 6579
6585 6578 6580
6580 6581 6585
6583 6578 6585
6582 6586 6581
6587 6586 6582
6588 6584 6583
6588 6589 6584
6590 6583 6585
6590 6588 6583
6581 6591 6585
6581 6586 6591
6591 6590 6585
6587 6592 6586
6593 6592 6587
6586 6594 6591
6594 6590 6591
6586 6592 6594
6593 6595 6592
6595 6594 6592
6596 6595 6593
6597 6589 6588
6597 6598 6589
6590 6599 6588
6599 6590 6594
6588 6599 6597
6596 6600 6595
6601 6600 6596
6595 6602 6594
6602 6599 6594
6600 6602 6595
6603 6598 6597
6603 6604 6598
6605 6597 6599
6602 6605 6599
6603 6597 6605
6606 6605 6602
6606 6602 6600
6606 6603 6605
6601 6607 6600
6607 6606 6600
6601 6608 6607
6609 6604 6603
6609 6603 6606
6609 6610 6604
6608 6611 6607
6608 6612 6611
6613 6606 6607
6613 6609 6606
6611 6613 6607
6609 6614 6610
6614 6609 6613
6610 6614 6615
6614 6616 6615
6617 6614 6613
6617 6613 6611
6618 6616 6614
6617 6618 6614
6619 6617 6611
6619 6618 6617
6620 6616 6618
6620 6618 6619
6620 6621 6616
6622 6621 6620
6622 6620 6623
6619 6623 6620
6624 6622 6623
6619 6611 6625
6612 6625 6611
6619 6626 6623
6626 6619 6625
6627 6625 6612
6626 6625 6627
6627 6612 6628
6629 6627 6628
6629 6626 6627
6629 6628 6630
6631 6629 6630
6624 6623 6632
6626 6632 6623
6631 6633 6629
6634 6633 6631
6629 6635 6626
6626 6635 6632
6633 6635 6629
6636 6624 6632
6635 6636 6632
6636 6637 6624
6634 6638 6633
6639 6638 6634
6633 6640 6635
6635 6640 6636
6638 6640 6633
6641 6637 6636
6636 6640 6641
6641 6642 6637
6639 6643 6638
6644 6643 6639
6638 6645 6640
6641 6640 6645
6643 6645 6638
6646 6642 6641
6646 6647 6642
6641 6645 6648
6643 6648 6645
6641 6648 6646
6644 6649 6643
6649 6648 6643
6650 6647 6646
6650 6651 6647
6650 6652 6651
6653 6646 6648
6653 6650 6646
6649 6653 6648
6653 6654 6650
6653 6655 6654
6649 6655 6653
6650 6656 6652
6649 6657 6655
6644 6658 6649
6649 6658 6657
6644 6659 6658
6660 6658 6659
6656 6661 6652
6652 6661 6662
6663 6661 6656
6664 6657 6658
6660 6664 6658
6664 6663 6657
6665 6664 6660
6666 6662 6661
6667 6662 6666
6663 6668 6661
6664 6668 6663
6666 6661 6668
6665 6669 6664
6669 6668 6664
6666 6668 6669
6670 6669 6665
6666 6671 6667
6669 6671 6666
6667 6671 6672
6670 6673 6669
6669 6673 6671
6674 6673 6670
6675 6673 6674
6675 6671 6673
6675 6676 6671
6676 6672 6671
6677 6672 6676
6678 6679 6680
6678 6680 6681
6682 6678 6681
6682 6681 6683
6681 6680 6684
6683 6681 6685
6681 6684 6685
6683 6685 6686
6685 6687 6686
6688 6685 6684
6685 6688 6687
6688 6684 6689
6688 6689 6690
6687 6688 6691
6688 6690 6691
6687 6691 6692
6691 6690 6693
6692 6691 6694
6691 6693 6694
6692 6694 6695
6694 6693 6696
6695 6694 6697
6694 6696 6697
6695 6697 6698
6697 6696 6699
6698 6697 6700
6697 6699 6700
6698 6700 6701
6700 6699 6702
6701 6700 6703
6700 6702 6703
6701 6703 6704
6703 6702 6705
6704 6703 6706
6703 6705 6706
6704 6706 6707
6706 6705 6708
6707 6706 6709
6706 6708 6709
6707 6709 6710
6709 6708 6711
6710 6709 6712
6709 6711 6712
6710 6712 6713
6712 6711 6714
6713 6712 6715
6712 6714 6715
6713 6715 6716
6715 6714 6717
6716 6715 6718
6715 6717 6718
6716 6718 6719
6718 6717 6720
6719 6718 6721
6718 6720 6721
6719 6721 6722
6721 6720 6723
6722 6721 6724
6721 6723 6724
6722 6724 6725
6724 6723 6726
6725 6724 6727
6724 6726 6727
6725 6727 6728
6727 6729 6728
6730 6727 6726
6727 6730 6729
6730 6726 6731
6730 6731 6732
6729 6730 6733
6730 6732 6733
6729 6733 6734
6733 6732 6735
6734 6733 6736
6733 6735 6736
6734 6736 6737
6736 6735 6738
6737 6736 6739
6736 6738 6739
6737 6739 6740
6739 6738 6741
6740 6739 6741
6742 6743 6744
6742 6744 6745
6745 6744 6746
6745 6746 6747
6746 6748 6747
6746 6749 6748
6748 6749 6750
6748 6750 6751
6751 6750 6752
6751 6752 6753
6753 6752 6754
6753 6754 6755
6755 6754 6756
6755 6756 6757
6757 6756 6758
6757 6758 6759
6759 6758 6760
6759 6760 6761
6761 6760 6762
6761 6762 6763
6763 6762 6764
6763 6764 6765
6765 6764 6766
6765 6766 6767
6767 6766 6768
6767 6768 6769
6769 6768 6770
6769 6770 6771
6771 6770 6772
6771 6772 6773
6773 6772 6774
6773 6774 6775
6774 6776 6775
6774 6777 6776
6776 6777 6778
6776 6778 6779
6779 6778 6780
6779 6780 6781
6781 6780 6782
6781 6782 6783
6783 6782 6784
6785 6786 6787
6785 6787 6788
6788 6787 6789
6788 6789 6790
6789 6791 6790
6789 6792 6791
6791 6792 6793
6791 6793 6794
6794 6793 6795
6794 6795 6796
6796 6795 6797
6796 6797 6798
6798 6797 6799
6798 6799 6800
6800 6799 6801
6800 6801 6802
6802 6801 6803
6802 6803 6804
6804 6803 6805
6804 6805 6806
6806 6805 6807
6806 6807 6808
6808 6807 6809
6808 6809 6810
6810 6809 6811
6810 6811 6812
6812 6811 6813
6812 6813 6814
6814 6813 6815
6814 6815 6816
6816 6815 6817
6816 6817 6818
6817 6819 6818
6817 6820 6819
6819 6820 6821
6819 6821 6822
6822 6821 6823
6822 6823 6824
6824 6823 6825
6824 6825 6826
6826 6825 6827
6828 6829 6830
6831 6829 6828
6831 6832 6829
6832 6833 6829
6829 6833 6834
6832 6835 6833
6836 6835 6832
6837 6832 6831
6836 6832 6837
6837 6831 6838
6839 6837 6838
6840 6836 6837
6839 6840 6837
6840 6841 6836
6842 6840 6839
6843 6841 6840
6842 6843 6840
6843 6844 6841
6845 6843 6842
6846 6844 6843
6845 6846 6843
6846 6847 6844
6848 6846 6845
6848 6845 6849
6850 6847 6846
6851 6850 6849
6850 6852 6847
6851 6853 6850
6853 6852 6850
6853 6854 6852
6855 6853 6851
6853 6856 6854
6855 6857 6853
6853 6857 6856
6858 6857 6855
6857 6859 6856
6858 6860 6857
6857 6860 6859
6861 6860 6858
6859 6860 6862
6861 6862 6860
6859 6862 6863
6864 6862 6861
6863 6862 6865
6864 6865 6862
6863 6865 6866
6867 6865 6864
6868 6866 6865
6867 6868 6865
6869 6868 6867
6868 6870 6866
6869 6870 6868
6869 6867 6871
6869 6872 6870
6873 6869 6871
6872 6869 6874
6873 6875 6869
6874 6869 6875
6876 6875 6873
6877 6874 6875
6876 6877 6875
6877 6878 6874
6879 6877 6876
6880 6878 6877
6879 6880 6877
6880 6881 6878
6882 6880 6879
6883 6881 6880
6882 6883 6880
6883 6884 6881
6885 6883 6882
6886 6884 6883
6885 6886 6883
6886 6887 6884
6888 6887 6886
6889 6886 6885
6888 6886 6889
6889 6885 6890
6891 6889 6890
6892 6888 6889
6891 6892 6889
6892 6893 6888
6894 6892 6891
6895 6893 6892
6894 6895 6892
6895 6896 6893
6897 6896 6895
6898 6895 6894
6897 6895 6898
6898 6894 6899
6900 6898 6899
6901 6897 6898
6900 6901 6898
6901 6902 6897
6903 6901 6900
6902 6901 6904
6903 6905 6901
6904 6901 6905
6905 6903 6906
6907 6904 6905
6905 6906 6908
6907 6905 6908
6909 6910 6911
6909 6912 6910
6912 6909 6913
6912 6913 6914
6912 6914 6915
6910 6912 6916
6912 6915 6916
6910 6916 6917
6916 6915 6918
6917 6916 6919
6916 6918 6919
6917 6919 6920
6919 6918 6921
6920 6919 6922
6919 6921 6922
6920 6922 6923
6922 6921 6924
6923 6922 6925
6922 6924 6925
6923 6925 6926
6925 6924 6927
6926 6925 6927
6926 6927 6928
6927 6924 6929
6930 6928 6927
6931 6927 6929
6930 6927 6931
6931 6929 6932
6930 6931 6933
6931 6932 6934
6933 6931 6935
6931 6934 6935
6935 6936 6933
6937 6935 6934
6935 6937 6936
6937 6934 6938
6937 6938 6939
6936 6937 6940
6937 6939 6940
6936 6940 6941
6940 6939 6942
6941 6940 6943
6940 6942 6943
6941 6943 6944
6943 6945 6944
6946 6943 6942
6943 6946 6945
6946 6942 6947
6946 6947 6948
6945 6946 6949
6946 6948 6949
6945 6949 6950
6949 6948 6951
6950 6949 6952
6949 6951 6953
6952 6949 6953
6953 6951 6954
6952 6953 6955
6953 6954 6956
6955 6953 6956
6955 6956 6957
6956 6954 6958
6957 6956 6959
6956 6958 6959
6959 6960 6957
6961 6959 6958
6959 6961 6960
6961 6958 6962
6961 6962 6963
6960 6961 6964
6961 6963 6964
6960 6964 6965
6964 6966 6965
6964 6967 6966
6968 6969 6963
6968 6967 6969
6970 6971 6972
6970 6973 6971
6974 6973 6970
6974 6975 6973
6973 6975 6976
6971 6973 6977
6973 6976 6977
6971 6977 6978
6977 6976 6979
6978 6977 6980
6977 6979 6980
6978 6980 6981
6980 6979 6982
6981 6980 6983
6980 6982 6983
6981 6983 6984
6983 6982 6985
6984 6983 6986
6983 6985 6986
6984 6986 6987
6986 6985 6988
6987 6986 6989
6986 6988 6989
6987 6989 6990
6989 6988 6991
6990 6989 6992
6989 6991 6992
6990 6992 6993
6992 6991 6994
6993 6992 6995
6992 6994 6995
6993 6995 6996
6995 6997 6996
6994 6998 6995
6995 6998 6997
6994 6999 6998
6998 6999 7000
6997 6998 7001
6998 7000 7001
6997 7001 7002
7001 7000 7003
7002 7001 7004
7001 7003 7004
7002 7004 7005
7004 7006 7005
7003 7007 7004
7004 7007 7006
7008 7007 7003
7007 7008 7009
7006 7007 7010
7007 7009 7010
7006 7010 7011
7009 7012 7010
7011 7010 7013
7010 7012 7013
7011 7013 7014
7013 7012 7015
7014 7013 7016
7013 7015 7016
7014 7016 7017
7016 7015 7018
7017 7016 7018
7015 7019 7018
7017 7018 7020
7018 7019 7021
7020 7018 7021
7021 7019 7022
7020 7021 7023
7021 7022 7024
7023 7021 7025
7021 7024 7025
7023 7025 7026
7025 7024 7027
7026 7025 7028
7025 7027 7028
7029 7030 7031
7032 7030 7029
7032 7033 7030
7034 7033 7032
7034 7035 7033
7036 7035 7034
7036 7037 7035
7038 7037 7036
7038 7039 7037
7040 7039 7038
7040 7041 7039
7042 7041 7040
7042 7043 7041
7044 7043 7042
7044 7045 7043
7046 7045 7044
7046 7047 7045
7046 7048 7047
7046 7049 7048
7049 7050 7048
7049 7051 7050
7052 7050 7051
7052 7051 7053
7053 7054 7052
7053 7055 7054
7055 7056 7054
7055 7057 7056
7057 7058 7056
7059 7055 7053
7057 7055 7059
7057 7060 7058
7060 7061 7058
7051 7062 7053
7059 7053 7062
7057 7059 7063
7060 7057 7063
7060 7064 7061
7061 7064 7065
7066 7059 7062
7066 7063 7059
7066 7062 7067
7066 7068 7063
7062 7069 7067
7068 7070 7063
7060 7063 7070
7068 7071 7070
7072 7070 7071
7062 7073 7069
7073 7062 7051
7073 7074 7069
7075 7060 7070
7072 7075 7070
7075 7064 7060
7072 7076 7075
7077 7064 7075
7075 7076 7077
7065 7064 7077
7078 7077 7076
7079 7065 7077
7078 7079 7077
7079 7080 7065
7079 7081 7080
7082 7079 7078
7079 7083 7081
7082 7083 7079
7083 7084 7081
7082 7085 7083
7083 7085 7084
7082 7086 7085
7087 7084 7085
7088 7085 7086
7087 7085 7088
7088 7086 7089
7090 7087 7088
7091 7088 7089
7090 7088 7091
7091 7089 7092
7093 7091 7092
7090 7091 7094
7094 7091 7093
7090 7094 7095
7094 7096 7095
7093 7097 7094
7094 7097 7096
7093 7098 7097
7099 7096 7097
7100 7097 7098
7099 7097 7100
7100 7101 7099
7100 7098 7102
7102 7103 7100
7104 7105 7106
7104 7106 7107
7107 7108 7104
7109 7104 7108
7108 7107 7110
7110 7107 7111
7109 7108 7112
7113 7108 7110
7112 7108 7113
7109 7112 7114
7113 7114 7112
7109 7114 7115
7110 7116 7113
7117 7116 7110
7113 7118 7114
7119 7118 7113
7120 7118 7119
7121 7115 7114
7114 7118 7121
7121 7122 7115
7118 7120 7123
7121 7118 7123
7123 7120 7124
7125 7122 7121
7123 7125 7121
7125 7126 7122
7127 7126 7125
7123 7124 7128
7123 7128 7125
7128 7124 7129
7127 7125 7130
7130 7125 7128
7130 7131 7127
7128 7129 7132
7130 7128 7132
7132 7129 7133
7134 7132 7133
7130 7135 7131
7135 7130 7132
7136 7132 7134
7135 7132 7136
7136 7134 7137
7138 7131 7135
7136 7138 7135
7138 7139 7131
7136 7137 7140
7136 7140 7138
7140 7137 7141
7142 7139 7138
7140 7142 7138
7142 7143 7139
7140 7141 7144
7144 7142 7140
7144 7141 7145
7146 7143 7142
7142 7144 7146
7146 7147 7143
7146 7148 7147
7146 7149 7148
7148 7149 7044
7146 7144 7150
7144 7145 7150
7150 7149 7146
7151 7150 7145
7151 7149 7150
7151 7145 7152
7152 7153 7151
7151 7153 7149
7152 7154 7153
7149 7153 7155
7044 7149 7156
7149 7155 7156
7156 7046 7044
7157 7046 7156
7155 7157 7156
7049 7046 7157
7049 7157 7158
7049 7158 7051
7051 7158 7073
7155 7159 7157
7158 7157 7159
7073 7158 7160
7158 7159 7160
7073 7160 7074
7160 7161 7074
7160 7159 7161
7155 7161 7159
7155 7162 7161
7163 7164 7165
7163 7165 7166
7166 7165 7167
7166 7167 7168
7168 7167 7169
7168 7169 7170
7169 7171 7170
7172 7171 7169
7171 7172 7173
7171 7173 7174
7174 7173 7175
7174 7175 7176
7176 7175 7177
7176 7177 7178
7178 7177 7179
7178 7179 7180
7180 7179 7181
7180 7181 7182
7182 7181 7183
7182 7183 7184
7184 7183 7185
7184 7185 7186
7185 7187 7186
7185 7188 7187
7187 7188 7189
7187 7189 7190
7190 7189 7191
7190 7191 7192
7192 7191 7193
7192 7193 7194
7194 7193 7195
7196 7197 7198
7199 7197 7196
7199 7196 7200
7201 7199 7200
7201 7202 7199
7203 7202 7201
7203 7204 7202
7205 7203 7201
7206 7204 7203
7207 7203 7205
7206 7203 7207
7207 7205 7208
7207 7208 7209
7210 7206 7207
7207 7209 7210
7210 7211 7206
7212 7210 7209
7213 7211 7210
7212 7213 7210
7213 7214 7211
7215 7213 7212
7216 7214 7213
7215 7216 7213
7216 7217 7214
7218 7216 7215
7219 7217 7216
7218 7219 7216
7219 7220 7217
7221 7219 7218
7222 7220 7219
7221 7222 7219
7222 7223 7220
7224 7222 7221
7225 7223 7222
7224 7225 7222
7225 7226 7223
7225 7227 7226
7228 7225 7224
7228 7227 7225
7226 7227 7229
7230 7229 7227
7231 7227 7228
7227 7232 7230
7231 7233 7227
7227 7233 7232
7234 7233 7231
7235 7232 7233
7234 7235 7233
7234 7236 7235
7235 7237 7232
7236 7237 7235
7238 7236 7234
7239 7237 7236
7240 7236 7238
7236 7241 7239
7240 7242 7236
7236 7242 7241
7243 7244 7245
7246 7244 7243
7246 7247 7244
7246 7248 7247
7249 7246 7243
7249 7243 7250
7250 7243 7251
7252 7246 7249
7246 7252 7248
7252 7249 7253
7254 7252 7253
7255 7248 7252
7254 7255 7252
7255 7256 7248
7257 7255 7254
7258 7256 7255
7257 7258 7255
7258 7259 7256
7260 7258 7257
7261 7259 7258
7260 7261 7258
7261 7262 7259
7263 7261 7260
7264 7262 7261
7263 7264 7261
7264 7265 7262
7266 7264 7263
7267 7265 7264
7266 7267 7264
7267 7268 7265
7269 7267 7266
7267 7270 7268
7269 7271 7267
7271 7270 7267
7272 7271 7269
7270 7271 7273
7272 7274 7271
7273 7271 7274
7274 7272 7275
7273 7274 7276
7274 7275 7276
7273 7276 7277
7278 7276 7275
7279 7277 7276
7278 7279 7276
7279 7280 7277
7281 7279 7278
7282 7280 7279
7281 7282 7279
7282 7283 7280
7284 7282 7281
7285 7283 7282
7284 7285 7282
7285 7286 7283
7287 7285 7284
7288 7286 7285
7287 7288 7285
7288 7289 7286
7290 7288 7287
7291 7289 7288
7290 7291 7288
7291 7292 7289
7293 7291 7290
7294 7292 7291
7293 7294 7291
7294 7295 7292
7296 7294 7293
7297 7295 7294
7296 7297 7294
7297 7298 7295
7299 7297 7296
7300 7298 7297
7299 7300 7297
7300 7301 7298
7300 7302 7301
7303 7300 7299
7300 7303 7302
7303 7299 7304
7305 7303 7304
7306 7302 7303
7305 7306 7303
7306 7307 7302
7308 7306 7305
7309 7307 7306
7308 7309 7306
7309 7310 7307
7309 7311 7310
7312 7309 7308
7309 7312 7311
7312 7308 7313
7314 7312 7313
7315 7311 7312
7314 7315 7312
7315 7316 7311
7317 7315 7314
7318 7316 7315
7317 7318 7315
7318 7319 7316
7318 7320 7319
7318 7321 7320
7321 7318 7317
7321 7317 7322
7323 7324 7325
7323 7326 7324
7327 7326 7323
7328 7324 7326
7327 7329 7326
7328 7326 7330
7330 7326 7329
7330 7331 7328
7330 7329 7332
7330 7333 7331
7332 7333 7330
7332 7334 7333
7335 7331 7333
7336 7333 7334
7335 7333 7336
7336 7334 7337
7337 7338 7336
7335 7336 7339
7336 7338 7339
7335 7339 7340
7338 7341 7339
7340 7339 7341
7342 7341 7338
7340 7341 7343
7341 7342 7344
7343 7341 7345
7341 7344 7345
7343 7345 7346
7345 7344 7347
7346 7345 7348
7345 7347 7348
7346 7348 7349
7348 7350 7349
7347 7351 7348
7348 7351 7350
7347 7352 7351
7351 7353 7350
7352 7354 7351
7351 7354 7353
7352 7355 7354
7353 7354 7356
7355 7356 7354
7357 7356 7355
7353 7356 7358
7356 7357 7359
7358 7356 7360
7356 7359 7360
7358 7360 7361
7360 7359 7362
7361 7360 7363
7360 7362 7364
7363 7360 7364
7364 7362 7365
7363 7364 7366
7364 7365 7367
7366 7364 7367
7367 7365 7368
7366 7367 7369
7367 7368 7369
7366 7369 7370
7368 7371 7369
7370 7369 7371
7372 7371 7368
7370 7371 7373
7372 7374 7371
7373 7371 7374
7375 7374 7372
7373 7374 7376
7376 7374 7377
7374 7375 7378
7374 7378 7377
7378 7379 7377
7380 7379 7378
7381 7379 7380
7382 7379 7381
7382 7381 7383
7382 7383 7384
7383 7385 7384
7386 7385 7383
7386 7387 7385
7388 7387 7386
7389 7387 7388
7389 7388 7390
7389 7390 7391
7389 7391 7392
7393 7392 7391
7393 7391 7394
7393 7394 7395
7393 7395 7396
7395 7397 7396
7395 7398 7397
7398 7399 7397
7398 7400 7399
7399 7400 7401
7399 7401 7402
7402 7401 7403
7404 7405 7406
7406 7405 7117
7407 7408 7409
7407 7409 7410
7407 7410 7411
7407 7411 7412
7412 7411 7413
7412 7413 7414
7414 7413 7415
7414 7415 7416
7416 7415 7417
7416 7417 7418
7418 7417 7419
7418 7419 7420
7420 7419 7421
7420 7421 7422
7422 7421 7423
7422 7423 7424
7424 7423 7425
7424 7425 7426
7426 7425 7427
7426 7427 7428
7428 7427 7429
7428 7429 7430
7430 7429 7431
7430 7431 7432
7431 7433 7432
7432 7433 7434
7433 7435 7434
7434 7435 7436
7437 7436 7435
7438 7436 7437
7438 7437 7439
7438 7439 7440
7440 7439 7441
7440 7441 7442
7443 7444 7445
7443 7445 7446
7447 7443 7446
7447 7446 7448
7448 7449 7450
7448 7450 7451
7449 7452 7450
7449 7453 7452
7450 7452 7454
7451 7450 7455
7450 7454 7455
7451 7455 7456
7455 7454 7457
7456 7455 7458
7455 7457 7458
7456 7458 7459
7458 7457 7460
7459 7458 7461
7458 7460 7461
7459 7461 7462
7461 7460 7463
7462 7461 7464
7461 7463 7464
7462 7464 7465
7464 7463 7466
7465 7464 7467
7464 7466 7467
7465 7467 7468
7467 7466 7469
7468 7467 7470
7467 7469 7470
7468 7470 7471
7470 7469 7472
7471 7470 7473
7470 7472 7473
7471 7473 7474
7473 7472 7475
7474 7473 7476
7473 7475 7476
7474 7476 7477
7476 7475 7478
7477 7476 7479
7476 7478 7479
7477 7479 7480
7479 7478 7481
7480 7479 7482
7479 7481 7482
7480 7482 7483
7482 7481 7484
7483 7482 7485
7482 7484 7486
7485 7482 7486
7486 7484 7487
7485 7486 7488
7486 7487 7488
7485 7488 7489
7488 7490 7489
7487 7491 7488
7488 7491 7490
7487 7492 7491
7491 7492 7493
7490 7491 7494
7491 7493 7494
7494 7493 7495
7490 7494 7496
7494 7495 7497
7496 7494 7497
7496 7497 7498
7499 7500 7501
7499 7501 7502
7502 7501 7503
7502 7503 7504
7504 7503 7505
7504 7505 7506
7506 7505 7507
7506 7507 7508
7508 7507 7509
7508 7509 7510
7510 7509 7511
7510 7511 7512
7512 7511 7513
7512 7513 7514
7514 7513 7515
7514 7515 7516
7516 7515 7517
7516 7517 7518
7518 7517 7519
7518 7519 7520
7520 7519 7521
7520 7521 7522
7521 7523 7522
7521 7524 7523
7523 7524 7525
7523 7525 7526
7525 7527 7526
7525 7528 7527
7527 7528 7529
7527 7529 7530
7530 7529 7531
7530 7531 7532
7533 7534 7535
7535 7534 7536
7537 7538 7539
7540 7541 7538
7538 7542 7540
7542 7543 7540
7543 7542 7544
7539 7544 7542
7545 7543 7544
7546 7545 7544
7546 7544 7547
7547 7548 7546
7547 7549 7548
7547 7544 7550
7550 7549 7547
7544 7539 7550
7551 7549 7550
7551 7552 7549
7552 7551 7553
7554 7553 7551
7555 7554 7551
7556 7555 7551
7556 7551 7557
7551 7550 7557
7550 7539 7557
7558 7557 7539
7558 7539 7559
7560 7557 7558
7560 7561 7557
7560 7558 7562
7558 7559 7563
7562 7558 7563
7564 7563 7559
7564 7562 7563
7565 7566 7567
7565 7568 7566
7568 7565 7569
7570 7566 7568
7570 7568 7571
7568 7569 7571
7572 7570 7571
7571 7569 7573
7574 7571 7573
7575 7574 7573
7569 7575 7573
7565 7576 7569
7576 7565 7577
7578 7577 7565
7578 7579 7577
7579 7580 7577
7580 7581 7577
7581 7576 7577
7580 7582 7581
7582 7576 7581
7569 7583 7575
7576 7584 7569
7584 7583 7569
7585 7575 7583
7585 7586 7575
7585 7583 7587
7587 7583 7584
7587 7584 7588
7589 7588 7584
7576 7590 7584
7590 7576 7582
7590 7589 7584
7582 7591 7590
7589 7590 7591
7591 7582 7592
7589 7591 7593
7591 7592 7593
7594 7595 7596
7597 7594 7596
7598 7597 7596
7597 7598 7599
7600 7597 7599
7599 7601 7600
7599 7602 7601
7603 7599 7598
7603 7602 7599
7602 7603 7604
7605 7602 7604
7596 7606 7598
7596 7607 7606
7606 7607 7608
7606 7608 7609
7605 7609 7608
7610 7605 7608
7611 7610 7608
7611 7608 7612
7607 7612 7608
7596 7613 7607
7614 7613 7596
7614 7596 7615
7614 7616 7613
7613 7617 7607
7612 7607 7617
7616 7618 7613
7617 7613 7618
7616 7619 7618
7618 7619 7620
7617 7618 7620
7612 7617 7621
7622 7612 7621
7623 7622 7621
7622 7624 7612
7612 7624 7625
7626 7627 7628
7627 7626 7629
7630 7626 7631
7630 7632 7627
7633 7631 7626
7634 7631 7633
7635 7634 7633
7636 7635 7633
7637 7633 7626
7637 7636 7633
7638 7637 7627
7627 7639 7638
7627 7632 7639
7639 7632 7640
7640 7641 7639
7642 7643 7644
7644 7643 7645
7644 7645 7646
7646 7647 7644
7647 7648 7644
7643 7649 7645
7649 7650 7645
7649 7651 7650
7649 7652 7651
7649 7643 7653
7653 7652 7649
7654 7653 7643
7655 7654 7644
7644 7648 7656
7644 7656 7655
7656 7648 7657
7658 7655 7656
7658 7656 7657
7658 7659 7655
7658 7657 7660
7653 7661 7652
7652 7661 7662
7663 7662 7661
7653 7663 7661
7663 7664 7662
7665 7663 7653
7663 7665 7664
7665 7653 7666
7667 7664 7665
7668 7665 7666
7667 7665 7668
7668 7669 7667
7670 7669 7668
7669 7670 7671
7668 1019 7670
7668 7672 1019
7670 1027 7671
7673 1027 7670
7674 7671 1027
7675 7676 7677
7675 7677 7678
7678 7677 7679
7680 7675 7678
7679 7681 7678
7682 7680 7678
7681 7682 7678
7682 7683 7680
7684 7682 7681
7685 7682 7684
7685 7686 7683
7687 7682 7685
7688 7685 7684
7689 7685 7690
7689 7690 7691
7692 7690 7685
7690 7693 7691
7694 7690 7692
7694 7693 7690
7695 7696 7697
7695 7697 7698
7698 7697 7699
7698 7699 7700
7700 7701 7698
7701 7702 7698
7701 7703 7702
7698 7702 7704
7705 7697 7706
7697 7705 7707
7705 7708 7707
7709 7705 7706
7705 7710 7708
7709 7711 7705
7705 7711 7710
7711 7709 7712
7712 7710 7711
1045 7713 7714
7715 1045 7714
1045 7715 7716
7715 7717 7716
7716 7717 7718
7719 7718 7717
7720 7716 7718
1045 7721 7720
7722 7723 7724
7725 7723 7722
7725 7722 7726
7727 7725 7726
7722 7728 7726
7729 7728 7722
7729 7730 7728
7729 7722 7731
7731 7732 7729
7733 7729 7732
7734 7729 7733
7733 7735 7734
7736 7729 7734
7737 7729 7736
7735 7738 7734
7738 7735 7739
7740 7738 7739
7738 7740 7734
7740 7741 7734
7742 7743 7744
7742 7744 7745
7742 7745 7746
7746 7745 7747
7745 7748 7747
7745 7749 7748
7745 7750 7749
7745 7744 7750
7751 7746 7752
7751 7752 7748
7753 7744 7754
7744 7755 7754
7755 7756 7754
7757 7753 7754
7756 7758 7754
7754 7759 7757
7758 7759 7754
7757 7759 7760
7761 7759 7758
7759 7761 7760
7762 7763 7764
7765 7762 7764
7762 7765 7766
7767 7765 7764
7767 7768 7765
7768 7769 7765
7765 7769 7766
7764 7770 7767
7764 7771 7770
7770 7772 7767
7771 7773 7770
7772 7770 7774
7773 7774 7770
7766 7769 7775
7766 7775 7776
7775 7777 7776
7778 7777 7775
7778 7775 7769
7778 7769 7779
7779 7769 7780
7781 7774 7773
7782 7774 7781
7782 7783 7774
7784 7782 7781
7773 7785 7781
7784 7781 7785
7786 7784 7785
7773 7787 7785
7788 7785 7787
7787 7789 7788
7788 7789 7790
7788 7790 7791
7792 7785 7788
7793 7785 7792
7794 7792 7788
7794 7788 7791
7795 7794 7791
7796 7795 7791
7797 7798 7799
7797 7800 7798
7800 7797 7801
7802 7801 7797
7803 7802 7797
7804 7802 7803
7803 7797 7805
7806 7804 7803
7805 7807 7803
7808 7806 7803
7803 7807 7809
7809 7808 7803
7810 7808 7809
7810 7809 7811
7812 7808 7810
7812 7813 7808
7812 7810 7814
7815 7810 7811
7814 7810 7815
7816 7815 7811
7816 7814 7815
7817 7818 7819
7817 7820 7818
7821 7818 7820
7821 7820 7822
7823 7821 7822
7820 7824 7822
7824 7820 7825
7820 7817 7825
7825 7817 7826
7827 7826 7817
7827 7828 7826
7829 7825 7826
7828 7830 7826
7829 7826 7831
7830 7831 7826
7832 7829 7831
7830 7832 7831
7833 7834 7835
7833 7835 7836
7836 7837 7833
7836 7838 7837
7839 7837 7838
7840 7838 7836
7836 7835 7840
7840 7841 7838
7841 7839 7838
7842 7840 7835
7843 7842 7835
7843 7835 7844
7844 7835 7845
7844 7845 7846
7844 7847 7843
7846 7848 7844
7848 7847 7844
7848 7849 7847
7850 7839 7841
7850 7851 7839
7851 7850 7852
7853 7852 7850
7853 7850 7854
7854 7850 7841
7855 7853 7854
7856 7854 7841
7855 7854 7856
7856 7841 7857
7858 7855 7856
7857 7859 7856
7858 7856 7859
7857 7860 7859
7861 7858 7859
7861 7859 7862
7859 7863 7862
7862 7863 7864
7865 7861 7862
7862 7864 7865
7866 7861 7865
7865 7864 7867
7868 7866 7865
7868 7865 7867
7869 7870 7871
7869 7871 7872
7873 7869 7872
7874 7873 7872
7874 7872 7875
7872 7871 7875
7876 7875 7871
7876 7871 7877
7878 7877 7871
7878 7871 7879
7880 7877 7881
7877 7882 7881
7883 7881 7882
7877 7884 7882
7877 7885 7884
7882 7884 7886
7883 7882 7886
7887 7883 7886
7888 7889 7890
7888 7890 7891
7891 7892 7888
7892 7893 7888
7893 7892 7894
7895 7893 7894
7894 7896 7895
7894 7897 7896
7898 7894 7892
7898 7897 7894
7891 7898 7892
7891 7899 7898
7900 7899 7891
7900 7891 7890
7890 7901 7900
7897 7898 7902
7903 7897 7902
7898 7904 7902
7902 7904 7903
7898 7905 7904
7903 7904 7906
7905 7907 7904
7907 7906 7904
7907 7908 7906
7905 7909 7907
7909 7910 7907
7911 7910 7909
7907 7910 7912
7908 7910 7913
7914 7913 7910
7914 7910 7915
7916 7914 7915
7910 7917 7915
7918 7919 7920
7918 7921 7919
7921 7922 7919
7923 7921 7918
7923 7924 7921
7925 7921 7924
7921 7925 7922
7925 7924 7926
7927 7925 7926
7922 7925 7927
7927 7926 7928
7929 7927 7928
7922 7927 7930
7930 7931 7929
7930 7929 7932
7922 7930 7932
7932 7929 7933
7932 7933 7934
7932 7934 7935
7932 7936 7922
7936 7932 7935
7937 7922 7936
7938 7936 7935
7936 7938 7937
7938 7935 7939
7937 7938 7940
7940 7938 7939
7941 7937 7940
7940 7939 7942
7943 7944 7940
7940 7945 7943
7940 7946 7945
7947 7948 7943
7947 7943 7949
7946 7950 7949
7949 7950 7951
7947 7949 7951
7947 7951 7952
7953 7890 7954
7953 7955 7890
7956 7955 7953
7955 7901 7890
7956 7957 7955
7901 7955 7957
7956 7958 7957
7901 7957 7959
7957 7958 7959
7960 7961 7962
7963 7962 7961
7964 7963 7961
7965 7963 7964
7966 7962 7963
7918 7963 7965
7918 7966 7963
7966 7918 7967
7968 7969 7970
7970 7971 7968
7968 7971 7972
7971 7973 7972
7971 7970 7974
7971 7975 7973
7974 7975 7971
7974 7976 7975
7977 7975 7976
7975 7977 7978
7978 7977 7979
7977 7980 7979
7981 7980 7977
7982 7980 7981
7983 7981 7977
7977 7976 7983
7984 7982 7981
7983 7984 7981
7985 7983 7976
7985 7984 7983
7976 7974 7986
7985 7976 7986
7984 7987 7982
7987 7988 7982
7988 7987 7989
7990 7989 7987
7991 7987 7984
7990 7987 7991
7985 7991 7984
7992 7990 7991
7992 7991 7985
7993 7992 7985
7993 7985 7986
7994 7993 7986
7986 7974 7995
7994 7986 7995
7995 7974 7996
7997 7994 7995
7995 7996 7997
7998 7994 7997
7999 7997 7996
7999 7998 7997
8000 8001 8002
8000 8002 8003
8003 8004 8000
8004 8005 8000
8005 8004 8006
8007 8005 8006
8003 8008 8004
8008 8006 8004
8002 8009 8003
8003 8010 8008
8009 8010 8003
8011 8007 8006
8008 8012 8006
8006 8012 8011
8008 8010 8013
8010 8009 8014
8010 8014 8013
8012 8008 8015
8008 8013 8015
8016 8013 8014
8016 8017 8013
8013 8017 8015
8015 8017 8018
8018 8012 8015
8009 8019 8014
8014 8019 8020
8014 8020 8021
8022 8020 8019
8022 8019 8023
8024 8022 8023
8019 8025 8023
8025 8019 8009
8002 8025 8009
8002 8026 8025
8027 8026 8002
8027 8002 8028
8029 8026 8027
8025 8026 8030
8029 8030 8026
8025 8030 8031
8029 8032 8030
8030 8032 8031
8033 8034 8035
8033 8036 8034
8036 8037 8034
8037 8038 8034
8039 8034 8038
8037 8040 8038
8041 8040 8037
8042 8033 8039
8042 8039 8043
8044 8042 8043
8044 8007 8042
8044 8045 8007
8042 8007 8011
8011 8033 8042
8011 8046 8033
8046 8036 8033
8047 8046 8011
8047 8011 8012
8048 8041 8037
8036 8048 8037
8036 8046 8049
8047 8049 8046
8050 8048 8036
8036 8049 8050
8049 8051 8050
8050 8051 8052
8050 8053 8048
8052 8053 8050
8053 8041 8048
8052 8054 8053
8054 8055 8053
8056 8053 8055
8053 8056 8041
8057 8049 8047
8057 8058 8049
8057 8047 8059
8059 8047 8060
8061 8059 8060
8047 8012 8060
8061 8060 8012
8056 8062 8041
8062 8063 8041
8064 8063 8062
8064 8062 8065
8056 8065 8062
8064 8065 8066
8066 8065 8067
8066 8067 8068
8069 8065 8056
8069 8067 8065
8070 8069 8056
8070 8056 8071
8072 8070 8071
8073 8072 8071
8072 8074 8070
8075 8070 8074
8070 8075 8069
8075 8074 8076
8069 8077 8067
8078 8067 8077
8079 8067 8078
8069 8080 8077
8080 8069 8075
8080 8075 8081
8082 8081 8075
8082 8083 8081
8083 8084 8081
8084 8085 8081
8084 8086 8085
8087 8081 8085
8087 8080 8081
8086 8087 8085
8088 8080 8087
8089 8080 8088
8078 8089 8090
8090 8089 8088
8088 8091 8090
8087 8086 8092
8087 8092 8088
8092 8091 8088
8092 8086 8093
8092 8093 8091
8094 8095 8096
8094 8096 8097
8097 8098 8094
8097 8099 8098
8098 8099 8100
8100 8099 8101
8101 8102 8100
8102 8101 8103
8104 8101 8099
8105 8099 8097
8105 8104 8099
8097 8096 8106
8097 8106 8105
8107 8104 8105
8105 8106 8108
8105 8108 8107
8107 8109 8104
8109 8110 8104
8111 8110 8109
8111 8112 8110
8113 8111 8109
8113 8109 8107
8114 8113 8107
8114 8107 8108
8115 8106 8096
8116 8108 8106
8116 8106 8115
8115 8096 8117
8117 8096 8118
8117 8118 8119
8120 8117 8119
8117 8121 8115
8120 8121 8117
8120 8122 8121
8116 8115 8123
8124 8108 8116
8124 8125 8108
8124 8116 8126
8116 8123 8127
8126 8116 8127
8128 8127 8123
8128 8126 8127
8129 8130 8131
8129 8132 8130
8132 8129 8133
8129 8134 8133
8129 8135 8134
8136 8135 8129
8135 8137 8134
8136 8130 8138
8136 8139 8135
8138 8130 8140
8132 8141 8130
8130 8141 8140
8142 8140 8141
8141 8143 8142
8132 8144 8141
8142 8144 8145
8146 8135 8139
8135 8146 8137
8146 8139 8147
8145 8144 8148
8148 8149 8145
8148 8144 8150
8151 8146 8147
8137 8146 8151
8151 8147 8152
8153 8151 8152
8148 8154 8149
8148 8150 8154
8155 8154 8150
8154 8156 8149
8155 8156 8154
8150 8157 8155
8158 8156 8155
8155 8159 8158
8157 8160 8155
8155 8161 8159
8160 8161 8155
8161 8162 8159
8163 8161 8160
8161 8163 8162
8160 8137 8163
8163 8164 8162
8164 8163 8137
8164 8165 8162
8164 8166 8165
8164 8153 8166
8137 8167 8164
8167 8153 8164
8137 8151 8167
8167 8151 8153
8168 8169 8170
8168 8170 8171
8168 8171 8172
8168 8172 8173
8174 8168 8173
8174 8175 8168
8175 8176 8168
8177 8170 8176
8171 8170 8178
8177 8178 8170
8178 8179 8171
8177 8179 8178
8179 8180 8171
8177 8181 8179
8181 8182 8179
8179 8182 8183
8182 8184 8180
8181 8185 8182
8182 8186 8184
8186 8182 8185
8187 8188 8189
8190 8188 8187
8187 8191 8190
8192 8191 8187
8193 8190 8191
8193 8191 8194
8194 8191 8195
8195 8191 8192
8195 8192 8196
8196 8192 8197
8198 8196 8197
8197 8199 8198
8196 8198 8200
8200 8201 8196
8200 8202 8201
8203 8202 8200
8203 8200 8198
8198 8199 8203
8203 8199 8204
8205 8204 8199
8205 8199 8206
8207 8205 8206
8199 8188 8206
8207 8206 8208
8188 8208 8206
8207 8208 8209
8188 8210 8208
8208 8210 8211
8211 8210 8212
8212 8210 8188
8213 8212 8188
8213 8188 8190
8214 8212 8213
8215 8212 8214
8214 8213 8216
8190 8216 8213
8190 8217 8216
8218 8219 8220
8218 8221 8219
8218 8222 8221
8222 8223 8221
8224 8223 8222
8224 8225 8223
8221 8223 8225
8221 8225 8226
8221 8226 8219
8227 8219 8226
8228 8219 8227
8229 8219 8228
8229 8228 8230
8230 8228 8231
8231 8228 8232
8233 8232 8228
8228 8234 8233
8228 8227 8234
8227 8235 8234
8235 8236 8234
8235 8237 8236
8235 8227 8238
8237 8235 8238
8238 8227 8226
8237 8238 8239
8239 8238 8240
8226 8241 8238
8240 8238 8241
8241 8226 8242
8241 8243 8240
8242 8243 8241
8243 8242 8244
8245 8246 8247
8247 8248 8245
8248 8249 8245
8248 8250 8249
8250 8248 8251
8251 8248 8252
8247 8252 8248
8252 8253 8251
8253 8252 8247
8251 8253 8254
8254 8253 8255
8253 8247 8256
8247 8257 8256
8247 8258 8257
8259 8258 8245
8259 8257 8258
8260 8257 8259
8261 8257 8260
8261 8262 8257
8256 8257 8262
8253 8256 8263
8264 8253 8263
8264 8265 8253
8264 8263 8266
8263 8256 8267
8262 8267 8256
8266 8263 8268
8267 8268 8263
8266 8268 8269
8268 8270 8269
8267 8270 8268
8262 8271 8267
8272 8271 8262
8273 8271 8272
8272 8262 8274
8262 8275 8274
8276 8277 8278
8278 8279 8276
8280 8281 8276
8280 8278 8282
8283 8276 8281
8284 8283 8281
8285 8283 8284
8286 8283 8285
8287 8276 8283
8287 8283 8286
8288 8278 8287
8278 8288 8289
8278 8289 8282
8289 8290 8282
8290 8289 8291
8292 8293 8294
8294 8293 8295
8295 8293 8296
8293 8297 8296
8297 8298 8296
8293 8299 8297
8299 8293 8300
8300 8294 8301
8302 8298 8297
8302 8297 8299
8302 8303 8298
8302 8299 8304
8295 8305 8294
8295 8306 8305
8294 8305 8307
8307 8301 8294
8307 8305 8308
8307 8308 8309
8307 8309 8310
8301 8307 8310
8301 8310 8311
8310 8312 8311
8313 8311 8312
8301 8311 8313
8313 8312 8314
8315 8301 8313
8313 8314 8315
8315 8316 8301
8317 8315 8314
8318 8316 8315
8317 8318 8315
8318 8317 8319
8320 8318 8319
8319 8321 8320
8318 8320 1528
8318 1528 8322
8320 8321 1537
8323 8320 1537
8324 1537 8321
8325 8326 8327
8325 8328 8326
8328 8329 8326
8330 8328 8325
8329 8328 8331
8332 8328 8330
8331 8328 8332
8332 8330 8333
8334 8331 8332
8335 8334 8332
8335 8333 8336
8337 8334 8335
8338 8335 8332
8339 8340 8335
8339 8341 8340
8342 8335 8340
8340 8341 8343
8344 8342 8340
8344 8340 8343
8345 8346 8347
8345 8348 8346
8348 8349 8346
8348 8350 8349
8350 8348 8351
8351 8348 8352
8351 8352 8353
8348 8354 8352
8355 8356 8346
8346 8357 8355
8355 8357 8358
8359 8356 8355
8355 8358 8360
8355 8360 8361
8359 8355 8362
8363 8362 8360
8362 8363 8359
1551 8364 8365
8366 8364 1551
1551 8367 8366
1551 8368 8367
8366 8367 8369
8368 8370 8367
8367 8370 8369
8371 8369 8370
8372 8373 8374
8375 8372 8374
8375 8376 8372
8377 8376 8375
8372 8376 8378
8379 8372 8378
8379 8378 8380
8379 8381 8372
8381 8379 8382
8383 8382 8379
8384 8383 8379
8383 8384 8385
8386 8384 8379
8387 8386 8379
8385 8384 8388
8388 8389 8385
8390 8389 8388
8388 8384 8390
8390 8384 8391
8392 8393 8394
8392 8395 8393
8392 8396 8395
8395 8397 8393
8395 8398 8397
8395 8399 8398
8396 8400 8395
8395 8400 8399
8401 8400 8396
8401 8399 8400
8402 8403 8393
8393 8403 8404
8404 8403 8405
8406 8403 8402
8405 8403 8407
8403 8406 8408
8407 8403 8408
8406 8409 8408
8410 8407 8408
8408 8409 8410
8411 8412 8413
8414 8412 8411
8411 8415 8414
8416 8412 8414
8416 8414 8417
8417 8414 8418
8414 8415 8418
8412 8416 8419
8412 8419 8420
8419 8416 8421
8420 8419 8422
8421 8423 8419
8422 8419 8423
8415 8424 8418
8415 8425 8424
8424 8425 8426
8427 8424 8426
8427 8418 8424
8427 8428 8418
8428 8429 8418
8430 8422 8423
8431 8430 8423
8431 8423 8432
8433 8430 8431
8422 8430 8434
8433 8434 8430
8435 8434 8433
8422 8434 8436
8437 8436 8434
8436 8437 8438
8437 8439 8438
8437 8440 8439
8441 8437 8434
8442 8441 8434
8443 8437 8441
8443 8440 8437
8444 8440 8443
8445 8440 8444
8446 8447 8448
8446 8448 8449
8449 8450 8446
8451 8446 8450
8452 8446 8451
8453 8452 8451
8452 8454 8446
8455 8452 8453
8454 8452 8456
8457 8452 8455
8452 8458 8456
8458 8452 8457
8459 8458 8457
8459 8460 8458
8461 8459 8457
8461 8457 8462
8461 8463 8459
8464 8460 8459
8463 8464 8459
8465 8460 8464
8465 8464 8463
8466 8467 8468
8466 8468 8469
8470 8469 8468
8470 8471 8469
8472 8471 8470
8469 8471 8473
8473 8474 8469
8469 8474 8466
8474 8475 8466
8476 8466 8475
8476 8475 8477
8478 8475 8474
8477 8475 8479
8478 8480 8475
8479 8475 8480
8481 8480 8478
8479 8480 8481
8482 8483 8484
8482 8485 8483
8485 8482 8486
8485 8486 8487
8488 8487 8486
8489 8485 8487
8485 8489 8483
8489 8487 8490
8490 8487 8488
8491 8483 8489
8492 8483 8491
8492 8493 8483
8493 8494 8483
8493 8495 8494
8493 8492 8496
8495 8493 8497
8497 8493 8496
8497 8496 8498
8499 8490 8488
8499 8488 8500
8500 8501 8499
8502 8499 8501
8502 8503 8499
8503 8490 8499
8504 8503 8502
8505 8490 8503
8504 8505 8503
8505 8506 8490
8507 8505 8504
8506 8505 8508
8507 8508 8505
8506 8508 8509
8510 8508 8507
8510 8511 8508
8508 8511 8512
8511 8513 8512
8514 8511 8510
8511 8514 8513
8515 8514 8510
8514 8516 8513
8517 8514 8515
8517 8516 8514
8518 8519 8520
8518 8521 8519
8522 8521 8518
8523 8521 8522
8523 8524 8521
8521 8524 8519
8525 8519 8524
8525 8526 8519
8527 8519 8526
8527 8528 8519
8529 8530 8526
8526 8530 8531
8532 8531 8530
8526 8531 8533
8526 8533 8534
8531 8535 8533
8532 8535 8531
8536 8535 8532
8537 8538 8539
8537 8540 8538
8540 8537 8541
8541 8537 8542
8542 8543 8541
8544 8543 8542
8543 8544 8545
8543 8545 8546
8547 8541 8543
8547 8543 8546
8540 8541 8547
8540 8547 8548
8549 8540 8548
8549 8538 8540
8538 8549 8550
8546 8551 8547
8552 8551 8546
8547 8551 8553
8551 8552 8553
8547 8553 8554
8552 8555 8553
8554 8553 8556
8556 8553 8555
8556 8555 8557
8554 8556 8558
8558 8556 8559
8560 8558 8559
8556 8561 8559
8557 8562 8559
8563 8559 8562
8563 8564 8559
8565 8564 8563
8559 8564 8566
8567 8568 8569
8567 8569 8570
8570 8569 8571
8572 8567 8570
8572 8570 8573
8574 8573 8570
8570 8571 8574
8574 8575 8573
8576 8575 8574
8571 8576 8574
8576 8577 8575
8578 8577 8576
8571 8579 8576
8579 8578 8580
8579 8581 8578
8571 8581 8579
8581 8582 8578
8581 8583 8582
8581 8584 8583
8581 8571 8585
8585 8584 8581
8586 8585 8571
8587 8584 8585
8585 8586 8587
8587 8588 8584
8586 8589 8587
8589 8588 8587
8590 8589 8586
8589 8591 8588
8592 8589 8593
8589 8592 8594
8589 8594 8595
8595 8594 8596
8594 8597 8596
8598 8594 8592
8598 8597 8594
8598 8592 8599
8598 8600 8597
8601 8602 8538
8601 8538 8603
8604 8601 8603
8603 8538 8550
8604 8603 8605
8550 8605 8603
8604 8605 8606
8550 8607 8605
8605 8607 8606
8608 8609 8610
8611 8610 8609
8612 8610 8611
8613 8612 8611
8614 8611 8609
8567 8613 8611
8567 8611 8614
8614 8615 8567
8616 8617 8618
8617 8616 8619
8616 8620 8619
8619 8620 8621
8619 8622 8617
8619 8621 8623
8622 8619 8623
8622 8623 8624
8624 8625 8622
8626 8625 8624
8625 8627 8622
8627 8628 8622
8627 8629 8628
8630 8628 8629
8630 8629 8631
8631 8629 8632
8629 8627 8632
8632 8627 8625
8632 8625 8633
8633 8625 8626
8633 8626 8634
8634 8626 8635
8634 8635 8636
8636 8635 8637
8636 8637 8638
8639 8638 8637
8637 8640 8639
8635 8641 8637
8626 8641 8635
8641 8640 8637
8626 8642 8641
8626 8643 8642
8641 8644 8640
8642 8644 8641
8640 8644 8645
8646 8642 8643
8642 8646 8644
8644 8646 8645
8646 8643 8623
8646 8647 8645
8623 8648 8646
8648 8647 8646
1946 8649 1916
1946 1916 8650
8651 8652 8653
8651 8654 8652
8654 8651 8655
8654 8655 8656
8655 8657 8656
8657 8658 8656
8658 8657 8659
8659 8660 8658
8661 8654 8656
8654 8662 8652
8654 8661 8662
8663 8656 8658
8661 8656 8663
8664 8663 8658
8665 8661 8663
8665 8663 8664
8666 8664 8658
8666 8658 8667
8668 8664 8666
8668 8665 8664
8669 8665 8668
8669 8670 8665
8661 8665 8670
8661 8670 8662
8671 8652 8662
8672 8662 8670
8672 8671 8662
8671 8673 8652
8673 8674 8652
8673 8675 8674
8676 8675 8673
8673 8671 8677
8676 8673 8677
8676 8677 8678
8672 8679 8671
8680 8672 8670
8680 8670 8681
8680 8682 8672
8672 8683 8679
8682 8683 8672
8684 8679 8683
8684 8683 8682
8685 8686 8687
8685 8687 8688
8688 8689 8685
8685 8689 8690
8685 8690 8691
8692 8685 8691
8691 8690 8693
8692 8694 8687
8692 8691 8695
8694 8696 8687
8697 8695 8691
8691 8693 8697
8697 8698 8695
8688 8687 8699
8687 8696 8699
8700 8699 8696
8688 8699 8701
8699 8700 8701
8700 8702 8701
8702 8703 8701
8703 8702 8704
8703 8705 8701
8703 8704 8706
8706 8704 8707
8703 8708 8705
8709 8708 8707
8709 8705 8708
8710 8709 8707
8705 8709 8711
8709 8710 8712
8711 8709 8713
8709 8712 8714
8713 8709 8714
8714 8712 8715
8716 8713 8714
8714 8715 8716
8713 8716 8693
8716 8715 8717
8717 8693 8716
8717 8715 8718
8717 8718 8719
8717 8719 8720
8693 8717 8721
8721 8717 8720
8693 8721 8722
8721 8720 8722
8693 8722 8723
8720 8724 8722
8722 8698 8723
8722 8724 8698
8725 8726 8727
8725 8728 8726
8728 8729 8726
8730 8726 8729
8730 8731 8726
8732 8725 8731
8733 8725 8732
8733 8734 8725
8725 8734 8735
8725 8735 8728
8730 8736 8737
8736 8728 8737
8737 8728 8738
8730 8737 8739
8739 8737 8740
8737 8741 8740
8740 8738 8742
8739 8740 8743
8740 8742 8744
8744 8743 8740
223 8745 224
8745 223 8746
8745 8746 239
223 8747 8746
223 153 8747
239 8746 8748
239 8748 245
8747 8749 8746
8746 8749 8748
153 8750 8747
8749 8747 8750
8751 245 8748
8749 8751 8748
8752 8750 153
119 8752 153
8749 8750 8753
8753 8750 8752
8754 8752 119
8753 8752 8754
122 8754 119
8755 8749 8753
8749 8755 8751
8756 8751 8755
8757 8753 8754
8755 8753 8757
8757 8754 122
8757 8756 8755
122 8758 8757
8757 8758 8756
122 124 8758
8756 8758 124
8759 245 8751
247 245 8759
247 8759 2128
8760 8759 8751
8756 8760 8751
2128 8759 8760
8756 124 8761
124 116 8761
115 8761 116
8762 8760 8756
8762 8756 8761
115 8762 8761
2128 8760 8762
8762 115 2109
2128 8762 8763
8762 2109 8763
2119 2128 8763
2109 2119 8763
381 8764 8765
8765 8764 440
8766 8767 8768
8769 8768 8767
8768 8770 8766
8769 8771 8768
8768 8771 8770
8769 8772 8771
8771 8772 8773
8770 8771 8774
8771 8773 8774
8770 8774 8775
8774 8776 8775
8773 8777 8774
8774 8777 8776
8773 8778 8777
8777 8779 8776
8778 8780 8777
8777 8780 8779
8778 8781 8780
8782 8779 8780
8783 8780 8781
8782 8780 8783
8783 8781 8784
8783 8784 8785
8782 8783 8786
8783 8785 8786
8782 8786 8787
8788 8786 8785
8787 8786 8789
8788 8789 8786
8788 8790 8789
8787 8789 8791
8791 8789 8790
8792 8790 8788
8791 8790 8793
8794 8790 8792
8795 8793 8790
8794 8796 8790
8795 8790 8796
8797 8796 8794
8798 8795 8796
8798 8796 8797
8798 8799 8795
8800 8798 8797
8801 8799 8798
8802 8798 8800
8801 8798 8802
8800 8803 8802
8804 8801 8802
8802 8803 8805
8804 8802 8805
8803 8806 8805
8804 8805 8806
8807 8806 8803
8804 8806 8808
8807 8809 8806
8808 8806 8810
8806 8809 8811
8810 8806 8811
8812 8813 8814
8812 8814 8815
8816 8812 8815
8817 8813 8812
8817 8818 8813
8819 8818 8817
8820 8819 8817
8821 8812 8816
8812 8821 8817
8822 8820 8817
8817 8821 8822
8822 8823 8820
8824 8823 8822
8824 8822 8821
8824 8825 8823
8826 8821 8816
8824 8821 8826
8826 8816 8827
8825 8824 8828
8828 8824 8826
8825 8828 8829
8830 8826 8827
8828 8826 8830
8830 8827 8831
8828 8832 8829
8832 8828 8830
8829 8832 8833
8834 8830 8831
8832 8830 8834
8834 8831 8835
8836 8833 8832
8834 8836 8832
8834 8837 8836
8836 8838 8833
8836 8837 8839
8840 8838 8836
8836 8839 8840
8840 8841 8838
8839 8842 8840
8841 8840 8842
8839 8843 8842
8841 8842 8844
8843 8845 8842
8844 8842 8845
8843 8846 8845
8844 8845 8847
8846 8848 8845
8847 8845 8848
8846 8849 8848
8847 8848 8850
8851 8848 8849
8850 8848 8851
8852 8853 8851
8854 8853 8852
8854 8855 8853
8856 8855 8854
8856 8854 8857
8856 8857 8858
8856 8858 8859
8860 8859 8858
8860 8861 8859
8862 8861 8860
8862 8835 8861
8863 8864 8865
8866 8865 8864
8863 8865 8867
8868 8863 8867
8868 8867 8869
8870 8868 8869
8870 8869 8871
8872 8870 8871
8872 8871 8873
8874 8872 8873
8874 8873 8875
8876 8874 8875
8876 8875 8877
8878 8876 8877
8878 8877 8879
8880 8878 8879
8880 8879 8881
8882 8880 8881
8882 8881 8883
8884 8882 8883
8884 8883 8885
8886 8884 8885
8886 8885 8887
8885 8888 8887
8885 8889 8888
8883 8889 8885
8883 8890 8889
8883 8891 8890
8883 8881 8891
8881 8892 8891
8881 8879 8892
8879 8893 8892
8879 8877 8893
8877 8894 8893
8877 8875 8894
8875 8895 8894
8875 8873 8895
8873 8896 8895
8873 8871 8896
8871 8897 8896
8871 8869 8897
8869 8898 8897
8869 8867 8898
8867 8899 8898
8867 8865 8899
8900 8899 8865
8900 8901 8899
8866 8900 8865
8900 8902 8901
8900 8866 8903
8900 8903 8902
8866 8904 8903
8903 8905 8902
8903 8904 8906
8903 8906 8905
8904 8907 8906
8906 8908 8905
8907 8909 8906
8906 8909 8908
8907 8910 8909
8909 8911 8908
8910 8912 8909
8909 8912 8911
8910 8913 8912
8912 8914 8911
8913 8915 8912
8912 8915 8914
8913 8916 8915
8915 8917 8914
8916 8918 8915
8915 8918 8917
8916 8919 8918
8918 8919 8920
8921 8917 8918
8918 8920 8921
8921 8922 8917
8921 8920 8923
8923 8922 8921
6158 6143 8924
8925 6158 8924
6143 6144 8924
8924 6144 8925
8925 6144 8926
8926 8927 8925
8925 8928 6158
6158 8928 6159
6159 8928 8929
8927 8930 8925
8930 8927 8931
8932 8928 8925
8932 8925 8930
8933 8929 8928
8933 8928 8932
8933 8934 8929
8933 8935 8934
8935 8933 8932
8934 8935 8936
8935 8937 8936
8938 8932 8930
8938 8930 8931
8938 8935 8932
8935 8939 8937
8939 8935 8938
8931 8940 8938
8939 8938 8940
8941 8940 8931
8937 8939 8942
8940 8942 8939
8937 8942 8943
8941 8944 8940
8940 8944 8942
8941 8945 8944
8942 8946 8943
8946 8942 8944
8943 8946 8947
8948 8947 8946
8949 8944 8945
8946 8944 8949
8949 8945 8950
8948 8946 8951
8951 8946 8949
8948 8951 8952
8948 8952 8953
8952 8954 8953
8955 8949 8950
8951 8949 8955
8952 8951 8955
8955 8950 8956
8956 8957 8955
8952 8955 8957
8956 8958 8957
8958 8959 8957
8959 8952 8957
8958 8960 8959
8952 8961 8954
8959 8961 8952
8962 8954 8961
8962 8961 8963
8959 8963 8961
8963 8964 8962
8965 8959 8960
8959 8965 8963
8964 8963 8965
8965 8960 8966
8966 8964 8965
8967 8968 8969
8970 8969 8968
8967 8971 8968
8972 8971 8967
8972 8973 8971
8974 8973 8972
8974 8975 8973
8976 8975 8974
8976 8977 8975
8978 8977 8976
8978 8979 8977
8980 8979 8978
8980 8981 8979
8982 8981 8980
8982 8983 8981
8984 8983 8982
8984 8985 8983
8986 8985 8984
8986 8987 8985
8988 8987 8986
8988 8989 8987
8990 8989 8988
8990 8991 8989
8989 8991 8992
8989 8992 8993
8987 8989 8993
8987 8993 8994
8987 8994 8995
8987 8995 8985
8985 8995 8996
8985 8996 8983
8983 8996 8997
8983 8997 8981
8981 8997 8998
8981 8998 8979
8979 8998 8999
8979 8999 8977
8977 8999 9000
8977 9000 8975
8975 9000 9001
8975 9001 8973
8973 9001 9002
8973 9002 8971
8971 9002 9003
8971 9003 8968
9004 8968 9003
9004 9003 9005
8970 8968 9004
9004 9005 9006
9004 9007 8970
9004 9006 9007
8970 9007 9008
9007 9006 9009
9007 9010 9008
9007 9009 9010
9008 9010 9011
9010 9009 9012
9011 9010 9013
9010 9012 9013
9011 9013 9014
9013 9012 9015
9014 9013 9016
9013 9015 9016
9014 9016 9017
9016 9015 9018
9017 9016 9019
9016 9018 9019
9017 9019 9020
9019 9018 9021
9020 9019 9022
9019 9021 9022
9020 9022 9023
9022 9024 9023
9025 9022 9021
9022 9025 9024
9025 9021 9026
9025 9027 9024
9027 9025 9026
