byte offset: 0
first index: 0
index count: 41406
topology: trianglelist
format: DXGI_FORMAT_R16_UINT

0 1 2
3 4 5
6 7 8
9 10 11
12 13 14
15 16 17
18 19 20
21 22 23
24 25 26
27 28 29
30 31 32
33 34 35
36 37 38
39 40 41
42 43 44
45 46 47
48 49 50
51 52 53
54 55 56
57 58 59
60 61 62
63 64 65
66 67 68
69 70 71
72 73 74
75 76 77
78 79 80
81 82 83
84 85 86
87 88 89
90 91 92
93 94 95
96 97 94
98 99 100
101 102 103
104 105 106
107 108 109
110 111 112
113 114 115
116 117 118
119 120 121
122 123 124
125 126 127
128 129 130
129 131 130
131 129 132
132 129 133
130 131 134
131 135 134
135 136 134
130 134 137
138 134 136
138 137 134
138 136 139
140 139 136
130 137 141
142 130 141
142 141 143
142 143 144
143 145 144
145 143 146
147 145 146
148 146 143
141 148 143
148 149 146
137 150 141
141 150 148
151 149 148
150 151 148
151 152 149
153 152 151
153 154 152
137 155 150
155 137 138
150 156 151
156 153 151
150 157 156
150 155 157
156 158 153
154 153 159
159 153 158
154 159 160
159 161 160
155 138 162
157 155 162
162 163 157
162 138 164
139 164 138
159 158 165
159 166 161
166 159 165
161 166 167
161 167 168
165 158 169
169 170 157
169 158 170
171 169 162
165 169 171
165 171 172
166 165 173
173 167 166
173 165 172
162 164 174
174 175 162
176 168 167
176 177 168
177 176 178
176 179 178
173 180 167
180 176 167
181 179 176
180 181 176
181 182 179
174 164 183
183 164 139
184 175 174
174 183 184
183 139 185
184 172 175
173 172 186
186 180 173
181 187 182
182 187 188
189 188 187
190 172 184
190 186 172
191 181 180
181 191 187
189 187 192
192 187 191
191 180 193
186 193 180
193 194 191
194 192 195
196 190 184
196 184 197
185 196 197
198 189 192
199 189 198
200 193 186
200 194 193
201 186 190
201 190 196
200 186 201
202 192 194
198 192 202
198 203 199
199 203 204
203 205 204
206 203 198
202 206 198
205 203 206
194 207 202
207 194 200
202 207 206
201 196 208
208 196 185
201 209 200
207 200 209
208 209 201
205 206 210
211 205 210
210 212 211
210 206 213
213 206 207
210 213 212
214 207 209
214 209 208
214 213 207
213 215 212
213 214 215
215 216 212
217 214 208
215 214 217
216 215 217
208 185 217
216 217 218
219 217 185
219 218 217
219 185 139
218 219 220
219 139 221
220 219 221
140 221 139
220 221 222
223 220 222
222 224 223
225 223 224
222 221 226
226 224 222
227 221 140
226 221 227
228 225 224
228 224 226
140 229 227
229 140 230
231 226 227
231 228 226
227 229 231
229 232 231
230 233 229
229 233 232
230 132 233
232 233 234
234 233 132
232 234 235
228 236 225
225 236 237
236 228 238
239 238 228
240 237 236
236 238 240
240 241 237
240 242 241
242 240 243
243 244 242
234 132 245
132 133 245
246 245 133
246 133 247
246 247 248
249 234 245
249 245 246
240 238 250
240 250 243
246 248 251
249 246 251
234 249 252
234 252 235
251 248 253
253 254 251
255 251 254
256 249 251
256 251 255
256 252 249
257 256 255
257 255 258
258 259 257
260 256 257
256 260 252
257 261 260
262 261 258
263 235 252
260 263 252
260 264 263
261 265 260
260 265 264
262 266 261
266 265 261
263 267 235
264 267 263
268 266 262
268 262 269
266 270 265
270 264 265
269 271 268
269 272 271
273 266 268
273 270 266
274 271 272
274 272 275
276 268 271
276 273 268
277 271 274
277 276 271
278 274 275
278 275 279
278 279 280
281 277 274
281 274 278
282 281 278
278 280 283
282 278 283
283 280 284
283 284 285
282 283 285
285 284 286
287 277 281
287 281 282
288 276 277
287 288 277
285 286 289
290 289 286
288 291 276
291 273 276
290 292 289
292 293 289
294 292 290
289 295 285
293 295 289
294 296 292
294 297 296
298 285 295
282 285 298
299 292 296
292 299 293
297 300 296
299 296 300
301 300 297
302 298 295
293 302 295
303 282 298
302 303 298
304 299 300
293 299 304
300 301 305
304 300 305
306 293 304
306 304 305
307 305 301
306 305 307
307 301 308
293 309 302
306 309 293
310 307 308
310 308 311
310 311 312
309 313 302
313 303 302
314 306 307
314 307 310
315 314 310
310 312 316
315 310 316
317 316 312
318 309 306
318 306 314
309 318 313
315 318 314
317 319 316
315 316 319
319 317 320
319 320 321
321 320 322
318 323 313
315 323 318
315 319 324
324 319 321
325 323 315
325 315 324
313 323 326
327 323 325
327 326 323
313 326 328
313 328 303
329 325 324
324 321 330
329 324 330
325 331 327
325 329 331
327 331 332
326 327 333
327 332 333
334 333 332
326 333 335
335 328 326
335 333 334
303 328 336
335 336 328
335 334 337
337 336 335
303 336 338
303 338 282
287 282 338
338 336 339
338 339 287
337 339 336
339 288 287
337 340 339
339 340 288
337 341 340
341 337 334
288 340 342
341 342 340
288 342 291
341 343 342
291 342 344
343 344 342
341 334 345
343 341 345
291 344 346
291 346 273
346 270 273
346 347 270
270 347 264
348 347 346
264 347 348
348 346 344
264 348 349
264 349 267
350 348 344
349 348 350
343 351 344
350 344 351
351 352 350
349 350 353
353 267 349
350 352 353
351 343 354
343 345 354
353 355 267
355 235 267
353 352 356
355 353 356
351 357 352
351 354 357
358 357 354
357 358 352
359 354 345
358 354 359
355 360 235
235 360 361
360 362 361
355 362 360
362 239 361
239 362 238
355 363 362
238 362 363
355 356 363
238 363 250
250 363 356
250 356 364
352 364 356
243 250 364
352 358 365
352 365 364
243 364 366
243 366 244
364 365 367
364 367 366
244 366 367
367 365 358
244 367 368
367 358 369
368 367 369
368 369 370
369 358 359
370 369 371
369 359 371
370 371 372
371 373 372
371 374 373
374 371 359
375 373 374
374 359 376
359 345 376
376 345 334
375 374 377
377 374 376
376 334 378
377 376 378
334 332 378
332 377 378
379 375 377
332 379 377
379 380 375
381 380 379
382 379 332
381 379 382
382 332 331
383 381 382
383 382 331
384 381 383
329 383 331
384 383 385
329 385 383
386 384 385
329 386 385
386 329 330
386 387 384
386 330 388
387 386 388
321 388 330
387 388 389
387 389 390
321 391 388
391 389 388
321 322 391
392 390 389
391 392 389
322 392 391
392 393 390
322 394 392
394 393 392
394 395 393
396 397 398
398 397 399
398 399 400
401 398 400
401 400 402
400 403 402
404 400 399
400 404 403
404 399 405
404 405 406
404 407 403
404 406 408
404 408 407
409 408 406
407 408 410
409 410 408
407 410 411
409 412 410
412 411 410
409 413 412
412 414 411
415 412 413
416 414 412
415 416 412
416 415 417
416 418 414
419 416 417
420 418 416
419 420 416
420 421 418
420 419 422
423 421 420
424 421 423
425 420 422
420 425 423
424 423 425
425 422 426
425 426 427
426 428 427
424 425 429
429 425 427
430 427 428
429 427 431
432 427 430
427 433 431
432 434 427
427 434 433
435 436 437
435 437 438
439 435 438
437 440 438
440 439 438
437 441 440
440 441 442
441 443 442
440 444 439
440 442 445
440 445 444
442 446 445
446 444 445
443 447 442
442 447 446
444 448 439
448 449 439
448 450 449
448 451 450
451 452 450
452 451 453
452 453 454
453 455 454
448 456 451
453 451 456
444 457 448
448 457 456
444 458 457
446 458 444
456 457 459
458 459 457
460 453 456
456 459 460
455 453 461
460 462 453
462 461 453
461 463 455
463 464 455
465 461 462
465 462 460
465 460 466
466 467 465
465 468 461
463 461 468
468 465 467
469 464 463
463 468 469
464 469 470
464 470 471
470 472 471
472 470 473
470 469 474
470 474 473
468 474 469
475 473 474
475 474 476
468 477 474
477 476 474
468 467 477
477 478 476
478 477 467
478 467 479
467 480 479
467 481 480
480 481 482
466 481 467
482 481 466
480 482 483
482 484 483
482 466 485
482 485 486
487 485 466
482 486 488
482 488 484
489 488 486
487 466 490
490 466 460
490 491 487
490 460 459
488 492 484
489 492 488
492 493 484
492 489 494
493 492 495
495 492 494
490 496 491
459 496 490
496 497 491
495 494 498
495 498 499
500 499 498
459 501 496
458 501 459
496 502 497
501 502 496
502 503 497
504 501 458
501 504 502
504 458 446
502 505 503
504 505 502
506 503 505
507 504 446
504 507 505
446 508 507
508 505 507
446 447 508
506 505 509
508 509 505
509 510 506
511 506 510
509 512 510
512 509 508
511 510 513
511 513 514
511 514 515
512 508 516
447 516 508
517 511 515
517 515 518
518 519 517
517 519 520
517 520 521
522 517 521
447 523 516
443 523 447
524 516 523
443 524 523
524 525 516
526 525 524
527 516 525
443 528 524
528 526 524
529 528 443
530 528 529
437 530 529
527 525 531
531 532 527
528 533 526
530 533 528
526 533 534
530 534 533
437 535 530
536 535 437
536 437 537
530 535 538
530 538 534
538 535 536
534 538 539
539 538 540
539 540 541
539 541 542
542 541 543
543 544 542
543 545 544
544 545 546
539 542 547
544 547 542
534 539 548
539 547 548
534 548 549
526 534 549
547 550 548
549 548 550
551 547 544
547 551 550
546 552 544
551 544 553
553 544 552
552 546 554
554 546 555
556 553 552
556 551 553
556 557 551
557 556 558
556 552 559
554 559 552
559 558 556
560 554 555
554 560 559
555 561 560
555 562 561
561 562 563
563 564 561
561 565 560
561 564 565
559 560 565
566 565 564
566 567 565
559 565 568
568 565 567
559 568 558
568 567 569
569 558 568
569 570 558
558 570 571
558 571 572
571 573 572
557 558 572
573 557 572
571 574 573
573 574 575
573 575 576
576 575 577
575 578 577
578 579 577
573 576 580
581 576 577
581 580 576
579 582 577
577 582 581
573 583 557
573 580 583
579 584 582
579 585 584
586 584 585
586 587 584
588 587 586
588 589 587
590 587 589
589 588 591
589 591 592
590 589 592
590 592 593
590 593 594
590 594 595
584 587 596
590 596 587
590 595 597
590 597 596
598 597 595
598 599 597
599 600 597
599 601 600
600 601 602
603 600 602
584 596 604
604 596 597
600 604 597
582 584 604
582 604 605
605 604 600
582 605 581
603 606 600
605 600 606
605 607 581
607 605 606
607 580 581
607 608 580
583 580 608
603 609 606
603 610 609
609 610 611
607 606 612
608 607 612
583 608 613
613 557 583
614 606 609
606 614 612
608 612 615
613 608 615
615 612 614
616 609 611
614 609 616
616 611 617
611 618 617
617 618 619
617 619 620
621 617 620
617 621 622
617 622 623
623 622 624
623 624 625
623 625 532
615 614 626
626 614 616
617 627 616
617 623 627
626 616 627
623 532 628
531 628 532
629 615 626
613 615 629
623 630 627
623 628 630
628 531 631
628 631 630
525 631 531
632 626 627
632 627 630
629 626 632
633 613 629
613 633 557
633 551 557
633 550 551
633 629 634
634 629 632
550 633 634
635 632 630
634 632 635
635 630 631
550 634 636
636 634 635
549 550 636
636 635 637
637 549 636
637 635 631
637 526 549
637 631 638
638 526 637
525 638 631
526 638 525
639 640 641
639 642 640
642 643 640
644 642 639
644 639 645
646 644 645
642 647 643
648 643 647
642 644 649
646 649 644
642 649 647
648 647 650
648 650 651
650 652 651
650 653 652
647 654 650
653 650 654
647 649 654
653 654 655
654 656 655
646 657 649
646 658 657
649 659 654
654 659 656
649 657 659
658 660 657
659 657 660
660 658 661
656 659 662
659 660 662
656 662 663
662 664 663
660 664 662
660 665 664
660 661 665
665 666 664
661 667 665
665 667 666
661 668 667
667 669 666
670 667 668
667 670 669
670 668 671
670 672 669
673 670 671
670 673 672
673 671 674
673 675 672
674 676 673
673 676 675
674 677 676
678 679 675
678 675 680
681 678 680
681 680 682
678 681 683
684 679 678
678 683 684
684 685 679
684 683 686
687 685 684
684 686 687
687 688 685
689 687 686
690 688 687
689 690 687
690 691 688
692 690 689
692 691 690
692 689 693
692 694 691
694 695 691
696 695 694
697 692 693
698 697 693
699 694 692
696 694 699
699 692 697
698 700 697
700 699 697
701 696 699
700 701 699
701 702 696
703 702 701
703 701 704
704 705 703
704 706 705
707 706 704
708 704 701
707 704 708
708 701 700
707 708 709
710 709 708
710 708 700
710 711 709
698 712 700
710 700 712
698 713 712
712 713 714
712 714 710
714 711 710
714 715 711
716 717 718
716 719 717
720 719 716
721 717 719
720 722 719
722 720 723
722 723 724
721 719 725
725 719 722
726 721 725
727 722 724
725 722 727
727 724 728
726 725 729
729 725 727
730 726 729
728 731 727
729 727 731
730 729 732
732 729 731
733 730 732
733 732 734
735 731 728
732 731 735
735 734 732
735 728 736
735 737 734
737 735 736
738 737 736
739 740 741
741 740 742
742 743 741
743 744 741
740 745 742
742 745 746
746 745 747
740 748 745
749 747 745
749 745 748
749 750 747
751 747 750
740 752 748
753 752 740
751 750 754
755 751 754
753 756 752
753 757 756
756 757 758
758 759 756
760 759 758
761 756 759
752 756 761
761 759 762
748 752 763
752 761 763
764 761 762
763 761 764
764 762 765
766 764 765
766 765 767
748 763 768
768 749 748
763 764 769
769 764 766
763 769 770
763 770 768
769 766 771
767 772 766
772 771 766
767 773 772
772 773 774
768 775 749
770 775 768
775 770 776
775 777 749
750 749 777
772 778 771
772 774 779
779 778 772
774 780 779
774 781 780
778 782 771
782 770 783
782 783 771
784 775 782
778 784 782
778 785 784
779 786 778
786 779 780
786 785 778
775 787 777
787 775 788
789 780 781
789 781 790
790 791 789
789 791 792
786 780 793
793 780 789
794 789 792
793 789 794
794 792 795
787 796 777
796 750 777
797 787 788
787 797 796
796 798 750
797 788 785
786 799 785
799 786 793
794 795 800
795 801 800
802 800 801
803 797 785
803 785 799
804 793 794
794 800 804
802 805 800
805 804 800
804 806 793
799 793 806
806 804 807
807 808 805
809 797 803
809 810 797
798 810 809
811 805 802
812 811 802
813 799 806
813 806 807
814 803 799
814 809 803
813 814 799
815 807 805
811 815 805
811 812 816
812 817 816
816 817 818
819 811 816
815 811 819
818 819 816
807 815 820
820 813 807
815 819 820
814 821 809
821 798 809
814 813 822
820 822 813
821 814 822
818 823 819
824 823 818
823 824 825
823 826 819
826 820 819
823 825 826
827 822 820
827 821 822
827 820 826
826 825 828
826 828 827
828 825 829
830 821 827
828 830 827
829 830 828
821 830 798
829 831 830
832 798 830
832 830 831
832 750 798
831 833 832
832 754 750
833 754 832
833 834 754
835 834 833
834 836 754
836 755 754
834 835 837
836 834 837
838 837 835
839 836 837
839 837 838
840 755 836
840 836 839
755 840 841
842 755 841
841 843 842
841 840 844
843 841 845
841 844 845
843 845 743
844 846 845
846 743 845
844 847 846
839 838 848
838 849 848
848 850 839
851 839 850
852 848 849
848 852 850
852 849 853
852 853 854
854 855 852
855 854 856
846 857 743
743 857 744
858 744 857
858 859 744
858 860 859
861 857 846
861 858 857
852 862 850
852 855 862
858 863 860
861 863 858
846 864 861
846 847 864
863 865 860
865 863 866
867 866 863
868 863 861
868 867 863
868 861 864
869 867 868
869 870 867
870 869 871
872 869 868
868 864 872
869 872 873
874 870 873
875 864 847
872 864 875
872 875 876
873 872 877
872 876 877
874 873 878
878 873 877
875 847 879
876 875 879
880 874 878
880 881 874
878 877 882
882 877 876
881 880 883
881 883 884
885 880 878
885 878 882
886 883 880
886 880 885
887 884 883
887 888 884
889 883 886
889 887 883
890 888 887
890 891 888
890 892 891
893 887 889
893 890 887
894 890 893
890 895 892
894 895 890
895 896 892
895 897 896
894 897 895
897 898 896
899 893 889
899 894 893
900 889 886
899 889 900
897 901 898
902 898 901
900 886 903
903 886 885
902 901 904
904 901 905
537 902 904
901 897 906
905 901 906
537 904 907
537 907 536
908 906 897
894 908 897
909 907 904
904 905 909
536 907 910
909 910 907
911 536 910
912 906 908
905 906 912
913 908 894
912 908 913
914 910 909
905 914 909
910 915 911
914 915 910
916 914 905
916 915 914
917 911 915
916 917 915
917 918 911
905 912 919
916 905 919
920 918 917
920 921 918
920 922 921
919 912 923
923 912 913
924 917 916
924 920 917
925 920 924
920 926 922
925 926 920
927 922 926
928 916 919
928 924 916
919 923 928
925 924 928
927 926 929
925 929 926
929 930 927
929 931 930
931 932 930
928 923 933
925 928 933
925 934 929
934 931 929
935 925 933
935 934 925
923 936 933
937 935 933
937 933 936
923 938 936
923 913 938
939 934 935
934 940 931
939 940 934
935 937 941
935 941 939
937 942 941
936 943 937
937 943 942
944 942 943
936 945 943
945 936 938
945 944 943
913 946 938
945 938 946
945 947 944
947 945 946
913 948 946
913 894 948
899 948 894
948 949 946
948 899 949
947 946 949
949 899 900
947 949 950
949 900 950
947 950 951
951 944 947
900 952 950
951 950 952
900 903 952
951 952 953
903 954 952
953 952 954
951 955 944
953 955 951
903 956 954
903 885 956
956 885 882
956 882 957
882 876 957
958 956 957
876 958 957
958 954 956
876 959 958
876 879 959
960 954 958
959 960 958
953 954 961
960 961 954
961 960 962
959 963 960
963 959 879
960 963 962
961 964 953
953 964 955
963 879 965
965 879 847
963 966 962
965 966 963
961 962 967
961 967 964
968 964 967
967 962 968
969 955 964
968 969 964
965 847 970
847 971 970
970 971 972
965 970 972
972 971 851
851 850 972
965 972 973
850 973 972
965 973 966
850 862 973
862 966 973
862 974 966
962 966 974
855 974 862
962 975 968
962 974 975
855 976 974
855 856 976
974 977 975
974 976 977
856 977 976
977 968 975
856 978 977
977 979 968
978 979 977
978 980 979
979 969 968
980 981 979
979 981 969
980 982 981
981 982 983
981 983 984
984 969 981
985 984 983
984 986 969
969 986 955
986 944 955
985 987 984
987 986 984
986 988 944
987 988 986
944 988 942
942 988 987
989 987 985
942 987 989
989 985 990
991 989 990
992 942 989
991 992 989
992 941 942
993 992 991
993 941 992
994 993 991
939 941 993
994 995 993
939 993 995
996 995 994
939 995 996
996 940 939
996 994 997
996 998 940
997 998 996
931 940 998
997 999 998
997 1000 999
931 998 1001
1001 998 999
931 1001 932
1002 999 1000
1001 999 1002
932 1001 1002
1002 1000 1003
932 1002 1004
1004 1002 1003
1004 1003 563
1005 1006 1007
1006 1008 1007
1006 1009 1008
1010 1009 1006
1010 1011 1009
1009 1011 1012
1013 1008 1009
1009 1012 1013
1013 1014 1008
1013 1015 1014
1013 1012 1016
1013 1017 1015
1013 1016 1017
1018 1015 1017
1016 1019 1017
1018 1017 1019
1016 1020 1019
1018 1019 1021
1021 1019 1020
1018 1021 1022
1021 1020 1023
1024 1022 1021
1025 1021 1023
1024 1021 1025
1025 1026 1024
1025 1023 1027
1028 1026 1025
1029 1025 1027
1028 1025 1029
1029 1027 1030
1029 1031 1028
1032 1029 1030
1033 1032 1030
1034 1031 1029
1029 1032 1034
1033 1034 1032
1034 1035 1031
1034 1036 1035
1035 1036 1037
1033 1038 1034
1038 1036 1034
1039 1037 1036
1038 1040 1036
1041 1039 1036
1036 1040 1042
1041 1036 1043
1036 1042 1043
1044 1045 1046
1044 1047 1045
1047 1048 1045
1044 1049 1047
1044 1050 1049
1047 1049 1051
1047 1052 1048
1047 1051 1052
1053 1048 1052
1053 1054 1048
1053 1055 1054
1052 1051 1056
1052 1056 1053
1057 1053 1056
1051 1058 1056
1058 1057 1056
1053 1059 1055
1057 1059 1053
1059 1060 1055
1059 1061 1060
1057 1061 1059
1061 1062 1060
1061 1063 1062
1063 1064 1062
1065 1063 1061
1057 1065 1061
1066 1064 1063
1065 1066 1063
1067 1064 1066
1068 1067 1066
1068 1066 1065
1069 1068 1065
1069 1065 1057
1070 1069 1057
1070 1057 1071
1070 1071 1072
1073 1069 1070
1074 1069 1073
1074 1075 1069
1074 1076 1075
1074 1077 1076
1077 1078 1076
1079 1077 1074
1079 1074 1073
1080 1078 1077
1079 1080 1077
1081 1078 1080
1082 1078 1081
1083 1082 1081
1084 1081 1080
1084 1080 1079
1083 1081 1084
1070 1072 1085
1073 1070 1086
1086 1070 1085
1087 1085 1072
1087 1072 1088
1089 1087 1088
1089 1088 1090
1086 1085 1091
1092 1091 1085
1092 1085 1087
1093 1092 1087
1093 1087 1094
1095 1086 1091
1073 1086 1095
1096 1073 1095
1079 1073 1096
1096 1095 1097
1098 1096 1097
1097 1095 1099
1100 1079 1096
1098 1100 1096
1100 1084 1079
1097 1099 1101
1098 1097 1101
1102 1084 1100
1102 1083 1084
1103 1101 1099
1103 1099 1104
1105 1103 1104
1105 1104 1106
1103 1105 1107
1103 1107 1108
1109 1101 1103
1109 1103 1108
1098 1101 1109
1110 1109 1108
1098 1109 1110
1111 1100 1098
1111 1102 1100
1098 1110 1112
1098 1112 1111
1113 1112 1110
1113 1110 1114
1115 1113 1114
1115 1114 1116
1111 1112 1117
1117 1112 1113
1118 1102 1111
1111 1117 1118
1118 1119 1102
1117 1120 1118
1121 1120 1117
1117 1113 1121
1119 1083 1102
1119 1122 1083
1122 1123 1083
1122 1124 1123
1124 1064 1123
1125 1126 1113
1125 1113 1127
1128 1129 1130
1128 1131 1129
1132 1129 1131
1132 1133 1129
1134 1135 1136
1134 1136 1137
1137 1136 1138
1137 1138 1139
1138 1140 1139
1138 1141 1140
1142 1143 1144
1142 1145 1143
1146 1145 1142
1146 1142 1147
1147 1148 1146
1147 1149 1148
1150 1151 1152
1150 1152 1153
1152 1154 1155
1152 1155 1156
1157 1158 1159
1157 1160 1158
1157 1161 1160
1157 1162 1161
1163 1164 1165
1163 1166 1164
1166 1167 1164
1163 1168 1166
1163 1169 1168
1166 1168 1170
1166 1170 1171
1166 1171 1167
1171 1170 1172
1173 1167 1171
1171 1172 1173
1174 1173 1172
1173 1175 1167
1173 1176 1175
1177 1174 1172
1178 1177 1172
1173 1179 1176
1174 1179 1173
1179 1180 1176
1179 1181 1180
1174 1181 1179
1181 1182 1180
1181 1183 1182
1183 1184 1182
1185 1183 1181
1174 1185 1181
1186 1184 1183
1185 1186 1183
1187 1184 1186
1188 1187 1186
1188 1186 1185
1189 1188 1185
1189 1185 1174
1190 1189 1174
1190 1174 1191
1190 1191 1192
1193 1189 1190
1194 1189 1193
1194 1195 1189
1194 1196 1195
1194 1197 1196
1197 1198 1196
1199 1197 1194
1199 1194 1193
1200 1198 1197
1199 1200 1197
1201 1198 1200
1202 1198 1201
1203 1202 1201
1204 1201 1200
1204 1200 1199
1203 1201 1204
1190 1192 1205
1193 1190 1206
1206 1190 1205
1207 1205 1192
1207 1192 1208
1209 1207 1208
1209 1208 1210
1206 1205 1211
1212 1211 1205
1212 1205 1207
1213 1212 1207
1213 1207 1214
1215 1206 1211
1193 1206 1215
1216 1193 1215
1199 1193 1216
1216 1215 1217
1218 1216 1217
1217 1215 1219
1220 1199 1216
1218 1220 1216
1220 1204 1199
1217 1219 1221
1218 1217 1221
1222 1204 1220
1222 1203 1204
1223 1221 1219
1223 1219 1224
1225 1223 1224
1225 1224 1226
1223 1225 1227
1223 1227 1228
1229 1221 1223
1229 1223 1228
1218 1221 1229
1230 1229 1228
1218 1229 1230
1231 1220 1218
1231 1222 1220
1218 1230 1232
1218 1232 1231
1233 1232 1230
1233 1230 1234
1235 1233 1234
1235 1234 1236
1231 1232 1237
1237 1232 1233
1238 1222 1231
1231 1237 1238
1238 1239 1222
1237 1240 1238
1239 1203 1222
1241 1240 1237
1237 1233 1241
1242 1241 1233
1242 1233 1243
1239 1244 1203
1244 1245 1203
1244 1246 1245
1246 1184 1245
1247 1248 1249
1247 1250 1248
1251 1248 1250
1251 1252 1248
1253 1254 1255
1253 1255 1256
1256 1255 1257
1256 1257 1258
1257 1259 1258
1257 1260 1259
1261 1262 1263
1261 1264 1262
1265 1264 1261
1265 1261 1266
1266 1267 1265
1266 1268 1267
1269 1270 1271
1269 1271 1272
1271 1273 1272
1271 1274 1273
1275 1276 1277
1275 1278 1276
1275 1279 1278
1275 1280 1279
1281 1282 1283
1281 1284 1282
1284 1285 1282
1281 1286 1284
1281 1287 1286
1284 1286 1288
1284 1289 1285
1284 1288 1289
1290 1285 1289
1290 1291 1285
1290 1292 1291
1289 1288 1293
1289 1293 1290
1294 1290 1293
1288 1295 1293
1295 1294 1293
1290 1296 1292
1294 1296 1290
1296 1297 1292
1296 1298 1297
1294 1298 1296
1298 1299 1297
1298 1300 1299
1300 1301 1299
1302 1300 1298
1294 1302 1298
1303 1301 1300
1302 1303 1300
1304 1301 1303
1305 1304 1303
1305 1303 1302
1306 1305 1302
1306 1302 1294
1307 1306 1294
1307 1294 1308
1307 1308 1309
1310 1306 1307
1311 1306 1310
1311 1312 1306
1311 1313 1312
1311 1314 1313
1314 1315 1313
1316 1314 1311
1316 1311 1310
1317 1315 1314
1316 1317 1314
1318 1315 1317
1319 1315 1318
1320 1319 1318
1321 1318 1317
1321 1317 1316
1320 1318 1321
1307 1309 1322
1310 1307 1323
1323 1307 1322
1324 1322 1309
1324 1309 1325
1326 1324 1325
1326 1325 1327
1323 1322 1328
1329 1328 1322
1329 1322 1324
1330 1329 1324
1330 1324 1331
1332 1323 1328
1310 1323 1332
1333 1310 1332
1316 1310 1333
1333 1332 1334
1335 1333 1334
1334 1332 1336
1337 1316 1333
1335 1337 1333
1337 1321 1316
1334 1336 1338
1335 1334 1338
1339 1321 1337
1339 1320 1321
1340 1338 1336
1340 1336 1341
1342 1340 1341
1342 1341 1343
1340 1342 1344
1340 1344 1345
1346 1338 1340
1346 1340 1345
1335 1338 1346
1347 1346 1345
1335 1346 1347
1348 1337 1335
1348 1339 1337
1335 1347 1349
1335 1349 1348
1350 1349 1347
1350 1347 1351
1352 1350 1351
1352 1351 1353
1348 1349 1354
1354 1349 1350
1355 1339 1348
1348 1354 1355
1355 1356 1339
1354 1357 1355
1358 1357 1354
1354 1350 1358
1356 1320 1339
1356 1359 1320
1359 1360 1320
1359 1361 1360
1361 1301 1360
1362 1363 1350
1362 1350 1364
1365 1366 1367
1365 1368 1366
1369 1366 1368
1369 1370 1366
1371 1372 1373
1371 1373 1374
1374 1373 1375
1374 1375 1376
1375 1377 1376
1375 1378 1377
1379 1380 1381
1379 1382 1380
1383 1382 1379
1383 1379 1384
1384 1385 1383
1384 1386 1385
1387 1388 1389
1387 1389 1390
1389 1391 1392
1389 1392 1393
1394 1395 1396
1394 1397 1395
1394 1398 1397
1394 1399 1398
1400 1401 1402
1400 1403 1401
1403 1404 1401
1400 1405 1403
1400 1406 1405
1403 1405 1407
1403 1408 1404
1403 1407 1408
1409 1404 1408
1409 1410 1404
1409 1411 1410
1408 1407 1412
1408 1412 1409
1413 1409 1412
1407 1414 1412
1414 1413 1412
1409 1415 1411
1413 1415 1409
1415 1416 1411
1415 1417 1416
1413 1417 1415
1417 1418 1416
1417 1419 1418
1419 1420 1418
1421 1419 1417
1413 1421 1417
1422 1420 1419
1421 1422 1419
1423 1420 1422
1424 1423 1422
1424 1422 1421
1425 1424 1421
1425 1421 1413
1426 1425 1413
1426 1413 1427
1426 1427 1428
1429 1425 1426
1430 1425 1429
1430 1431 1425
1430 1432 1431
1430 1433 1432
1433 1434 1432
1435 1433 1430
1435 1430 1429
1436 1434 1433
1435 1436 1433
1437 1434 1436
1438 1434 1437
1439 1438 1437
1440 1437 1436
1440 1436 1435
1439 1437 1440
1426 1428 1441
1429 1426 1442
1442 1426 1441
1443 1441 1428
1443 1428 1444
1445 1443 1444
1445 1444 1446
1442 1441 1447
1448 1447 1441
1448 1441 1443
1449 1448 1443
1449 1443 1450
1451 1442 1447
1429 1442 1451
1452 1429 1451
1435 1429 1452
1452 1451 1453
1454 1452 1453
1453 1451 1455
1456 1435 1452
1454 1456 1452
1456 1440 1435
1453 1455 1457
1454 1453 1457
1458 1440 1456
1458 1439 1440
1459 1457 1455
1459 1455 1460
1461 1459 1460
1461 1460 1462
1459 1461 1463
1459 1463 1464
1465 1457 1459
1465 1459 1464
1454 1457 1465
1466 1465 1464
1454 1465 1466
1467 1456 1454
1467 1458 1456
1454 1466 1468
1454 1468 1467
1469 1468 1466
1469 1466 1470
1471 1469 1470
1471 1470 1472
1467 1468 1473
1473 1468 1469
1474 1458 1467
1467 1473 1474
1474 1475 1458
1473 1476 1474
1477 1476 1473
1473 1469 1477
1475 1439 1458
1475 1478 1439
1478 1479 1439
1478 1480 1479
1480 1420 1479
1481 1482 1469
1481 1469 1483
1484 1485 1486
1484 1487 1485
1488 1485 1487
1488 1489 1485
1490 1491 1492
1490 1492 1493
1493 1492 1494
1493 1494 1495
1494 1496 1495
1494 1497 1496
1498 1499 1500
1498 1501 1499
1502 1501 1498
1502 1498 1503
1503 1504 1502
1503 1505 1504
1506 1507 1508
1506 1508 1509
1508 1510 1511
1508 1511 1512
1513 1514 1515
1513 1516 1514
1513 1517 1516
1513 1518 1517
1519 1520 1521
1519 1522 1520
1522 1523 1520
1519 1524 1522
1519 1525 1524
1522 1524 1526
1522 1527 1523
1522 1526 1527
1528 1523 1527
1528 1529 1523
1528 1530 1529
1527 1526 1531
1527 1531 1528
1532 1528 1531
1526 1533 1531
1533 1532 1531
1528 1534 1530
1532 1534 1528
1534 1535 1530
1534 1536 1535
1532 1536 1534
1536 1537 1535
1536 1538 1537
1538 1539 1537
1540 1538 1536
1532 1540 1536
1541 1539 1538
1540 1541 1538
1542 1539 1541
1543 1542 1541
1543 1541 1540
1544 1543 1540
1544 1540 1532
1545 1544 1532
1545 1532 1546
1545 1546 1547
1548 1544 1545
1549 1544 1548
1549 1550 1544
1549 1551 1550
1549 1552 1551
1552 1553 1551
1554 1552 1549
1554 1549 1548
1555 1553 1552
1554 1555 1552
1556 1553 1555
1557 1553 1556
1558 1557 1556
1559 1556 1555
1559 1555 1554
1558 1556 1559
1545 1547 1560
1548 1545 1561
1561 1545 1560
1562 1560 1547
1562 1547 1563
1564 1562 1563
1564 1563 1565
1561 1560 1566
1567 1566 1560
1567 1560 1562
1568 1567 1562
1568 1562 1569
1570 1561 1566
1548 1561 1570
1571 1548 1570
1554 1548 1571
1571 1570 1572
1573 1571 1572
1572 1570 1574
1575 1554 1571
1573 1575 1571
1575 1559 1554
1572 1574 1576
1573 1572 1576
1577 1559 1575
1577 1558 1559
1578 1576 1574
1578 1574 1579
1580 1578 1579
1580 1579 1581
1578 1580 1582
1578 1582 1583
1584 1576 1578
1584 1578 1583
1573 1576 1584
1585 1584 1583
1573 1584 1585
1586 1575 1573
1586 1577 1575
1573 1585 1587
1573 1587 1586
1588 1587 1585
1588 1585 1589
1590 1588 1589
1590 1589 1591
1586 1587 1592
1592 1587 1588
1593 1577 1586
1586 1592 1593
1593 1594 1577
1592 1595 1593
1596 1595 1592
1592 1588 1596
1594 1558 1577
1594 1597 1558
1597 1598 1558
1597 1599 1598
1599 1539 1598
1600 1601 1588
1600 1588 1602
1603 1604 1605
1603 1606 1604
1607 1604 1606
1607 1608 1604
1609 1610 1611
1609 1611 1612
1612 1611 1613
1612 1613 1614
1613 1615 1614
1613 1616 1615
1617 1618 1619
1617 1620 1618
1621 1620 1617
1621 1617 1622
1622 1623 1621
1622 1624 1623
1625 1626 1627
1625 1627 1628
1627 1629 1630
1627 1630 1631
1632 1633 1634
1632 1635 1633
1632 1636 1635
1632 1637 1636
1638 1639 1640
1638 1641 1639
1641 1642 1639
1638 1643 1641
1638 1644 1643
1641 1643 1645
1641 1646 1642
1641 1645 1646
1647 1642 1646
1647 1648 1642
1647 1649 1648
1646 1645 1650
1646 1650 1647
1651 1647 1650
1645 1652 1650
1652 1651 1650
1647 1653 1649
1651 1653 1647
1653 1654 1649
1653 1655 1654
1651 1655 1653
1655 1656 1654
1655 1657 1656
1657 1658 1656
1659 1657 1655
1651 1659 1655
1660 1658 1657
1659 1660 1657
1661 1658 1660
1662 1661 1660
1662 1660 1659
1663 1662 1659
1663 1659 1651
1664 1663 1651
1664 1651 1665
1664 1665 1666
1667 1663 1664
1668 1663 1667
1668 1669 1663
1668 1670 1669
1668 1671 1670
1671 1672 1670
1673 1671 1668
1673 1668 1667
1674 1672 1671
1673 1674 1671
1675 1672 1674
1676 1672 1675
1677 1676 1675
1678 1675 1674
1678 1674 1673
1677 1675 1678
1664 1666 1679
1667 1664 1680
1680 1664 1679
1681 1679 1666
1681 1666 1682
1683 1681 1682
1683 1682 1684
1680 1679 1685
1686 1685 1679
1686 1679 1681
1687 1686 1681
1687 1681 1688
1689 1680 1685
1667 1680 1689
1690 1667 1689
1673 1667 1690
1690 1689 1691
1692 1690 1691
1691 1689 1693
1694 1673 1690
1692 1694 1690
1694 1678 1673
1691 1693 1695
1692 1691 1695
1696 1678 1694
1696 1677 1678
1697 1695 1693
1697 1693 1698
1699 1697 1698
1699 1698 1700
1697 1699 1701
1697 1701 1702
1703 1695 1697
1703 1697 1702
1692 1695 1703
1704 1703 1702
1692 1703 1704
1705 1694 1692
1705 1696 1694
1692 1704 1706
1692 1706 1705
1707 1706 1704
1707 1704 1708
1709 1707 1708
1709 1708 1710
1705 1706 1711
1711 1706 1707
1712 1696 1705
1705 1711 1712
1712 1713 1696
1711 1714 1712
1715 1714 1711
1711 1707 1715
1713 1677 1696
1713 1716 1677
1716 1717 1677
1716 1718 1717
1718 1658 1717
1719 1720 1707
1719 1707 1721
1722 1723 1724
1722 1725 1723
1726 1723 1725
1726 1727 1723
1728 1729 1730
1728 1730 1731
1731 1730 1732
1731 1732 1733
1732 1734 1733
1732 1735 1734
1736 1737 1738
1736 1739 1737
1740 1739 1736
1740 1736 1741
1741 1742 1740
1741 1743 1742
1744 1745 1746
1744 1746 1747
1746 1748 1749
1746 1749 1750
1751 1752 1753
1751 1754 1752
1751 1755 1754
1751 1756 1755
1757 1758 1759
1757 1759 1760
1761 1757 1760
1759 1762 1760
1762 1759 1763
1764 1762 1763
1761 1760 1765
1762 1765 1760
1765 1766 1761
1764 1767 1762
1768 1767 1764
1762 1769 1765
1769 1762 1767
1766 1765 1770
1766 1770 1771
1768 1772 1767
1773 1772 1768
1769 1767 1774
1772 1774 1767
1765 1769 1775
1765 1775 1770
1775 1769 1774
1771 1770 1776
1771 1776 1777
1778 1770 1775
1778 1776 1770
1776 1779 1777
1778 1779 1776
1777 1779 1780
1775 1774 1781
1781 1778 1775
1774 1772 1782
1782 1781 1774
1782 1783 1781
1784 1780 1779
1780 1784 1785
1781 1786 1778
1783 1786 1781
1779 1778 1787
1784 1779 1787
1787 1778 1786
1772 1788 1782
1773 1788 1772
1785 1784 1789
1785 1789 1790
1791 1783 1782
1782 1788 1791
1792 1788 1773
1792 1773 1793
1793 1794 1792
1795 1790 1789
1795 1796 1790
1795 1797 1796
1791 1788 1798
1788 1792 1798
1792 1794 1799
1799 1794 1800
1795 1801 1797
1801 1802 1797
1792 1803 1798
1792 1799 1803
1803 1804 1798
1799 1804 1803
1791 1798 1805
1798 1804 1805
1799 1800 1806
1804 1799 1806
1805 1807 1791
1791 1807 1783
1783 1807 1808
1809 1807 1805
1808 1807 1809
1800 1810 1806
1800 1811 1810
1812 1810 1811
1813 1805 1804
1813 1809 1805
1814 1809 1813
1808 1809 1815
1814 1815 1809
1812 1816 1810
1816 1812 1817
1816 1817 1818
1819 1818 1817
1819 1820 1818
1821 1810 1816
1821 1816 1818
1822 1818 1820
1821 1818 1822
1822 1820 1823
1824 1822 1823
1824 1823 1825
1815 1826 1808
1827 1808 1826
1814 1826 1815
1821 1828 1810
1828 1806 1810
1822 1829 1821
1822 1824 1829
1828 1830 1806
1806 1830 1804
1831 1828 1821
1831 1830 1828
1831 1821 1829
1804 1830 1832
1831 1832 1830
1829 1833 1831
1832 1831 1833
1834 1829 1824
1829 1834 1833
1833 1834 1835
1804 1832 1836
1804 1836 1813
1813 1836 1814
1836 1832 1837
1832 1833 1837
1814 1836 1837
1834 1824 1838
1825 1838 1824
1834 1838 1839
1825 1839 1838
1834 1839 1835
1825 1840 1839
1837 1833 1841
1833 1835 1841
1842 1814 1837
1837 1841 1842
1839 1840 1843
1843 1835 1839
1842 1844 1814
1814 1844 1826
1845 1842 1841
1845 1841 1835
1826 1844 1846
1826 1846 1827
1847 1844 1842
1845 1847 1842
1847 1846 1844
1846 1847 1848
1849 1847 1845
1849 1845 1835
1847 1849 1848
1840 1850 1843
1840 1851 1850
1843 1852 1835
1852 1849 1835
1853 1852 1843
1853 1849 1852
1853 1843 1850
1854 1850 1851
1854 1851 1855
1846 1848 1856
1827 1846 1856
1848 1857 1856
1858 1856 1857
1827 1856 1858
1853 1859 1849
1849 1859 1848
1850 1860 1853
1850 1854 1860
1853 1861 1859
1859 1861 1848
1853 1860 1861
1862 1854 1855
1862 1855 1863
1861 1864 1848
1848 1864 1857
1860 1865 1861
1861 1865 1864
1854 1866 1860
1860 1866 1865
1866 1854 1862
1867 1864 1865
1866 1867 1865
1868 1862 1863
1868 1863 1869
1868 1869 1870
1866 1862 1871
1866 1871 1867
1872 1862 1868
1872 1871 1862
1868 1870 1873
1873 1872 1868
1864 1874 1857
1867 1874 1864
1871 1875 1867
1871 1872 1875
1867 1876 1874
1867 1875 1876
1877 1873 1870
1877 1870 1878
1874 1879 1857
1874 1876 1879
1878 1880 1877
1878 1881 1880
1873 1882 1872
1883 1875 1872
1883 1872 1882
1884 1876 1875
1884 1875 1883
1885 1873 1877
1885 1882 1873
1886 1876 1884
1886 1879 1876
1882 1887 1883
1882 1885 1887
1884 1883 1888
1887 1888 1883
1886 1884 1888
1889 1885 1877
1889 1877 1880
1890 1889 1880
1887 1885 1891
1891 1885 1889
1891 1888 1887
1889 1892 1891
1892 1889 1890
1893 1888 1891
1892 1893 1891
1888 1894 1886
1894 1888 1893
1890 1880 1895
1881 1895 1880
1881 1896 1895
1890 1895 1896
1896 1881 1897
1896 1897 1898
1899 1898 1897
1898 1900 1896
1890 1896 1900
1899 1901 1898
1901 1900 1898
1901 1899 1902
1901 1902 1903
1904 1901 1903
1904 1905 1901
1901 1905 1900
1906 1905 1904
1906 1907 1905
1907 1906 1908
1900 1905 1909
1905 1907 1909
1907 1908 1910
1909 1907 1910
1910 1908 1911
1900 1909 1912
1912 1909 1910
1912 1890 1900
1910 1911 1913
1913 1911 1914
1890 1912 1915
1892 1890 1915
1912 1910 1916
1916 1915 1912
1913 1916 1910
1913 1914 1917
1918 1917 1914
1892 1915 1919
1916 1919 1915
1913 1920 1916
1920 1913 1917
1919 1916 1920
1892 1919 1921
1892 1921 1893
1919 1920 1922
1921 1919 1922
1923 1893 1921
1921 1922 1923
1923 1894 1893
1920 1917 1924
1924 1922 1920
1918 1925 1917
1925 1924 1917
1926 1923 1922
1894 1923 1926
1924 1927 1922
1926 1922 1927
1918 1928 1925
1918 1929 1928
1930 1928 1929
1925 1931 1924
1931 1927 1924
1930 1932 1928
1932 1930 1933
1925 1928 1934
1925 1934 1931
1932 1933 1935
1936 1935 1933
1928 1932 1937
1928 1937 1934
1937 1932 1935
1936 1938 1935
1938 1936 1939
1938 1939 1940
1940 1941 1938
1935 1938 1941
1940 1942 1941
1943 1941 1942
1944 1935 1941
1937 1935 1944
1945 1941 1943
1944 1941 1945
1946 1945 1943
1947 1937 1944
1944 1945 1947
1948 1947 1945
1946 1949 1945
1945 1949 1948
1946 1950 1949
1947 1951 1937
1951 1947 1948
1934 1937 1951
1950 1952 1949
1949 1952 1948
1934 1951 1953
1931 1934 1953
1950 1954 1952
1950 1955 1954
1954 1955 1956
1954 1956 1957
1952 1954 1957
1956 1958 1957
1956 1959 1958
1960 1958 1959
1952 1957 1961
1958 1961 1957
1960 1962 1958
1963 1962 1960
1964 1953 1951
1951 1948 1964
1952 1965 1948
1965 1952 1961
1958 1966 1961
1958 1962 1966
1963 1967 1962
1802 1967 1963
1948 1965 1968
1948 1968 1964
1969 1964 1968
1961 1970 1965
1970 1968 1965
1970 1961 1966
1970 1969 1968
1964 1971 1953
1971 1964 1969
1962 1972 1966
1972 1962 1967
1970 1966 1973
1970 1973 1969
1966 1972 1973
1972 1974 1973
1975 1972 1967
1975 1974 1972
1975 1967 1976
1802 1976 1967
1801 1976 1802
1977 1975 1976
1977 1976 1801
1977 1974 1975
1795 1977 1801
1795 1978 1977
1795 1789 1978
1979 1978 1789
1977 1978 1980
1974 1977 1980
1980 1978 1979
1973 1981 1969
1974 1981 1973
1969 1981 1982
1982 1981 1974
1980 1983 1974
1982 1974 1983
1984 1983 1980
1984 1980 1979
1982 1983 1984
1979 1789 1985
1789 1784 1985
1784 1986 1985
1979 1985 1986
1784 1787 1986
1986 1787 1987
1787 1786 1987
1988 1979 1986
1986 1987 1988
1989 1969 1982
1971 1969 1989
1979 1990 1984
1988 1990 1979
1991 1987 1786
1992 1988 1987
1991 1992 1987
1990 1988 1993
1992 1993 1988
1994 1984 1990
1990 1993 1994
1995 1982 1984
1994 1995 1984
1989 1982 1996
1995 1996 1982
1786 1997 1991
1783 1997 1786
1997 1783 1998
1997 1998 1991
1998 1783 1808
1991 1998 1999
1999 1998 1808
1992 1991 1999
1808 1827 1999
1992 1999 2000
2000 1999 1827
1993 1992 2000
1827 2001 2000
1993 2000 2001
2001 1994 1993
1827 1858 2001
2001 2002 1994
2002 2001 1858
2002 1995 1994
2002 1858 2003
1858 1857 2003
2002 2003 2004
2003 1857 2004
2002 2005 1995
2002 2004 2005
2006 2004 1857
2006 1857 1879
2007 1995 2005
2007 1996 1995
2005 2004 2008
2006 2008 2004
2007 2005 2008
1879 2009 2006
1886 2009 1879
1886 2010 2009
2006 2009 2010
1894 2010 1886
2006 2011 2008
2006 2010 2011
2007 2008 2011
2010 1894 2012
2010 2012 2011
2012 2007 2011
1894 1926 2012
2013 1996 2007
2012 2013 2007
2013 1989 1996
2014 2012 1926
2014 2013 2012
2014 1989 2013
1927 2014 1926
2014 1971 1989
1927 2015 2014
1971 2014 2015
1931 2015 1927
1971 2015 1953
1931 1953 2015
2016 2017 2018
2016 2019 2017
2019 2020 2017
2021 2019 2016
2019 2022 2020
2022 2023 2020
2021 2024 2019
2022 2019 2024
2022 2025 2023
2026 2023 2025
2021 2027 2024
2021 2028 2027
2022 2024 2029
2025 2022 2029
2029 2024 2027
2026 2025 2030
2031 2026 2030
2025 2029 2032
2030 2025 2032
2031 2030 2033
2034 2031 2033
2035 2027 2028
2035 2028 2036
2029 2027 2037
2032 2029 2037
2030 2032 2038
2033 2030 2038
2035 2039 2027
2027 2039 2037
2036 2040 2035
2036 2041 2040
2042 2039 2035
2037 2039 2042
2042 2035 2040
2032 2037 2043
2038 2032 2043
2041 2044 2040
2041 2045 2044
2046 2044 2045
2046 2045 2047
2046 2047 2048
2049 2040 2044
2049 2042 2040
2046 2049 2044
2037 2042 2050
2050 2042 2049
2043 2037 2050
2046 2048 2051
2051 2048 2052
2046 2053 2049
2050 2049 2053
2046 2051 2054
2046 2054 2053
2051 2052 2055
2051 2055 2054
2053 2054 2056
2056 2054 2055
2050 2053 2057
2053 2056 2057
2043 2050 2058
2058 2050 2057
2052 2059 2055
2052 2060 2059
2056 2061 2057
2058 2057 2061
2062 2043 2058
2038 2043 2062
2056 2055 2063
2063 2055 2059
2064 2059 2060
2064 2060 2065
2064 2065 2066
2067 2058 2061
2062 2058 2067
2056 2068 2061
2068 2056 2063
2063 2059 2069
2069 2059 2064
2064 2066 2070
2071 2070 2066
2067 2061 2072
2072 2061 2068
2068 2063 2073
2073 2063 2069
2069 2064 2074
2070 2074 2064
2072 2068 2075
2075 2068 2073
2073 2069 2076
2076 2069 2074
2075 2073 2077
2077 2073 2076
2071 2078 2070
2070 2079 2074
2078 2079 2070
2076 2074 2080
2079 2080 2074
2071 2081 2078
2071 2082 2081
2081 2083 2078
2078 2083 2079
2081 2084 2083
2083 2085 2079
2079 2085 2080
2084 2086 2083
2083 2086 2085
2084 2087 2086
2088 2076 2080
2077 2076 2088
2089 2080 2085
2088 2080 2089
2090 2086 2087
2090 2087 2091
2092 2085 2086
2092 2086 2090
2089 2085 2092
2093 2090 2091
2093 2092 2090
2093 2091 2094
2095 2077 2088
2089 2095 2088
2096 2089 2092
2089 2096 2095
2093 2097 2092
2096 2092 2097
2094 2098 2093
2097 2093 2098
2094 2099 2098
2100 2096 2097
2097 2098 2100
2099 2101 2098
2099 2102 2101
2095 2103 2077
2103 2075 2077
2095 2096 2104
2100 2104 2096
2098 2105 2100
2098 2101 2105
2106 2101 2102
2106 2102 2107
2108 2106 2107
2108 2109 2106
2106 2109 2110
2111 2101 2106
2106 2110 2111
2111 2105 2101
2112 2111 2110
2113 2100 2105
2113 2105 2111
2113 2104 2100
2095 2104 2114
2103 2095 2114
2112 2115 2111
2113 2111 2115
2116 2115 2112
2116 2113 2115
2116 2112 2117
2104 2113 2118
2116 2118 2113
2104 2118 2114
2119 2116 2117
2118 2116 2119
2119 2117 2120
2114 2118 2121
2118 2119 2121
2103 2114 2122
2114 2121 2122
2123 2119 2120
2123 2120 2124
2123 2124 2125
2122 2126 2103
2103 2126 2075
2072 2075 2126
2127 2121 2119
2127 2119 2123
2128 2122 2121
2122 2128 2126
2128 2121 2127
2072 2126 2129
2129 2126 2128
2067 2072 2129
2125 2130 2123
2125 2131 2130
2132 2127 2123
2132 2123 2130
2127 2133 2128
2129 2128 2133
2127 2132 2133
2067 2129 2134
2134 2129 2133
2134 2062 2067
2131 2135 2130
2131 2136 2135
2137 2132 2130
2137 2130 2135
2132 2138 2133
2134 2133 2138
2132 2137 2138
2134 2139 2062
2139 2134 2138
2139 2038 2062
2136 2140 2135
2136 2141 2140
2142 2140 2141
2143 2137 2135
2143 2135 2140
2144 2138 2137
2139 2138 2144
2144 2137 2143
2139 2145 2038
2144 2145 2139
2033 2038 2145
2142 2146 2140
2143 2140 2146
2147 2144 2143
2144 2147 2145
2148 2033 2145
2148 2145 2147
2034 2033 2148
2149 2146 2142
2149 2142 2150
2143 2146 2151
2147 2143 2151
2151 2146 2149
2152 2147 2151
2152 2148 2147
2151 2149 2152
2153 2034 2148
2153 2148 2152
2149 2153 2152
2154 2034 2153
2155 2149 2150
2149 2155 2153
2155 2154 2153
2155 2150 2156
2155 2157 2154
2155 2156 2158
2155 2158 2157
2159 2160 2161
2160 2159 2162
2160 2162 2163
2164 2163 2162
2164 2165 2163
2165 2166 2163
2167 2165 2164
2167 2164 2168
2169 2167 2168
2169 2168 2170
2169 2170 2171
2165 2172 2166
2167 2172 2165
2166 2172 2173
2166 2173 2174
2167 2175 2172
2175 2167 2169
2175 2173 2172
2176 2174 2173
2176 2177 2174
2178 2176 2173
2175 2178 2173
2179 2178 2175
2178 2180 2176
2179 2180 2178
2179 2181 2180
2179 2182 2181
2169 2171 2183
2169 2183 2184
2185 2183 2171
2175 2169 2186
2179 2175 2186
2169 2184 2186
2179 2186 2184
2179 2187 2182
2179 2184 2187
2187 2188 2182
2185 2189 2183
2189 2184 2183
2187 2190 2188
2184 2190 2187
2191 2189 2185
2192 2189 2191
2191 2185 2193
2191 2193 2194
2189 2195 2184
2184 2195 2190
2192 2195 2189
2190 2195 2192
2196 2188 2190
2190 2192 2196
2197 2196 2192
2196 2198 2188
2197 2198 2196
2197 2199 2198
2200 2199 2197
2191 2194 2201
2192 2191 2201
2202 2201 2194
2200 2197 2203
2204 2203 2197
2203 2205 2200
2197 2192 2206
2192 2201 2206
2204 2197 2206
2201 2204 2206
2202 2207 2201
2201 2207 2204
2207 2202 2208
2203 2209 2205
2204 2209 2203
2209 2210 2205
2207 2208 2211
2204 2207 2211
2212 2211 2208
2204 2213 2209
2204 2211 2213
2209 2214 2210
2214 2209 2213
2215 2210 2214
2212 2216 2211
2213 2211 2216
2216 2212 2217
2215 2214 2218
2218 2219 2215
2214 2213 2220
2213 2216 2220
2218 2214 2220
2216 2217 2221
2220 2216 2221
2221 2217 2222
2218 2223 2219
2224 2219 2223
2218 2220 2225
2220 2221 2225
2223 2218 2225
2221 2222 2226
2226 2225 2221
2227 2226 2222
2228 2224 2223
2223 2225 2228
2226 2228 2225
2228 2226 2227
2228 2229 2224
2228 2227 2229
2230 2231 2232
2230 2233 2231
2233 2230 2234
2230 2235 2234
2236 2234 2235
2233 2237 2231
2231 2237 2238
2239 2234 2236
2236 2240 2239
2241 2239 2240
2241 2240 2242
2239 2243 2234
2239 2241 2243
2234 2244 2233
2234 2243 2244
2245 2238 2237
2238 2245 2246
2245 2237 2247
2237 2248 2247
2233 2248 2237
2233 2244 2248
2246 2245 2249
2249 2250 2246
2251 2248 2244
2247 2248 2251
2252 2244 2243
2251 2244 2252
2249 2245 2253
2247 2253 2245
2254 2243 2241
2252 2243 2254
2255 2250 2249
2249 2253 2255
2256 2252 2254
2257 2251 2252
2257 2252 2256
2241 2258 2254
2256 2254 2258
2258 2259 2256
2256 2260 2257
2259 2260 2256
2261 2257 2260
2251 2257 2262
2257 2261 2262
2251 2262 2263
2263 2247 2251
2255 2253 2264
2265 2253 2247
2265 2264 2253
2255 2264 2266
2255 2266 2250
2267 2250 2266
2268 2250 2267
2269 2268 2267
2267 2270 2269
2266 2264 2271
2271 2267 2266
2267 2272 2270
2271 2272 2267
2273 2270 2272
2274 2271 2264
2265 2274 2264
2271 2275 2272
2273 2272 2275
2274 2275 2271
2276 2273 2275
2274 2276 2275
2277 2273 2276
2277 2278 2273
2277 2279 2278
2277 2280 2279
2274 2281 2276
2281 2277 2276
2282 2280 2277
2281 2282 2277
2283 2280 2282
2283 2282 2284
2281 2284 2282
2284 2285 2283
2281 2274 2286
2286 2274 2265
2281 2287 2284
2286 2287 2281
2284 2288 2285
2288 2284 2287
2286 2265 2289
2265 2247 2289
2286 2290 2287
2289 2290 2286
2247 2291 2289
2263 2291 2247
2292 2285 2288
2292 2293 2285
2288 2287 2294
2290 2294 2287
2289 2295 2290
2295 2289 2291
2292 2296 2293
2296 2297 2293
2298 2297 2296
2299 2292 2288
2294 2299 2288
2300 2294 2290
2300 2290 2295
2301 2299 2294
2301 2294 2300
2302 2292 2299
2302 2299 2301
2298 2296 2303
2303 2304 2298
2305 2296 2292
2305 2292 2302
2303 2306 2304
2306 2307 2304
2308 2303 2296
2308 2296 2305
2303 2309 2306
2303 2308 2309
2306 2310 2307
2310 2306 2309
2307 2310 2311
2307 2311 2312
2310 2309 2313
2311 2310 2313
2309 2314 2313
2315 2309 2308
2309 2315 2314
2316 2308 2305
2315 2308 2316
2302 2317 2305
2316 2305 2317
2318 2312 2311
2318 2319 2312
2320 2319 2318
2311 2313 2321
2321 2313 2314
2321 2318 2311
2320 2318 2322
2323 2320 2322
2321 2324 2318
2324 2322 2318
2302 2325 2317
2325 2302 2301
2321 2314 2326
2324 2321 2326
2325 2301 2327
2300 2327 2301
2300 2328 2327
2295 2328 2300
2295 2329 2328
2295 2291 2329
2330 2329 2291
2330 2328 2329
2330 2291 2263
2331 2330 2263
2331 2263 2262
2332 2328 2330
2332 2330 2331
2331 2333 2332
2334 2327 2328
2334 2328 2332
2325 2327 2335
2335 2327 2334
2262 2336 2331
2336 2262 2261
2336 2261 2337
2338 2331 2336
2331 2338 2333
2336 2337 2338
2339 2325 2335
2339 2317 2325
2317 2339 2340
2317 2340 2316
2316 2340 2315
2335 2341 2339
2334 2342 2335
2335 2342 2341
2343 2340 2339
2343 2339 2341
2342 2344 2341
2342 2345 2344
2342 2334 2345
2341 2344 2346
2341 2346 2343
2347 2345 2334
2334 2332 2347
2348 2347 2332
2348 2349 2347
2348 2332 2333
2348 2333 2349
2347 2350 2345
2350 2347 2349
2351 2345 2350
2350 2349 2351
2352 2345 2351
2353 2351 2349
2353 2349 2354
2355 2354 2349
2355 2349 2333
2355 2356 2354
2356 2355 2333
2357 2354 2356
2356 2358 2357
2356 2333 2359
2359 2358 2356
2360 2358 2359
2338 2359 2333
2361 2360 2359
2362 2359 2338
2359 2362 2361
2363 2361 2362
2362 2338 2337
2362 2337 2363
2364 2363 2337
2364 2337 2365
2366 2365 2337
2366 2337 2261
2366 2367 2365
2367 2366 2261
2368 2365 2367
2367 2261 2369
2260 2369 2261
2370 2369 2260
2369 2370 2371
2370 2260 2259
2372 2370 2259
2372 2259 2373
2374 2373 2259
2374 2259 2375
2375 2259 2258
2374 2376 2373
2376 2374 2375
2377 2373 2376
2376 2378 2377
2379 2378 2376
2376 2375 2379
2380 2375 2258
2380 2379 2375
2380 2258 2241
2381 2379 2380
2381 2380 2382
2379 2381 2383
2384 2383 2381
2381 2382 2384
2385 2384 2382
2385 2382 2386
2387 2386 2382
2387 2382 2242
2380 2241 2388
2388 2382 2380
2388 2242 2382
2388 2241 2242
2389 2390 2391
2391 2392 2389
2392 2391 2393
2393 2391 2394
2395 2392 2393
2394 2396 2393
2394 2397 2396
2398 2396 2397
2395 2393 2399
2396 2399 2393
2398 2400 2396
2401 2400 2398
2402 2400 2401
2403 2400 2402
2404 2396 2400
2396 2404 2399
2403 2405 2400
2404 2400 2405
2406 2405 2403
2407 2395 2399
2407 2408 2395
2409 2404 2405
2406 2409 2405
2410 2399 2404
2410 2407 2399
2409 2410 2404
2408 2407 2411
2410 2411 2407
2408 2411 2412
2413 2412 2411
2413 2414 2412
2415 2414 2413
2410 2416 2411
2416 2410 2409
2413 2411 2416
2406 2417 2409
2416 2409 2417
2406 2418 2417
2417 2419 2416
2413 2416 2419
2418 2420 2417
2417 2420 2419
2418 2421 2420
2422 2420 2421
2415 2413 2423
2423 2424 2415
2425 2413 2419
2420 2425 2419
2425 2423 2413
2422 2426 2420
2420 2426 2425
2426 2422 2427
2426 2427 2428
2425 2426 2428
2428 2427 2429
2423 2430 2424
2430 2431 2424
2423 2425 2432
2425 2428 2432
2423 2432 2430
2428 2429 2433
2433 2432 2428
2434 2433 2429
2430 2435 2431
2435 2430 2432
2436 2431 2435
2434 2437 2433
2438 2437 2434
2433 2439 2432
2435 2432 2439
2437 2439 2433
2436 2435 2440
2439 2440 2435
2441 2436 2440
2438 2442 2437
2443 2442 2438
2437 2444 2439
2439 2444 2440
2442 2444 2437
2441 2440 2445
2444 2445 2440
2446 2441 2445
2447 2442 2443
2442 2447 2444
2444 2447 2445
2447 2446 2445
2447 2443 2448
2447 2448 2446
2449 2450 2451
2452 2450 2449
2453 2450 2452
2454 2452 2449
2455 2454 2449
2455 2456 2454
2456 2455 2457
2458 2452 2454
2456 2458 2454
2453 2452 2459
2458 2459 2452
2456 2457 2460
2461 2460 2457
2459 2462 2453
2462 2463 2453
2462 2464 2463
2464 2465 2463
2466 2462 2459
2466 2464 2462
2467 2459 2458
2466 2459 2467
2467 2458 2468
2456 2469 2458
2469 2456 2460
2469 2468 2458
2461 2470 2460
2471 2470 2461
2471 2472 2470
2470 2473 2460
2469 2460 2473
2474 2469 2473
2475 2470 2472
2470 2475 2473
2475 2474 2473
2475 2472 2476
2476 2477 2475
2475 2477 2474
2476 2478 2477
2477 2478 2479
2474 2477 2479
2478 2480 2479
2469 2481 2468
2474 2481 2469
2482 2481 2474
2468 2481 2482
2474 2479 2483
2482 2474 2483
2480 2484 2479
2484 2483 2479
2483 2485 2482
2483 2484 2485
2484 2480 2486
2487 2486 2480
2487 2488 2486
2486 2488 2323
2484 2486 2489
2486 2323 2489
2484 2489 2485
2323 2322 2489
2485 2490 2482
2489 2490 2485
2322 2490 2489
2468 2482 2490
2322 2491 2490
2324 2491 2322
2468 2490 2492
2492 2490 2491
2491 2324 2493
2324 2326 2493
2468 2492 2494
2468 2494 2467
2492 2491 2495
2492 2495 2494
2491 2493 2495
2496 2467 2494
2496 2494 2495
2496 2466 2467
2493 2497 2495
2496 2495 2497
2498 2466 2496
2496 2497 2499
2496 2499 2498
2498 2500 2466
2466 2500 2464
2497 2493 2501
2502 2493 2326
2493 2502 2501
2497 2503 2499
2497 2501 2503
2499 2503 2504
2499 2504 2505
2505 2498 2499
2504 2506 2505
2500 2498 2507
2505 2507 2498
2508 2464 2500
2500 2507 2508
2501 2509 2503
2510 2503 2509
2507 2505 2511
2506 2511 2505
2507 2511 2512
2512 2508 2507
2506 2513 2511
2512 2514 2508
2506 2515 2513
2508 2516 2464
2514 2516 2508
2464 2516 2465
2514 2517 2516
2516 2517 2465
2518 2506 2510
2510 2509 2518
2506 2519 2515
2518 2519 2506
2515 2519 2520
2521 2519 2518
2521 2518 2509
2519 2521 2520
2521 2509 2522
2522 2509 2501
2522 2501 2502
2523 2522 2502
2521 2522 2523
2520 2521 2524
2520 2524 2525
2523 2502 2526
2502 2326 2526
2326 2527 2526
2527 2326 2314
2525 2524 2528
2528 2529 2525
2525 2529 2530
2528 2524 2531
2531 2524 2521
2531 2521 2532
2531 2532 2533
2532 2534 2533
2521 2535 2532
2521 2523 2535
2532 2536 2534
2536 2532 2535
2534 2536 2537
2536 2538 2537
2538 2536 2539
2536 2535 2539
2523 2539 2535
2538 2540 2537
2537 2540 2541
2523 2542 2539
2538 2539 2542
2523 2526 2542
2526 2543 2542
2538 2542 2543
2526 2527 2543
2544 2543 2527
2538 2543 2544
2544 2527 2545
2545 2527 2314
2545 2314 2546
2314 2315 2546
2547 2544 2545
2546 2547 2545
2538 2544 2548
2548 2544 2547
2546 2315 2549
2549 2315 2340
2340 2550 2549
2340 2343 2550
2546 2549 2551
2549 2550 2551
2343 2552 2550
2343 2346 2552
2546 2551 2553
2546 2553 2547
2554 2547 2553
2554 2555 2547
2548 2547 2555
2550 2556 2551
2553 2551 2556
2550 2552 2556
2553 2556 2554
2346 2557 2552
2346 2558 2557
2552 2559 2556
2552 2557 2559
2558 2559 2557
2556 2559 2554
2558 2560 2559
2561 2559 2560
2561 2554 2559
2555 2562 2548
2538 2548 2562
2561 2563 2554
2564 2563 2561
2554 2565 2555
2555 2565 2562
2566 2563 2564
2564 2567 2566
2566 2567 2568
2569 2563 2566
2569 2554 2563
2569 2565 2554
2569 2570 2565
2570 2562 2565
2570 2571 2562
2562 2571 2572
2562 2572 2538
2572 2540 2538
2572 2573 2540
2541 2540 2573
2573 2574 2541
2541 2574 2575
2576 2577 2578
2579 2577 2576
2576 2580 2579
2581 2577 2579
2581 2582 2577
2582 2581 2583
2582 2583 2584
2583 2585 2584
2586 2585 2583
2586 2587 2585
2588 2579 2580
2588 2580 2589
2590 2589 2580
2589 2590 2591
2591 2592 2589
2579 2588 2593
2579 2593 2581
2593 2588 2589
2581 2594 2583
2581 2593 2594
2595 2593 2589
2594 2593 2595
2589 2592 2596
2596 2595 2589
2596 2592 2597
2595 2596 2597
2598 2597 2592
2597 2598 2599
2597 2599 2600
2600 2601 2597
2595 2597 2601
2600 2602 2601
2603 2595 2601
2594 2595 2603
2604 2601 2602
2603 2601 2604
2604 2602 2605
2606 2594 2603
2603 2604 2606
2605 2607 2604
2607 2606 2604
2607 2605 2608
2606 2609 2594
2583 2594 2609
2583 2609 2586
2609 2606 2610
2607 2610 2606
2608 2611 2607
2611 2608 2612
2609 2610 2613
2613 2586 2609
2614 2610 2607
2613 2610 2614
2611 2614 2607
2612 2615 2611
2612 2616 2615
2617 2586 2613
2613 2614 2617
2611 2618 2614
2618 2611 2615
2617 2614 2618
2619 2586 2617
2619 2587 2586
2617 2618 2620
2620 2619 2617
2587 2619 2621
2620 2621 2619
2587 2621 2622
2623 2620 2618
2618 2615 2623
2624 2615 2616
2624 2616 2625
2620 2626 2621
2623 2626 2620
2622 2621 2627
2622 2627 2628
2627 2629 2628
2621 2626 2630
2623 2630 2626
2621 2630 2627
2615 2631 2623
2615 2624 2631
2623 2631 2630
2632 2629 2627
2632 2633 2629
2630 2631 2634
2631 2624 2634
2627 2630 2635
2630 2634 2635
2635 2632 2627
2624 2636 2634
2635 2634 2636
2637 2632 2635
2635 2636 2637
2638 2636 2624
2624 2625 2638
2638 2625 2639
2637 2636 2640
2638 2640 2636
2638 2639 2641
2641 2640 2638
2641 2639 2642
2637 2643 2632
2637 2640 2643
2644 2641 2642
2644 2642 2645
2641 2646 2640
2643 2640 2646
2646 2641 2644
2632 2643 2647
2647 2633 2632
2645 2648 2644
2645 2649 2648
2650 2647 2643
2643 2646 2650
2633 2647 2651
2650 2651 2647
2633 2651 2652
2646 2644 2653
2648 2653 2644
2646 2654 2650
2646 2653 2654
2650 2654 2651
2653 2648 2655
2656 2648 2649
2648 2656 2655
2657 2655 2656
2656 2649 2658
2656 2659 2657
2659 2656 2658
2659 2658 2660
2661 2652 2651
2661 2651 2654
2661 2662 2652
2663 2661 2654
2662 2661 2664
2661 2663 2664
2665 2664 2663
2662 2664 2666
2665 2667 2664
2666 2664 2667
2666 2667 2668
2669 2659 2660
2669 2660 2670
2671 2669 2670
2672 2668 2667
2672 2673 2668
2672 2671 2673
2674 2659 2669
2674 2675 2659
2676 2675 2674
2671 2677 2669
2672 2677 2671
2677 2674 2669
2667 2678 2672
2677 2672 2678
2667 2679 2678
2676 2674 2680
2677 2680 2674
2680 2679 2676
2680 2678 2679
2677 2678 2680
2681 2682 2683
2681 2683 2684
2685 2681 2684
2686 2684 2683
2684 2686 2687
2688 2687 2686
2686 2683 2689
2689 2688 2686
2689 2690 2688
2688 2690 2691
2685 2684 2692
2684 2687 2692
2693 2685 2692
2687 2693 2692
2693 2694 2685
2695 2694 2693
2695 2696 2694
2695 2693 2697
2687 2697 2693
2695 2697 2698
2699 2698 2697
2699 2697 2687
2699 2700 2698
2701 2700 2699
2699 2687 2702
2688 2702 2687
2701 2699 2703
2702 2703 2699
2703 2704 2701
2705 2702 2688
2702 2705 2703
2703 2706 2704
2706 2703 2705
2705 2688 2707
2688 2691 2707
2707 2691 2708
2709 2704 2706
2709 2710 2704
2706 2705 2711
2711 2705 2707
2709 2706 2711
2707 2708 2712
2711 2707 2712
2713 2712 2708
2710 2709 2714
2710 2714 2715
2714 2716 2715
2709 2711 2717
2717 2711 2712
2714 2709 2717
2713 2718 2712
2717 2712 2718
2719 2718 2713
2719 2720 2718
2717 2718 2720
2721 2720 2719
2714 2722 2716
2723 2716 2722
2714 2717 2724
2717 2720 2724
2722 2714 2724
2721 2725 2720
2726 2725 2721
2720 2727 2724
2720 2725 2727
2722 2724 2727
2726 2728 2725
2727 2725 2728
2729 2728 2726
2723 2722 2730
2730 2731 2723
2722 2727 2732
2722 2732 2730
2727 2728 2732
2730 2733 2731
2733 2730 2732
2733 2734 2731
2729 2735 2728
2735 2729 2736
2737 2732 2728
2733 2732 2737
2737 2728 2735
2733 2738 2734
2738 2739 2734
2740 2733 2737
2740 2737 2735
2740 2738 2733
2735 2736 2741
2740 2735 2741
2741 2736 2742
2741 2742 2743
2743 2740 2741
2744 2743 2742
2743 2745 2740
2744 2745 2743
2745 2738 2740
2744 2746 2745
2747 2745 2746
2747 2739 2748
2738 2748 2739
2747 2748 2745
2745 2748 2738
2749 2750 2751
2752 2750 2749
2749 2753 2752
2750 2752 2754
2750 2754 2755
2756 2755 2754
2756 2754 2757
2757 2758 2756
2759 2758 2757
2759 2760 2758
2761 2752 2753
2761 2753 2762
2763 2762 2753
2762 2763 2764
2764 2765 2762
2752 2761 2766
2752 2766 2754
2766 2761 2762
2754 2767 2757
2754 2766 2767
2768 2766 2762
2768 2767 2766
2762 2765 2769
2769 2768 2762
2769 2765 2770
2768 2769 2770
2771 2770 2765
2770 2771 2772
2770 2772 2773
2774 2770 2773
2768 2770 2774
2774 2773 2775
2776 2768 2774
2768 2776 2767
2775 2777 2774
2776 2774 2777
2775 2778 2777
2779 2767 2776
2776 2777 2779
2777 2778 2780
2780 2779 2777
2780 2778 2781
2779 2782 2767
2757 2767 2782
2757 2782 2759
2783 2782 2779
2783 2759 2782
2783 2779 2784
2784 2779 2780
2780 2781 2785
2785 2781 2786
2786 2787 2785
2786 2788 2787
2787 2788 2789
2783 2790 2759
2784 2790 2783
2784 2780 2791
2785 2791 2780
2784 2791 2790
2785 2792 2791
2792 2785 2787
2790 2791 2792
2793 2759 2790
2793 2760 2759
2794 2760 2793
2794 2795 2760
2796 2795 2794
2797 2793 2790
2790 2792 2797
2794 2793 2797
2797 2792 2798
2792 2787 2798
2796 2794 2799
2799 2800 2796
2794 2797 2801
2797 2798 2801
2794 2801 2802
2798 2802 2801
2794 2802 2799
2803 2798 2787
2798 2803 2802
2804 2800 2799
2804 2805 2800
2803 2787 2806
2787 2789 2806
2807 2802 2803
2803 2806 2807
2799 2802 2808
2808 2804 2799
2807 2808 2802
2806 2789 2809
2809 2789 2810
2804 2808 2811
2807 2811 2808
2807 2806 2812
2809 2812 2806
2807 2812 2811
2813 2805 2804
2811 2813 2804
2809 2810 2814
2814 2810 2815
2812 2809 2816
2816 2811 2812
2814 2816 2809
2817 2814 2815
2817 2815 2818
2805 2813 2819
2805 2819 2820
2813 2811 2821
2816 2821 2811
2822 2813 2821
2822 2821 2816
2819 2813 2822
2814 2823 2816
2822 2816 2823
2823 2814 2817
2824 2817 2818
2824 2818 2825
2820 2819 2826
2820 2826 2827
2819 2822 2828
2823 2828 2822
2826 2819 2828
2823 2817 2829
2823 2829 2828
2824 2829 2817
2826 2828 2830
2829 2824 2831
2832 2824 2825
2824 2832 2831
2833 2831 2832
2832 2825 2834
2832 2835 2833
2835 2832 2834
2835 2834 2836
2826 2830 2837
2827 2826 2837
2838 2837 2830
2827 2837 2839
2838 2840 2837
2840 2839 2837
2840 2841 2839
2842 2835 2836
2842 2836 2843
2844 2841 2840
2844 2845 2841
2840 2846 2844
2846 2840 2847
2846 2847 2848
2849 2845 2844
2846 2849 2844
2849 2842 2843
2849 2850 2845
2849 2843 2850
2846 2851 2849
2846 2848 2851
2851 2842 2849
2835 2842 2852
2851 2852 2842
2848 2852 2851
2852 2853 2835
2848 2853 2852
2854 2855 2856
2854 2856 2857
2858 2854 2857
2859 2857 2856
2859 2856 2860
2861 2859 2860
2861 2860 2862
2863 2861 2862
2858 2857 2864
2864 2857 2859
2863 2865 2861
2861 2865 2866
2867 2865 2863
2861 2868 2859
2864 2859 2868
2869 2858 2864
2869 2870 2858
2867 2871 2865
2866 2865 2871
2864 2872 2869
2864 2868 2872
2868 2873 2872
2861 2874 2868
2861 2866 2874
2868 2874 2873
2866 2873 2874
2875 2870 2869
2875 2869 2872
2875 2876 2870
2875 2872 2877
2877 2872 2873
2877 2873 2878
2873 2879 2878
2873 2880 2879
2866 2880 2873
2880 2881 2879
2882 2880 2866
2880 2882 2881
2882 2866 2883
2884 2882 2883
2866 2871 2883
2871 2884 2883
2885 2881 2882
2884 2885 2882
2884 2886 2885
2885 2887 2881
2887 2885 2886
2887 2886 2888
2889 2888 2886
2871 2890 2884
2890 2871 2867
2890 2867 2891
2892 2890 2891
2892 2893 2890
2884 2890 2893
2893 2892 2894
2889 2886 2895
2895 2896 2889
2884 2897 2886
2884 2893 2897
2898 2886 2897
2898 2897 2893
2898 2895 2886
2893 2894 2899
2898 2893 2899
2900 2899 2894
2900 2901 2899
2901 2898 2899
2901 2900 2902
2895 2903 2896
2903 2904 2896
2905 2895 2898
2901 2905 2898
2905 2903 2895
2901 2902 2906
2905 2901 2906
2907 2906 2902
2903 2908 2904
2908 2903 2905
2908 2909 2904
2907 2910 2906
2910 2907 2911
2905 2906 2912
2908 2905 2912
2910 2912 2906
2908 2913 2909
2912 2913 2908
2914 2909 2913
2910 2911 2915
2916 2915 2911
2917 2915 2916
2910 2918 2912
2912 2918 2913
2915 2918 2910
2914 2913 2919
2919 2913 2918
2920 2914 2919
2920 2919 2917
2921 2915 2917
2915 2921 2918
2917 2919 2921
2919 2918 2921
2922 2923 2924
2925 2923 2922
2922 2926 2925
2927 2923 2925
2927 2928 2923
2929 2928 2927
2929 2927 2930
2930 2931 2929
2932 2931 2930
2932 2933 2931
2934 2925 2926
2934 2926 2935
2936 2935 2926
2935 2936 2937
2937 2938 2935
2939 2925 2934
2939 2927 2925
2935 2939 2934
2940 2930 2927
2940 2927 2939
2941 2939 2935
2940 2939 2941
2935 2938 2942
2942 2941 2935
2942 2938 2943
2941 2942 2943
2944 2943 2938
2944 2945 2943
2943 2945 2946
2946 2947 2943
2941 2943 2947
2946 2948 2947
2930 2940 2949
2930 2949 2932
2940 2941 2950
2950 2941 2947
2949 2940 2950
2948 2951 2947
2950 2947 2951
2948 2952 2951
2949 2950 2953
2950 2951 2953
2951 2952 2954
2954 2953 2951
2954 2952 2955
2956 2949 2953
2956 2932 2949
2957 2953 2954
2956 2953 2957
2954 2955 2958
2958 2955 2959
2960 2958 2959
2960 2959 2961
2962 2960 2961
2957 2954 2963
2956 2957 2963
2958 2963 2954
2956 2964 2932
2956 2963 2964
2958 2965 2963
2965 2958 2960
2964 2963 2965
2966 2932 2964
2966 2933 2932
2967 2933 2966
2967 2968 2933
2969 2968 2967
2970 2966 2964
2964 2965 2970
2967 2966 2970
2971 2970 2965
2965 2960 2971
2969 2967 2972
2972 2973 2969
2967 2970 2974
2971 2974 2970
2967 2974 2975
2971 2975 2974
2967 2975 2972
2976 2971 2960
2971 2976 2975
2973 2972 2977
2977 2978 2973
2976 2960 2979
2962 2979 2960
2980 2975 2976
2976 2979 2980
2972 2975 2981
2980 2981 2975
2972 2981 2977
2979 2962 2982
2982 2962 2983
2980 2979 2984
2981 2980 2984
2982 2984 2979
2982 2983 2985
2985 2983 2986
2981 2984 2987
2987 2977 2981
2984 2982 2988
2987 2984 2988
2985 2988 2982
2989 2985 2986
2989 2986 2990
2987 2991 2977
2987 2988 2991
2985 2992 2988
2992 2985 2989
2990 2993 2989
2990 2994 2993
2995 2977 2991
2978 2977 2995
2988 2996 2991
2988 2992 2996
2996 2995 2991
2992 2989 2997
2993 2997 2989
2997 2996 2992
2998 2978 2995
2996 2998 2995
2998 2999 2978
2997 3000 2996
2996 3000 2998
2997 2993 3001
3002 2993 2994
2993 3002 3001
3003 3001 3002
3002 2994 3004
3002 3005 3003
3005 3002 3004
3005 3004 3006
2999 2998 3007
3007 2998 3000
2999 3007 3008
3009 3007 3000
3010 3008 3007
3007 3009 3010
3011 3010 3009
3010 3012 3008
3011 3013 3010
3012 3010 3013
3012 3013 3014
3015 3005 3006
3015 3006 3016
3014 3013 3017
3014 3017 3018
3005 3015 3019
3020 3019 3015
3019 3021 3005
3020 3021 3019
3020 3022 3021
3023 3022 3020
3024 3015 3016
3020 3015 3024
3018 3017 3024
3020 3024 3017
3024 3016 3025
3018 3024 3025
3013 3026 3017
3026 3013 3023
3020 3017 3026
3023 3020 3026
3027 3028 3029
3027 3030 3028
3031 3028 3030
3032 3030 3027
3032 3027 3033
3034 3032 3033
3034 3033 3035
3036 3034 3035
3031 3030 3037
3032 3037 3030
3031 3037 3038
3031 3038 3039
3032 3040 3037
3040 3032 3034
3040 3038 3037
3039 3038 3041
3039 3041 3042
3043 3041 3038
3040 3043 3038
3040 3044 3043
3043 3045 3041
3044 3045 3043
3044 3046 3045
3047 3046 3044
3040 3034 3048
3040 3048 3044
3047 3044 3049
3050 3047 3049
3044 3048 3051
3051 3048 3034
3044 3051 3049
3050 3049 3052
3052 3049 3051
3051 3034 3053
3036 3053 3034
3053 3036 3054
3053 3055 3051
3052 3051 3055
3056 3050 3052
3056 3057 3050
3053 3054 3058
3053 3058 3055
3052 3055 3059
3058 3059 3055
3052 3059 3056
3060 3058 3054
3058 3060 3059
3060 3054 3061
3062 3060 3061
3062 3063 3060
3059 3060 3063
3064 3063 3062
3057 3056 3065
3057 3065 3066
3065 3067 3066
3068 3056 3059
3059 3063 3068
3068 3065 3056
3064 3069 3063
3070 3069 3064
3063 3071 3068
3065 3068 3071
3063 3069 3071
3065 3072 3067
3065 3071 3072
3073 3067 3072
3070 3074 3069
3071 3069 3074
3075 3074 3070
3073 3072 3076
3077 3073 3076
3072 3071 3078
3071 3074 3078
3072 3078 3076
3075 3079 3074
3079 3078 3074
3079 3075 3080
3077 3076 3081
3081 3076 3078
3082 3077 3081
3079 3080 3083
3084 3083 3080
3079 3085 3078
3081 3078 3085
3085 3079 3083
3082 3081 3086
3086 3081 3085
3086 3087 3082
3084 3088 3083
3089 3088 3084
3085 3083 3090
3086 3085 3090
3090 3083 3088
3086 3091 3087
3091 3086 3090
3092 3087 3091
3089 3093 3088
3090 3088 3093
3091 3090 3093
3093 3092 3091
3089 3094 3093
3093 3094 3092
3095 3096 3097
3095 3097 3098
3098 3097 3099
3095 3098 3100
3095 3100 3101
3102 3101 3100
3102 3100 3103
3103 3100 3104
3098 3104 3100
3103 3104 3105
3098 3099 3106
3098 3106 3104
3106 3099 3107
3105 3104 3108
3106 3108 3104
3105 3108 3109
3106 3107 3110
3106 3110 3108
3110 3107 3111
3109 3108 3112
3110 3112 3108
3109 3112 3113
3110 3111 3114
3110 3114 3112
3115 3114 3111
3116 3113 3112
3114 3116 3112
3116 3117 3113
3118 3117 3116
3115 3119 3114
3114 3119 3116
3118 3116 3120
3119 3120 3116
3121 3118 3120
3122 3119 3115
3119 3122 3120
3122 3115 3123
3122 3123 3124
3121 3120 3125
3125 3120 3122
3126 3121 3125
3126 3125 3127
3125 3122 3128
3128 3127 3125
3122 3124 3128
3128 3129 3127
3129 3128 3124
3129 3124 3130
3131 3132 3133
3131 3133 3134
3135 3134 3133
3136 3131 3134
3136 3137 3131
3138 3137 3136
3135 3139 3134
3139 3136 3134
3139 3135 3140
3139 3140 3141
3142 3139 3141
3139 3143 3136
3142 3143 3139
3138 3136 3144
3143 3144 3136
3145 3143 3142
3143 3145 3144
3145 3142 3146
3147 3145 3146
3148 3138 3144
3145 3148 3144
3148 3149 3138
3147 3150 3145
3145 3150 3148
3150 3147 3151
3149 3148 3152
3150 3152 3148
3149 3152 3153
3150 3151 3154
3150 3154 3152
3154 3151 3155
3153 3152 3156
3154 3156 3152
3153 3156 3157
3154 3155 3158
3154 3158 3156
3158 3155 3159
3158 3159 3160
3158 3160 3161
3158 3161 3156
3157 3156 3161
3157 3161 3162
3163 3164 3165
3163 3166 3164
3167 3166 3163
3166 3168 3164
3166 3169 3168
3167 3170 3166
3170 3169 3166
3171 3170 3167
3170 3172 3169
3171 3173 3170
3173 3172 3170
3174 3173 3171
3173 3175 3172
3174 3176 3173
3176 3175 3173
3177 3176 3174
3176 3178 3175
3177 3179 3176
3179 3178 3176
3180 3179 3177
3179 3181 3178
3180 3182 3179
3182 3181 3179
3182 3183 3181
3184 3182 3185
3184 3186 3182
3186 3187 3182
3186 3188 3187
3189 3190 3191
3189 3164 3190
3164 3192 3190
3164 3193 3192
3190 3194 3195
3190 3195 3196
3197 3190 3196
3197 3196 3198
3196 3199 3200
3196 3200 3201
3202 3196 3201
3201 3200 3203
3202 3201 3204
3201 3203 3205
3204 3201 3205
3205 3203 3206
3204 3205 3207
3205 3206 3208
3207 3205 3208
3208 3206 3209
3207 3208 3210
3208 3209 3211
3210 3208 3211
3211 3209 3212
3210 3211 3213
3211 3212 3214
3213 3211 3214
3213 3214 3215
3214 3216 3217
3214 3217 3218
3219 3214 3218
3219 3218 3220
3221 3222 3223
3221 3223 3224
3224 3223 3225
3221 3224 3226
3221 3226 3227
3228 3227 3226
3228 3226 3229
3229 3226 3230
3224 3230 3226
3229 3230 3231
3224 3225 3232
3224 3232 3230
3232 3225 3233
3231 3230 3234
3232 3234 3230
3231 3234 3235
3232 3233 3236
3232 3236 3234
3236 3233 3237
3235 3234 3238
3236 3238 3234
3235 3238 3239
3236 3237 3240
3236 3240 3238
3241 3240 3237
3239 3238 3242
3240 3242 3238
3239 3242 3243
3241 3244 3240
3240 3244 3242
3244 3241 3245
3243 3242 3246
3246 3242 3244
3243 3246 3247
3244 3245 3248
3246 3244 3248
3248 3245 3249
3247 3246 3250
3248 3250 3246
3247 3250 3251
3248 3249 3252
3248 3252 3250
3252 3249 3253
3252 3253 3254
3252 3254 3255
3252 3255 3250
3251 3250 3255
3251 3255 3256
3257 3258 3259
3257 3259 3260
3257 3260 3261
3257 3261 3262
3263 3262 3261
3263 3261 3264
3264 3261 3265
3260 3265 3261
3264 3265 3266
3259 3267 3260
3260 3267 3265
3259 3268 3267
3266 3265 3269
3267 3269 3265
3266 3269 3270
3268 3271 3267
3267 3271 3269
3268 3272 3271
3271 3272 3273
3270 3269 3274
3271 3274 3269
3270 3274 3275
3271 3273 3276
3271 3276 3274
3276 3273 3277
3275 3274 3278
3276 3278 3274
3275 3278 3279
3276 3277 3280
3276 3280 3278
3280 3277 3281
3279 3278 3282
3280 3282 3278
3279 3282 3283
3280 3281 3284
3280 3284 3282
3284 3281 3285
3284 3285 3286
3284 3286 3287
3284 3287 3282
3283 3282 3287
3283 3287 3288
3289 3290 3291
3289 3292 3290
3293 3292 3289
3292 3294 3290
3292 3295 3294
3293 3296 3292
3296 3295 3292
3297 3296 3293
3296 3298 3295
3297 3299 3296
3299 3298 3296
3300 3299 3297
3299 3301 3298
3300 3302 3299
3302 3301 3299
3303 3302 3300
3302 3304 3301
3303 3305 3302
3305 3304 3302
3306 3305 3303
3305 3307 3304
3306 3308 3305
3308 3307 3305
3308 3309 3307
3310 3308 3311
3310 3312 3308
3313 3312 3310
3312 3314 3308
3312 3315 3314
3313 3316 3312
3316 3315 3312
3316 3317 3315
3318 3316 3319
3318 3320 3316
3320 3321 3316
3322 3320 3318
3320 3323 3321
3322 3324 3320
3324 3323 3320
3325 3324 3322
3324 3326 3323
3325 3327 3324
3327 3326 3324
3328 3327 3325
3327 3329 3326
3328 3330 3327
3330 3329 3327
3331 3330 3328
3330 3332 3329
3331 3333 3330
3333 3332 3330
3333 3334 3332
3335 3336 3337
3335 3338 3336
3339 3338 3335
3338 3340 3336
3339 3290 3338
3338 3341 3340
3290 3341 3338
3290 3342 3341
3343 3344 3345
3343 3346 3344
3346 3347 3344
3346 3348 3347
3343 3349 3346
3349 3348 3346
3343 3350 3349
3349 3351 3348
3352 3353 3354
3352 3355 3353
3356 3355 3352
3355 3357 3353
3356 3358 3355
3355 3359 3357
3358 3359 3355
3358 3360 3359
3361 3362 3363
3361 3364 3362
3364 3365 3362
3364 3366 3365
3367 3368 3369
3367 3369 3370
3371 3367 3370
3371 3372 3367
3373 3371 3370
3373 3370 3374
3369 3374 3370
3369 3375 3374
3376 3377 3378
3376 3379 3377
3380 3379 3376
3379 3381 3377
3380 3382 3379
3379 3383 3381
3382 3383 3379
3382 3384 3383
3385 3386 3387
3385 3388 3386
3389 3388 3385
3388 3390 3386
3389 3391 3388
3388 3392 3390
3391 3392 3388
3391 3393 3392
3394 3395 3396
3394 3396 3397
3397 3396 3398
3397 3398 3399
3400 3397 3399
3401 3394 3397
3400 3401 3397
3401 3402 3394
3403 3402 3401
3404 3401 3400
3403 3401 3404
3404 3400 3405
3406 3404 3405
3407 3403 3404
3406 3407 3404
3407 3408 3403
3409 3408 3407
3410 3407 3406
3409 3407 3410
3410 3406 3411
3412 3410 3411
3413 3409 3410
3412 3413 3410
3413 3414 3409
3415 3414 3413
3416 3413 3412
3415 3413 3416
3416 3412 3417
3418 3415 3416
3419 3416 3417
3418 3416 3419
3419 3417 3420
3421 3419 3420
3421 3422 3419
3422 3418 3419
3422 3423 3418
3424 3425 3422
3424 3426 3425
3425 3427 3422
3428 3425 3426
3425 3429 3427
3428 3430 3425
3430 3429 3425
3430 3431 3429
3432 3433 3434
3432 3435 3433
3436 3435 3432
3435 3437 3433
3436 3438 3435
3435 3439 3437
3438 3439 3435
3438 3440 3439
3441 3442 3443
3441 3444 3442
3444 3445 3442
3444 3446 3445
3447 3444 3441
3447 3446 3444
3447 3441 3448
3447 3449 3446
3450 3451 3452
3450 3453 3451
3453 3454 3451
3453 3455 3454
3456 3457 3458
3456 3459 3457
3459 3460 3457
3459 3461 3460
3462 3461 3459
3463 3459 3456
3462 3459 3463
3463 3456 3464
3465 3463 3464
3466 3462 3463
3465 3466 3463
3466 3467 3462
3468 3466 3465
3469 3467 3466
3468 3469 3466
3469 3470 3467
3471 3469 3468
3472 3470 3469
3471 3472 3469
3472 3473 3470
3474 3472 3471
3475 3473 3472
3474 3475 3472
3475 3476 3473
3477 3475 3474
3478 3476 3475
3477 3478 3475
3478 3479 3476
3480 3478 3477
3481 3479 3478
3480 3481 3478
3482 3481 3480
3481 3483 3479
3482 3484 3481
3484 3483 3481
3484 3485 3483
3486 3487 3488
3486 3489 3487
3490 3489 3486
3489 3491 3487
3490 3492 3489
3489 3493 3491
3492 3493 3489
3492 3460 3493
3494 3495 3496
3494 3496 3497
3498 3494 3497
3497 3496 3499
3498 3497 3500
3497 3499 3501
3500 3497 3501
3500 3501 3502
3503 3504 3505
3503 3505 3506
3507 3503 3506
3506 3505 3508
3507 3506 3509
3506 3508 3510
3509 3506 3510
3509 3510 3511
3512 3513 3514
3512 3515 3513
3516 3515 3512
3515 3517 3513
3516 3518 3515
3515 3519 3517
3518 3519 3515
3518 3520 3519
3521 3522 3523
3521 3524 3522
3525 3524 3521
3524 3526 3522
3525 3527 3524
3524 3528 3526
3527 3528 3524
3527 3529 3528
3530 3531 3532
3530 3532 3533
3534 3530 3533
3534 3533 3535
3532 3536 3533
3536 3535 3533
3532 3537 3536
3536 3538 3535
3539 3540 3541
3539 3541 3542
3542 3543 3539
3542 3544 3543
3545 3544 3542
3545 3542 3546
3541 3546 3542
3541 3547 3546
3548 3549 3550
3548 3551 3549
3552 3551 3548
3552 3553 3551
3554 3551 3553
3554 3555 3551
3555 3549 3551
3555 3556 3549
3557 3558 3559
3557 3560 3558
3561 3560 3557
3560 3562 3558
3561 3563 3560
3560 3564 3562
3563 3564 3560
3563 3565 3564
3566 3567 3568
3566 3569 3567
3570 3569 3566
3571 3567 3569
3570 3572 3569
3571 3569 3573
3569 3572 3574
3569 3574 3573
3575 3576 3577
3575 3578 3576
3579 3578 3575
3578 3580 3576
3579 3581 3578
3578 3582 3580
3581 3582 3578
3581 3583 3582
3584 3585 3586
3584 3586 3587
3588 3584 3587
3588 3587 3589
3586 3590 3587
3590 3589 3587
3586 3591 3590
3590 3592 3589
3590 3591 3593
3592 3590 3594
3590 3593 3594
3592 3594 3595
3596 3594 3593
3597 3595 3594
3596 3597 3594
3597 3598 3595
3596 3599 3597
3599 3598 3597
3596 3600 3599
3599 3601 3598
3602 3603 3604
3602 3605 3603
3606 3605 3602
3606 3607 3605
3608 3605 3607
3608 3609 3605
3609 3603 3605
3609 3610 3603
3611 3612 3613
3611 3614 3612
3615 3614 3611
3615 3616 3614
3617 3618 3619
3617 3619 3620
3621 3617 3620
3621 3620 3622
3620 3619 3623
3622 3620 3624
3620 3623 3624
3622 3624 3625
3623 3626 3624
3626 3625 3624
3623 3627 3626
3626 3628 3625
3629 3630 3631
3629 3631 3632
3633 3629 3632
3633 3632 3634
3635 3636 3637
3635 3638 3636
3638 3635 3639
3638 3640 3636
3638 3639 3641
3638 3642 3640
3643 3638 3641
3643 3642 3638
3644 3645 3646
3644 3647 3645
3648 3647 3644
3647 3649 3645
3647 3650 3649
3648 3651 3647
3651 3650 3647
3651 3652 3650
3653 3651 3654
3653 3655 3651
3655 3656 3651
3657 3655 3653
3655 3658 3656
3657 3659 3655
3659 3658 3655
3660 3659 3657
3659 3661 3658
3660 3662 3659
3662 3661 3659
3663 3662 3660
3662 3664 3661
3663 3665 3662
3665 3664 3662
3666 3665 3663
3665 3667 3664
3666 3668 3665
3668 3667 3665
3668 3669 3667
3670 3671 3672
3670 3673 3671
3673 3674 3671
3673 3675 3674
3676 3677 3678
3676 3679 3677
3679 3680 3677
3681 3679 3676
3679 3682 3680
3681 3683 3679
3683 3682 3679
3684 3683 3681
3683 3685 3682
3684 3686 3683
3686 3685 3683
3686 3687 3685
3688 3689 3684
3688 3690 3689
3690 3691 3689
3690 3692 3691
3693 3694 3695
3693 3696 3694
3697 3696 3693
3696 3698 3694
3697 3699 3696
3696 3700 3698
3699 3700 3696
3699 3701 3700
3702 3703 3704
3702 3705 3703
3706 3705 3702
3707 3703 3705
3706 3708 3705
3707 3705 3709
3705 3708 3710
3705 3710 3709
3711 3712 3713
3711 3714 3712
3714 3711 3715
3716 3712 3714
3714 3715 3717
3716 3714 3718
3719 3714 3717
3719 3718 3714
3720 3721 3722
3720 3722 3723
3724 3720 3723
3723 3722 3725
3724 3723 3726
3723 3725 3727
3726 3723 3727
3726 3727 3728
3729 3730 3731
3729 3731 3732
3733 3729 3732
3732 3731 3734
3733 3732 3735
3732 3734 3736
3735 3732 3736
3735 3736 3737
3738 3739 3740
3738 3740 3741
3742 3738 3741
3743 3741 3740
3742 3741 3744
3743 3745 3741
3745 3744 3741
3745 3746 3744
3747 3748 3749
3747 3749 3750
3751 3747 3750
3751 3750 3752
3753 3751 3752
3753 3752 3754
3755 3753 3754
3755 3754 3756
3757 3755 3756
3757 3756 3758
3759 3757 3758
3759 3758 3760
3761 3759 3760
3761 3760 3762
3763 3761 3762
3763 3762 3764
3765 3763 3764
3765 3764 3766
3767 3765 3766
3767 3766 3768
3769 3770 3771
3772 3770 3769
3772 3773 3770
3774 3773 3772
3774 3775 3773
3776 3775 3774
3776 3777 3775
3778 3777 3776
3778 3779 3777
3780 3779 3778
3780 3781 3779
3782 3781 3780
3782 3783 3781
3784 3783 3782
3784 3785 3783
3786 3785 3784
3786 3787 3785
3788 3787 3786
3788 3789 3787
3790 3789 3788
3790 3788 3791
3792 3793 3794
3792 3795 3793
3795 3796 3793
3795 3797 3796
3797 3798 3796
3797 3799 3798
3799 3800 3798
3799 3801 3800
3801 3802 3800
3801 3803 3802
3803 3804 3802
3803 3805 3804
3805 3806 3804
3805 3807 3806
3807 3808 3806
3807 3809 3808
3809 3810 3808
3809 3811 3810
3811 3812 3810
3811 3813 3812
3814 3815 3816
3817 3814 3816
3817 3816 3818
3819 3817 3818
3819 3818 3820
3821 3819 3820
3821 3820 3822
3823 3821 3822
3823 3822 3824
3825 3823 3824
3825 3824 3826
3827 3825 3826
3827 3826 3828
3829 3827 3828
3829 3828 3830
3831 3829 3830
3831 3830 3832
3833 3831 3832
3833 3832 3834
3835 3833 3834
3835 3834 3836
3837 3838 3839
3837 3839 3840
3841 3842 3843
3841 3844 3842
3845 3844 3841
3845 3846 3844
3847 3846 3845
3847 3845 3848
3849 3847 3848
3849 3850 3847
3851 3850 3849
3851 3849 3852
3853 3851 3852
3853 3854 3851
3854 3853 3855
3854 3855 3856
3855 3857 3856
3855 3858 3857
3859 3857 3858
3859 3860 3857
3861 3860 3859
3861 3862 3860
3861 3863 3862
3864 3865 3866
3864 3867 3865
3865 3867 3868
3865 3868 3869
3869 3868 3870
3869 3870 3871
3870 3872 3871
3870 3873 3872
3874 3875 3876
3874 3876 3877
3878 3879 3880
3878 3880 3881
3882 3883 3884
3882 3884 3885
3886 3887 3888
3886 3888 3889
3890 3891 3892
3890 3892 3893
3894 3895 3896
3894 3896 3897
3898 3899 3900
3898 3900 3901
3902 3903 3904
3902 3904 3905
3906 3907 3908
3906 3908 3909
3910 3911 3912
3910 3912 3913
3914 3915 3916
3914 3916 3917
3918 3919 3920
3918 3920 3921
3922 3923 3924
3922 3925 3923
3926 3925 3922
3926 3927 3925
3928 3927 3926
3928 3929 3927
3930 3929 3928
3930 3931 3929
3932 3931 3930
3932 3933 3931
3934 3933 3932
3934 3935 3933
3936 3935 3934
3936 3937 3935
3938 3937 3936
3938 3939 3937
3940 3939 3938
3940 3941 3939
3942 3941 3940
3942 3943 3941
3944 3943 3942
3944 3945 3943
3946 3945 3944
3946 3947 3945
3948 3949 3950
3948 3950 3951
3952 3948 3951
3952 3951 3953
3954 3952 3953
3954 3953 3955
3956 3954 3955
3956 3955 3957
3958 3956 3957
3958 3957 3959
3960 3958 3959
3960 3959 3961
3962 3963 3964
3962 3965 3963
3965 3966 3963
3965 3967 3966
3967 3968 3966
3967 3969 3968
3969 3970 3968
3969 3971 3970
3971 3972 3970
3971 3973 3972
3973 3974 3972
3973 3975 3974
3976 3977 3978
3976 3979 3977
3979 3980 3977
3979 3981 3980
3981 3982 3980
3981 3983 3982
3983 3984 3982
3983 3985 3984
3985 3986 3984
3985 3987 3986
3987 3988 3986
3987 3989 3988
3990 3991 3992
3990 3992 3993
3994 3990 3993
3994 3993 3995
3996 3994 3995
3996 3995 3997
3998 3996 3997
3998 3997 3999
4000 3998 3999
4000 3999 4001
4002 4000 4001
4002 4001 4003
4004 4005 4006
4004 4006 4007
4008 4009 4010
4008 4010 4011
4012 4013 4014
4012 4014 4015
4016 4017 4018
4016 4018 4019
4020 4021 4022
4020 4022 4023
4024 4025 4026
4024 4026 4027
4028 4029 4030
4028 4030 4031
4032 4033 4034
4032 4034 4035
4036 4037 4038
4036 4038 4039
4040 4041 4042
4040 4042 4043
4044 4045 4046
4044 4046 4047
4048 4049 4050
4048 4050 4051
4052 4053 4054
4052 4055 4053
4056 4055 4052
4056 4057 4055
4058 4057 4056
4058 4059 4057
4060 4059 4058
4060 4061 4059
4062 4061 4060
4062 4063 4061
4064 4063 4062
4064 4065 4063
4066 4065 4064
4066 4067 4065
4068 4067 4066
4068 4069 4067
4070 4069 4068
4070 4071 4069
4072 4071 4070
4072 4073 4071
4074 4073 4072
4074 4075 4073
4076 4075 4074
4076 4077 4075
4078 4079 4080
4078 4081 4079
4081 4082 4079
4081 4083 4082
4083 4084 4082
4083 4085 4084
4085 4086 4084
4085 4087 4086
4087 4088 4086
4087 4089 4088
4089 4090 4088
4089 4091 4090
4092 4093 4094
4092 4095 4093
4095 4096 4093
4095 4097 4096
4097 4098 4096
4097 4099 4098
4099 4100 4098
4099 4101 4100
4101 4102 4100
4101 4103 4102
4103 4104 4102
4103 4105 4104
4106 4092 4107
4106 4107 4108
4109 4106 4108
4109 4108 4110
4111 4109 4110
4111 4110 4112
4113 4111 4112
4113 4112 4114
4115 4113 4114
4115 4114 4116
4117 4116 4104
4117 4115 4116
4118 4119 4120
4118 4120 4121
4122 4118 4121
4122 4121 4123
4124 4122 4123
4124 4123 4125
4126 4124 4125
4126 4125 4127
4128 4126 4127
4128 4127 4129
4130 4128 4129
4130 4129 4131
4132 4133 4134
4132 4134 4135
4135 4134 4136
4135 4136 4137
4138 4135 4137
4139 4132 4135
4138 4139 4135
4139 4140 4132
4141 4140 4139
4142 4139 4138
4141 4139 4142
4142 4138 4143
4144 4141 4142
4144 4142 4143
4145 4146 4147
4145 4148 4146
4148 4149 4146
4148 4150 4149
4149 4150 4151
4149 4151 4152
4152 4151 4153
4152 4153 4154
4150 4155 4151
4153 4151 4155
4156 4154 4153
4156 4153 4157
4156 4158 4154
4156 4159 4158
4158 4159 4160
4161 4160 4159
4156 4162 4159
4156 4157 4162
4161 4159 4163
4162 4163 4159
4164 4161 4163
4153 4155 4165
4153 4165 4157
4166 4155 4150
4165 4155 4167
4155 4166 4167
4150 4168 4166
4150 4148 4168
4148 4169 4168
4148 4145 4169
4169 4170 4168
4166 4168 4170
4169 4171 4170
4167 4166 4172
4166 4170 4172
4173 4170 4171
4173 4171 4174
4170 4175 4172
4175 4167 4172
4170 4173 4175
4173 4176 4175
4174 4177 4173
4173 4177 4176
4174 4178 4177
4179 4177 4178
4179 4176 4177
4179 4178 4180
4181 4179 4180
4182 4179 4181
4183 4179 4182
4183 4176 4179
4184 4183 4182
4176 4183 4184
4184 4182 4185
4185 4186 4184
4185 4187 4186
4187 4188 4186
4188 4187 4189
4189 4190 4188
4191 4188 4190
4191 4190 4192
4176 4184 4193
4184 4186 4194
4184 4194 4193
4195 4176 4193
4195 4193 4194
4195 4175 4176
4188 4196 4186
4186 4196 4194
4188 4191 4197
4196 4188 4197
4195 4194 4198
4194 4196 4198
4196 4199 4198
4195 4200 4175
4175 4200 4167
4195 4198 4201
4195 4201 4200
4199 4201 4198
4202 4167 4200
4202 4200 4201
4165 4167 4202
4201 4165 4202
4201 4203 4165
4199 4203 4201
4165 4203 4157
4157 4203 4199
4196 4197 4204
4196 4204 4199
4199 4204 4205
4197 4205 4204
4157 4199 4206
4199 4205 4206
4207 4157 4206
4207 4162 4157
4206 4205 4208
4206 4208 4207
4197 4209 4205
4209 4197 4210
4210 4197 4191
4191 4211 4210
4205 4209 4212
4212 4209 4210
4205 4212 4208
4191 4213 4211
4191 4192 4213
4214 4213 4192
4214 4211 4213
4214 4192 4215
4211 4216 4210
4212 4210 4216
4214 4215 4217
4217 4215 4218
4207 4208 4219
4220 4208 4212
4220 4219 4208
4212 4216 4221
4212 4221 4220
4211 4222 4216
4222 4221 4216
4223 4222 4211
4211 4214 4224
4223 4211 4224
4222 4225 4221
4223 4225 4222
4223 4226 4225
4214 4227 4224
4217 4227 4214
4207 4219 4228
4162 4207 4228
4162 4228 4229
4229 4163 4162
4219 4230 4228
4230 4229 4228
4231 4163 4229
4230 4231 4229
4164 4163 4231
4219 4232 4230
4220 4232 4219
4233 4164 4231
4234 4164 4233
4233 4231 4235
4236 4235 4231
4236 4231 4230
4232 4236 4230
4232 4237 4236
4238 4237 4232
4238 4232 4239
4220 4239 4232
4238 4239 4240
4220 4241 4239
4240 4239 4241
4220 4221 4241
4240 4241 4242
4243 4241 4221
4243 4242 4241
4243 4244 4242
4243 4221 4245
4246 4244 4243
4245 4247 4243
4246 4243 4247
4248 4246 4247
4245 4226 4247
4248 4247 4249
4226 4249 4247
4249 4250 4248
4226 4251 4249
4251 4226 4223
4252 4250 4249
4250 4252 4253
4254 4249 4251
4254 4252 4249
4252 4255 4253
4253 4255 4256
4257 4252 4254
4257 4255 4252
4256 4255 4258
4259 4256 4258
4255 4260 4258
4255 4257 4260
4259 4258 4261
4261 4258 4260
4262 4259 4261
4261 4260 4263
4260 4264 4263
4260 4265 4264
4265 4260 4257
4265 4266 4264
4267 4266 4265
4265 4257 4268
4268 4257 4254
4267 4265 4268
4268 4254 4269
4269 4254 4251
4270 4266 4267
4270 4271 4266
4270 4272 4271
4270 4273 4272
4274 4272 4273
4275 4268 4269
4267 4268 4275
4269 4251 4276
4251 4223 4276
4277 4269 4276
4275 4269 4277
4278 4276 4223
4277 4276 4278
4278 4223 4224
4227 4278 4224
4227 4277 4278
4279 4275 4277
4227 4279 4277
4273 4270 4280
4270 4267 4280
4267 4275 4281
4279 4281 4275
4282 4279 4227
4282 4227 4217
4280 4267 4283
4267 4281 4283
4281 4284 4283
4284 4280 4283
4279 4285 4281
4279 4282 4285
4281 4285 4284
4286 4282 4217
4285 4282 4287
4282 4286 4287
4284 4285 4288
4287 4288 4285
4288 4287 4289
4289 4284 4288
4286 4217 4290
4217 4218 4290
4291 4290 4218
4286 4290 4291
4291 4218 4292
4293 4287 4286
4286 4291 4293
4289 4287 4293
4294 4291 4292
4294 4293 4291
4294 4292 4295
4294 4296 4293
4293 4296 4289
4295 4297 4294
4297 4296 4294
4298 4297 4295
4299 4297 4298
4297 4299 4300
4297 4300 4296
4300 4299 4301
4302 4300 4301
4303 4289 4296
4300 4303 4296
4302 4304 4300
4300 4304 4303
4304 4302 4305
4304 4305 4306
4306 4303 4304
4307 4306 4305
4303 4308 4289
4308 4284 4289
4306 4309 4303
4309 4308 4303
4310 4284 4308
4284 4310 4280
4311 4310 4308
4309 4311 4308
4312 4280 4310
4312 4310 4311
4309 4312 4311
4273 4280 4312
4309 4313 4312
4313 4309 4306
4313 4273 4312
4307 4314 4306
4313 4306 4314
4313 4315 4273
4315 4313 4314
4274 4273 4315
4316 4314 4307
4315 4314 4316
4316 4274 4315
4316 4307 4145
4316 4317 4274
4145 4317 4316
4145 4318 4317
4319 4320 4321
4319 4322 4320
4323 4322 4319
4322 4324 4320
4323 4325 4322
4324 4322 4325
4324 4325 4326
4327 4325 4323
4326 4328 4324
4327 4329 4325
4325 4329 4326
4327 4330 4329
4327 4331 4330
4332 4328 4326
4332 4333 4328
4334 4329 4330
4326 4329 4334
4331 4335 4330
4336 4334 4330
4336 4330 4335
4337 4335 4331
4337 4336 4335
4337 4331 4338
4337 4338 4339
4326 4334 4340
4340 4334 4336
4337 4341 4336
4337 4339 4341
4341 4342 4336
4340 4336 4342
4343 4341 4339
4341 4343 4342
4343 4339 4344
4344 4345 4343
4345 4342 4343
4340 4342 4345
4340 4345 4346
4326 4340 4346
4326 4346 4332
4346 4347 4332
4348 4347 4346
4347 4349 4332
4350 4349 4347
4351 4347 4348
4350 4347 4351
4348 4352 4351
4350 4351 4352
4353 4352 4348
4352 4353 4354
4352 4354 4355
4350 4352 4355
4355 4354 4356
4355 4356 4357
4357 4350 4355
4356 4358 4357
4357 4359 4350
4357 4358 4359
4360 4350 4359
4360 4359 4358
4360 4349 4350
4360 4361 4349
4360 4358 4362
4361 4360 4362
4349 4361 4363
4349 4363 4332
4332 4363 4333
4333 4363 4361
4364 4361 4362
4365 4364 4362
4333 4361 4366
4333 4366 4367
4366 4368 4367
4361 4364 4369
4369 4366 4361
4364 4370 4369
4365 4371 4364
4370 4364 4371
4370 4371 4372
4365 4373 4371
4372 4371 4373
4374 4373 4365
4373 4374 4375
4373 4375 4376
4372 4373 4376
4376 4375 4377
4376 4377 4378
4372 4376 4378
4379 4378 4377
4380 4366 4369
4369 4370 4380
4379 4381 4378
4381 4372 4378
4382 4381 4379
4382 4372 4381
4382 4379 4383
4383 4384 4382
4382 4385 4372
4382 4384 4385
4370 4372 4385
4385 4384 4386
4370 4385 4387
4385 4386 4387
4388 4370 4387
4388 4380 4370
4389 4366 4380
4368 4366 4389
4390 4368 4389
4389 4391 4390
4368 4390 4392
4390 4393 4392
4394 4389 4380
4388 4394 4380
4389 4394 4391
4388 4391 4394
4395 4388 4387
4395 4387 4386
4388 4395 4391
4396 4395 4386
4395 4396 4391
4397 4396 4386
4397 4398 4396
4399 4398 4397
4391 4400 4390
4396 4401 4391
4391 4401 4400
4400 4401 4402
4396 4403 4401
4401 4403 4402
4403 4396 4404
4402 4403 4404
4396 4405 4404
4396 4398 4405
4402 4404 4405
4398 4406 4405
4398 4407 4406
4399 4407 4398
4408 4407 4399
4408 4406 4407
4409 4408 4399
4408 4409 4410
4408 4410 4411
4408 4411 4406
4411 4410 4412
4411 4412 4413
4406 4411 4413
4412 4414 4413
4414 4406 4413
4412 4415 4414
4414 4415 4416
4414 4416 4417
4417 4406 4414
4418 4417 4416
4417 4419 4406
4418 4419 4417
4405 4406 4419
4420 4419 4418
4405 4419 4420
4420 4418 4421
4402 4405 4420
4402 4420 4421
4402 4421 4422
4400 4402 4422
4400 4422 4423
4390 4400 4423
4422 4424 4423
4425 4424 4422
4423 4426 4390
4426 4423 4424
4393 4390 4426
4393 4426 4427
4393 4427 4428
4428 4427 4429
4428 4429 4430
4430 4429 4431
4432 4430 4431
4433 4432 4431
4433 4434 4432
4435 4433 4431
4429 4435 4431
4436 4433 4435
4436 4435 4437
4437 4435 4429
4437 4438 4436
4437 4429 4439
4439 4429 4427
4437 4439 4440
4440 4438 4437
4427 4440 4439
4426 4441 4427
4440 4427 4441
4442 4438 4440
4442 4443 4438
4426 4444 4441
4426 4424 4444
4445 4440 4441
4445 4441 4444
4445 4442 4440
4446 4443 4442
4446 4447 4443
4448 4444 4424
4445 4444 4448
4449 4442 4445
4449 4446 4442
4449 4445 4448
4450 4447 4446
4450 4451 4447
4448 4424 4452
4424 4425 4452
4453 4448 4452
4449 4448 4453
4449 4453 4454
4446 4449 4455
4446 4455 4450
4449 4454 4455
4425 4456 4452
4453 4452 4456
4456 4454 4453
4456 4425 4457
4458 4456 4457
4456 4458 4454
4458 4457 4459
4458 4459 4460
4454 4458 4461
4454 4461 4462
4455 4454 4463
4454 4462 4463
4455 4464 4450
4455 4463 4465
4455 4465 4464
4466 4450 4464
4466 4451 4450
4467 4451 4466
4468 4466 4464
4467 4466 4468
4468 4464 4465
4469 4467 4468
4468 4470 4469
4465 4471 4468
4465 4463 4471
4468 4471 4470
4472 4471 4463
4470 4471 4472
4472 4463 4462
4470 4472 4473
4474 4473 4472
4462 4475 4472
4474 4472 4475
4462 4476 4475
4459 4474 4475
4476 4459 4475
4477 4478 4479
4477 4480 4478
4477 4481 4480
4482 4481 4477
4483 4481 4482
4478 4480 4484
4485 4481 4483
4486 4484 4480
4486 4480 4481
4487 4481 4485
4485 4488 4487
4489 4481 4487
4489 4486 4481
4490 4486 4489
4491 4484 4486
4490 4491 4486
4491 4492 4484
4493 4491 4490
4494 4492 4491
4493 4494 4491
4494 4495 4492
4496 4495 4494
4497 4494 4493
4496 4494 4497
4497 4493 4498
4499 4496 4497
4500 4497 4498
4499 4497 4500
4500 4498 4501
4502 4499 4500
4503 4500 4501
4502 4500 4503
4503 4501 4504
4505 4502 4503
4506 4503 4504
4505 4503 4507
4507 4503 4506
4505 4507 4508
4508 4507 4506
4509 4510 4511
4509 4512 4510
4512 4513 4510
4512 4514 4513
4515 4514 4512
4516 4512 4509
4515 4512 4516
4516 4509 4517
4518 4516 4517
4519 4515 4516
4518 4519 4516
4519 4520 4515
4521 4519 4518
4521 4520 4519
4522 4523 4524
4522 4524 4525
4526 4527 4528
4526 4528 4529
4530 4531 4532
4530 4532 4533
4534 4535 4536
4534 4536 4537
4538 4539 4540
4538 4540 4541
4542 4543 4544
4542 4544 4545
4546 4547 4548
4546 4549 4547
4549 4550 4547
4546 4551 4549
4546 4552 4551
4552 4553 4551
4552 4554 4553
4549 4551 4555
4549 4555 4550
4551 4553 4555
4554 4556 4553
4557 4553 4556
4554 4558 4556
4558 4559 4556
4559 4560 4556
4560 4557 4556
4559 4561 4560
4559 4562 4561
4560 4561 4563
4560 4563 4557
4555 4564 4550
4564 4565 4550
4557 4563 4566
4563 4567 4566
4564 4568 4565
4568 4569 4565
4568 4570 4569
4566 4567 4571
4567 4572 4571
4571 4572 4573
4568 4574 4570
4574 4575 4570
4571 4573 4576
4576 4573 4577
4574 4578 4575
4579 4575 4578
4579 4578 4580
4580 4581 4579
4582 4578 4574
4582 4580 4578
4568 4583 4574
4582 4574 4583
4584 4582 4583
4568 4585 4583
4564 4585 4568
4576 4577 4586
4587 4586 4577
4587 4588 4586
4588 4587 4589
4576 4586 4590
4588 4590 4586
4582 4591 4580
4584 4591 4582
4584 4583 4592
4585 4592 4583
4564 4593 4585
4555 4593 4564
4576 4590 4594
4594 4590 4584
4594 4584 4592
4571 4576 4594
4571 4594 4595
4595 4594 4592
4566 4571 4595
4585 4596 4592
4595 4592 4596
4593 4596 4585
4566 4595 4597
4597 4595 4596
4557 4566 4597
4555 4598 4593
4553 4598 4555
4593 4599 4596
4597 4596 4599
4598 4599 4593
4553 4600 4598
4557 4600 4553
4598 4600 4599
4601 4597 4599
4557 4597 4601
4601 4599 4600
4557 4601 4600
4602 4603 4604
4602 4604 4605
4605 4606 4602
4604 4607 4605
4605 4608 4606
4608 4609 4606
4608 4610 4609
4610 4611 4609
4610 4612 4611
4610 4613 4612
4608 4614 4610
4610 4614 4613
4605 4615 4608
4608 4615 4614
4614 4616 4613
4615 4616 4614
4616 4617 4613
4616 4618 4617
4616 4619 4618
4620 4619 4616
4615 4620 4616
4620 4621 4619
4605 4622 4615
4622 4620 4615
4607 4622 4605
4623 4621 4620
4622 4623 4620
4607 4623 4622
4623 4624 4621
4625 4623 4607
4624 4623 4625
4624 4625 4626
4627 4628 4629
4627 4630 4628
4627 4631 4630
4630 4632 4628
4632 4633 4628
4632 4634 4633
4634 4635 4633
4634 4636 4635
4634 4637 4636
4637 4638 4636
4637 4639 4638
4637 4640 4639
4634 4641 4637
4637 4641 4640
4632 4642 4634
4634 4642 4641
4630 4643 4632
4632 4643 4642
4631 4644 4630
4630 4644 4643
4645 4644 4631
4645 4643 4644
4646 4645 4631
4647 4640 4641
4647 4648 4640
4647 4649 4648
4647 4650 4649
4651 4647 4641
4651 4650 4647
4651 4641 4642
4651 4652 4650
4653 4652 4651
4654 4642 4643
4654 4651 4642
4654 4653 4651
4645 4654 4643
4655 4653 4654
4645 4655 4654
4646 4655 4645
4646 4656 4655
4657 4658 4659
4657 4660 4658
4657 4661 4660
4661 4657 4662
4662 4657 4663
4663 4657 4664
4657 4665 4664
4657 4666 4665
4657 4667 4666
4657 4668 4667
4657 4669 4668
4657 4670 4669
4657 4671 4670
4671 4657 4672
4657 4673 4672
4674 4675 4676
4674 4676 4677
4678 4674 4677
4677 4676 4679
4680 4679 4676
4678 4677 4681
4681 4677 4679
4681 4682 4678
4681 4679 4683
4679 4684 4683
4684 4685 4683
4683 4685 4686
4687 4683 4686
4687 4688 4683
4688 4681 4683
4689 4688 4687
4688 4689 4690
4681 4691 4682
4688 4691 4681
4688 4690 4691
4691 4692 4682
4691 4690 4692
4693 4694 4695
4696 4694 4693
4697 4694 4696
4698 4694 4697
4699 4694 4698
4700 4694 4699
4701 4694 4700
4702 4694 4701
4703 4694 4702
4704 4694 4703
4705 4694 4704
4706 4694 4705
4707 4694 4706
4694 4707 4708
4709 4710 4711
4711 4710 4712
4711 4712 4713
4712 4714 4713
4714 4712 4715
4714 4715 4716
4714 4716 4717
4718 4717 4716
4712 4719 4715
4712 4720 4719
4720 4721 4719
4721 4720 4722
4723 4719 4721
4719 4723 4724
4719 4724 4715
4725 4724 4723
4715 4724 4726
4725 4726 4724
4715 4726 4716
4727 4726 4725
4727 4728 4726
4728 4727 4729
4726 4728 4730
4726 4730 4716
4728 4729 4731
4730 4728 4731
4731 4729 4732
4731 4732 4733
4733 4732 4734
4730 4731 4735
4735 4731 4733
4730 4736 4716
4736 4730 4735
4733 4734 4737
4738 4737 4734
4735 4733 4739
4739 4733 4737
4716 4736 4740
4718 4716 4740
4718 4740 4741
4736 4741 4740
4741 4742 4718
4743 4742 4741
4743 4741 4736
4743 4744 4742
4736 4735 4745
4743 4736 4745
4745 4735 4739
4746 4744 4743
4746 4743 4745
4746 4747 4744
4745 4739 4748
4746 4745 4748
4749 4747 4746
4749 4746 4748
4749 4750 4747
4748 4739 4751
4739 4737 4751
4752 4750 4749
4752 4753 4750
4749 4748 4754
4748 4751 4754
4752 4749 4754
4755 4751 4737
4754 4751 4755
4756 4753 4752
4756 4757 4753
4752 4754 4758
4754 4755 4758
4756 4752 4758
4759 4755 4737
4738 4759 4737
4760 4759 4738
4758 4755 4761
4761 4755 4759
4760 4762 4759
4762 4761 4759
4763 4762 4760
4763 4764 4762
4764 4761 4762
4765 4764 4763
4758 4761 4766
4756 4758 4766
4767 4766 4761
4764 4767 4761
4767 4756 4766
4765 4768 4764
4768 4767 4764
4769 4768 4765
4767 4770 4756
4770 4757 4756
4770 4771 4757
4769 4772 4768
4773 4772 4769
4768 4774 4767
4770 4767 4774
4772 4774 4768
4775 4771 4770
4770 4774 4775
4775 4776 4771
4773 4777 4772
4778 4777 4773
4778 4779 4777
4772 4780 4774
4775 4774 4780
4777 4780 4772
4781 4776 4775
4775 4780 4781
4781 4782 4776
4779 4783 4777
4777 4783 4780
4781 4780 4783
4779 4784 4783
4785 4782 4781
4781 4783 4785
4784 4785 4783
4785 4786 4782
4784 4787 4785
4787 4786 4785
4787 4788 4786
4789 4790 4791
4789 4791 4792
4792 4793 4789
4794 4792 4791
4792 4795 4793
4796 4793 4795
4794 4797 4792
4797 4795 4792
4796 4795 4798
4799 4796 4798
4799 4798 4800
4801 4797 4794
4801 4794 4802
4797 4803 4795
4803 4798 4795
4801 4803 4797
4804 4800 4798
4803 4804 4798
4804 4805 4800
4806 4805 4804
4807 4804 4803
4806 4804 4807
4802 4808 4801
4802 4809 4808
4810 4808 4809
4801 4811 4803
4807 4803 4811
4812 4811 4801
4812 4801 4808
4812 4807 4811
4813 4806 4807
4812 4813 4807
4813 4814 4806
4810 4815 4808
4815 4812 4808
4816 4815 4810
4817 4813 4812
4815 4817 4812
4818 4814 4813
4817 4818 4813
4818 4819 4814
4816 4820 4815
4820 4817 4815
4821 4820 4816
4822 4818 4817
4820 4822 4817
4823 4819 4818
4822 4823 4818
4823 4824 4819
4821 4825 4820
4825 4822 4820
4825 4821 4826
4827 4823 4822
4825 4827 4822
4828 4824 4823
4827 4828 4823
4828 4829 4824
4825 4826 4830
4827 4825 4830
4830 4826 4831
4828 4827 4832
4827 4830 4832
4829 4828 4833
4828 4832 4833
4829 4833 4834
4830 4831 4835
4832 4830 4835
4835 4831 4836
4833 4832 4837
4832 4835 4837
4834 4833 4838
4833 4837 4838
4834 4838 4839
4835 4836 4840
4837 4835 4840
4840 4836 4841
4838 4837 4842
4837 4840 4842
4839 4838 4843
4838 4842 4843
4839 4843 4844
4840 4841 4845
4842 4840 4845
4845 4841 4846
4843 4842 4847
4842 4845 4847
4844 4843 4848
4843 4847 4848
4844 4848 4849
4845 4846 4850
4847 4845 4850
4850 4846 4851
4848 4847 4852
4847 4850 4852
4849 4848 4853
4848 4852 4853
4849 4853 4854
4850 4851 4855
4852 4850 4855
4853 4852 4856
4852 4855 4856
4854 4853 4857
4853 4856 4857
4854 4857 4858
4858 4857 4859
4856 4859 4857
4858 4859 4860
4856 4861 4859
4855 4861 4856
4855 4862 4861
4851 4862 4855
4851 4863 4862
4864 4865 4866
4864 4867 4865
4868 4867 4864
4867 4869 4865
4869 4870 4865
4871 4870 4869
4871 4872 4870
4873 4872 4871
4873 4871 4874
4871 4875 4874
4869 4876 4871
4871 4876 4875
4867 4877 4869
4869 4877 4876
4868 4878 4867
4867 4878 4877
4879 4878 4868
4879 4877 4878
4879 4868 4880
4881 4875 4876
4881 4882 4875
4883 4882 4881
4883 4881 4884
4881 4885 4884
4886 4876 4877
4886 4881 4876
4881 4886 4885
4879 4886 4877
4887 4885 4886
4879 4887 4886
4880 4887 4879
4880 4888 4887
4889 4890 4891
4889 4891 4892
4893 4892 4891
4893 4891 4894
4895 4889 4892
4896 4893 4894
4895 4892 4897
4893 4897 4892
4897 4898 4895
4896 4899 4893
4900 4899 4896
4900 4896 4901
4902 4899 4900
4902 4903 4899
4903 4893 4899
4903 4902 4904
4903 4905 4893
4893 4905 4897
4903 4904 4906
4905 4903 4906
4906 4904 4907
4904 4908 4907
4907 4908 4909
4907 4909 4910
4907 4910 4911
4905 4906 4912
4897 4905 4912
4912 4906 4907
4907 4911 4913
4912 4907 4913
4897 4912 4914
4914 4912 4913
4897 4914 4898
4911 4915 4913
4914 4913 4915
4914 4915 4898
4911 4916 4915
4915 4917 4898
4915 4916 4918
4915 4918 4917
4919 4920 4921
4922 4920 4919
4923 4922 4919
4924 4922 4923
4924 4925 4922
4926 4925 4924
4926 4927 4925
4928 4927 4926
4928 4929 4927
4930 4929 4928
4931 4929 4930
4932 4931 4930
4933 4931 4932
4933 4934 4931
4935 4934 4933
4936 4934 4935
4936 4937 4934
4938 4937 4936
4938 4939 4937
4940 4939 4938
4941 4939 4940
4941 4942 4939
4943 4942 4941
4943 4944 4942
4945 4944 4943
4945 4946 4944
4947 4946 4945
4947 4948 4946
4948 4947 4949
4950 4948 4949
4950 4951 4948
4952 4951 4950
4952 4953 4951
4954 4951 4953
4954 4953 4955
4956 4954 4955
4956 4957 4954
4958 4959 4960
4958 4961 4959
4961 4958 4962
4961 4962 4963
4963 4962 4964
4963 4964 4965
4965 4964 4966
4965 4966 4967
4968 4969 4970
4968 4970 4971
4972 4968 4971
4972 4971 4973
4973 4974 4972
4973 4975 4974
4976 4974 4975
4976 4975 4977
4978 4979 4980
4978 4980 4981
4982 4983 4984
4982 4984 4985
4986 4987 4988
4986 4988 4989
4990 4991 4992
4990 4992 4993
4994 4995 4996
4994 4996 4997
4998 4999 5000
4998 5000 5001
5002 5003 5004
5002 5004 5005
5006 5007 5008
5006 5008 5009
5010 5011 5012
5010 5012 5013
5014 5015 5016
5014 5016 5017
5018 5019 5020
5018 5020 5021
5022 5023 5018
5022 5024 5023
5025 5026 5027
5025 5027 5028
5029 5030 5031
5029 5031 5032
5033 5034 5035
5033 5035 5036
5037 5038 5039
5037 5039 5040
5041 5042 5043
5041 5043 5044
5045 5046 5047
5045 5047 5048
5049 5050 5051
5052 5051 5050
5053 5054 5055
5053 5055 5056
5057 5058 5059
5057 5059 5060
5061 5062 5063
5061 5063 5064
5065 5066 5067
5065 5067 5068
5069 5070 5071
5069 5071 5072
5073 5074 5075
5073 5075 5076
5077 5078 5079
5077 5079 5080
5081 5082 5083
5081 5083 5084
5085 5086 5087
5085 5087 5088
5089 5085 5088
5089 5088 5090
5091 5089 5090
5091 5092 5089
5093 5094 5095
5093 5095 5096
5097 5098 5099
5097 5099 5100
5101 5102 5103
5101 5103 5104
5105 5106 5107
5105 5107 5108
5109 5110 5111
5109 5111 5112
5113 5114 5115
5113 5115 5116
5117 5118 5119
5117 5119 5120
5121 5122 5123
5121 5123 5124
5125 5126 5127
5125 5127 5128
5129 5130 5131
5129 5131 5132
5133 5134 5135
5133 5135 5136
5137 5138 5139
5137 5139 5140
5141 5142 5143
5141 5143 5144
5145 5146 5147
5145 5147 5148
5149 5150 5151
5149 5151 5152
5153 5154 5155
5153 5155 5156
5157 5158 5159
5157 5159 5160
5161 5162 5163
5161 5163 5164
5165 5166 5167
5165 5167 5168
5169 5170 5171
5169 5171 5172
5173 5174 5175
5173 5175 5176
5177 5178 5179
5177 5179 5180
5181 5182 5183
5181 5183 5184
5185 5186 5187
5185 5187 5188
5189 5190 5191
5189 5191 5192
5193 5189 5192
5192 5191 5194
5193 5192 5195
5196 5193 5195
5192 5194 5197
5195 5192 5197
5197 5194 5198
5196 5195 5199
5200 5196 5199
5195 5197 5201
5199 5195 5201
5197 5198 5202
5201 5197 5202
5202 5198 5203
5200 5199 5204
5204 5205 5200
5199 5201 5206
5204 5199 5206
5201 5202 5207
5206 5201 5207
5202 5203 5208
5207 5202 5208
5203 5209 5208
5203 5210 5209
5209 5210 5211
5207 5208 5212
5212 5208 5209
5206 5207 5213
5213 5207 5212
5209 5211 5214
5214 5211 5215
5204 5206 5216
5216 5206 5213
5212 5209 5217
5217 5209 5214
5214 5215 5218
5218 5215 5219
5217 5214 5220
5220 5214 5218
5212 5217 5221
5221 5217 5220
5213 5212 5222
5212 5221 5222
5218 5219 5223
5224 5223 5219
5220 5218 5225
5225 5218 5223
5226 5213 5222
5216 5213 5226
5221 5227 5222
5226 5222 5227
5221 5228 5227
5221 5220 5229
5229 5220 5225
5228 5221 5229
5230 5226 5227
5230 5227 5228
5231 5216 5226
5230 5231 5226
5231 5232 5216
5204 5216 5232
5204 5232 5233
5204 5233 5205
5233 5234 5205
5233 5235 5234
5232 5235 5233
5236 5234 5235
5236 5235 5237
5236 5237 5238
5232 5239 5235
5235 5239 5237
5239 5232 5240
5232 5231 5240
5240 5237 5239
5231 5230 5241
5231 5241 5240
5242 5237 5240
5242 5240 5241
5243 5238 5237
5243 5237 5242
5241 5230 5244
5230 5228 5244
5238 5243 5245
5238 5245 5246
5246 5245 5247
5246 5247 5248
5248 5247 5249
5248 5249 5250
5249 5251 5250
5245 5252 5247
5249 5247 5252
5243 5253 5245
5245 5253 5252
5254 5243 5242
5243 5254 5253
5255 5253 5254
5254 5242 5256
5256 5255 5254
5256 5242 5241
5249 5257 5251
5257 5258 5251
5249 5252 5259
5257 5249 5259
5257 5260 5258
5260 5261 5258
5257 5259 5262
5260 5257 5262
5252 5263 5259
5263 5262 5259
5253 5264 5252
5252 5264 5263
5256 5241 5265
5241 5244 5265
5266 5265 5244
5228 5266 5244
5256 5265 5267
5266 5267 5265
5256 5267 5268
5256 5268 5255
5266 5269 5267
5269 5268 5267
5270 5266 5228
5266 5270 5269
5253 5271 5264
5255 5271 5253
5255 5268 5272
5269 5272 5268
5270 5228 5273
5228 5229 5273
5273 5229 5274
5229 5225 5274
5275 5270 5273
5273 5274 5275
5274 5225 5276
5225 5223 5276
5275 5274 5277
5274 5276 5277
5276 5223 5278
5224 5278 5223
5279 5278 5224
5279 5224 5280
5281 5279 5280
5276 5278 5282
5282 5278 5279
5276 5283 5277
5276 5282 5283
5275 5277 5284
5283 5284 5277
5281 5285 5279
5285 5281 5286
5282 5279 5287
5283 5282 5287
5279 5285 5288
5279 5288 5287
5285 5286 5289
5288 5285 5289
5289 5286 5290
5289 5290 5291
5291 5290 5292
5288 5289 5293
5293 5289 5291
5287 5288 5294
5294 5288 5293
5283 5287 5295
5287 5294 5295
5291 5292 5296
5296 5292 5297
5296 5297 5298
5293 5291 5299
5299 5291 5296
5300 5296 5298
5299 5296 5300
5300 5298 5301
5302 5283 5295
5283 5302 5284
5303 5293 5299
5294 5293 5303
5304 5300 5301
5304 5301 5305
5306 5299 5300
5303 5299 5306
5306 5300 5304
5294 5307 5295
5302 5295 5307
5308 5302 5307
5294 5309 5307
5309 5294 5303
5309 5308 5307
5310 5284 5302
5308 5310 5302
5311 5304 5305
5311 5305 5312
5313 5311 5312
5314 5306 5304
5314 5304 5311
5315 5303 5306
5309 5303 5315
5315 5306 5314
5310 5316 5284
5316 5275 5284
5313 5317 5311
5318 5317 5313
5319 5309 5315
5314 5319 5315
5311 5320 5314
5311 5317 5320
5314 5320 5319
5318 5321 5317
5321 5320 5317
5322 5321 5318
5319 5323 5309
5309 5323 5308
5320 5324 5319
5324 5323 5319
5321 5325 5320
5320 5325 5324
5322 5326 5321
5326 5325 5321
5324 5327 5323
5308 5323 5327
5325 5328 5324
5328 5327 5324
5322 5329 5326
5322 5330 5329
5326 5331 5325
5325 5331 5328
5330 5332 5329
5330 5333 5332
5334 5332 5333
5335 5326 5329
5335 5331 5326
5336 5329 5332
5336 5335 5329
5331 5337 5328
5335 5338 5331
5331 5338 5337
5339 5338 5335
5339 5335 5336
5337 5340 5328
5328 5340 5327
5341 5337 5338
5341 5338 5339
5337 5342 5340
5342 5337 5341
5334 5343 5332
5344 5336 5332
5344 5332 5343
5345 5339 5336
5345 5336 5344
5334 5346 5343
5334 5347 5346
5347 5348 5346
5349 5344 5343
5349 5343 5346
5348 5350 5346
5350 5349 5346
5348 5351 5350
5344 5349 5352
5344 5352 5345
5339 5345 5353
5339 5353 5341
5349 5350 5354
5349 5354 5352
5355 5345 5352
5355 5353 5345
5356 5352 5354
5356 5355 5352
5351 5357 5350
5350 5358 5354
5350 5357 5358
5359 5357 5351
5359 5351 5360
5361 5359 5360
5357 5359 5362
5357 5362 5358
5354 5358 5363
5354 5363 5356
5361 5364 5359
5364 5362 5359
5365 5363 5358
5365 5358 5362
5366 5364 5361
5366 5361 5367
5368 5366 5367
5367 5369 5368
5370 5368 5369
5371 5356 5363
5372 5363 5365
5372 5371 5363
5371 5373 5356
5373 5355 5356
5373 5374 5355
5374 5353 5355
5375 5373 5371
5375 5374 5373
5374 5376 5353
5376 5341 5353
5375 5377 5374
5377 5376 5374
5376 5378 5341
5342 5341 5378
5377 5379 5376
5378 5376 5379
5378 5380 5342
5380 5340 5342
5378 5379 5381
5378 5381 5380
5380 5382 5340
5327 5340 5382
5383 5380 5381
5379 5383 5381
5327 5382 5384
5308 5327 5384
5385 5382 5380
5383 5385 5380
5386 5308 5384
5386 5310 5308
5386 5316 5310
5384 5382 5387
5385 5387 5382
5384 5387 5386
5379 5388 5383
5385 5383 5389
5388 5389 5383
5387 5385 5390
5390 5385 5389
5391 5386 5387
5387 5390 5391
5386 5392 5316
5391 5392 5386
5393 5388 5379
5393 5379 5377
5392 5394 5316
5316 5394 5275
5275 5394 5270
5395 5270 5394
5392 5395 5394
5395 5269 5270
5396 5395 5392
5396 5269 5395
5396 5392 5391
5396 5272 5269
5397 5391 5390
5397 5396 5391
5398 5272 5396
5398 5396 5397
5255 5272 5398
5397 5390 5399
5399 5390 5389
5400 5255 5398
5400 5271 5255
5401 5398 5397
5397 5399 5401
5401 5400 5398
5402 5399 5389
5388 5402 5389
5271 5400 5403
5271 5403 5264
5401 5399 5404
5402 5404 5399
5405 5402 5388
5405 5404 5402
5405 5388 5393
5406 5400 5401
5406 5403 5400
5401 5404 5406
5407 5264 5403
5406 5407 5403
5407 5263 5264
5408 5406 5404
5406 5408 5407
5405 5409 5404
5408 5404 5409
5393 5410 5405
5409 5405 5410
5411 5263 5407
5411 5262 5263
5412 5407 5408
5411 5407 5412
5409 5413 5408
5412 5408 5413
5393 5414 5410
5414 5393 5377
5414 5377 5375
5415 5414 5375
5375 5371 5415
5411 5412 5416
5416 5412 5413
5413 5409 5417
5409 5410 5417
5413 5417 5418
5410 5418 5417
5416 5413 5418
5410 5414 5419
5415 5419 5414
5410 5419 5418
5371 5420 5415
5371 5372 5420
5415 5421 5419
5415 5420 5421
5419 5422 5418
5419 5421 5422
5418 5423 5416
5418 5422 5423
5424 5416 5423
5411 5416 5424
5425 5411 5424
5411 5425 5262
5425 5426 5262
5260 5262 5426
5426 5427 5260
5260 5427 5261
5428 5426 5425
5426 5428 5427
5429 5425 5424
5428 5425 5429
5430 5428 5429
5429 5424 5431
5424 5423 5431
5430 5429 5431
5422 5432 5423
5431 5423 5432
5433 5261 5427
5433 5434 5261
5427 5428 5435
5427 5435 5433
5430 5435 5428
5434 5433 5436
5436 5433 5435
5434 5436 5437
5436 5435 5438
5438 5435 5430
5437 5436 5439
5438 5439 5436
5437 5439 5440
5439 5441 5440
5439 5442 5441
5441 5442 5443
5438 5444 5439
5442 5439 5444
5438 5430 5445
5445 5444 5438
5442 5444 5446
5446 5443 5442
5445 5447 5444
5446 5444 5447
5430 5448 5445
5445 5449 5447
5445 5448 5449
5446 5447 5450
5450 5447 5449
5446 5451 5443
5451 5446 5450
5430 5452 5448
5430 5431 5452
5431 5432 5452
5452 5453 5448
5452 5432 5453
5448 5454 5449
5448 5453 5454
5454 5455 5449
5455 5450 5449
5443 5451 5456
5443 5456 5457
5457 5456 5458
5457 5458 5459
5458 5460 5459
5461 5456 5451
5461 5458 5456
5451 5450 5462
5461 5451 5462
5463 5462 5450
5463 5450 5455
5464 5455 5454
5453 5464 5454
5458 5465 5460
5465 5466 5460
5465 5467 5466
5465 5468 5467
5469 5465 5458
5465 5469 5468
5468 5469 5470
5468 5470 5471
5472 5471 5470
5469 5458 5473
5473 5470 5469
5461 5473 5458
5461 5474 5473
5473 5474 5470
5472 5470 5475
5476 5472 5475
5477 5475 5470
5477 5470 5474
5476 5475 5478
5478 5475 5477
5479 5476 5478
5461 5480 5474
5480 5461 5462
5480 5462 5463
5474 5480 5481
5474 5481 5477
5463 5481 5480
5479 5478 5482
5483 5479 5482
5478 5477 5484
5482 5478 5484
5485 5477 5481
5485 5484 5477
5463 5486 5481
5486 5485 5481
5483 5482 5487
5488 5483 5487
5482 5484 5489
5489 5484 5485
5487 5482 5489
5490 5486 5463
5490 5463 5455
5464 5490 5455
5486 5491 5485
5490 5491 5486
5489 5485 5492
5492 5485 5491
5487 5489 5493
5493 5489 5492
5488 5487 5494
5493 5494 5487
5495 5488 5494
5495 5496 5488
5497 5496 5495
5490 5498 5491
5498 5490 5464
5492 5491 5499
5499 5491 5498
5493 5500 5494
5495 5494 5500
5493 5492 5501
5499 5501 5492
5500 5493 5501
5497 5495 5502
5503 5497 5502
5503 5502 5504
5505 5504 5502
5495 5505 5502
5505 5506 5504
5507 5506 5505
5495 5500 5508
5495 5508 5505
5507 5505 5509
5509 5505 5508
5510 5507 5509
5500 5501 5511
5508 5500 5511
5510 5509 5512
5512 5370 5510
5509 5508 5513
5508 5511 5513
5511 5501 5514
5499 5514 5501
5512 5515 5370
5370 5515 5368
5509 5516 5512
5509 5513 5516
5516 5515 5512
5513 5511 5517
5513 5517 5516
5511 5514 5517
5516 5518 5515
5368 5515 5518
5517 5518 5516
5519 5514 5499
5499 5498 5519
5368 5518 5520
5520 5366 5368
5517 5521 5518
5521 5520 5518
5522 5517 5514
5522 5521 5517
5519 5522 5514
5520 5523 5366
5364 5366 5523
5521 5524 5520
5524 5521 5522
5523 5520 5524
5364 5523 5525
5364 5525 5362
5525 5523 5526
5523 5524 5526
5362 5525 5527
5525 5526 5527
5362 5527 5365
5524 5522 5528
5528 5522 5519
5524 5529 5526
5527 5526 5529
5524 5528 5529
5530 5365 5527
5527 5529 5530
5530 5372 5365
5528 5519 5531
5531 5529 5528
5532 5372 5530
5532 5420 5372
5533 5530 5529
5531 5533 5529
5533 5532 5530
5519 5534 5531
5519 5498 5534
5498 5464 5534
5531 5535 5533
5532 5533 5535
5531 5534 5535
5536 5420 5532
5532 5535 5536
5536 5421 5420
5534 5464 5537
5534 5537 5535
5536 5535 5537
5453 5537 5464
5538 5421 5536
5536 5537 5538
5538 5537 5453
5538 5422 5421
5538 5453 5432
5422 5538 5432
5539 5540 5541
5539 5541 5542
5543 5544 5545
5543 5545 5546
5547 5548 5549
5547 5549 5550
5550 5551 5547
5550 5552 5551
5553 5551 5552
5553 5552 5554
5553 5554 5555
5553 5555 5556
5557 5556 5555
5557 5558 5556
5559 5560 5561
5559 5561 5562
5563 5564 5565
5563 5566 5564
5566 5567 5564
5566 5568 5567
5567 5568 5569
5567 5569 5570
5570 5569 5571
5570 5571 5572
5571 5573 5572
5571 5574 5573
5575 5576 5577
5575 5577 5578
5579 5580 5581
5579 5581 5582
5583 5584 5585
5583 5585 5586
5587 5588 5589
5587 5590 5588
5591 5588 5590
5591 5590 5592
5591 5592 5593
5591 5593 5594
5595 5596 5597
5595 5597 5598
5595 5598 5599
5595 5599 5600
5601 5600 5599
5601 5602 5600
5603 5604 5605
5603 5605 5606
5607 5608 5609
5607 5609 5610
5611 5612 5613
5611 5613 5614
5615 5616 5614
5615 5614 5617
5618 5619 5620
5618 5620 5621
5622 5623 5624
5622 5624 5625
5624 5626 5625
5624 5627 5626
5628 5629 5630
5628 5630 5631
5632 5633 5634
5635 5633 5632
5636 5637 5638
5636 5638 5639
5640 5641 5642
5640 5642 5643
5644 5645 5646
5644 5646 5647
5648 5649 5650
5648 5650 5651
5652 5653 5654
5652 5654 5655
5656 5657 5658
5656 5659 5657
5656 5660 5659
5656 5661 5660
5660 5661 5662
5660 5662 5663
5664 5665 5666
5664 5666 5667
5668 5669 5670
5668 5671 5669
5668 5672 5671
5668 5673 5672
5672 5673 5674
5672 5674 5675
5676 5677 5678
5676 5678 5679
5680 5681 5682
5680 5682 5683
5684 5685 5686
5684 5686 5687
5688 5689 5690
5688 5690 5691
5692 5693 5694
5692 5695 5693
5695 5692 5696
5695 5696 5697
5698 5697 5696
5698 5699 5697
5698 5700 5699
5698 5701 5700
5702 5700 5701
5702 5701 5703
5704 5705 5706
5704 5706 5707
5708 5709 5710
5708 5710 5711
5711 5710 5712
5711 5712 5713
5712 5714 5713
5712 5715 5714
5715 5716 5714
5715 5717 5716
5716 5717 5718
5716 5718 5719
5720 5721 5722
5720 5722 5723
5724 5725 5726
5724 5726 5727
5728 5729 5730
5728 5730 5731
5732 5733 5734
5732 5734 5735
5736 5735 5734
5736 5737 5735
5736 5738 5737
5736 5739 5738
5740 5741 5742
5740 5743 5741
5740 5744 5743
5740 5745 5744
5746 5744 5745
5746 5745 5747
5748 5749 5750
5748 5750 5751
5752 5753 5754
5752 5754 5755
5756 5757 5758
5756 5759 5757
5760 5761 5759
5760 5759 5762
5763 5764 5765
5763 5765 5766
5767 5768 5769
5767 5770 5768
5768 5770 5771
5768 5771 5772
5773 5774 5775
5773 5775 5776
5777 5778 5779
5780 5777 5779
5781 5782 5783
5781 5783 5784
5785 5786 5787
5785 5787 5788
5789 5790 5791
5789 5791 5792
5793 5794 5795
5793 5795 5796
5797 5798 5799
5797 5799 5800
5801 5802 5803
5801 5803 5804
5801 5804 5805
5801 5805 5806
5805 5807 5806
5805 5808 5807
5809 5810 5811
5809 5811 5812
5813 5814 5815
5813 5815 5816
5813 5816 5817
5813 5817 5818
5817 5819 5818
5817 5820 5819
5821 5822 5823
5821 5823 5824
5825 5826 5827
5825 5827 5828
5829 5830 5831
5829 5832 5830
5833 5832 5829
5830 5832 5834
5834 5835 5830
5836 5835 5834
5833 5837 5832
5834 5832 5837
5837 5833 5838
5836 5834 5839
5840 5836 5839
5834 5837 5841
5841 5839 5834
5838 5842 5837
5838 5843 5842
5840 5839 5844
5845 5840 5844
5841 5846 5839
5844 5839 5846
5837 5847 5841
5837 5842 5847
5847 5846 5841
5843 5848 5842
5843 5849 5848
5850 5847 5842
5850 5842 5848
5848 5849 5851
5850 5848 5851
5849 5852 5851
5847 5853 5846
5853 5847 5850
5846 5854 5844
5854 5846 5853
5854 5853 5855
5856 5851 5852
5852 5857 5856
5853 5850 5858
5855 5853 5858
5851 5859 5850
5856 5859 5851
5859 5858 5850
5844 5854 5860
5845 5844 5860
5857 5861 5856
5857 5862 5861
5863 5854 5855
5854 5863 5860
5864 5845 5860
5864 5865 5845
5865 5864 5866
5867 5861 5862
5867 5862 5868
5867 5868 5869
5863 5870 5860
5860 5870 5864
5864 5871 5866
5871 5872 5866
5867 5869 5873
5873 5869 5874
5864 5870 5875
5864 5875 5871
5875 5870 5876
5871 5875 5876
5863 5877 5870
5870 5877 5876
5871 5878 5872
5876 5878 5871
5877 5863 5879
5863 5855 5879
5855 5880 5879
5881 5877 5879
5880 5881 5879
5872 5878 5882
5872 5882 5883
5884 5883 5882
5885 5876 5877
5885 5877 5881
5886 5885 5881
5880 5887 5881
5886 5881 5887
5884 5882 5888
5888 5889 5884
5888 5890 5889
5891 5889 5890
5891 5890 5892
5893 5888 5882
5893 5890 5888
5894 5892 5890
5893 5894 5890
5894 5895 5892
5896 5895 5894
5896 5897 5895
5887 5880 5898
5899 5898 5880
5886 5887 5898
5893 5882 5900
5900 5882 5878
5894 5893 5901
5894 5901 5896
5900 5878 5902
5878 5876 5902
5903 5893 5900
5903 5900 5902
5903 5901 5893
5876 5904 5902
5903 5902 5904
5901 5903 5905
5904 5905 5903
5906 5896 5901
5901 5905 5906
5905 5907 5906
5876 5908 5904
5876 5885 5908
5885 5886 5908
5908 5909 5904
5904 5909 5905
5886 5909 5908
5906 5910 5896
5897 5896 5910
5906 5911 5910
5897 5910 5911
5906 5907 5911
5897 5911 5912
5909 5913 5905
5905 5913 5907
5914 5909 5886
5909 5914 5913
5911 5915 5912
5915 5911 5907
5914 5886 5916
5886 5898 5916
5917 5913 5914
5917 5907 5913
5898 5918 5916
5898 5899 5918
5919 5914 5916
5917 5914 5919
5919 5916 5918
5918 5920 5919
5921 5917 5919
5921 5907 5917
5919 5920 5921
5912 5915 5922
5912 5922 5923
5915 5907 5924
5924 5907 5921
5925 5915 5924
5925 5924 5921
5925 5922 5915
5926 5923 5922
5926 5927 5923
5918 5928 5920
5899 5928 5918
5920 5928 5929
5930 5929 5928
5899 5930 5928
5925 5921 5931
5921 5920 5931
5922 5925 5932
5922 5932 5926
5925 5931 5933
5931 5920 5933
5925 5933 5932
5934 5927 5926
5934 5935 5927
5933 5920 5936
5920 5929 5936
5932 5933 5937
5933 5936 5937
5926 5932 5938
5932 5937 5938
5938 5934 5926
5939 5937 5936
5938 5937 5939
5940 5935 5934
5940 5941 5935
5940 5942 5941
5938 5943 5934
5938 5939 5943
5944 5940 5934
5944 5934 5943
5940 5945 5942
5945 5940 5944
5936 5929 5946
5939 5936 5946
5943 5939 5947
5943 5947 5944
5939 5946 5948
5939 5948 5947
5949 5942 5945
5949 5950 5942
5946 5929 5951
5946 5951 5948
5950 5949 5952
5950 5952 5953
5945 5944 5954
5955 5944 5947
5955 5954 5944
5956 5947 5948
5956 5955 5947
5957 5949 5945
5957 5945 5954
5958 5956 5948
5958 5948 5951
5954 5955 5959
5954 5959 5957
5956 5960 5955
5959 5955 5960
5958 5960 5956
5961 5949 5957
5961 5952 5949
5962 5952 5961
5959 5963 5957
5963 5961 5957
5963 5959 5960
5961 5963 5964
5964 5962 5961
5965 5963 5960
5964 5963 5965
5960 5958 5966
5966 5965 5960
5962 5967 5952
5953 5952 5967
5953 5967 5968
5962 5968 5967
5968 5969 5953
5968 5970 5969
5971 5969 5970
5970 5968 5972
5962 5972 5968
5971 5970 5973
5973 5970 5972
5973 5974 5971
5973 5975 5974
5976 5975 5973
5976 5973 5977
5973 5972 5977
5978 5976 5977
5978 5977 5979
5979 5980 5978
5972 5981 5977
5977 5981 5979
5979 5982 5980
5981 5982 5979
5982 5983 5980
5972 5984 5981
5984 5982 5981
5984 5972 5962
5982 5985 5983
5985 5986 5983
5962 5987 5984
5964 5987 5962
5984 5988 5982
5988 5984 5987
5985 5982 5988
5985 5989 5986
5990 5986 5989
5964 5991 5987
5988 5987 5991
5985 5988 5992
5992 5989 5985
5991 5992 5988
5964 5993 5991
5964 5965 5993
5991 5994 5992
5993 5994 5991
5995 5993 5965
5993 5995 5994
5995 5965 5966
5992 5996 5989
5996 5992 5994
5990 5989 5997
5997 5989 5996
5998 5994 5995
5966 5998 5995
5996 5994 5999
5998 5999 5994
5990 5997 6000
5990 6000 6001
6002 6001 6000
5997 5996 6003
6003 5996 5999
6002 6000 6004
6004 6005 6002
5997 6006 6000
5997 6003 6006
6004 6007 6005
6008 6005 6007
6000 6009 6004
6000 6006 6009
6009 6007 6004
6008 6007 6010
6010 6011 6008
6010 6012 6011
6012 6010 6013
6007 6013 6010
6012 6013 6014
6015 6014 6013
6016 6013 6007
6009 6016 6007
6017 6015 6013
6016 6017 6013
6018 6015 6017
6019 6016 6009
6016 6019 6017
6020 6017 6019
6018 6017 6021
6017 6020 6021
6018 6021 6022
6019 6009 6023
6023 6020 6019
6006 6023 6009
6022 6021 6024
6021 6020 6024
6006 6025 6023
6003 6025 6006
6022 6024 6026
6022 6026 6027
6026 6028 6027
6026 6029 6028
6024 6029 6026
6028 6029 6030
6028 6030 6031
6032 6031 6030
6024 6033 6029
6030 6029 6033
6032 6030 6034
6035 6032 6034
6036 6023 6025
6023 6036 6020
6024 6020 6037
6037 6033 6024
6030 6033 6038
6030 6038 6034
6035 6034 6039
5874 6035 6039
6020 6040 6037
6020 6036 6040
6041 6040 6036
6033 6037 6042
6042 6037 6040
6042 6038 6033
6042 6040 6041
6036 6025 6043
6043 6041 6036
6034 6038 6044
6044 6039 6034
6042 6045 6038
6042 6041 6045
6038 6045 6044
6044 6045 6046
6047 6039 6044
6047 6044 6046
6047 6048 6039
5874 6039 6048
5873 5874 6048
6049 6048 6047
6049 5873 6048
6049 6047 6046
5867 5873 6049
5867 6049 6050
5867 6050 5861
6051 5861 6050
6049 6052 6050
6046 6052 6049
6052 6051 6050
6045 6041 6053
6046 6045 6053
6041 6054 6053
6054 6046 6053
6052 6046 6055
6054 6055 6046
6056 6052 6055
6056 6051 6052
6054 6056 6055
6051 6057 5861
5861 6057 5856
5856 6057 6058
6051 6058 6057
5856 6058 5859
6058 6059 5859
5859 6059 5858
6060 6058 6051
6058 6060 6059
6061 6054 6041
6043 6061 6041
6051 6056 6062
6060 6051 6062
6063 5858 6059
6064 6059 6060
6063 6059 6064
6062 6065 6060
6064 6060 6065
6066 6062 6056
6062 6066 6065
6067 6056 6054
6066 6056 6067
6061 6068 6054
6067 6054 6068
5858 6063 6069
5855 5858 6069
6069 6070 5855
6069 6063 6070
6070 5880 5855
6063 6071 6070
6071 5880 6070
6064 6071 6063
5880 6071 5899
6064 6072 6071
6072 5899 6071
6065 6072 6064
5899 6072 6073
6065 6073 6072
6073 6065 6066
5899 6073 5930
6073 6066 6074
6074 5930 6073
6074 6066 6067
6074 6075 5930
5930 6075 5929
6074 6076 6075
6075 6076 5929
6074 6067 6077
6074 6077 6076
6078 5929 6076
6078 5951 5929
6079 6077 6067
6079 6067 6068
6077 6080 6076
6078 6076 6080
6079 6080 6077
5951 6078 6081
5958 5951 6081
5958 6081 6082
6078 6082 6081
5966 5958 6082
6078 6080 6083
6078 6083 6082
6079 6083 6080
6082 6084 5966
6082 6083 6084
6084 6083 6079
5966 6084 5998
6085 6079 6068
6084 6079 6085
6085 6068 6061
6086 5998 6084
6086 6084 6085
6086 6085 6061
5999 5998 6086
6086 6061 6043
5999 6086 6087
6043 6087 6086
6003 5999 6087
6043 6025 6087
6003 6087 6025
6088 6089 6090
6088 6090 6091
6091 6090 6092
6093 6088 6091
6091 6092 6094
6094 6092 6095
6093 6091 6096
6094 6096 6091
6094 6095 6097
6098 6097 6095
6093 6096 6099
6093 6099 6100
6094 6101 6096
6097 6101 6094
6101 6099 6096
6098 6102 6097
6103 6102 6098
6097 6104 6101
6102 6104 6097
6103 6105 6102
6106 6105 6103
6107 6100 6099
6107 6108 6100
6101 6109 6099
6104 6109 6101
6102 6110 6104
6105 6110 6102
6107 6099 6111
6099 6109 6111
6108 6107 6112
6108 6112 6113
6114 6107 6111
6109 6114 6111
6114 6112 6107
6104 6115 6109
6110 6115 6104
6113 6112 6116
6113 6116 6117
6118 6117 6116
6118 6119 6117
6118 6120 6119
6121 6116 6112
6121 6112 6114
6118 6116 6121
6109 6122 6114
6122 6121 6114
6115 6122 6109
6118 6123 6120
6123 6124 6120
6118 6121 6125
6122 6125 6121
6118 6126 6123
6118 6125 6126
6123 6127 6124
6123 6126 6127
6125 6128 6126
6128 6127 6126
6122 6129 6125
6125 6129 6128
6115 6130 6122
6130 6129 6122
6124 6127 6131
6124 6131 6132
6128 6129 6133
6130 6133 6129
6134 6130 6115
6110 6134 6115
6128 6135 6127
6135 6131 6127
6136 6132 6131
6136 6137 6132
6136 6138 6137
6139 6133 6130
6134 6139 6130
6128 6133 6140
6140 6135 6128
6135 6141 6131
6141 6136 6131
6136 6142 6138
6143 6138 6142
6139 6144 6133
6144 6140 6133
6140 6145 6135
6145 6141 6135
6141 6146 6136
6142 6136 6146
6144 6147 6140
6147 6145 6140
6145 6148 6141
6148 6146 6141
6147 6149 6145
6149 6148 6145
6143 6142 6150
6142 6146 6151
6150 6142 6151
6148 6152 6146
6151 6146 6152
6143 6150 6153
6143 6153 6154
6153 6150 6155
6150 6151 6155
6153 6155 6156
6155 6151 6157
6151 6152 6157
6156 6155 6158
6155 6157 6158
6156 6158 6159
6160 6152 6148
6149 6160 6148
6161 6157 6152
6160 6161 6152
6162 6159 6158
6162 6163 6159
6164 6158 6157
6164 6162 6158
6161 6164 6157
6165 6163 6162
6165 6162 6164
6165 6166 6163
6167 6160 6149
6161 6160 6167
6168 6164 6161
6161 6167 6168
6165 6164 6169
6168 6169 6164
6166 6165 6170
6169 6170 6165
6166 6170 6171
6172 6169 6168
6169 6172 6170
6171 6170 6173
6171 6173 6174
6167 6149 6175
6175 6149 6147
6167 6176 6168
6172 6168 6176
6170 6172 6177
6170 6177 6173
6178 6174 6173
6178 6179 6174
6180 6179 6178
6180 6178 6181
6178 6182 6181
6183 6178 6173
6178 6183 6182
6183 6173 6177
6184 6182 6183
6185 6177 6172
6185 6183 6177
6185 6172 6176
6167 6186 6176
6175 6186 6167
6184 6183 6187
6185 6187 6183
6188 6184 6187
6188 6187 6185
6188 6189 6184
6176 6190 6185
6188 6185 6190
6176 6186 6190
6191 6189 6188
6190 6191 6188
6191 6192 6189
6186 6193 6190
6190 6193 6191
6175 6194 6186
6186 6194 6193
6195 6192 6191
6195 6196 6192
6195 6197 6196
6194 6175 6198
6175 6147 6198
6144 6198 6147
6199 6191 6193
6199 6195 6191
6200 6193 6194
6194 6198 6200
6200 6199 6193
6144 6201 6198
6201 6200 6198
6139 6201 6144
6197 6195 6202
6197 6202 6203
6204 6195 6199
6204 6202 6195
6199 6200 6205
6201 6205 6200
6199 6205 6204
6139 6206 6201
6206 6205 6201
6206 6139 6134
6203 6202 6207
6203 6207 6208
6209 6202 6204
6209 6207 6202
6204 6205 6210
6206 6210 6205
6204 6210 6209
6206 6134 6211
6211 6210 6206
6211 6134 6110
6208 6207 6212
6208 6212 6213
6214 6213 6212
6215 6207 6209
6215 6212 6207
6216 6209 6210
6211 6216 6210
6216 6215 6209
6211 6110 6217
6216 6211 6217
6105 6217 6110
6214 6212 6218
6215 6218 6212
6219 6215 6216
6216 6217 6219
6220 6217 6105
6220 6219 6217
6106 6220 6105
6221 6214 6218
6221 6222 6214
6215 6223 6218
6219 6223 6215
6223 6221 6218
6224 6223 6219
6224 6219 6220
6223 6224 6221
6225 6220 6106
6225 6224 6220
6221 6224 6225
6226 6225 6106
6227 6222 6221
6221 6225 6227
6227 6225 6226
6227 6228 6222
6227 6226 6229
6227 6230 6228
6227 6229 6230
6231 6232 6233
6233 6234 6231
6233 6235 6234
6236 6234 6235
6236 6235 6237
6237 6235 6238
6239 6236 6237
6239 6240 6236
6241 6240 6239
6241 6242 6240
6241 6243 6242
6237 6238 6244
6239 6237 6244
6238 6245 6244
6238 6246 6245
6239 6244 6247
6247 6241 6239
6247 6244 6245
6248 6245 6246
6248 6246 6249
6250 6245 6248
6247 6245 6250
6251 6247 6250
6250 6248 6252
6251 6250 6252
6251 6252 6253
6251 6253 6254
6247 6255 6241
6251 6255 6247
6241 6255 6256
6251 6256 6255
6251 6254 6257
6251 6257 6256
6257 6254 6258
6257 6258 6259
6256 6257 6259
6241 6256 6260
6241 6260 6243
6261 6243 6260
6262 6260 6256
6261 6260 6262
6263 6259 6258
6259 6263 6264
6265 6264 6263
6263 6258 6266
6265 6263 6266
6265 6266 6267
6268 6265 6267
6256 6259 6269
6262 6256 6269
6259 6264 6269
6264 6262 6269
6270 6261 6262
6264 6270 6262
6270 6271 6261
6270 6272 6271
6270 6273 6272
6264 6273 6270
6274 6272 6273
6268 6275 6265
6276 6265 6275
6275 6268 6277
6265 6278 6264
6264 6278 6273
6276 6278 6265
6273 6278 6276
6274 6273 6279
6273 6276 6279
6279 6280 6274
6275 6277 6281
6276 6275 6281
6281 6277 6282
6279 6283 6280
6276 6283 6279
6284 6280 6283
6276 6281 6285
6276 6285 6283
6281 6282 6286
6286 6285 6281
6287 6286 6282
6284 6283 6288
6285 6288 6283
6288 6289 6284
6287 6290 6286
6290 6287 6291
6286 6292 6285
6285 6292 6288
6290 6292 6286
6288 6293 6289
6292 6293 6288
6293 6294 6289
6290 6291 6295
6296 6295 6291
6290 6297 6292
6292 6297 6293
6295 6297 6290
6293 6298 6294
6298 6293 6297
6299 6294 6298
6300 6295 6296
6295 6300 6297
6298 6297 6300
6300 6299 6298
6300 6296 6301
6300 6301 6299
6302 6303 6304
6302 6304 6305
6305 6306 6302
6302 6306 6307
6308 6307 6306
6305 6304 6309
6304 6310 6309
6311 6308 6306
6308 6311 6312
6313 6312 6311
6313 6314 6312
6311 6306 6315
6311 6315 6313
6306 6305 6316
6306 6316 6315
6317 6309 6310
6310 6318 6317
6317 6319 6309
6309 6319 6320
6305 6309 6320
6305 6320 6316
6318 6321 6317
6321 6318 6322
6323 6316 6320
6319 6323 6320
6324 6315 6316
6323 6324 6316
6321 6325 6317
6319 6317 6325
6326 6313 6315
6324 6326 6315
6327 6321 6322
6321 6327 6325
6328 6326 6324
6329 6324 6323
6329 6328 6324
6313 6326 6330
6328 6330 6326
6330 6328 6331
6328 6329 6332
6331 6328 6332
6333 6332 6329
6323 6334 6329
6329 6334 6333
6323 6335 6334
6335 6323 6319
6327 6336 6325
6337 6319 6325
6337 6325 6336
6327 6338 6336
6327 6322 6338
6339 6338 6322
6340 6339 6322
6341 6339 6340
6339 6341 6342
6338 6343 6336
6343 6338 6339
6339 6342 6344
6343 6339 6344
6345 6344 6342
6346 6336 6343
6337 6336 6346
6343 6344 6347
6345 6347 6344
6346 6343 6347
6348 6347 6345
6346 6347 6348
6349 6348 6345
6349 6345 6350
6349 6350 6351
6349 6351 6352
6346 6348 6353
6353 6348 6349
6354 6349 6352
6353 6349 6354
6355 6354 6352
6355 6356 6354
6353 6354 6356
6356 6355 6357
6353 6358 6346
6358 6337 6346
6353 6356 6359
6358 6353 6359
6356 6357 6360
6360 6359 6356
6358 6361 6337
6337 6361 6319
6358 6359 6362
6361 6358 6362
6319 6361 6363
6335 6319 6363
6364 6360 6357
6364 6357 6365
6360 6366 6359
6362 6359 6366
6361 6362 6367
6367 6363 6361
6364 6365 6368
6368 6365 6369
6370 6368 6369
6371 6360 6364
6366 6360 6371
6372 6362 6366
6372 6367 6362
6373 6366 6371
6373 6372 6366
6374 6371 6364
6374 6373 6371
6370 6375 6368
6375 6370 6376
6377 6364 6368
6377 6374 6364
6375 6376 6378
6378 6376 6379
6380 6368 6375
6380 6377 6368
6375 6378 6381
6375 6381 6380
6378 6379 6382
6382 6381 6378
6379 6383 6382
6379 6384 6383
6382 6385 6381
6383 6385 6382
6381 6385 6386
6387 6380 6381
6381 6386 6387
6388 6377 6380
6387 6388 6380
6389 6383 6384
6389 6384 6390
6391 6389 6390
6383 6392 6385
6392 6386 6385
6392 6383 6389
6388 6393 6377
6374 6377 6393
6391 6394 6389
6395 6394 6391
6392 6389 6396
6396 6389 6394
6392 6397 6386
6396 6397 6392
6393 6388 6398
6388 6387 6398
6374 6393 6399
6399 6373 6374
6393 6398 6400
6400 6399 6393
6399 6401 6373
6372 6373 6401
6400 6402 6399
6399 6402 6401
6372 6401 6403
6367 6372 6403
6402 6404 6401
6404 6403 6401
6367 6403 6405
6367 6405 6363
6406 6363 6405
6406 6405 6403
6406 6335 6363
6407 6406 6403
6404 6407 6403
6408 6335 6406
6407 6408 6406
6408 6407 6409
6408 6334 6335
6334 6408 6410
6410 6333 6334
6410 6411 6333
6412 6410 6408
6408 6409 6412
6410 6412 6411
6404 6413 6407
6414 6409 6407
6414 6407 6413
6414 6415 6409
6414 6413 6415
6413 6404 6416
6417 6415 6413
6413 6416 6417
6418 6416 6404
6404 6402 6418
6419 6417 6416
6417 6419 6415
6420 6419 6416
6421 6415 6419
6418 6422 6416
6421 6423 6415
6402 6424 6418
6418 6424 6422
6402 6400 6424
6424 6425 6422
6426 6424 6400
6424 6426 6425
6426 6400 6398
6427 6415 6423
6427 6409 6415
6427 6423 6428
6428 6409 6427
6429 6428 6423
6428 6429 6430
6428 6431 6409
6431 6428 6430
6432 6431 6430
6412 6409 6431
6433 6431 6432
6434 6412 6431
6431 6433 6434
6435 6434 6433
6434 6411 6412
6434 6435 6411
6436 6411 6435
6436 6437 6411
6438 6411 6437
6438 6333 6411
6438 6437 6439
6439 6333 6438
6440 6439 6437
6439 6441 6333
6332 6333 6441
6442 6332 6441
6441 6443 6442
6442 6331 6332
6444 6331 6442
6444 6445 6331
6446 6331 6445
6446 6447 6331
6447 6330 6331
6446 6445 6448
6448 6447 6446
6449 6448 6445
6448 6449 6450
6451 6448 6450
6448 6451 6447
6452 6330 6447
6452 6447 6451
6452 6313 6330
6453 6452 6451
6453 6454 6452
6451 6455 6453
6456 6453 6455
6453 6456 6454
6457 6454 6456
6457 6458 6454
6459 6454 6458
6459 6314 6454
6452 6460 6313
6460 6314 6313
6460 6452 6454
6460 6454 6314
6461 6462 6463
6462 6461 6464
6464 6465 6462
6465 6466 6462
6467 6465 6464
6466 6465 6468
6466 6468 6469
6470 6469 6468
6467 6471 6465
6468 6465 6471
6470 6468 6472
6473 6470 6472
6474 6473 6472
6475 6474 6472
6476 6472 6468
6468 6471 6476
6475 6472 6477
6476 6477 6472
6478 6475 6477
6479 6471 6467
6479 6467 6480
6481 6477 6476
6478 6477 6481
6482 6476 6471
6482 6471 6479
6481 6476 6482
6480 6483 6479
6482 6479 6483
6480 6484 6483
6485 6483 6484
6485 6484 6486
6487 6485 6486
6482 6483 6488
6488 6481 6482
6485 6488 6483
6478 6481 6489
6488 6489 6481
6478 6489 6490
6489 6488 6491
6485 6491 6488
6490 6489 6492
6489 6491 6492
6490 6492 6493
6494 6493 6492
6487 6495 6485
6495 6487 6496
6497 6491 6485
6492 6491 6497
6497 6485 6495
6494 6492 6498
6492 6497 6498
6498 6499 6494
6498 6500 6499
6497 6500 6498
6500 6501 6499
6495 6496 6502
6502 6496 6503
6495 6504 6497
6497 6504 6500
6495 6502 6504
6500 6505 6501
6505 6500 6504
6506 6501 6505
6502 6503 6507
6507 6504 6502
6508 6507 6503
6506 6505 6509
6510 6506 6509
6505 6504 6511
6507 6511 6504
6509 6505 6511
6508 6512 6507
6511 6507 6512
6513 6512 6508
6510 6509 6514
6515 6510 6514
6509 6511 6516
6511 6512 6516
6514 6509 6516
6513 6517 6512
6516 6512 6517
6518 6517 6513
6519 6515 6514
6514 6516 6519
6516 6517 6519
6519 6517 6518
6519 6520 6515
6519 6518 6520
6521 6522 6523
6524 6521 6523
6525 6524 6523
6526 6521 6524
6527 6521 6526
6527 6526 6528
6528 6529 6527
6530 6526 6524
6528 6526 6530
6525 6531 6524
6530 6524 6531
6528 6532 6529
6533 6529 6532
6531 6525 6534
6534 6525 6535
6534 6535 6536
6536 6535 6537
6538 6531 6534
6538 6534 6536
6539 6530 6531
6538 6539 6531
6539 6540 6530
6528 6530 6541
6541 6532 6528
6541 6530 6540
6533 6532 6542
6543 6533 6542
6543 6542 6544
6542 6532 6545
6541 6545 6532
6546 6545 6541
6547 6544 6542
6542 6545 6547
6547 6545 6546
6547 6548 6544
6548 6547 6549
6547 6546 6549
6548 6549 6550
6549 6551 6550
6546 6551 6549
6550 6551 6552
6541 6540 6553
6546 6541 6553
6554 6546 6553
6540 6554 6553
6546 6555 6551
6554 6555 6546
6552 6551 6556
6556 6551 6555
6555 6554 6557
6555 6557 6556
6556 6558 6552
6559 6552 6558
6559 6558 6560
6558 6395 6560
6556 6561 6558
6558 6561 6395
6556 6557 6561
6395 6561 6394
6557 6554 6562
6561 6557 6562
6394 6561 6562
6540 6562 6554
6394 6562 6563
6396 6394 6563
6540 6564 6562
6564 6563 6562
6563 6565 6396
6396 6565 6397
6540 6566 6564
6540 6539 6566
6564 6567 6563
6564 6566 6567
6563 6567 6565
6568 6566 6539
6568 6567 6566
6568 6539 6538
6565 6567 6569
6568 6569 6567
6570 6568 6538
6568 6571 6569
6568 6570 6571
6570 6538 6572
6538 6536 6572
6569 6573 6565
6574 6397 6565
6565 6573 6574
6569 6571 6575
6569 6575 6573
6571 6576 6575
6571 6577 6576
6577 6571 6570
6576 6577 6578
6572 6579 6570
6577 6570 6579
6580 6572 6536
6572 6580 6579
6573 6575 6581
6582 6581 6575
6579 6583 6577
6578 6577 6583
6579 6584 6583
6584 6579 6580
6578 6583 6585
6584 6580 6586
6578 6585 6587
6580 6536 6588
6586 6580 6588
6536 6537 6588
6586 6588 6589
6588 6537 6589
6590 6582 6578
6582 6590 6581
6578 6587 6591
6590 6578 6591
6587 6592 6591
6593 6590 6591
6593 6581 6590
6591 6592 6593
6593 6594 6581
6594 6573 6581
6594 6574 6573
6595 6574 6594
6593 6595 6594
6592 6596 6593
6592 6597 6596
6595 6598 6574
6574 6598 6397
6397 6598 6599
6599 6386 6397
6597 6600 6596
6600 6597 6601
6597 6602 6601
6600 6603 6596
6603 6593 6596
6603 6604 6593
6603 6605 6604
6604 6605 6606
6593 6604 6607
6593 6607 6595
6604 6606 6608
6608 6607 6604
6606 6609 6608
6608 6609 6610
6610 6611 6608
6608 6611 6607
6595 6607 6611
6610 6609 6612
6609 6613 6612
6595 6611 6614
6610 6614 6611
6595 6614 6598
6598 6614 6615
6610 6615 6614
6598 6615 6599
6616 6599 6615
6610 6616 6615
6616 6617 6599
6617 6386 6599
6617 6618 6386
6386 6618 6387
6619 6617 6616
6618 6617 6619
6610 6620 6616
6620 6619 6616
6618 6621 6387
6621 6398 6387
6398 6621 6622
6398 6622 6426
6618 6623 6621
6621 6623 6622
6426 6622 6624
6426 6624 6425
6618 6625 6623
6618 6619 6625
6626 6625 6619
6626 6619 6627
6620 6627 6619
6622 6623 6628
6625 6628 6623
6622 6628 6624
6625 6626 6628
6425 6624 6629
6425 6629 6630
6624 6628 6631
6624 6631 6629
6630 6629 6631
6628 6626 6631
6630 6631 6632
6633 6632 6631
6633 6631 6626
6627 6620 6634
6610 6634 6620
6633 6626 6635
6636 6633 6635
6626 6627 6637
6627 6634 6637
6638 6636 6635
6636 6638 6639
6638 6640 6639
6641 6638 6635
6641 6635 6626
6641 6626 6637
6641 6637 6642
6642 6637 6634
6642 6634 6643
6634 6644 6643
6634 6610 6644
6644 6610 6612
6644 6612 6645
6613 6645 6612
6645 6613 6646
6613 6647 6646
6648 6649 6650
6651 6648 6650
6648 6651 6652
6653 6651 6650
6653 6650 6654
6654 6655 6653
6654 6656 6655
6655 6656 6657
6658 6655 6657
6658 6657 6659
6660 6652 6651
6660 6661 6652
6662 6652 6661
6661 6663 6662
6663 6661 6664
6651 6665 6660
6651 6653 6665
6665 6661 6660
6653 6655 6666
6653 6666 6665
6667 6661 6665
6666 6667 6665
6661 6668 6664
6668 6661 6667
6668 6669 6664
6667 6669 6668
6670 6664 6669
6669 6671 6670
6669 6672 6671
6672 6669 6673
6667 6673 6669
6672 6673 6674
6675 6673 6667
6666 6675 6667
6676 6674 6673
6675 6676 6673
6676 6677 6674
6678 6675 6666
6675 6678 6676
6677 6676 6679
6679 6676 6678
6679 6680 6677
6678 6666 6681
6655 6681 6666
6655 6658 6681
6681 6682 6678
6679 6678 6682
6680 6679 6683
6683 6684 6680
6681 6685 6682
6685 6681 6658
6686 6679 6682
6685 6686 6682
6683 6679 6686
6684 6683 6687
6684 6687 6688
6689 6685 6658
6685 6689 6686
6683 6686 6690
6690 6687 6683
6689 6690 6686
6691 6689 6658
6691 6658 6659
6689 6692 6690
6692 6689 6691
6659 6693 6691
6692 6691 6693
6659 6694 6693
6695 6690 6692
6690 6695 6687
6696 6688 6687
6696 6697 6688
6694 6698 6693
6694 6699 6698
6698 6699 6700
6692 6693 6701
6695 6692 6701
6693 6702 6701
6695 6701 6702
6693 6698 6702
6687 6695 6703
6687 6703 6696
6695 6702 6703
6704 6698 6700
6704 6700 6705
6702 6706 6703
6703 6706 6696
6698 6707 6702
6702 6707 6706
6707 6698 6704
6696 6706 6708
6707 6708 6706
6709 6707 6704
6707 6709 6708
6710 6696 6708
6696 6710 6697
6710 6711 6697
6709 6712 6708
6710 6708 6712
6710 6713 6711
6713 6710 6712
6713 6714 6711
6709 6704 6715
6709 6715 6712
6716 6714 6713
6716 6717 6714
6713 6712 6718
6715 6718 6712
6718 6716 6713
6704 6719 6715
6719 6704 6705
6717 6716 6720
6717 6720 6721
6722 6715 6719
6715 6722 6718
6705 6723 6719
6722 6719 6723
6705 6724 6723
6718 6725 6716
6720 6716 6725
6718 6722 6726
6718 6726 6725
6722 6723 6726
6725 6727 6720
6728 6721 6720
6720 6727 6728
6729 6728 6727
6728 6730 6721
6728 6729 6731
6731 6730 6728
6731 6732 6730
6733 6723 6724
6733 6726 6723
6733 6724 6734
6735 6726 6733
6734 6736 6733
6733 6736 6735
6737 6735 6736
6734 6738 6736
6737 6736 6739
6738 6739 6736
6738 6740 6739
6741 6732 6731
6741 6742 6732
6743 6742 6741
6744 6739 6740
6744 6740 6745
6744 6745 6743
6746 6741 6731
6746 6731 6747
6748 6746 6747
6743 6741 6749
6744 6743 6749
6749 6741 6746
6739 6744 6750
6749 6750 6744
6739 6750 6751
6748 6752 6746
6749 6746 6752
6749 6752 6750
6752 6748 6751
6752 6751 6750
6753 6754 6755
6753 6756 6754
6757 6756 6753
6758 6754 6756
6756 6759 6758
6760 6758 6759
6758 6761 6754
6761 6758 6760
6761 6760 6762
6760 6763 6762
6757 6764 6756
6756 6764 6759
6765 6764 6757
6759 6764 6765
6765 6757 6766
6767 6765 6766
6767 6766 6768
6767 6769 6765
6759 6765 6769
6767 6770 6769
6771 6769 6770
6771 6759 6769
6771 6770 6772
6773 6771 6772
6771 6774 6759
6760 6759 6774
6773 6775 6771
6774 6771 6775
6775 6773 6776
6777 6760 6774
6774 6775 6777
6775 6776 6778
6778 6777 6775
6777 6779 6760
6760 6779 6763
6779 6780 6763
6781 6778 6776
6781 6776 6782
6778 6783 6777
6783 6779 6777
6781 6783 6778
6779 6784 6780
6783 6784 6779
6785 6780 6784
6782 6786 6781
6782 6787 6786
6786 6787 6788
6781 6789 6783
6789 6784 6783
6786 6789 6781
6785 6784 6790
6789 6790 6784
6791 6785 6790
6791 6790 6792
6789 6792 6790
6793 6791 6792
6786 6788 6794
6795 6794 6788
6786 6796 6789
6789 6796 6792
6794 6796 6786
6793 6792 6797
6798 6793 6797
6792 6796 6799
6792 6799 6797
6794 6799 6796
6798 6797 6800
6799 6800 6797
6801 6798 6800
6795 6802 6794
6802 6795 6803
6794 6804 6799
6794 6802 6804
6799 6804 6800
6802 6803 6805
6805 6804 6802
6805 6803 6806
6801 6800 6807
6807 6808 6801
6809 6800 6804
6805 6809 6804
6809 6807 6800
6805 6806 6810
6810 6806 6811
6812 6809 6805
6812 6807 6809
6812 6805 6810
6807 6813 6808
6812 6813 6807
6813 6814 6808
6813 6815 6814
6815 6813 6812
6816 6814 6815
6815 6812 6817
6816 6815 6817
6817 6812 6810
6816 6817 6818
6819 6818 6817
6819 6820 6811
6810 6811 6820
6819 6817 6820
6817 6810 6820
6821 6822 6823
6824 6821 6823
6821 6824 6825
6823 6826 6824
6823 6827 6826
6828 6826 6827
6828 6829 6826
6829 6828 6830
6831 6829 6830
6831 6830 6832
6833 6825 6824
6833 6834 6825
6835 6825 6834
6834 6836 6835
6836 6834 6837
6824 6838 6833
6824 6826 6838
6838 6834 6833
6826 6829 6839
6826 6839 6838
6840 6834 6838
6840 6838 6839
6834 6841 6837
6841 6834 6840
6841 6842 6837
6840 6842 6841
6843 6837 6842
6842 6844 6843
6842 6845 6844
6846 6845 6842
6840 6846 6842
6846 6847 6845
6848 6846 6840
6840 6839 6848
6847 6846 6849
6848 6849 6846
6847 6849 6850
6851 6848 6839
6848 6851 6849
6849 6852 6850
6852 6849 6851
6852 6853 6850
6851 6839 6854
6829 6854 6839
6829 6831 6854
6855 6851 6854
6855 6854 6831
6855 6856 6851
6856 6852 6851
6852 6857 6853
6857 6858 6853
6858 6857 6859
6858 6859 6860
6859 6861 6860
6855 6831 6862
6856 6855 6862
6856 6863 6852
6857 6852 6863
6856 6862 6863
6857 6863 6864
6864 6859 6857
6862 6864 6863
6865 6862 6831
6865 6831 6832
6866 6865 6832
6866 6832 6867
6868 6866 6867
6869 6862 6865
6862 6869 6864
6866 6869 6865
6869 6870 6864
6864 6870 6859
6868 6871 6866
6871 6868 6872
6866 6873 6869
6869 6873 6870
6866 6874 6873
6870 6873 6874
6866 6871 6874
6875 6859 6870
6870 6874 6875
6876 6871 6872
6876 6872 6877
6875 6878 6859
6859 6878 6861
6879 6875 6874
6875 6879 6878
6871 6880 6874
6880 6871 6876
6879 6874 6880
6878 6881 6861
6881 6882 6861
6876 6883 6880
6879 6880 6883
6879 6884 6878
6881 6878 6884
6879 6883 6884
6885 6876 6877
6883 6876 6885
6881 6886 6882
6886 6887 6882
6884 6888 6881
6888 6884 6883
6886 6881 6888
6889 6887 6886
6889 6890 6887
6877 6891 6885
6877 6892 6891
6885 6893 6883
6888 6883 6893
6894 6893 6885
6894 6888 6893
6891 6894 6885
6886 6888 6895
6894 6895 6888
6895 6889 6886
6896 6890 6889
6896 6897 6890
6892 6898 6891
6892 6899 6898
6891 6900 6894
6895 6894 6900
6898 6900 6891
6895 6901 6889
6895 6900 6901
6896 6889 6901
6898 6902 6900
6901 6903 6896
6904 6897 6896
6896 6903 6904
6905 6904 6903
6904 6906 6897
6904 6905 6907
6907 6906 6904
6907 6908 6906
6898 6909 6902
6899 6909 6898
6910 6902 6909
6899 6911 6909
6910 6909 6912
6912 6909 6911
6912 6911 6913
6914 6908 6907
6914 6915 6908
6916 6912 6913
6916 6913 6917
6912 6916 6918
6918 6919 6912
6918 6920 6919
6921 6916 6917
6918 6916 6921
6921 6915 6914
6921 6917 6922
6921 6922 6915
6918 6921 6923
6918 6923 6920
6923 6921 6914
6907 6924 6914
6923 6914 6924
6920 6923 6924
6924 6907 6925
6920 6924 6925
6926 6927 6928
6926 6929 6927
6930 6929 6926
6931 6927 6929
6931 6932 6927
6933 6932 6931
6933 6934 6932
6935 6934 6933
6930 6936 6929
6936 6931 6929
6935 6933 6937
6933 6938 6937
6939 6935 6937
6933 6931 6940
6936 6940 6931
6941 6936 6930
6941 6930 6942
6939 6937 6943
6938 6943 6937
6936 6941 6944
6936 6944 6940
6940 6944 6945
6933 6940 6946
6933 6946 6938
6940 6945 6946
6938 6946 6945
6947 6941 6942
6947 6944 6941
6947 6942 6948
6947 6949 6944
6949 6945 6944
6949 6950 6945
6945 6950 6951
6945 6951 6952
6938 6945 6952
6952 6951 6953
6954 6938 6952
6952 6953 6954
6954 6955 6938
6956 6955 6954
6938 6955 6943
6943 6955 6956
6957 6954 6953
6956 6954 6957
6956 6957 6958
6957 6953 6959
6959 6958 6957
6959 6960 6958
6961 6958 6960
6943 6956 6962
6962 6939 6943
6962 6963 6939
6964 6963 6962
6964 6962 6965
6956 6965 6962
6965 6966 6964
6961 6967 6958
6967 6961 6968
6956 6958 6969
6956 6969 6965
6970 6969 6958
6970 6965 6969
6970 6958 6967
6965 6971 6966
6970 6971 6965
6972 6966 6971
6972 6971 6973
6973 6971 6970
6973 6974 6972
6967 6968 6975
6975 6968 6976
6977 6970 6967
6973 6970 6977
6977 6967 6975
6973 6978 6974
6977 6978 6973
6979 6974 6978
6975 6976 6980
6980 6977 6975
6980 6976 6981
6979 6978 6982
6982 6983 6979
6977 6984 6978
6980 6984 6977
6982 6978 6984
6980 6981 6985
6984 6980 6985
6986 6985 6981
6982 6987 6983
6988 6983 6987
6989 6988 6987
6982 6984 6990
6984 6985 6990
6987 6982 6990
6986 6991 6985
6991 6990 6985
6992 6991 6986
6992 6989 6991
6993 6989 6987
6987 6990 6993
6989 6993 6991
6991 6993 6990
6994 6995 6996
6997 6994 6996
6994 6997 6998
6999 6997 6996
6999 6996 7000
7001 6999 7000
7001 7002 6999
7002 7001 7003
7004 7002 7003
7004 7003 7005
7006 6998 6997
7006 7007 6998
7008 6998 7007
7007 7009 7008
7009 7007 7010
7011 7006 6997
7011 6997 6999
7007 7006 7011
7012 6999 7002
7012 7011 6999
7013 7007 7011
7012 7013 7011
7007 7014 7010
7014 7007 7013
7014 7015 7010
7013 7015 7014
7016 7010 7015
7016 7015 7017
7015 7018 7017
7018 7015 7019
7013 7019 7015
7018 7019 7020
7002 7021 7012
7002 7004 7021
7012 7022 7013
7022 7019 7013
7021 7022 7012
7020 7019 7023
7022 7023 7019
7020 7023 7024
7021 7025 7022
7022 7025 7023
7023 7026 7024
7026 7023 7025
7026 7027 7024
7028 7025 7021
7028 7021 7004
7029 7026 7025
7028 7029 7025
7026 7030 7027
7030 7031 7027
7032 7031 7030
7032 7033 7031
7034 7033 7032
7029 7035 7026
7028 7035 7029
7030 7026 7035
7028 7004 7036
7028 7036 7035
7030 7035 7037
7037 7032 7030
7036 7037 7035
7038 7036 7004
7038 7004 7005
7039 7038 7005
7039 7005 7040
7041 7039 7040
7042 7036 7038
7036 7042 7037
7039 7042 7038
7043 7037 7042
7037 7043 7032
7041 7044 7039
7044 7041 7045
7039 7046 7042
7043 7042 7046
7039 7047 7046
7043 7046 7047
7039 7044 7047
7048 7032 7043
7043 7047 7048
7045 7049 7044
7049 7045 7050
7048 7051 7032
7034 7032 7051
7052 7048 7047
7048 7052 7051
7044 7053 7047
7052 7047 7053
7044 7049 7053
7051 7054 7034
7054 7055 7034
7052 7056 7051
7053 7056 7052
7054 7051 7056
7054 7057 7055
7057 7058 7055
7053 7059 7056
7059 7053 7049
7056 7060 7054
7059 7060 7056
7057 7054 7060
7061 7058 7057
7061 7062 7058
7059 7049 7063
7059 7063 7060
7057 7060 7064
7064 7061 7057
7062 7061 7065
7062 7065 7066
7067 7063 7049
7050 7067 7049
7060 7063 7068
7060 7068 7064
7068 7063 7067
7064 7069 7061
7065 7061 7069
7069 7064 7068
7070 7067 7050
7068 7067 7070
7070 7050 7071
7069 7068 7072
7068 7070 7072
7069 7073 7065
7074 7066 7065
7065 7073 7074
7075 7074 7073
7074 7076 7066
7074 7075 7077
7077 7076 7074
7077 7078 7076
7071 7079 7070
7079 7072 7070
7071 7080 7079
7081 7072 7079
7082 7079 7080
7079 7082 7081
7083 7081 7082
7082 7080 7084
7083 7082 7085
7084 7085 7082
7084 7086 7085
7087 7078 7077
7087 7088 7078
7086 7089 7085
7086 7090 7089
7077 7091 7087
7092 7087 7091
7091 7077 7093
7092 7091 7093
7092 7093 7094
7095 7092 7094
7096 7088 7087
7092 7096 7087
7090 7096 7089
7092 7089 7096
7096 7097 7088
7090 7097 7096
7085 7089 7098
7098 7095 7085
7092 7098 7089
7095 7098 7092
7099 7100 7101
7099 7101 7102
7103 7102 7101
7104 7099 7102
7104 7105 7099
7106 7105 7104
7106 7107 7105
7108 7107 7106
7103 7109 7102
7104 7102 7109
7103 7110 7109
7103 7111 7110
7104 7109 7112
7112 7106 7104
7112 7109 7110
7111 7113 7110
7111 7114 7113
7115 7110 7113
7112 7110 7115
7112 7115 7116
7115 7113 7117
7116 7115 7117
7116 7117 7118
7119 7116 7118
7112 7120 7106
7112 7116 7120
7119 7121 7116
7122 7121 7119
7116 7123 7120
7123 7106 7120
7116 7121 7123
7122 7124 7121
7124 7123 7121
7123 7125 7106
7108 7106 7125
7125 7126 7108
7125 7123 7127
7124 7127 7123
7128 7124 7122
7128 7122 7129
7125 7130 7126
7125 7127 7130
7124 7131 7127
7130 7127 7131
7124 7128 7131
7132 7126 7130
7130 7131 7132
7132 7133 7126
7134 7133 7132
7134 7132 7135
7131 7135 7132
7136 7134 7135
7129 7137 7128
7129 7138 7137
7137 7138 7139
7140 7131 7128
7131 7140 7135
7140 7128 7137
7136 7135 7141
7142 7136 7141
7135 7140 7143
7137 7143 7140
7135 7143 7141
7137 7139 7144
7137 7144 7143
7145 7144 7139
7142 7141 7146
7143 7146 7141
7147 7142 7146
7145 7148 7144
7149 7148 7145
7144 7150 7143
7143 7150 7146
7144 7148 7150
7147 7146 7151
7151 7146 7150
7151 7152 7147
7149 7153 7148
7153 7150 7148
7154 7153 7149
7151 7155 7152
7156 7152 7155
7151 7150 7157
7153 7157 7150
7157 7155 7151
7154 7158 7153
7158 7157 7153
7158 7154 7159
7156 7155 7160
7161 7156 7160
7157 7162 7155
7158 7162 7157
7162 7160 7155
7158 7159 7163
7163 7162 7158
7164 7163 7159
7161 7160 7165
7162 7165 7160
7163 7165 7162
7165 7163 7164
7161 7165 7166
7165 7164 7166
7167 7168 4581
7169 7167 4581
4580 7169 4581
7169 7170 7167
4580 7171 7169
7169 7171 7170
7171 7172 7170
4580 4591 7171
7171 7173 7172
4591 7173 7171
7173 7174 7172
4591 7175 7173
4584 7175 4591
7173 7176 7174
7175 7176 7173
7176 7177 7174
7178 7175 4584
7175 7178 7176
7178 4584 4590
4588 7178 4590
7178 7179 7176
7178 4588 7179
7176 7179 7177
4588 4589 7179
7179 4589 7177
4589 7180 7177
7181 7182 7183
7181 7184 7182
7185 7182 7184
7185 7184 7186
7185 7186 7187
7185 7187 7188
7189 7188 7187
7190 7188 7189
7189 7187 7191
7190 7189 7192
7190 7192 7193
7190 7193 7194
7195 7191 7187
7195 7187 7196
7194 7193 7197
7194 7197 7198
7195 7196 7199
7200 7198 7197
7200 7197 7201
7195 7199 7202
7200 7201 7203
7200 7203 7204
7205 7204 7203
7205 7203 7206
7205 7206 7207
7205 7207 7208
7209 7208 7207
7209 7210 7208
7211 7210 7209
7211 7212 7210
7211 7213 7212
7211 7214 7213
7215 7213 7214
7215 7216 7213
7215 7217 7216
7215 7218 7217
7219 7217 7218
7219 7220 7217
7219 7221 7220
7219 7222 7221
7223 7221 7222
7223 7224 7221
7223 7225 7224
7223 7226 7225
7226 7227 7225
7226 7228 7227
7229 7227 7228
7229 7230 7227
7229 7231 7230
7229 7232 7231
7232 7233 7231
7232 7234 7233
7235 7233 7234
7235 7236 7233
7237 7236 7235
7237 7238 7236
7237 7239 7238
7237 7240 7239
7240 7241 7239
7240 7242 7241
7242 7243 7241
7242 7244 7243
7244 7199 7243
7244 7202 7199
7243 7199 7245
7245 7199 7246
7245 7246 7247
7248 7247 7246
7248 7249 7247
7249 7248 7250
7249 7250 7251
7252 7253 7254
7252 7255 7253
7255 7256 7253
7255 7257 7256
7257 7258 7256
7257 7259 7258
7259 7260 7258
7259 7261 7260
7261 7262 7260
7261 7263 7262
7263 7264 7262
7263 7265 7264
7265 7266 7264
7265 7267 7266
7267 7268 7266
7267 7269 7268
7268 7269 7270
7270 7271 7268
7270 7272 7271
7270 7273 7272
7272 7273 7274
7274 7275 7272
7274 7276 7275
7274 7277 7276
7277 7278 7276
7277 7279 7278
7279 7280 7278
7279 7281 7280
7281 7282 7280
7281 7283 7282
7282 7283 7284
7282 7284 7285
7284 7286 7285
7284 7287 7286
7287 7288 7286
7287 7289 7288
7289 7290 7288
7289 7291 7290
7291 7292 7290
7291 7293 7292
7293 7294 7292
7293 7295 7294
7295 7296 7294
7295 7297 7296
7296 7297 7298
7296 7298 7299
7300 7299 7298
7300 7301 7299
7301 7300 7302
7301 7302 7303
7304 7305 7306
7304 7307 7305
7308 7307 7304
7308 7304 7309
7310 7311 7312
7310 7312 7313
7314 7310 7313
7314 7313 7315
7316 7314 7315
7316 7315 7317
7318 7316 7317
7318 7317 7319
7320 7318 7319
7320 7319 7321
7322 7320 7321
7322 7321 7323
7324 7322 7323
7324 7323 7325
7326 7324 7325
7326 7325 7327
7328 7326 7327
7328 7327 7329
7330 7328 7329
7330 7329 7331
7332 7330 7331
7332 7331 7333
7334 7332 7333
7334 7333 7335
7336 7334 7335
7336 7337 7334
7338 7339 7340
7338 7341 7339
7341 7342 7339
7341 7343 7342
7343 7344 7342
7343 7345 7344
7345 7346 7344
7345 7347 7346
7348 7346 7347
7348 7347 7349
7349 7350 7348
7349 7351 7350
7351 7352 7350
7351 7353 7352
7352 7353 7354
7352 7354 7355
7354 7356 7355
7354 7357 7356
7356 7357 7358
7356 7358 7359
7358 7360 7359
7358 7361 7360
7361 7362 7360
7361 7363 7362
7363 7364 7362
7363 7365 7364
7365 7366 7364
7365 7367 7366
7367 7368 7366
7367 7369 7368
7369 7370 7368
7369 7371 7370
7372 7373 7374
7372 7375 7373
7376 7373 7375
7376 7375 7377
7377 7378 7376
7377 7379 7378
7379 7380 7378
7379 7381 7380
7382 7383 7384
7382 7385 7383
7386 7383 7385
7386 7385 7387
7388 7386 7387
7388 7387 7389
7390 7391 7392
7390 7392 7393
7390 7393 7394
7390 7394 7395
7396 7395 7394
7396 7394 7397
7398 7399 7400
7398 7401 7399
7402 7399 7401
7402 7401 7403
7403 7404 7402
7403 7405 7404
7406 7407 7408
7406 7409 7407
7406 7410 7409
7406 7411 7410
7410 7411 7412
7410 7412 7413
7414 7415 7416
7414 7417 7415
7415 7417 7418
7415 7418 7419
7420 7419 7418
7420 7421 7419
7420 7422 7421
7422 7420 7423
7422 7423 7424
7420 7425 7423
7420 7426 7425
7424 7427 7422
7424 7428 7427
7425 7426 7429
7425 7429 7430
7429 7431 7430
7429 7432 7431
7433 7427 7428
7433 7434 7427
7433 7435 7434
7433 7436 7435
7437 7435 7436
7437 7436 7438
7439 7437 7438
7439 7438 7440
7441 7439 7440
7441 7440 7442
7443 7441 7442
7443 7442 7444
7445 7443 7444
7445 7444 7446
7447 7445 7446
7447 7446 7448
7448 7449 7447
7448 7450 7449
7451 7449 7450
7451 7450 7452
7453 7451 7452
7453 7452 7454
7455 7453 7454
7455 7454 7456
7457 7455 7456
7457 7456 7458
7459 7457 7458
7459 7458 7460
7461 7459 7460
7461 7460 7462
7463 7461 7462
7463 7462 7464
7463 7464 7465
7463 7465 7466
7465 7467 7466
7465 7468 7467
7468 7469 7467
7468 7470 7469
7470 7471 7469
7470 7472 7471
7471 7472 7473
7471 7473 7474
7473 7475 7474
7473 7476 7475
7477 7475 7476
7477 7478 7475
7477 7432 7478
7477 7431 7432
7479 7480 7481
7479 7481 7482
7482 7483 7479
7482 7484 7483
7484 7485 7483
7484 7486 7485
7487 7488 7489
7487 7489 7490
7491 7487 7490
7491 7490 7492
7492 7493 7491
7492 7494 7493
7495 7496 7497
7495 7497 7498
7498 7497 7499
7498 7499 7500
7500 7499 7501
7500 7501 7502
7502 7501 7503
7502 7503 7504
7504 7503 7505
7504 7505 7506
7506 7505 7507
7506 7507 7508
7508 7507 7509
7508 7509 7510
7510 7509 7511
7510 7511 7512
7513 7512 7511
7511 7514 7513
7513 7514 7515
7513 7515 7516
7517 7516 7515
7515 7518 7517
7517 7518 7519
7517 7519 7520
7520 7519 7521
7520 7521 7522
7522 7521 7523
7522 7523 7524
7524 7523 7525
7524 7525 7526
7527 7526 7525
7527 7528 7526
7528 7527 7529
7528 7529 7530
7530 7529 7531
7530 7531 7532
7532 7531 7533
7532 7533 7534
7534 7533 7535
7534 7535 7536
7536 7535 7537
7536 7537 7538
7538 7537 7539
7538 7539 7540
7541 7540 7539
7541 7542 7540
7543 7542 7541
7543 7544 7542
7545 7544 7543
7545 7546 7544
7547 7548 7549
7547 7549 7550
7551 7550 7549
7551 7552 7550
7553 7554 7555
7553 7556 7554
7557 7556 7553
7557 7558 7556
7559 7558 7557
7559 7560 7558
7561 7560 7559
7561 7562 7560
7563 7562 7561
7563 7564 7562
7565 7564 7563
7565 7566 7564
7567 7566 7565
7567 7568 7566
7569 7568 7567
7569 7570 7568
7571 7570 7569
7571 7572 7570
7573 7572 7571
7573 7574 7572
7575 7574 7573
7575 7576 7574
7577 7576 7575
7577 7578 7576
7578 7577 7579
7578 7579 7580
7581 7582 7583
7581 7583 7584
7584 7583 7585
7584 7585 7586
7586 7585 7587
7586 7587 7588
7588 7587 7589
7588 7589 7590
7591 7590 7589
7591 7592 7590
7592 7591 7593
7592 7593 7594
7594 7593 7595
7594 7595 7596
7597 7596 7595
7597 7598 7596
7598 7597 7599
7598 7599 7600
7601 7600 7599
7601 7602 7600
7602 7601 7603
7602 7603 7604
7604 7603 7605
7604 7605 7606
7606 7605 7607
7606 7607 7608
7608 7607 7609
7608 7609 7610
7610 7609 7611
7610 7611 7612
7612 7611 7613
7612 7613 7614
7615 7616 7617
7615 7617 7618
7619 7618 7617
7619 7620 7618
7620 7619 7621
7620 7621 7622
7622 7621 7623
7622 7623 7624
7625 7626 7627
7625 7627 7628
7629 7628 7627
7629 7630 7628
7631 7630 7629
7631 7632 7630
7633 7634 7635
7633 7636 7634
7637 7636 7633
7637 7638 7636
7639 7638 7637
7639 7640 7638
7641 7642 7643
7641 7644 7642
7645 7644 7641
7645 7646 7644
7647 7646 7645
7647 7648 7646
7649 7650 7651
7649 7651 7652
7652 7653 7649
7652 7654 7653
7655 7653 7654
7655 7654 7656
7657 7655 7656
7658 7657 7656
7658 7659 7657
7658 7656 7660
7658 7661 7659
7662 7660 7656
7662 7656 7663
7664 7662 7663
7664 7663 7665
7666 7659 7661
7666 7667 7659
7666 7668 7667
7666 7669 7668
7669 7670 7668
7669 7671 7670
7672 7664 7665
7672 7665 7673
7671 7674 7670
7671 7675 7674
7676 7674 7675
7676 7677 7674
7678 7672 7673
7678 7679 7672
7678 7680 7679
7678 7681 7680
7682 7677 7676
7682 7683 7677
7681 7684 7680
7681 7685 7684
7682 7686 7683
7682 7687 7686
7688 7684 7685
7688 7689 7684
7690 7686 7687
7690 7691 7686
7690 7692 7691
7690 7693 7692
7688 7694 7689
7688 7695 7694
7693 7696 7692
7693 7697 7696
7698 7694 7695
7698 7699 7694
7698 7700 7699
7698 7701 7700
7702 7700 7701
7702 7701 7703
7704 7696 7697
7704 7705 7696
7706 7702 7703
7706 7703 7707
7704 7708 7705
7704 7709 7708
7706 7707 7710
7706 7710 7711
7712 7708 7709
7712 7711 7710
7712 7713 7708
7712 7710 7713
7714 7715 7716
7714 7716 7717
7716 7718 7717
7716 7719 7718
7720 7718 7719
7720 7719 7721
7720 7721 7722
7722 7723 7720
7722 7724 7723
7725 7724 7722
7725 7722 7726
7727 7725 7726
7727 7726 7728
7720 7723 7729
7720 7729 7730
7729 7731 7730
7729 7732 7731
7733 7727 7728
7733 7728 7734
7735 7733 7734
7735 7736 7733
7737 7736 7735
7737 7738 7736
7739 7738 7737
7739 7740 7738
7741 7740 7739
7741 7742 7740
7743 7742 7741
7743 7744 7742
7732 7745 7731
7732 7746 7745
7747 7744 7743
7747 7748 7744
7749 7745 7746
7749 7750 7745
7751 7748 7747
7751 7747 7752
7753 7751 7752
7753 7754 7751
7755 7754 7753
7755 7756 7754
7757 7756 7755
7757 7758 7756
7759 7758 7757
7759 7760 7758
7761 7760 7759
7761 7762 7760
7763 7762 7761
7763 7764 7762
7765 7764 7763
7765 7766 7764
7765 7767 7766
7765 7768 7767
7767 7768 7769
7767 7769 7770
7770 7769 7771
7770 7771 7772
7772 7771 7773
7772 7773 7774
7773 7775 7774
7773 7776 7775
7775 7776 7777
7775 7777 7778
7749 7778 7777
7749 7777 7750
7779 7780 7781
7779 7782 7780
7780 7782 7783
7780 7783 7784
7784 7783 7785
7784 7785 7786
7786 7785 7787
7786 7787 7788
7789 7790 7791
7789 7791 7792
7793 7792 7791
7793 7791 7794
7795 7793 7794
7795 7794 7796
7795 7796 7797
7795 7797 7798
7799 7800 7801
7799 7801 7802
7803 7799 7802
7803 7802 7804
7805 7803 7804
7805 7804 7806
7805 7806 7807
7805 7807 7808
7809 7810 7811
7809 7811 7812
7813 7814 7815
7813 7816 7814
7817 7816 7813
7817 7813 7818
7818 7819 7817
7818 7820 7819
7819 7820 7821
7819 7821 7822
7823 7824 7825
7823 7825 7826
7827 7828 7829
7827 7829 7830
7830 7831 7827
7830 7832 7831
7833 7834 7835
7833 7835 7836
7837 7838 7839
7837 7840 7838
7840 7841 7838
7840 7842 7841
7843 7844 7845
7843 7845 7846
7847 7848 7849
7847 7849 7850
7851 7852 7853
7851 7853 7854
7855 7856 7857
7855 7857 7858
7859 7860 7861
7859 7861 7862
7863 7864 7865
7863 7865 7866
7867 7868 7869
7867 7869 7870
7871 7872 7873
7871 7873 7874
7873 7875 7874
7873 7876 7875
7876 7877 7875
7876 7878 7877
7878 7879 7877
7878 7880 7879
7881 7882 7883
7881 7884 7882
7885 7882 7884
7885 7886 7882
7887 7886 7885
7887 7888 7886
7887 7889 7888
7887 7890 7889
7891 7892 7893
7891 7894 7892
7895 7894 7891
7895 7896 7894
7897 7896 7895
7897 7898 7896
7897 7899 7898
7897 7900 7899
7901 7902 7903
7901 7903 7904
7905 7906 7907
7905 7907 7908
7909 7905 7908
7909 7910 7905
7910 7909 7911
7910 7911 7912
7911 7913 7912
7911 7914 7913
7915 7916 7917
7915 7917 7918
7919 7920 7921
7919 7922 7920
7922 7919 7923
7922 7923 7924
7925 7926 7927
7925 7927 7928
7929 7930 7931
7929 7931 7932
7932 7931 7933
7932 7933 7934
7935 7936 7937
7935 7937 7938
7939 7940 7941
7939 7941 7942
7943 7944 7945
7943 7945 7946
7947 7948 7949
7947 7949 7950
7951 7952 7953
7951 7953 7954
7955 7956 7957
7955 7957 7958
7959 7960 7961
7959 7961 7962
7963 7964 7965
7963 7965 7966
7966 7967 7963
7966 7965 7968
7966 7969 7967
7969 7970 7967
7969 7971 7970
7966 7968 7972
7969 7966 7972
7972 7968 7973
7968 7974 7973
7969 7972 7975
7975 7976 7969
7975 7977 7976
7974 7978 7973
7974 7979 7978
7978 7979 7980
7972 7973 7981
7975 7972 7981
7981 7973 7978
7982 7977 7975
7975 7981 7982
7982 7983 7977
7984 7983 7982
7984 7982 7981
7984 7985 7983
7981 7978 7986
7984 7981 7986
7978 7980 7987
7986 7978 7987
7988 7985 7984
7988 7989 7985
7984 7986 7990
7986 7987 7990
7984 7990 7988
7980 7991 7987
7990 7987 7991
7980 7992 7991
7993 7989 7988
7993 7994 7989
7988 7990 7995
7990 7991 7995
7988 7995 7993
7992 7996 7991
7995 7991 7996
7992 7997 7996
7998 7994 7993
7998 7999 7994
8000 7993 7995
8000 7998 7993
7995 7996 8000
8001 7999 7998
8001 7998 8000
8001 8002 7999
7997 8003 7996
7997 8004 8003
7996 8005 8000
7996 8003 8005
8001 8000 8005
8004 8006 8003
8005 8003 8006
8004 8007 8006
8008 8002 8001
8008 8009 8002
8010 8001 8005
8010 8008 8001
8005 8006 8010
8006 8011 8010
8007 8012 8006
8006 8012 8011
8007 8013 8012
8014 8012 8013
8015 8009 8008
8015 8008 8010
8015 8010 8011
8015 8016 8009
8014 8017 8012
8011 8012 8017
8018 8016 8015
8018 8019 8016
8014 8020 8017
8014 8021 8020
8021 8022 8020
8021 8023 8022
8022 8023 8024
8017 8020 8025
8022 8025 8020
8022 8024 8026
8026 8024 8027
8028 8015 8011
8028 8018 8015
8029 8019 8018
8029 8030 8019
8031 8030 8029
8031 8032 8030
8033 8029 8018
8033 8018 8028
8031 8029 8033
8022 8034 8025
8034 8022 8026
8035 8032 8031
8035 8036 8032
8037 8036 8035
8037 8038 8036
8039 8038 8037
8039 8040 8038
8041 8040 8039
8035 8042 8037
8037 8042 8043
8037 8043 8039
8035 8044 8042
8035 8031 8044
8045 8039 8043
8041 8039 8046
8045 8046 8039
8047 8041 8046
8045 8047 8046
8047 8048 8041
8049 8047 8045
8049 8048 8047
8031 8050 8044
8031 8051 8050
8031 8033 8051
8033 8052 8051
8052 8033 8028
8053 8044 8050
8053 8054 8044
8050 8051 8034
8052 8034 8051
8052 8028 8055
8011 8055 8028
8034 8052 8025
8025 8052 8055
8011 8056 8055
8025 8055 8056
8011 8017 8056
8017 8025 8056
8050 8034 8057
8034 8026 8057
8058 8050 8057
8058 8053 8050
8057 8026 8059
8057 8059 8058
8026 8027 8059
8027 8060 8059
8060 8058 8059
8027 8061 8060
8060 8061 8062
8053 8058 8063
8060 8063 8058
8060 8062 8064
8063 8060 8064
8064 8062 8065
8053 8063 8066
8066 8054 8053
8066 8067 8054
8068 8066 8063
8063 8064 8068
8069 8067 8066
8068 8069 8066
8069 8070 8067
8071 8070 8069
8071 8069 8072
8072 8069 8068
8072 8073 8071
8064 8065 8074
8075 8074 8065
8064 8076 8068
8064 8074 8076
8072 8068 8076
8075 8077 8074
8076 8074 8077
8078 8077 8075
8076 8077 8079
8072 8076 8079
8079 8077 8078
8072 8080 8073
8072 8079 8080
8081 8073 8080
8079 8081 8080
8081 8082 8073
8083 8082 8081
8079 8078 8084
8079 8084 8081
8084 8078 8085
8086 8084 8085
8081 8084 8086
8083 8081 8086
8083 8087 8088
8083 8088 8089
8090 8089 8088
8090 8091 8089
8091 8090 8092
8091 8092 8093
8092 8094 8093
8092 8095 8094
8096 8094 8095
8096 8095 8097
8098 8096 8097
8098 8099 8096
8099 8098 8100
8101 8102 8103
8101 8104 8102
8105 8104 8101
8105 8101 8106
8107 8105 8106
8106 8101 8108
8106 8108 8109
8106 8109 8110
8110 8107 8106
8110 8109 8111
8110 8111 8112
8110 8112 8113
8114 8107 8110
8110 8113 8114
8115 8112 8111
8115 8111 8116
8117 8115 8116
8117 8116 8118
8119 8112 8115
8117 8119 8115
8119 8120 8112
8119 8117 8120
8120 8113 8112
8121 8117 8118
8120 8117 8121
8121 8118 8122
8123 8121 8122
8120 8121 8123
8123 8122 8124
8123 8125 8120
8125 8113 8120
8126 8123 8124
8125 8123 8126
8126 8113 8125
8126 8124 8127
8128 8126 8127
8128 8113 8126
8113 8128 8129
8113 8129 8114
8114 8129 8130
8131 8114 8130
8114 8131 8107
8129 8132 8130
8129 8133 8132
8134 8132 8133
8134 8133 8135
8134 8135 8136
8134 8136 8137
8137 8132 8134
8137 8136 8138
8130 8132 8139
8139 8132 8137
8137 8138 8140
8140 8139 8137
8141 8140 8138
8141 8139 8140
8139 8141 8142
8130 8139 8143
8139 8142 8143
8131 8130 8143
8143 8142 8144
8145 8144 8142
8131 8143 8146
8143 8144 8146
8145 8147 8144
8148 8147 8145
8148 8145 8149
8148 8149 8150
8148 8150 8151
8148 8151 8147
8152 8151 8150
8144 8147 8153
8147 8151 8153
8152 8154 8151
8153 8151 8154
8155 8154 8152
8155 8153 8154
8144 8153 8156
8156 8153 8155
8156 8146 8144
8156 8155 8157
8158 8156 8157
8158 8159 8156
8156 8159 8146
8159 8158 8160
8159 8160 8161
8146 8159 8161
8161 8160 8162
8161 8162 8163
8161 8163 8164
8146 8161 8165
8161 8164 8165
8131 8146 8165
8166 8165 8164
8131 8165 8166
8166 8164 8167
8107 8131 8166
8168 8166 8167
8107 8166 8168
8168 8167 8169
8170 8107 8168
8170 8105 8107
8170 8171 8105
8172 8168 8169
8170 8168 8172
8172 8169 8173
8174 8172 8173
8174 8170 8172
8174 8173 8175
8174 8175 8176
8177 8170 8174
8177 8171 8170
8174 8176 8178
8174 8178 8177
8179 8178 8176
8178 8179 8180
8181 8178 8180
8177 8178 8181
8181 8182 8177
8177 8182 8171
8181 8183 8182
8182 8183 8184
8184 8183 8185
8186 8184 8185
8182 8187 8171
8184 8187 8182
8188 8184 8186
8188 8186 8189
8190 8187 8184
8190 8184 8188
8191 8190 8188
8191 8188 8192
8188 8189 8192
8193 8190 8191
8190 8194 8187
8187 8194 8171
8190 8193 8194
8192 8189 8195
8195 8189 8196
8195 8196 8197
8192 8195 8198
8198 8191 8192
8199 8195 8197
8195 8199 8198
8200 8199 8197
8198 8201 8191
8199 8201 8198
8199 8202 8201
8202 8191 8201
8200 8203 8199
8199 8203 8202
8204 8203 8200
8204 8200 8205
8204 8205 8206
8207 8202 8203
8207 8191 8202
8207 8203 8204
8204 8206 8208
8206 8209 8208
8210 8207 8204
8207 8210 8191
8210 8204 8208
8210 8211 8191
8211 8210 8208
8211 8208 8209
8193 8191 8211
8193 8211 8209
8193 8209 8212
8194 8193 8212
8194 8212 8213
8171 8194 8213
8171 8213 8214
8171 8214 8105
8105 8214 8215
8105 8215 8216
8216 8215 8217
8218 8105 8216
8216 8217 8218
8218 8104 8105
8218 8217 8219
8219 8217 8220
8221 8219 8220
8221 8220 8222
8223 8218 8219
8223 8219 8221
8223 8224 8218
8223 8221 8224
8224 8104 8218
8225 8221 8222
8224 8221 8225
8225 8222 8226
8227 8225 8226
8224 8225 8227
8227 8226 8228
8229 8104 8224
8224 8227 8229
8230 8227 8228
8229 8227 8230
8230 8104 8229
8230 8228 8231
8104 8230 8232
8231 8232 8230
8233 8234 8235
8233 8235 8236
8236 8235 8237
8236 8237 8238
8237 8239 8238
8237 8240 8239
8240 8241 8239
8240 8242 8241
8238 8239 8243
8241 8243 8239
8244 8241 8242
8244 8245 8241
8244 8242 8246
8244 8246 8247
8246 8248 8247
8249 8247 8248
8244 8247 8250
8244 8250 8245
8249 8251 8247
8250 8247 8251
8252 8251 8249
8241 8253 8243
8241 8245 8253
8254 8238 8243
8253 8255 8243
8243 8255 8254
8238 8254 8256
8238 8256 8236
8236 8256 8257
8236 8257 8233
8257 8256 8258
8254 8258 8256
8257 8258 8259
8255 8260 8254
8254 8260 8258
8261 8259 8258
8261 8262 8259
8258 8260 8263
8263 8260 8255
8258 8263 8261
8261 8263 8264
8262 8261 8265
8261 8264 8265
8262 8265 8266
8267 8266 8265
8267 8265 8264
8267 8268 8266
8269 8268 8267
8270 8269 8267
8271 8270 8267
8271 8267 8264
8272 8270 8271
8264 8272 8271
8272 8273 8270
8273 8272 8274
8273 8274 8275
8275 8274 8276
8276 8277 8275
8277 8276 8278
8279 8278 8276
8279 8280 8278
8264 8281 8272
8272 8282 8274
8272 8281 8282
8283 8281 8264
8283 8282 8281
8283 8264 8263
8276 8274 8284
8274 8282 8284
8276 8285 8279
8284 8285 8276
8283 8286 8282
8282 8286 8284
8284 8286 8287
8283 8263 8288
8263 8255 8288
8283 8289 8286
8283 8288 8289
8287 8286 8289
8290 8288 8255
8290 8289 8288
8253 8290 8255
8289 8290 8253
8289 8253 8291
8287 8289 8291
8253 8245 8291
8245 8287 8291
8284 8292 8285
8284 8287 8292
8287 8293 8292
8285 8292 8293
8245 8294 8287
8287 8294 8293
8295 8294 8245
8295 8245 8250
8294 8296 8293
8294 8295 8296
8285 8293 8297
8297 8298 8285
8298 8279 8285
8279 8298 8299
8293 8300 8297
8300 8298 8297
8293 8296 8300
8279 8299 8301
8279 8301 8280
8302 8280 8301
8302 8301 8299
8302 8303 8280
8299 8298 8304
8300 8304 8298
8302 8305 8303
8305 8306 8303
8295 8307 8296
8308 8300 8296
8308 8296 8307
8300 8309 8304
8300 8308 8309
8299 8304 8310
8310 8304 8309
8311 8299 8310
8299 8312 8302
8311 8312 8299
8310 8309 8313
8311 8310 8313
8311 8313 8314
8302 8312 8315
8305 8302 8315
8295 8316 8307
8250 8316 8295
8250 8317 8316
8317 8250 8251
8307 8316 8318
8318 8316 8317
8319 8317 8251
8318 8317 8319
8252 8319 8251
8307 8318 8320
8308 8307 8320
8321 8319 8252
8322 8321 8252
8321 8323 8319
8324 8319 8323
8324 8318 8319
8320 8318 8324
8320 8324 8325
8326 8320 8325
8326 8327 8320
8308 8320 8327
8326 8328 8327
8308 8327 8329
8328 8329 8327
8308 8329 8309
8328 8330 8329
8331 8309 8329
8331 8329 8330
8331 8330 8332
8331 8333 8309
8334 8331 8332
8333 8331 8335
8334 8335 8331
8336 8335 8334
8333 8335 8314
8336 8337 8335
8314 8335 8337
8337 8336 8338
8314 8337 8339
8339 8311 8314
8340 8337 8338
8338 8341 8340
8342 8339 8337
8342 8337 8340
8340 8341 8343
8341 8344 8343
8345 8342 8340
8345 8340 8343
8344 8346 8343
8347 8346 8344
8343 8346 8348
8343 8348 8345
8347 8349 8346
8349 8348 8346
8350 8349 8347
8349 8351 8348
8348 8351 8352
8348 8352 8353
8353 8345 8348
8353 8352 8354
8355 8353 8354
8353 8356 8345
8356 8342 8345
8355 8356 8353
8356 8357 8342
8357 8339 8342
8358 8355 8354
8358 8354 8359
8358 8359 8360
8358 8360 8361
8362 8361 8360
8363 8357 8356
8355 8363 8356
8357 8364 8339
8339 8364 8311
8365 8364 8357
8363 8365 8357
8366 8311 8364
8365 8366 8364
8366 8312 8311
8315 8312 8366
8315 8366 8365
8367 8365 8363
8315 8365 8367
8361 8368 8358
8358 8368 8355
8355 8369 8363
8367 8363 8369
8370 8315 8367
8370 8305 8315
8368 8371 8355
8355 8371 8369
8369 8371 8372
8372 8371 8368
8367 8369 8373
8367 8373 8370
8369 8372 8373
8374 8305 8370
8373 8375 8370
8370 8375 8374
8372 8376 8373
8375 8373 8376
8376 8377 8375
8377 8376 8372
8374 8378 8305
8305 8378 8306
8379 8306 8378
8374 8379 8378
8379 8380 8306
8381 8374 8375
8374 8381 8379
8377 8381 8375
8382 8380 8379
8382 8379 8381
8382 8383 8380
8382 8381 8384
8381 8377 8384
8383 8382 8385
8385 8382 8384
8386 8383 8385
8387 8386 8385
8385 8388 8387
8385 8384 8388
8388 8389 8387
8390 8389 8388
8391 8384 8377
8388 8384 8391
8390 8388 8392
8388 8391 8392
8392 8393 8390
8392 8394 8393
8394 8392 8391
8395 8393 8394
8391 8377 8396
8396 8377 8372
8394 8391 8397
8397 8391 8396
8398 8396 8372
8372 8368 8398
8399 8396 8398
8397 8396 8399
8400 8398 8368
8400 8399 8398
8397 8399 8400
8361 8400 8368
8397 8400 8401
8401 8394 8397
8401 8400 8361
8395 8394 8402
8401 8402 8394
8401 8361 8403
8403 8402 8401
8362 8403 8361
8404 8395 8402
8403 8404 8402
8404 8403 8362
8404 8233 8395
8404 8362 8405
8233 8404 8405
8233 8405 8406
8407 8408 8409
8407 8409 8410
8411 8407 8410
8410 8409 8412
8411 8410 8413
8412 8413 8410
8412 8414 8413
8415 8411 8413
8414 8412 8416
8415 8413 8417
8413 8414 8417
8415 8417 8418
8415 8418 8419
8420 8414 8416
8420 8416 8421
8422 8418 8417
8414 8422 8417
8419 8418 8423
8424 8418 8422
8424 8423 8418
8425 8419 8423
8425 8423 8424
8425 8426 8419
8425 8427 8426
8414 8428 8422
8428 8424 8422
8425 8424 8429
8425 8429 8427
8429 8424 8430
8428 8430 8424
8431 8427 8429
8429 8430 8431
8431 8432 8427
8432 8431 8433
8433 8431 8430
8428 8433 8430
8428 8434 8433
8414 8434 8428
8414 8420 8434
8434 8420 8435
8436 8434 8435
8435 8420 8437
8438 8435 8437
8439 8436 8435
8438 8439 8435
8436 8439 8440
8438 8440 8439
8441 8436 8440
8440 8442 8441
8440 8443 8442
8438 8443 8440
8443 8444 8442
8443 8445 8444
8445 8443 8438
8444 8445 8446
8445 8438 8447
8445 8447 8446
8448 8447 8438
8448 8446 8447
8448 8438 8437
8448 8437 8449
8448 8450 8446
8449 8450 8448
8437 8451 8449
8437 8420 8451
8420 8421 8451
8421 8449 8451
8452 8450 8449
8453 8450 8452
8421 8454 8449
8421 8455 8454
8454 8455 8456
8449 8457 8452
8457 8449 8454
8452 8457 8458
8453 8452 8459
8458 8459 8452
8458 8460 8459
8453 8459 8461
8460 8461 8459
8462 8453 8461
8461 8463 8462
8461 8464 8463
8460 8464 8461
8464 8465 8463
8464 8466 8465
8460 8466 8464
8467 8465 8466
8468 8457 8454
8457 8468 8458
8467 8466 8469
8469 8466 8460
8470 8467 8469
8470 8469 8460
8470 8471 8467
8471 8470 8472
8470 8460 8473
8470 8473 8472
8458 8473 8460
8473 8474 8472
8458 8475 8473
8473 8475 8474
8476 8475 8458
8476 8458 8468
8477 8468 8454
8456 8477 8454
8478 8477 8456
8477 8478 8479
8456 8480 8478
8478 8480 8481
8482 8468 8477
8476 8468 8482
8477 8479 8482
8476 8482 8479
8483 8475 8476
8483 8474 8475
8476 8479 8483
8484 8474 8483
8483 8479 8484
8485 8474 8484
8485 8484 8486
8487 8485 8486
8479 8478 8488
8484 8479 8489
8479 8488 8489
8488 8490 8489
8484 8489 8491
8489 8490 8491
8491 8492 8484
8490 8492 8491
8484 8492 8493
8484 8493 8486
8490 8493 8492
8486 8493 8494
8486 8494 8495
8487 8486 8495
8496 8487 8495
8496 8495 8494
8497 8487 8496
8496 8498 8497
8496 8499 8498
8496 8494 8499
8499 8500 8498
8499 8501 8500
8494 8501 8499
8500 8501 8502
8502 8501 8494
8500 8502 8503
8502 8504 8503
8502 8505 8504
8505 8502 8494
8506 8504 8505
8505 8494 8507
8506 8505 8507
8493 8507 8494
8508 8506 8507
8493 8508 8507
8508 8509 8506
8490 8508 8493
8490 8509 8508
8490 8510 8509
8488 8510 8490
8488 8511 8510
8478 8511 8488
8510 8511 8512
8513 8510 8512
8511 8478 8514
8514 8512 8511
8481 8514 8478
8481 8515 8514
8481 8516 8515
8516 8517 8515
8516 8518 8517
8518 8519 8517
8520 8519 8518
8521 8519 8520
8521 8520 8522
8523 8519 8521
8517 8519 8523
8524 8523 8521
8524 8525 8523
8525 8517 8523
8525 8524 8526
8525 8527 8517
8527 8515 8517
8525 8528 8527
8528 8525 8526
8515 8527 8528
8514 8515 8529
8528 8529 8515
8530 8528 8526
8530 8526 8531
8514 8529 8532
8514 8532 8512
8533 8529 8528
8533 8532 8529
8533 8528 8530
8534 8530 8531
8534 8531 8535
8536 8512 8532
8533 8536 8532
8537 8533 8530
8537 8530 8534
8537 8536 8533
8538 8534 8535
8538 8535 8539
8536 8540 8512
8512 8540 8513
8541 8540 8536
8537 8541 8536
8537 8542 8541
8534 8543 8537
8534 8538 8543
8537 8543 8542
8513 8540 8544
8541 8544 8540
8544 8541 8542
8544 8545 8513
8546 8545 8544
8544 8542 8546
8546 8547 8545
8548 8538 8539
8549 8548 8539
8546 8550 8547
8542 8550 8546
8548 8551 8538
8543 8538 8551
8549 8552 8548
8552 8551 8548
8553 8552 8549
8552 8553 8554
8550 8555 8547
8547 8555 8556
8542 8557 8550
8557 8555 8550
8556 8555 8558
8557 8558 8555
8556 8558 8559
8554 8559 8558
8542 8560 8557
8558 8557 8560
8543 8560 8542
8543 8551 8561
8552 8561 8551
8543 8561 8560
8554 8558 8562
8552 8554 8562
8561 8552 8562
8561 8562 8560
8558 8560 8562
8563 8564 8565
8563 8565 8566
8563 8566 8567
8568 8563 8567
8569 8568 8567
8565 8570 8566
8571 8569 8567
8572 8566 8570
8572 8567 8566
8573 8571 8567
8571 8573 8574
8575 8573 8567
8575 8567 8572
8576 8575 8572
8577 8572 8570
8576 8572 8577
8577 8570 8578
8579 8576 8577
8580 8577 8578
8579 8577 8580
8580 8578 8581
8582 8580 8581
8583 8579 8580
8582 8583 8580
8583 8584 8579
8585 8583 8582
8586 8584 8583
8585 8586 8583
8586 8587 8584
8588 8586 8585
8589 8587 8586
8588 8589 8586
8589 8590 8587
8591 8589 8588
8592 8590 8589
8591 8593 8589
8593 8592 8589
8591 8594 8593
8594 8592 8593
8595 8596 8597
8595 8598 8596
8599 8598 8595
8598 8600 8596
8599 8601 8598
8602 8601 8599
8598 8603 8600
8601 8603 8598
8603 8604 8600
8602 8605 8601
8606 8605 8602
8601 8607 8603
8605 8607 8601
8603 8608 8604
8607 8608 8603
8608 8609 8604
8606 8610 8605
8610 8606 8611
8605 8612 8607
8610 8612 8605
8607 8613 8608
8612 8613 8607
8608 8614 8609
8613 8614 8608
8609 8614 8615
8609 8615 8616
8615 8617 8616
8613 8618 8614
8618 8615 8614
8612 8619 8613
8619 8618 8613
8615 8620 8617
8620 8621 8617
8610 8611 8622
8622 8611 8623
8610 8624 8612
8624 8619 8612
8622 8623 8625
8626 8625 8623
8610 8622 8627
8610 8627 8624
8627 8622 8625
8626 8628 8625
8626 8629 8628
8630 8620 8615
8618 8630 8615
8627 8625 8631
8625 8628 8631
8631 8632 8627
8632 8631 8628
8633 8624 8627
8627 8632 8633
8633 8634 8624
8624 8634 8619
8619 8635 8618
8634 8635 8619
8618 8636 8630
8618 8635 8636
8630 8637 8620
8636 8637 8630
8634 8638 8635
8636 8635 8638
8636 8638 8639
8640 8638 8634
8640 8634 8633
8640 8639 8638
8633 8632 8641
8633 8641 8640
8637 8642 8620
8620 8642 8621
8642 8643 8621
8636 8644 8637
8639 8644 8636
8637 8645 8642
8644 8645 8637
8642 8646 8643
8645 8646 8642
8647 8643 8646
8648 8641 8632
8648 8632 8628
8641 8649 8640
8640 8649 8639
8650 8648 8628
8650 8628 8629
8629 8651 8650
8629 8652 8651
8652 8653 8651
8652 8654 8653
8654 8655 8653
8654 8656 8655
8655 8656 8657
8651 8653 8658
8655 8658 8653
8650 8651 8659
8651 8658 8659
8660 8648 8650
8650 8659 8660
8661 8660 8659
8660 8662 8648
8662 8660 8661
8662 8641 8648
8655 8657 8663
8663 8657 8664
8655 8665 8658
8663 8665 8655
8663 8664 8666
8666 8664 8667
8663 8668 8665
8666 8668 8663
8658 8665 8669
8669 8665 8668
8659 8658 8670
8658 8669 8670
8661 8659 8671
8659 8670 8671
8666 8667 8672
8666 8673 8668
8673 8666 8672
8674 8672 8667
8674 8667 8675
8675 8676 8674
8675 8677 8676
8672 8674 8678
8676 8678 8674
8673 8672 8679
8672 8678 8679
8680 8679 8678
8681 8668 8673
8679 8681 8673
8677 8682 8676
8677 8683 8682
8682 8683 8684
8676 8685 8678
8685 8680 8678
8685 8676 8682
8682 8684 8686
8684 8687 8686
8685 8682 8688
8686 8688 8682
8689 8668 8681
8689 8669 8668
8685 8690 8680
8690 8685 8688
8686 8691 8688
8691 8686 8687
8689 8692 8669
8692 8670 8669
8690 8688 8693
8691 8693 8688
8692 8694 8670
8671 8670 8694
8671 8694 8695
8695 8661 8671
8696 8694 8692
8696 8695 8694
8691 8687 8697
8691 8698 8693
8697 8698 8691
8690 8693 8699
8699 8693 8698
8687 8700 8697
8687 8701 8700
8701 8702 8700
8701 8703 8702
8702 8703 8704
8705 8697 8700
8705 8700 8702
8690 8699 8706
8680 8690 8706
8697 8707 8698
8705 8707 8697
8702 8704 8708
8708 8704 8709
8708 8709 8710
8708 8710 8711
8712 8702 8708
8708 8711 8712
8711 8713 8712
8711 8714 8713
8715 8713 8714
8712 8716 8702
8705 8702 8716
8716 8712 8713
8705 8716 8717
8716 8713 8717
8718 8707 8705
8705 8717 8718
8715 8719 8713
8720 8719 8715
8718 8721 8707
8721 8698 8707
8717 8722 8718
8721 8718 8722
8723 8717 8713
8723 8713 8719
8717 8723 8722
8720 8724 8719
8724 8723 8719
8725 8724 8720
8725 8726 8724
8727 8726 8725
8724 8728 8723
8726 8728 8724
8729 8722 8723
8729 8723 8728
8727 8730 8726
8731 8730 8727
8726 8732 8728
8732 8729 8728
8730 8732 8726
8733 8722 8729
8721 8722 8733
8731 8734 8730
8735 8734 8731
8735 8731 8736
8737 8735 8736
8730 8738 8732
8738 8730 8734
8732 8739 8729
8738 8739 8732
8733 8729 8740
8739 8740 8729
8741 8721 8733
8741 8733 8740
8738 8734 8742
8735 8742 8734
8738 8743 8739
8742 8743 8738
8739 8744 8740
8744 8739 8743
8737 8745 8735
8746 8745 8737
8746 8747 8745
8748 8745 8747
8735 8745 8748
8748 8747 8749
8750 8748 8749
8735 8751 8742
8735 8748 8751
8750 8752 8748
8752 8751 8748
8753 8752 8750
8742 8754 8743
8751 8754 8742
8744 8743 8755
8754 8755 8743
8751 8756 8754
8752 8756 8751
8753 8757 8752
8757 8753 8758
8756 8759 8754
8754 8759 8755
8752 8760 8756
8752 8757 8760
8756 8760 8759
8757 8758 8761
8760 8757 8761
8758 8762 8761
8758 8763 8762
8764 8762 8763
8760 8761 8765
8759 8760 8765
8762 8765 8761
8762 8764 8766
8766 8764 8767
8762 8768 8765
8768 8762 8766
8759 8765 8769
8769 8765 8768
8770 8755 8759
8770 8759 8769
8769 8768 8771
8771 8770 8769
8768 8766 8772
8772 8771 8768
8766 8767 8773
8773 8772 8766
8774 8755 8770
8774 8744 8755
8771 8775 8770
8775 8774 8770
8767 8776 8773
8767 8777 8776
8776 8777 8778
8744 8774 8779
8744 8779 8740
8741 8740 8779
8772 8780 8771
8771 8781 8775
8771 8780 8781
8773 8782 8772
8782 8780 8772
8773 8776 8783
8773 8783 8782
8782 8784 8780
8784 8781 8780
8783 8784 8782
8776 8778 8785
8785 8783 8776
8778 8786 8785
8787 8786 8778
8785 8788 8783
8786 8788 8785
8783 8789 8784
8789 8783 8788
8790 8775 8781
8775 8790 8774
8784 8791 8781
8791 8784 8789
8787 8792 8786
8793 8792 8787
8794 8792 8793
8790 8781 8795
8795 8781 8791
8774 8790 8796
8774 8796 8779
8790 8795 8797
8790 8797 8796
8795 8791 8798
8798 8797 8795
8791 8789 8799
8798 8791 8799
8779 8796 8800
8779 8800 8741
8796 8797 8801
8796 8801 8800
8798 8802 8797
8802 8801 8797
8799 8789 8803
8789 8788 8803
8798 8799 8804
8802 8798 8804
8800 8805 8741
8741 8805 8721
8721 8805 8698
8805 8699 8698
8806 8699 8805
8800 8806 8805
8706 8699 8806
8807 8806 8800
8706 8806 8807
8807 8800 8801
8802 8808 8801
8808 8807 8801
8809 8706 8807
8680 8706 8809
8809 8807 8810
8808 8810 8807
8808 8802 8811
8802 8804 8811
8680 8809 8812
8812 8809 8810
8813 8810 8808
8808 8811 8813
8680 8812 8814
8680 8814 8679
8679 8814 8681
8814 8815 8681
8814 8812 8815
8681 8815 8689
8812 8810 8816
8815 8812 8816
8813 8816 8810
8689 8815 8817
8815 8816 8817
8818 8816 8813
8818 8817 8816
8819 8813 8811
8819 8818 8813
8689 8817 8820
8689 8820 8692
8817 8821 8820
8817 8818 8821
8820 8822 8692
8820 8821 8822
8696 8692 8822
8823 8819 8811
8823 8811 8804
8824 8823 8804
8824 8804 8799
8799 8803 8824
8821 8818 8825
8826 8822 8821
8821 8825 8826
8827 8825 8818
8827 8818 8819
8826 8825 8827
8822 8828 8696
8822 8826 8828
8823 8829 8819
8827 8819 8829
8826 8827 8830
8830 8828 8826
8831 8823 8824
8823 8831 8829
8832 8827 8829
8832 8830 8827
8833 8696 8828
8696 8833 8695
8829 8831 8834
8829 8834 8832
8833 8835 8695
8695 8835 8661
8831 8824 8836
8831 8837 8834
8831 8836 8837
8824 8838 8836
8824 8803 8838
8836 8839 8837
8836 8838 8839
8840 8838 8803
8840 8803 8788
8786 8840 8788
8838 8840 8841
8838 8841 8839
8842 8840 8786
8842 8841 8840
8786 8792 8842
8842 8792 8843
8794 8843 8792
8844 8841 8842
8842 8843 8844
8794 8845 8843
8844 8843 8845
8794 8846 8845
8847 8845 8846
8839 8841 8848
8844 8848 8841
8847 8849 8845
8850 8849 8847
8844 8845 8851
8848 8844 8851
8851 8845 8849
8839 8848 8852
8837 8839 8852
8848 8851 8853
8853 8852 8848
8851 8849 8854
8853 8851 8854
8850 8855 8849
8854 8849 8855
8837 8852 8856
8834 8837 8856
8853 8857 8852
8856 8852 8857
8853 8854 8858
8857 8853 8858
8834 8856 8859
8832 8834 8859
8854 8860 8858
8854 8855 8860
8850 8861 8855
8850 8862 8861
8856 8857 8863
8863 8859 8856
8857 8858 8864
8860 8864 8858
8855 8865 8860
8855 8861 8865
8862 8866 8861
8862 8867 8866
8861 8866 8868
8861 8868 8865
8867 8869 8866
8869 8868 8866
8867 8870 8869
8869 8870 8871
8865 8872 8860
8860 8872 8864
8873 8857 8864
8873 8863 8857
8869 8871 8874
8874 8871 8875
8864 8876 8873
8864 8872 8876
8865 8877 8872
8868 8877 8865
8863 8873 8878
8878 8873 8876
8869 8879 8868
8879 8869 8874
8874 8875 8880
8880 8875 8881
8872 8882 8876
8872 8877 8882
8868 8883 8877
8879 8883 8868
8879 8874 8884
8884 8874 8880
8880 8881 8885
8885 8881 8886
8885 8886 8887
8888 8880 8885
8884 8880 8888
8889 8885 8887
8888 8885 8889
8889 8887 8890
8891 8879 8884
8879 8891 8883
8877 8883 8892
8877 8892 8882
8893 8882 8892
8883 8894 8892
8883 8891 8894
8894 8893 8892
8891 8884 8895
8895 8884 8888
8894 8891 8895
8896 8888 8889
8895 8888 8896
8897 8889 8890
8896 8889 8897
8897 8890 8898
8894 8895 8899
8899 8895 8896
8900 8896 8897
8899 8896 8900
8901 8897 8898
8900 8897 8901
8902 8900 8901
8901 8898 8903
8903 8902 8901
8903 8904 8902
8902 8904 8647
8899 8905 8894
8894 8905 8893
8906 8899 8900
8902 8906 8900
8902 8647 8907
8647 8646 8907
8899 8908 8905
8906 8908 8899
8909 8906 8902
8909 8902 8907
8910 8907 8646
8910 8909 8907
8645 8910 8646
8911 8906 8909
8911 8908 8906
8910 8911 8909
8912 8905 8908
8893 8905 8912
8912 8908 8911
8913 8910 8645
8644 8913 8645
8910 8914 8911
8913 8914 8910
8911 8915 8912
8911 8914 8915
8916 8913 8644
8639 8916 8644
8917 8914 8913
8916 8917 8913
8917 8915 8914
8918 8912 8915
8893 8912 8918
8919 8916 8639
8917 8916 8919
8920 8915 8917
8918 8915 8920
8921 8893 8918
8921 8918 8920
8920 8917 8922
8917 8919 8922
8923 8920 8922
8921 8920 8923
8919 8639 8924
8639 8649 8924
8925 8922 8919
8923 8922 8925
8925 8919 8926
8924 8926 8919
8924 8649 8927
8641 8927 8649
8662 8927 8641
8924 8927 8928
8662 8928 8927
8924 8928 8926
8662 8929 8928
8926 8928 8929
8662 8661 8929
8661 8930 8929
8926 8929 8930
8661 8835 8930
8931 8925 8926
8931 8926 8930
8931 8923 8925
8835 8931 8930
8931 8932 8923
8932 8921 8923
8835 8933 8931
8933 8932 8931
8833 8933 8835
8933 8833 8934
8833 8828 8934
8933 8935 8932
8933 8934 8935
8932 8936 8921
8936 8932 8935
8937 8934 8828
8830 8937 8828
8934 8938 8935
8937 8938 8934
8830 8939 8937
8939 8938 8937
8830 8832 8939
8832 8859 8939
8935 8938 8940
8936 8935 8940
8939 8941 8938
8859 8941 8939
8940 8938 8941
8942 8921 8936
8921 8942 8893
8893 8942 8882
8942 8936 8943
8882 8942 8943
8940 8943 8936
8882 8943 8876
8878 8876 8943
8940 8878 8943
8941 8878 8940
8859 8944 8941
8941 8944 8878
8863 8944 8859
8863 8878 8944
8945 8946 8947
8945 8947 8948
8949 8945 8948
8949 8950 8945
8951 8950 8949
8950 8952 8945
8950 8953 8952
8950 8954 8953
8954 8950 8951
8954 8955 8953
8948 8947 8956
8957 8956 8947
8956 8957 8958
8956 8958 8959
8959 8958 8960
8956 8961 8948
8961 8956 8959
8959 8960 8962
8962 8960 8963
8964 8961 8959
8961 8964 8948
8964 8959 8962
8962 8963 8965
8964 8962 8965
8965 8963 8966
8964 8967 8948
8967 8949 8948
8965 8966 8968
8968 8966 8969
8967 8968 8969
8970 8964 8965
8970 8965 8968
8970 8967 8964
8970 8968 8967
8971 8967 8969
8967 8971 8949
8971 8969 8972
8949 8971 8972
8949 8972 8973
8974 8949 8973
8974 8973 8975
8976 8949 8974
8976 8951 8949
8974 8975 8977
8977 8975 8978
8977 8978 8979
8979 8978 8980
8981 8974 8977
8982 8977 8979
8982 8981 8977
8979 8983 8982
8979 8984 8983
8979 8980 8984
8983 8985 8982
8982 8986 8981
8982 8985 8986
8987 8974 8981
8986 8987 8981
8984 8980 8988
8989 8988 8980
8984 8988 8990
8990 8983 8984
8991 8988 8989
8990 8988 8991
8991 8989 8992
8991 8992 8993
8990 8991 8994
8994 8983 8990
8991 8993 8995
8994 8991 8995
8993 8996 8995
8993 8997 8996
8994 8995 8998
8994 8998 8983
8996 8998 8995
8996 8997 8999
8999 8997 9000
8999 9000 9001
8996 9002 8998
8998 9002 8983
8996 9003 9002
8999 9003 8996
9003 8983 9002
9004 9003 8999
9003 9004 8983
9004 8999 9001
8983 9004 8985
8985 9004 9001
8985 9001 9005
8985 9005 8986
9005 9006 8986
8986 9006 9007
8987 8986 9007
9008 8987 9007
9008 9009 8987
9009 8974 8987
9009 8976 8974
9009 9008 9010
9008 9011 9010
9010 9011 9012
9012 9013 9010
9014 9009 9010
9014 9010 9013
9009 9014 8976
9014 9013 9015
9014 9015 9016
9014 9016 9017
9014 9017 8976
9017 9016 9018
8976 9017 9019
9017 9018 9019
9019 9018 9020
8976 9019 8951
9019 9020 9021
8951 9019 9021
9021 9020 9022
8951 9021 9023
9021 9022 9024
9023 9021 9024
9025 9024 9022
9025 9022 9026
9025 9026 9027
9025 9027 9028
9029 9024 9025
9023 9024 9029
9030 9025 9028
9029 9025 9030
9030 9028 9031
9031 9032 9030
9032 9029 9030
9031 9033 9032
9032 9033 9034
9035 8951 9023
9035 8954 8951
8954 9035 9036
8954 9036 9037
8954 9037 8955
9038 8955 9037
9038 9039 8955
9040 9039 9038
9040 9041 9039
9042 9038 9037
9040 9038 9042
9042 9037 9043
9042 9043 9040
9043 9037 9036
9044 9041 9040
9043 9044 9040
9044 9045 9041
9046 9045 9044
9043 9046 9044
9046 9047 9045
9046 9043 9048
9048 9043 9036
9049 9047 9046
9048 9049 9046
9049 9048 9036
9049 9050 9047
9051 9050 9049
9051 9049 9036
9036 9052 9051
9036 9035 9052
9035 9053 9052
9023 9053 9035
9052 9053 9054
9052 9054 9055
9023 9056 9053
9023 9029 9056
9053 9057 9054
9053 9056 9057
9058 9055 9054
9058 9059 9055
9058 9060 9059
9061 9058 9054
9058 9061 9060
9057 9061 9054
9061 9062 9060
9061 9063 9062
9063 9061 9057
9064 9062 9063
9064 9063 9057
9057 9065 9064
9057 9056 9065
9056 9029 9066
9056 9066 9065
9032 9066 9029
9067 9065 9066
9066 9032 9068
9032 9034 9068
9067 9066 9069
9066 9068 9069
9034 9070 9068
9034 9071 9070
9068 9070 9072
9071 9072 9070
9069 9068 9072
9071 9073 9072
9074 9067 9069
9074 9069 9072
9074 9072 9073
9074 9075 9067
9074 9073 9075
144 9076 248
248 9076 9077
9077 9076 147
9078 522 9079
9080 9078 9079
9080 9081 9078
9080 9082 9081
9080 9083 9082
9082 9083 9084
9085 9081 9082
9086 9082 9084
9085 9082 9087
494 9085 9087
494 9087 498
9086 9088 9082
9082 9088 9087
9089 9088 9086
9089 9090 9088
9091 9088 9090
9091 9090 9092
9091 9092 9093
9091 9093 9094
9088 9095 9087
498 9087 9095
9091 9095 9088
498 9095 9096
9091 9096 9095
500 498 9096
9097 500 9096
9091 9094 9098
9091 9098 9096
9097 9096 9098
9098 9094 9099
9098 9099 9097
757 860 9100
860 9101 9100
9101 760 9100
9102 9103 9104
9102 9104 9105
9103 9106 9104
9104 9106 9105
9107 9108 9109
9107 9109 9110
9108 9111 9109
9109 9111 9110
9112 9113 9114
9112 9114 9115
9113 9116 9114
9114 9116 9115
9117 9118 9119
9120 9117 9119
9119 9118 9121
9120 9119 9122
9123 9120 9122
9119 9121 9124
9124 9121 9125
9126 9122 9119
9126 9119 9124
9123 9122 9127
9127 9122 9126
9125 9128 9124
9125 9129 9128
9130 9128 9129
9131 9123 9127
9131 9132 9123
9133 9132 9131
9134 9133 9131
9124 9135 9126
9128 9135 9124
9127 9126 9136
9131 9127 9136
9136 9126 9135
9130 9137 9128
9137 9130 9138
9131 9139 9134
9131 9136 9139
9136 9135 9140
9140 9139 9136
9128 9141 9135
9137 9141 9128
9141 9140 9135
9142 9134 9139
9140 9142 9139
9142 9143 9134
9141 9144 9140
9140 9144 9142
9145 9143 9142
9145 9146 9143
9147 9146 9145
9148 9144 9141
9137 9148 9141
9142 9144 9149
9148 9149 9144
9142 9149 9145
9147 9145 9150
9150 9151 9147
9152 9148 9137
9152 9149 9148
9145 9149 9153
9145 9153 9150
9152 9153 9149
9150 9153 9154
9155 9151 9150
9150 9154 9155
9155 9156 9151
9152 9137 9157
9137 9138 9157
9158 9153 9152
9158 9154 9153
9152 9157 9158
9159 9156 9155
9159 9155 9154
9157 9138 9160
9160 9138 9161
9158 9157 9162
9154 9158 9162
9160 9162 9157
9160 9161 9163
9163 9161 9164
9162 9160 9165
9154 9162 9165
9163 9165 9160
9166 9163 9164
9166 9164 9167
9165 9168 9154
9168 9159 9154
9163 9169 9165
9165 9169 9168
9163 9166 9169
9168 9170 9159
9170 9168 9169
9171 9166 9167
9171 9167 9172
9169 9166 9173
9170 9169 9173
9174 9173 9166
9171 9174 9166
9174 9170 9173
9174 9171 9175
9174 9176 9170
9159 9170 9177
9176 9177 9170
9156 9159 9177
9156 9177 9178
9179 9171 9172
9171 9179 9175
9179 9172 9180
9181 9175 9179
9182 9177 9176
9178 9177 9182
9182 9176 9183
9178 9182 9184
9180 9185 9179
9179 9185 9181
9180 9186 9185
9182 9183 9187
9184 9182 9187
9184 9187 9188
9189 9187 9183
9188 9187 9190
9189 9190 9187
9188 9190 9191
9181 9185 9192
9181 9192 9193
9193 9192 9194
9194 9192 9195
9192 9185 9195
9194 9195 9196
9186 9197 9185
9195 9185 9197
9186 9198 9197
9199 9196 9195
9195 9197 9199
9200 9197 9198
9200 9199 9197
9200 9198 9201
9201 9202 9200
9200 9202 9199
9202 9191 9190
9201 9203 9202
9202 9203 9191
9199 9204 9196
9204 9199 9202
9202 9190 9204
9205 9196 9204
9204 9190 9206
9204 9206 9205
9206 9190 9189
9205 9206 9207
9207 9206 9189
9208 9209 9210
9211 9210 9209
9210 9211 9212
9213 9208 9210
9213 9214 9208
9215 9214 9213
9216 9215 9213
9216 9213 9217
9210 9217 9213
9217 9218 9216
9219 9218 9217
9210 9212 9220
9210 9220 9217
9219 9217 9220
9212 9221 9220
9219 9220 9222
9221 9222 9220
9223 9224 9225
9225 9226 9223
9227 9225 9224
9228 9227 9224
9226 9225 9229
9225 9230 9229
9225 9227 9230
9231 9230 9227
9226 9229 9232
9231 9227 9233
9227 9228 9233
9234 9231 9233
9235 9226 9232
9235 9232 9236
9237 9233 9228
9238 9237 9228
9234 9233 9239
9237 9239 9233
9239 9240 9234
9241 9240 9239
9241 9242 9240
9239 9237 9243
9239 9243 9241
9226 9235 9244
9245 9244 9235
9244 9246 9226
9246 9244 9245
9246 9245 9247
9245 9248 9247
9249 9243 9237
9238 9249 9237
9245 9235 9250
9250 9235 9236
9250 9236 9251
9252 9250 9251
9252 9253 9250
9245 9250 9253
9254 9253 9252
9245 9255 9248
9245 9253 9255
9255 9256 9248
9255 9253 9256
9254 9256 9253
9256 9254 9257
9256 9257 9258
9259 9256 9258
9260 9258 9257
9259 9258 9261
9260 9262 9258
9262 9261 9258
9263 9262 9260
9261 9262 9238
9263 9264 9262
9262 9264 9238
9265 9264 9263
9264 9249 9238
9265 9266 9264
9264 9266 9249
9266 9265 9267
9267 9265 9268
9249 9266 9269
9266 9267 9269
9249 9269 9243
9270 9243 9269
9270 9241 9243
9267 9268 9271
9271 9268 9272
9272 9273 9271
9272 9274 9273
9275 9273 9274
9276 9269 9267
9270 9269 9276
9276 9267 9277
9271 9277 9267
9270 9276 9277
9241 9270 9278
9278 9242 9241
9279 9242 9278
9279 9280 9242
9281 9280 9279
9271 9282 9277
9282 9271 9273
9270 9277 9283
9283 9278 9270
9282 9283 9277
9284 9278 9283
9284 9279 9278
9282 9284 9283
9282 9285 9284
9284 9285 9279
9281 9279 9286
9286 9287 9281
9282 9288 9285
9282 9273 9288
9289 9279 9285
9288 9289 9285
9289 9286 9279
9290 9287 9286
9290 9291 9287
9273 9292 9288
9288 9292 9289
9286 9289 9293
9286 9293 9290
9273 9294 9292
9275 9294 9273
9289 9292 9295
9292 9294 9295
9289 9295 9293
9275 9296 9294
9294 9296 9295
9297 9296 9275
9293 9295 9298
9298 9295 9296
9296 9297 9299
9299 9297 9300
9301 9299 9300
9293 9298 9302
9302 9290 9293
9298 9296 9303
9302 9298 9303
9299 9303 9296
9301 9304 9299
9304 9301 9305
9302 9306 9290
9302 9303 9306
9299 9307 9303
9307 9299 9304
9304 9305 9308
9308 9305 9309
9308 9309 9310
9290 9306 9311
9311 9291 9290
9312 9291 9311
9313 9306 9303
9313 9311 9306
9313 9303 9307
9312 9311 9314
9314 9311 9313
9315 9312 9314
9308 9316 9304
9307 9304 9316
9310 9317 9308
9308 9317 9316
9317 9318 9316
9310 9319 9317
9317 9319 9318
9319 9320 9318
9318 9320 9321
9321 9322 9318
9307 9323 9313
9307 9316 9323
9314 9313 9323
9318 9323 9316
9315 9314 9324
9324 9314 9323
9324 9325 9315
9326 9325 9324
9326 9324 9322
9322 9327 9318
9318 9327 9323
9327 9322 9324
9324 9323 9327
9328 9329 9330
9330 9329 9331
9328 9330 9332
9333 9328 9332
9334 9333 9332
9332 9330 9335
9334 9332 9335
9335 9330 9336
9334 9335 9336
9330 9331 9337
9336 9330 9337
9334 9336 9338
9338 9339 9334
9340 9339 9338
9338 9336 9341
9338 9341 9340
9341 9336 9337
9331 9342 9337
9331 9343 9342
9342 9343 9344
9341 9345 9340
9346 9340 9345
9347 9341 9337
9347 9337 9342
9341 9347 9345
9342 9344 9348
9349 9348 9344
9347 9342 9350
9350 9345 9347
9350 9342 9348
9351 9346 9345
9350 9351 9345
9351 9352 9346
9351 9350 9353
9350 9348 9353
9352 9351 9354
9351 9353 9354
9352 9354 9355
9352 9355 9356
9355 9357 9356
9358 9355 9354
9355 9358 9357
9353 9358 9354
9358 9359 9357
9348 9360 9353
9353 9360 9358
9358 9361 9359
9360 9361 9358
9348 9362 9360
9349 9362 9348
9363 9359 9361
9363 9364 9359
9365 9364 9363
9365 9363 9366
9360 9367 9361
9362 9367 9360
9367 9363 9361
9349 9368 9362
9362 9368 9367
9349 9369 9368
9370 9368 9369
9370 9367 9368
9371 9366 9363
9367 9371 9363
9370 9371 9367
9371 9372 9366
9373 9371 9370
9373 9372 9371
9374 9375 9376
9377 9375 9374
9374 9376 9378
9377 9374 9379
9378 9376 9380
9378 9380 9381
9381 9380 9382
9381 9382 9383
9384 9377 9379
9385 9383 9382
9385 9386 9383
9387 9386 9385
9387 9385 9388
9389 9387 9388
9384 9379 9389
9389 9388 9390
9389 9390 9391
9384 9389 9392
9389 9391 9392
9384 9392 9393
9391 9394 9392
9392 9394 9393
9391 9395 9394
9393 9394 9396
9395 9397 9394
9394 9397 9396
9398 9399 9400
9398 9400 9401
9398 9402 9399
9402 9403 9399
9398 9401 9404
9404 9401 9405
9404 9405 9406
9406 9405 9407
9406 9407 9408
9409 9408 9407
9408 9409 9410
9406 9408 9410
9409 9411 9410
9410 9411 9412
9406 9410 9413
9410 9412 9413
9413 9404 9406
9414 9413 9412
9413 9415 9404
9414 9415 9413
9415 9398 9404
9416 9415 9414
9415 9417 9398
9416 9417 9415
9402 9398 9417
9416 9418 9417
9402 9417 9418
9416 9419 9418
9420 9402 9418
9402 9420 9403
9419 9421 9418
9420 9418 9421
9419 9422 9421
9421 9422 9423
9403 9420 9424
9424 9420 9421
9403 9424 9425
9421 9423 9426
9424 9421 9426
9425 9424 9427
9427 9424 9426
9425 9427 9428
9423 9429 9426
9427 9426 9429
9423 9430 9429
9429 9430 9431
9428 9427 9432
9432 9427 9429
9428 9432 9433
9429 9431 9434
9432 9429 9434
9433 9432 9435
9435 9432 9434
9433 9435 9436
9431 9437 9434
9435 9434 9437
9431 9438 9437
9437 9438 9439
9436 9435 9440
9440 9435 9437
9436 9440 9441
9437 9439 9442
9440 9437 9442
9442 9439 9443
9441 9440 9444
9444 9440 9442
9441 9444 9445
9444 9446 9445
9442 9443 9447
9444 9442 9447
9444 9448 9446
9448 9444 9447
9443 9449 9447
9448 9447 9449
9443 9450 9449
9449 9450 9451
9446 9448 9452
9452 9448 9449
9446 9452 9453
9454 9453 9452
9449 9451 9455
9452 9449 9455
9455 9451 9456
9454 9452 9457
9455 9457 9452
9458 9454 9457
9455 9456 9459
9458 9459 9456
9455 9459 9457
9459 9458 9457
9460 9461 9462
9463 9461 9460
9462 9461 9464
9465 9461 9463
9464 9461 9466
9467 9461 9465
9466 9461 9468
9461 9467 9469
9468 9461 9469
9470 9471 9472
9470 9472 9473
9470 9474 9471
9470 9473 9475
9470 9476 9474
9470 9475 9477
9470 9478 9476
9470 9477 9478
9479 9480 9481
9479 9482 9480
9479 9481 9483
9479 9484 9482
9479 9483 9485
9479 9486 9484
9479 9485 9487
9479 9487 9486
9488 9489 9490
9488 9491 9489
9488 9490 9492
9488 9493 9491
9488 9492 9494
9488 9495 9493
9488 9494 9496
9488 9496 9495
9497 9498 9499
9500 9498 9497
9499 9498 9501
9502 9498 9500
9501 9498 9503
9504 9498 9502
9503 9498 9505
9498 9504 9506
9505 9498 9506
9507 9508 9509
9510 9508 9507
9509 9508 9511
9512 9508 9510
9508 9513 9511
9514 9508 9512
9508 9515 9513
9516 9508 9514
9508 9517 9515
9508 9516 9518
9508 9519 9517
9508 9518 9520
9508 9521 9519
9508 9520 9521
9522 9523 9524
9525 9522 9524
9522 9526 9523
9526 9527 9523
9525 9528 9522
9529 9528 9525
9530 9526 9522
9528 9530 9522
9526 9531 9527
9531 9532 9527
9529 9533 9528
9534 9533 9529
9530 9535 9526
9535 9531 9526
9528 9536 9530
9533 9536 9528
9537 9535 9530
9536 9537 9530
9535 9537 9538
9536 9538 9537
9531 9535 9539
9539 9535 9538
9532 9531 9540
9540 9531 9539
9540 9539 9541
9541 9539 9542
9539 9538 9542
9541 9542 9543
9544 9543 9542
9536 9545 9538
9545 9542 9538
9545 9544 9542
9533 9545 9536
9546 9544 9545
9533 9546 9545
9534 9546 9533
9547 9548 9532
9532 9549 9547
9550 9548 9547
9550 9551 9548
9549 9552 9547
9549 9553 9552
9554 9550 9547
9547 9552 9554
9555 9551 9550
9555 9556 9551
9557 9556 9555
9553 9558 9552
9553 9559 9558
9560 9558 9559
9561 9555 9550
9561 9550 9554
9557 9555 9562
9562 9555 9561
9563 9557 9562
9552 9558 9564
9552 9564 9554
9565 9558 9560
9565 9564 9558
9566 9565 9560
9567 9561 9554
9554 9564 9567
9568 9561 9567
9568 9567 9564
9562 9561 9568
9568 9564 9565
9563 9562 9569
9569 9562 9568
9569 9568 9565
9569 9565 9566
9534 9563 9569
9534 9569 9566
9570 9571 9572
9573 9570 9572
9570 9574 9571
9574 9575 9571
9573 9576 9570
9577 9576 9573
9578 9574 9570
9576 9578 9570
9574 9579 9575
9579 9580 9575
9577 9581 9576
9582 9581 9577
9578 9583 9574
9583 9579 9574
9576 9584 9578
9581 9584 9576
9585 9583 9578
9584 9585 9578
9583 9585 9586
9584 9586 9585
9579 9583 9587
9587 9583 9586
9580 9579 9588
9588 9579 9587
9588 9587 9589
9589 9587 9590
9587 9586 9590
9589 9590 9591
9592 9591 9590
9584 9593 9586
9593 9590 9586
9593 9592 9590
9581 9593 9584
9594 9592 9593
9581 9594 9593
9582 9594 9581
9595 9596 9580
9580 9597 9595
9598 9596 9595
9598 9599 9596
9597 9600 9595
9597 9601 9600
9602 9598 9595
9595 9600 9602
9603 9599 9598
9603 9604 9599
9605 9604 9603
9601 9606 9600
9601 9607 9606
9608 9606 9607
9609 9603 9598
9609 9598 9602
9605 9603 9610
9610 9603 9609
9611 9605 9610
9600 9606 9612
9600 9612 9602
9613 9606 9608
9613 9612 9606
9614 9613 9608
9615 9609 9602
9602 9612 9615
9616 9609 9615
9616 9615 9612
9610 9609 9616
9616 9612 9613
9611 9610 9617
9617 9610 9616
9617 9616 9613
9617 9613 9614
9582 9611 9617
9582 9617 9614
9618 9619 9620
9621 9618 9620
9618 9622 9619
9622 9623 9619
9621 9624 9618
9625 9624 9621
9626 9622 9618
9624 9626 9618
9622 9627 9623
9627 9628 9623
9625 9629 9624
9630 9629 9625
9626 9631 9622
9631 9627 9622
9624 9632 9626
9629 9632 9624
9633 9631 9626
9632 9633 9626
9631 9633 9634
9632 9634 9633
9627 9631 9635
9635 9631 9634
9628 9627 9636
9636 9627 9635
9636 9635 9637
9637 9635 9638
9635 9634 9638
9637 9638 9639
9640 9639 9638
9632 9641 9634
9641 9638 9634
9641 9640 9638
9629 9641 9632
9642 9640 9641
9629 9642 9641
9630 9642 9629
9643 9644 9628
9628 9645 9643
9646 9644 9643
9646 9647 9644
9645 9648 9643
9645 9649 9648
9650 9646 9643
9643 9648 9650
9651 9647 9646
9651 9652 9647
9653 9652 9651
9649 9654 9648
9649 9655 9654
9656 9654 9655
9657 9651 9646
9657 9646 9650
9653 9651 9658
9658 9651 9657
9659 9653 9658
9648 9654 9660
9648 9660 9650
9661 9654 9656
9661 9660 9654
9662 9661 9656
9663 9657 9650
9650 9660 9663
9664 9657 9663
9664 9663 9660
9658 9657 9664
9664 9660 9661
9659 9658 9665
9665 9658 9664
9665 9664 9661
9665 9661 9662
9630 9659 9665
9630 9665 9662
9666 9667 9668
9669 9666 9668
9666 9670 9667
9670 9671 9667
9669 9672 9666
9673 9672 9669
9674 9670 9666
9672 9674 9666
9670 9675 9671
9675 9676 9671
9673 9677 9672
9678 9677 9673
9674 9679 9670
9679 9675 9670
9672 9680 9674
9677 9680 9672
9681 9679 9674
9680 9681 9674
9679 9681 9682
9680 9682 9681
9675 9679 9683
9683 9679 9682
9676 9675 9684
9684 9675 9683
9684 9683 9685
9685 9683 9686
9683 9682 9686
9685 9686 9687
9688 9687 9686
9680 9689 9682
9689 9686 9682
9689 9688 9686
9677 9689 9680
9690 9688 9689
9677 9690 9689
9678 9690 9677
9691 9692 9676
9676 9693 9691
9694 9692 9691
9694 9695 9692
9693 9696 9691
9693 9697 9696
9698 9694 9691
9691 9696 9698
9699 9695 9694
9699 9700 9695
9701 9700 9699
9697 9702 9696
9697 9703 9702
9704 9702 9703
9705 9699 9694
9705 9694 9698
9701 9699 9706
9706 9699 9705
9707 9701 9706
9696 9702 9708
9696 9708 9698
9709 9702 9704
9709 9708 9702
9710 9709 9704
9711 9705 9698
9698 9708 9711
9712 9705 9711
9712 9711 9708
9706 9705 9712
9712 9708 9709
9707 9706 9713
9713 9706 9712
9713 9712 9709
9713 9709 9710
9678 9707 9713
9678 9713 9710
9714 9715 9716
9717 9714 9716
9714 9718 9715
9718 9719 9715
9717 9720 9714
9721 9720 9717
9722 9718 9714
9720 9722 9714
9718 9723 9719
9723 9724 9719
9721 9725 9720
9726 9725 9721
9722 9727 9718
9727 9723 9718
9720 9728 9722
9725 9728 9720
9729 9727 9722
9728 9729 9722
9727 9729 9730
9728 9730 9729
9723 9727 9731
9731 9727 9730
9724 9723 9732
9732 9723 9731
9732 9731 9733
9733 9731 9734
9731 9730 9734
9733 9734 9735
9736 9735 9734
9728 9737 9730
9737 9734 9730
9737 9736 9734
9725 9737 9728
9738 9736 9737
9725 9738 9737
9726 9738 9725
9739 9740 9724
9724 9741 9739
9742 9740 9739
9742 9743 9740
9741 9744 9739
9741 9745 9744
9746 9742 9739
9739 9744 9746
9747 9743 9742
9747 9748 9743
9749 9748 9747
9745 9750 9744
9745 9751 9750
9752 9750 9751
9753 9747 9742
9753 9742 9746
9749 9747 9754
9754 9747 9753
9755 9749 9754
9744 9750 9756
9744 9756 9746
9757 9750 9752
9757 9756 9750
9758 9757 9752
9759 9753 9746
9746 9756 9759
9760 9753 9759
9760 9759 9756
9754 9753 9760
9760 9756 9757
9755 9754 9761
9761 9754 9760
9761 9760 9757
9761 9757 9758
9726 9755 9761
9726 9761 9758
9762 9763 9764
9765 9762 9764
9762 9766 9763
9766 9767 9763
9765 9768 9762
9769 9768 9765
9770 9766 9762
9768 9770 9762
9766 9771 9767
9771 9772 9767
9769 9773 9768
9774 9773 9769
9770 9775 9766
9775 9771 9766
9768 9776 9770
9773 9776 9768
9777 9775 9770
9776 9777 9770
9775 9777 9778
9776 9778 9777
9771 9775 9779
9779 9775 9778
9772 9771 9780
9780 9771 9779
9780 9779 9781
9781 9779 9782
9779 9778 9782
9781 9782 9783
9784 9783 9782
9776 9785 9778
9785 9782 9778
9785 9784 9782
9773 9785 9776
9786 9784 9785
9773 9786 9785
9774 9786 9773
9787 9788 9772
9772 9789 9787
9790 9788 9787
9790 9791 9788
9789 9792 9787
9789 9793 9792
9794 9790 9787
9787 9792 9794
9795 9791 9790
9795 9796 9791
9797 9796 9795
9793 9798 9792
9793 9799 9798
9800 9798 9799
9801 9795 9790
9801 9790 9794
9797 9795 9802
9802 9795 9801
9803 9797 9802
9792 9798 9804
9792 9804 9794
9805 9798 9800
9805 9804 9798
9806 9805 9800
9807 9801 9794
9794 9804 9807
9808 9801 9807
9808 9807 9804
9802 9801 9808
9808 9804 9805
9803 9802 9809
9809 9802 9808
9809 9808 9805
9809 9805 9806
9774 9803 9809
9774 9809 9806
9810 9811 9812
9813 9811 9810
9811 9814 9812
9813 9815 9811
9816 9815 9813
9811 9817 9814
9817 9818 9814
9819 9811 9815
9819 9817 9811
9816 9820 9815
9820 9819 9815
9818 9817 9821
9818 9821 9822
9823 9822 9821
9824 9820 9816
9824 9816 9825
9826 9824 9825
9827 9824 9826
9817 9819 9828
9821 9817 9828
9820 9829 9819
9824 9829 9820
9829 9828 9819
9823 9821 9830
9830 9831 9823
9824 9827 9832
9824 9832 9829
9829 9833 9828
9833 9829 9832
9821 9828 9834
9830 9821 9834
9834 9828 9833
9835 9832 9827
9833 9832 9835
9835 9827 9836
9834 9833 9837
9833 9835 9837
9838 9835 9836
9838 9836 9839
9840 9838 9839
9841 9834 9837
9830 9834 9841
9835 9842 9837
9841 9837 9842
9835 9838 9842
9840 9843 9838
9843 9840 9844
9845 9830 9841
9845 9841 9842
9838 9846 9842
9838 9843 9846
9845 9842 9846
9843 9847 9846
9848 9843 9844
9843 9848 9847
9848 9844 9849
9845 9850 9830
9830 9850 9831
9851 9845 9846
9851 9846 9847
9845 9851 9850
9852 9848 9849
9852 9847 9848
9850 9853 9831
9853 9854 9831
9851 9855 9850
9847 9855 9851
9853 9850 9855
9853 9856 9854
9856 9857 9854
9855 9858 9853
9847 9858 9855
9856 9853 9858
9859 9857 9856
9859 9860 9857
9858 9847 9861
9861 9847 9852
9856 9858 9862
9858 9861 9862
9856 9862 9859
9861 9852 9863
9863 9862 9861
9864 9860 9859
9864 9865 9860
9862 9866 9859
9863 9866 9862
9867 9859 9866
9864 9859 9867
9867 9866 9863
9867 9868 9864
9867 9863 9869
9852 9870 9863
9869 9863 9870
9849 9870 9852
9849 9871 9870
9872 9865 9864
9864 9868 9872
9872 9873 9865
9874 9872 9868
9875 9869 9870
9871 9875 9870
9875 9876 9869
9871 9877 9875
9873 9872 9878
9872 9874 9878
9873 9878 9879
9875 9880 9876
9877 9880 9875
9877 9881 9880
9882 9876 9880
9881 9883 9880
9882 9880 9883
9881 9884 9883
9874 9885 9878
9874 9886 9885
9886 9887 9885
9887 9888 9885
9885 9888 9878
9887 9889 9888
9879 9878 9890
9888 9890 9878
9879 9890 9891
9892 9888 9889
9888 9892 9890
9893 9891 9890
9893 9890 9892
9893 9894 9891
9894 9893 9895
9893 9892 9895
9895 9883 9884
9894 9895 9896
9895 9884 9896
9892 9889 9897
9897 9895 9892
9895 9897 9883
9898 9897 9889
9897 9899 9883
9897 9898 9899
9899 9882 9883
9898 9900 9899
9900 9882 9899
9901 9902 9903
9904 9903 9902
9902 9905 9904
9906 9902 9901
9906 9901 9907
9908 9906 9907
9909 9906 9908
9909 9910 9906
9902 9906 9910
9910 9909 9911
9912 9910 9911
9902 9913 9905
9902 9910 9913
9912 9913 9910
9905 9913 9914
9912 9915 9913
9914 9913 9915
9916 9917 9918
9917 9916 9919
9920 9918 9917
9921 9918 9920
9919 9922 9917
9917 9922 9923
9917 9923 9920
9924 9920 9923
9919 9925 9922
9924 9926 9920
9920 9926 9921
9927 9926 9924
9928 9925 9919
9928 9929 9925
9930 9921 9926
9931 9921 9930
9927 9932 9926
9930 9926 9932
9932 9927 9933
9934 9932 9933
9934 9933 9935
9932 9936 9930
9932 9934 9936
9919 9937 9928
9938 9928 9937
9937 9919 9939
9939 9938 9937
9939 9940 9938
9938 9940 9941
9942 9930 9936
9931 9930 9942
9938 9943 9928
9943 9929 9928
9943 9944 9929
9945 9944 9943
9945 9943 9946
9938 9946 9943
9947 9945 9946
9938 9941 9948
9938 9948 9946
9948 9941 9949
9948 9949 9946
9947 9946 9949
9949 9950 9947
9949 9951 9950
9952 9951 9949
9953 9950 9951
9952 9954 9951
9953 9951 9955
9955 9951 9954
9956 9953 9955
9954 9931 9955
9956 9955 9957
9955 9931 9957
9958 9956 9957
9957 9931 9942
9958 9957 9959
9957 9942 9959
9959 9960 9958
9960 9961 9958
9942 9962 9959
9959 9962 9960
9942 9936 9962
9963 9962 9936
9963 9936 9934
9960 9964 9961
9964 9965 9961
9965 9964 9966
9965 9966 9967
9968 9967 9966
9969 9960 9962
9963 9969 9962
9969 9970 9960
9964 9960 9970
9963 9970 9969
9934 9971 9963
9971 9934 9935
9972 9971 9935
9972 9935 9973
9974 9972 9973
9964 9970 9975
9975 9966 9964
9963 9976 9970
9976 9963 9971
9975 9970 9976
9977 9976 9971
9977 9971 9972
9975 9976 9977
9975 9977 9978
9977 9972 9978
9974 9979 9972
9979 9974 9980
9975 9978 9981
9975 9981 9966
9982 9978 9972
9981 9978 9982
9982 9972 9979
9983 9979 9980
9983 9980 9984
9966 9981 9985
9981 9982 9985
9979 9986 9982
9979 9983 9986
9966 9985 9987
9968 9966 9987
9982 9988 9985
9985 9988 9987
9982 9986 9988
9968 9987 9989
9987 9988 9989
9990 9968 9989
9986 9991 9988
9991 9989 9988
9989 9992 9990
9992 9993 9990
9994 9993 9992
9986 9995 9991
9995 9986 9983
9991 9996 9989
9995 9996 9991
9992 9989 9996
9994 9992 9997
9997 9998 9994
9995 9983 9999
9995 9999 9996
9992 9996 10000
10000 9997 9992
9997 10001 9998
10001 10002 9998
10001 10003 10002
9983 10004 9999
10004 9983 9984
10005 10004 9984
10006 9996 9999
10006 9999 10004
10006 10000 9996
10005 10007 10004
10007 10006 10004
10008 10007 10005
10001 9997 10009
10000 10009 9997
10003 10001 10010
10001 10009 10010
10010 10009 10011
10003 10010 10012
10010 10011 10012
10012 10011 10013
10011 10014 10013
10014 10011 10015
10000 10006 10016
10000 10016 10009
10007 10016 10006
10011 10009 10016
10008 10017 10007
10017 10016 10007
10017 10008 10018
10019 10017 10018
10019 10015 10017
10015 10011 10020
10011 10016 10020
10020 10017 10015
10017 10020 10016
10021 10022 10023
10021 10023 10024
10022 10025 10023
10023 10025 10024
10026 10027 10028
10026 10028 10029
10027 10030 10028
10028 10030 10029
10031 10032 10033
10031 10033 10034
10032 10035 10033
10033 10035 10034
10036 10037 10038
10036 10038 10039
10037 10040 10038
10038 10040 10039
10041 10042 10043
10041 10043 10044
10042 10045 10043
10043 10045 10044
10046 10047 10048
10046 10048 10049
10047 10050 10048
10048 10050 10049
10051 10052 10053
10051 10054 10052
10053 10055 10051
10053 10056 10055
10056 10057 10055
10055 10057 10058
10051 10059 10054
10055 10059 10051
10054 10059 10060
10061 10060 10059
10062 10061 10059
10055 10058 10063
10055 10063 10059
10063 10062 10059
10058 10064 10063
10063 10065 10062
10065 10063 10064
10066 10067 10068
10069 10067 10066
10070 10066 10068
10070 10068 10071
10071 10072 10070
10073 10070 10072
10069 10066 10074
10074 10066 10070
10069 10074 10075
10076 10075 10074
10077 10076 10074
10073 10078 10070
10074 10070 10078
10078 10077 10074
10073 10079 10078
10078 10080 10077
10080 10078 10079
10081 10082 10083
10081 10084 10082
10085 10081 10083
10085 10083 10086
10086 10087 10085
10088 10085 10087
10088 10089 10085
10089 10081 10085
10088 10090 10089
10091 10089 10090
10089 10091 10092
10081 10093 10084
10089 10093 10081
10089 10092 10093
10084 10093 10094
10092 10095 10093
10095 10094 10093
10096 10097 10098
10097 10099 10098
10098 10099 10100
10101 10100 10099
10101 10102 10100
10103 10100 10102
10100 10103 10104
10096 10098 10105
10105 10098 10100
10105 10106 10096
10100 10104 10107
10105 10100 10107
10105 10107 10106
10108 10107 10104
10109 10106 10107
10108 10110 10107
10109 10107 10110
10111 10112 10113
10114 10112 10111
10113 10112 10115
10116 10112 10114
10115 10112 10117
10118 10112 10116
10117 10112 10119
10119 10112 10118
10120 10121 10122
10123 10121 10120
10122 10121 10124
10125 10121 10123
10124 10121 10126
10127 10121 10125
10126 10121 10128
10128 10121 10127
10129 10130 10131
10131 10132 10129
10133 10130 10129
10132 10134 10129
10135 10133 10129
10134 10136 10129
10137 10135 10129
10136 10138 10129
10138 10137 10129
10139 10140 10141
10142 10139 10141
10140 10143 10141
10144 10142 10141
10143 10145 10141
10146 10144 10141
10145 10147 10141
10147 10146 10141
10148 10149 10150
10151 10149 10148
10150 10149 10152
10153 10149 10151
10152 10149 10154
10155 10149 10153
10154 10149 10156
10156 10149 10155
10157 10158 10159
10160 10158 10157
10159 10158 10161
10162 10158 10160
10161 10158 10163
10164 10158 10162
10163 10158 10165
10165 10158 10164
10166 10167 10168
10168 10169 10166
10170 10167 10166
10169 10171 10166
10172 10170 10166
10171 10173 10166
10174 10172 10166
10173 10175 10166
10175 10174 10166
10176 10177 10178
10176 10178 10179
10176 10180 10177
10176 10179 10181
10176 10182 10180
10183 10176 10181
10176 10184 10182
10176 10183 10185
10184 10176 10186
10187 10176 10185
10186 10176 10188
10189 10176 10187
10188 10176 10190
10190 10176 10189
10191 10192 10193
10192 10191 10194
10195 10191 10193
10194 10191 10196
10197 10191 10195
10196 10191 10198
10199 10191 10197
10198 10191 10200
10200 10191 10199
10201 10202 10203
10203 10204 10201
10205 10202 10201
10204 10206 10201
10207 10205 10201
10206 10208 10201
10209 10207 10201
10208 10210 10201
10210 10209 10201
10211 10212 10213
10212 10211 10214
10213 10212 10215
10216 10212 10214
10215 10212 10217
10218 10212 10216
10217 10212 10219
10220 10212 10218
10219 10212 10221
10222 10212 10220
10221 10212 10223
10224 10212 10222
10223 10212 10225
10226 10212 10224
10225 10212 10226
10227 10228 10229
10227 10229 10230
10228 10227 10231
10228 10231 10232
10232 10231 10233
10231 10234 10233
10227 10230 10235
10231 10227 10235
10230 10236 10235
10237 10235 10236
10238 10235 10237
10231 10239 10234
10231 10235 10239
10239 10235 10238
10234 10239 10240
10239 10238 10241
10241 10240 10239
10242 10243 10244
10245 10242 10244
10246 10243 10242
10246 10247 10243
10247 10246 10248
10249 10248 10246
10245 10250 10242
10250 10246 10242
10245 10251 10250
10252 10250 10251
10253 10250 10252
10249 10246 10254
10250 10254 10246
10254 10250 10253
10249 10254 10255
10254 10253 10256
10256 10255 10254
10257 10258 10259
10257 10259 10260
10261 10258 10257
10261 10262 10258
10262 10261 10263
10264 10263 10261
10264 10261 10265
10265 10261 10257
10264 10265 10266
10267 10266 10265
10265 10268 10267
10257 10260 10269
10265 10257 10269
10265 10269 10268
10260 10270 10269
10268 10269 10271
10271 10269 10270
10272 10273 10274
10274 10273 10275
10273 10276 10275
10277 10275 10276
10277 10276 10278
10279 10278 10276
10276 10280 10279
10272 10281 10273
10281 10276 10273
10281 10272 10282
10276 10283 10280
10281 10283 10276
10281 10282 10283
10284 10280 10283
10285 10283 10282
10284 10283 10286
10285 10286 10283
10287 10288 10289
10287 10289 10290
10288 10291 10289
10289 10291 10290
10292 10293 10294
10292 10294 10295
10293 10296 10294
10294 10296 10295
10297 10298 10299
10297 10299 10300
10298 10301 10299
10299 10301 10300
