byte offset: 0
first index: 55179
index count: 18960
topology: trianglelist
format: DXGI_FORMAT_R16_UINT

13644 13645 13646
13647 13648 13649
13650 13651 13652
13653 13652 13651
13654 13653 13651
13654 13651 13655
13656 13654 13655
13657 13656 13655
13658 13657 13655
13659 13658 13655
13660 13661 13662
13663 13660 13662
13664 13663 13662
13665 13664 13662
13666 13665 13662
13667 13666 13662
13668 13667 13662
13668 13662 13669
13670 13668 13669
13671 13672 13673
13671 13674 13672
13675 13674 13671
13675 13676 13674
13677 13676 13675
13677 13678 13676
13679 13678 13677
13679 13680 13678
13681 13680 13679
13681 13682 13680
13682 13681 13683
13682 13683 13684
13684 13683 13685
13684 13685 13686
13686 13685 13687
13686 13687 13688
13688 13687 13689
13688 13689 13690
13690 13689 13691
13690 13691 13692
13693 13691 13689
13694 13695 13696
13694 13696 13697
13694 13697 13698
13698 13697 13699
13694 13698 13700
13701 13694 13700
13698 13699 13702
13700 13698 13702
13703 13702 13699
13703 13704 13702
13705 13704 13703
13700 13706 13701
13702 13706 13700
13705 13707 13704
13707 13705 13708
13701 13706 13709
13701 13709 13710
13702 13711 13706
13704 13711 13702
13706 13712 13709
13711 13712 13706
13709 13713 13710
13712 13713 13709
13713 13714 13710
13715 13710 13714
13714 13716 13715
13716 13714 13717
13714 13718 13717
13711 13719 13712
13719 13711 13704
13712 13720 13713
13720 13714 13713
13719 13720 13712
13714 13721 13718
13720 13721 13714
13722 13718 13721
13722 13721 13720
13719 13723 13720
13704 13723 13719
13723 13722 13720
13704 13724 13723
13724 13722 13723
13707 13724 13704
13707 13725 13724
13707 13726 13725
13708 13726 13707
13727 13726 13708
13728 13724 13725
13724 13729 13722
13728 13729 13724
13729 13728 13730
13731 13728 13725
13726 13731 13725
13728 13731 13730
13722 13729 13732
13732 13729 13730
13722 13732 13733
13733 13732 13730
13733 13734 13722
13735 13734 13733
13733 13736 13735
13727 13737 13726
13726 13738 13731
13726 13737 13738
13739 13737 13727
13727 13740 13739
13740 13741 13739
13740 13742 13741
13743 13741 13742
13739 13744 13737
13738 13737 13744
13739 13741 13744
13738 13744 13741
13731 13738 13745
13730 13731 13745
13743 13746 13741
13746 13743 13747
13738 13741 13748
13745 13738 13748
13746 13749 13741
13749 13748 13741
13749 13750 13748
13750 13751 13748
13745 13748 13751
13752 13751 13750
13753 13745 13751
13753 13730 13745
13753 13751 13752
13746 13747 13754
13754 13749 13746
13755 13750 13749
13754 13755 13749
13753 13756 13730
13733 13730 13756
13754 13747 13757
13758 13757 13747
13759 13757 13758
13759 13760 13757
13761 13760 13759
13754 13757 13762
13760 13762 13757
13763 13755 13754
13762 13763 13754
13761 13764 13760
13765 13764 13761
13765 13766 13764
13760 13767 13762
13764 13767 13760
13766 13768 13764
13764 13768 13767
13766 13769 13768
13769 13767 13768
13769 13766 13770
13770 13771 13769
13772 13762 13767
13762 13772 13763
13769 13772 13767
13771 13773 13769
13771 13774 13773
13769 13775 13772
13772 13775 13763
13769 13773 13775
13774 13776 13773
13774 13777 13776
13773 13778 13775
13763 13775 13778
13773 13776 13778
13777 13779 13776
13778 13776 13779
13777 13780 13779
13763 13778 13781
13763 13781 13755
13755 13781 13750
13781 13778 13782
13778 13779 13782
13779 13783 13782
13780 13784 13779
13779 13784 13783
13780 13785 13784
13781 13782 13786
13750 13781 13786
13786 13782 13783
13784 13785 13787
13783 13784 13787
13787 13785 13788
13783 13787 13789
13750 13786 13790
13786 13783 13790
13783 13789 13791
13783 13791 13790
13792 13791 13789
13793 13791 13792
13793 13794 13791
13794 13790 13791
13795 13794 13793
13750 13790 13796
13794 13796 13790
13752 13750 13796
13794 13752 13796
13795 13752 13794
13797 13752 13795
13797 13798 13752
13798 13753 13752
13799 13798 13797
13753 13798 13800
13799 13800 13798
13800 13756 13753
13799 13801 13800
13800 13801 13756
13802 13801 13799
13756 13801 13802
13756 13802 13733
13799 13803 13802
13733 13802 13736
13736 13802 13803
13736 13803 13804
13805 13736 13804
13805 13806 13736
13807 13806 13805
13807 13808 13806
13809 13808 13807
13807 13810 13809
13809 13811 13808
13812 13813 13814
13812 13814 13815
13815 13814 13816
13815 13816 13817
13817 13816 13818
13817 13818 13819
13820 13821 13822
13820 13822 13823
13822 13824 13823
13822 13825 13824
13825 13826 13824
13825 13827 13826
13827 13828 13826
13827 13829 13828
13829 13830 13828
13829 13831 13830
13831 13832 13830
13831 13833 13832
13833 13834 13832
13833 13835 13834
13835 13836 13834
13835 13837 13836
13838 13839 13840
13838 13841 13839
13842 13841 13838
13842 13843 13841
13844 13845 13846
13844 13847 13845
13847 13848 13845
13847 13849 13848
13849 13850 13848
13849 13851 13850
13851 13852 13850
13851 13853 13852
13854 13852 13853
13854 13855 13852
13856 13857 13858
13856 13858 13859
13860 13861 13862
13860 13862 13863
13864 13865 13866
13864 13866 13867
13868 13864 13867
13868 13867 13869
13869 13870 13868
13869 13871 13870
13872 13873 13874
13872 13874 13875
13876 13872 13875
13876 13875 13877
13878 13876 13877
13878 13877 13879
13880 13881 13882
13880 13883 13881
13884 13883 13880
13884 13880 13885
13885 13880 13886
13887 13884 13885
13886 13888 13885
13887 13885 13888
13886 13889 13888
13890 13887 13888
13890 13888 13889
13890 13891 13887
13890 13889 13892
13893 13894 13895
13896 13893 13895
13896 13897 13893
13898 13897 13896
13898 13899 13897
13898 13900 13899
13898 13901 13900
13901 13902 13900
13901 13903 13902
13904 13905 13906
13904 13907 13905
13908 13907 13904
13908 13909 13907
13910 13909 13908
13910 13911 13909
13912 13913 13914
13912 13915 13913
13916 13915 13912
13916 13912 13917
13918 13919 13920
13918 13920 13921
13918 13921 13922
13918 13922 13923
13924 13923 13922
13924 13925 13923
13926 13925 13924
13926 13927 13925
13927 13926 13928
13927 13928 13929
13930 13929 13928
13930 13928 13931
13931 13932 13930
13931 13933 13932
13933 13934 13932
13933 13935 13934
13936 13934 13935
13936 13937 13934
13937 13936 13938
13937 13938 13939
13939 13938 13940
13939 13940 13941
13942 13941 13940
13942 13940 13943
13944 13942 13943
13944 13945 13942
13945 13944 13946
13945 13946 13947
13946 13948 13947
13949 13948 13946
13949 13950 13948
13949 13951 13950
13950 13951 13952
13953 13951 13949
13953 13954 13951
13954 13953 13955
13954 13955 13956
13955 13957 13956
13955 13958 13957
13958 13959 13957
13958 13960 13959
13961 13962 13963
13961 13964 13962
13964 13965 13962
13966 13964 13961
13966 13967 13964
13968 13966 13961
13967 13969 13964
13964 13969 13965
13967 13970 13969
13965 13969 13971
13970 13971 13969
13965 13971 13972
13970 13973 13971
13974 13972 13971
13973 13975 13971
13974 13971 13975
13973 13976 13975
13975 13977 13974
13976 13978 13975
13976 13979 13978
13975 13978 13980
13975 13980 13977
13981 13977 13980
13981 13980 13982
13983 13981 13982
13983 13982 13984
13985 13983 13984
13985 13986 13983
13987 13986 13985
13987 13985 13988
13989 13987 13988
13989 13988 13990
13991 13989 13990
13991 13990 13992
13993 13991 13992
13993 13992 13994
13995 13993 13994
13995 13994 13996
13997 13995 13996
13997 13996 13998
13999 13997 13998
13999 13998 14000
14001 13999 14000
14001 14000 14002
14003 14001 14002
14003 14002 14004
14005 14003 14004
14005 14004 14006
14007 14005 14006
14007 14006 14008
14009 14010 14011
14009 14011 14012
14013 14009 14012
14013 14012 14014
14015 14013 14014
14015 14014 14016
14017 14015 14016
14017 14016 14018
14019 14017 14018
14019 14018 14020
14021 14019 14020
14021 14020 14022
14023 14021 14022
14023 14022 14024
14025 14023 14024
14025 14024 14026
14027 14025 14026
14027 14026 14028
14029 14027 14028
14029 14028 14030
14031 14029 14030
14031 14030 14032
14033 14031 14032
14033 14032 14034
14035 14033 14034
14035 14034 14036
14037 14035 14036
14037 14038 14035
14039 14038 14037
14039 14037 14040
14041 14040 14037
14042 14040 14041
14042 14041 14043
14040 14042 14044
14039 14040 14045
14040 14044 14045
14039 14045 14046
14044 14047 14045
14046 14045 14047
14046 14047 14048
14044 14049 14047
14050 14048 14047
14049 14051 14047
14050 14047 14051
14049 13968 14051
13968 13961 14051
14050 14051 13961
14050 13961 14052
14053 14054 14055
14053 14056 14054
14057 14054 14056
14057 14058 14054
14059 14058 14057
14059 14057 14060
14061 14059 14060
14061 14060 14062
14061 14062 14063
14061 14063 14064
14064 14063 14065
14064 14065 14066
14065 14067 14066
14065 14068 14067
14069 14067 14068
14069 14068 14070
14069 14070 14071
14069 14071 14072
14073 14072 14071
14073 14071 14074
14075 14073 14074
14075 14074 14076
14077 14075 14076
14077 14076 14078
14079 14077 14078
14079 14080 14077
14081 14080 14079
14080 14081 14082
14083 14080 14082
14082 14084 14083
14082 14085 14084
14085 14086 14084
14084 14086 14087
14084 14087 14088
14088 14087 14089
14088 14089 14090
14091 14090 14089
14091 14089 14092
14093 14091 14092
14093 14092 14094
14095 14096 14097
14098 14096 14095
14098 14099 14096
14100 14099 14098
14100 14101 14099
14100 14102 14101
14100 14103 14102
14102 14103 14104
14102 14104 14105
14106 14105 14104
14106 14104 14107
14106 14107 14108
14106 14108 14109
14109 14108 14110
14109 14110 14111
14112 14111 14110
14112 14113 14111
14112 14114 14113
14112 14115 14114
14115 14116 14114
14115 14117 14116
14118 14119 14120
14120 14119 14121
14120 14121 14122
14121 14123 14122
14121 14124 14123
14125 14123 14124
14125 14124 14126
14126 14127 14125
14126 14128 14127
14127 14128 14129
14127 14129 14130
14131 14130 14129
14131 14129 14132
14133 14131 14132
14133 14132 14134
14133 14134 14135
14133 14135 14136
14137 14138 14139
14137 14139 14140
14141 14140 14139
14141 14139 14142
14143 14144 14145
14146 14144 14143
14147 14146 14143
14147 14143 14148
14149 14147 14148
14149 14148 14150
14151 14149 14150
14152 14147 14149
14153 14152 14149
14152 14154 14147
14154 14146 14147
14154 14155 14146
14155 14156 14146
14146 14156 14144
14155 14157 14156
14144 14156 14158
14158 14156 14157
14144 14158 14159
14158 14157 14160
14159 14158 14161
14161 14158 14160
14159 14161 14162
14161 14160 14163
14162 14161 14164
14164 14161 14163
14162 14164 14165
14164 14163 14166
14165 14164 14167
14167 14164 14166
14168 14169 14170
14170 14169 14171
14170 14171 14172
14171 14173 14172
14172 14173 14174
14174 14173 14175
14175 14173 14176
14175 14176 14177
14177 14176 14178
14178 14176 14179
14179 14176 14180
14180 14176 14173
14180 14173 14181
14173 14182 14181
14171 14182 14173
14182 14171 14183
14183 14171 14184
14183 14184 14185
14183 14185 14186
14187 14188 14189
14187 14190 14188
14190 14191 14188
14190 14192 14191
14193 14191 14192
14193 14194 14191
14194 14193 14195
14194 14195 14196
14194 14196 14197
14198 14199 14200
14198 14200 14201
14202 14198 14201
14202 14201 14203
14204 14202 14203
14204 14205 14202
14206 14205 14204
14206 14204 14207
14208 14209 14210
14208 14210 14211
14211 14210 14212
14211 14212 14213
14212 14214 14213
14212 14215 14214
14214 14215 14216
14214 14216 14217
14218 14219 14220
14218 14221 14219
14218 14222 14221
14218 14223 14222
14224 14222 14223
14224 14225 14222
14226 14227 14228
14226 14229 14227
14230 14229 14226
14230 14226 14231
14232 14230 14231
14232 14231 14233
14234 14232 14233
14234 14235 14232
14236 14235 14234
14236 14234 14237
14238 14236 14237
14238 14237 14239
14240 14238 14239
14240 14239 14241
14242 14243 14244
14242 14244 14245
14246 14245 14244
14247 14245 14246
14245 14248 14242
14247 14248 14245
14248 14247 14249
14248 14249 14250
14250 14249 14251
14250 14251 14252
14253 14254 14255
14254 14256 14255
14254 14257 14256
14258 14255 14256
14258 14259 14255
14260 14259 14258
14260 14261 14259
14262 14261 14260
14262 14260 14263
14262 14263 14264
14262 14264 14265
14263 14266 14264
14267 14265 14264
14268 14264 14266
14267 14264 14268
14268 14266 14269
14270 14267 14268
14271 14268 14269
14270 14268 14272
14271 14272 14268
14273 14270 14272
14274 14272 14271
14273 14272 14275
14274 14275 14272
14276 14273 14275
14274 14277 14275
14276 14275 14277
14274 14278 14277
14279 14276 14277
14280 14277 14278
14279 14277 14280
14280 14278 14281
14282 14280 14281
14283 14279 14280
14282 14283 14280
14283 14284 14279
14282 14285 14283
14286 14284 14283
14285 14286 14283
14285 14287 14286
14287 14288 14286
14289 14290 14291
14289 14291 14292
14292 14291 14293
14292 14293 14294
14294 14293 14295
14294 14295 14296
14297 14294 14296
14296 14295 14298
14299 14297 14296
14296 14298 14300
14299 14296 14300
14301 14302 14303
14301 14304 14302
14305 14304 14301
14305 14306 14304
14307 14306 14305
14307 14308 14306
14309 14308 14307
14309 14310 14308
14311 14310 14309
14311 14312 14310
14313 14312 14311
14313 14314 14312
14315 14314 14313
14315 14316 14314
14317 14316 14315
14317 14318 14316
14319 14318 14317
14319 14320 14318
14321 14320 14319
14321 14322 14320
14323 14322 14321
14323 14324 14322
14325 14324 14323
14325 14326 14324
14327 14326 14325
14327 14325 14328
14329 14330 14331
14329 14331 14332
14332 14331 14333
14332 14333 14334
14334 14333 14335
14334 14335 14336
14336 14335 14337
14336 14337 14338
14338 14337 14339
14338 14339 14340
14340 14339 14341
14340 14341 14342
14342 14341 14343
14342 14343 14344
14344 14343 14345
14344 14345 14346
14346 14345 14347
14346 14347 14348
14348 14347 14349
14348 14349 14350
14350 14349 14351
14350 14351 14352
14352 14351 14353
14352 14353 14354
14354 14353 14355
14354 14355 14356
14357 14358 14359
14357 14360 14358
14360 14361 14358
14361 14362 14358
14361 14363 14362
14364 14365 14366
14364 14367 14365
14365 14367 14368
14365 14368 14369
14368 14370 14369
14368 14371 14370
14372 14373 14374
14372 14374 14375
14372 14375 14376
14372 14376 14377
14376 14378 14377
14376 14379 14378
14379 14380 14378
14379 14381 14380
14382 14380 14381
14382 14383 14380
14384 14385 14386
14384 14387 14385
14385 14387 14388
14388 14389 14385
14388 14390 14389
14391 14392 14393
14394 14393 14392
14395 14393 14394
14395 14396 14393
14397 14396 14395
14398 14396 14397
14399 14396 14398
14400 14396 14399
14401 14402 14403
14404 14402 14401
14405 14402 14404
14406 14402 14405
14407 14402 14406
14408 14402 14407
14409 14402 14408
14409 14410 14402
14411 14410 14409
14412 14413 14414
14412 14414 14415
14416 14412 14415
14416 14415 14417
14418 14416 14417
14418 14417 14419
14420 14418 14419
14420 14419 14421
14422 14420 14421
14422 14421 14423
14423 14424 14422
14423 14425 14424
14425 14426 14424
14425 14427 14426
14427 14428 14426
14427 14429 14428
14429 14430 14428
14429 14431 14430
14431 14432 14430
14431 14433 14432
14434 14430 14432
14435 14436 14437
14435 14438 14436
14435 14439 14438
14439 14440 14438
14441 14439 14435
14442 14441 14435
14439 14443 14440
14441 14443 14439
14444 14440 14443
14444 14443 14445
14446 14444 14445
14441 14442 14447
14443 14441 14447
14446 14445 14448
14448 14449 14446
14442 14450 14447
14442 14451 14450
14443 14447 14452
14445 14443 14452
14447 14450 14453
14452 14447 14453
14450 14451 14454
14453 14450 14454
14454 14451 14455
14456 14455 14451
14455 14456 14457
14457 14458 14455
14455 14458 14459
14452 14453 14460
14460 14445 14452
14453 14454 14461
14461 14454 14455
14460 14453 14461
14455 14459 14462
14461 14455 14462
14463 14462 14459
14463 14461 14462
14460 14461 14464
14445 14460 14464
14464 14461 14463
14445 14464 14465
14465 14464 14463
14448 14445 14465
14448 14465 14466
14448 14466 14467
14449 14448 14467
14468 14449 14467
14469 14466 14465
14465 14463 14470
14469 14465 14470
14470 14471 14469
14472 14466 14469
14467 14466 14472
14469 14471 14472
14463 14473 14470
14473 14471 14470
14463 14474 14473
14474 14471 14473
14474 14463 14475
14476 14474 14475
14474 14476 14477
14468 14467 14478
14467 14472 14479
14467 14479 14478
14480 14468 14478
14468 14480 14481
14481 14480 14482
14481 14482 14483
14484 14483 14482
14480 14478 14485
14479 14485 14478
14480 14485 14482
14479 14482 14485
14472 14486 14479
14471 14486 14472
14484 14482 14487
14487 14488 14484
14479 14489 14482
14486 14489 14479
14487 14482 14490
14490 14482 14489
14490 14489 14491
14491 14489 14492
14486 14492 14489
14493 14491 14492
14494 14492 14486
14494 14486 14471
14494 14493 14492
14487 14495 14488
14495 14487 14490
14496 14490 14491
14495 14490 14496
14494 14471 14497
14474 14497 14471
14495 14498 14488
14499 14488 14498
14500 14499 14498
14500 14498 14501
14502 14500 14501
14495 14503 14498
14501 14498 14503
14504 14495 14496
14503 14495 14504
14502 14501 14505
14506 14502 14505
14506 14505 14507
14501 14503 14508
14505 14501 14508
14507 14505 14509
14505 14508 14509
14507 14509 14510
14510 14509 14508
14510 14511 14507
14511 14510 14512
14513 14508 14503
14503 14504 14513
14510 14508 14513
14512 14510 14514
14512 14514 14515
14510 14513 14516
14513 14504 14516
14510 14516 14514
14515 14514 14517
14515 14517 14518
14514 14516 14519
14504 14519 14516
14514 14519 14517
14518 14517 14520
14519 14520 14517
14518 14520 14521
14504 14522 14519
14504 14496 14522
14496 14491 14522
14522 14523 14519
14519 14523 14520
14520 14523 14524
14521 14520 14525
14520 14524 14525
14521 14525 14526
14522 14527 14523
14491 14527 14522
14527 14524 14523
14525 14528 14526
14524 14528 14525
14528 14529 14526
14524 14530 14528
14491 14531 14527
14527 14531 14524
14524 14532 14530
14524 14531 14532
14533 14530 14532
14534 14533 14532
14534 14532 14535
14535 14532 14531
14536 14534 14535
14491 14537 14531
14535 14531 14537
14493 14537 14491
14535 14537 14493
14536 14535 14493
14538 14536 14493
14538 14493 14539
14539 14493 14494
14540 14538 14539
14494 14541 14539
14540 14539 14541
14541 14494 14497
14540 14541 14542
14541 14497 14542
14543 14540 14542
14497 14543 14542
14497 14474 14543
14540 14543 14544
14474 14477 14543
14477 14544 14543
14477 14545 14544
14546 14545 14477
14546 14477 14547
14548 14546 14547
14548 14547 14549
14550 14548 14549
14548 14550 14551
14550 14549 14552
14553 14554 14555
14553 14556 14554
14556 14557 14554
14556 14558 14557
14558 14559 14557
14558 14560 14559
14561 14562 14563
14561 14564 14562
14562 14564 14565
14562 14565 14566
14566 14565 14567
14566 14567 14568
14568 14567 14569
14568 14569 14570
14570 14569 14571
14570 14571 14572
14572 14571 14573
14572 14573 14574
14574 14573 14575
14574 14575 14576
14576 14575 14577
14576 14577 14578
14579 14580 14581
14579 14581 14582
14583 14579 14582
14583 14582 14584
14585 14586 14587
14585 14587 14588
14588 14587 14589
14588 14589 14590
14590 14589 14591
14590 14591 14592
14592 14591 14593
14592 14593 14594
14595 14594 14593
14595 14593 14596
14597 14598 14599
14597 14599 14600
14601 14602 14603
14601 14603 14604
14605 14606 14607
14605 14608 14606
14609 14608 14605
14609 14610 14608
14610 14609 14611
14610 14611 14612
14613 14614 14615
14613 14616 14614
14617 14616 14613
14617 14618 14616
14619 14618 14617
14619 14620 14618
14621 14622 14623
14621 14623 14624
14625 14621 14624
14625 14626 14621
14626 14627 14621
14628 14626 14625
14627 14626 14629
14628 14629 14626
14627 14629 14630
14631 14629 14628
14631 14630 14629
14631 14628 14632
14631 14633 14630
14634 14635 14636
14637 14635 14634
14637 14634 14638
14639 14637 14638
14639 14638 14640
14639 14640 14641
14639 14641 14642
14642 14641 14643
14642 14643 14644
14645 14646 14647
14645 14647 14648
14649 14645 14648
14649 14648 14650
14651 14649 14650
14651 14650 14652
14653 14654 14655
14653 14655 14656
14657 14653 14656
14657 14658 14653
14659 14660 14661
14659 14662 14660
14659 14663 14662
14659 14664 14663
14665 14663 14664
14665 14664 14666
14667 14665 14666
14667 14666 14668
14668 14669 14667
14668 14670 14669
14671 14669 14670
14671 14672 14669
14672 14671 14673
14672 14673 14674
14674 14673 14675
14674 14675 14676
14677 14676 14675
14677 14675 14678
14678 14679 14677
14678 14680 14679
14680 14681 14679
14680 14682 14681
14683 14681 14682
14683 14684 14681
14685 14684 14683
14685 14683 14686
14686 14687 14685
14686 14688 14687
14687 14688 14689
14690 14687 14689
14690 14689 14691
14690 14691 14692
14691 14693 14692
14694 14690 14692
14694 14692 14695
14695 14696 14694
14695 14697 14696
14696 14697 14698
14696 14698 14699
14699 14698 14700
14699 14700 14701
14702 14703 14704
14702 14704 14705
14705 14704 14706
14707 14702 14705
14707 14705 14708
14709 14702 14707
14708 14705 14710
14705 14706 14710
14708 14710 14711
14706 14712 14710
14711 14710 14712
14706 14713 14712
14711 14712 14714
14715 14712 14713
14714 14712 14716
14715 14716 14712
14714 14716 14717
14716 14715 14718
14717 14716 14719
14717 14719 14720
14716 14721 14719
14716 14718 14721
14722 14721 14718
14722 14723 14721
14724 14723 14722
14724 14725 14723
14726 14725 14724
14726 14724 14727
14728 14726 14727
14728 14729 14726
14730 14729 14728
14730 14731 14729
14732 14731 14730
14732 14733 14731
14734 14733 14732
14734 14735 14733
14736 14735 14734
14736 14737 14735
14738 14737 14736
14738 14739 14737
14740 14739 14738
14740 14741 14739
14742 14741 14740
14742 14743 14741
14744 14743 14742
14744 14745 14743
14746 14745 14744
14746 14747 14745
14748 14747 14746
14748 14749 14747
14750 14751 14752
14750 14753 14751
14754 14753 14750
14754 14755 14753
14756 14755 14754
14756 14757 14755
14758 14757 14756
14758 14759 14757
14760 14759 14758
14760 14761 14759
14762 14761 14760
14762 14763 14761
14764 14763 14762
14764 14765 14763
14766 14765 14764
14766 14767 14765
14768 14767 14766
14768 14769 14767
14770 14769 14768
14770 14771 14769
14772 14771 14770
14772 14773 14771
14774 14773 14772
14774 14775 14773
14776 14775 14774
14776 14777 14775
14778 14777 14776
14778 14776 14779
14780 14778 14779
14780 14781 14778
14782 14778 14781
14783 14782 14781
14783 14784 14782
14781 14785 14783
14780 14786 14781
14781 14786 14785
14780 14787 14786
14785 14786 14788
14787 14788 14786
14787 14789 14788
14785 14788 14790
14791 14788 14789
14790 14788 14792
14791 14792 14788
14790 14792 14709
14709 14792 14702
14791 14702 14792
14791 14793 14702
14794 14795 14796
14794 14796 14797
14798 14797 14796
14798 14796 14799
14800 14798 14799
14800 14801 14798
14802 14801 14800
14802 14803 14801
14802 14804 14803
14802 14805 14804
14805 14806 14804
14805 14807 14806
14806 14807 14808
14806 14808 14809
14810 14809 14808
14810 14811 14809
14810 14812 14811
14810 14813 14812
14814 14812 14813
14814 14815 14812
14816 14815 14814
14816 14817 14815
14818 14817 14816
14818 14819 14817
14820 14819 14818
14820 14818 14821
14822 14820 14821
14821 14823 14822
14824 14823 14821
14823 14824 14825
14823 14825 14826
14826 14825 14827
14825 14828 14827
14825 14829 14828
14829 14830 14828
14829 14831 14830
14832 14830 14831
14832 14833 14830
14834 14833 14832
14834 14835 14833
14836 14837 14838
14839 14836 14838
14839 14838 14840
14841 14839 14840
14841 14840 14842
14841 14842 14843
14841 14843 14844
14843 14845 14844
14843 14846 14845
14847 14845 14846
14847 14848 14845
14847 14849 14848
14847 14850 14849
14850 14851 14849
14850 14852 14851
14853 14851 14852
14853 14852 14854
14853 14854 14855
14853 14855 14856
14856 14855 14857
14856 14857 14858
14859 14860 14861
14860 14862 14861
14860 14863 14862
14862 14863 14864
14862 14864 14865
14866 14865 14864
14866 14867 14865
14867 14866 14868
14867 14868 14869
14868 14870 14869
14868 14871 14870
14872 14870 14871
14872 14873 14870
14874 14873 14872
14874 14875 14873
14874 14876 14875
14874 14877 14876
14878 14879 14880
14878 14881 14879
14882 14879 14881
14882 14883 14879
14884 14885 14886
14887 14884 14886
14888 14884 14887
14888 14889 14884
14890 14889 14888
14890 14891 14889
14892 14891 14890
14893 14890 14888
14894 14890 14893
14893 14888 14895
14895 14888 14887
14895 14887 14896
14896 14887 14897
14887 14886 14897
14896 14897 14898
14886 14899 14897
14899 14898 14897
14886 14900 14899
14899 14901 14898
14900 14902 14899
14902 14901 14899
14900 14903 14902
14902 14904 14901
14903 14905 14902
14905 14904 14902
14903 14906 14905
14905 14907 14904
14906 14908 14905
14908 14907 14905
14909 14910 14911
14910 14912 14911
14910 14913 14912
14912 14913 14914
14913 14915 14914
14915 14916 14914
14916 14917 14914
14916 14918 14917
14918 14919 14917
14919 14920 14917
14920 14921 14917
14921 14914 14917
14921 14922 14914
14914 14922 14923
14912 14914 14923
14923 14924 14912
14924 14925 14912
14924 14926 14925
14924 14927 14926
14928 14929 14930
14928 14930 14931
14931 14930 14932
14931 14932 14933
14934 14933 14932
14934 14932 14935
14935 14936 14934
14935 14937 14936
14935 14938 14937
14939 14940 14941
14939 14942 14940
14943 14942 14939
14943 14944 14942
14945 14944 14943
14945 14943 14946
14947 14945 14946
14947 14948 14945
14949 14950 14951
14949 14952 14950
14952 14953 14950
14952 14954 14953
14953 14954 14955
14953 14955 14956
14955 14957 14956
14955 14958 14957
14959 14960 14961
14959 14961 14962
14959 14962 14963
14959 14963 14964
14965 14964 14963
14965 14963 14966
14967 14968 14969
14967 14969 14970
14971 14967 14970
14971 14972 14967
14973 14972 14971
14973 14974 14972
14975 14974 14973
14975 14973 14976
14977 14975 14976
14977 14978 14975
14979 14978 14977
14979 14980 14978
14981 14980 14979
14981 14982 14980
14983 14984 14985
14983 14986 14984
14987 14984 14986
14988 14987 14986
14986 14983 14989
14988 14986 14989
14989 14990 14988
14989 14991 14990
14991 14992 14990
14991 14993 14992
14994 14995 14996
14996 14995 14997
14996 14997 14998
14999 14997 14995
14999 14995 15000
15001 14999 15000
15001 15000 15002
15003 15001 15002
15003 15004 15001
15003 15005 15004
15003 15006 15005
15004 15005 15007
15008 15005 15006
15009 15007 15005
15008 15009 15005
15009 15010 15007
15011 15009 15008
15012 15010 15009
15011 15013 15009
15012 15009 15013
15014 15013 15011
15015 15012 15013
15014 15016 15013
15015 15013 15016
15017 15016 15014
15015 15016 15018
15017 15018 15016
15015 15018 15019
15020 15018 15017
15021 15019 15018
15020 15021 15018
15021 15022 15019
15023 15022 15021
15024 15021 15020
15023 15021 15024
15024 15020 15025
15023 15024 15026
15027 15024 15025
15026 15024 15027
15026 15027 15028
15028 15027 15029
15030 15031 15032
15030 15033 15031
15033 15034 15031
15033 15035 15034
15035 15036 15034
15035 15037 15036
15038 15037 15035
15037 15039 15036
15040 15037 15038
15037 15041 15039
15040 15041 15037
15042 15043 15044
15042 15044 15045
15046 15042 15045
15046 15045 15047
15048 15046 15047
15048 15047 15049
15050 15048 15049
15050 15049 15051
15052 15050 15051
15052 15051 15053
15054 15052 15053
15054 15053 15055
15056 15054 15055
15056 15055 15057
15058 15056 15057
15058 15057 15059
15060 15058 15059
15060 15059 15061
15062 15060 15061
15062 15061 15063
15064 15062 15063
15064 15063 15065
15066 15064 15065
15066 15065 15067
15068 15066 15067
15068 15069 15066
15070 15071 15072
15070 15073 15071
15073 15074 15071
15073 15075 15074
15075 15076 15074
15075 15077 15076
15077 15078 15076
15077 15079 15078
15079 15080 15078
15079 15081 15080
15081 15082 15080
15081 15083 15082
15083 15084 15082
15083 15085 15084
15085 15086 15084
15085 15087 15086
15087 15088 15086
15087 15089 15088
15089 15090 15088
15089 15091 15090
15091 15092 15090
15091 15093 15092
15093 15094 15092
15093 15095 15094
15095 15096 15094
15095 15097 15096
15098 15099 15100
15098 15100 15101
15101 15100 15102
15102 15100 15103
15102 15103 15104
15105 15106 15107
15105 15107 15108
15107 15109 15108
15107 15110 15109
15109 15110 15111
15109 15111 15112
15113 15114 15115
15113 15116 15114
15113 15117 15116
15113 15118 15117
15117 15118 15119
15117 15119 15120
15120 15119 15121
15120 15121 15122
15123 15122 15121
15123 15121 15124
15125 15126 15127
15125 15127 15128
15127 15129 15128
15129 15127 15130
15129 15130 15131
15132 15133 15134
15132 15134 15135
15136 15132 15135
15136 15135 15137
15138 15136 15137
15138 15137 15139
15140 15138 15139
15140 15139 15141
15142 15140 15141
15142 15141 15143
15144 15142 15143
15144 15143 15145
15146 15147 15148
15146 15148 15149
15150 15146 15149
15150 15149 15151
15152 15150 15151
15152 15151 15153
15154 15155 15148
15154 15156 15155
15156 15157 15155
15156 15158 15157
15158 15159 15157
15158 15160 15159
15161 15162 15163
15161 15163 15164
15165 15166 15167
15165 15167 15168
15169 15170 15171
15169 15171 15172
15173 15174 15175
15173 15175 15176
15177 15178 15179
15177 15179 15180
15181 15182 15183
15181 15183 15184
15185 15186 15187
15185 15187 15188
15189 15190 15191
15189 15191 15192
15193 15194 15195
15193 15195 15196
15197 15198 15199
15197 15199 15200
15201 15202 15203
15201 15203 15204
15205 15206 15207
15205 15207 15208
15209 15210 15211
15210 15212 15211
15212 15210 15213
15212 15213 15214
15214 15215 15212
15214 15216 15215
15216 15217 15215
15216 15218 15217
15219 15217 15218
15219 15220 15217
15221 15220 15219
15221 15219 15222
15223 15221 15222
15223 15222 15224
15225 15223 15224
15225 15224 15226
15227 15226 15224
15227 15228 15226
15229 15228 15227
15229 15230 15228
15231 15230 15229
15231 15232 15230
15233 15232 15231
15233 15231 15234
15235 15233 15234
15235 15234 15236
15237 15235 15236
15238 15235 15237
15238 15237 15239
15237 15236 15240
15241 15237 15240
15242 15237 15241
15243 15237 15242
15244 15241 15240
15244 15240 15245
15246 15244 15245
15246 15245 15247
15248 15246 15247
15249 15246 15248
15246 15249 15250
15246 15250 15244
15250 15241 15244
15250 15213 15241
15210 15241 15213
15210 15242 15241
15251 15242 15210
15243 15242 15252
15251 15252 15242
15253 15243 15252
15253 15252 15251
15254 15255 15256
15257 15255 15254
15257 15258 15255
15257 15259 15258
15257 15260 15259
15257 15261 15260
15261 15262 15260
15261 15263 15262
15262 15263 15264
15262 15264 15265
15266 15265 15264
15266 15267 15265
15268 15267 15266
15268 15269 15267
15270 15269 15268
15270 15271 15269
15269 15271 15272
15269 15272 15273
15273 15272 15274
15273 15274 15275
15275 15274 15276
15275 15276 15277
15278 15277 15276
15278 15276 15279
15280 15278 15279
15280 15279 15281
15282 15280 15281
15282 15281 15283
15284 15283 15281
15284 15285 15283
15282 15283 15286
15287 15282 15286
15288 15286 15283
15289 15288 15283
15289 15290 15288
15291 15290 15289
15291 15292 15290
15292 15288 15290
15292 15255 15288
15255 15286 15288
15255 15258 15286
15293 15286 15258
15287 15286 15293
15293 15258 15294
15295 15287 15293
15295 15293 15294
15295 15296 15287
15295 15294 15297
15296 15295 15298
15298 15295 15297
15299 15300 15301
15299 15302 15300
15303 15300 15302
15303 15304 15300
15305 15306 15307
15305 15307 15308
15309 15305 15308
15309 15308 15310
15311 15309 15310
15311 15310 15312
15313 15311 15312
15313 15312 15314
15315 15313 15314
15315 15314 15316
15317 15315 15316
15317 15316 15318
15319 15317 15318
15319 15318 15320
15321 15322 15323
15321 15323 15324
15325 15326 15327
15325 15327 15328
15329 15330 15331
15329 15331 15332
15333 15334 15335
15333 15335 15336
15337 15338 15339
15337 15339 15340
15341 15342 15343
15341 15343 15344
15345 15346 15347
15345 15347 15348
15349 15350 15351
15349 15351 15352
15353 15349 15352
15353 15352 15354
15355 15353 15354
15355 15354 15356
15357 15355 15356
15357 15356 15358
15359 15357 15358
15359 15358 15360
15361 15359 15360
15361 15360 15362
15363 15364 15365
15363 15365 15366
15367 15368 15369
15367 15369 15370
15371 15372 15373
15371 15373 15374
15375 15376 15377
15375 15377 15378
15379 15380 15381
15379 15381 15382
15383 15384 15385
15383 15385 15386
15387 15388 15389
15387 15389 15390
15391 15392 15393
15391 15393 15394
15395 15396 15397
15395 15397 15398
15399 15400 15401
15399 15401 15402
15403 15404 15405
15403 15405 15406
15407 15408 15409
15407 15409 15410
15411 15412 15413
15411 15413 15414
15415 15416 15417
15415 15417 15418
15419 15420 15421
15419 15421 15422
15423 15424 15425
15423 15425 15426
15427 15428 15429
15427 15429 15430
15431 15432 15433
15431 15433 15434
15435 15436 15437
15435 15437 15438
15439 15435 15438
15439 15438 15440
15441 15439 15440
15441 15440 15442
15443 15444 15445
15443 15445 15446
15447 15443 15446
15447 15446 15448
15449 15447 15448
15449 15448 15450
15451 15452 15453
15451 15453 15454
15454 15455 15451
15454 15456 15455
15457 15455 15456
15457 15456 15458
15459 15460 15461
15459 15462 15460
15460 15462 15463
15460 15463 15464
15463 15465 15464
15463 15466 15465
15467 15468 15469
15467 15469 15470
15471 15472 15473
15471 15473 15474
15475 15476 15477
15475 15477 15478
15479 15480 15481
15479 15481 15482
15483 15484 15485
15483 15485 15486
15487 15488 15489
15487 15489 15490
15491 15492 15493
15491 15493 15494
15495 15496 15497
15495 15497 15498
15499 15500 15501
15499 15501 15502
15503 15499 15502
15503 15502 15504
15503 15504 15505
15506 15503 15505
15506 15507 15503
15508 15507 15506
15508 15506 15509
15510 15508 15509
15510 15509 15511
15512 15510 15511
15512 15511 15513
15512 15513 15514
15512 15514 15515
15515 15514 15516
15515 15516 15517
15518 15517 15516
15518 15516 15519
15520 15518 15519
15520 15519 15521
15522 15520 15521
15522 15521 15523
15524 15522 15523
15524 15523 15525
15526 15524 15525
15526 15525 15527
15526 15527 15528
15526 15528 15529
15529 15528 15530
15529 15530 15531
15531 15530 15532
15531 15532 15533
15533 15532 15534
15533 15534 15535
15535 15534 15536
15535 15536 15537
15536 15538 15537
15536 15539 15538
15538 15539 15540
15539 15541 15540
15539 15542 15541
15541 15543 15540
15541 15544 15543
15540 15543 15545
15538 15540 15546
15540 15545 15546
15547 15538 15546
15545 15547 15546
15547 15548 15538
15545 15549 15547
15550 15551 15552
15550 15553 15551
15554 15553 15550
15554 15555 15553
15556 15555 15554
15556 15557 15555
15558 15557 15556
15558 15559 15557
15559 15558 15560
15558 15561 15560
15558 15562 15561
15561 15563 15560
15561 15564 15563
15560 15563 15565
15559 15560 15566
15560 15565 15566
15567 15559 15566
15565 15567 15566
15567 15568 15559
15565 15569 15567
15570 15571 15572
15570 15572 15573
15573 15574 15570
15573 15575 15574
15575 15576 15574
15575 15577 15576
15573 15578 15575
15573 15579 15578
15578 15579 15580
15578 15580 15581
15582 15581 15580
15582 15583 15581
15584 15583 15582
15584 15582 15585
15586 15584 15585
15586 15585 15587
15588 15586 15587
15588 15587 15589
15590 15591 15592
15590 15592 15593
15594 15590 15593
15592 15595 15593
15592 15596 15595
15593 15595 15597
15594 15593 15598
15593 15597 15598
15599 15594 15598
15600 15598 15597
15599 15598 15600
15600 15597 15601
15602 15599 15600
15603 15600 15601
15602 15600 15603
15603 15601 15604
15605 15602 15603
15603 15604 15606
15605 15603 15607
15603 15606 15607
15608 15605 15607
15607 15606 15609
15608 15607 15610
15607 15609 15610
15611 15612 15613
15611 15614 15612
15615 15614 15611
15615 15616 15614
15615 15617 15616
15615 15618 15617
15617 15618 15619
15617 15619 15620
15621 15620 15619
15621 15622 15620
15623 15622 15621
15623 15621 15624
15625 15626 15627
15625 15628 15626
15629 15626 15628
15629 15630 15626
15631 15630 15629
15631 15632 15630
15633 15632 15631
15633 15634 15632
15635 15634 15633
15635 15636 15634
15637 15636 15635
15637 15638 15636
15639 15640 15637
15639 15641 15640
15642 15643 15644
15644 15643 15645
15644 15645 15646
15647 15646 15645
15647 15645 15648
15649 15647 15648
15649 15650 15647
15649 15651 15650
15652 15650 15651
15652 15653 15650
15652 15654 15653
15652 15655 15654
15655 15656 15654
15655 15657 15656
15656 15657 15658
15659 15655 15652
15659 15652 15660
15661 15655 15659
15661 15657 15655
15662 15657 15661
15662 15658 15657
15663 15658 15662
15663 15664 15658
15665 15664 15663
15665 15666 15664
15667 15666 15665
15667 15668 15666
15669 15668 15667
15669 15650 15668
15670 15671 15669
15670 15672 15671
15673 15672 15670
15673 15674 15672
15675 15674 15673
15675 15676 15674
15677 15676 15675
15677 15678 15676
15679 15678 15677
15679 15680 15678
15681 15680 15679
15681 15682 15680
15683 15682 15681
15683 15648 15682
15684 15648 15683
15684 15685 15648
15686 15649 15684
15686 15687 15649
15688 15687 15686
15688 15689 15687
15690 15689 15688
15690 15691 15689
15692 15691 15690
15692 15693 15691
15694 15693 15692
15694 15695 15693
15696 15695 15694
15696 15697 15695
15698 15697 15696
15699 15649 15687
15698 15699 15697
15699 15687 15700
15699 15700 15697
15697 15700 15701
15701 15693 15702
15697 15701 15702
15699 15651 15649
15651 15699 15703
15651 15703 15704
15651 15704 15705
15651 15705 15652
15704 15706 15705
15704 15707 15706
15708 15707 15704
15708 15704 15709
15704 15703 15710
15704 15710 15711
15709 15704 15711
15709 15711 15712
15713 15707 15714
15713 15715 15707
15716 15715 15713
15716 15717 15715
15718 15717 15716
15718 15719 15717
15720 15711 15721
15720 15721 15722
15722 15721 15703
15722 15703 15723
15723 15703 15724
15723 15724 15698
15725 15726 15727
15725 15727 15728
15729 15725 15728
15729 15728 15730
15729 15731 15725
15725 15731 15732
15725 15732 15733
15729 15734 15731
15730 15735 15729
15730 15736 15735
15730 15737 15736
15730 15738 15737
15738 15739 15737
15738 15740 15739
15739 15740 15741
15742 15729 15735
15734 15729 15742
15742 15735 15743
15734 15742 15744
15742 15743 15745
15734 15744 15746
15743 15747 15745
15734 15746 15748
15743 15749 15747
15748 15746 15750
15748 15750 15751
15750 15752 15751
15753 15747 15749
15753 15749 15754
15755 15753 15754
15756 15757 15758
15756 15759 15757
15760 15759 15756
15760 15761 15759
15762 15761 15760
15762 15763 15761
15761 15764 15759
15761 15763 15764
15763 15765 15764
15765 15766 15764
15764 15767 15759
15766 15768 15764
15764 15768 15769
15764 15769 15770
15764 15770 15771
15767 15764 15772
15773 15767 15772
15773 15772 15774
15764 15775 15772
15774 15772 15775
15764 15771 15775
15774 15775 15776
15776 15775 15771
15776 15771 15777
15777 15771 15778
15777 15778 15779
15779 15778 15780
15779 15780 15781
15781 15780 15768
15781 15768 15782
15783 15784 15785
15783 15785 15786
15786 15785 15787
15786 15787 15788
15788 15787 15789
15788 15789 15762
15790 15791 15792
15790 15793 15791
15794 15791 15793
15793 15790 15795
15796 15795 15790
15796 15790 15797
15797 15790 15798
15797 15798 15799
15799 15798 15791
15799 15791 15800
15801 15795 15796
15801 15802 15795
15793 15795 15802
15803 15802 15801
15793 15802 15804
15803 15805 15802
15806 15805 15803
15807 15793 15804
15806 15807 15805
15808 15807 15806
15807 15809 15793
15809 15810 15793
15808 15811 15807
15809 15807 15811
15812 15811 15808
15812 15813 15811
15813 15809 15811
15813 15814 15809
15809 15814 15815
15809 15815 15810
15793 15810 15816
15793 15816 15817
15793 15817 15818
15819 15818 15817
15820 15819 15817
15820 15817 15821
15822 15820 15821
15822 15821 15810
15822 15810 15823
15822 15823 15824
15825 15824 15823
15825 15823 15826
15827 15825 15826
15827 15826 15828
15819 15829 15818
15829 15830 15818
15829 15831 15830
15831 15832 15830
15831 15833 15832
15818 15834 15832
15818 15832 15793
15835 15793 15832
15835 15836 15793
15794 15793 15836
15836 15835 15837
15836 15837 15838
15794 15836 15838
15839 15838 15837
15839 15837 15840
15841 15839 15840
15841 15842 15839
15843 15839 15842
15843 15844 15839
15839 15845 15838
15839 15844 15845
15794 15838 15845
15846 15845 15844
15846 15844 15847
15848 15845 15846
15848 15794 15845
15849 15794 15848
15849 15850 15794
15851 15852 15840
15851 15840 15853
15851 15853 15835
15851 15835 15854
15855 15854 15835
15855 15835 15856
15857 15858 15859
15857 15859 15860
15860 15861 15857
15860 15862 15861
15863 15860 15859
15860 15864 15862
15863 15865 15860
15864 15860 15866
15860 15867 15866
15864 15866 15868
15866 15869 15868
15870 15869 15866
15870 15866 15871
15866 15867 15871
15860 15872 15867
15860 15873 15872
15860 15874 15873
15860 15875 15874
15876 15865 15863
15875 15860 15877
15875 15877 15878
15879 15877 15860
15879 15860 15865
15880 15879 15865
15876 15880 15865
15880 15881 15879
15882 15880 15876
15882 15881 15880
15882 15876 15883
15882 15884 15881
15885 15886 15887
15886 15888 15887
15886 15889 15888
15889 15890 15888
15889 15891 15890
15890 15891 15892
15890 15892 15893
15894 15893 15892
15895 15894 15896
15896 15897 15895
15896 15898 15897
15898 15888 15897
15898 15899 15888
15899 15900 15888
15899 15901 15900
15901 15902 15900
15903 15904 15905
15904 15906 15905
15904 15907 15906
15907 15908 15906
15907 15909 15908
15908 15909 15910
15908 15910 15911
15912 15911 15910
15913 15912 15914
15914 15915 15913
15914 15916 15915
15916 15917 15915
15916 15918 15917
15918 15919 15917
15918 15920 15919
15920 15921 15919
15922 15923 15924
15923 15925 15924
15923 15926 15925
15926 15927 15925
15926 15928 15927
15927 15928 15929
15927 15929 15930
15931 15930 15929
15932 15933 15934
15935 15932 15934
15935 15934 15936
15937 15935 15936
15937 15936 15938
15939 15937 15938
15939 15940 15937
15939 15941 15940
15942 15943 15944
15942 15945 15943
15946 15945 15942
15947 15943 15945
15947 15945 15948
15948 15949 15947
15946 15950 15945
15950 15948 15945
15950 15951 15948
15948 15951 15952
15948 15952 15953
15953 15952 15954
15948 15955 15949
15955 15948 15953
15955 15956 15949
15955 15957 15956
15957 15955 15953
15958 15956 15957
15953 15954 15959
15953 15959 15960
15953 15960 15961
15957 15953 15961
15960 15962 15961
15957 15961 15962
15960 15963 15962
15958 15957 15964
15957 15962 15964
15965 15958 15964
15966 15962 15963
15964 15962 15966
15966 15963 15967
15965 15964 15968
15964 15966 15968
15968 15969 15965
15967 15970 15966
15970 15968 15966
15967 15971 15970
15968 15972 15969
15970 15972 15968
15973 15969 15972
15974 15970 15971
15974 15971 15975
15976 15974 15975
15977 15972 15970
15973 15972 15977
15977 15970 15974
15976 15978 15974
15978 15977 15974
15979 15973 15977
15978 15979 15977
15979 15980 15973
15981 15980 15979
15982 15978 15976
15982 15976 15983
15984 15982 15983
15984 15985 15982
15986 15979 15978
15986 15978 15982
15985 15986 15982
15981 15979 15986
15985 15987 15986
15987 15981 15986
15987 15988 15981
15989 15981 15990
15989 15991 15981
15992 15991 15989
15981 15991 15993
15981 15993 15994
15993 15995 15994
15992 15996 15991
15997 15996 15992
15993 15998 15995
15998 15999 15995
15991 16000 15993
15991 15996 16000
16000 15998 15993
15996 16001 16000
15997 16002 15996
15996 16002 16001
16003 16002 15997
16003 16001 16002
16003 15997 16004
16003 16004 16005
16000 16006 15998
16001 16006 16000
15998 16007 15999
16006 16007 15998
16003 16005 16008
16008 16005 16009
16010 15999 16007
16010 16011 15999
16006 16012 16007
16012 16010 16007
16011 16010 16013
16011 16013 16014
16013 16015 16014
16001 16016 16006
16016 16012 16006
16003 16017 16001
16017 16003 16008
16018 16016 16001
16018 16001 16017
16008 16009 16019
16020 16019 16009
16017 16008 16021
16021 16018 16017
16020 16022 16019
16023 16022 16020
16008 16019 16024
16008 16024 16021
16024 16019 16022
16016 16025 16012
16025 16016 16018
16021 16026 16018
16027 16021 16024
16027 16026 16021
16028 16027 16024
16026 16029 16018
16025 16018 16029
16030 16025 16029
16026 16031 16029
16031 16026 16027
16031 16030 16029
16032 16012 16025
16030 16032 16025
16030 16033 16032
16032 16034 16012
16034 16032 16033
16012 16034 16010
16013 16010 16034
16031 16027 16035
16035 16027 16028
16013 16034 16036
16034 16033 16036
16037 16013 16036
16013 16037 16015
16031 16038 16030
16038 16031 16035
16030 16038 16039
16030 16039 16040
16030 16040 16033
16039 16041 16040
16033 16040 16041
16033 16042 16036
16037 16036 16042
16043 16015 16037
16043 16044 16015
16045 16044 16043
16045 16046 16044
16037 16047 16043
16037 16042 16047
16043 16047 16045
16033 16041 16048
16033 16048 16042
16049 16048 16041
16039 16049 16041
16042 16048 16050
16042 16050 16047
16049 16050 16048
16047 16050 16051
16051 16050 16049
16052 16045 16047
16052 16047 16051
16052 16053 16045
16045 16053 16054
16045 16054 16055
16045 16055 16046
16055 16056 16046
16054 16057 16055
16057 16056 16055
16057 16058 16056
16054 16059 16057
16060 16051 16049
16061 16051 16060
16062 16051 16061
16060 16049 16063
16049 16039 16063
16061 16060 16064
16064 16060 16063
16062 16061 16065
16061 16064 16066
16065 16061 16066
16062 16065 16067
16068 16067 16065
16062 16067 16069
16070 16069 16067
16071 16059 16070
16070 16067 16071
16071 16067 16068
16071 16072 16059
16073 16072 16071
16073 16074 16072
16065 16066 16075
16068 16065 16075
16071 16068 16076
16076 16073 16071
16074 16073 16077
16074 16077 16078
16077 16079 16078
16073 16076 16080
16080 16076 16068
16073 16080 16077
16077 16081 16079
16082 16079 16081
16083 16077 16080
16083 16081 16077
16082 16081 16084
16084 16081 16083
16084 16085 16082
16080 16068 16086
16086 16083 16080
16068 16075 16087
16068 16087 16086
16084 16088 16085
16089 16085 16088
16075 16090 16087
16075 16066 16090
16066 16091 16090
16066 16064 16091
16092 16087 16090
16091 16092 16090
16093 16086 16087
16092 16093 16087
16086 16094 16083
16093 16094 16086
16084 16083 16095
16095 16083 16094
16096 16094 16093
16095 16094 16096
16097 16084 16095
16097 16088 16084
16096 16097 16095
16098 16093 16092
16096 16093 16098
16064 16099 16091
16091 16100 16092
16099 16100 16091
16098 16092 16101
16101 16092 16100
16064 16102 16099
16064 16063 16102
16102 16063 16103
16039 16103 16063
16096 16104 16097
16105 16096 16098
16105 16104 16096
16106 16098 16101
16106 16105 16098
16107 16105 16106
16101 16100 16108
16108 16106 16101
16099 16109 16100
16108 16100 16109
16108 16110 16106
16107 16106 16110
16108 16109 16111
16111 16110 16108
16112 16109 16099
16111 16109 16112
16113 16097 16104
16088 16097 16113
16104 16105 16114
16107 16114 16105
16112 16099 16115
16116 16112 16115
16102 16115 16099
16102 16117 16115
16117 16116 16115
16102 16103 16117
16088 16113 16118
16089 16088 16118
16119 16089 16118
16119 16120 16089
16121 16119 16118
16121 16118 16113
16122 16121 16113
16122 16113 16123
16113 16104 16123
16104 16114 16123
16122 16123 16114
16122 16114 16124
16114 16125 16124
16107 16125 16114
16107 16126 16125
16127 16126 16107
16127 16107 16128
16127 16128 16129
16107 16110 16128
16130 16129 16128
16128 16110 16131
16111 16131 16110
16130 16128 16132
16128 16131 16132
16133 16130 16132
16133 16132 16131
16133 16134 16130
16133 16135 16134
16136 16131 16111
16133 16131 16136
16135 16133 16137
16137 16133 16136
16135 16137 16138
16137 16136 16139
16136 16111 16140
16141 16136 16140
16111 16112 16140
16141 16140 16142
16140 16112 16143
16140 16143 16142
16116 16143 16112
16142 16143 16144
16144 16143 16116
16142 16144 16145
16145 16146 16142
16145 16147 16146
16148 16139 16147
16148 16147 16149
16149 16150 16148
16149 16151 16150
16151 16149 16152
16151 16152 16153
16152 16154 16153
16149 16147 16155
16149 16155 16152
16156 16147 16145
16156 16155 16147
16145 16144 16157
16145 16157 16156
16154 16152 16158
16154 16158 16159
16152 16155 16160
16160 16155 16156
16152 16160 16158
16159 16158 16161
16159 16161 16162
16161 16163 16162
16164 16161 16158
16164 16158 16160
16165 16163 16161
16164 16165 16161
16165 16166 16163
16167 16166 16165
16167 16165 16168
16168 16169 16167
16168 16170 16169
16164 16171 16165
16168 16165 16171
16172 16164 16160
16172 16171 16164
16173 16170 16168
16173 16174 16170
16168 16171 16175
16173 16168 16175
16172 16160 16176
16160 16156 16176
16156 16177 16176
16156 16157 16177
16174 16173 16178
16174 16178 16179
16180 16179 16178
16180 16178 16181
16182 16181 16178
16173 16182 16178
16182 16183 16181
16173 16184 16182
16173 16175 16184
16183 16182 16185
16185 16182 16184
16183 16185 16186
16185 16187 16186
16184 16175 16188
16185 16184 16189
16184 16188 16189
16185 16190 16187
16189 16190 16185
16187 16190 16191
16187 16191 16192
16189 16193 16190
16188 16193 16189
16191 16190 16193
16175 16194 16188
16175 16171 16194
16172 16194 16171
16194 16195 16188
16188 16195 16193
16172 16196 16194
16194 16196 16195
16172 16197 16196
16176 16197 16172
16176 16177 16197
16195 16196 16198
16198 16196 16197
16193 16195 16199
16195 16198 16199
16191 16193 16200
16193 16199 16200
16201 16191 16200
16199 16201 16200
16202 16197 16177
16198 16197 16202
16201 16203 16191
16204 16203 16201
16203 16192 16191
16203 16205 16192
16206 16205 16203
16204 16206 16203
16204 16207 16206
16199 16208 16201
16208 16204 16201
16209 16199 16198
16209 16208 16199
16210 16198 16202
16210 16209 16198
16202 16177 16211
16210 16202 16211
16209 16212 16208
16208 16212 16204
16177 16213 16211
16177 16157 16213
16209 16214 16212
16210 16214 16209
16215 16204 16212
16214 16215 16212
16210 16211 16216
16216 16211 16213
16157 16217 16213
16157 16144 16217
16144 16116 16217
16218 16213 16217
16216 16213 16218
16219 16210 16216
16210 16219 16214
16220 16217 16116
16218 16217 16220
16215 16221 16204
16221 16215 16222
16204 16221 16207
16222 16207 16221
16222 16223 16207
16223 16222 16224
16223 16224 16225
16226 16224 16222
16226 16222 16227
16228 16226 16227
16215 16229 16222
16229 16227 16222
16220 16116 16230
16117 16230 16116
16117 16231 16230
16231 16220 16230
16117 16103 16231
16231 16232 16220
16232 16218 16220
16233 16231 16103
16232 16231 16233
16233 16103 16039
16232 16234 16218
16235 16234 16232
16235 16232 16236
16232 16233 16236
16237 16233 16039
16233 16238 16236
16233 16237 16238
16238 16239 16236
16240 16236 16239
16240 16239 16241
16242 16237 16039
16242 16039 16038
16237 16243 16238
16243 16239 16238
16244 16242 16038
16038 16035 16244
16237 16242 16245
16237 16245 16243
16242 16244 16246
16245 16242 16247
16245 16247 16243
16244 16248 16246
16244 16035 16249
16244 16249 16248
16249 16250 16248
16035 16028 16249
16247 16251 16243
16243 16251 16239
16247 16252 16251
16253 16239 16251
16252 16253 16251
16253 16254 16239
16250 16249 16255
16255 16249 16028
16250 16255 16256
16255 16028 16257
16028 16258 16257
16258 16028 16259
16028 16024 16259
16258 16259 16260
16024 16022 16259
16022 16260 16259
16022 16261 16260
16262 16260 16261
16023 16261 16022
16023 16262 16261
16023 16263 16262
16264 16262 16263
16262 16265 16260
16266 16260 16265
16266 16265 16267
16267 16268 16266
16269 16267 16265
16262 16270 16265
16269 16265 16270
16264 16271 16262
16262 16271 16270
16264 16272 16271
16264 16273 16272
16271 16274 16270
16271 16272 16274
16269 16270 16274
16273 16275 16272
16274 16272 16275
16273 16276 16275
16277 16275 16276
16277 16278 16275
16279 16275 16278
16274 16275 16279
16279 16278 16280
16279 16281 16274
16269 16274 16281
16280 16282 16279
16279 16282 16281
16280 16283 16282
16282 16283 16284
16282 16284 16285
16281 16282 16285
16285 16284 16228
16281 16285 16286
16286 16269 16281
16285 16228 16287
16286 16285 16287
16228 16227 16287
16286 16287 16288
16227 16288 16287
16286 16289 16269
16288 16289 16286
16227 16290 16288
16291 16288 16290
16229 16290 16227
16229 16291 16290
16269 16289 16292
16269 16292 16267
16267 16292 16268
16288 16293 16289
16291 16293 16288
16289 16293 16294
16289 16294 16292
16294 16293 16291
16295 16291 16229
16215 16295 16229
16214 16295 16215
16296 16295 16214
16291 16295 16296
16296 16214 16219
16291 16296 16297
16294 16291 16297
16292 16294 16298
16292 16298 16268
16299 16296 16219
16297 16296 16299
16294 16297 16300
16294 16300 16298
16297 16299 16300
16300 16299 16301
16299 16219 16302
16303 16299 16302
16219 16216 16302
16303 16302 16304
16302 16216 16218
16302 16218 16304
16298 16300 16305
16298 16305 16306
16268 16298 16306
16306 16305 16307
16306 16307 16308
16268 16306 16308
16307 16309 16308
16309 16307 16252
16268 16308 16310
16268 16310 16311
16312 16268 16311
16300 16313 16254
16314 16315 16316
16314 16316 16317
16318 16317 16316
16317 16319 16314
16318 16320 16317
16321 16320 16318
16317 16322 16319
16323 16319 16322
16323 16324 16319
16322 16317 16325
16325 16317 16320
16326 16323 16322
16326 16322 16325
16326 16325 16327
16325 16328 16327
16325 16320 16328
16320 16329 16328
16327 16328 16329
16321 16330 16320
16320 16330 16329
16331 16330 16321
16331 16321 16332
16323 16333 16324
16333 16334 16324
16333 16335 16334
16333 16336 16335
16337 16335 16336
16338 16329 16330
16338 16330 16331
16339 16331 16332
16339 16332 16340
16341 16339 16340
16342 16331 16339
16342 16338 16331
16338 16342 16343
16341 16344 16339
16344 16342 16339
16344 16341 16345
16329 16338 16346
16338 16343 16346
16344 16347 16342
16343 16342 16347
16344 16345 16348
16347 16344 16348
16349 16348 16345
16349 16350 16348
16351 16348 16350
16351 16352 16348
16347 16348 16352
16353 16352 16351
16354 16347 16352
16353 16354 16352
16353 16355 16354
16353 16356 16355
16357 16355 16356
16354 16358 16347
16343 16347 16358
16355 16358 16354
16343 16358 16359
16355 16359 16358
16357 16360 16355
16357 16361 16360
16357 16362 16361
16355 16360 16363
16355 16363 16359
16361 16363 16360
16362 16364 16361
16362 16365 16364
16364 16365 16366
16361 16367 16363
16364 16367 16361
16363 16367 16368
16363 16368 16369
16369 16359 16363
16369 16368 16370
16369 16371 16359
16343 16359 16371
16368 16372 16370
16364 16366 16373
16374 16373 16366
16364 16375 16367
16368 16367 16375
16373 16375 16364
16343 16371 16376
16343 16376 16346
16374 16377 16373
16377 16374 16378
16377 16378 16379
16380 16377 16379
16373 16381 16375
16377 16381 16373
16380 16382 16377
16377 16382 16381
16380 16383 16382
16381 16382 16383
16380 16384 16383
16385 16375 16381
16368 16375 16385
16386 16383 16384
16383 16386 16387
16386 16384 16388
16386 16388 16389
16381 16383 16390
16385 16381 16390
16383 16387 16390
16387 16385 16390
16386 16389 16391
16387 16386 16391
16392 16391 16389
16393 16368 16385
16387 16393 16385
16393 16394 16368
16368 16394 16372
16395 16393 16387
16394 16393 16395
16372 16394 16396
16372 16396 16397
16396 16394 16398
16394 16395 16398
16398 16395 16399
16395 16400 16399
16395 16387 16401
16387 16391 16401
16395 16401 16400
16391 16402 16401
16391 16403 16402
16401 16402 16404
16401 16404 16400
16392 16403 16391
16392 16405 16403
16403 16405 16402
16392 16406 16405
16407 16405 16406
16402 16405 16407
16407 16406 16408
16409 16407 16408
16410 16407 16409
16411 16410 16409
16410 16412 16407
16407 16412 16402
16411 16413 16410
16413 16412 16410
16411 16414 16413
16400 16404 16415
16415 16416 16400
16415 16417 16416
16415 16404 16417
16417 16418 16416
16419 16413 16414
16419 16414 16420
16419 16420 16421
16419 16421 16422
16423 16422 16421
16413 16419 16424
16424 16419 16422
16423 16425 16422
16425 16423 16426
16425 16426 16427
16428 16427 16426
16422 16425 16429
16429 16425 16427
16413 16424 16430
16413 16430 16412
16422 16429 16431
16424 16422 16431
16430 16432 16412
16412 16432 16402
16428 16433 16427
16428 16434 16433
16428 16435 16434
16434 16436 16433
16433 16437 16427
16429 16427 16437
16436 16438 16433
16433 16438 16437
16436 16439 16438
16438 16439 16440
16438 16440 16441
16441 16437 16438
16440 16442 16441
16443 16429 16437
16441 16443 16437
16442 16444 16441
16444 16443 16441
16442 16445 16444
16444 16446 16443
16443 16447 16429
16448 16447 16443
16431 16429 16447
16448 16449 16447
16431 16447 16450
16450 16424 16431
16447 16449 16451
16447 16451 16450
16452 16451 16449
16453 16450 16451
16452 16449 16454
16452 16454 16455
16456 16455 16448
16450 16457 16424
16453 16457 16450
16430 16424 16457
16430 16457 16458
16458 16457 16453
16430 16458 16432
16458 16459 16432
16402 16432 16459
16452 16460 16451
16460 16453 16451
16458 16461 16459
16458 16453 16461
16402 16459 16462
16402 16462 16404
16463 16459 16461
16462 16459 16463
16464 16461 16453
16463 16461 16464
16460 16465 16453
16464 16453 16465
16462 16466 16404
16404 16466 16417
16452 16467 16460
16467 16465 16460
16462 16463 16468
16462 16468 16466
16466 16469 16417
16417 16469 16418
16470 16418 16469
16471 16470 16469
16466 16472 16469
16471 16469 16472
16468 16472 16466
16473 16472 16468
16463 16473 16468
16473 16474 16472
16463 16475 16473
16475 16463 16464
16475 16464 16476
16476 16464 16465
16476 16465 16477
16467 16477 16465
16478 16476 16477
16479 16476 16478
16479 16480 16476
16480 16479 16481
16480 16481 16482
16483 16479 16478
16481 16479 16483
16484 16477 16467
16478 16477 16485
16484 16485 16477
16486 16478 16485
16483 16478 16486
16487 16484 16467
16452 16487 16467
16486 16485 16488
16488 16485 16484
16489 16487 16452
16489 16452 16455
16488 16484 16490
16487 16491 16484
16491 16490 16484
16492 16487 16489
16492 16491 16487
16455 16493 16489
16493 16492 16489
16486 16488 16494
16494 16488 16490
16491 16495 16490
16495 16491 16492
16455 16496 16493
16456 16496 16455
16456 16497 16496
16456 16498 16497
16499 16496 16497
16499 16493 16496
16493 16499 16500
16500 16501 16493
16493 16501 16492
16500 16502 16501
16503 16492 16501
16495 16492 16503
16502 16504 16501
16503 16501 16504
16502 16505 16504
16504 16505 16506
16504 16506 16507
16504 16507 16508
16503 16504 16508
16509 16508 16507
16509 16510 16508
16510 16509 16511
16510 16511 16512
16510 16512 16513
16503 16508 16514
16495 16503 16514
16510 16514 16508
16495 16514 16515
16490 16495 16515
16510 16516 16514
16516 16515 16514
16510 16513 16517
16517 16516 16510
16490 16515 16518
16494 16490 16518
16516 16519 16515
16518 16515 16519
16513 16520 16517
16513 16521 16520
16522 16520 16521
16522 16523 16520
16524 16520 16523
16517 16520 16524
16524 16523 16525
16517 16526 16516
16517 16524 16526
16526 16519 16516
16525 16527 16524
16527 16526 16524
16525 16528 16527
16527 16529 16526
16526 16529 16519
16530 16527 16528
16529 16527 16530
16530 16528 16337
16337 16336 16530
16529 16530 16531
16519 16529 16531
16336 16531 16530
16519 16531 16532
16518 16519 16532
16532 16494 16518
16531 16533 16532
16532 16533 16494
16336 16534 16531
16531 16534 16533
16535 16494 16533
16486 16494 16535
16336 16536 16534
16336 16333 16536
16323 16536 16333
16537 16533 16534
16537 16534 16536
16537 16536 16323
16535 16533 16537
16537 16323 16538
16535 16537 16538
16326 16538 16323
16486 16535 16539
16535 16538 16539
16539 16538 16326
16486 16539 16483
16539 16326 16540
16326 16327 16540
16541 16483 16539
16541 16539 16540
16327 16541 16540
16481 16483 16541
16542 16481 16541
16327 16542 16541
16542 16543 16481
16543 16544 16481
16545 16542 16327
16545 16543 16542
16545 16327 16546
16327 16329 16546
16329 16346 16546
16346 16545 16546
16346 16376 16545
16545 16547 16543
16376 16547 16545
16548 16543 16547
16376 16549 16547
16371 16549 16376
16371 16550 16549
16551 16548 16547
16549 16551 16547
16552 16548 16551
16549 16553 16551
16553 16552 16551
16549 16554 16553
16553 16555 16552
16552 16555 16418
16543 16471 16556
16550 16557 16558
16557 16554 16558
16559 16560 16561
16560 16562 16561
16560 16563 16562
16562 16563 16564
16562 16564 16565
16564 16566 16565
16564 16567 16566
16566 16567 16568
16566 16568 16569
16568 16570 16569
16568 16571 16570
16570 16571 16572
16570 16572 16573
16572 16574 16573
16572 16575 16574
16575 16576 16574
16575 16577 16576
16577 16578 16576
16577 16579 16578
16578 16579 16580
16578 16580 16581
16581 16580 16582
16581 16582 16583
16583 16582 16584
16583 16584 16585
16584 16586 16585
16584 16587 16586
16587 16588 16586
16587 16589 16588
16588 16589 16590
16588 16590 16591
16590 16592 16591
16590 16593 16592
16593 16594 16592
16593 16595 16594
16595 16596 16594
16595 16597 16596
16597 16598 16596
16597 16599 16598
16599 16600 16598
16599 16601 16600
16601 16602 16600
16601 16603 16602
16603 16604 16602
16603 16605 16604
16605 16606 16604
16605 16607 16606
16607 16608 16606
16607 16609 16608
16608 16609 16610
16608 16610 16611
16611 16610 16612
16611 16612 16613
16613 16612 16614
16613 16614 16615
16615 16614 16616
16617 16618 16619
16619 16618 16620
16619 16620 16621
16620 16622 16621
16620 16623 16622
16622 16623 16624
16622 16624 16625
16626 16625 16624
16626 16627 16625
16628 16627 16626
16628 16629 16627
16630 16629 16628
16630 16631 16629
16630 16632 16631
16630 16633 16632
16632 16633 16634
16632 16634 16635
16635 16634 16636
16635 16636 16637
16638 16637 16636
16638 16639 16637
16640 16639 16638
16640 16641 16639
16642 16641 16640
16642 16643 16641
16642 16644 16643
16642 16645 16644
16644 16645 16646
16644 16646 16647
16648 16647 16646
16648 16649 16647
16649 16648 16650
16649 16650 16651
16651 16650 16652
16651 16652 16653
16653 16652 16654
16653 16654 16655
16655 16654 16656
16655 16656 16657
16657 16656 16658
16657 16658 16659
16659 16658 16660
16659 16660 16661
16661 16660 16662
16661 16662 16663
16663 16662 16664
16663 16664 16665
16665 16664 16666
16665 16666 16667
16668 16667 16666
16668 16669 16667
16670 16669 16668
16670 16671 16669
16670 16672 16671
16670 16673 16672
16674 16672 16673
16675 16676 16677
16678 16676 16675
16678 16679 16676
16679 16680 16676
16679 16681 16680
16682 16679 16678
16683 16681 16679
16682 16684 16679
16684 16683 16679
16685 16684 16682
16684 16686 16683
16685 16687 16684
16687 16686 16684
16687 16688 16686
16689 16687 16685
16687 16690 16688
16689 16690 16687
16689 16691 16690
16691 16692 16690
16692 16693 16690
16692 16694 16693
16691 16695 16692
16691 16696 16695
16696 16697 16695
16698 16699 16700
16700 16701 16698
16702 16701 16700
16703 16702 16700
16702 16703 16704
16705 16702 16704
16703 16706 16704
16703 16707 16706
16704 16706 16708
16707 16709 16706
16710 16708 16706
16709 16710 16706
16709 16711 16710
16710 16712 16708
16710 16711 16713
16712 16710 16714
16710 16713 16714
16712 16714 16715
16714 16713 16716
16714 16717 16715
16714 16716 16718
16717 16714 16718
16716 16719 16718
16717 16718 16720
16721 16722 16723
16721 16723 16724
16725 16721 16724
16723 16726 16724
16723 16727 16726
16725 16724 16728
16728 16724 16726
16727 16729 16726
16727 16730 16729
16731 16725 16728
16731 16732 16725
16733 16731 16728
16728 16726 16734
16733 16728 16734
16729 16734 16726
16735 16733 16734
16729 16735 16734
16735 16736 16733
16737 16736 16735
16730 16738 16729
16738 16735 16729
16730 16739 16738
16738 16739 16740
16741 16738 16740
16737 16741 16742
16737 16735 16743
16738 16743 16735
16737 16743 16741
16741 16743 16738
16744 16745 16746
16747 16744 16746
16747 16748 16744
16749 16748 16747
16749 16750 16748
16750 16749 16751
16752 16750 16751
16752 16753 16750
16754 16753 16752
16754 16755 16753
16756 16755 16754
16756 16754 16757
16758 16756 16757
16759 16756 16758
16759 16760 16756
16761 16744 16748
16762 16761 16748
16762 16748 16763
16764 16762 16763
16764 16763 16765
16764 16765 16766
16761 16762 16767
16744 16761 16767
16762 16768 16767
16768 16762 16764
16768 16764 16769
16769 16764 16770
16764 16771 16770
16772 16764 16766
16764 16772 16771
16772 16766 16773
16771 16772 16774
16774 16772 16773
16744 16767 16775
16775 16767 16776
16744 16775 16777
16778 16744 16777
16775 16776 16779
16779 16776 16780
16776 16781 16780
16776 16782 16781
16781 16782 16783
16781 16783 16784
16783 16785 16784
16783 16786 16785
16786 16787 16785
16787 16786 16788
16787 16788 16789
16790 16791 16792
16790 16792 16793
16793 16794 16790
16793 16795 16794
16795 16796 16794
16795 16797 16796
16798 16799 16800
16798 16800 16801
16802 16801 16800
16802 16800 16803
16804 16802 16803
16804 16805 16802
16806 16807 16808
16809 16806 16808
16809 16808 16810
16811 16809 16810
16808 16812 16810
16808 16813 16812
16811 16810 16814
16815 16811 16814
16812 16816 16810
16816 16814 16810
16813 16817 16812
16817 16816 16812
16815 16814 16818
16819 16815 16818
16813 16820 16817
16813 16821 16820
16817 16820 16822
16817 16822 16823
16817 16823 16816
16814 16816 16824
16814 16824 16818
16823 16822 16825
16825 16822 16826
16827 16825 16826
16816 16823 16828
16816 16828 16824
16823 16825 16828
16827 16829 16825
16825 16829 16828
16829 16827 16830
16828 16831 16824
16824 16831 16818
16828 16829 16831
16829 16830 16832
16829 16832 16831
16818 16831 16833
16819 16818 16833
16831 16834 16833
16834 16819 16833
16831 16832 16834
16834 16835 16819
16832 16836 16834
16832 16837 16836
16832 16838 16837
16832 16830 16838
16836 16837 16839
16837 16838 16839
16836 16839 16840
16839 16841 16840
16839 16842 16841
16842 16843 16841
16838 16844 16839
16842 16839 16844
16845 16838 16830
16844 16838 16845
16846 16844 16845
16845 16830 16847
16846 16845 16847
16848 16847 16830
16848 16849 16847
16849 16848 16850
16846 16847 16851
16849 16851 16847
16842 16852 16843
16842 16844 16853
16853 16852 16842
16846 16854 16844
16854 16853 16844
16855 16843 16852
16855 16856 16843
16855 16857 16856
16849 16850 16858
16849 16859 16851
16859 16849 16858
16860 16846 16851
16859 16860 16851
16860 16861 16846
16859 16862 16860
16863 16862 16859
16863 16859 16864
16859 16858 16864
16865 16863 16864
16865 16864 16866
16858 16866 16864
16867 16865 16866
16850 16868 16858
16858 16868 16866
16850 16869 16868
16868 16869 16870
16867 16866 16871
16872 16867 16871
16866 16868 16873
16868 16870 16873
16866 16873 16871
16870 16874 16873
16870 16875 16874
16873 16874 16876
16873 16876 16871
16872 16871 16876
16877 16872 16876
16877 16878 16872
16879 16877 16876
16879 16876 16880
16881 16879 16880
16881 16880 16882
16883 16881 16882
16883 16882 16884
16885 16883 16884
16885 16884 16886
16846 16887 16888
16846 16888 16854
16888 16889 16854
16888 16890 16889
16854 16889 16853
16890 16891 16889
16891 16853 16889
16891 16892 16853
16853 16892 16852
16893 16892 16891
16894 16852 16892
16893 16894 16892
16894 16855 16852
16893 16895 16894
16893 16896 16895
16894 16897 16855
16894 16895 16897
16855 16897 16857
16898 16895 16896
16898 16896 16899
16899 16900 16898
16899 16901 16900
16902 16900 16901
16902 16903 16900
16903 16904 16900
16895 16898 16905
16897 16895 16905
16900 16905 16898
16857 16897 16906
16897 16905 16906
16900 16904 16907
16904 16908 16907
16900 16909 16905
16909 16906 16905
16900 16907 16909
16857 16906 16910
16857 16910 16911
16910 16912 16911
16909 16913 16906
16907 16913 16909
16910 16906 16913
16908 16914 16907
16907 16914 16913
16908 16915 16914
16910 16916 16912
16910 16913 16916
16917 16912 16916
16918 16914 16915
16913 16914 16918
16913 16918 16916
16917 16916 16918
16918 16915 16919
16919 16917 16918
16919 16920 16917
16919 16921 16920
16922 16917 16920
16921 16922 16920
16921 16923 16922
16924 16925 16926
16927 16924 16926
16927 16926 16928
16929 16927 16928
16929 16928 16930
16931 16929 16930
16931 16932 16929
16933 16934 16935
16934 16936 16935
16936 16937 16935
16936 16938 16937
16936 16939 16938
16940 16937 16938
16939 16941 16938
16939 16942 16941
16940 16938 16943
16944 16940 16943
16942 16945 16941
16942 16946 16945
16946 16947 16945
16945 16947 16948
16949 16948 16947
16938 16941 16950
16938 16950 16943
16941 16945 16951
16945 16948 16951
16941 16951 16950
16950 16951 16952
16951 16948 16952
16943 16950 16953
16950 16952 16953
16944 16943 16954
16943 16953 16954
16955 16953 16952
16948 16955 16952
16956 16944 16954
16956 16957 16944
16958 16957 16956
16958 16956 16959
16956 16960 16959
16961 16954 16953
16961 16956 16954
16956 16961 16960
16955 16961 16953
16961 16962 16960
16961 16955 16962
16955 16963 16962
16955 16948 16963
16948 16964 16963
16948 16965 16964
16949 16965 16948
16965 16966 16964
16967 16965 16949
16965 16968 16966
16967 16968 16965
16968 16969 16966
16967 16970 16968
16968 16970 16969
16967 16971 16970
16969 16970 16972
16972 16970 16971
16972 16971 16973
16969 16972 16974
16975 16972 16973
16976 16974 16972
16975 16976 16972
16976 16977 16974
16976 16978 16977
16975 16979 16976
16976 16979 16978
16975 16980 16979
16979 16981 16978
16980 16982 16979
16979 16982 16981
16980 16983 16982
16982 16984 16981
16982 16983 16984
16983 16985 16984
16986 16987 16988
16989 16986 16988
16989 16990 16986
16991 16989 16988
16989 16992 16990
16991 16993 16989
16989 16993 16992
16994 16993 16991
16993 16995 16992
16994 16996 16993
16993 16996 16995
16997 16996 16994
16998 16995 16996
16997 16998 16996
16998 16999 16995
17000 16998 16997
17001 16999 16998
17000 17001 16998
17001 17002 16999
17001 17003 17002
17004 17001 17000
17004 17000 17005
17001 17006 17003
17004 17006 17001
17007 17003 17006
17007 17006 17004
17007 17008 17003
17009 17008 17007
17010 17004 17005
17007 17004 17010
17010 17005 17011
17009 17007 17012
17012 17007 17010
17013 17010 17011
17012 17010 17013
17013 17011 17014
17015 17013 17014
17015 17016 17013
17012 17013 17016
17016 17015 17017
17018 17009 17012
17019 17009 17018
17020 17019 17018
17018 17012 17021
17012 17016 17021
17020 17018 17022
17022 17018 17021
17023 17020 17022
17016 17024 17021
17022 17021 17024
17016 17017 17025
17016 17025 17024
17017 17026 17025
17017 17027 17026
17025 17026 17028
17025 17028 17024
17028 17022 17024
17028 17029 17022
17023 17022 17029
17028 17030 17029
17030 17023 17029
17030 17031 17023
17032 17033 17034
17032 17035 17033
17035 17036 17033
17035 17032 17037
17035 17038 17036
17035 17037 17039
17038 17035 17039
17039 17037 17040
17038 17039 17041
17039 17040 17042
17041 17039 17042
17042 17040 17043
17041 17042 17044
17042 17043 17045
17044 17042 17045
17044 17045 17046
17043 17047 17045
17045 17048 17046
17047 17049 17045
17045 17049 17048
17050 17049 17047
17051 17049 17050
17049 17052 17048
17051 17053 17049
17053 17052 17049
17053 17054 17052
17055 17056 17057
17056 17058 17057
17057 17058 17059
17056 17060 17058
17061 17059 17058
17062 17058 17060
17061 17058 17062
17062 17060 17063
17064 17061 17062
17065 17061 17064
17066 17062 17063
17064 17062 17066
17066 17063 17067
17066 17067 17068
17069 17065 17064
17069 17070 17065
17071 17064 17066
17066 17068 17071
17071 17069 17064
17068 17072 17071
17072 17069 17071
17068 17073 17072
17069 17074 17070
17075 17070 17074
17073 17076 17072
17073 17077 17076
17076 17077 17078
17072 17079 17069
17069 17079 17074
17076 17079 17072
17080 17075 17074
17080 17081 17075
17082 17081 17080
17074 17079 17083
17074 17083 17080
17076 17083 17079
17083 17082 17080
17076 17078 17084
17084 17083 17076
17084 17078 17085
17084 17085 17086
17087 17084 17086
17083 17088 17082
17082 17088 17087
17084 17088 17083
17087 17088 17084
17089 17090 17091
17089 17091 17092
17091 17093 17092
17091 17094 17093
17095 17089 17092
17094 17096 17093
17095 17092 17097
17093 17097 17092
17096 17098 17093
17096 17099 17098
17098 17099 17100
17101 17095 17097
17101 17102 17095
17098 17100 17103
17103 17100 17104
17103 17104 17105
17105 17104 17106
17093 17098 17107
17093 17108 17097
17093 17107 17108
17097 17108 17109
17107 17109 17108
17097 17109 17101
17110 17107 17098
17110 17098 17103
17107 17110 17109
17101 17109 17111
17110 17111 17109
17112 17110 17103
17112 17103 17105
17110 17112 17111
17101 17111 17113
17102 17101 17113
17112 17114 17111
17113 17111 17114
17115 17112 17105
17112 17115 17114
17115 17105 17116
17105 17106 17116
17106 17117 17116
17115 17116 17117
17106 17118 17117
17118 17119 17117
17115 17117 17120
17121 17115 17120
17121 17114 17115
17122 17114 17121
17113 17114 17122
17122 17121 17123
17124 17113 17122
17102 17113 17124
17123 17125 17122
17124 17122 17125
17123 17126 17125
17127 17125 17126
17125 17128 17124
17124 17128 17102
17127 17129 17125
17125 17129 17128
17127 17130 17129
17130 17128 17129
17127 17131 17130
17130 17132 17128
17132 17102 17128
17132 17133 17102
17133 17134 17102
17133 17135 17134
17136 17134 17135
17136 17135 17137
17138 17136 17137
17139 17140 17141
17140 17142 17141
17140 17143 17142
17143 17144 17142
17143 17145 17144
17145 17146 17144
17145 17147 17146
17147 17148 17146
17147 17149 17148
17146 17148 17150
17151 17148 17149
17152 17151 17149
17152 17153 17151
17153 17154 17151
17154 17148 17151
17153 17155 17154
17148 17156 17150
17148 17154 17156
17154 17155 17156
17157 17150 17156
17155 17158 17156
17158 17157 17156
17158 17159 17157
17160 17161 17162
17160 17162 17163
17162 17164 17163
17162 17165 17164
17166 17164 17165
17166 17165 17167
17168 17166 17167
17168 17167 17169
17170 17168 17169
17170 17169 17171
17172 17170 17171
17172 17171 17173
17174 17172 17173
17174 17173 17175
17176 17174 17175
17176 17175 17177
17178 17176 17177
17179 17180 17181
17179 17181 17182
17183 17179 17182
17184 17183 17182
17185 17182 17181
17184 17182 17185
17185 17181 17186
17184 17185 17187
17188 17184 17187
17186 17189 17185
17186 17190 17189
17188 17187 17191
17192 17188 17191
17185 17193 17187
17191 17187 17193
17185 17189 17193
17194 17189 17190
17194 17190 17195
17196 17194 17195
17196 17197 17194
17198 17189 17194
17198 17193 17189
17197 17198 17194
17199 17192 17191
17199 17191 17193
17200 17193 17198
17197 17200 17198
17200 17199 17193
17201 17192 17199
17200 17201 17199
17201 17202 17192
17203 17202 17201
17197 17204 17200
17204 17201 17200
17197 17205 17204
17203 17201 17206
17204 17206 17201
17205 17206 17204
17207 17203 17206
17205 17208 17206
17208 17207 17206
17209 17210 17211
17209 17211 17212
17213 17209 17212
17211 17214 17212
17211 17215 17214
17214 17215 17216
17213 17212 17217
17212 17214 17217
17218 17213 17217
17214 17216 17219
17219 17216 17220
17219 17220 17221
17214 17219 17222
17214 17222 17217
17219 17221 17223
17222 17219 17223
17224 17223 17221
17224 17225 17223
17224 17226 17225
17227 17223 17225
17222 17223 17227
17227 17225 17228
17217 17222 17229
17227 17229 17222
17230 17227 17228
17227 17230 17229
17230 17228 17231
17232 17230 17231
17232 17233 17230
17230 17233 17229
17217 17229 17234
17218 17217 17234
17229 17235 17234
17235 17218 17234
17229 17233 17235
17233 17236 17235
17235 17237 17218
17236 17237 17235
17236 17238 17237
17239 17238 17236
17240 17233 17232
17233 17240 17236
17236 17240 17241
17240 17232 17242
17242 17241 17240
17242 17243 17241
17241 17243 17244
17241 17244 17245
17246 17241 17245
17239 17236 17247
17246 17239 17247
17236 17241 17247
17246 17247 17241
17248 17249 17250
17248 17251 17249
17251 17252 17249
17251 17253 17252
17254 17255 17256
17254 17257 17255
17258 17257 17259
17258 17259 17260
17261 17257 17258
17261 17262 17257
17263 17262 17261
17263 17261 17264
17261 17265 17264
17261 17266 17265
17266 17261 17258
17267 17258 17260
17266 17258 17267
17267 17260 17268
17269 17266 17267
17269 17267 17270
17271 17272 17273
17272 17274 17273
17272 17275 17274
17274 17275 17276
17274 17276 17277
17276 17278 17277
17276 17279 17278
17280 17281 17282
17281 17283 17282
17281 17284 17283
17283 17284 17285
17283 17285 17286
17285 17287 17286
17285 17288 17287
17289 17290 17291
17289 17291 17292
17293 17289 17292
17294 17292 17291
17294 17291 17295
17293 17292 17296
17296 17297 17293
17298 17292 17294
17298 17296 17292
17295 17299 17294
17295 17300 17299
17301 17299 17300
17301 17302 17299
17303 17294 17299
17302 17303 17299
17303 17298 17294
17302 17304 17303
17304 17305 17303
17305 17298 17303
17304 17306 17305
17296 17307 17297
17308 17297 17307
17309 17296 17298
17305 17309 17298
17309 17307 17296
17306 17310 17305
17310 17309 17305
17306 17311 17310
17310 17312 17309
17309 17312 17307
17311 17313 17310
17313 17312 17310
17311 17314 17313
17308 17307 17315
17316 17308 17315
17317 17307 17312
17317 17315 17307
17316 17315 17318
17319 17316 17318
17320 17315 17317
17320 17318 17315
17312 17321 17317
17321 17320 17317
17319 17318 17322
17323 17319 17322
17314 17324 17313
17325 17313 17324
17314 17326 17324
17313 17327 17312
17312 17327 17321
17325 17327 17313
17325 17321 17327
17326 17328 17324
17328 17325 17324
17326 17329 17328
17330 17328 17329
17330 17329 17331
17318 17332 17322
17318 17320 17332
17321 17333 17320
17325 17333 17321
17320 17333 17334
17334 17333 17325
17320 17334 17332
17328 17335 17325
17330 17335 17328
17334 17325 17335
17336 17334 17335
17330 17336 17335
17331 17337 17330
17331 17338 17337
17332 17334 17339
17336 17339 17334
17340 17336 17330
17340 17330 17337
17339 17336 17340
17338 17341 17337
17341 17340 17337
17338 17342 17341
17332 17339 17343
17322 17332 17343
17339 17340 17344
17343 17339 17344
17322 17343 17345
17323 17322 17345
17345 17346 17323
17345 17343 17347
17343 17344 17347
17345 17348 17346
17345 17347 17348
17349 17346 17348
17344 17340 17350
17341 17350 17340
17342 17351 17341
17342 17352 17351
17353 17347 17344
17344 17350 17353
17354 17350 17341
17354 17341 17351
17354 17353 17350
17352 17355 17351
17354 17351 17355
17352 17356 17355
17349 17348 17357
17358 17349 17357
17359 17348 17347
17353 17359 17347
17359 17357 17348
17354 17360 17353
17360 17359 17353
17356 17361 17355
17356 17362 17361
17354 17355 17363
17360 17354 17363
17361 17363 17355
17358 17357 17364
17365 17358 17364
17366 17357 17359
17360 17366 17359
17366 17364 17357
17360 17363 17367
17367 17366 17360
17365 17364 17368
17369 17365 17368
17370 17364 17366
17367 17370 17366
17370 17368 17364
17371 17367 17363
17361 17371 17363
17372 17371 17361
17372 17373 17371
17371 17373 17367
17373 17370 17367
17374 17372 17361
17362 17374 17361
17362 17375 17374
17373 17376 17370
17376 17368 17370
17376 17373 17372
17369 17368 17377
17376 17377 17368
17377 17376 17372
17378 17369 17377
17375 17379 17374
17372 17374 17379
17375 17380 17379
17372 17379 17381
17382 17372 17381
17378 17377 17383
17377 17372 17383
17382 17383 17372
17384 17378 17383
17384 17383 17382
17385 17386 17387
17385 17388 17386
17389 17388 17385
17389 17390 17388
17391 17390 17389
17391 17389 17392
17391 17392 17393
17391 17393 17394
17395 17394 17393
17395 17396 17394
17396 17395 17397
17396 17397 17398
17399 17398 17397
17399 17400 17398
17401 17400 17399
17401 17402 17400
17402 17401 17403
17402 17403 17404
17405 17404 17403
17405 17406 17404
17406 17405 17407
17406 17407 17408
17409 17408 17407
17409 17410 17408
17411 17410 17409
17411 17409 17412
17413 17411 17412
17413 17414 17411
17415 17414 17413
17415 17416 17414
17417 17418 17419
17417 17420 17418
17421 17420 17417
17420 17422 17418
17421 17423 17420
17424 17423 17421
17424 17425 17423
17420 17426 17422
17423 17426 17420
17425 17427 17423
17423 17427 17426
17425 17428 17427
17426 17429 17422
17422 17429 17430
17426 17431 17429
17427 17431 17426
17427 17432 17431
17428 17432 17427
17428 17433 17432
17434 17435 17436
17434 17437 17435
17438 17437 17434
17438 17434 17439
17439 17434 17440
17441 17438 17439
17440 17442 17439
17440 17443 17442
17442 17443 17444
17441 17439 17445
17445 17439 17442
17442 17444 17446
17446 17444 17447
17448 17441 17445
17448 17449 17441
17450 17445 17442
17450 17442 17446
17450 17448 17445
17446 17447 17451
17451 17447 17452
17453 17449 17448
17453 17454 17449
17450 17446 17455
17455 17446 17451
17456 17448 17450
17456 17453 17448
17455 17456 17450
17457 17454 17453
17457 17458 17454
17459 17457 17453
17459 17453 17456
17460 17459 17456
17455 17460 17456
17460 17461 17459
17451 17452 17462
17462 17452 17463
17455 17451 17464
17464 17460 17455
17464 17451 17462
17465 17461 17460
17464 17465 17460
17465 17466 17461
17466 17465 17464
17466 17464 17467
17464 17462 17467
17466 17467 17468
17467 17469 17468
17462 17463 17470
17467 17462 17470
17467 17471 17469
17467 17470 17471
17471 17472 17469
17471 17473 17472
17470 17473 17471
17470 17474 17473
17463 17474 17470
17463 17475 17474
17476 17477 17478
17476 17478 17479
17479 17480 17476
17478 17481 17479
17478 17482 17481
17479 17483 17480
17483 17484 17480
17485 17479 17481
17485 17483 17479
17482 17486 17481
17481 17487 17485
17481 17486 17487
17488 17487 17486
17489 17488 17486
17482 17489 17486
17488 17490 17487
17485 17487 17491
17491 17487 17490
17492 17489 17482
17493 17492 17482
17493 17494 17492
17495 17494 17493
17495 17496 17494
17492 17497 17489
17489 17497 17498
17489 17498 17499
17489 17499 17488
17499 17498 17500
17499 17500 17501
17488 17499 17501
17501 17500 17502
17501 17502 17503
17502 17504 17503
17503 17504 17505
17503 17505 17506
17501 17503 17506
17507 17506 17505
17488 17501 17508
17501 17506 17508
17507 17509 17506
17510 17509 17507
17511 17508 17506
17511 17488 17508
17511 17506 17509
17510 17512 17509
17513 17512 17510
17513 17514 17512
17515 17512 17514
17516 17509 17512
17515 17516 17512
17516 17511 17509
17517 17516 17515
17518 17511 17516
17517 17518 17516
17519 17518 17517
17520 17519 17517
17521 17519 17520
17511 17522 17488
17518 17522 17511
17519 17523 17518
17523 17522 17518
17488 17522 17524
17490 17488 17524
17523 17525 17522
17525 17524 17522
17526 17525 17523
17524 17525 17526
17490 17524 17527
17491 17490 17527
17526 17523 17528
17523 17519 17528
17526 17529 17524
17529 17526 17528
17527 17524 17529
17519 17530 17528
17529 17528 17530
17531 17530 17519
17521 17531 17519
17521 17532 17531
17532 17530 17531
17521 17533 17532
17534 17529 17530
17532 17534 17530
17533 17535 17532
17535 17534 17532
17533 17536 17535
17537 17527 17529
17534 17537 17529
17537 17538 17527
17538 17491 17527
17534 17539 17537
17539 17538 17537
17538 17540 17491
17540 17485 17491
17536 17541 17535
17542 17535 17541
17536 17543 17541
17535 17544 17534
17534 17544 17539
17542 17544 17535
17542 17539 17544
17543 17545 17541
17542 17541 17545
17543 17546 17545
17542 17545 17547
17542 17547 17548
17539 17549 17538
17549 17540 17538
17542 17550 17539
17542 17548 17550
17550 17549 17539
17548 17551 17550
17550 17551 17549
17548 17552 17551
17551 17553 17549
17549 17553 17540
17552 17554 17551
17551 17554 17553
17552 17555 17554
17540 17553 17556
17556 17553 17554
17555 17557 17554
17556 17554 17557
17555 17558 17557
17558 17559 17557
17559 17560 17557
17559 17561 17560
17562 17560 17561
17484 17557 17560
17484 17556 17557
17562 17563 17560
17563 17484 17560
17564 17563 17562
17483 17556 17484
17563 17565 17484
17540 17556 17566
17483 17566 17556
17540 17566 17485
17485 17566 17483
17564 17567 17563
17567 17565 17563
17567 17568 17565
17569 17568 17567
17567 17564 17570
17569 17567 17571
17571 17567 17570
17571 17570 17572
17572 17573 17574
17573 17575 17574
17573 17576 17575
17574 17575 17496
17574 17496 17577
17578 17579 17580
17579 17581 17580
17580 17581 17582
17580 17582 17583
17582 17584 17583
17582 17585 17584
17586 17587 17588
17586 17589 17587
17589 17590 17587
17590 17591 17592
17590 17593 17591
17594 17595 17596
17594 17596 17597
17594 17597 17598
17599 17598 17597
17594 17598 17600
17594 17600 17601
17602 17601 17600
17602 17603 17601
17602 17604 17603
17604 17605 17603
17606 17605 17604
17606 17607 17605
17608 17607 17606
17608 17609 17607
17610 17609 17608
17610 17611 17609
17612 17611 17610
17612 17610 17613
17614 17613 17610
17614 17610 17615
17615 17610 17608
17616 17614 17615
17617 17608 17606
17615 17608 17617
17618 17606 17604
17617 17606 17618
17616 17615 17619
17620 17616 17619
17615 17617 17621
17615 17621 17619
17620 17619 17622
17622 17619 17621
17623 17620 17622
17624 17621 17617
17624 17617 17618
17618 17604 17625
17602 17625 17604
17626 17618 17625
17602 17626 17625
17626 17624 17618
17623 17622 17627
17628 17623 17627
17622 17621 17629
17627 17622 17629
17629 17621 17624
17627 17629 17630
17629 17624 17631
17630 17629 17631
17631 17624 17626
17630 17631 17632
17631 17633 17632
17631 17634 17633
17631 17626 17634
17635 17633 17634
17634 17626 17636
17602 17636 17626
17600 17636 17602
17635 17634 17637
17634 17636 17637
17638 17635 17637
17600 17639 17636
17637 17636 17639
17638 17637 17639
17598 17639 17600
17640 17638 17639
17598 17641 17639
17640 17639 17641
17599 17641 17598
17640 17641 17599
17640 17599 17642
17643 17644 17645
17644 17646 17645
17644 17647 17646
17646 17647 17648
17646 17648 17649
17648 17650 17649
17648 17651 17650
17652 17653 17654
17653 17655 17654
17653 17656 17655
17655 17656 17657
17655 17657 17658
17657 17659 17658
17657 17660 17659
17661 17662 17663
17663 17662 17664
17663 17664 17665
17665 17664 17666
17665 17666 17667
17668 17667 17666
17668 17666 17669
17670 17668 17669
17670 17671 17668
17668 17671 17672
17672 17671 17673
17674 17668 17672
17675 17668 17674
17675 17674 17676
17677 17675 17676
17672 17673 17678
17678 17673 17679
17678 17679 17680
17672 17678 17681
17681 17678 17680
17674 17672 17682
17672 17681 17682
17681 17683 17682
17684 17681 17680
17681 17684 17683
17685 17684 17680
17684 17685 17683
17683 17685 17686
17687 17683 17686
17683 17687 17688
17689 17674 17682
17689 17682 17683
17683 17688 17689
17674 17689 17676
17690 17689 17688
17689 17690 17691
17691 17676 17689
17691 17692 17676
17693 17676 17692
17676 17693 17694
17676 17694 17695
17677 17676 17695
17696 17677 17695
17694 17697 17695
17696 17695 17697
17698 17696 17697
17694 17699 17697
17700 17697 17699
17700 17698 17697
17701 17698 17700
17701 17702 17698
17702 17701 17703
17702 17703 17704
17704 17703 17705
17702 17706 17698
17706 17702 17704
17704 17705 17707
17708 17704 17707
17707 17705 17709
17707 17709 17710
17708 17707 17710
17709 17711 17710
17710 17711 17712
17713 17712 17711
17714 17710 17712
17708 17710 17714
17713 17715 17712
17712 17715 17714
17713 17716 17715
17715 17717 17714
17717 17708 17714
17715 17718 17717
17717 17718 17719
17717 17719 17720
17720 17719 17721
17717 17722 17708
17717 17720 17722
17720 17721 17723
17723 17721 17724
17720 17725 17722
17725 17708 17722
17720 17723 17725
17723 17724 17726
17726 17724 17727
17723 17726 17728
17723 17728 17725
17726 17727 17729
17728 17726 17729
17729 17727 17730
17708 17725 17731
17708 17731 17704
17706 17704 17731
17732 17731 17725
17725 17728 17732
17732 17706 17731
17728 17733 17732
17728 17729 17733
17706 17732 17734
17732 17733 17734
17706 17734 17698
17735 17698 17734
17735 17734 17733
17698 17735 17736
17735 17733 17737
17737 17733 17729
17735 17737 17736
17729 17730 17738
17737 17729 17738
17738 17730 17739
17736 17737 17740
17736 17740 17741
17740 17742 17741
17738 17743 17737
17743 17740 17737
17738 17739 17743
17743 17742 17740
17739 17744 17743
17743 17744 17742
17739 17745 17744
17744 17745 17746
17742 17744 17747
17744 17746 17747
17742 17747 17748
17746 17749 17747
17747 17749 17748
17750 17751 17752
17750 17753 17751
17754 17753 17750
17751 17753 17755
17756 17753 17754
17755 17753 17757
17758 17753 17756
17759 17753 17758
17760 17753 17759
17761 17753 17760
17762 17753 17761
17763 17753 17762
17753 17763 17764
17765 17753 17764
17753 17765 17766
17767 17753 17766
17768 17753 17767
17769 17753 17768
17770 17753 17769
17771 17753 17770
17772 17753 17771
17773 17753 17772
17774 17753 17773
17775 17753 17774
17776 17753 17775
17753 17776 17777
17778 17753 17777
17779 17753 17778
17779 17778 17780
17757 17753 17779
17781 17782 17783
17781 17783 17784
17784 17783 17785
17781 17784 17786
17781 17786 17787
17788 17787 17786
17784 17785 17789
17789 17785 17790
17784 17791 17786
17784 17789 17791
17789 17790 17792
17792 17790 17793
17789 17792 17794
17789 17794 17791
17795 17786 17791
17788 17786 17795
17792 17793 17796
17796 17794 17792
17795 17791 17797
17797 17791 17794
17788 17795 17798
17798 17795 17797
17788 17798 17799
17799 17800 17788
17798 17797 17801
17801 17797 17802
17797 17794 17802
17801 17802 17803
17793 17804 17796
17793 17805 17804
17804 17805 17806
17796 17807 17794
17802 17794 17807
17804 17807 17796
17803 17802 17808
17802 17807 17808
17803 17808 17809
17808 17810 17809
17804 17806 17811
17811 17806 17812
17804 17813 17807
17813 17804 17811
17807 17814 17808
17808 17814 17810
17807 17813 17814
17811 17812 17815
17815 17812 17816
17815 17816 17817
17817 17816 17818
17813 17811 17819
17814 17813 17819
17815 17819 17811
17810 17814 17820
17814 17819 17820
17810 17820 17821
17815 17822 17819
17820 17819 17822
17822 17815 17817
17821 17820 17823
17820 17822 17823
17821 17823 17824
17823 17822 17825
17822 17817 17825
17824 17823 17826
17823 17825 17826
17824 17826 17827
17828 17826 17825
17828 17825 17817
17829 17827 17826
17828 17829 17826
17829 17830 17827
17831 17830 17829
17831 17832 17830
17833 17829 17828
17833 17831 17829
17828 17817 17834
17833 17828 17834
17833 17834 17835
17836 17833 17835
17836 17837 17833
17837 17831 17833
17838 17837 17836
17839 17832 17831
17837 17839 17831
17839 17840 17832
17841 17839 17837
17838 17841 17837
17842 17840 17839
17841 17842 17839
17842 17843 17840
17842 17841 17844
17841 17838 17844
17843 17842 17845
17842 17844 17845
17843 17845 17846
17846 17845 17847
17846 17847 17848
17849 17848 17847
17845 17844 17850
17845 17850 17847
17851 17849 17847
17851 17847 17850
17849 17851 17852
17849 17852 17853
17852 17854 17853
17851 17855 17852
17855 17851 17850
17856 17850 17844
17838 17856 17844
17855 17850 17857
17856 17857 17850
17858 17855 17857
17856 17859 17857
17838 17859 17856
17858 17857 17859
17838 17860 17859
17860 17838 17861
17858 17859 17862
17862 17863 17858
17862 17864 17863
17865 17862 17859
17865 17864 17862
17865 17859 17860
17865 17866 17864
17867 17866 17865
17868 17860 17861
17868 17865 17860
17867 17865 17868
17869 17868 17861
17870 17867 17868
17869 17870 17868
17870 17871 17867
17818 17871 17870
17872 17870 17869
17818 17870 17872
17872 17869 17873
17817 17818 17872
17817 17872 17873
17874 17875 17876
17874 17877 17875
17878 17875 17877
17878 17879 17875
17880 17879 17878
17880 17881 17879
17882 17881 17880
17882 17883 17881
17884 17883 17882
17884 17885 17883
17886 17885 17884
17886 17887 17885
17888 17887 17886
17888 17889 17887
17890 17889 17888
17890 17891 17889
17890 17892 17891
17892 17890 17893
17892 17893 17894
17894 17893 17895
17894 17895 17896
17897 17896 17895
17897 17898 17896
17899 17898 17897
17899 17900 17898
17901 17902 17903
17901 17904 17902
17905 17904 17901
17905 17906 17904
17907 17906 17905
17907 17908 17906
17909 17908 17907
17909 17910 17908
17911 17910 17909
17911 17909 17912
17913 17911 17912
17913 17912 17914
17915 17913 17914
17915 17916 17913
17916 17915 17917
17918 17916 17917
17918 17917 17919
17920 17918 17919
17920 17921 17918
17922 17921 17920
17922 17923 17921
17923 17922 17924
17923 17924 17925
17925 17924 17926
17925 17926 17927
17928 17927 17926
17928 17926 17929
17930 17928 17929
17930 17931 17928
17931 17930 17932
17931 17932 17933
17934 17933 17932
17934 17932 17935
17936 17934 17935
17934 17936 17937
17934 17937 17938
17939 17938 17937
17939 17940 17938
17941 17942 17943
17942 17944 17943
17942 17945 17944
17944 17945 17946
17944 17946 17947
17947 17946 17948
17946 17949 17948
17947 17948 17950
17948 17951 17950
17948 17952 17951
17951 17952 17953
17951 17953 17954
17953 17955 17954
17953 17956 17955
17957 17955 17956
17957 17958 17955
17958 17957 17959
17958 17959 17960
17959 17961 17960
17959 17962 17961
17963 17961 17962
17963 17964 17961
17965 17964 17963
17965 17966 17964
17966 17965 17967
17966 17967 17968
17968 17967 17969
17968 17969 17970
17971 17972 17973
17971 17973 17974
17975 17971 17974
17975 17976 17971
17976 17975 17977
17976 17977 17978
17979 17978 17977
17979 17980 17978
17981 17980 17979
17981 17982 17980
17982 17981 17983
17982 17983 17984
17984 17983 17985
17984 17985 17986
17986 17985 17987
17986 17987 17988
17988 17987 17989
17988 17989 17990
17991 17992 17993
17991 17993 17994
17995 17996 17997
17995 17998 17996
17999 17998 17995
17999 18000 17998
18001 18000 17999
18001 17999 18002
18003 18001 18002
18003 18004 18001
18005 18004 18003
18005 18006 18004
18007 18006 18005
18007 18008 18006
18009 18008 18007
18009 18007 18010
18011 18009 18010
18011 18012 18009
18013 18014 18015
18013 18015 18016
18016 18015 18017
18016 18017 18018
18019 18018 18017
18019 18020 18018
18021 18022 18023
18021 18023 18024
18025 18026 18027
18025 18027 18028
18029 18030 18031
18029 18032 18030
18030 18032 18033
18030 18033 18034
18035 18030 18034
18036 18034 18033
18036 18037 18034
18035 18034 18037
18035 18037 18038
18039 18035 18038
18035 18040 18030
18030 18040 18041
18040 18042 18041
18030 18041 18043
18035 18044 18040
18044 18042 18040
18039 18045 18035
18045 18044 18035
18045 18046 18044
18046 18045 18047
18047 18045 18039
18042 18044 18048
18048 18044 18046
18048 18049 18042
18048 18050 18049
18051 18050 18048
18051 18052 18050
18043 18041 18053
18054 18043 18053
18055 18054 18053
18055 18056 18054
18054 18057 18043
18058 18043 18057
18058 18057 18059
18057 18054 18060
18057 18060 18061
18060 18054 18062
18060 18062 18063
18064 18061 18060
18065 18060 18063
18064 18060 18065
18065 18063 18066
18064 18065 18067
18067 18065 18068
18067 18068 18069
18064 18067 18070
18071 18064 18070
18071 18070 18072
18067 18047 18070
18070 18047 18039
18039 18073 18074
18039 18075 18073
18076 18075 18039
18076 18039 18077
18076 18077 18037
18076 18037 18078
18079 18080 18047
18079 18081 18080
18047 18082 18046
18083 18046 18082
18084 18083 18082
18084 18085 18083
18046 18083 18086
18046 18086 18087
18088 18046 18087
18088 18089 18046
18086 18090 18087
18090 18088 18087
18090 18091 18088
18086 18092 18090
18093 18091 18090
18093 18090 18094
18094 18090 18092
18095 18093 18094
18095 18049 18093
18094 18092 18096
18042 18094 18096
18042 18096 18097
18097 18098 18042
18098 18097 18099
18098 18099 18100
18042 18098 18041
18041 18101 18102
18041 18102 18103
18092 18104 18105
18092 18106 18104
18106 18107 18104
18106 18108 18107
18092 18109 18110
18092 18110 18111
18110 18112 18111
18110 18113 18112
18114 18115 18116
18114 18116 18117
18118 18119 18120
18118 18120 18121
18122 18118 18121
18123 18122 18121
18124 18123 18121
18124 18121 18125
18121 18120 18126
18121 18127 18125
18121 18126 18128
18121 18128 18129
18128 18126 18130
18130 18126 18131
18121 18129 18132
18121 18132 18133
18134 18121 18133
18121 18134 18127
18135 18127 18134
18136 18127 18135
18137 18130 18131
18137 18138 18130
18137 18139 18138
18137 18140 18139
18141 18136 18135
18140 18141 18139
18141 18142 18136
18140 18142 18141
18143 18144 18145
18143 18146 18144
18146 18143 18147
18146 18147 18148
18149 18150 18151
18149 18152 18150
18152 18149 18153
18154 18150 18152
18152 18153 18155
18156 18154 18152
18156 18152 18155
18157 18154 18156
18158 18157 18156
18158 18156 18155
18157 18159 18154
18158 18160 18157
18154 18159 18161
18162 18160 18158
18154 18161 18163
18154 18163 18150
18163 18161 18164
18158 18155 18165
18162 18158 18166
18166 18158 18165
18167 18162 18166
18167 18168 18162
18169 18165 18155
18169 18155 18153
18166 18165 18170
18167 18166 18170
18165 18169 18171
18165 18171 18170
18172 18170 18171
18172 18173 18170
18167 18170 18173
18173 18172 18174
18173 18174 18175
18176 18175 18174
18177 18167 18173
18177 18173 18175
18176 18178 18175
18178 18176 18179
18180 18167 18177
18180 18168 18167
18181 18177 18175
18181 18175 18178
18181 18180 18177
18178 18179 18182
18183 18181 18178
18183 18178 18182
18184 18181 18183
18181 18185 18180
18184 18185 18181
18186 18183 18182
18186 18184 18183
18186 18187 18184
18188 18187 18186
18189 18168 18180
18190 18180 18185
18189 18180 18190
18191 18185 18184
18190 18185 18191
18192 18168 18189
18192 18193 18168
18191 18184 18194
18194 18184 18195
18196 18193 18192
18196 18197 18193
18194 18195 18198
18198 18195 18199
18200 18197 18196
18200 18201 18197
18198 18199 18202
18202 18199 18203
18204 18201 18200
18204 18205 18201
18206 18205 18204
18206 18204 18207
18208 18206 18207
18149 18204 18200
18207 18204 18149
18207 18149 18209
18149 18200 18153
18153 18200 18196
18153 18196 18169
18169 18196 18192
18169 18192 18210
18210 18192 18189
18210 18189 18211
18211 18189 18190
18211 18190 18212
18212 18190 18191
18212 18191 18213
18213 18191 18194
18213 18194 18179
18179 18194 18198
18179 18198 18214
18214 18198 18202
18214 18202 18215
18215 18202 18216
18215 18216 18217
18202 18203 18216
18218 18217 18216
18218 18219 18217
18220 18216 18203
18220 18218 18216
18221 18220 18203
18221 18203 18188
18221 18188 18222
18188 18186 18222
18223 18222 18186
18186 18182 18223
18224 18223 18182
18224 18182 18179
18223 18224 18225
18223 18226 18222
18223 18225 18226
18221 18222 18226
18227 18226 18225
18221 18226 18228
18227 18228 18226
18229 18221 18228
18221 18229 18220
18227 18230 18228
18229 18228 18230
18227 18219 18230
18231 18220 18229
18231 18229 18230
18231 18232 18220
18218 18220 18232
18219 18218 18233
18218 18232 18233
18234 18230 18219
18219 18233 18235
18236 18233 18232
18231 18236 18232
18237 18235 18233
18236 18237 18233
18237 18238 18235
18234 18239 18230
18231 18230 18239
18238 18237 18240
18238 18240 18241
18234 18242 18239
18234 18243 18242
18244 18242 18243
18245 18231 18239
18231 18245 18236
18245 18239 18242
18237 18236 18246
18237 18246 18240
18247 18236 18245
18247 18245 18242
18247 18246 18236
18248 18241 18240
18248 18249 18241
18250 18248 18240
18250 18240 18246
18247 18251 18246
18244 18252 18242
18247 18242 18252
18247 18253 18251
18253 18247 18252
18244 18254 18252
18253 18252 18254
18244 18255 18254
18256 18254 18249
18257 18250 18253
18257 18253 18254
18257 18258 18250
18257 18259 18258
18256 18260 18254
18257 18254 18260
18257 18261 18259
18261 18257 18260
18256 18262 18260
18261 18260 18262
18256 18263 18262
18264 18262 18263
18265 18259 18261
18265 18261 18262
18265 18266 18259
18265 18267 18266
18264 18268 18262
18265 18262 18268
18265 18269 18267
18269 18265 18268
18270 18267 18269
18264 18271 18268
18269 18268 18271
18264 18272 18271
18270 18269 18273
18273 18269 18271
18274 18270 18273
18273 18271 18275
18274 18273 18276
18276 18273 18275
18271 18277 18275
18271 18272 18277
18277 18278 18275
18276 18275 18278
18277 18279 18278
18280 18278 18279
18281 18274 18276
18281 18276 18278
18281 18282 18274
18281 18278 18283
18280 18283 18278
18284 18282 18281
18284 18281 18283
18284 18285 18282
18284 18286 18285
18284 18283 18287
18284 18288 18286
18288 18284 18287
18289 18287 18283
18289 18283 18280
18290 18286 18288
18290 18291 18286
18292 18291 18290
18288 18287 18293
18289 18293 18287
18290 18288 18293
18292 18290 18294
18295 18292 18294
18289 18296 18293
18297 18293 18296
18290 18293 18298
18294 18290 18298
18297 18298 18293
18295 18294 18299
18164 18295 18299
18294 18298 18300
18299 18294 18300
18164 18299 18301
18163 18164 18301
18301 18299 18302
18299 18300 18302
18163 18301 18303
18301 18302 18303
18163 18303 18150
18304 18150 18303
18302 18304 18303
18304 18305 18150
18302 18306 18304
18300 18306 18302
18300 18307 18306
18298 18307 18300
18298 18297 18307
18297 18308 18307
18297 18309 18308
18310 18309 18297
18307 18308 18311
18307 18311 18312
18311 18313 18312
18311 18314 18313
18314 18315 18313
18314 18207 18315
18208 18207 18314
18316 18208 18314
18316 18314 18311
18308 18316 18311
18308 18317 18316
18309 18317 18308
18309 18318 18317
18310 18319 18309
18319 18318 18309
18319 18310 18289
18319 18320 18318
18319 18289 18321
18320 18319 18321
18280 18321 18289
18320 18321 18322
18280 18323 18321
18323 18322 18321
18323 18324 18322
18325 18323 18280
18326 18324 18323
18325 18326 18323
18326 18327 18324
18326 18328 18327
18325 18329 18326
18326 18329 18328
18325 18330 18329
18329 18331 18328
18330 18332 18329
18329 18332 18331
18330 18272 18332
18332 18333 18331
18272 18334 18332
18332 18334 18333
18272 18335 18334
18336 18334 18335
18337 18333 18334
18336 18337 18334
18337 18338 18333
18337 18336 18339
18338 18337 18340
18337 18339 18340
18255 18340 18339
18338 18340 18341
18255 18342 18340
18342 18341 18340
18342 18251 18341
18343 18344 18345
18343 18345 18346
18347 18346 18345
18347 18348 18346
18345 18349 18347
18350 18349 18345
18351 18348 18347
18351 18352 18348
18353 18352 18351
18353 18351 18354
18355 18353 18354
18355 18354 18356
18357 18355 18356
18357 18356 18358
18354 18358 18356
18354 18359 18358
18354 18360 18359
18354 18351 18360
18351 18361 18360
18351 18347 18361
18347 18362 18361
18347 18363 18362
18364 18362 18363
18364 18363 18365
18349 18363 18347
18366 18363 18349
18366 18349 18367
18350 18367 18349
18367 18368 18366
18350 18369 18367
18367 18369 18368
18350 18370 18369
18371 18368 18369
18371 18369 18370
18371 18372 18368
18371 18370 18373
18374 18375 18376
18374 18376 18377
18377 18378 18374
18379 18377 18376
18379 18376 18380
18377 18379 18381
18377 18381 18382
18377 18382 18378
18383 18382 18381
18384 18378 18382
18383 18384 18382
18384 18385 18378
18386 18384 18383
18386 18385 18384
18383 18387 18386
18383 18388 18387
18383 18389 18388
18389 18390 18388
18386 18387 18391
18386 18391 18392
18392 18391 18393
18392 18393 18394
18385 18386 18395
18395 18386 18392
18385 18395 18396
18385 18396 18397
18397 18396 18398
18395 18392 18399
18399 18392 18400
18399 18400 18401
18402 18400 18392
18394 18402 18392
18402 18403 18400
18394 18404 18402
18402 18404 18403
18394 18405 18404
18403 18404 18406
18406 18404 18405
18403 18406 18407
18406 18405 18408
18409 18407 18406
18410 18406 18408
18409 18406 18410
18410 18408 18411
18412 18409 18410
18412 18410 18411
18413 18414 18415
18413 18416 18414
18417 18414 18416
18417 18416 18418
18414 18417 18419
18420 18414 18419
18421 18417 18418
18421 18418 18422
18423 18421 18422
18423 18424 18421
18425 18424 18423
18425 18426 18424
18427 18426 18425
18427 18428 18426
18424 18426 18428
18424 18428 18429
18424 18429 18430
18424 18430 18421
18421 18430 18431
18421 18431 18417
18417 18431 18432
18417 18432 18433
18419 18417 18433
18434 18433 18432
18434 18435 18433
18436 18419 18433
18436 18437 18419
18420 18419 18437
18437 18436 18438
18420 18437 18439
18437 18438 18439
18420 18439 18440
18441 18439 18438
18441 18440 18439
18441 18438 18442
18441 18443 18440
18444 18445 18446
18444 18447 18445
18447 18444 18448
18449 18445 18447
18449 18450 18445
18447 18451 18449
18447 18452 18451
18447 18448 18452
18453 18451 18452
18454 18452 18448
18453 18452 18454
18454 18448 18455
18456 18453 18454
18456 18454 18455
18453 18456 18457
18453 18457 18458
18453 18458 18459
18459 18458 18460
18456 18461 18457
18456 18462 18461
18462 18463 18461
18462 18464 18463
18455 18465 18456
18465 18462 18456
18455 18466 18465
18455 18467 18466
18467 18468 18466
18465 18469 18462
18469 18470 18462
18469 18471 18470
18472 18462 18470
18464 18462 18472
18472 18470 18473
18464 18472 18474
18472 18473 18474
18464 18474 18475
18473 18476 18474
18476 18475 18474
18473 18477 18476
18476 18478 18475
18479 18476 18477
18480 18478 18476
18479 18480 18476
18480 18481 18478
18482 18480 18479
18482 18481 18480
18483 18484 18485
18483 18485 18486
18487 18488 18489
18487 18489 18490
18491 18492 18493
18491 18493 18494
18495 18496 18497
18495 18497 18498
18499 18500 18501
18499 18501 18502
18503 18504 18505
18503 18505 18506
18507 18508 18509
18507 18509 18510
18511 18512 18513
18511 18513 18514
18515 18511 18514
18515 18514 18516
18517 18515 18516
18517 18516 18518
18519 18517 18518
18519 18518 18520
18521 18522 18523
18521 18524 18522
18524 18525 18522
18524 18526 18525
18526 18527 18525
18526 18528 18527
18529 18530 18531
18529 18532 18530
18532 18533 18530
18532 18534 18533
18535 18536 18537
18535 18537 18538
18539 18535 18538
18539 18538 18540
18541 18539 18540
18541 18540 18542
18543 18544 18545
18543 18545 18546
18547 18543 18546
18547 18546 18548
18549 18547 18548
18549 18548 18550
18551 18549 18550
18551 18550 18552
18553 18554 18555
18553 18555 18556
18557 18558 18559
18557 18559 18560
18561 18557 18560
18561 18560 18562
18563 18561 18562
18563 18562 18564
18565 18566 18567
18565 18567 18568
18569 18565 18568
18569 18568 18570
18571 18569 18570
18571 18570 18572
18573 18574 18575
18573 18575 18576
18577 18573 18576
18577 18576 18578
18579 18577 18578
18579 18578 18580
18581 18582 18583
18581 18584 18582
18584 18585 18582
18584 18586 18585
18586 18587 18585
18586 18588 18587
18589 18590 18591
18589 18591 18592
18593 18594 18595
18593 18595 18596
18597 18598 18599
18597 18599 18600
18601 18602 18603
18601 18603 18604
18605 18601 18604
18605 18604 18606
18607 18605 18606
18607 18606 18608
18609 18610 18611
18609 18612 18610
18612 18613 18610
18612 18614 18613
18615 18616 18617
18615 18617 18618
18619 18620 18621
18619 18621 18622
18623 18624 18625
18623 18625 18626
18627 18628 18629
18627 18629 18630
18631 18632 18633
18631 18633 18634
18635 18636 18637
18635 18637 18638
18639 18635 18638
18639 18638 18640
18641 18639 18640
18641 18640 18642
18643 18644 18645
18643 18645 18646
18647 18648 18649
18647 18649 18650
18651 18652 18653
18651 18653 18654
18655 18656 18657
18655 18657 18658
18659 18660 18661
18659 18661 18662
18663 18664 18665
18663 18665 18666
18667 18668 18669
18667 18669 18670
18671 18672 18673
18671 18673 18674
18675 18676 18677
18675 18677 18678
18679 18680 18681
18679 18681 18682
18683 18684 18685
18683 18685 18686
18687 18688 18689
18687 18689 18690
18691 18692 18693
18691 18693 18694
18695 18696 18697
18695 18697 18698
18699 18700 18701
18699 18701 18702
18703 18699 18702
18702 18701 18704
18703 18702 18705
18705 18706 18703
18705 18707 18706
18708 18707 18705
18702 18704 18709
18705 18702 18709
18709 18704 18710
18708 18705 18711
18705 18709 18711
18712 18708 18711
18709 18710 18713
18711 18709 18713
18713 18710 18714
18712 18711 18715
18711 18713 18715
18716 18712 18715
18713 18714 18717
18715 18713 18717
18717 18714 18718
18717 18718 18719
18716 18715 18720
18715 18717 18720
18720 18717 18719
18721 18716 18720
18720 18719 18721
18722 18723 18724
18722 18724 18725
18724 18726 18725
18724 18727 18726
18728 18726 18727
18722 18725 18729
18729 18725 18726
18722 18729 18730
18731 18730 18729
18731 18732 18730
18729 18726 18733
18733 18731 18729
18732 18731 18734
18732 18734 18735
18733 18736 18731
18734 18731 18736
18737 18735 18734
18737 18738 18735
18737 18739 18738
18734 18736 18740
18740 18737 18734
18737 18741 18739
18739 18741 18742
18740 18743 18737
18741 18737 18743
18726 18744 18733
18745 18736 18733
18745 18733 18744
18736 18746 18740
18736 18745 18746
18747 18743 18740
18747 18740 18746
18741 18743 18748
18747 18748 18743
18741 18749 18742
18741 18748 18749
18742 18749 18750
18742 18750 15946
18750 18749 18751
18751 18749 18748
18750 18751 18752
18753 18752 18751
18751 18748 18754
18747 18754 18748
18753 18751 18755
18754 18755 18751
18755 15954 18753
18755 18756 15954
18757 18756 18755
18754 18757 18755
18757 18758 18756
18757 18759 18758
18754 18760 18757
18757 18760 18759
18754 18747 18760
18761 18759 18760
18762 18760 18747
18761 18760 18762
18762 18747 18746
18763 18761 18762
18746 18763 18762
18763 18764 18761
18746 18745 18763
18765 18764 18763
18766 18763 18745
18765 18763 18766
18767 18765 18766
18767 18766 18768
18766 18745 18744
18744 18768 18766
18768 18769 18767
18768 18770 18769
18768 18771 18770
18728 18771 18768
18744 18772 18768
18728 18768 18772
18726 18772 18744
18728 18772 18726
18773 18774 18775
18776 18773 18775
18776 18777 18773
18778 18777 18776
18778 18779 18777
18780 18779 18781
18780 18781 18782
18783 18780 18782
18783 18784 18780
18785 18784 18783
18785 18783 18786
18787 18785 18786
18788 18789 18790
18788 18790 18791
18792 18791 18790
18792 18790 18793
18794 18792 18793
18795 18788 18796
18795 18796 18797
18796 18798 18797
18796 18799 18798
18798 18799 18800
18798 18800 18801
18800 18802 18801
18803 18804 18805
18804 18803 18806
18805 18807 18803
18806 18803 18807
18805 18808 18807
18806 18807 18809
18805 18810 18808
18810 18811 18808
18806 18809 18812
18812 18809 18813
18810 18814 18811
18810 18815 18814
18812 18813 18816
18812 18816 18817
18818 18814 18815
18818 18819 18814
18818 18820 18819
18821 18817 18816
18821 18816 18822
18821 18822 18823
18824 18820 18818
18825 18821 18823
18824 18826 18820
18825 18823 18826
18824 18827 18826
18825 18826 18827
18824 18828 18827
18827 18828 18825
18829 18830 18831
18831 18832 18829
18830 18829 18833
18832 18833 18829
18830 18833 18834
18832 18835 18833
18830 18834 18836
18836 18834 18837
18832 18838 18835
18838 18839 18835
18836 18837 18840
18836 18840 18841
18838 18842 18839
18838 18843 18842
18844 18841 18840
18844 18840 18845
18844 18845 18846
18847 18842 18843
18847 18848 18842
18847 18849 18848
18850 18844 18846
18851 18849 18847
18850 18846 18852
18851 18852 18849
18850 18852 18853
18851 18853 18852
18850 18853 18854
18853 18851 18854
18855 18856 18857
18856 18855 18858
18857 18859 18855
18858 18855 18859
18857 18860 18859
18858 18859 18861
18857 18862 18860
18858 18861 18863
18862 18864 18860
18862 18865 18864
18863 18861 18866
18863 18866 18867
18868 18864 18865
18868 18865 18869
18870 18867 18866
18870 18866 18871
18872 18868 18869
18873 18870 18871
18872 18873 18868
18873 18874 18870
18872 18875 18873
18873 18875 18874
18872 18876 18875
18875 18876 18874
18877 18878 18879
18879 18880 18877
18878 18877 18881
18880 18881 18877
18878 18881 18882
18880 18883 18881
18878 18882 18884
18880 18885 18883
18884 18882 18886
18884 18886 18887
18888 18887 18886
18888 18886 18889
18885 18890 18883
18885 18891 18890
18892 18888 18889
18890 18891 18893
18890 18893 18894
18895 18894 18893
18892 18889 18895
18895 18893 18896
18892 18895 18897
18897 18895 18896
18892 18897 18898
18897 18896 18898
18899 18900 18901
18902 18900 18899
18903 18902 18899
18899 18901 18904
18903 18899 18904
18905 18903 18904
18905 18904 18906
18907 18905 18906
18907 18906 18908
18909 18907 18908
18909 18908 18910
18911 18909 18910
18911 18910 18912
18913 18911 18912
18913 18914 18911
18915 18914 18913
18915 18913 18916
18917 18915 18916
18917 18916 18918
18919 18917 18918
18919 18918 18920
18919 18920 18921
18922 18919 18921
18920 18923 18921
18922 18921 18924
18923 18924 18921
18925 18926 18927
18928 18925 18927
18925 18929 18926
18930 18925 18928
18925 18931 18929
18932 18925 18930
18925 18933 18931
18934 18925 18932
18925 18935 18933
18934 18936 18925
18937 18935 18925
18925 18936 18937
18938 18939 18940
18941 18939 18938
18938 18940 18942
18943 18942 18940
18944 18941 18938
18945 18941 18944
18946 18945 18944
18946 18944 18947
18944 18938 18948
18944 18949 18947
18944 18948 18949
18950 18948 18938
18950 18938 18942
18942 18951 18950
18950 18952 18948
18952 18949 18948
18951 18952 18950
18943 18953 18942
18942 18953 18951
18954 18953 18943
18951 18953 18954
18954 18943 18955
18956 18954 18955
18957 18947 18949
18958 18947 18957
18959 18958 18957
18959 18957 18960
18961 18959 18960
18962 18961 18960
18957 18949 18963
18960 18957 18963
18949 18952 18963
18956 18964 18954
18956 18965 18964
18966 18963 18952
18951 18966 18952
18951 18954 18967
18964 18967 18954
18965 18968 18964
18965 18969 18968
18969 18970 18968
18968 18970 18971
18966 18972 18963
18972 18960 18963
18973 18966 18951
18973 18951 18967
18972 18966 18973
18964 18974 18967
18964 18968 18974
18973 18967 18974
18968 18975 18974
18968 18971 18975
18975 18973 18974
18972 18973 18976
18960 18972 18976
18975 18976 18973
18971 18977 18975
18975 18977 18976
18977 18960 18976
18971 18978 18977
18977 18962 18960
18978 18962 18977
18979 18980 18981
18979 18981 18982
18979 18983 18980
18979 18982 18984
18985 18980 18983
18985 18986 18980
18987 18986 18985
18987 18988 18986
18988 18987 18989
18988 18989 18990
18990 18989 18991
18990 18991 18992
18992 18991 18993
18992 18993 18994
18995 18994 18993
18995 18996 18994
18997 18996 18995
18997 18998 18996
18999 18998 18997
18999 19000 18998
19001 19000 18999
19001 19002 19000
19002 19001 19003
19002 19003 19004
19005 19004 19003
19005 19003 19006
18984 19005 19006
18984 18982 19005
19007 19008 19009
19010 19008 19007
19007 19009 19011
19010 19007 19012
19013 19010 19012
19013 19012 19014
19015 19011 19009
19015 19016 19011
19017 19013 19014
19017 19014 19018
19017 19018 19019
19017 19019 19020
19021 19020 19019
19021 19022 19020
19023 19022 19021
19023 19024 19022
19025 19016 19015
19025 19024 19023
19025 19015 19026
19025 19026 19024
19027 19028 19029
19027 19030 19028
19027 19029 19031
19032 19030 19027
19027 19031 19033
19034 19033 19031
19032 19027 19035
19035 19027 19033
19035 19036 19032
19034 19037 19033
19038 19037 19034
19038 19039 19037
19039 19040 19037
19037 19041 19033
19037 19040 19041
19035 19033 19041
19040 19042 19041
19042 19035 19041
19035 19043 19036
19042 19043 19035
19043 19044 19036
19045 19043 19042
19043 19046 19044
19045 19046 19043
19047 19048 19049
19048 19047 19050
19048 19051 19049
19052 19048 19050
19048 19053 19051
19052 19053 19048
19054 19055 19056
19057 19055 19054
19054 19056 19058
19059 19058 19056
19057 19054 19060
19061 19057 19060
19061 19062 19057
19063 19062 19061
19063 19064 19062
19065 19064 19063
19065 19066 19064
19067 19066 19065
19067 19068 19066
19069 19068 19067
19069 19067 19070
19071 19069 19070
19071 19070 19072
19059 19071 19072
19067 19073 19070
19072 19070 19073
19067 19074 19073
19074 19067 19065
19074 19065 19075
19075 19065 19063
19075 19063 19076
19076 19063 19061
19076 19061 19077
19077 19061 19060
19077 19060 19078
19054 19078 19060
19054 19079 19078
19072 19073 19080
19079 19054 19058
19072 19080 19081
19079 19058 19082
19072 19081 19083
19083 19081 19082
19083 19082 19058
19059 19072 19083
19059 19083 19058
19084 19085 19086
19087 19085 19084
19084 19086 19088
19089 19088 19086
19089 19090 19088
19091 19090 19089
19092 19084 19088
19090 19092 19088
19092 19093 19084
19090 19094 19092
19091 19095 19090
19095 19094 19090
19095 19096 19094
19097 19095 19091
19098 19084 19093
19087 19084 19098
19098 19093 19099
19100 19098 19099
19101 19096 19095
19097 19101 19095
19101 19102 19096
19101 19103 19102
19104 19087 19098
19100 19104 19098
19104 19105 19087
19106 19104 19100
19097 19107 19101
19101 19107 19103
19097 19108 19107
19109 19103 19107
19107 19108 19110
19111 19105 19104
19106 19111 19104
19111 19112 19105
19111 19110 19112
19106 19109 19113
19109 19107 19113
19106 19113 19111
19111 19113 19110
19107 19110 19113
19114 19115 19116
19115 19114 19117
19116 19118 19114
19117 19114 19118
19116 19119 19118
19119 19120 19118
19117 19118 19121
19121 19118 19120
19119 19122 19120
19121 19120 19123
19124 19120 19122
19125 19123 19120
19124 19126 19120
19125 19120 19126
19127 19126 19124
19128 19125 19126
19127 19129 19126
19128 19126 19129
19127 19130 19129
19129 19130 19128
19131 19132 19133
19133 19134 19131
19132 19131 19135
19134 19135 19131
19132 19135 19136
19136 19135 19137
19134 19138 19135
19138 19137 19135
19136 19137 19139
19138 19140 19137
19141 19139 19137
19142 19137 19140
19141 19137 19143
19142 19143 19137
19144 19141 19143
19145 19143 19142
19144 19143 19146
19145 19146 19143
19144 19146 19147
19146 19145 19147
19148 19149 19150
19151 19148 19150
19148 19152 19149
19153 19148 19151
19152 19148 19154
19148 19153 19155
19148 19156 19154
19148 19155 19157
19156 19148 19158
19148 19157 19159
19148 19160 19158
19148 19159 19161
19160 19148 19162
19148 19161 19163
19148 19164 19162
19148 19163 19165
19148 19166 19164
19148 19165 19167
19148 19168 19166
19148 19167 19169
19168 19148 19170
19148 19169 19171
19170 19148 19172
19173 19148 19171
19148 19174 19172
19148 19173 19175
19174 19148 19176
19177 19148 19175
19148 19178 19176
19148 19177 19178
19179 19180 19181
19179 19181 19182
19180 19179 19183
19184 19182 19181
19180 19183 19185
19184 19186 19182
19185 19183 19187
19188 19186 19184
19185 19187 19189
19188 19190 19186
19189 19187 19191
19192 19190 19188
19189 19191 19193
19192 19194 19190
19193 19191 19195
19196 19194 19192
19193 19195 19197
19196 19198 19194
19197 19195 19198
19197 19198 19196
