byte offset: 0
first index: 0
index count: 22275
topology: trianglelist
format: DXGI_FORMAT_R16_UINT

0 1 2
3 1 4
5 6 4
5 7 6
7 8 6
9 7 5
10 9 5
10 5 11
11 5 12
11 12 13
13 12 14
15 11 13
10 11 16
15 16 11
13 14 17
15 13 17
18 16 15
15 17 19
20 15 19
21 20 19
21 22 20
23 19 17
23 21 19
14 24 17
23 17 24
14 25 24
26 25 14
22 27 18
27 16 18
22 28 27
29 16 27
28 29 27
30 22 21
28 22 30
29 31 16
10 16 31
10 31 32
10 32 9
30 21 33
34 33 21
23 34 21
35 28 30
36 30 33
35 30 36
36 33 37
34 38 33
37 33 38
35 36 39
39 36 37
34 23 40
38 34 41
34 40 41
42 40 23
42 23 24
24 43 42
24 44 43
45 43 44
45 44 46
47 42 43
45 47 43
48 40 42
47 48 42
49 41 40
48 49 40
38 41 50
37 38 51
50 51 38
49 52 41
50 41 52
53 49 48
54 48 47
54 53 48
55 52 49
53 55 49
37 51 56
50 57 51
56 51 57
50 52 58
57 50 58
37 56 59
39 37 59
60 58 52
57 58 61
61 58 60
60 52 62
55 62 52
61 60 63
61 63 64
65 57 61
56 57 65
61 64 66
65 61 66
67 59 56
68 56 65
67 56 68
69 65 66
68 65 69
69 66 70
70 66 64
71 59 67
71 39 59
67 72 71
67 73 72
68 73 67
68 69 74
70 74 69
68 75 73
75 76 73
68 74 77
78 73 76
79 77 74
79 78 77
78 80 73
81 73 80
70 82 74
74 83 79
74 82 83
84 82 70
70 64 84
81 80 85
86 80 78
86 85 80
87 81 85
87 88 81
86 89 85
89 87 85
89 90 87
90 91 87
90 92 91
93 88 87
93 87 91
92 94 91
92 95 94
93 96 88
97 88 96
97 98 88
91 99 93
91 94 99
93 99 100
95 101 94
95 102 101
102 103 101
88 98 71
88 71 104
98 39 71
94 101 105
94 105 99
101 103 106
101 106 105
105 106 107
103 108 106
99 109 100
100 109 110
99 105 111
105 107 111
99 111 109
98 112 39
35 39 112
113 112 98
113 98 110
113 35 112
106 108 114
106 114 107
109 111 115
107 115 111
109 116 110
110 116 113
109 115 116
113 117 35
28 35 117
118 113 116
118 117 113
28 117 119
119 117 118
28 119 29
116 115 120
116 120 118
119 118 121
29 119 121
120 121 118
29 121 122
31 29 122
115 123 120
115 107 123
120 124 121
122 121 124
31 122 125
31 125 32
120 126 124
120 123 126
122 124 127
125 122 127
124 126 127
107 128 123
123 129 126
123 128 129
126 130 127
130 126 129
125 127 131
130 131 127
132 32 125
131 132 125
107 133 128
107 114 133
134 128 133
114 134 133
135 129 128
135 128 134
114 136 134
108 136 114
108 137 136
136 138 134
135 134 138
137 139 136
136 139 138
137 140 139
141 139 140
141 138 139
141 140 142
141 142 143
141 144 138
141 143 144
135 138 144
135 145 129
130 129 145
144 143 146
146 143 147
144 148 135
145 135 148
144 146 148
149 130 145
149 145 148
146 147 150
150 147 151
152 148 146
146 150 152
148 152 149
152 153 149
149 154 130
154 149 153
130 154 131
154 132 131
150 151 155
152 150 155
151 156 155
152 155 157
157 153 152
156 158 155
158 157 155
157 158 159
158 156 160
158 160 159
160 161 159
159 161 162
163 154 153
132 154 163
153 157 164
157 159 164
165 153 164
159 165 164
159 162 166
165 159 166
162 167 166
162 168 167
167 168 169
170 163 153
165 170 153
171 165 166
171 166 167
165 172 170
171 172 165
173 163 170
172 173 170
172 174 173
173 175 163
175 173 174
132 163 175
176 132 175
175 174 176
176 32 132
32 176 9
177 9 176
176 174 177
9 177 7
167 178 171
172 171 178
172 179 174
172 178 179
167 180 178
167 169 180
178 180 181
169 181 180
179 178 182
178 181 182
174 179 183
179 182 183
174 184 177
174 183 184
177 185 7
177 184 185
184 183 186
182 186 183
184 186 185
7 185 187
7 187 8
169 188 181
189 188 169
185 186 190
185 190 187
182 181 191
182 192 186
182 191 192
193 190 186
193 186 192
194 193 192
194 192 191
195 194 191
181 196 191
196 181 188
195 191 196
197 190 193
197 187 190
197 193 198
197 199 187
8 187 199
8 199 200
201 8 200
201 200 202
202 200 203
204 203 200
45 203 204
205 204 200
199 205 200
205 45 204
199 206 205
199 207 206
208 206 207
208 207 209
210 208 209
210 209 211
212 210 211
212 211 213
205 214 45
215 205 206
215 214 205
206 208 216
216 215 206
208 210 217
208 217 216
218 210 212
218 217 210
214 219 45
45 219 47
47 219 220
47 220 54
221 215 216
221 222 215
214 215 222
223 221 216
223 216 217
214 224 219
214 222 224
219 225 220
219 224 225
224 222 226
224 226 225
222 227 226
228 226 227
228 225 226
228 229 225
228 227 230
225 229 231
225 231 220
54 220 231
54 231 232
233 230 227
232 234 54
234 53 54
234 235 53
235 55 53
232 236 234
236 235 234
237 236 232
232 238 237
238 239 237
240 239 238
230 241 240
240 241 239
239 241 242
230 243 241
242 241 243
237 239 244
239 242 244
243 230 245
233 245 230
233 246 245
233 247 246
248 243 245
248 245 246
247 249 246
247 250 249
250 251 249
252 248 246
252 246 249
253 248 252
243 248 254
253 254 248
243 254 255
242 243 255
256 255 254
256 254 253
256 257 255
257 242 255
257 258 242
256 253 259
260 242 258
260 244 242
261 244 260
237 244 261
237 261 262
237 262 236
262 263 236
236 263 235
264 262 261
262 265 263
265 262 264
235 263 266
265 266 263
261 260 267
264 261 267
235 266 268
235 268 55
269 55 268
269 268 266
269 62 55
270 62 269
270 271 62
270 63 271
270 272 63
64 63 272
269 273 270
273 272 270
269 266 274
269 274 273
274 266 275
265 275 266
274 275 276
273 274 276
265 277 275
277 276 275
277 265 264
64 272 278
273 279 272
279 278 272
280 279 273
280 273 276
64 278 281
64 281 84
279 282 278
280 282 279
278 283 281
278 282 283
284 84 281
283 284 281
282 280 285
285 283 282
276 286 280
286 285 280
287 285 286
285 288 283
287 288 285
288 289 283
284 283 289
289 290 284
284 291 84
290 291 284
84 291 82
82 291 292
290 292 291
83 82 292
293 289 288
288 287 293
289 293 294
293 295 294
290 296 295
290 289 296
297 83 292
290 298 292
297 299 83
297 298 299
300 299 298
299 79 83
300 301 299
299 302 79
78 79 302
302 299 303
78 302 304
303 304 302
86 78 304
303 305 304
305 86 304
305 306 86
303 307 305
307 306 305
303 308 307
307 309 306
300 308 310
309 311 312
309 313 311
313 314 311
315 316 314
316 317 318
316 318 319
320 316 319
320 319 321
322 323 321
324 323 325
324 325 300
326 300 325
324 300 327
300 328 327
298 328 300
298 329 328
298 330 329
290 330 298
330 331 329
330 332 331
290 295 330
330 295 332
295 333 332
333 295 334
295 335 334
295 336 335
293 336 295
293 337 336
293 338 337
338 293 339
340 339 293
341 340 293
287 341 293
287 342 341
343 342 287
343 344 342
343 345 344
343 346 345
345 346 347
347 346 348
346 349 348
346 350 349
350 351 349
350 352 351
350 353 352
354 343 287
354 346 343
354 287 286
355 350 346
354 355 346
350 356 353
355 357 350
357 356 350
358 353 356
358 359 353
286 360 354
354 361 355
354 360 361
355 362 357
355 361 362
286 363 360
286 276 363
363 276 277
363 364 360
363 277 364
360 365 361
360 364 365
277 366 364
277 264 366
361 367 362
361 365 367
364 368 365
364 366 368
264 369 366
264 267 369
365 370 367
365 368 370
366 371 368
366 369 371
267 372 369
267 260 372
368 373 370
368 371 373
369 374 371
369 372 374
260 375 372
260 258 375
371 376 373
371 374 376
377 375 258
377 258 378
377 378 379
377 379 380
380 379 259
381 375 377
380 381 377
372 375 382
381 382 375
382 381 383
372 384 374
372 382 384
374 384 385
384 382 385
374 385 376
382 383 385
376 385 386
386 385 383
387 380 259
253 387 259
388 383 381
380 388 381
380 389 388
383 388 389
390 380 387
380 390 389
253 391 387
390 387 392
391 253 393
252 393 253
391 393 394
391 394 395
252 396 393
393 396 394
396 252 249
396 397 394
397 398 394
399 396 249
399 400 396
398 400 401
399 249 402
394 403 395
398 403 394
404 395 403
398 404 403
404 405 395
404 398 405
405 406 395
405 398 407
407 398 401
407 408 405
408 407 409
408 409 410
399 411 400
400 411 401
409 407 412
401 412 407
413 410 409
413 414 410
413 415 414
416 414 415
417 416 415
418 417 415
413 418 415
413 419 418
419 413 420
413 409 420
419 420 421
409 422 420
422 421 420
409 412 422
422 423 421
422 424 423
425 422 412
425 424 422
401 425 412
425 426 424
427 424 426
428 425 401
429 426 425
429 425 428
401 430 428
401 411 430
431 429 428
430 431 428
432 430 411
432 411 399
433 432 399
433 399 402
433 402 434
434 402 435
435 223 434
435 436 223
436 437 223
434 223 217
434 217 218
433 434 438
438 434 218
439 432 433
438 439 433
438 218 440
439 438 440
439 440 441
440 218 212
439 442 432
442 439 441
430 432 442
440 212 443
441 440 443
443 212 213
430 442 444
444 442 441
431 430 444
443 213 445
445 213 195
446 431 444
444 441 446
441 443 447
445 447 443
445 195 448
448 195 196
446 449 431
449 429 431
450 446 441
450 441 447
449 446 450
445 451 447
448 451 445
451 450 447
196 452 448
448 452 451
451 453 450
454 450 453
450 454 449
449 455 429
454 455 449
426 429 455
454 456 455
426 455 457
456 457 455
427 426 457
456 458 457
427 457 458
427 458 459
196 460 452
196 188 460
461 460 188
189 461 188
462 452 460
461 462 460
463 461 189
463 462 461
463 189 464
463 464 465
462 466 452
452 466 451
466 467 451
468 466 462
468 467 466
463 468 462
468 469 467
463 465 470
468 463 470
468 471 469
468 470 471
469 471 472
472 471 470
469 472 473
465 474 470
474 465 475
472 470 476
476 470 474
477 473 472
477 472 476
477 478 473
477 476 479
480 479 476
476 474 481
480 476 481
482 481 474
482 480 481
482 474 475
482 483 480
484 483 482
485 482 475
484 482 485
485 475 486
487 484 485
488 485 486
487 485 488
488 486 489
488 489 490
491 487 488
488 490 492
491 488 492
493 492 490
493 491 492
493 494 491
495 494 493
495 493 496
497 495 496
497 496 498
499 497 498
500 497 499
501 500 499
502 503 504
505 506 507
383 505 508
383 508 509
383 389 510
510 389 511
510 511 512
390 511 389
513 512 511
514 512 513
390 515 511
515 513 511
390 392 515
514 513 516
517 514 516
518 515 392
515 518 513
518 392 519
520 518 519
520 521 518
522 513 518
522 523 513
521 524 518
521 525 524
526 527 528
529 530 531
530 532 533
534 530 533
535 534 533
535 536 534
537 538 539
540 541 542
540 543 544
540 545 543
543 545 546
545 547 546
548 543 546
543 548 549
548 546 550
548 550 551
550 546 552
553 552 546
554 553 546
554 555 553
554 556 555
556 557 555
558 555 557
559 558 557
560 559 557
560 557 561
562 560 561
563 562 561
563 561 564
565 563 564
565 564 566
567 565 566
567 566 568
567 568 569
569 568 570
568 571 570
572 573 574
575 576 573
575 577 576
575 573 578
578 573 579
580 578 579
575 581 577
581 582 577
581 583 582
583 584 582
585 581 575
585 583 581
586 575 578
585 575 586
586 578 587
587 578 580
583 588 584
589 584 588
590 585 586
590 586 587
590 591 585
590 587 592
591 593 585
585 593 583
591 594 593
595 593 594
596 592 587
587 580 596
596 597 592
598 583 593
595 598 593
598 588 583
599 598 595
599 588 598
599 595 600
599 601 588
589 588 601
602 589 601
600 603 599
603 601 599
600 604 603
603 604 605
602 601 606
603 606 601
606 607 602
603 605 608
608 606 603
609 608 605
606 610 607
608 610 606
611 607 610
609 612 608
612 610 608
611 610 613
612 613 610
609 614 612
614 613 612
609 615 614
611 613 616
614 616 613
611 616 617
618 617 616
618 616 614
618 619 617
620 619 618
621 614 615
618 614 621
620 618 621
621 615 622
620 621 622
623 624 625
626 624 627
624 628 627
624 629 628
630 629 624
630 631 629
632 629 631
633 628 629
632 633 629
633 634 628
635 634 633
632 636 633
635 633 636
632 637 636
638 635 636
637 638 636
637 639 638
640 638 639
640 641 638
642 635 638
641 642 638
643 644 642
643 645 644
646 645 643
646 647 645
645 648 644
649 645 647
645 650 648
649 650 645
650 651 648
649 652 650
650 652 651
649 653 652
654 652 653
655 651 652
654 655 652
655 656 651
655 657 656
654 658 655
655 658 657
654 659 658
658 659 660
661 657 658
658 660 662
661 658 662
662 660 663
661 662 664
662 663 664
661 664 665
664 663 666
667 665 664
664 666 668
667 664 668
668 666 669
667 668 670
668 669 670
667 670 671
670 669 672
673 671 670
670 672 674
673 670 674
674 672 675
673 674 676
674 675 676
673 676 677
676 675 678
679 677 676
676 678 680
679 676 680
680 678 681
679 680 682
680 681 682
679 682 683
684 682 681
685 683 682
684 685 682
685 686 683
685 687 686
684 688 685
685 688 687
684 689 688
690 687 688
691 688 689
690 688 692
691 692 688
693 690 692
693 692 691
694 695 696
695 697 698
695 699 697
699 700 697
699 701 700
701 702 700
701 703 702
703 704 702
703 705 704
706 704 705
706 707 704
708 707 706
708 706 709
708 709 710
708 710 711
711 710 712
710 713 712
712 713 714
715 712 714
713 716 714
715 714 717
714 716 718
717 714 719
714 718 719
717 719 720
719 718 721
720 719 722
719 721 722
720 722 723
722 721 724
723 722 725
722 724 725
723 725 726
725 724 727
726 725 728
725 727 728
726 728 729
730 728 727
731 729 728
730 731 728
731 732 729
733 731 730
734 732 731
733 735 731
734 736 732
735 733 737
736 734 738
735 737 739
736 738 740
739 737 741
740 738 742
739 741 743
740 742 744
745 743 741
746 744 742
745 746 743
746 747 744
748 746 745
749 747 746
748 749 746
749 750 747
748 751 749
750 749 751
748 752 751
750 751 753
754 751 752
754 753 751
755 756 757
755 758 759
755 760 758
758 761 759
760 762 758
763 758 762
758 763 761
764 763 762
764 765 763
763 766 761
763 765 766
767 761 766
767 768 761
769 761 768
769 768 770
770 771 769
767 772 768
773 768 772
773 772 774
774 775 773
766 765 776
767 766 777
766 776 777
778 776 765
778 765 779
778 780 776
776 780 781
777 776 781
777 781 782
783 777 782
783 784 777
767 777 784
783 785 784
785 767 784
783 786 785
785 787 767
767 787 772
788 785 786
789 788 786
785 790 787
785 788 790
787 791 772
787 790 791
792 788 789
792 789 793
794 790 788
791 790 794
794 788 792
772 791 795
772 795 796
795 797 796
798 792 793
798 793 799
798 799 800
801 798 800
802 792 798
802 794 792
801 802 798
794 802 803
803 802 801
791 794 804
794 803 804
791 804 805
791 805 806
805 807 806
804 803 808
804 808 809
808 810 809
811 810 807
803 801 812
803 812 813
803 813 814
813 815 814
816 812 801
816 801 817
816 817 818
819 816 818
819 818 820
816 821 812
819 821 816
822 819 820
822 820 823
812 821 824
812 824 825
826 824 821
819 827 821
826 821 827
822 827 819
827 828 826
827 829 828
822 829 827
829 830 828
823 831 822
831 829 822
823 832 831
829 833 830
831 833 829
830 833 834
831 834 833
830 834 835
832 836 831
831 836 834
832 837 836
835 834 838
838 834 836
835 838 839
840 836 837
838 836 840
840 837 841
842 840 841
842 843 840
843 838 840
844 843 842
839 838 845
843 845 838
839 845 846
844 847 843
845 843 847
844 848 847
846 845 849
845 847 849
848 849 847
846 849 850
849 848 850
851 852 775
853 854 855
854 856 807
857 858 859
860 861 862
863 864 865
866 867 868
866 869 867
870 867 869
870 869 871
872 869 866
871 869 873
872 873 869
871 873 874
874 873 875
874 875 876
876 875 877
876 877 878
878 877 879
878 879 880
880 879 881
880 881 882
872 883 873
872 884 883
883 884 885
883 885 886
887 886 885
887 888 886
882 881 889
890 888 887
890 891 888
890 889 891
890 892 889
882 889 893
889 892 894
893 889 895
889 894 895
893 895 896
897 895 894
896 895 898
897 898 895
896 898 899
900 898 897
899 898 900
900 897 901
899 900 902
903 900 901
902 900 903
903 904 902
905 906 907
905 907 908
909 908 907
909 910 908
911 910 909
911 909 912
911 912 913
911 913 914
914 913 915
914 915 916
917 916 915
917 918 916
919 918 917
919 917 920
919 920 921
919 921 922
921 923 922
921 924 923
924 925 923
926 927 928
926 929 927
930 929 926
930 931 929
932 931 930
932 933 931
934 933 932
934 935 933
936 935 934
936 937 935
938 937 936
938 939 937
940 939 938
940 941 939
942 941 940
942 943 941
944 943 942
944 945 943
946 945 944
946 947 945
948 947 946
949 950 951
949 951 952
953 949 952
952 951 954
953 952 955
952 954 956
955 952 956
956 954 957
955 956 958
956 957 959
958 956 959
959 957 960
958 959 961
959 960 962
961 959 962
962 960 963
961 962 964
962 963 965
964 962 965
965 963 966
964 965 967
965 966 968
967 965 968
967 968 969
969 968 970
969 970 971
971 970 972
971 972 973
973 972 974
973 974 975
976 975 974
968 977 978
979 978 977
979 980 978
981 980 979
981 982 980
983 982 981
983 984 982
985 984 983
985 986 984
987 986 985
987 988 986
989 988 987
989 990 988
991 990 989
991 992 990
993 992 991
993 994 992
995 994 993
995 996 994
997 996 995
997 998 996
984 999 1000
1000 999 1001
1000 1001 1002
1002 1001 1003
1002 1003 1004
1004 1003 1005
1004 1005 1006
1006 1005 1007
1006 1007 1008
1008 1007 1009
1008 1009 1010
1010 1009 1011
1010 1011 1012
1012 1011 1013
1012 1013 1014
1014 1013 1015
1014 1015 1016
1016 1015 1017
1016 1017 1018
1019 1020 1021
1019 1022 1020
1022 1019 1023
1022 1023 1024
1024 1023 1025
1020 1022 1026
1022 1024 1026
1020 1026 1027
1027 1026 1028
1027 1028 1029
1030 1029 1028
1030 1028 1031
1032 1028 1026
1024 1032 1026
1031 1028 1032
1031 1032 1033
1024 1034 1032
1032 1034 1033
1033 1035 1031
1035 1036 1031
1036 1035 1037
1036 1037 1038
1037 1039 1038
1033 1040 1035
1040 1037 1035
1033 1041 1040
1033 1034 1041
1034 1042 1041
1034 1043 1042
1024 1043 1034
1041 1044 1040
1044 1037 1040
1041 1042 1044
1037 1045 1039
1044 1045 1037
1024 1046 1043
1024 1025 1046
1047 1039 1045
1047 1048 1039
1047 1049 1048
1050 1045 1044
1050 1047 1045
1042 1050 1044
1043 1051 1042
1043 1046 1051
1052 1046 1025
1052 1025 1053
1051 1046 1054
1046 1052 1054
1052 1053 1055
1052 1055 1054
1053 1056 1055
1055 1056 1057
1054 1058 1051
1055 1058 1054
1058 1042 1051
1055 1057 1059
1055 1059 1058
1059 1057 1060
1059 1060 1061
1058 1059 1061
1061 1060 1062
1042 1058 1063
1058 1061 1063
1061 1062 1064
1064 1062 1065
1066 1042 1063
1042 1066 1050
1061 1067 1063
1061 1064 1067
1066 1063 1067
1068 1050 1066
1068 1066 1067
1067 1064 1069
1064 1065 1069
1068 1070 1050
1070 1047 1050
1047 1070 1049
1071 1068 1067
1067 1069 1071
1072 1068 1071
1069 1072 1071
1070 1068 1073
1072 1073 1068
1073 1072 1074
1072 1075 1074
1069 1075 1072
1069 1076 1075
1069 1065 1076
1075 1076 1074
1049 1070 1077
1070 1073 1077
1078 1076 1065
1065 1079 1078
1080 1079 1065
1079 1080 1081
1082 1076 1078
1079 1082 1078
1082 1074 1076
1079 1081 1083
1079 1083 1082
1083 1081 1084
1081 1085 1084
1083 1086 1082
1086 1074 1082
1083 1084 1086
1084 1085 1087
1085 1088 1087
1084 1089 1086
1084 1087 1089
1087 1088 1090
1088 1091 1090
1089 1092 1086
1092 1074 1086
1092 1093 1074
1087 1094 1089
1094 1092 1089
1087 1090 1094
1094 1095 1092
1093 1092 1095
1090 1096 1094
1096 1095 1094
1096 1097 1095
1096 1098 1097
1096 1099 1098
1090 1099 1096
1090 1091 1099
1100 1099 1091
1098 1099 1100
1093 1101 1074
1101 1073 1074
1102 1095 1097
1093 1095 1102
1091 1103 1100
1104 1103 1091
1103 1104 1105
1106 1100 1103
1103 1105 1106
1107 1098 1100
1106 1107 1100
1106 1105 1108
1105 1109 1108
1110 1107 1106
1098 1107 1110
1110 1106 1108
1108 1109 1111
1109 1112 1111
1113 1111 1112
1114 1110 1108
1114 1108 1111
1098 1110 1115
1115 1110 1114
1098 1115 1116
1113 1117 1111
1117 1114 1111
1115 1114 1118
1118 1116 1115
1117 1119 1114
1119 1118 1114
1098 1116 1120
1097 1098 1120
1113 1121 1117
1121 1119 1117
1119 1122 1118
1118 1123 1116
1123 1118 1122
1121 1124 1119
1124 1122 1119
1124 1121 1125
1113 1126 1121
1121 1126 1125
1127 1116 1123
1122 1127 1123
1124 1128 1122
1128 1124 1125
1122 1129 1127
1128 1129 1122
1116 1130 1120
1127 1131 1116
1116 1131 1130
1129 1132 1127
1127 1132 1131
1132 1133 1131
1131 1133 1134
1131 1134 1130
1129 1135 1132
1128 1135 1129
1130 1134 1136
1130 1137 1120
1097 1120 1137
1130 1136 1138
1130 1138 1137
1138 1136 1139
1137 1138 1139
1140 1097 1137
1140 1137 1139
1141 1097 1140
1139 1141 1140
1102 1097 1141
1093 1102 1141
1139 1142 1141
1093 1141 1142
1139 1143 1142
1144 1093 1142
1142 1143 1144
1143 1145 1144
1144 1101 1093
1144 1145 1146
1146 1101 1144
1145 1147 1146
1146 1148 1101
1101 1148 1073
1073 1148 1077
1146 1147 1149
1148 1146 1149
1147 1150 1149
1149 1150 1049
1148 1151 1077
1148 1149 1151
1149 1049 1151
1049 1077 1151
1152 1153 1154
1152 1154 1155
1156 1155 1154
1157 1152 1155
1157 1158 1152
1156 1159 1155
1159 1157 1155
1160 1158 1157
1160 1161 1158
1162 1161 1160
1162 1163 1161
1162 1164 1163
1165 1160 1157
1159 1165 1157
1162 1166 1164
1164 1166 1113
1166 1167 1113
1162 1167 1166
1167 1126 1113
1168 1126 1167
1162 1168 1167
1168 1125 1126
1162 1160 1169
1162 1169 1168
1165 1169 1160
1170 1168 1169
1165 1170 1169
1170 1125 1168
1125 1170 1171
1165 1172 1170
1159 1172 1165
1172 1171 1170
1159 1173 1172
1156 1173 1159
1125 1171 1174
1125 1174 1128
1174 1175 1128
1128 1175 1135
1176 1175 1174
1171 1176 1174
1175 1177 1135
1176 1177 1175
1177 1178 1135
1176 1178 1177
1176 1179 1178
1180 1179 1176
1171 1180 1176
1180 1181 1179
1182 1181 1180
1171 1182 1180
1182 1183 1181
1171 1184 1182
1172 1184 1171
1172 1173 1184
1185 1183 1182
1185 1182 1184
1173 1185 1184
1185 1186 1183
1187 1186 1185
1187 1185 1173
1156 1187 1173
1187 1156 1188
1156 1189 1188
1189 1190 1188
1191 1192 1193
1191 1194 1192
1194 1191 1195
1196 1195 1191
1196 1197 1195
1197 1196 1198
1198 1196 1199
1198 1199 1200
1200 1199 1201
1200 1201 1202
1202 1201 1203
1202 1203 1204
1204 1203 1205
1204 1205 1206
1207 1206 1205
1208 1207 1205
1208 1209 1207
1210 1209 1208
1210 1211 1209
1212 1211 1210
1212 1213 1211
1214 1213 1212
1214 1215 1213
1216 1215 1214
1216 1217 1215
1217 1216 1218
1217 1218 1219
1219 1218 1220
1219 1220 1221
1221 1220 1222
1221 1222 1223
1223 1222 1224
1223 1224 1225
1226 1225 1224
1226 1227 1225
1227 1226 1228
1227 1228 1229
1229 1228 1230
1229 1230 1231
1231 1230 1232
1231 1232 1233
1233 1232 1234
1233 1234 1235
1236 1235 1234
1236 1237 1235
1238 1237 1236
1238 1239 1237
1238 1240 1239
1241 1242 1243
1244 1241 1243
1245 1244 1243
1245 1243 1246
1243 1247 1246
1247 1248 1246
1244 1249 1241
1249 1250 1241
1250 1251 1241
1250 1252 1251
1252 1248 1253
1252 1254 1248
1248 1254 1255
1248 1255 1256
1248 1256 1246
1257 1256 1255
1258 1252 1250
1258 1259 1252
1260 1250 1249
1260 1258 1250
1256 1261 1246
1245 1246 1261
1257 1262 1256
1262 1261 1256
1259 1258 1263
1259 1263 1264
1257 1265 1262
1257 1266 1265
1262 1267 1261
1262 1265 1267
1268 1245 1261
1268 1261 1267
1269 1268 1267
1266 1270 1265
1266 1271 1270
1271 1272 1270
1273 1267 1265
1269 1267 1273
1273 1265 1270
1274 1269 1273
1274 1275 1269
1276 1273 1270
1276 1274 1273
1272 1276 1270
1277 1274 1276
1278 1274 1277
1278 1277 1279
1276 1272 1280
1276 1280 1281
1277 1276 1281
1282 1281 1280
1282 1277 1281
1282 1283 1277
1283 1284 1277
1283 1285 1286
1283 1286 1287
1283 1287 1288
1272 1289 1290
1272 1290 1291
1272 1291 1292
1293 1292 1291
1290 1293 1291
1293 1282 1292
1289 1294 1290
1290 1294 1293
1289 1295 1294
1294 1295 1296
1294 1297 1293
1297 1282 1293
1294 1296 1298
1294 1298 1297
1298 1296 1299
1298 1299 1300
1297 1298 1300
1300 1299 1301
1300 1301 1302
1297 1300 1303
1282 1297 1303
1300 1302 1304
1303 1300 1304
1282 1303 1305
1303 1304 1306
1305 1303 1306
1307 1282 1305
1308 1282 1307
1308 1307 1309
1310 1308 1309
1311 1310 1309
1312 1309 1307
1311 1309 1312
1311 1312 1313
1314 1313 1312
1312 1307 1314
1314 1315 1313
1316 1314 1307
1307 1305 1316
1317 1315 1314
1316 1317 1314
1317 1318 1315
1305 1319 1316
1319 1317 1316
1320 1318 1317
1319 1320 1317
1320 1321 1318
1305 1322 1319
1305 1306 1322
1323 1320 1319
1322 1323 1319
1321 1320 1324
1323 1324 1320
1325 1321 1324
1326 1325 1324
1326 1324 1323
1326 1323 1327
1322 1327 1323
1327 1322 1306
1326 1327 1328
1327 1306 1328
1304 1328 1306
1304 1329 1328
1328 1329 1326
1304 1330 1329
1326 1329 1330
1304 1302 1330
1302 1331 1330
1332 1326 1330
1332 1330 1331
1302 1333 1331
1302 1334 1333
1334 1335 1333
1336 1331 1333
1335 1336 1333
1336 1332 1331
1336 1335 1337
1336 1337 1338
1339 1338 1337
1340 1332 1336
1340 1336 1338
1339 1341 1338
1341 1340 1338
1342 1341 1339
1342 1343 1341
1344 1343 1342
1345 1332 1340
1345 1326 1332
1341 1346 1340
1343 1346 1341
1347 1340 1346
1347 1345 1340
1344 1348 1343
1348 1344 1349
1343 1350 1346
1350 1347 1346
1351 1343 1348
1351 1350 1343
1352 1348 1349
1352 1351 1348
1353 1352 1349
1354 1351 1352
1353 1354 1352
1355 1350 1351
1354 1355 1351
1356 1355 1354
1353 1357 1354
1356 1354 1357
1353 1358 1357
1358 1356 1357
1358 1359 1356
1356 1359 1360
1350 1361 1347
1355 1361 1350
1356 1360 1362
1362 1360 1363
1355 1356 1364
1355 1364 1361
1356 1362 1364
1361 1365 1347
1361 1364 1365
1345 1347 1365
1362 1363 1366
1364 1362 1366
1364 1366 1365
1367 1366 1363
1367 1368 1366
1368 1365 1366
1368 1367 1369
1370 1345 1365
1368 1370 1365
1326 1345 1370
1326 1370 1371
1371 1370 1368
1372 1326 1371
1368 1369 1373
1371 1368 1373
1373 1369 1374
1373 1374 1375
1371 1373 1375
1375 1374 1376
1377 1375 1376
1377 1371 1375
1372 1371 1377
1378 1372 1377
1379 1380 1381
1379 1382 1380
1383 1382 1379
1383 1379 1384
1383 1385 1382
1383 1386 1385
1382 1385 1387
1382 1387 1380
1385 1386 1260
1387 1385 1260
1387 1260 1249
1244 1387 1249
1244 1380 1387
1244 1388 1380
1389 1380 1388
1245 1388 1244
1245 1389 1388
1386 1390 1260
1390 1258 1260
1390 1263 1258
1390 1386 1391
1263 1390 1392
1390 1391 1392
1393 1391 1386
1393 1386 1394
1393 1394 1384
1393 1384 1395
1263 1392 1396
1396 1264 1263
1396 1397 1264
1398 1397 1396
1396 1392 1398
1398 1399 1397
1400 1399 1398
1400 1401 1399
1402 1401 1400
1402 1400 1403
1400 1398 1404
1403 1400 1404
1392 1404 1398
1405 1403 1404
1392 1405 1404
1392 1391 1405
1391 1406 1405
1407 1405 1406
1408 1407 1406
1391 1409 1406
1409 1410 1406
1409 1395 1410
1411 1406 1410
1412 1413 1414
1412 1414 1415
1415 1414 1416
1417 1412 1415
1415 1416 1418
1417 1415 1419
1419 1415 1418
1419 1418 1420
1421 1417 1419
1419 1420 1422
1421 1419 1423
1419 1422 1423
1423 1424 1421
1425 1423 1422
1423 1426 1424
1425 1426 1423
1426 1427 1424
1428 1426 1425
1426 1428 1427
1428 1425 1429
1430 1427 1428
1431 1428 1429
1430 1428 1431
1431 1429 1432
1431 1432 1433
1430 1431 1434
1431 1433 1434
1430 1434 1435
1436 1434 1433
1437 1435 1434
1436 1438 1434
1437 1434 1438
1436 1439 1438
1437 1438 1439
1436 1440 1439
1437 1439 1441
1439 1440 1442
1443 1441 1439
1439 1442 1443
1443 1444 1441
1445 1443 1442
1445 1444 1443
1446 1447 1448
1446 1448 1449
1450 1446 1451
1450 1451 1452
1453 1452 1451
1453 1451 1454
1455 1453 1454
1455 1454 1456
1457 1455 1456
1457 1456 1458
1459 1457 1458
1459 1460 1457
1461 1460 1459
1461 1462 1460
1463 1462 1461
1463 1464 1462
1465 1464 1463
1465 1466 1464
1465 1467 1466
1465 1468 1467
1469 1467 1468
1469 1470 1471
1472 1471 1470
1472 1473 1471
1472 1474 1473
1472 1475 1474
1474 1475 1476
1474 1476 1477
1477 1476 1478
1477 1478 1479
1479 1478 1480
1479 1480 1481
1481 1480 1482
1481 1482 1483
1482 1484 1483
1482 1485 1484
1485 1486 1484
1485 1487 1486
1488 1486 1487
1488 1487 1489
1490 1489 1491
1490 1491 1492
1493 1494 1495
1494 1496 1495
1494 1497 1496
1497 1498 1496
1497 1499 1498
1498 1499 1500
1498 1500 1501
1500 1502 1501
1500 1503 1502
1502 1503 1504
1502 1504 1505
1505 1504 1506
1505 1506 1507
1507 1506 1508
1507 1508 1509
1510 1509 1508
1510 1511 1509
1512 1511 1510
1512 1510 1513
1512 1513 1514
1512 1514 1515
1515 1514 1516
1515 1516 1517
1517 1516 1518
1517 1518 1519
1520 1519 1518
1520 1518 1521
1520 1521 1522
1520 1522 1523
1523 1522 1524
1523 1524 1525
1526 1525 1524
1526 1527 1525
1527 1526 1528
1527 1528 1529
1530 1529 1528
1530 1528 1531
1532 1530 1531
1532 1533 1530
1533 1534 1530
1533 1535 1534
1535 1536 1534
1535 1537 1536
1538 1536 1537
1538 1537 1539
1539 1540 1538
1539 1541 1540
1542 1540 1541
1542 1543 1540
1542 1544 1543
1542 1545 1544
1545 1546 1544
1545 1547 1546
1548 1546 1547
1548 1549 1546
1550 1549 1548
1550 1551 1549
1550 1552 1551
1550 1553 1552
1554 1552 1553
1554 1553 1555
1556 1554 1555
1556 1557 1554
1558 1557 1556
1558 1559 1557
1560 1559 1558
1560 1561 1559
1562 1561 1560
1562 1560 1563
1564 1562 1563
1564 1565 1562
1566 1565 1564
1566 1567 1565
1568 1567 1566
1568 1566 1569
1570 1568 1569
1571 1572 1573
1571 1574 1572
1575 1574 1571
1575 1576 1574
1574 1576 1577
1572 1574 1578
1574 1577 1578
1572 1578 1579
1577 1580 1578
1578 1580 1579
1577 1581 1580
1580 1582 1579
1580 1581 1583
1582 1580 1584
1580 1583 1584
1582 1584 1585
1584 1583 1586
1585 1584 1587
1584 1586 1587
1585 1587 1588
1587 1586 1589
1588 1587 1590
1587 1589 1590
1588 1590 1591
1589 1592 1590
1592 1591 1590
1589 1593 1592
1592 1594 1591
1593 1595 1592
1595 1594 1592
1593 1596 1595
1595 1597 1594
1598 1595 1596
1597 1595 1598
1597 1598 1599
1598 1596 1600
1598 1601 1599
1602 1598 1600
1598 1602 1601
1602 1600 1603
1602 1603 1604
1601 1602 1605
1602 1604 1605
1601 1605 1606
1607 1605 1604
1608 1606 1605
1607 1608 1605
1608 1609 1606
1610 1608 1607
1610 1609 1608
1611 1612 1613
1614 1613 1612
1614 1615 1613
1616 1615 1614
1616 1614 1617
1618 1616 1617
1618 1617 1619
1619 1620 1618
1619 1621 1620
1620 1621 1622
1620 1622 1623
1623 1622 1624
1623 1624 1625
1624 1626 1625
1624 1627 1626
1626 1627 1628
1626 1628 1629
1628 1630 1629
1628 1631 1630
1632 1631 1628
1633 1632 1628
1633 1634 1632
1632 1635 1631
1636 1634 1633
1636 1633 1637
1638 1636 1637
1638 1639 1636
1640 1639 1638
1640 1641 1639
1641 1640 1642
1641 1642 1643
1644 1643 1642
1644 1642 1645
1646 1644 1645
1646 1647 1644
1646 1648 1647
1646 1649 1648
1650 1648 1649
1651 1652 1653
1651 1653 1654
1631 1651 1654
1631 1635 1651
1630 1631 1654
1630 1654 1655
1654 1656 1655
1654 1653 1656
1656 1653 1657
1658 1659 1660
1658 1661 1659
1662 1661 1658
1661 1663 1659
1661 1664 1663
1659 1663 1665
1666 1664 1661
1662 1666 1661
1667 1666 1662
1666 1668 1664
1667 1668 1666
1667 1662 1669
1667 1670 1668
1667 1669 1671
1667 1672 1670
1667 1671 1673
1667 1673 1672
1673 1671 1674
1672 1673 1675
1673 1674 1675
1672 1675 1676
1677 1676 1675
1678 1675 1674
1677 1675 1678
1678 1674 1679
1680 1677 1678
1681 1678 1679
1680 1678 1681
1681 1679 1682
1683 1680 1681
1683 1681 1682
1684 1685 1686
1684 1686 1687
1687 1686 1688
1687 1688 1689
1687 1689 1690
1684 1687 1691
1687 1690 1691
1684 1691 1692
1693 1692 1691
1694 1691 1690
1693 1691 1694
1694 1690 1695
1694 1695 1696
1693 1694 1697
1694 1696 1697
1693 1697 1698
1699 1697 1696
1700 1698 1697
1699 1700 1697
1700 1701 1698
1700 1702 1701
1703 1700 1699
1700 1703 1702
1703 1699 1704
1705 1702 1703
1706 1703 1704
1705 1703 1706
1706 1704 1707
1706 1707 1708
1705 1706 1709
1706 1708 1709
1705 1709 1710
1711 1709 1708
1712 1710 1709
1711 1713 1709
1712 1709 1713
1711 1714 1713
1712 1713 1714
1711 1715 1714
1712 1714 1716
1714 1715 1717
1718 1716 1714
1714 1717 1718
1718 1719 1716
1720 1718 1717
1720 1719 1718
1721 1722 1723
1721 1724 1722
1725 1724 1721
1725 1721 1726
1727 1725 1726
1727 1728 1725
1729 1728 1727
1729 1727 1730
1731 1729 1730
1731 1732 1729
1733 1732 1731
1733 1734 1732
1735 1734 1733
1735 1736 1734
1737 1736 1735
1737 1738 1736
1739 1738 1737
1739 1740 1738
1741 1740 1739
1741 1742 1740
1741 1743 1742
1741 1744 1743
1745 1743 1744
1745 1746 1747
1748 1747 1746
1748 1749 1747
1748 1750 1749
1748 1751 1750
1750 1751 1752
1750 1752 1753
1753 1752 1754
1753 1754 1755
1755 1754 1756
1755 1756 1757
1757 1756 1758
1757 1758 1759
1759 1758 1760
1759 1760 1761
1761 1760 1762
1761 1762 1763
1763 1762 1764
1763 1764 1765
1765 1764 1766
1765 1766 1767
1767 1766 1768
1767 1768 1769
1770 1771 1772
1770 1773 1771
1770 1774 1773
1770 1775 1774
1776 1774 1775
1776 1775 1777
1776 1777 1778
1776 1778 1779
1780 1779 1778
1780 1778 1781
1780 1781 1782
1780 1782 1783
1784 1783 1782
1784 1785 1783
1784 1786 1785
1784 1787 1786
1787 1788 1786
1787 1789 1788
1788 1789 1790
1788 1790 1791
1792 1791 1790
1792 1793 1791
1794 1793 1792
1794 1795 1796
1796 1795 1797
1796 1797 1798
1799 1798 1797
1799 1800 1798
1801 1800 1799
1801 1799 1802
1803 1801 1802
1803 1802 1804
1803 1804 1805
1803 1805 1806
1807 1806 1805
1807 1808 1806
1807 1809 1808
1807 1810 1809
1811 1809 1810
1811 1812 1809
1811 1813 1812
1811 1814 1813
1815 1813 1814
1815 1814 1816
1815 1816 1817
1815 1817 1818
1819 1820 1818
1819 1821 1820
1822 1821 1819
1822 1823 1821
1821 1823 1824
1820 1821 1825
1821 1824 1825
1820 1825 1826
1825 1827 1826
1824 1828 1825
1825 1828 1827
1824 1829 1828
1828 1829 1830
1827 1828 1831
1828 1830 1831
1827 1831 1832
1833 1831 1830
1834 1832 1831
1833 1834 1831
1834 1835 1832
1834 1836 1835
1833 1837 1834
1834 1837 1836
1833 1838 1837
1837 1839 1836
1840 1837 1838
1837 1840 1839
1840 1838 1841
1840 1841 1842
1839 1840 1843
1840 1842 1843
1839 1843 1844
1845 1843 1842
1846 1844 1843
1845 1846 1843
1846 1847 1844
1848 1846 1845
1849 1847 1846
1848 1849 1846
1849 1850 1847
1851 1849 1848
1852 1850 1849
1851 1852 1849
1852 1853 1850
1854 1852 1851
1854 1853 1852
1855 1856 1857
1855 1857 1858
1859 1855 1858
1858 1857 1860
1861 1859 1858
1858 1860 1862
1861 1858 1863
1863 1858 1862
1860 1864 1862
1860 1865 1864
1863 1862 1866
1864 1866 1862
1861 1863 1867
1867 1863 1866
1865 1868 1864
1865 1869 1868
1869 1870 1868
1869 1871 1870
1868 1870 1872
1868 1872 1873
1864 1868 1873
1864 1873 1874
1864 1874 1866
1874 1873 1875
1866 1874 1875
1876 1875 1873
1875 1876 1877
1878 1875 1877
1866 1875 1879
1878 1879 1875
1867 1866 1879
1880 1879 1878
1867 1879 1880
1880 1878 1881
1882 1880 1881
1882 1881 1883
597 1882 1883
1884 1867 1880
1884 1880 1885
1861 1867 1884
596 1884 1885
596 1861 1884
596 1885 597
596 580 1861
580 1886 1861
597 1883 1887
1888 1887 1883
1888 1889 1887
1887 1889 1890
1887 1890 1891
597 1887 1891
1892 1891 1890
597 1891 1893
1894 1893 1891
1892 1894 1891
1894 1895 1893
1894 1896 1895
1897 1894 1892
1894 1897 1896
1897 1892 1898
1899 1897 1898
1900 1896 1897
1899 1900 1897
1901 1900 1899
1900 1902 1896
1901 1902 1900
1901 1899 1903
1901 1904 1902
1901 1903 1905
1906 1904 1901
1901 1905 1907
1906 1901 1907
1907 1905 1908
1906 1907 1909
1907 1908 1909
1906 1909 1910
1911 1910 1909
1912 1909 1908
1911 1909 1912
1912 1908 1913
1914 1911 1912
1912 1913 1915
1914 1912 1916
1912 1915 1916
1916 1917 1914
1918 1916 1915
1916 1919 1917
1918 1919 1916
1920 1917 1919
1921 1919 1918
1920 1919 1921
1921 1918 1922
1923 1920 1921
1923 1921 1922
1924 1925 1926
1927 1926 1925
1927 1928 1926
1929 1928 1927
1929 1930 1928
597 1930 1929
1931 1932 1933
1931 1933 1934
1935 1934 1933
1935 1933 1936
1935 1936 1937
1935 1937 1938
1935 1938 1939
1931 1934 1940
1931 1940 1941
1934 1935 1942
1934 1942 1940
1935 1939 1943
1944 1935 1943
1945 1943 1939
1944 1943 1946
1945 1947 1943
1947 1946 1943
1947 1948 1946
1949 1947 1945
1950 1948 1947
1949 1950 1947
1950 1951 1948
1950 1952 1951
1953 1950 1949
1950 1953 1952
1953 1949 1954
1953 1954 1955
1952 1953 1956
1953 1955 1956
1952 1956 1957
1958 1956 1955
1957 1956 1958
1958 1955 1959
1957 1958 1960
1958 1959 1961
1960 1958 1962
1958 1961 1962
1960 1962 1963
1962 1964 1963
1965 1962 1961
1962 1965 1964
1965 1961 1966
1965 1966 1967
1964 1965 1968
1965 1967 1968
1964 1968 1969
1970 1969 1968
1971 1968 1967
1970 1968 1971
1971 1967 1972
1973 1970 1971
1973 1971 1972
1974 1975 1976
1974 1976 1942
1977 1942 1976
1977 1978 1942
1978 1977 1979
1978 1979 1980
1980 1979 1981
1980 1981 1982
1983 1982 1981
1983 1984 1982
1984 1983 1985
1984 1985 1986
1987 1986 1985
1987 1988 1986
1988 1987 1989
1990 1984 1986
1988 1990 1986
1990 1991 1984
1984 1991 1992
1984 1992 1982
1993 1982 1992
1993 1994 1982
1988 1995 1990
1993 1996 1994
1995 1988 1997
1988 1989 1997
1995 1997 1998
1989 1999 1997
1999 1998 1997
1989 2000 1999
1999 2001 1998
1999 2000 2002
2001 1999 2003
1999 2002 2003
2001 2003 2004
2002 2005 2003
2005 2004 2003
2002 2006 2005
2005 2007 2004
2008 2005 2006
2008 2007 2005
2009 2010 2011
2009 2011 2012
2011 2013 2012
2014 2012 2013
2009 2012 2015
2009 2015 2016
2012 2017 2015
2018 2016 2015
2017 2019 2015
2017 2020 2019
2021 2015 2019
2018 2015 2021
2021 2019 2022
2021 2022 2023
2018 2021 2024
2021 2023 2024
2018 2024 2025
2026 2024 2023
2027 2025 2024
2026 2027 2024
2027 2028 2025
2026 2029 2027
2029 2028 2027
2026 2030 2029
2029 2031 2028
2032 2029 2030
2033 2031 2029
2032 2033 2029
2033 2034 2031
2032 2035 2033
2035 2034 2033
2032 2036 2035
2035 2037 2034
2038 2035 2036
2039 2037 2035
2038 2039 2035
2039 2040 2037
2038 2041 2039
2041 2040 2039
2041 2042 2040
2038 2043 2041
2044 2042 2041
2045 2041 2043
2044 2041 2045
2045 2043 2046
2047 2044 2045
2047 2045 2046
2048 2049 2050
2048 2051 2049
2052 2051 2048
2049 2051 2053
2049 2053 2054
2053 2055 2054
2052 2056 2051
2057 2056 2052
2057 2052 2058
2051 2056 2059
2059 2056 2057
2051 2059 2053
2059 2057 2060
2060 2061 2059
2061 2053 2059
2060 2062 2061
2053 2063 2055
2061 2063 2053
2064 2055 2063
2061 2064 2063
2064 2065 2055
2062 2066 2061
2061 2066 2064
2067 2064 2066
2062 2068 2066
2068 2067 2066
2068 2069 2067
2067 2069 2070
2071 2065 2064
2067 2071 2064
2071 2072 2065
2073 2072 2071
2067 2070 2074
2074 2070 2075
2076 2071 2067
2073 2071 2076
2076 2067 2074
2074 2075 2077
2076 2074 2077
2073 2076 2078
2076 2077 2078
2073 2078 2079
2080 2079 2078
2081 2077 2075
2081 2075 2082
2083 2078 2077
2080 2078 2083
2083 2077 2081
2082 2084 2081
2084 2083 2081
2082 2085 2084
2086 2080 2083
2084 2086 2083
2086 2087 2080
2085 2088 2084
2088 2086 2084
2085 2089 2088
2090 2087 2086
2088 2090 2086
2090 2091 2087
2092 2091 2090
2092 2090 2093
2093 2090 2088
2094 2092 2093
2095 2088 2089
2093 2088 2095
2095 2089 2096
2097 2095 2096
2097 2093 2095
2097 2096 2098
2099 2097 2098
2099 2094 2100
2094 2093 2100
2099 2100 2097
2097 2100 2093
2101 2102 2103
2101 2104 2102
2105 2104 2101
2105 2101 2106
2106 2107 2105
2106 2108 2107
2108 2109 2107
2108 2110 2109
2109 2110 2111
2109 2111 2112
2113 2112 2111
2113 2114 2112
2114 2113 2115
2114 2115 2116
2117 2116 2115
2117 2115 2118
2119 2117 2118
2119 2120 2117
2121 2120 2119
2121 2122 2120
2123 2122 2121
2123 2121 2124
2125 2123 2124
2125 2124 2126
2127 2125 2126
2128 2129 2130
2128 2131 2129
2129 2131 2132
2129 2132 2133
2128 2134 2135
2134 2136 2135
2135 2136 2137
2135 2137 2138
2138 2137 2139
2138 2139 2140
2140 2139 2141
2140 2141 2142
2143 2142 2141
2143 2144 2142
2145 2144 2143
2145 2143 2146
2147 2145 2146
2147 2148 2145
2148 2144 2145
2148 2149 2144
2150 2144 2149
2150 2149 2151
2151 2140 2150
2151 2152 2140
2138 2140 2152
2138 2152 2153
2154 2138 2153
2154 2155 2138
2156 2155 2154
2156 2157 2155
2156 2158 2157
2156 2159 2158
2158 2159 2160
2158 2160 2132
2161 2132 2160
2161 2162 2132
2163 2162 2161
2163 2161 2164
2164 2165 2163
2164 2166 2165
2163 2165 2167
2163 2167 2168
2168 2162 2163
2168 2167 2169
2168 2169 2170
2170 2171 2168
2168 2171 2162
2170 2172 2171
2171 2172 2173
2162 2171 2174
2171 2173 2174
2162 2174 2132
2175 2174 2173
2176 2132 2174
2175 2176 2174
2176 2177 2132
2177 2178 2132
2177 2179 2178
2179 2177 2180
2181 2176 2175
2177 2176 2181
2181 2175 2182
2177 2181 2183
2181 2182 2184
2183 2181 2185
2181 2184 2185
2183 2185 2186
2187 2186 2185
2188 2185 2184
2187 2185 2188
2188 2184 2189
2188 2190 2187
2191 2188 2189
2188 2192 2190
2191 2192 2188
2193 2190 2192
2194 2192 2191
2193 2192 2195
2194 2195 2192
2196 2193 2195
2197 2195 2194
2196 2195 2198
2197 2198 2195
2198 2199 2196
2197 2200 2198
2198 2200 2199
2197 2201 2200
2202 2199 2200
2202 2200 2201
2203 2204 2205
2203 2205 2206
2207 2206 2205
2206 2208 2203
2207 2209 2206
2206 2210 2208
2209 2210 2206
2211 2208 2210
2209 2212 2210
2211 2210 2213
2212 2213 2210
2212 2214 2213
2215 2211 2213
2213 2214 2216
2215 2213 2217
2213 2216 2217
2217 2218 2215
2216 2219 2217
2217 2219 2218
2216 2220 2219
2221 2218 2219
2219 2220 2222
2221 2219 2223
2219 2222 2223
2223 2224 2221
2222 2225 2223
2223 2225 2224
2222 2226 2225
2225 2227 2224
2226 2228 2225
2225 2228 2227
2226 2229 2228
2228 2230 2227
2229 2231 2228
2228 2231 2230
2229 2232 2231
2231 2232 2233
2234 2230 2231
2231 2233 2235
2234 2231 2235
2235 2233 2236
2234 2235 2237
2235 2236 2237
2234 2237 2238
2239 2238 2237
2240 2237 2236
2239 2237 2240
2240 2236 2241
2240 2241 2242
2239 2240 2243
2240 2242 2243
2239 2243 2244
2243 2245 2244
2242 2246 2243
2243 2246 2245
2242 2247 2246
2246 2248 2245
2247 2249 2246
2246 2249 2248
2247 2250 2249
2251 2248 2249
2251 2249 2250
2252 2253 2254
2252 2255 2253
2253 2255 2256
2253 2256 2257
2258 2257 2256
2258 2259 2257
2260 2259 2258
2260 2258 2261
2262 2260 2261
2262 2261 2263
2264 2262 2263
2265 2260 2262
2265 2266 2260
2262 2267 2265
2264 2268 2262
2262 2268 2267
2268 2264 2269
2267 2268 2270
2268 2269 2270
2267 2270 2271
2270 2272 2271
2273 2270 2269
2270 2274 2272
2273 2274 2270
2274 2275 2272
2273 2276 2274
2274 2276 2275
2273 2277 2276
2276 2278 2275
2277 2279 2276
2276 2279 2278
2277 2280 2279
2281 2279 2280
2282 2278 2279
2281 2282 2279
2282 2283 2278
2284 2283 2282
2285 2282 2281
2284 2282 2285
2285 2281 2286
2287 2285 2286
2288 2284 2285
2287 2288 2285
2288 2289 2284
2288 2290 2289
2287 2291 2288
2288 2291 2290
2287 2292 2291
2293 2291 2292
2294 2290 2291
2293 2294 2291
2294 2295 2290
2294 2296 2295
2293 2297 2294
2294 2297 2296
2293 2298 2297
2299 2296 2297
2300 2297 2298
2299 2297 2300
2300 2298 2301
2302 2299 2300
2302 2300 2301
2303 2304 2305
2303 2306 2304
2306 2303 2307
2307 2303 2308
2309 2307 2308
2309 2310 2307
2311 2310 2309
2311 2312 2310
2313 2312 2311
2313 2314 2312
2315 2316 2317
2315 2318 2316
2319 2318 2315
2319 2315 2320
2319 2320 2321
2319 2321 2322
2323 2322 2321
2323 2324 2322
2325 2326 2327
2325 2328 2326
2326 2328 2329
2326 2329 2330
2331 2330 2329
2331 2332 2330
2331 2333 2332
2331 2334 2333
2335 2333 2334
2335 2336 2333
2335 2337 2336
2338 2335 2334
2338 2334 2339
2340 2335 2338
2335 2341 2337
2342 2341 2338
2343 2342 2338
2341 2342 2344
2337 2341 2345
2341 2344 2345
2337 2345 2346
2345 2344 2347
2346 2345 2348
2345 2347 2348
2346 2348 2349
2350 2348 2347
2351 2349 2348
2350 2351 2348
2351 2352 2349
2353 2352 2351
2354 2351 2350
2353 2351 2354
2354 2350 2355
2356 2354 2355
2357 2353 2354
2356 2357 2354
2357 2358 2353
2359 2357 2356
2360 2358 2357
2359 2360 2357
2360 2361 2358
2362 2361 2360
2363 2360 2359
2362 2360 2363
2363 2359 2364
2365 2362 2363
2365 2363 2364
2366 2367 2368
2366 2368 2369
2368 2370 2369
2368 2371 2370
2372 2370 2371
2372 86 2370
2373 2374 2375
2373 2376 2374
2377 2374 2376
2377 2376 2378
2379 2377 2378
2379 2378 386
2379 386 2380
2379 2380 2381
2378 2382 386
2376 2382 2378
376 386 2382
373 376 2382
373 2382 2383
2383 2382 2376
370 373 2383
2373 2384 2376
2383 2376 2384
370 2383 2385
2384 2385 2383
367 370 2385
2373 2386 2384
2384 2386 2385
2373 2387 2386
367 2385 2388
2386 2388 2385
362 367 2388
2387 2389 2386
2386 2389 2388
2387 2390 2389
362 2388 2391
357 362 2391
2388 2389 2392
2388 2392 2391
2390 2392 2389
357 2391 2393
2393 2391 2392
357 2393 356
2393 2392 2394
2394 356 2393
2390 2394 2392
2394 358 356
2390 358 2394
2390 2395 358
2395 359 358
2395 2396 359
2396 2397 359
2396 2398 2397
2399 2400 2401
2399 2402 2400
2403 2402 2399
2402 2404 2400
2403 2405 2402
2402 2406 2404
2405 2406 2402
2406 2407 2404
2405 2408 2406
2406 2409 2407
2408 2409 2406
2409 2410 2407
2408 2411 2409
2409 2412 2410
2411 2412 2409
2412 2413 2410
2411 2414 2412
2412 2415 2413
2414 2415 2412
2414 2416 2415
2417 2413 2415
2415 2416 2418
2417 2415 2419
2415 2418 2419
2420 2417 2419
2421 2419 2418
2420 2419 2421
2421 2418 2422
2421 2422 2423
2420 2421 2424
2421 2423 2424
2420 2424 2425
2424 2426 2425
2423 2427 2424
2424 2427 2426
2423 2428 2427
2429 2426 2427
2430 2427 2428
2429 2427 2430
2430 2428 2431
2432 2429 2430
2432 2430 2431
2433 2434 2435
2433 2436 2434
2437 2436 2433
2437 2438 2436
2439 2434 2436
2438 2439 2436
2439 2440 2434
2438 2441 2439
2439 2442 2440
2443 2439 2441
2439 2443 2442
2443 2441 2444
2445 2442 2443
2444 2445 2443
2444 2446 2445
2445 2447 2442
2448 2445 2446
2449 2447 2445
2448 2449 2445
2449 2450 2447
2451 2450 2449
2452 2449 2448
2451 2449 2452
2452 2448 2453
2454 2452 2453
2455 2451 2452
2454 2455 2452
2455 2456 2451
2455 2457 2456
2454 2458 2455
2455 2458 2457
2454 2459 2458
2458 2460 2457
2459 2461 2458
2458 2461 2460
2459 2462 2461
2463 2460 2461
2464 2461 2462
2463 2461 2464
2464 2462 2465
2466 2463 2464
2466 2464 2465
2467 2468 2469
2467 2470 2468
2471 2470 2467
2471 2472 2470
2470 2472 2473
2468 2470 2474
2470 2473 2474
2468 2474 2475
2474 2473 2476
2474 2477 2475
2474 2476 2478
2474 2478 2477
2478 2476 2479
2477 2478 2480
2478 2479 2480
2477 2480 2481
2482 2480 2479
2483 2481 2480
2482 2483 2480
2483 2484 2481
2483 2485 2484
2482 2486 2483
2483 2486 2485
2482 2487 2486
2488 2485 2486
2489 2486 2487
2488 2486 2489
2489 2487 2490
2489 2490 2491
2488 2489 2492
2489 2491 2492
2488 2492 2493
2494 2492 2491
2495 2493 2492
2494 2495 2492
2495 2496 2493
2497 2495 2494
2498 2496 2495
2497 2498 2495
2498 2499 2496
2500 2498 2497
2501 2499 2498
2500 2502 2498
2501 2498 2502
2503 2502 2500
2503 2501 2502
2504 2505 2506
2504 2507 2505
2507 2508 2505
2507 2509 2508
2510 2507 2504
2510 2509 2507
2510 2504 2511
2510 2512 2509
2513 2510 2511
2514 2512 2510
2513 2514 2510
2514 2515 2512
2516 2514 2513
2516 2515 2514
2516 2513 2517
2516 2518 2515
2519 2516 2517
2520 2518 2516
2519 2520 2516
2521 2520 2519
2520 2522 2518
2521 2522 2520
2521 2519 2523
2521 2524 2522
2521 2523 2525
2521 2526 2524
2521 2525 2527
2521 2527 2526
2527 2525 2528
2526 2527 2529
2527 2528 2529
2526 2529 2530
2531 2529 2528
2532 2530 2529
2531 2532 2529
2532 2533 2530
2532 2534 2533
2531 2535 2532
2532 2535 2534
2531 2536 2535
2537 2534 2535
2538 2535 2536
2537 2535 2538
2538 2536 2539
2540 2537 2538
2540 2538 2539
2541 2542 2543
2541 2544 2542
2545 2544 2541
2545 2546 2544
2544 2546 2547
2542 2544 2548
2544 2547 2548
2542 2548 2549
2548 2547 2550
2548 2551 2549
2548 2550 2552
2548 2552 2551
2552 2550 2553
2551 2552 2554
2552 2553 2554
2551 2554 2555
2556 2555 2554
2557 2554 2553
2556 2554 2557
2557 2553 2558
2557 2558 2559
2556 2557 2560
2557 2559 2560
2556 2560 2561
2562 2560 2559
2563 2561 2560
2562 2563 2560
2563 2564 2561
2565 2563 2562
2566 2564 2563
2565 2566 2563
2566 2567 2564
2568 2566 2565
2569 2567 2566
2568 2570 2566
2569 2566 2570
2571 2570 2568
2571 2569 2570
2572 2573 2574
2572 2575 2573
2576 2575 2572
2576 2572 2577
2578 2576 2577
2578 2579 2576
2580 2579 2578
2580 2578 2581
2580 2581 2582
2580 2582 2583
2583 2582 2584
2583 2584 2585
2586 2585 2584
2586 2587 2585
2586 2588 2587
2586 2589 2588
2590 2588 2589
2590 2589 2591
2592 2590 2591
2593 2594 2595
2596 2594 2593
2596 2593 2597
2596 2597 2598
2597 2599 2598
2598 2599 2600
2598 2600 2601
2602 2601 2600
2602 2603 2601
2602 2604 2603
2602 2605 2604
2606 2604 2605
2606 2607 2604
2608 2607 2606
2609 2610 2611
2609 2611 2612
2611 2613 2612
2613 2614 2612
2615 2612 2614
2616 2609 2612
2615 2616 2612
2616 2617 2609
2618 2616 2615
2619 2617 2616
2618 2619 2616
2619 2620 2617
2619 2621 2620
2618 2622 2619
2619 2622 2621
2618 2623 2622
2624 2622 2623
2625 2621 2622
2624 2625 2622
2625 2626 2621
2627 2626 2625
2628 2625 2624
2627 2625 2628
2628 2624 2629
2630 2627 2628
2631 2628 2629
2630 2628 2631
2631 2629 2632
2631 2633 2630
2634 2631 2632
2631 2635 2633
2634 2635 2631
2635 2636 2633
2637 2635 2634
2635 2638 2636
2637 2638 2635
2639 2636 2638
2640 2638 2637
2639 2638 2640
2640 2637 2641
2642 2639 2640
2642 2640 2641
2643 2644 2645
2643 2646 2644
2646 2647 2644
2646 2648 2647
2649 2646 2643
2650 2648 2646
2649 2650 2646
2650 2651 2648
2652 2651 2650
2649 2653 2650
2652 2650 2653
2649 2654 2653
2655 2653 2654
2656 2652 2653
2655 2656 2653
2656 2657 2652
2658 2656 2655
2659 2657 2656
2658 2659 2656
2659 2660 2657
2661 2660 2659
2662 2659 2658
2661 2659 2662
2662 2658 2663
2662 2664 2661
2663 2665 2662
2662 2665 2664
2663 2666 2665
2667 2664 2665
2665 2666 2668
2667 2665 2669
2665 2668 2669
2670 2667 2669
2671 2669 2668
2670 2669 2671
2671 2668 2672
2673 2670 2671
2673 2671 2672
2674 2675 2676
2674 2677 2675
2677 2678 2675
2677 2679 2678
2680 2677 2674
2681 2679 2677
2680 2682 2677
2681 2677 2682
2683 2682 2680
2684 2681 2682
2683 2684 2682
2684 2685 2681
2686 2684 2683
2687 2685 2684
2686 2687 2684
2687 2688 2685
2689 2687 2686
2690 2688 2687
2689 2690 2687
2690 2691 2688
2690 2692 2691
2689 2693 2690
2690 2693 2692
2689 2694 2693
2693 2694 2695
2692 2693 2696
2693 2695 2696
2692 2696 2697
2696 2695 2698
2697 2696 2699
2696 2698 2699
2697 2699 2700
2701 2700 2699
2702 2699 2698
2701 2699 2702
2702 2698 2703
2704 2701 2702
2704 2702 2703
2705 2706 2707
2705 2707 2708
2705 2708 2709
2705 2709 2710
2711 2710 2709
2711 2709 2712
2712 2709 2713
2712 2713 2714
2711 2712 2715
2712 2714 2715
2711 2715 2716
2717 2715 2714
2718 2716 2715
2717 2718 2715
2718 2719 2716
2718 2720 2719
2717 2721 2718
2718 2721 2720
2717 2722 2721
2723 2720 2721
2724 2721 2722
2723 2721 2724
2724 2722 2725
2724 2725 2726
2723 2724 2727
2724 2726 2727
2723 2727 2728
2729 2727 2726
2730 2728 2727
2729 2730 2727
2730 2731 2728
2732 2730 2729
2732 2731 2730
2732 2733 2731
2732 2729 2734
2735 2733 2732
2736 2732 2734
2735 2732 2736
2736 2734 2737
2738 2735 2736
2738 2736 2737
2739 2740 2741
2739 2742 2740
2742 2743 2740
2742 2744 2743
2745 2744 2742
2746 2742 2739
2745 2742 2746
2746 2739 2747
2746 2747 2748
2745 2746 2749
2746 2748 2749
2745 2749 2750
2749 2748 2751
2750 2749 2752
2749 2751 2752
2750 2752 2753
2752 2751 2754
2752 2755 2753
2752 2754 2756
2752 2756 2755
2756 2754 2757
2755 2756 2758
2756 2757 2758
2755 2758 2759
2760 2759 2758
2761 2758 2757
2760 2758 2761
2761 2757 2762
2761 2762 2763
2760 2761 2764
2761 2763 2764
2760 2764 2765
2766 2764 2763
2767 2765 2764
2766 2767 2764
2767 2768 2765
2769 2767 2766
2770 2768 2767
2769 2770 2767
2770 2771 2768
2772 2771 2770
2773 2770 2769
2772 2770 2773
2773 2769 2774
2775 2772 2773
2775 2773 2776
2777 2778 2779
2777 2779 2780
2780 2779 2781
2780 2781 2782
2777 2780 2783
2780 2782 2783
2777 2783 2784
2782 2785 2783
2786 2784 2783
2786 2783 2785
2786 2787 2784
2788 2786 2785
2789 2787 2786
2790 2786 2788
2789 2786 2790
2790 2788 2791
2792 2789 2790
2793 2790 2791
2792 2790 2793
2793 2791 2794
2793 2794 2795
2792 2793 2796
2793 2795 2796
2792 2796 2797
2798 2796 2795
2799 2797 2796
2798 2799 2796
2799 2800 2797
2801 2799 2798
2801 2800 2799
2801 2802 2800
2801 2798 2803
2804 2802 2801
2805 2801 2803
2804 2801 2805
2805 2803 2806
2807 2804 2805
2807 2805 2806
2808 2809 2810
2808 2811 2809
2812 2811 2808
2812 2813 2811
2812 2814 2813
2812 2815 2814
2816 2814 2815
2816 2817 2814
2818 2817 2816
2818 2816 2819
2820 2818 2819
2820 2819 2821
2822 2820 2821
2822 2823 2820
2823 2822 2824
2823 2824 2825
2826 2825 2824
2826 2824 2827
2828 2826 2827
2829 2830 2831
2829 2832 2830
2833 2832 2829
2833 2834 2832
2832 2834 2835
2830 2832 2836
2832 2835 2836
2830 2836 2837
2838 2836 2835
2839 2837 2836
2838 2839 2836
2839 2840 2837
2841 2839 2838
2842 2840 2839
2841 2842 2839
2842 2843 2840
2844 2842 2841
2845 2843 2842
2844 2845 2842
2845 2846 2843
2845 2847 2846
2844 2848 2845
2845 2848 2847
2844 2849 2848
2847 2848 2850
2850 2848 2849
2850 2849 2851
2847 2850 2852
2850 2851 2853
2852 2850 2854
2850 2853 2854
2852 2854 2855
2856 2854 2853
2857 2855 2854
2856 2857 2854
2857 2858 2855
2859 2857 2856
2859 2858 2857
2860 2861 2862
2860 2862 2863
2863 2862 2864
2863 2864 2865
2863 2865 2866
2860 2863 2867
2863 2866 2867
2860 2867 2868
2869 2867 2866
2870 2868 2867
2869 2870 2867
2870 2871 2868
2872 2871 2870
2873 2870 2869
2872 2870 2873
2873 2869 2874
2875 2873 2874
2876 2872 2873
2875 2876 2873
2876 2877 2872
2878 2876 2875
2879 2877 2876
2878 2879 2876
2879 2880 2877
2881 2879 2878
2882 2880 2879
2881 2882 2879
2883 2882 2881
2882 2884 2880
2883 2884 2882
2883 2881 2885
2883 2886 2884
2883 2885 2887
2883 2888 2886
2883 2887 2889
2883 2889 2888
2890 2889 2887
2890 2888 2889
2891 2892 2893
2891 2894 2892
2895 2894 2891
2895 2896 2894
2894 2896 2897
2892 2894 2898
2894 2897 2898
2892 2898 2899
2900 2898 2897
2901 2899 2898
2900 2901 2898
2901 2902 2899
2901 2903 2902
2900 2904 2901
2901 2904 2903
2900 2905 2904
2906 2904 2905
2907 2903 2904
2906 2907 2904
2907 2908 2903
2907 2909 2908
2906 2910 2907
2907 2910 2909
2906 2911 2910
2912 2910 2911
2913 2909 2910
2912 2913 2910
2913 2914 2909
2913 2915 2914
2912 2916 2913
2913 2916 2915
2912 2917 2916
2916 2918 2915
2919 2916 2917
2916 2919 2918
2919 2917 2920
2919 2920 2921
2918 2919 2922
2919 2921 2922
2918 2922 2923
2924 2922 2921
2925 2923 2922
2924 2925 2922
2925 2926 2923
2927 2925 2924
2927 2926 2925
2928 2929 2930
2928 2930 2931
2931 2930 2932
2931 2932 2933
2931 2933 2934
2928 2931 2935
2931 2934 2935
2928 2935 2936
2937 2936 2935
2938 2935 2934
2937 2935 2938
2938 2934 2939
2938 2939 2940
2937 2938 2941
2938 2940 2941
2937 2941 2942
2943 2941 2940
2944 2942 2941
2943 2944 2941
2944 2945 2942
2946 2945 2944
2947 2944 2943
2946 2944 2947
2947 2943 2948
2949 2947 2948
2950 2946 2947
2949 2950 2947
2950 2951 2946
2952 2950 2949
2953 2951 2950
2952 2953 2950
2953 2954 2951
2955 2953 2952
2956 2954 2953
2955 2956 2953
2957 2956 2955
2956 2958 2954
2957 2958 2956
2957 2955 2959
2957 2960 2958
2957 2959 2961
2957 2962 2960
2957 2961 2963
2957 2963 2962
2964 2963 2961
2964 2962 2963
2965 2966 2967
2965 2968 2966
2969 2968 2965
2969 2965 2970
2971 2966 2968
2969 2971 2968
2971 2972 2966
2973 2969 2970
2974 2973 2970
2972 2971 2975
2972 2975 2976
2969 2977 2971
2975 2971 2977
2973 2977 2969
2975 2977 2978
2979 2978 2977
2973 2979 2977
2979 2980 2978
2981 2973 2974
2981 2979 2973
2982 2981 2974
2981 2983 2979
2983 2980 2979
2983 2984 2980
2985 2984 2983
2985 2983 2986
2986 2983 2987
2988 2987 2982
2986 2987 2988
2988 2982 2989
2988 2989 2990
2991 2986 2988
2985 2986 2992
2991 2988 2993
2988 2990 2993
2994 2992 2993
2985 2992 2995
2994 2995 2992
2994 2996 2995
2997 2993 2990
2994 2998 2996
2997 2999 2993
2994 2993 2999
3000 2999 2997
2994 2999 3001
3000 3001 2999
2994 3002 2998
2994 3001 3002
3000 3003 3001
3003 3002 3001
3000 3004 3003
3005 3003 3004
3006 2998 3002
3003 3006 3002
3005 3006 3003
3006 3007 2998
3005 3007 3006
3008 3009 3010
3011 3008 3010
3012 3011 3010
3012 3013 3011
3012 3010 3014
3015 3014 3010
3015 3010 3016
3017 3015 3016
3017 3016 3018
3017 3018 3019
3014 3015 3020
3020 3015 3017
3017 3019 3021
3021 3019 3022
3023 3012 3014
3014 3020 3023
3020 3017 3024
3017 3021 3024
3025 3024 3021
3021 3022 3026
3026 3025 3021
3026 3022 3027
3023 3028 3012
3020 3029 3023
3028 3023 3029
3024 3030 3020
3020 3030 3029
3025 3031 3024
3024 3031 3030
3030 3031 3032
3025 3032 3031
3028 3033 3012
3012 3033 3013
3034 3029 3030
3030 3032 3034
3035 3013 3033
3028 3036 3033
3036 3035 3033
3035 3037 3013
3037 3038 3013
3039 3037 3035
3039 3040 3037
3036 3041 3035
3041 3039 3035
3042 3040 3039
3042 3043 3040
3042 3044 3043
3044 3045 3043
3044 3046 3045
3047 3046 3044
3047 3048 3046
3047 3049 3048
3047 3050 3049
3051 3049 3050
3044 3052 3047
3042 3053 3044
3044 3053 3052
3047 3052 3054
3047 3054 3050
3055 3052 3053
3054 3052 3055
3056 3053 3042
3055 3053 3056
3057 3055 3056
3054 3055 3058
3058 3055 3057
3050 3054 3059
3059 3054 3058
3051 3050 3060
3050 3059 3060
3051 3060 3061
3061 3060 3059
3051 3061 3062
3062 3061 3063
3062 3063 3064
3065 3064 3063
3061 3059 3066
3063 3061 3066
3058 3057 3067
3068 3058 3067
3059 3058 3069
3068 3069 3058
3069 3066 3059
3068 3070 3069
3069 3070 3066
3068 3071 3070
3072 3070 3071
3063 3066 3073
3070 3073 3066
3072 3074 3070
3070 3074 3073
3075 3074 3072
3073 3076 3063
3065 3063 3076
3075 3077 3074
3078 3077 3075
3074 3079 3073
3073 3079 3076
3074 3077 3079
3065 3076 3080
3080 3076 3079
3065 3080 3081
3078 3082 3077
3082 3078 3083
3077 3084 3079
3080 3079 3084
3077 3082 3084
3081 3080 3085
3085 3080 3084
3081 3085 3086
3082 3083 3087
3088 3087 3083
3089 3084 3082
3085 3084 3089
3089 3082 3087
3085 3089 3090
3087 3090 3089
3086 3085 3091
3085 3090 3091
3086 3091 3092
3093 3092 3091
3093 3091 3094
3094 3091 3090
3095 3093 3094
3088 3096 3087
3087 3096 3090
3088 3097 3096
3090 3096 3097
3088 3098 3097
3099 3097 3098
3095 3094 3100
3100 3101 3095
3094 3090 3102
3090 3097 3102
3100 3094 3102
3103 3102 3097
3100 3102 3103
3099 3104 3097
3103 3097 3104
3100 3103 3105
3104 3105 3103
3099 3106 3104
3104 3106 3105
3099 3107 3106
3108 3106 3107
3100 3109 3101
3100 3105 3109
3108 3110 3106
3110 3105 3106
3111 3101 3109
3111 3112 3101
3113 3112 3111
3114 3109 3105
3114 3111 3109
3110 3114 3105
3113 3111 3115
3115 3111 3114
3116 3113 3115
3115 3114 3117
3117 3114 3110
3116 3115 3117
3118 3110 3108
3117 3110 3118
3116 3117 3118
3118 3108 3119
3116 3118 3119
3120 3121 3122
3121 3123 3122
3121 3124 3123
3124 3125 3123
3124 3126 3125
3125 3126 3127
3125 3127 3128
3127 3129 3128
3127 3130 3129
3129 3130 3131
3129 3131 3132
3132 3131 3133
3132 3133 3134
3135 3134 3133
3135 3136 3134
3135 3137 3136
3135 3138 3137
3138 3139 3137
3138 3140 3139
3140 3141 3139
3140 3142 3141
3143 3144 3145
3143 3145 3146
3147 3148 3143
3147 3149 3148
3150 3148 3149
3150 3149 3151
3152 3150 3151
3152 3153 3150
3154 3153 3152
3155 3151 3149
3152 3151 3155
3155 3149 3156
3157 3156 3149
3157 3158 3156
3152 3155 3159
3160 3152 3159
3154 3152 3160
3160 3159 3161
3162 3154 3160
3162 3160 3161
3162 3161 3163
3162 3164 3154
3165 3162 3163
3164 3162 3166
3165 3166 3162
3164 3166 3167
3166 3165 3168
3169 3167 3166
3166 3168 3170
3169 3166 3170
3171 3170 3168
3172 3169 3170
3171 3172 3170
3172 3173 3169
3174 3173 3172
3175 3172 3171
3174 3172 3175
3175 3171 3176
3177 3175 3176
3177 3178 3175
3179 3174 3175
3179 3180 3174
3181 3182 3177
3180 3182 3181
3180 3181 3183
3181 3177 3184
3181 3185 3183
3184 3186 3181
3181 3186 3185
3184 3187 3186
3188 3185 3186
3189 3186 3187
3188 3186 3189
3189 3187 3190
3191 3188 3189
3191 3189 3190
3192 3193 3194
3192 3195 3193
3196 3195 3192
3196 3197 3195
3195 3197 3198
3193 3195 3199
3195 3198 3199
3193 3199 3200
3201 3199 3198
3199 3202 3200
3201 3203 3199
3199 3203 3202
3203 3201 3204
3205 3202 3203
3203 3204 3206
3205 3203 3206
3207 3206 3204
3206 3208 3205
3207 3209 3206
3206 3209 3208
3209 3207 3210
3208 3209 3211
3209 3210 3211
3208 3211 3212
3213 3211 3210
3214 3212 3211
3213 3214 3211
3214 3215 3212
3214 3216 3215
3217 3214 3213
3214 3218 3216
3217 3218 3214
3219 3216 3218
3220 3218 3217
3219 3218 3220
3220 3217 3221
3220 3222 3219
3223 3220 3221
3220 3224 3222
3223 3224 3220
3224 3225 3222
3226 3224 3223
3224 3227 3225
3226 3227 3224
3228 3225 3227
3229 3227 3226
3228 3227 3229
3229 3226 3230
3231 3228 3229
3231 3229 3230
3231 3232 3233
3233 3232 3234
3233 3234 3235
3234 3236 3235
3234 3237 3236
3238 3236 3237
3238 3237 3239
3239 3240 3238
3239 3241 3240
3242 3240 3241
3242 3241 3243
3242 3243 3244
3242 3244 3245
3246 3245 3244
3246 3247 3245
3247 3246 3248
3247 3248 3249
3249 3248 3250
3249 3250 3251
3250 3252 3251
3250 3253 3252
3254 3252 3253
3254 3253 3255
3254 3255 3256
3254 3256 3257
3256 3258 3257
3256 3259 3258
3259 3260 3258
3260 3261 3258
3262 3263 3264
3262 3265 3263
3266 3265 3262
3265 3267 3263
3268 3263 3267
3268 3267 3269
3268 3269 3270
3268 3270 3271
3272 3271 3270
3272 3270 3273
3272 3273 3274
3274 3275 3272
3274 3276 3275
3276 3277 3275
3265 3278 3267
3266 3279 3265
3279 3278 3265
3280 3279 3266
3279 3281 3278
3280 3282 3279
3282 3281 3279
3283 3282 3280
3282 3284 3281
3283 3285 3282
3285 3284 3282
3286 3285 3283
3285 3287 3284
3286 3288 3285
3288 3287 3285
3289 3288 3286
3288 3290 3287
3289 3291 3288
3291 3290 3288
3292 3291 3289
3291 3293 3290
3292 3294 3291
3294 3293 3291
3295 3294 3292
3294 3296 3293
3295 3297 3294
3297 3296 3294
3297 3298 3296
3297 3295 3299
3300 3298 3297
3297 3299 3301
3300 3297 3301
3302 3301 3299
3302 3300 3301
3303 3304 3305
3303 3305 3158
3306 3307 3308
3306 3309 3307
3309 3310 3307
3309 3311 3310
3312 3313 3314
3313 3315 3314
3315 3316 3314
3317 3314 3316
3318 3314 3317
3318 3317 3319
3320 3318 3319
3320 3319 3321
3321 3322 3320
3321 3323 3322
3321 3324 3323
3321 3319 3324
3319 3325 3324
3319 3317 3325
3317 3326 3325
3317 3327 3326
3317 3316 3327
3328 3327 3316
3328 3329 3327
3326 3327 3329
3326 3329 3330
3331 3330 3329
3332 3329 3328
3333 3332 3328
3333 3334 3332
3333 3335 3334
3335 3336 3334
3337 3328 3316
3338 3337 3316
3316 3315 3338
3339 3328 3337
3338 3339 3337
3339 3340 3328
3341 3333 3328
3340 3341 3328
3342 3333 3341
3343 3333 3342
3336 3343 3344
3343 3342 3344
3340 3345 3341
3346 3339 3338
3346 3340 3339
3346 3338 3347
3315 3347 3338
3315 3348 3347
3315 3349 3348
3315 3350 3349
3351 3349 3350
3351 3350 3352
3353 3351 3352
3340 3346 3354
3340 3354 3355
3340 3356 3345
3340 3355 3356
3356 3357 3345
3355 3357 3356
3355 3358 3357
3359 3360 3361
3359 3362 3360
3362 3363 3360
3362 3364 3363
3365 3362 3359
3362 3366 3364
3366 3362 3365
3366 3365 3367
3368 3369 3367
3369 3368 3370
3370 3371 3369
3372 3373 3374
3372 3375 3373
3372 3376 3375
3377 3375 3376
3377 3376 3378
3376 3379 3378
3372 3380 3376
3380 3381 3376
3372 3382 3380
3380 3383 3381
3382 3383 3380
3382 3384 3383
3384 3385 3386
3384 3387 3385
3387 3388 3385
3387 3389 3388
3389 3390 3388
3391 3392 3393
3393 3392 3394
3394 3392 3395
3395 3396 3394
3397 3395 3392
3395 3398 3396
3399 3396 3398
3399 3398 3400
3401 3399 3400
3395 3402 3398
3400 3398 3402
3401 3400 3403
3403 3404 3401
3397 3405 3395
3395 3405 3402
3400 3402 3406
3403 3400 3406
3403 3407 3404
3408 3404 3407
3409 3408 3407
3410 3409 3407
3403 3411 3407
3403 3406 3411
3410 3407 3412
3411 3412 3407
3406 3412 3411
3413 3410 3412
3406 3414 3412
3402 3414 3406
3413 3412 3414
3402 3415 3414
3415 3413 3414
3405 3415 3402
3415 3416 3413
3405 3417 3415
3416 3415 3417
3416 3417 3418
3397 3417 3405
3419 3418 3417
3397 3419 3417
3419 3420 3418
3419 3421 3420
3419 3422 3421
3419 3423 3422
3419 3397 3423
3397 3424 3423
3397 3425 3424
3426 3427 3428
3429 3428 3427
3429 3430 3428
3430 3429 3431
3430 3432 3428
3430 3431 3433
3432 3430 3433
3433 3431 3434
3432 3433 3435
3433 3434 3436
3435 3433 3436
3435 3436 3437
3436 3434 3438
3439 3437 3436
3436 3438 3440
3439 3436 3440
3441 3440 3438
3441 3439 3440
3441 3442 3439
3441 3438 3443
3441 3444 3442
3443 3445 3441
3441 3445 3444
3445 3446 3444
3443 3447 3445
3445 3448 3446
3448 3445 3447
3448 3447 3449
3450 3451 3452
3450 3453 3451
3454 3453 3450
3454 3455 3453
3453 3456 3451
3457 3453 3455
3453 3458 3456
3457 3458 3453
3458 3459 3456
3460 3458 3457
3458 3461 3459
3460 3461 3458
3461 3462 3459
3460 3463 3461
3461 3463 3462
3460 3464 3463
3463 3465 3462
3464 3466 3463
3463 3466 3465
3464 3467 3466
3466 3468 3465
3467 3469 3466
3466 3469 3468
3467 3470 3469
3469 3470 3471
3468 3469 3472
3469 3471 3472
3468 3472 3473
3472 3471 3474
3475 3473 3472
3472 3474 3476
3475 3472 3476
3476 3474 3477
3475 3476 3478
3476 3477 3478
3475 3478 3479
3480 3478 3477
3481 3479 3478
3480 3481 3478
3481 3482 3479
3481 3483 3482
3480 3484 3481
3481 3484 3483
3480 3485 3484
3486 3484 3485
3487 3483 3484
3486 3487 3484
3487 3488 3483
3487 3489 3488
3486 3490 3487
3487 3490 3489
3486 3491 3490
3492 3490 3491
3493 3489 3490
3492 3493 3490
3493 3494 3489
3493 3495 3494
3492 3496 3493
3493 3496 3495
3492 3497 3496
3496 3498 3495
3497 3499 3496
3496 3499 3498
3497 3500 3499
3501 3498 3499
3501 3499 3500
3501 3502 3503
3503 3502 3504
3503 3504 3505
3506 3504 3502
3507 3506 3502
3506 3508 3504
3509 3505 3504
3509 3510 3505
3511 3509 3504
3511 3504 3512
3513 3510 3509
3513 3509 3511
3513 3511 3514
3513 3515 3510
3516 3515 3513
3516 3517 3515
3518 3516 3513
3518 3513 3519
3520 3517 3516
3520 3516 3518
3520 3518 3521
3520 3522 3517
3523 3520 3521
3524 3522 3520
3523 3524 3520
3524 3525 3522
3526 3524 3523
3527 3525 3524
3526 3527 3524
3527 3528 3525
3529 3527 3526
3530 3528 3527
3529 3530 3527
3530 3531 3528
3532 3530 3529
3533 3531 3530
3532 3533 3530
3533 3534 3531
3535 3533 3532
3536 3534 3533
3535 3536 3533
3536 3537 3534
3536 3535 3538
3537 3536 3539
3536 3538 3539
3537 3539 3540
3541 3539 3538
3540 3539 3541
3541 3538 3542
3540 3541 3543
3544 3541 3542
3545 3543 3541
3544 3545 3541
3545 3546 3543
3547 3545 3544
3546 3545 3547
3547 3544 3548
3546 3547 3549
3548 3550 3547
3550 3549 3547
3550 3551 3549
3552 3551 3550
3548 3553 3550
3552 3550 3554
3554 3550 3553
3554 3553 3555
3556 3557 3558
3556 3558 3559
3556 3559 3560
3556 3560 3561
3561 3560 3562
3561 3562 3563
3564 3563 3562
3564 3565 3563
3566 3565 3564
3566 3567 3565
3568 3567 3566
3568 3566 3569
3570 3568 3569
3570 3569 3571
3572 3570 3571
3572 3571 3573
3572 3573 3574
778 3575 3576
3577 3575 778
3577 778 3578
3579 3580 3578
3579 3578 3581
3582 3579 3581
3582 3581 760
3583 1379 3584
3583 3585 1379
3585 3586 1379
3587 3586 3585
3587 3588 3586
3589 3587 3585
3589 3585 3590
1245 3589 3583
1245 3583 3591
1245 3592 3589
3588 3587 3593
3588 3593 3594
3595 3593 3587
3592 3596 3595
3595 3596 3593
3592 3597 3596
3594 3593 3598
3594 3598 1311
3599 1311 3598
3599 3598 3600
3593 3601 3598
3593 3602 3601
3602 3603 3601
3602 3604 3603
3598 3601 3605
3598 3605 3606
3605 3601 3607
3605 3607 3608
3609 3610 3611
3609 3612 3610
3613 3612 3609
3613 3614 3612
3612 3614 3615
3610 3612 3616
3612 3615 3616
3610 3616 3617
3616 3618 3617
3615 3619 3616
3616 3619 3618
3615 3620 3619
3621 3619 3620
3622 3618 3619
3621 3622 3619
3622 3623 3618
3622 3621 3624
3623 3622 3625
3622 3624 3625
3623 3625 3626
3625 3624 3627
3626 3625 3628
3625 3627 3628
3626 3628 3629
3630 3628 3627
3631 3629 3628
3630 3631 3628
3631 3632 3629
3633 3632 3631
3634 3631 3630
3633 3631 3634
3634 3630 3635
3636 3634 3635
3637 3633 3634
3636 3637 3634
3637 3638 3633
3639 3637 3636
3640 3638 3637
3639 3640 3637
3640 3641 3638
3642 3641 3640
3643 3640 3639
3642 3640 3643
3643 3639 3644
3645 3642 3643
3646 3643 3644
3645 3643 3647
3646 3647 3643
3648 3645 3647
3648 3647 3646
3649 3650 3651
3649 3651 3652
3652 3651 3653
3652 3653 3654
3652 3654 3655
3649 3652 3656
3652 3655 3656
3649 3656 3657
3658 3656 3655
3658 3657 3656
3658 3655 3659
3658 3660 3657
3661 3658 3659
3662 3660 3658
3661 3662 3658
3662 3663 3660
3664 3663 3662
3665 3662 3661
3664 3662 3665
3665 3661 3666
3665 3666 3667
3664 3665 3668
3665 3667 3668
3664 3668 3669
3668 3667 3670
3669 3668 3671
3668 3670 3671
3669 3671 3672
3671 3670 3673
3672 3671 3674
3671 3673 3674
3672 3674 3675
3676 3674 3673
3677 3675 3674
3676 3677 3674
3677 3678 3675
3677 3679 3678
3676 3680 3677
3677 3680 3679
3676 3681 3680
3682 3679 3680
3683 3680 3681
3682 3680 3683
3683 3681 3684
3685 3682 3683
3686 3683 3684
3685 3683 3686
3686 3684 3687
3688 3685 3686
3688 3686 3687
3689 3690 3691
3689 3692 3690
3689 3693 3692
3689 3694 3693
3694 3695 3693
3694 3696 3695
3697 3695 3696
3697 3698 3695
3699 3698 3697
3699 3700 3698
3699 3701 3700
3699 3702 3701
3701 3702 3703
3701 3703 3704
3704 3703 3705
3704 3705 3706
3707 3706 3705
3707 3708 3706
3707 3709 3708
3707 3710 3709
3710 3711 3709
3710 3712 3711
3713 3711 3712
3713 3714 3715
3716 3715 3714
3716 3717 3715
3718 3717 3716
3718 3719 3717
3719 3718 3720
3719 3720 3721
3722 3718 3716
3720 3718 3722
3714 3723 3716
3722 3716 3723
3724 3721 3720
3724 3725 3721
3714 3726 3723
3727 3726 3714
3727 3728 3726
3727 3729 3728
3728 3729 3730
3726 3728 3731
3728 3730 3731
3726 3731 3723
3732 3731 3730
3733 3723 3731
3732 3733 3731
3733 3722 3723
3732 3734 3733
3720 3722 3735
3733 3735 3722
3734 3736 3733
3733 3736 3735
3737 3736 3734
3737 3738 3736
3735 3736 3738
3737 3739 3738
3740 3720 3735
3735 3738 3740
3740 3724 3720
3739 3741 3738
3740 3738 3741
3742 3741 3739
3743 3724 3740
3740 3741 3743
3742 3744 3741
3743 3741 3744
3742 3745 3744
3743 3746 3724
3746 3725 3724
3746 3747 3725
3748 3747 3746
3745 3749 3744
3745 3750 3749
3743 3744 3751
3751 3746 3743
3751 3744 3749
3748 3746 3752
3751 3752 3746
3750 3753 3749
3754 3753 3750
3751 3749 3755
3755 3752 3751
3755 3749 3753
3748 3752 3756
3755 3756 3752
3748 3756 3757
3758 3757 3756
3759 3756 3755
3758 3756 3759
3759 3755 3760
3755 3753 3760
3758 3759 3761
3761 3759 3760
3758 3761 3762
3763 3762 3761
3754 3764 3753
3765 3764 3754
3753 3766 3760
3761 3760 3766
3753 3764 3766
3763 3761 3767
3767 3761 3766
3765 3768 3764
3768 3766 3764
3763 3767 3769
3763 3769 3770
3771 3769 3767
3767 3766 3772
3772 3771 3767
3768 3772 3766
3773 3771 3772
3768 3773 3772
3768 3774 3773
3765 3774 3768
3765 3775 3774
3776 3777 3778
3776 3778 3779
3776 3779 3780
3776 3780 3781
3782 3781 3780
3782 3780 3783
3782 3783 3784
3782 3784 3785
3786 3785 3784
3786 3784 3787
3786 3787 3788
3786 3788 3789
3790 3789 3788
3790 3788 3791
3790 3791 3792
3790 3792 3793
3794 3793 3792
3794 3795 3793
3796 3795 3794
3796 3797 3798
3798 3797 3799
3798 3799 3800
3801 3800 3799
3801 3802 3800
3801 3803 3802
3801 3804 3803
3805 3803 3804
3805 3806 3803
3805 3807 3806
3805 3808 3807
3809 3807 3808
3809 3810 3807
3809 3811 3810
3809 3812 3811
3813 3811 3812
3813 3814 3811
3813 3815 3814
3813 3816 3815
3817 3818 3819
3818 3820 3819
3818 3821 3820
3820 3821 3822
3820 3822 3823
3823 3822 3824
3823 3824 3825
3825 3824 3826
3825 3826 3827
3827 3826 3828
3827 3828 3829
3829 3828 3830
3829 3830 3831
3830 3832 3831
3830 3833 3832
3833 3834 3832
3834 3835 3832
3834 3833 3836
3834 3837 3835
3838 3834 3836
3834 3838 3837
3838 3836 3839
3838 3839 3840
3841 3837 3838
3838 3840 3842
3841 3838 3842
3843 3842 3840
3843 3844 3842
3844 3841 3842
3844 3845 3841
3844 3846 3845
3844 3847 3846
3848 3847 3844
3848 3844 3849
3845 3846 3850
3845 3850 3851
3852 3845 3851
3853 3851 3850
3854 3853 3850
3853 3855 3851
3854 3856 3853
3856 3854 3857
3856 3857 3858
3856 3858 3859
3852 3851 3860
3851 3861 3860
3862 3860 3861
3862 3863 3860
3864 3852 3860
3864 3865 3852
3864 3866 3865
3864 3867 3866
3868 3863 3862
3868 3869 3863
3870 3866 3867
3871 3869 3868
3870 3867 3871
3871 3868 3872
3873 3871 3872
3874 3870 3871
3873 3874 3871
3874 3875 3870
3876 3874 3873
3874 3877 3875
3876 3878 3874
3874 3878 3877
3879 3878 3876
3880 3877 3878
3879 3880 3878
3880 3881 3877
3880 3879 3882
3883 3881 3880
3880 3882 3884
3883 3880 3884
3885 3884 3882
3886 3883 3884
3885 3886 3884
3885 3887 3886
3886 3888 3883
3887 3888 3886
3885 3889 3887
3887 3890 3888
3887 3889 3891
3892 3890 3887
3887 3891 3893
3892 3887 3893
3894 3893 3891
3894 3892 3893
3895 3896 3897
3896 3898 3897
3896 3899 3898
3899 3900 3898
3899 3901 3900
3902 3900 3901
3902 3903 3900
3903 3902 3904
3903 3904 3905
3906 3905 3904
3906 3907 3905
3906 3908 3907
3906 3909 3908
3909 3910 3908
3909 3911 3910
3910 3911 3912
3910 3912 3913
3914 3913 3912
3914 3912 3915
3916 3914 3915
3916 3917 3914
3918 3917 3916
3918 3919 3917
3920 3919 3918
3920 3921 3919
3922 3921 3920
3922 3923 3921
3924 3923 3922
3924 3925 3923
3926 3925 3924
3926 3927 3925
3928 3927 3926
3928 3929 3927
3930 3929 3928
3930 3931 3929
3932 3931 3930
3932 3933 3931
3934 3933 3932
3934 3935 3933
3936 3935 3934
3936 3937 3935
3938 3937 3936
3938 3939 3937
3940 3939 3938
3940 3941 3939
3942 3941 3940
3942 3943 3941
3944 3945 3946
3944 3946 3947
3948 3944 3947
3948 3947 3949
3949 3950 3948
3949 3951 3950
3951 3952 3950
3951 3953 3952
3953 3954 3952
3955 3951 3949
3953 3951 3955
3953 3956 3954
3957 3954 3956
3949 3947 3958
3947 3946 3959
3947 3959 3958
3955 3949 3960
3949 3958 3960
3953 3955 3961
3962 3956 3953
3962 3953 3961
3963 3961 3955
3963 3955 3960
3963 3964 3961
3964 3962 3961
3963 3960 3965
3960 3966 3965
3960 3958 3966
3958 3967 3966
3958 3959 3967
3964 3968 3962
3959 3969 3967
3970 3962 3968
3971 3956 3962
3970 3971 3962
3959 3972 3969
3946 3972 3959
3971 3973 3956
3957 3956 3973
3957 3973 3974
3971 3974 3973
3957 3974 3975
3970 3976 3971
3971 3976 3974
3970 3977 3976
3976 3977 3978
3976 3978 3979
3979 3974 3976
3979 3978 3980
3975 3974 3981
3979 3981 3974
3975 3981 3982
3979 3980 3983
3983 3981 3979
3982 3981 3984
3983 3984 3981
3982 3984 3985
3986 3985 3984
3986 3984 3987
3987 3984 3983
3988 3986 3987
3989 3983 3980
3987 3983 3989
3988 3987 3989
3989 3980 3990
3988 3989 3990
3991 3992 3993
3991 3993 3994
3994 3995 3991
3995 3996 3991
3995 3997 3996
3993 3998 3994
3998 3995 3994
3993 3999 3998
3998 3999 4000
3995 4001 3997
3997 4001 4002
3998 4000 4003
4004 4003 4000
3998 4005 3995
4001 3995 4005
4003 4005 3998
4006 4002 4001
4001 4005 4006
4006 4007 4002
4004 4008 4003
4009 4008 4004
4003 4010 4005
4006 4005 4010
4008 4010 4003
4011 4007 4006
4006 4010 4011
4007 4011 4012
4012 4011 4010
4013 4007 4012
4009 4014 4008
4015 4014 4009
4008 4016 4010
4012 4010 4016
4014 4016 4008
4017 4013 4012
4017 4012 4016
4015 4018 4014
4019 4018 4015
4014 4020 4016
4017 4016 4020
4018 4020 4014
4021 4013 4017
4021 4022 4013
4017 4020 4023
4018 4023 4020
4017 4023 4021
4019 4024 4018
4024 4023 4018
4025 4024 4019
4026 4022 4021
4023 4026 4021
4025 4027 4024
4027 4025 4028
4024 4029 4023
4023 4029 4026
4027 4029 4024
4022 4026 4030
4022 4030 4031
4032 4031 4030
4033 4026 4029
4027 4033 4029
4033 4030 4026
4034 4027 4028
4035 4034 4028
4032 4030 4036
4037 4032 4036
4038 4030 4033
4038 4036 4030
4039 4033 4027
4034 4039 4027
4039 4038 4033
4035 4040 4034
4040 4039 4034
4041 4040 4035
4038 4042 4036
4042 4043 4036
4044 4043 4042
4039 4045 4038
4038 4045 4042
4041 4046 4040
4047 4046 4041
4040 4048 4039
4039 4048 4045
4046 4048 4040
4044 4042 4049
4045 4049 4042
4050 4045 4048
4045 4050 4049
4044 4049 4051
4051 4049 4050
4044 4051 4052
4050 4048 4053
4046 4053 4048
4047 4054 4046
4055 4054 4047
4056 4050 4053
4051 4050 4056
4057 4053 4046
4057 4046 4054
4056 4053 4057
4058 4052 4051
4058 4059 4052
4060 4059 4058
4055 4061 4054
4061 4057 4054
4062 4051 4056
4062 4058 4051
4063 4056 4057
4061 4063 4057
4063 4062 4056
4055 4064 4061
4064 4063 4061
4055 4065 4064
4060 4058 4066
4066 4058 4062
4067 4062 4063
4066 4062 4067
4060 4066 4068
4060 4068 4069
4070 4069 4068
4070 4068 4071
4066 4072 4068
4071 4068 4072
4067 4072 4066
4071 4072 3946
3946 4072 3972
4067 3972 4072
4067 4063 4073
4073 3972 4067
4064 4073 4063
4073 3969 3972
4064 3969 4073
4064 4074 3969
4065 4074 4064
4075 3969 4074
4065 4076 4074
4075 4074 4077
4076 4077 4074
4078 4075 4077
4076 4079 4077
4078 4077 4080
4079 4080 4077
4079 4081 4080
4082 4078 4080
4080 4081 4083
4082 4080 4084
4080 4083 4084
4085 4082 4084
4085 4084 4083
4085 4086 4082
4085 4083 4087
4085 4088 4086
4087 4089 4085
4085 4089 4088
4087 4090 4089
4091 4088 4089
4092 4089 4090
4091 4089 4092
4092 4090 4093
4094 4091 4092
4093 4094 4092
4094 4095 4091
4093 4096 4094
4097 4095 4094
4096 4098 4094
4097 4094 4098
4096 4099 4098
4100 4097 4098
4099 4100 4098
4100 4101 4097
4099 4102 4100
4103 4101 4100
4103 4100 4102
4104 4105 4106
4104 4107 4105
4107 4108 4105
4109 4107 4104
4109 4104 4110
4111 4107 4109
4107 4112 4108
4111 4112 4107
4113 4108 4112
4112 4111 4114
4113 4112 4115
4112 4114 4115
4116 4113 4115
4117 4115 4114
4116 4115 4117
4117 4114 4118
4119 4116 4117
4117 4118 4120
4119 4117 4121
4117 4120 4121
4122 4121 4120
4121 4123 4119
4122 4124 4121
4121 4124 4123
4125 4124 4122
4126 4123 4124
4125 4126 4124
4126 4127 4123
4128 4127 4126
4129 4126 4125
4128 4126 4129
4129 4125 4130
4131 4129 4130
4132 4128 4129
4131 4132 4129
4132 4133 4128
4134 4132 4131
4134 4133 4132
4135 4136 4137
4135 4137 4138
4139 4135 4138
4139 4138 4140
4141 4138 4137
4141 4140 4138
4142 4141 4137
4141 4143 4140
4144 4141 4142
4144 4143 4141
4144 4142 4145
4144 4146 4143
4147 4144 4145
4148 4146 4144
4147 4148 4144
4149 4148 4147
4148 4150 4146
4149 4150 4148
4149 4147 4151
4149 4152 4150
4149 4151 4153
4149 4154 4152
4149 4153 4155
4149 4155 4154
4155 4153 4156
4154 4155 4157
4155 4156 4157
4154 4157 4158
4159 4157 4156
4160 4158 4157
4159 4160 4157
4160 4161 4158
4160 4162 4161
4159 4163 4160
4160 4163 4162
4159 4164 4163
4165 4162 4163
4166 4163 4164
4165 4163 4167
4166 4167 4163
4168 4165 4167
4168 4167 4166
4169 4170 4171
4170 4172 4171
4170 4173 4172
4173 4174 4172
4173 4175 4174
4174 4175 4176
4174 4176 4177
4178 4177 4176
4178 4179 4177
4178 4180 4179
4178 4181 4180
4182 4180 4181
4182 4183 4180
4184 4183 4182
4184 4182 4185
4184 4185 4186
4184 4186 4187
4187 4186 4188
4187 4188 4189
4190 4189 4188
4190 4191 4189
4192 4191 4190
4193 4194 4192
4193 4195 4194
4196 4194 4195
4196 4195 4197
4198 4196 4197
4198 4199 4196
4200 4199 4198
4200 4198 4201
4200 4201 4202
4200 4202 4203
4203 4202 4204
4203 4204 4205
4206 4205 4204
4206 4204 4207
4206 4207 4208
4206 4208 4209
4210 4209 4208
4210 4211 4209
4212 4211 4210
4212 4213 4211
4214 4213 4212
4214 4215 4213
4216 4215 4214
4217 4218 4219
4219 4218 4220
4219 4220 4221
4222 4221 4220
4222 4223 4221
4224 4223 4222
4224 4225 4223
4226 4225 4224
4226 4227 4225
4228 4227 4226
4228 4226 4229
4230 4228 4229
4230 4229 4231
4232 4230 4231
4232 4233 4230
4234 4233 4232
4234 4232 4235
4235 4236 4234
4235 4237 4236
4238 4236 4237
4238 4237 4239
4240 4238 4239
4240 4239 4241
4242 4240 4241
4242 4243 4240
4244 4245 4246
4244 4246 4247
4248 4244 4247
4248 4249 4244
4248 4250 4249
4248 4251 4250
4251 4252 4250
4251 4253 4252
4254 4252 4253
4254 4253 4255
4255 4256 4254
4255 4257 4256
4258 4256 4257
4258 4257 4259
4258 4259 4260
4258 4260 4261
4262 4261 4260
4262 4263 4264
4264 4263 4265
4264 4265 4266
4267 4266 4265
4267 4265 4268
4269 4267 4268
4269 4270 4267
4271 4270 4269
4271 4272 4270
4272 4271 4273
4272 4273 4274
4274 4273 4275
4274 4275 4276
4275 4277 4276
4275 4278 4277
4279 4277 4278
4279 4278 4246
4280 4277 4279
4280 4281 4277
4282 4277 4281
4282 4281 4283
4283 4284 4282
4283 4285 4284
4285 4286 4284
4285 4287 4286
4286 4287 4288
4286 4288 4289
4290 4289 4288
4290 4288 4291
4291 4292 4290
4291 4293 4292
4294 4292 4293
4294 4295 4292
4296 4295 4294
4296 4297 4298
4299 4298 4297
4299 4297 4300
4299 4300 4301
4299 4301 4302
4302 4301 4303
4301 4304 4303
4305 4303 4304
4306 4305 4304
4305 4306 4307
4306 4308 4307
4307 4308 4309
4308 4310 4309
4309 4310 4311
4310 4312 4311
4312 4313 4311
4312 4314 4313
4315 4316 4317
4315 4317 4318
4319 4320 4318
4319 4321 4320
4322 4320 4321
4319 4323 4321
4323 4324 4321
4325 4322 4321
4322 4325 4326
4325 4327 4326
4328 4321 4324
4325 4321 4328
4329 4328 4324
4328 4330 4325
4325 4331 4327
4330 4331 4325
4332 4327 4331
4330 4332 4331
4332 4333 4327
4330 4334 4332
4334 4333 4332
4335 4319 4336
4336 4337 4338
4336 4339 4337
4339 4340 4337
4339 4341 4340
4342 4343 4341
4342 4336 4344
4343 4342 4344
4345 4343 4344
4345 4344 4346
4347 4345 4346
4348 4347 4346
4349 4350 4351
4349 4352 4350
4350 4352 4353
4352 4354 4353
4350 4353 4355
4356 4353 4354
4353 4356 4355
4356 4354 4357
4357 4358 4356
4355 4356 4358
4355 4358 4359
4359 4358 4360
4359 4360 4361
4361 4360 4362
4361 4362 4363
4361 4363 4364
4365 4364 4363
4365 4366 4364
4367 4366 4365
4367 4368 4366
4367 4369 4368
4367 4370 4369
4370 4367 4371
4372 4370 4371
4370 4373 4369
4372 4374 4370
4370 4374 4373
4374 4372 4375
4376 4374 4375
4376 4377 4374
4378 4377 4376
4374 4379 4373
4374 4377 4379
4378 4380 4377
4380 4379 4377
4381 4380 4378
4381 4378 4382
4383 4381 4382
4380 4381 4384
4380 4384 4379
4373 4379 4385
4373 4385 4386
4383 4387 4381
4387 4384 4381
4379 4384 4388
4379 4388 4385
4389 4386 4385
4389 4390 4386
4389 4391 4390
4392 4390 4391
4385 4393 4389
4385 4388 4393
4388 4394 4393
4395 4388 4384
4387 4395 4384
4388 4396 4394
4395 4396 4388
4396 4397 4394
4395 4398 4396
4396 4398 4397
4387 4399 4395
4395 4399 4398
4397 4398 4400
4397 4400 4401
4387 4402 4399
4402 4387 4383
4402 4383 4403
4404 4402 4403
4402 4404 4405
4399 4402 4405
4398 4399 4406
4406 4399 4405
4398 4406 4400
4400 4406 4407
4406 4405 4408
4407 4406 4408
4407 4408 4409
4407 4409 4410
4401 4400 4411
4400 4407 4411
4401 4411 4412
4413 4412 4411
4413 4411 4414
4414 4411 4407
4415 4413 4414
4416 4407 4410
4414 4407 4416
4416 4410 4417
4418 4416 4417
4414 4416 4418
4418 4417 4419
4420 4414 4418
4415 4414 4420
4420 4418 4421
4415 4420 4422
4422 4420 4421
4422 4421 4423
4415 4422 4424
4425 4422 4423
4422 4426 4424
4425 4426 4422
4427 4424 4426
4427 4426 4425
4428 4429 4430
4428 4431 4429
4431 4428 4432
4431 4433 4429
4431 4434 4433
4435 4434 4431
4431 4432 4436
4435 4431 4436
4436 4437 4438
4436 4438 4439
4437 4440 4438
4438 4441 4439
4440 4442 4438
4441 4438 4442
4440 4443 4442
4441 4442 4444
4442 4443 4445
4444 4442 4445
4443 4446 4445
4444 4445 4447
4446 4448 4445
4445 4448 4447
4446 4449 4448
4448 4450 4447
4448 4449 4451
4450 4448 4452
4448 4451 4452
4450 4452 4453
4454 4453 4452
4455 4452 4451
4454 4452 4455
4455 4451 4456
4457 4454 4455
4457 4455 4456
4457 4458 4454
4457 4456 4459
4460 4458 4457
4460 4457 4459
4461 1665 4462
4461 4463 1665
4463 1659 1665
4463 4464 1659
4464 4465 1659
4464 4466 4465
4467 4466 4464
4467 4464 4468
4468 4464 4463
4468 4463 4469
4470 4471 4472
4470 4473 4471
4474 4471 4473
4474 4475 4471
4474 4476 4475
4476 4477 4475
4478 4477 4476
4479 4474 4473
4479 4476 4474
4479 4473 4480
4481 4480 4473
4481 4473 4470
4479 4482 4476
4481 4470 4483
4470 4484 4483
4481 4483 4485
4476 4482 4486
4478 4476 4486
4482 4487 4486
4488 4485 4483
4489 4488 4483
4488 4490 4485
4491 4490 4488
4491 4488 4492
4492 4488 4493
4488 4494 4493
4478 4486 4495
4486 4487 4495
4478 4495 4496
4487 4497 4495
4496 4495 4498
4495 4497 4498
4496 4498 4499
4497 4500 4498
4499 4498 4501
4498 4500 4501
4500 4502 4501
4499 4501 4503
4501 4502 4504
4503 4501 4505
4501 4504 4505
4503 4505 4506
4505 4504 4507
4506 4505 4508
4505 4507 4508
4506 4508 4509
4510 4508 4507
4511 4509 4508
4510 4512 4508
4511 4508 4512
4513 4512 4510
4513 4511 4512
4514 4515 4516
4514 4517 4515
4518 4517 4514
4518 4519 4517
4517 4519 4520
4515 4517 4521
4517 4520 4521
4515 4521 4522
4521 4520 4523
4522 4521 4524
4521 4523 4524
4522 4524 4525
4524 4523 4526
4525 4524 4527
4524 4526 4527
4525 4527 4528
4527 4526 4529
4528 4527 4530
4527 4529 4530
4528 4530 4531
4530 4529 4532
4531 4530 4533
4530 4532 4533
4531 4533 4534
4535 4533 4532
4536 4534 4533
4535 4536 4533
4536 4537 4534
4536 4538 4537
4539 4536 4535
4536 4539 4538
4539 4535 4540
4541 4538 4539
4542 4539 4540
4541 4539 4542
4542 4540 4543
4544 4541 4542
4544 4542 4543
4545 4546 4547
4545 4548 4546
4548 4545 4549
4548 4549 4550
4550 4551 4548
4550 4549 4552
4550 4553 4551
4550 4552 4554
4554 4553 4550
4554 4552 4555
4554 4556 4553
4554 4555 4557
4557 4556 4554
4557 4555 4558
4557 4559 4556
4557 4558 4560
4560 4559 4557
4560 4558 4561
4560 4562 4559
4560 4561 4563
4563 4562 4560
4563 4564 4562
4563 4561 4565
4566 4564 4563
4563 4565 4566
4566 4567 4564
4565 4568 4566
4568 4567 4566
4568 4569 4567
4565 4570 4568
4571 4568 4570
4572 4573 4574
4575 4572 4574
4576 4575 4574
4576 4577 4575
4576 4578 4577
4578 4576 4579
4578 4579 4580
4580 4581 4578
4582 4580 4579
4583 4582 4579
4582 4583 4584
4583 4585 4584
4585 4586 4584
4587 4584 4586
4587 4588 4584
4588 4587 4589
4590 4582 4584
4588 4590 4584
4591 4582 4590
4582 4592 4580
4591 4592 4582
4592 4591 4593
4591 4590 4594
4588 4594 4590
4595 4580 4592
4592 4593 4595
4595 4596 4580
4580 4596 4581
4597 4581 4596
4597 4598 4581
4599 4597 4596
4599 4596 4595
4593 4599 4595
4593 4600 4599
4593 4591 4601
4591 4594 4601
4600 4593 4602
4600 4602 4603
4604 4603 4602
4593 4605 4602
4593 4601 4605
4604 4602 4606
4605 4606 4602
4607 4604 4606
4601 4594 4608
4605 4601 4609
4601 4608 4609
4594 4610 4608
4594 4588 4610
4605 4611 4606
4605 4609 4611
4612 4609 4608
4612 4608 4610
4613 4611 4609
4612 4613 4609
4606 4611 4614
4613 4614 4611
4607 4606 4615
4606 4614 4615
4616 4607 4615
4616 4617 4607
4618 4617 4616
4619 4615 4614
4619 4616 4615
4618 4616 4620
4619 4620 4616
4621 4618 4620
4619 4614 4622
4622 4614 4613
4619 4623 4620
4623 4619 4622
4621 4620 4624
4624 4620 4623
4625 4621 4624
4625 4626 4621
4627 4626 4625
4624 4623 4628
4628 4625 4624
4628 4629 4625
4627 4625 4630
4629 4630 4625
4629 4631 4630
4632 4627 4630
4633 4630 4631
4632 4630 4633
4633 4631 4634
4635 4633 4634
4636 4632 4633
4635 4636 4633
4636 4637 4632
4636 4638 4637
4635 4639 4636
4636 4639 4638
4635 4640 4639
4641 4639 4640
4642 4638 4639
4641 4642 4639
4642 4643 4638
4644 4642 4641
4645 4643 4642
4644 4645 4642
4645 4646 4643
4647 4646 4645
4648 4645 4644
4647 4645 4648
4648 4644 4649
4648 4649 4650
4647 4648 4651
4648 4650 4651
4647 4651 4652
4653 4651 4650
4654 4652 4651
4653 4654 4651
4654 4655 4652
4656 4654 4653
4657 4655 4654
4656 4657 4654
4657 4658 4655
4659 4657 4656
4660 4658 4657
4659 4661 4657
4660 4657 4661
4662 4661 4659
4662 4660 4661
4663 4664 4665
4663 4665 4666
4667 4663 4666
4666 4665 4668
4667 4666 4669
4670 4667 4669
4666 4668 4671
4669 4666 4671
4672 4671 4668
4672 4673 4671
4674 4673 4672
4674 4675 4673
4669 4671 4676
4676 4671 4673
4670 4669 4677
4677 4669 4676
4673 4675 4678
4675 4679 4678
4678 4679 4680
4676 4673 4681
4673 4678 4681
4678 4680 4682
4681 4678 4682
4682 4680 4683
4684 4676 4681
4677 4676 4684
4670 4677 4685
4670 4685 4686
4685 4687 4686
4682 4683 4688
4688 4683 4689
4681 4682 4690
4684 4681 4690
4690 4682 4688
4677 4684 4691
4677 4691 4685
4690 4691 4684
4685 4692 4687
4691 4692 4685
4692 4693 4687
4688 4689 4694
4695 4694 4689
4690 4688 4696
4690 4696 4691
4696 4688 4694
4691 4697 4692
4696 4697 4691
4692 4698 4693
4697 4698 4692
4693 4698 4699
4693 4699 4700
4700 4699 4701
4699 4702 4701
4696 4703 4697
4696 4694 4703
4697 4704 4698
4703 4704 4697
4704 4699 4698
4694 4705 4703
4703 4705 4704
4704 4706 4699
4705 4706 4704
4694 4707 4705
4695 4707 4694
4708 4707 4695
4707 4709 4705
4705 4709 4706
4708 4710 4707
4707 4710 4709
4710 4708 4711
4711 4709 4710
4711 4712 4709
4713 4712 4711
4706 4709 4714
4706 4715 4699
4699 4715 4702
4706 4714 4716
4706 4716 4715
4714 4717 4716
4718 4717 4714
4719 4717 4718
4717 4720 4716
4720 4715 4716
4720 4717 4719
4715 4721 4702
4715 4722 4721
4720 4722 4715
4722 4723 4721
4723 4722 4720
4720 4719 4724
4723 4720 4724
4719 4725 4724
4725 4723 4724
4726 4725 4719
4727 4726 4719
4727 4719 4713
4713 4728 4727
4713 4729 4728
4730 4728 4729
4730 4731 4728
4727 4728 4731
4732 4731 4730
4733 4726 4727
4727 4731 4733
4732 4734 4731
4735 4734 4732
4733 4736 4726
4736 4725 4726
4737 4733 4731
4737 4731 4734
4737 4736 4733
4735 4738 4734
4738 4737 4734
4739 4738 4735
4739 4740 4738
4741 4740 4739
4738 4742 4737
4740 4742 4738
4737 4743 4736
4737 4742 4743
4736 4744 4725
4744 4736 4743
4744 4745 4725
4725 4745 4723
4740 4746 4742
4742 4747 4743
4746 4747 4742
4747 4746 4748
4747 4749 4743
4744 4743 4749
4750 4746 4740
4741 4750 4740
4751 4744 4749
4744 4751 4745
4750 4752 4746
4746 4752 4748
4750 4741 4753
4752 4750 4753
4751 4749 4754
4755 4754 4749
4755 4756 4754
4756 4755 4748
4757 4754 4756
4757 4751 4754
4748 4758 4756
4757 4756 4758
4751 4759 4745
4757 4760 4751
4751 4760 4759
4757 4758 4761
4760 4757 4761
4745 4759 4762
4745 4762 4723
4723 4762 4763
4723 4763 4764
4764 4763 4702
4765 4702 4763
4762 4765 4763
4702 4765 4766
4762 4767 4765
4767 4766 4765
4759 4767 4762
4767 4768 4766
4767 4769 4768
4759 4770 4767
4767 4770 4769
4760 4770 4759
4770 4771 4769
4760 4772 4770
4770 4772 4771
4760 4761 4772
4772 4773 4771
4772 4761 4773
4774 4773 4761
4758 4774 4761
4774 4775 4773
4776 4774 4758
4748 4776 4758
4776 4777 4774
4775 4774 4777
4748 4778 4776
4778 4777 4776
4778 4748 4779
4748 4752 4779
4778 4780 4777
4780 4781 4777
4782 4778 4779
4780 4778 4782
4782 4779 4752
4781 4780 4782
4782 4752 4783
4752 4753 4783
4784 4782 4783
4784 4781 4782
4784 4783 4753
4785 4784 4753
4785 4753 4786
4753 4741 4786
4784 4787 4781
4784 4785 4788
4787 4784 4788
4789 4781 4787
4790 4781 4789
4775 4790 4789
4775 4789 4791
4775 4791 4792
4793 4792 4791
4791 4789 4794
4789 4787 4794
4793 4791 4795
4791 4794 4795
4796 4793 4795
4796 4795 4794
4796 4797 4793
4798 4794 4787
4796 4794 4798
4799 4787 4788
4798 4787 4799
4800 4797 4796
4800 4801 4797
4802 4796 4798
4802 4798 4799
4802 4800 4796
4799 4788 4803
4785 4803 4788
4801 4800 4804
4801 4804 4805
4802 4799 4806
4806 4799 4803
4800 4802 4807
4800 4807 4804
4805 4804 4808
4805 4808 4809
4802 4806 4810
4802 4810 4807
4811 4807 4810
4811 4812 4807
4804 4807 4812
4804 4812 4808
4806 4813 4810
4810 4813 4811
4808 4812 4814
4814 4812 4811
4809 4808 4815
4808 4814 4815
4809 4815 4816
4806 4803 4817
4806 4817 4813
4803 4818 4817
4817 4818 4813
4813 4819 4811
4818 4819 4813
4803 4820 4818
4785 4820 4803
4820 4821 4818
4821 4819 4818
4785 4822 4820
4820 4822 4821
4809 4816 4823
4809 4823 4824
4825 4824 4823
4825 4823 4816
4825 4826 4824
4825 4816 4827
4828 4827 4816
4829 4826 4825
4829 4825 4827
4829 4830 4826
4830 4829 4831
4830 4831 4832
4785 4833 4822
4786 4833 4785
4828 4834 4827
4834 4828 4814
4829 4827 4835
4831 4829 4835
4836 4832 4831
4836 4837 4832
4786 4838 4833
4741 4838 4786
4838 4741 4839
4840 4839 4741
4839 4840 4841
4842 4838 4839
4839 4841 4842
4842 4833 4838
4842 4841 4843
4833 4842 4844
4842 4843 4844
4833 4844 4822
4844 4843 4845
4822 4844 4846
4844 4845 4846
4822 4846 4821
4846 4845 4847
4821 4846 4848
4846 4847 4848
4821 4848 4819
4848 4847 4849
4819 4848 4850
4848 4849 4850
4819 4850 4811
4811 4850 4851
4849 4851 4850
4811 4851 4852
4811 4852 4814
4834 4814 4852
4851 4834 4852
4851 4853 4834
4834 4853 4827
4853 4835 4827
4849 4854 4851
4853 4851 4854
4853 4855 4835
4835 4855 4856
4835 4856 4857
4831 4835 4857
4858 4857 4856
4859 4831 4857
4858 4859 4857
4859 4836 4831
4860 4859 4858
4860 4836 4859
4860 4858 4861
4862 4860 4861
4860 4863 4836
4863 4860 4864
4863 4837 4836
4865 4863 4864
4863 4865 4837
4866 4867 4861
4866 4861 4868
4866 4868 4869
4870 4868 4861
4871 4870 4861
4870 4872 4868
4872 4869 4868
4872 4873 4869
4874 4875 4873
4874 4873 4876
4877 4875 4874
4877 4878 4875
4879 4874 4876
4879 4876 4880
4881 4879 4880
4881 4882 4879
4879 4882 4883
4879 4883 4884
4874 4879 4884
4874 4884 4877
4885 4878 4877
4885 4886 4878
4887 4886 4885
4888 4885 4877
4888 4877 4889
4890 4888 4889
4890 4853 4888
4854 4888 4853
4854 4891 4888
4891 4885 4888
4849 4891 4854
4887 4885 4892
4849 4887 4892
4891 4892 4885
4849 4892 4891
4893 4894 4895
4893 4896 4894
4896 4897 4894
4896 4898 4897
4899 4898 4896
4893 4900 4896
4899 4896 4900
4893 4901 4900
4902 4899 4900
4903 4900 4901
4902 4900 4904
4903 4904 4900
4905 4902 4904
4905 4904 4903
4905 4903 4906
4905 4907 4902
4908 4905 4906
4909 4907 4905
4908 4909 4905
4909 4910 4907
4911 4909 4908
4910 4909 4911
4911 4908 4912
4910 4911 4913
4914 4911 4912
4915 4913 4911
4914 4915 4911
4915 4916 4913
4917 4916 4915
4914 4918 4915
4917 4915 4918
4914 4919 4918
4917 4918 4920
4919 4920 4918
4917 4920 4921
4919 4922 4920
4923 4921 4920
4923 4920 4922
4924 4925 4926
4927 4925 4924
4927 4928 4925
4929 4928 4927
4929 4927 4930
4931 4932 4933
4931 4933 4934
4934 4933 4935
4936 4931 4934
4936 4934 4937
4937 4938 4936
4939 4934 4940
4940 4941 4939
4939 4941 4942
4934 4939 4943
4939 4942 4944
4939 4944 4943
4945 4944 4942
4944 4945 4946
4947 4944 4946
4946 4945 4948
4946 4948 4949
4947 4946 4949
4948 4950 4949
4950 4951 4949
4947 4949 4951
4951 4950 4952
4951 4952 4953
4951 4953 4947
4947 4953 4954
4947 4954 4955
4956 4944 4947
4944 4956 4943
4955 4956 4947
4943 4956 4957
4957 4958 4943
4958 4957 4959
4960 4958 4959
4959 4961 4960
4955 4962 4956
4956 4962 4957
4957 4962 4963
4963 4959 4957
4963 4964 4959
4965 4959 4964
4959 4966 4961
4965 4966 4959
4961 4966 4967
4966 4965 4967
4955 4968 4962
4968 4955 4969
4968 4970 4962
4968 4969 4971
4968 4971 4970
4972 4973 4974
4974 4973 4975
4974 4975 4976
4976 4975 4977
4976 4977 4978
4978 4977 4979
4978 4979 4980
4981 4980 4979
4981 4982 4980
4981 4983 4982
4982 4984 4985
4982 4985 4986
4985 4987 4986
4985 4988 4987
4988 4989 4987
4988 4990 4989
4988 4991 4990
4991 4988 4992
4991 4993 4990
4991 4994 4993
4991 4992 4995
4991 4996 4994
4996 4991 4995
4996 4997 4994
4996 4998 4997
4996 4999 4998
4996 4995 5000
4999 4996 5000
5000 4995 5001
4999 5000 5002
5002 5000 5001
5002 5001 5003
5002 5003 5004
5005 5002 5004
5005 5004 5006
5004 5007 5006
5004 5008 5007
5008 5009 5007
5008 5010 5009
5010 5011 5009
5010 5012 5011
5012 5013 5011
5012 5014 5013
5015 5016 5017
5015 5018 5016
5019 5018 5015
5019 5020 5018
5021 5020 5019
5021 5022 5020
5023 5022 5021
5023 5024 5022
5025 5024 5023
5025 5026 5024
5027 5026 5025
5027 5028 5026
5028 5029 5026
5030 5031 5032
5030 5032 5033
5034 5030 5033
5034 5033 5035
5033 5036 5035
5032 5037 5033
5033 5037 5036
5032 5038 5037
5037 5038 5039
5036 5037 5040
5037 5039 5040
5036 5040 5041
5042 5040 5039
5041 5040 5042
5042 5039 5043
5044 5041 5042
5043 5045 5042
5042 5045 5044
5043 5046 5045
5045 5047 5044
5045 5046 5048
5047 5045 5049
5045 5048 5049
5047 5049 5050
5049 5051 5050
5048 5052 5049
5049 5052 5051
5048 5053 5052
5052 5054 5051
5055 5052 5053
5052 5055 5054
5055 5053 5056
5055 5056 5057
5054 5055 5058
5055 5057 5058
5054 5058 5059
5060 5058 5057
5061 5059 5058
5060 5061 5058
5061 5062 5059
5063 5062 5061
5064 5061 5060
5063 5061 5065
5064 5065 5061
5066 5063 5065
5067 5065 5064
5066 5065 5067
5067 5064 5068
5069 5066 5067
5069 5067 5068
5069 5070 5071
5070 5072 5071
5070 5073 5072
5074 5072 5073
5074 5075 5072
5076 5075 5074
5076 5074 5077
5078 5076 5077
5078 5079 5076
5080 5079 5078
5080 5078 5081
5082 5080 5081
5082 5081 5083
5084 5082 5083
5084 5085 5082
5086 5085 5084
5086 5084 5087
5087 5088 5086
5087 5089 5088
5090 5088 5089
5090 5089 5091
5092 5090 5091
5092 5091 5093
5093 5094 5092
5093 5095 5094
5096 5097 5098
5096 5099 5097
5100 5099 5096
5100 5101 5099
5102 5103 5104
5103 5105 5104
5103 5106 5105
5107 5105 5106
5107 5108 5105
5109 5108 5107
5109 5107 5110
5111 5109 5110
5111 5112 5109
5113 5112 5111
5113 5111 5114
5115 5113 5114
5115 5116 5113
5117 5116 5115
5117 5118 5116
5117 5119 5118
5117 5120 5119
5121 5119 5120
5121 5120 5122
5122 5123 5121
5124 5125 5126
5124 5127 5125
5128 5127 5124
5128 5129 5127
5130 5129 5128
5130 5131 5129
5130 5132 5131
5131 5132 5133
5131 5133 5134
5131 5134 5129
5127 5129 5134
5127 5134 5135
5125 5127 5135
5125 5135 5136
5137 5125 5136
5137 5138 5125
5138 5139 5125
5138 5140 5139
5141 5138 5137
5142 5140 5138
5141 5142 5138
5142 5143 5140
5142 5144 5143
5141 5145 5142
5142 5145 5144
5141 5146 5145
5145 5146 5147
5144 5145 5148
5145 5147 5148
5144 5148 5149
5148 5147 5150
5149 5148 5151
5148 5150 5151
5149 5151 5152
5153 5152 5151
5154 5151 5150
5153 5151 5154
5154 5150 5155
5156 5153 5154
5156 5154 5155
5157 5158 5159
5157 5160 5158
5157 5161 5160
5157 5162 5161
5161 5162 5163
5160 5164 5158
5160 5165 5164
5158 5164 5166
5158 5166 5167
5168 5167 5166
5168 5166 5169
5169 5170 5168
5160 5171 5165
5160 5161 5171
5171 5161 5172
5161 5163 5172
5171 5172 5173
5174 5173 5172
5175 5172 5163
5174 5172 5175
5175 5163 5176
5177 5174 5175
5177 5175 5176
5178 5179 5180
5178 5181 5179
5181 5182 5179
5181 5183 5182
5181 5184 5183
5178 5185 5181
5181 5185 5184
5178 5186 5185
5187 5185 5186
5188 5184 5185
5187 5188 5185
5188 5189 5184
5188 5190 5189
5187 5191 5188
5188 5191 5190
5187 5192 5191
5193 5190 5191
5194 5191 5192
5193 5191 5195
5194 5195 5191
5193 5195 5196
5194 5196 5195
5194 5197 5196
5193 5196 5198
5199 5196 5197
5200 5198 5196
5199 5200 5196
5199 5201 5200
5200 5202 5198
5201 5202 5200
5199 5203 5201
5201 5204 5202
5205 5201 5203
5206 5204 5201
5205 5207 5201
5206 5201 5207
5205 5208 5207
5206 5207 5208
5205 5209 5208
5206 5208 5210
5211 5208 5209
5212 5210 5208
5211 5213 5208
5212 5208 5213
5214 5213 5211
5214 5212 5213
5215 5216 5217
5215 5218 5216
5219 5218 5215
5219 5220 5218
5219 5221 5220
5219 5222 5221
5223 5221 5222
5223 5224 5221
5223 5225 5224
5223 5226 5225
5225 5226 5227
5226 5228 5227
5227 5228 5229
5228 5230 5229
5229 5230 5231
5229 5231 5232
5232 5231 5233
5232 5233 5234
5234 5233 5235
5234 5235 5236
5236 5235 5237
5236 5237 5238
5238 5237 5239
5238 5239 5240
5241 5240 5239
5241 5242 5240
5241 5243 5242
5241 5244 5243
5245 5243 5244
5245 5246 5243
5247 5246 5245
5247 5248 5249
5249 5248 5250
5247 5249 5251
5249 5250 5252
5252 5251 5249
5253 5247 5251
5247 5253 5254
5255 5253 5251
5252 5255 5251
5254 5253 5256
5255 5256 5253
5254 5256 5257
5258 5257 5256
5250 5259 5252
5250 5260 5259
5261 5259 5260
5261 5260 5262
5263 5261 5262
5252 5264 5255
5252 5259 5264
5256 5255 5264
5264 5259 5261
5258 5256 5265
5256 5264 5265
5266 5258 5265
5265 5264 5267
5264 5261 5267
5266 5265 5268
5265 5267 5268
5269 5266 5268
5267 5269 5268
5269 5270 5266
5269 5271 5270
5261 5272 5267
5267 5272 5269
5261 5273 5272
5263 5273 5261
5263 5274 5273
5272 5273 5274
5263 5275 5274
5269 5272 5276
5272 5274 5276
5269 5277 5271
5269 5276 5277
5278 5274 5275
5279 5278 5275
5280 5271 5277
5280 5281 5271
5280 5282 5281
5278 5283 5274
5283 5276 5274
5279 5284 5278
5279 5285 5284
5284 5286 5278
5287 5284 5285
5288 5286 5284
5287 5288 5284
5288 5289 5286
5287 5290 5288
5289 5288 5290
5287 5291 5290
5289 5290 5292
5291 5293 5290
5292 5290 5293
5292 5293 5294
5291 5295 5293
5293 5296 5294
5297 5293 5295
5293 5297 5296
5297 5295 5298
5297 5298 5299
5296 5297 5300
5297 5299 5300
5296 5300 5301
5302 5300 5299
5302 5301 5300
5302 5299 5303
5304 5302 5303
5302 5305 5301
5304 5306 5302
5306 5305 5302
5306 5304 5307
5306 5307 5308
5306 5308 5309
5306 5310 5305
5306 5309 5310
5310 5311 5305
5309 5312 5310
5310 5312 5311
5312 5309 5313
5313 5309 5314
5312 5315 5311
5312 5313 5315
5313 5316 5315
5315 5316 5317
5311 5315 5318
5315 5317 5318
5311 5318 5319
5320 5318 5317
5321 5319 5318
5320 5321 5318
5321 5322 5319
5323 5321 5320
5322 5321 5324
5323 5324 5321
5322 5324 5325
5324 5326 5325
5327 5324 5323
5324 5327 5326
5327 5323 5328
5327 5329 5326
5330 5327 5328
5327 5330 5329
5330 5328 5331
5330 5331 5332
5329 5330 5333
5330 5332 5333
5329 5333 5334
5335 5333 5332
5334 5333 5335
5334 5335 5283
5283 5335 5276
5335 5332 5336
5276 5335 5336
5277 5276 5336
5277 5336 5280
5337 5280 5336
5337 5338 5280
5280 5338 5282
5339 5338 5337
5340 5339 5337
5341 5282 5338
5339 5341 5338
5341 5342 5282
5341 5343 5342
5344 5341 5339
5341 5344 5343
5344 5339 5345
5344 5346 5343
5347 5344 5345
5344 5348 5346
5347 5348 5344
5348 5347 5349
5350 5346 5348
5348 5349 5351
5350 5348 5351
5351 5349 5352
5351 5352 5353
5350 5351 5353
5350 5353 5354
5354 5353 5355
5356 5354 5355
5357 5356 5355
5357 5358 5356
5358 5357 5359
5357 5360 5359
5357 5355 5361
5357 5314 5360
5357 5361 5362
5357 5362 5314
5362 5361 5363
5362 5313 5314
5362 5363 5313
5364 5365 5366
5367 5365 5364
5368 5367 5364
5368 5369 5367
5370 5369 5368
5370 5371 5369
5372 5369 5371
5373 5367 5369
5372 5373 5369
5373 5374 5367
5375 5373 5372
5376 5374 5373
5375 5376 5373
5376 5377 5374
5376 5378 5377
5375 5379 5376
5376 5379 5378
5375 5380 5379
5379 5380 5381
5378 5379 5382
5379 5381 5382
5378 5382 5383
5382 5384 5383
5381 5385 5382
5382 5385 5384
5381 5386 5385
5385 5386 5387
5384 5385 5388
5385 5387 5388
5384 5388 5389
5390 5389 5388
5391 5388 5387
5390 5388 5391
5391 5387 5392
5391 5392 5393
5390 5391 5394
5391 5393 5394
5390 5394 5395
5396 5395 5394
5397 5394 5393
5396 5394 5397
5397 5393 5398
5399 5396 5397
5399 5397 5398
5400 5401 5402
5400 5402 5403
5404 5403 5402
5404 5402 5405
5404 5405 5406
5407 5400 5403
5408 5400 5407
5407 5403 5409
5408 5410 5400
5403 5411 5409
5403 5404 5411
5412 5410 5408
5412 5413 5410
5414 5413 5412
5414 5412 5415
5414 5415 5416
5414 5416 5417
5417 5416 5418
5417 5418 5419
5420 5419 5418
5420 5421 5419
5422 5421 5420
5423 5422 5420
5411 5404 5424
5411 5424 5425
5404 5406 5424
5426 5425 5424
5427 5424 5406
5426 5424 5427
5427 5406 5428
5429 5426 5427
5429 5427 5428
5430 5431 5432
5430 5433 5431
5433 5434 5431
5433 5435 5434
5433 5430 5436
5437 5435 5433
5433 5436 5438
5437 5433 5438
5439 5438 5436
5440 5437 5438
5439 5440 5438
5440 5441 5437
5442 5440 5439
5443 5441 5440
5442 5443 5440
5443 5444 5441
5443 5442 5445
5446 5444 5443
5443 5445 5447
5446 5443 5447
5447 5445 5448
5446 5447 5449
5447 5448 5449
5446 5449 5450
5451 5449 5448
5452 5450 5449
5451 5452 5449
5452 5453 5450
5452 5451 5454
5455 5453 5452
5452 5454 5456
5455 5452 5456
5456 5454 5457
5455 5456 5458
5456 5457 5458
5455 5458 5459
5460 5458 5457
5460 5459 5458
5461 5462 5463
5463 5462 5464
5465 5463 5464
5465 5464 5466
5466 5464 5467
5468 5467 5464
5468 5469 5467
5470 5467 5469
5470 5471 5467
5466 5467 5472
5471 5472 5467
5470 5473 5471
5470 5474 5473
5473 5474 5475
5471 5476 5472
5473 5476 5471
5473 5475 5477
5475 5478 5477
5477 5479 5473
5473 5479 5476
5478 5480 5477
5477 5480 5479
5478 5481 5480
5482 5480 5481
5482 5479 5480
5483 5479 5482
5483 5476 5479
5484 5476 5483
5484 5472 5476
5485 5472 5484
5486 5472 5485
5486 5466 5472
5487 5466 5486
5487 5465 5466
5488 5465 5487
5488 5489 5465
5489 5490 5465
5491 5490 5489
5492 5489 5488
5493 5491 5489
5492 5494 5489
5494 5493 5489
5495 5494 5492
5496 5493 5494
5495 5496 5494
1996 1940 1942
1996 5497 1940
5497 1941 1940
1993 5497 1996
5497 5498 1941
5499 5497 1993
5499 5498 5497
5500 5499 1993
5499 5501 5498
5500 5502 5499
5502 5501 5499
5502 5503 5501
5504 5502 5500
5505 5503 5502
5504 5505 5502
5505 5506 5503
5507 5505 5504
5507 5506 5505
5508 5507 5504
5507 5509 5506
5510 5507 5508
5510 5509 5507
5510 5511 5509
5512 5510 5508
5513 5511 5510
5514 5510 5512
5513 5510 5514
5514 5512 5515
5516 5513 5514
5517 5514 5515
5516 5514 5517
5517 5515 5518
5519 5516 5517
5520 5517 5518
5519 5517 5520
5520 5518 5521
5522 5519 5520
5523 5520 5521
5522 5520 5523
5523 5521 5524
5525 5522 5523
5525 5523 5524
5526 5527 5528
5526 5529 5527
5528 5527 5530
5529 5530 5527
5529 5531 5530
5528 5530 1535
5530 5531 5532
1535 5530 5533
5530 5532 5533
1535 5533 5534
5533 5532 5535
5534 5533 5536
5533 5535 5536
5535 5537 5536
5534 5536 5538
5538 5536 5537
5535 5539 5537
5538 5537 5540
5541 5537 5539
5542 5540 5537
5541 5543 5537
5542 5537 5543
5541 5544 5543
5542 5543 5544
5541 5545 5544
5542 5544 5546
5544 5545 5547
5546 5544 5548
5544 5547 5548
5546 5548 5549
5548 5550 5549
5547 5551 5548
5548 5551 5550
5547 5552 5551
5551 5553 5550
5552 5554 5551
5551 5554 5553
5552 5555 5554
5554 5556 5553
5555 5557 5554
5554 5557 5556
5555 5558 5557
5559 5556 5557
5557 5558 5560
5559 5557 5561
5557 5560 5561
5561 5562 5559
5560 5563 5561
5561 5563 5562
5560 5564 5563
5565 5563 5564
5566 5562 5563
5565 5566 5563
5566 5567 5562
5566 5568 5567
5565 5569 5566
5566 5569 5568
5565 5570 5569
5571 5568 5569
5571 5569 5570
5571 5570 5572
5571 5573 5568
5574 5571 5572
5575 5573 5571
5574 5575 5571
5575 5576 5573
5575 5577 5576
5574 5578 5575
5575 5578 5577
5574 5579 5578
5580 5577 5578
5581 5578 5579
5580 5578 5582
5581 5582 5578
5583 5580 5582
5583 5582 5581
5584 5585 5586
5587 5586 5585
5584 5588 5585
5588 5584 5589
5588 5589 5590
5587 5585 5591
5587 5591 5592
5587 5592 5593
5592 5594 5593
5592 5595 5594
5595 5596 5594
5597 5596 5595
5598 5597 5595
5598 5595 5592
5591 5598 5592
5599 5598 5591
5599 5591 5585
5600 5599 5585
5588 5600 5585
5588 5601 5600
5602 5600 5601
5603 5602 5601
5604 5603 5601
5588 5605 5601
5604 5601 5605
5588 5590 5605
5604 5605 5606
5590 5606 5605
5604 5606 5607
5590 5608 5606
5609 5608 5590
5609 5610 5608
5610 5611 5608
5606 5608 5611
5610 5612 5611
5611 5612 5613
5607 5606 5614
5606 5611 5614
5607 5614 5615
5611 5613 5616
5614 5611 5616
5616 5613 5617
5615 5614 5618
5614 5616 5618
5615 5618 5619
5620 5619 5618
5620 5618 5616
5620 5616 5621
5616 5617 5621
5622 5620 5621
5622 5621 5623
5617 5623 5621
5617 5624 5623
5625 5623 5624
5626 5623 5625
4589 5626 5625
4589 5625 5627
4588 4589 5627
4588 5627 4610
4610 5627 5625
4610 5625 5628
5628 5625 5624
4612 4610 5628
5628 5624 5629
5628 5630 4612
5628 5629 5630
5624 5631 5629
5630 5629 5631
5624 5632 5631
5631 5632 5633
5631 5633 5634
5634 5633 5635
5630 5636 4612
5636 4613 4612
5630 5631 5637
5637 5631 5634
5634 5635 5638
5638 5635 5639
5640 5636 5630
5640 5630 5637
5641 4613 5636
5640 5641 5636
4622 4613 5641
5637 5634 5642
5642 5634 5638
5642 5640 5637
5643 4622 5641
4623 4622 5643
5644 4623 5643
5640 5645 5641
5643 5641 5645
5642 5646 5640
5646 5645 5640
5642 5638 5647
5646 5642 5647
5644 5643 5648
5648 5643 5645
5648 5645 5649
5646 5650 5645
5648 5649 5651
5644 5648 5652
5648 5651 5652
5644 5652 5653
5654 5653 5652
5650 5646 5655
5646 5647 5655
5650 5655 5656
5657 5652 5651
5654 5652 5657
5657 5651 5658
5657 5658 5659
5654 5657 5660
5657 5659 5660
5654 5660 5661
5662 5660 5659
5660 5663 5661
5662 5664 5660
5660 5664 5663
5664 5662 5665
5663 5664 5666
5664 5665 5666
5663 5666 5667
5668 5666 5665
5666 5669 5667
5668 5670 5666
5666 5670 5669
5671 5670 5668
5670 5672 5669
5671 5673 5670
5670 5673 5672
5674 5673 5671
5673 5675 5672
5674 5676 5673
5673 5676 5675
5677 5676 5674
5678 5675 5676
5677 5678 5676
5678 5679 5675
5678 5680 5679
5681 5678 5677
5678 5681 5680
5681 5677 5682
5683 5681 5682
5684 5680 5681
5683 5684 5681
5684 5685 5680
5684 5686 5685
5683 5687 5684
5684 5687 5686
5683 5688 5687
5687 5689 5686
5690 5687 5688
5687 5690 5689
5690 5688 5691
5690 5692 5689
5693 5690 5691
5690 5693 5692
5693 5691 5694
5695 5692 5693
5695 5693 5694
5696 5697 5698
5696 5698 5699
5697 5700 5698
5699 5698 5700
5697 5701 5700
5699 5700 5702
5703 5700 5701
5702 5700 5703
5703 5701 5704
5702 5703 5705
5706 5703 5704
5705 5703 5706
5705 5706 5707
5706 5704 5708
5706 5709 5707
5708 5710 5706
5706 5710 5709
5708 5711 5710
5712 5710 5711
5713 5709 5710
5712 5713 5710
5713 5714 5709
5715 5714 5713
5716 5715 5713
5712 5716 5713
5717 5715 5716
5712 5718 5716
5712 5719 5718
5718 5719 5720
5717 5716 5721
5721 5716 5718
5717 5721 5639
5718 5720 5722
5721 5718 5722
5722 5720 5723
5721 5722 5723
5721 5724 5639
5721 5723 5724
5638 5639 5724
5647 5638 5724
5647 5724 5723
5655 5647 5723
5655 5723 5725
5656 5655 5725
5656 5725 5726
5727 5725 5723
5728 5726 5725
5727 5729 5725
5728 5725 5729
5727 5730 5729
5730 5728 5729
5730 5731 5728
5727 5732 5730
5733 5731 5730
5734 5730 5732
5733 5730 5734
5734 5732 5735
5736 5733 5734
5737 5734 5735
5736 5734 5737
5737 5735 5738
5739 5736 5737
5740 5737 5738
5739 5737 5740
5740 5738 5741
5742 5740 5741
5743 5739 5740
5742 5743 5740
5743 5744 5739
5743 5742 5745
5744 5743 5746
5743 5745 5746
5744 5746 5747
5748 5746 5745
5749 5747 5746
5748 5750 5746
5749 5746 5750
5751 5750 5748
5751 5749 5750
5752 5753 5754
5753 5755 5754
5752 5756 5753
5757 5756 5752
5757 5752 5758
5759 5757 5758
5760 5753 5756
5760 5756 5761
5761 5756 5757
5761 5757 5762
3057 5753 5760
5762 5757 5763
5759 5763 5757
5762 5763 5764
5765 5763 5759
5764 5763 5765
5765 5759 5766
5764 5765 5767
5768 5765 5766
5769 5767 5765
5768 5769 5765
5769 5770 5767
5769 5771 5770
5768 5772 5769
5769 5772 5771
5768 5773 5772
5774 5771 5772
5775 5772 5773
5774 5772 5776
5775 5776 5772
5777 5774 5776
5777 5776 5775
5778 5779 5780
5779 5781 5780
5779 5782 5781
5782 5783 5781
5782 5784 5783
5785 5783 5784
5785 5784 5786
5785 5786 5787
5788 5784 5782
5786 5784 5788
5789 5787 5786
5790 5787 5789
5790 5789 5791
5792 5789 5786
5786 5788 5792
5791 5789 5793
5793 5789 5792
5791 5793 5794
5793 5792 5795
5795 5792 5788
5795 5788 5796
5788 5782 5797
5796 5788 5797
5779 5797 5782
5796 5797 5798
5796 5798 5799
5798 3027 5799
5779 5800 5797
5798 5797 5800
5798 5801 3027
5798 5800 5801
3026 3027 5801
5800 3026 5801
5802 5800 5779
5778 5802 5779
5800 5803 3026
5802 5803 5800
3026 5803 3025
3025 5803 5802
5804 5802 5778
3025 5802 5804
5804 5778 5805
3025 5804 3032
5804 5805 5806
5804 5806 3032
3034 3032 5806
3034 5806 5807
5807 5808 3034
5807 5809 5808
3034 5808 3029
5808 5809 5810
5811 3029 5808
3028 3029 5811
5808 5810 5812
5811 5808 5812
5812 5810 5813
3028 5811 5814
5814 5811 5812
3028 5814 3036
5812 5813 5815
5814 5812 5815
5815 5813 5816
3036 5814 5817
5817 5814 5815
3036 5817 3041
5815 5816 5818
5817 5815 5818
5819 5818 5816
5820 3041 5817
5818 5820 5817
5819 5821 5818
5818 5821 5820
5822 5821 5819
5822 5823 5821
5823 5820 5821
5820 5824 3041
3041 5824 3039
5825 5824 5820
5823 5825 5820
5826 3039 5824
5825 5826 5824
5826 3042 3039
3056 3042 5826
5825 3056 5826
5825 5827 3056
5823 5827 5825
3057 3056 5827
5822 5828 5823
5823 5828 5827
3057 5827 5828
5822 5829 5828
5755 5828 5829
3057 5828 5830
5755 5830 5828
3057 5830 5753
5753 5830 5755
5831 5790 5832
5831 5832 5794
5833 5834 5835
5833 5836 5834
5833 5837 5836
5838 5833 5835
5833 5839 5837
5838 5840 5833
5833 5840 5839
5838 5841 5840
5842 5839 5840
5842 5840 5841
5842 5843 5839
5844 5842 5841
5842 5845 5843
5844 5846 5842
5842 5846 5845
5844 5847 5846
5848 5845 5846
5849 5846 5847
5848 5846 5850
5849 5850 5846
5848 5850 5851
5849 5851 5850
5848 5851 5852
5849 5853 5851
5854 5852 5851
5853 5855 5851
5854 5851 5855
5853 5856 5855
5855 5856 5857
5854 5855 5858
5855 5857 5858
5854 5858 5859
5860 5858 5857
5861 5859 5858
5860 5862 5858
5861 5858 5862
5863 5862 5860
5863 5861 5862
