byte offset: 0
first index: 31575
index count: 61665
topology: trianglelist
format: DXGI_FORMAT_R16_UINT

7794 7795 7796
7797 7798 7795
7799 7798 7797
7795 7798 7800
7801 7795 7800
7801 7802 7795
7798 7803 7800
7804 7800 7803
7804 7801 7800
7798 7805 7803
7806 7801 7804
7805 7798 7807
7799 7807 7798
7805 7807 7808
7807 7809 7808
7806 7810 7801
7810 7802 7801
7806 7811 7810
7811 7802 7810
7806 7812 7811
7799 7813 7807
7799 7814 7813
7807 7815 7809
7807 7813 7815
7816 7809 7815
7812 7817 7811
7812 7818 7817
7814 7819 7813
7819 7814 7820
7821 7819 7820
7813 7819 7822
7813 7822 7815
7823 7819 7821
7819 7823 7822
7823 7821 7824
7825 7823 7824
7825 7824 7826
7817 7827 7811
7811 7827 7802
7828 7817 7818
7828 7818 7829
7823 7830 7822
7823 7825 7830
7817 7831 7827
7831 7817 7828
7828 7829 7832
7826 7828 7832
7825 7826 7832
7832 7829 7833
7825 7832 7833
7826 7834 7828
7831 7828 7834
7825 7833 7835
7836 7831 7834
7836 7827 7831
7837 7825 7835
7837 7830 7825
7836 7838 7827
7830 7837 7839
7802 7827 7838
7840 7802 7838
7838 7841 7840
7830 7839 7842
7822 7830 7842
7842 7839 7843
7822 7842 7844
7844 7815 7822
7842 7843 7845
7844 7842 7845
7844 7846 7815
7816 7815 7846
7846 7847 7816
7846 7848 7847
7848 7846 7844
7848 7849 7847
7848 7844 7850
7844 7845 7850
7848 7851 7849
7850 7851 7848
7851 7852 7849
7853 7845 7843
7853 7843 7854
7855 7853 7854
7856 7850 7845
7850 7856 7851
7856 7845 7853
7851 7857 7852
7856 7857 7851
7858 7852 7857
7858 7859 7852
7858 7860 7859
7856 7861 7857
7861 7856 7853
7861 7858 7857
7855 7862 7853
7861 7853 7862
7855 7863 7862
7861 7862 7863
7855 7864 7863
7865 7863 7864
7858 7866 7860
7867 7860 7866
7861 7868 7858
7861 7863 7868
7858 7868 7869
7858 7869 7866
7863 7869 7868
7867 7866 7870
7870 7866 7869
7871 7867 7870
7865 7872 7863
7863 7872 7869
7873 7872 7865
7873 7865 7874
7875 7873 7874
7876 7869 7872
7870 7869 7876
7876 7872 7873
7871 7870 7877
7878 7871 7877
7879 7870 7876
7879 7876 7873
7879 7877 7870
7875 7880 7873
7879 7873 7880
7880 7875 7881
7878 7877 7882
7882 7883 7878
7884 7877 7879
7884 7882 7877
7880 7885 7879
7879 7885 7884
7886 7884 7885
7880 7881 7887
7885 7880 7887
7888 7887 7881
7889 7888 7881
7890 7888 7889
7885 7887 7891
7886 7885 7891
7891 7887 7888
7892 7882 7884
7886 7892 7884
7882 7893 7883
7892 7893 7882
7894 7883 7893
7894 7895 7883
7896 7893 7892
7896 7892 7886
7896 7894 7893
7895 7894 7897
7898 7895 7897
7894 7899 7897
7894 7896 7899
7898 7897 7900
7899 7900 7897
7901 7898 7900
7896 7902 7899
7899 7903 7900
7902 7903 7899
7901 7900 7904
7903 7904 7900
7896 7905 7902
7896 7886 7905
7906 7901 7904
7906 7907 7901
7903 7908 7904
7906 7904 7908
7909 7903 7902
7905 7909 7902
7907 7906 7910
7911 7907 7910
7912 7911 7910
7913 7912 7910
7914 7910 7906
7913 7910 7914
7914 7906 7908
7913 7914 7915
7915 7914 7916
7916 7914 7908
7916 7917 7915
7908 7903 7918
7909 7918 7903
7908 7918 7919
7908 7919 7916
7919 7918 7909
7916 7920 7917
7917 7920 7921
7917 7921 7922
7923 7922 7921
7923 7921 7924
7921 7925 7924
7916 7919 7926
7916 7926 7920
7921 7927 7925
7927 7928 7925
7919 7909 7929
7930 7926 7919
7919 7929 7930
7929 7909 7931
7905 7931 7909
7930 7929 7932
7929 7931 7932
7931 7933 7932
7932 7933 7934
7905 7935 7931
7931 7935 7933
7905 7886 7935
7930 7932 7936
7932 7934 7936
7930 7937 7926
7936 7937 7930
7938 7935 7886
7886 7891 7938
7891 7888 7938
7938 7939 7935
7933 7935 7939
7940 7938 7888
7940 7939 7938
7941 7936 7934
7936 7941 7937
7937 7942 7926
7926 7942 7920
7943 7940 7888
7890 7943 7888
7941 7944 7937
7937 7944 7942
7920 7942 7945
7921 7920 7945
7890 7946 7943
7890 7947 7946
7948 7942 7944
7948 7945 7942
7949 7921 7945
7945 7950 7949
7921 7949 7927
7927 7949 7950
7951 7946 7947
7951 7947 7952
7948 7953 7945
7945 7953 7950
7948 7954 7953
7955 7948 7944
7948 7955 7954
7927 7950 7956
7927 7956 7928
7928 7956 7957
7957 7956 7950
7928 7957 7958
7950 7953 7959
7959 7953 7954
7952 7960 7951
7952 7961 7960
7955 7944 7962
7955 7962 7963
7941 7962 7944
7941 7963 7962
7958 7957 7964
7958 7964 7965
7966 7965 7964
7966 7964 7967
7968 7966 7967
7969 7964 7957
7969 7967 7964
7970 7960 7961
7970 7961 7971
7941 7972 7963
7941 7934 7972
7968 7967 7973
7974 7968 7973
7974 7973 7975
7975 7976 7974
7977 7973 7967
7977 7975 7973
7978 7970 7971
7978 7971 7979
7975 7980 7976
7981 7976 7980
7977 7967 7982
7969 7982 7967
7979 7983 7978
7978 7983 7984
7985 7984 7983
7979 7986 7983
7986 7985 7983
7986 7987 7985
7985 7987 7988
7981 7980 7989
7990 7989 7980
7989 7991 7981
7989 7992 7991
7992 7989 7990
7993 7991 7992
7978 7984 7994
7994 7970 7978
7994 7995 7970
7995 7960 7970
7985 7988 7996
7996 7988 7997
7998 7994 7984
7995 7994 7998
7995 7999 7960
7951 7960 7999
7996 7997 8000
8000 7997 8001
7995 7998 8002
7999 7995 8002
7951 7999 8003
7946 7951 8003
7946 8003 8004
8003 8005 8004
7943 7946 8004
7943 8004 8006
8006 8004 8005
7943 8006 7940
8007 8003 7999
8003 8007 8005
7940 8006 8008
8006 8005 8008
8007 7999 8009
7999 8002 8009
7940 8008 8010
8010 7939 7940
8009 8011 8007
8011 8005 8007
8009 8012 8011
8012 8009 8002
8011 8013 8005
8012 8002 8014
8015 8005 8013
8015 8008 8005
8010 8008 8015
8002 8016 8014
8002 7998 8016
8010 8015 8017
8016 7998 8018
8016 8018 8019
7998 7984 8018
8018 8020 8019
8017 8021 8010
8017 8022 8021
8023 8021 8022
8024 8018 7984
8018 8024 8020
8020 8024 8025
8020 8025 8026
8025 8027 8026
8024 7984 8028
7985 8028 7984
8029 8010 8021
8010 8029 7939
7933 7939 8029
8029 8021 8030
7933 8029 8030
8030 8021 8031
8023 8031 8021
7933 8030 8032
8030 8031 8032
7934 7933 8032
8023 8033 8031
8023 8034 8033
8032 8031 8035
8033 8035 8031
7934 8032 8036
8032 8035 8036
8037 7934 8036
8035 8037 8036
8037 7972 7934
8038 8033 8034
8038 8034 8039
8033 8040 8035
8040 8033 8038
8035 8041 8037
8041 8035 8040
7972 8037 8042
8042 8037 8041
8039 8043 8038
8039 8044 8043
8043 8044 8045
7972 8042 8046
8042 8047 8046
8042 8048 8047
8042 8041 8048
8046 7963 7972
8047 8049 8046
8046 8049 7963
8041 8040 8050
8040 8038 8051
8051 8050 8040
8038 8043 8052
8038 8052 8051
8043 8045 8053
8052 8043 8053
8048 8041 8054
8054 8041 8050
8048 8054 8055
8047 8048 8055
8054 8050 8056
8047 8055 8057
8058 8056 8050
8051 8058 8050
8058 8059 8056
8051 8060 8058
8060 8059 8058
8051 8052 8060
8060 8061 8059
8062 8060 8052
8052 8053 8062
8063 8061 8060
8062 8063 8060
8063 8064 8061
8065 8064 8063
8065 8063 8066
8062 8066 8063
8067 8065 8066
8053 8068 8062
8062 8068 8066
8067 8066 8069
8068 8069 8066
8053 8070 8068
8070 8053 8045
8070 8045 8071
8072 8067 8069
8072 8073 8067
8072 8074 8073
8068 8075 8069
8070 8075 8068
8072 8069 8075
8076 8070 8071
8070 8076 8075
8076 8071 8077
8076 8077 8078
8072 8075 8079
8079 8075 8076
8072 8080 8074
8079 8080 8072
8074 8080 8081
8074 8081 8082
8081 8083 8082
8076 8078 8084
8079 8076 8084
8085 8084 8078
8085 8079 8084
8085 8078 8086
8079 8087 8080
8085 8087 8079
8086 8088 8085
8086 8089 8088
8090 8088 8089
8080 8091 8081
8080 8087 8091
8087 8085 8092
8085 8088 8092
8090 8093 8088
8093 8090 8094
8087 8095 8091
8087 8092 8095
8096 8092 8088
8096 8088 8093
8096 8097 8092
8097 8095 8092
8095 8097 8098
8099 8095 8098
8091 8095 8099
8100 8091 8099
8100 8081 8091
8096 8093 8101
8081 8100 8102
8101 8093 8103
8081 8102 8104
8081 8104 8083
8104 8102 8105
8083 8104 8106
8104 8105 8106
8083 8106 8107
8106 8105 8108
8105 8109 8108
8107 8106 8110
8106 8108 8110
8111 8107 8110
8111 8110 8112
8110 8108 8112
8111 8112 8113
8109 8114 8108
8108 8114 8112
8109 8115 8114
8116 8113 8112
8116 8117 8113
8116 8118 8117
8112 8114 8119
8112 8119 8116
8120 8119 8114
8116 8121 8118
8116 8119 8121
8094 8118 8121
8121 8119 8103
8122 8103 8119
8094 8121 8123
8121 8103 8123
8093 8094 8123
8093 8123 8103
8115 8124 8125
8122 8126 8127
8124 8127 8126
8128 8129 7802
8130 8131 8132
8133 8131 8134
8135 8136 8137
8138 8137 8139
8140 8138 8139
8137 8141 8139
8142 8141 8137
8142 8137 8143
8139 8141 8144
8145 8144 8141
8145 8141 8142
8139 8144 8146
8147 8145 8142
8146 8148 8139
8140 8139 8148
8146 8149 8148
8148 8149 8150
8147 8142 8151
8151 8142 8143
8147 8151 8152
8152 8151 8143
8147 8152 8153
8140 8148 8154
8140 8154 8155
8148 8150 8156
8148 8156 8154
8157 8156 8150
8153 8152 8158
8153 8158 8159
8155 8154 8160
8160 8161 8155
8162 8161 8160
8154 8163 8160
8154 8156 8163
8164 8162 8160
8160 8163 8164
8164 8165 8162
8166 8165 8164
8166 8167 8165
8158 8152 8168
8152 8143 8168
8169 8159 8158
8169 8170 8159
8164 8163 8171
8164 8171 8166
8158 8168 8172
8172 8169 8158
8169 8173 8170
8167 8173 8169
8166 8173 8167
8173 8174 8170
8166 8174 8173
8167 8169 8175
8172 8175 8169
8166 8176 8174
8177 8175 8172
8177 8172 8168
8178 8176 8166
8178 8166 8171
8177 8168 8179
8171 8180 8178
8179 8168 8143
8179 8143 8181
8181 8182 8179
8171 8183 8180
8163 8183 8171
8183 8184 8180
8163 8185 8183
8185 8163 8156
8183 8186 8184
8185 8186 8183
8185 8156 8187
8157 8187 8156
8187 8157 8188
8187 8188 8189
8189 8185 8187
8189 8188 8190
8189 8191 8185
8185 8191 8186
8189 8190 8192
8191 8189 8192
8192 8190 8193
8194 8184 8186
8194 8195 8184
8196 8195 8194
8197 8186 8191
8191 8192 8197
8197 8194 8186
8192 8193 8198
8197 8192 8198
8199 8198 8193
8199 8193 8200
8199 8200 8201
8197 8198 8202
8202 8194 8197
8202 8198 8199
8196 8194 8203
8202 8203 8194
8196 8203 8204
8202 8204 8203
8196 8204 8205
8206 8205 8204
8199 8201 8207
8208 8207 8201
8202 8199 8209
8202 8209 8204
8199 8210 8209
8199 8207 8210
8204 8209 8210
8208 8211 8207
8211 8210 8207
8212 8211 8208
8206 8204 8213
8204 8210 8213
8214 8206 8213
8214 8215 8206
8216 8215 8214
8217 8213 8210
8211 8217 8210
8217 8214 8213
8212 8218 8211
8219 8218 8212
8220 8217 8211
8220 8214 8217
8220 8211 8218
8216 8214 8221
8220 8221 8214
8221 8222 8216
8219 8223 8218
8223 8219 8224
8225 8220 8218
8225 8218 8223
8221 8220 8226
8220 8225 8226
8227 8226 8225
8227 8225 8228
8228 8225 8223
8221 8229 8222
8226 8229 8221
8230 8222 8229
8231 8222 8230
8232 8231 8230
8226 8233 8229
8227 8233 8226
8233 8230 8229
8223 8224 8234
8228 8223 8234
8235 8234 8224
8235 8224 8236
8237 8228 8234
8237 8227 8228
8237 8234 8235
8236 8238 8235
8239 8238 8236
8235 8238 8240
8235 8240 8237
8239 8241 8238
8240 8238 8241
8242 8241 8239
8227 8243 8233
8233 8243 8230
8237 8240 8244
8240 8241 8245
8244 8240 8245
8242 8246 8241
8245 8241 8246
8237 8244 8247
8237 8247 8227
8248 8246 8242
8248 8242 8249
8245 8246 8250
8248 8250 8246
8251 8244 8245
8247 8244 8251
8249 8252 8248
8253 8252 8249
8254 8252 8253
8255 8252 8254
8256 8248 8252
8255 8256 8252
8256 8250 8248
8255 8257 8256
8257 8258 8256
8258 8250 8256
8258 8257 8259
8250 8260 8245
8251 8245 8260
8250 8261 8260
8250 8258 8261
8261 8251 8260
8258 8259 8262
8259 8263 8262
8259 8264 8263
8265 8263 8264
8265 8266 8263
8263 8266 8267
8258 8268 8261
8258 8262 8268
8263 8267 8269
8269 8267 8270
8261 8271 8251
8272 8261 8268
8261 8272 8271
8272 8273 8271
8271 8274 8251
8271 8273 8274
8247 8251 8274
8247 8274 8275
8274 8273 8275
8247 8275 8227
8275 8276 8227
8243 8227 8276
8273 8277 8275
8277 8276 8275
8272 8268 8278
8272 8279 8273
8279 8272 8278
8273 8279 8280
8279 8278 8281
8281 8280 8279
8278 8268 8282
8262 8282 8268
8273 8283 8277
8273 8280 8283
8281 8278 8284
8278 8282 8284
8262 8285 8282
8263 8285 8262
8286 8284 8282
8286 8282 8285
8287 8285 8263
8285 8287 8288
8263 8269 8287
8269 8288 8287
8286 8285 8289
8285 8288 8289
8286 8289 8290
8291 8284 8286
8286 8290 8291
8281 8284 8292
8291 8292 8284
8291 8293 8292
8281 8292 8293
8269 8294 8288
8269 8270 8294
8270 8295 8294
8295 8288 8294
8270 8296 8295
8288 8297 8289
8297 8290 8289
8298 8291 8290
8291 8298 8293
8296 8299 8295
8296 8300 8299
8301 8299 8300
8295 8302 8288
8288 8302 8297
8301 8303 8299
8304 8303 8301
8305 8295 8299
8305 8302 8295
8305 8299 8303
8306 8297 8302
8306 8302 8305
8304 8307 8303
8308 8307 8304
8308 8309 8307
8309 8308 8310
8311 8303 8307
8311 8307 8309
8305 8303 8312
8311 8312 8303
8313 8305 8312
8313 8306 8305
8314 8313 8312
8314 8312 8311
8306 8313 8315
8314 8315 8313
8306 8315 8316
8297 8306 8316
8314 8317 8315
8318 8317 8314
8297 8316 8319
8297 8319 8290
8319 8316 8320
8290 8319 8320
8318 8314 8321
8311 8321 8314
8321 8322 8318
8290 8320 8323
8320 8324 8323
8298 8290 8323
8323 8324 8325
8325 8298 8323
8311 8326 8321
8311 8309 8326
8321 8327 8322
8326 8327 8321
8325 8328 8298
8329 8328 8325
8309 8330 8326
8326 8330 8327
8327 8330 8331
8322 8327 8332
8327 8331 8332
8322 8332 8333
8334 8333 8332
8309 8335 8330
8331 8330 8335
8309 8310 8335
8336 8335 8310
8336 8337 8335
8331 8335 8337
8337 8336 8338
8337 8338 8339
8339 8331 8337
8340 8339 8338
8334 8332 8341
8331 8341 8332
8339 8342 8331
8331 8342 8341
8343 8334 8341
8343 8344 8334
8343 8345 8344
8344 8345 8346
8345 8347 8346
8346 8347 8348
8347 8349 8348
8348 8349 8350
8351 8350 8349
8351 8349 8352
8352 8353 8351
8354 8349 8347
8352 8349 8354
8352 8355 8353
8353 8355 8356
8352 8354 8357
8357 8355 8352
8354 8358 8357
8347 8359 8354
8354 8359 8360
8359 8361 8360
8362 8361 8359
8362 8359 8347
8362 8347 8345
8363 8362 8345
8363 8345 8343
8364 8363 8343
8364 8343 8341
8365 8364 8341
8365 8341 8342
8342 8366 8365
8367 8366 8342
8367 8342 8339
8367 8339 8368
8369 8368 8339
8369 8339 8370
8340 8370 8339
8371 8369 8370
8340 8371 8370
8340 8356 8371
8371 8372 8369
8356 8355 8371
8373 8372 8371
8373 8371 8355
8372 8373 8374
8355 8357 8373
8374 8373 8357
8374 8357 8375
8376 8143 8377
8378 8379 8380
8381 8382 8383
8384 8385 8386
8387 8388 8389
8390 8391 8392
8393 8394 8395
8396 8397 8398
8399 8400 8401
8402 8403 8404
8405 8406 8407
8408 8409 8410
8411 8412 8413
8414 8415 8416
8417 8418 8419
8420 8421 8422
8423 8424 8425
8426 8427 8428
8429 8428 8430
8429 8430 8431
8432 8433 8434
8435 8436 8437
8438 8439 8440
8441 8442 8443
8444 8445 8446
8447 8448 8449
8450 8451 8452
8453 8454 8455
8456 8457 8458
8459 8460 8461
8462 8463 8464
8465 8466 8467
8468 8469 8470
8471 8472 8473
8474 8475 8476
8477 8478 8479
8480 8481 8482
8483 8484 8485
8486 8487 8488
8489 8490 8491
8492 8493 8494
8495 8496 8497
8498 8499 8500
8501 8502 8503
8504 8505 8506
8507 8508 8509
8510 8511 8512
8513 8514 8515
8516 8517 8518
8519 8520 8521
8522 8523 8524
8525 8526 8527
8528 8529 8530
8531 8532 8533
8534 8535 8536
8537 8538 8539
8540 8541 8542
8543 8544 8545
8546 8547 8548
8549 8550 8551
8552 8553 8554
8555 8556 8557
8558 8559 8560
8561 8562 8563
8564 8565 8566
8567 8568 8569
8570 8571 8572
8573 8574 8575
8576 8577 8578
8579 8580 8581
8582 8583 8584
8585 8586 8587
8588 8589 8590
8591 8592 8593
8594 8595 8596
8597 8598 8599
8600 8601 8602
8603 8604 8605
8606 8607 8608
8609 8610 8611
8612 8613 8614
8615 8616 8617
8618 8619 8620
8621 8622 8623
8624 8625 8626
8627 8628 8629
8630 8631 8632
8633 8634 8635
8636 8637 8638
8639 8640 8641
8642 8643 8644
8645 8646 8647
8648 8649 8650
8651 8652 8653
8654 8655 8656
8657 8658 8659
8660 8661 8662
8663 8664 8665
8666 8667 8668
8669 8670 8671
8672 8673 8674
8675 8676 8677
8678 8679 8680
8681 8682 8683
8684 8685 8686
8687 8688 8689
8687 8690 8688
8691 8690 8687
8688 8690 8692
8692 8690 8691
8691 8687 8693
8688 8692 8694
8695 8691 8693
8692 8696 8694
8695 8697 8691
8698 8697 8695
8698 8699 8697
8700 8697 8699
8691 8697 8700
8700 8699 8701
8692 8691 8702
8691 8700 8702
8703 8700 8701
8703 8701 8704
8705 8702 8700
8705 8700 8703
8706 8705 8703
8706 8707 8705
8707 8702 8705
8708 8703 8704
8706 8703 8708
8708 8704 8709
8710 8708 8709
8706 8708 8710
8710 8709 8711
8712 8710 8711
8712 8711 8713
8714 8712 8713
8715 8702 8707
8702 8715 8692
8706 8710 8716
8716 8710 8712
8692 8715 8717
8692 8717 8696
8696 8717 8718
8718 8717 8715
8696 8718 8719
8718 8720 8719
8718 8721 8720
8721 8722 8720
8718 8715 8723
8723 8721 8718
8723 8724 8721
8721 8725 8722
8724 8725 8721
8725 8726 8722
8724 8727 8725
8727 8726 8725
8728 8729 8712
8728 8712 8730
8714 8730 8712
8716 8712 8729
8731 8730 8714
8728 8730 8731
8731 8714 8732
8731 8732 8733
8733 8734 8731
8735 8734 8733
8736 8731 8734
8736 8728 8731
8735 8737 8734
8737 8736 8734
8737 8735 8738
8737 8738 8739
8740 8739 8738
8739 8741 8737
8741 8736 8737
8740 8742 8739
8739 8742 8741
8743 8742 8740
8743 8741 8742
8743 8740 8744
8743 8744 8745
8746 8743 8745
8746 8747 8743
8746 8748 8747
8749 8747 8748
8743 8750 8741
8747 8750 8743
8749 8751 8747
8747 8751 8750
8752 8751 8749
8753 8736 8741
8750 8753 8741
8752 8754 8751
8752 8755 8754
8751 8756 8750
8751 8754 8756
8750 8756 8753
8754 8755 8757
8754 8757 8756
8753 8758 8736
8758 8728 8736
8756 8759 8753
8756 8757 8759
8755 8760 8757
8755 8761 8760
8762 8758 8753
8762 8753 8759
8763 8762 8759
8757 8764 8759
8757 8760 8764
8763 8759 8764
8758 8765 8728
8762 8765 8758
8766 8760 8761
8766 8761 8767
8768 8764 8760
8768 8760 8766
8768 8763 8764
8769 8766 8767
8768 8766 8769
8769 8767 8770
8765 8771 8728
8771 8729 8728
8772 8765 8762
8763 8772 8762
8770 8773 8769
8770 8774 8773
8774 8775 8773
8774 8776 8775
8776 8777 8775
8776 8778 8777
8779 8777 8778
8779 8780 8777
8781 8780 8779
8781 8782 8780
8777 8780 8782
8777 8782 8783
8775 8777 8783
8775 8783 8784
8773 8775 8784
8773 8784 8785
8769 8773 8785
8769 8785 8786
8768 8769 8786
8787 8768 8786
8768 8787 8763
8787 8786 8788
8789 8788 8786
8789 8786 8790
8789 8790 8791
8789 8791 8792
8793 8792 8791
8794 8788 8789
8792 8794 8789
8794 8795 8788
8787 8788 8795
8792 8796 8794
8797 8796 8792
8793 8797 8792
8797 8798 8796
8797 8799 8798
8793 8800 8797
8797 8800 8799
8793 8801 8800
8800 8801 8802
8799 8800 8803
8800 8802 8803
8799 8803 8804
8803 8802 8805
8804 8803 8806
8803 8805 8806
8804 8806 8807
8806 8805 8808
8807 8806 8809
8806 8808 8809
8807 8809 8810
8811 8809 8808
8809 8811 8810
8812 8813 8814
8812 8814 8815
8816 8812 8815
8814 8817 8815
8817 8816 8815
8816 8818 8812
8814 8819 8817
8820 8818 8816
8817 8819 8821
8820 8816 8822
8823 8820 8822
8823 8822 8824
8825 8824 8822
8816 8825 8822
8825 8826 8824
8817 8827 8816
8816 8827 8825
8828 8826 8825
8828 8829 8826
8830 8825 8827
8830 8828 8825
8831 8828 8830
8831 8830 8832
8832 8830 8827
8833 8829 8828
8831 8833 8828
8833 8834 8829
8835 8834 8833
8831 8835 8833
8835 8836 8834
8837 8836 8835
8837 8838 8836
8839 8838 8837
8840 8832 8827
8827 8817 8840
8831 8841 8835
8841 8837 8835
8817 8842 8840
8817 8821 8842
8821 8843 8842
8843 8840 8842
8821 8844 8843
8843 8844 8845
8843 8845 8846
8846 8845 8847
8843 8848 8840
8848 8843 8846
8848 8846 8849
8846 8847 8850
8849 8846 8850
8850 8847 8851
8849 8850 8852
8852 8850 8851
8853 8837 8854
8853 8855 8837
8839 8837 8855
8841 8854 8837
8856 8839 8855
8853 8856 8855
8856 8857 8839
8856 8858 8857
8858 8856 8859
8860 8858 8859
8861 8859 8856
8861 8856 8853
8860 8859 8862
8862 8859 8861
8862 8863 8860
8862 8864 8863
8865 8863 8864
8864 8862 8866
8866 8862 8861
8865 8864 8867
8864 8866 8867
8868 8865 8867
8868 8867 8866
8868 8869 8865
8868 8870 8869
8871 8870 8868
8871 8868 8872
8871 8872 8873
8874 8873 8872
8868 8866 8875
8872 8868 8875
8874 8872 8876
8872 8875 8876
8877 8874 8876
8878 8866 8861
8875 8866 8878
8877 8876 8879
8877 8879 8880
8876 8875 8881
8876 8881 8879
8875 8878 8881
8879 8882 8880
8879 8881 8882
8878 8861 8883
8883 8861 8853
8881 8878 8884
8881 8884 8882
8880 8882 8885
8880 8885 8886
8887 8878 8883
8887 8884 8878
8888 8884 8887
8882 8884 8889
8882 8889 8885
8888 8889 8884
8883 8853 8890
8887 8883 8890
8891 8886 8885
8891 8892 8886
8893 8885 8889
8893 8891 8885
8893 8889 8888
8894 8892 8891
8893 8894 8891
8894 8895 8892
8890 8853 8896
8896 8853 8854
8897 8887 8890
8888 8887 8897
8895 8894 8898
8895 8898 8899
8899 8898 8900
8899 8900 8901
8901 8900 8902
8901 8902 8903
8904 8903 8902
8904 8902 8905
8906 8904 8905
8906 8905 8907
8902 8907 8905
8902 8908 8907
8900 8908 8902
8900 8909 8908
8898 8909 8900
8898 8910 8909
8894 8910 8898
8894 8911 8910
8893 8911 8894
8912 8911 8893
8893 8888 8912
8912 8913 8911
8914 8911 8913
8914 8915 8911
8914 8916 8915
8914 8917 8916
8918 8916 8917
8919 8914 8913
8917 8914 8919
8919 8913 8920
8912 8920 8913
8917 8919 8921
8922 8917 8921
8918 8917 8922
8922 8921 8923
8922 8923 8924
8918 8922 8925
8922 8924 8925
8918 8925 8926
8925 8927 8926
8924 8928 8925
8925 8928 8927
8924 8929 8928
8928 8930 8927
8929 8931 8928
8928 8931 8930
8929 8932 8931
8931 8933 8930
8932 8934 8931
8931 8934 8933
8932 8935 8934
8936 8933 8934
8934 8935 8936
8937 8938 8939
8939 8938 8940
8941 8940 8938
8939 8940 8942
8942 8943 8939
8942 8944 8943
8945 8944 8942
8942 8940 8945
8946 8944 8945
8947 8946 8945
8948 8946 8947
8949 8947 8945
8940 8949 8945
8948 8947 8950
8947 8949 8950
8941 8951 8940
8951 8941 8952
8940 8951 8953
8953 8951 8952
8948 8950 8954
8955 8948 8954
8954 8956 8955
8940 8957 8949
8940 8953 8957
8954 8958 8956
8958 8959 8956
8958 8960 8959
8958 8961 8960
8960 8961 8962
8963 8962 8961
8958 8954 8964
8961 8958 8964
8954 8950 8965
8954 8965 8964
8950 8949 8966
8950 8966 8965
8967 8949 8957
8967 8966 8949
8968 8957 8953
8968 8967 8957
8969 8963 8961
8969 8970 8963
8969 8971 8970
8972 8971 8969
8972 8973 8971
8973 8972 8974
8961 8975 8969
8969 8975 8972
8968 8953 8976
8953 8952 8976
8961 8977 8975
8961 8964 8977
8978 8976 8952
8978 8952 8979
8980 8978 8979
8980 8979 8981
8982 8978 8980
8982 8983 8978
8983 8976 8978
8983 8982 8984
8968 8976 8985
8983 8985 8976
8983 8984 8986
8985 8983 8986
8987 8968 8985
8987 8967 8968
8986 8984 8988
8984 8989 8988
8989 8990 8988
8989 8991 8990
8990 8991 8992
8990 8992 8993
8990 8993 8994
8985 8986 8995
8987 8985 8995
8986 8988 8996
8996 8988 8990
8995 8986 8996
8990 8994 8997
8996 8990 8997
8995 8996 8998
8998 8996 8997
8998 8987 8995
8994 8999 8997
8998 8997 8999
8999 8994 9000
8999 9000 9001
8998 9002 8987
9002 8998 8999
8999 9001 9003
9002 8999 9003
9002 9004 8987
8987 9004 8967
8966 8967 9004
9001 9005 9003
9001 9006 9005
9006 9007 9005
9008 9002 9003
9002 9008 9004
9008 9003 9005
8966 9004 9009
9008 9009 9004
9009 8965 8966
9005 9010 9008
9008 9010 9009
9009 9011 8965
9010 9011 9009
9011 8964 8965
9005 9007 9012
9005 9012 9010
9011 9013 8964
9013 8977 8964
9010 9014 9011
9012 9014 9010
9013 9011 9014
9007 9015 9012
9012 9015 9014
9007 9016 9015
9017 9015 9016
9013 9014 9018
9015 9018 9014
9017 9019 9015
9015 9019 9018
9019 9017 9020
9013 9021 8977
9021 9013 9018
9022 9018 9019
9021 9018 9022
9019 9020 9023
9022 9019 9023
9024 9023 9020
9022 9023 9024
9024 9020 9025
9026 8977 9021
9026 8975 8977
9021 9022 9027
9022 9024 9027
9021 9027 9026
9025 9028 9024
9028 9027 9024
9025 9029 9028
9030 9028 9029
9026 9027 9031
9028 9031 9027
9032 8975 9026
9026 9031 9032
9030 9033 9028
9033 9031 9028
9034 9033 9030
9035 9034 9030
9036 9034 9035
9033 9037 9031
9037 9032 9031
9034 9037 9033
9032 9038 8975
8972 8975 9038
9037 9039 9032
9039 9038 9032
9034 9040 9037
9040 9039 9037
9036 9041 9034
9040 9034 9041
8972 9038 9042
8974 8972 9042
9039 9043 9038
9042 9038 9043
9044 9041 9036
9044 9036 9045
9044 9045 9046
9040 9041 9047
9047 9041 9044
9040 9048 9039
9043 9039 9048
9047 9048 9040
8974 9042 9049
8974 9049 9050
9042 9043 9051
9049 9042 9051
9049 9052 9050
9051 9052 9049
9050 9052 9053
9054 9052 9051
9055 9052 9054
9052 9055 9053
9055 9056 9053
9055 9057 9056
9057 9055 9054
9043 9048 9058
9058 9051 9043
9047 9059 9048
9059 9058 9048
9057 9054 9060
9061 9057 9060
9062 9060 9054
9058 9063 9051
9054 9051 9063
9062 9054 9064
9064 9065 9062
9054 9066 9064
9054 9063 9066
9066 9065 9064
9067 9063 9058
9067 9066 9063
9059 9067 9058
9066 9068 9065
9067 9068 9066
9069 9059 9047
9047 9044 9069
9059 9070 9067
9067 9070 9068
9071 9065 9068
9071 9072 9065
9073 9072 9071
9073 9074 9072
9075 9073 9071
9076 9071 9068
9075 9071 9076
9076 9068 9070
9076 9077 9075
9059 9078 9070
9069 9078 9059
9070 9079 9076
9076 9079 9077
9070 9078 9079
9069 9044 9080
9046 9080 9044
9081 9080 9046
9081 9046 9082
9081 9082 9083
9081 9083 9084
9085 9081 9084
9077 9086 9085
9079 9086 9077
9085 9086 9081
9078 9069 9087
9069 9080 9087
9078 9087 9079
9079 9087 9086
9087 9080 9081
9087 9081 9086
9088 9089 9090
9088 9090 9091
9092 9088 9091
9090 9093 9091
9090 9094 9093
9093 9094 9095
9092 9091 9096
9092 9096 9097
9091 9093 9098
9091 9098 9096
9093 9095 9099
9098 9093 9099
9096 9100 9097
9101 9097 9100
9095 9102 9099
9095 9103 9102
9098 9099 9104
9099 9102 9104
9096 9098 9105
9096 9105 9100
9101 9100 9106
9107 9101 9106
9102 9103 9108
9103 9109 9108
9110 9104 9102
9108 9110 9102
9111 9110 9108
9098 9104 9112
9105 9098 9112
9112 9104 9110
9109 9113 9108
9111 9108 9113
9109 9114 9113
9100 9105 9115
9100 9115 9106
9112 9116 9105
9116 9115 9105
9116 9117 9115
9112 9110 9118
9116 9112 9118
9119 9113 9114
9119 9114 9120
9121 9119 9120
9121 9120 9122
9123 9121 9122
9106 9115 9124
9117 9124 9115
9110 9125 9118
9110 9111 9125
9113 9119 9126
9113 9126 9111
9106 9124 9127
9107 9106 9127
9128 9107 9127
9129 9128 9127
9129 9127 9124
9117 9129 9124
9117 9130 9129
9117 9131 9130
9132 9126 9119
9132 9119 9121
9117 9133 9131
9133 9134 9131
9135 9133 9117
9116 9135 9117
9116 9118 9135
9135 9118 9125
9133 9136 9134
9133 9135 9136
9136 9137 9134
9138 9126 9132
9138 9111 9126
9139 9132 9121
9140 9139 9121
9141 9140 9121
9142 9140 9141
9123 9141 9121
9143 9135 9125
9135 9143 9136
9136 9144 9137
9145 9137 9144
9146 9136 9143
9125 9146 9143
9136 9146 9144
9147 9145 9144
9146 9147 9144
9125 9148 9146
9148 9125 9111
9149 9142 9141
9149 9150 9142
9145 9147 9151
9145 9151 9152
9146 9153 9147
9148 9153 9146
9148 9111 9154
9138 9154 9111
9147 9155 9151
9147 9153 9155
9152 9151 9156
9151 9155 9156
9152 9156 9157
9148 9158 9153
9154 9158 9148
9157 9156 9159
9160 9157 9159
9161 9160 9159
9161 9162 9160
9163 9162 9161
9156 9164 9159
9156 9155 9164
9155 9165 9164
9153 9166 9155
9153 9158 9166
9155 9166 9165
9164 9167 9159
9167 9161 9159
9167 9164 9165
9154 9168 9158
9166 9158 9169
9158 9168 9169
9154 9170 9168
9169 9168 9170
9154 9138 9170
9138 9171 9170
9166 9169 9172
9165 9166 9172
9169 9170 9173
9172 9169 9173
9170 9174 9173
9170 9171 9174
9172 9173 9175
9174 9175 9173
9138 9176 9171
9176 9138 9132
9176 9132 9177
9178 9165 9172
9178 9172 9175
9176 9177 9179
9180 9179 9177
9180 9177 9181
9182 9180 9181
9182 9181 9183
9184 9176 9179
9171 9176 9184
9184 9185 9171
9185 9184 9150
9186 9185 9150
9149 9186 9150
9185 9187 9171
9188 9187 9185
9188 9185 9186
9171 9187 9189
9188 9189 9187
9171 9189 9174
9189 9190 9174
9190 9191 9174
9192 9191 9190
9192 9175 9191
9174 9191 9175
9192 9193 9175
9178 9175 9193
9189 9194 9190
9194 9195 9190
9192 9190 9196
9194 9197 9195
9198 9194 9189
9188 9198 9189
9192 9196 9199
9200 9199 9196
9200 9196 9201
9202 9200 9201
9202 9203 9200
9198 9204 9194
9194 9204 9197
9204 9205 9197
9206 9198 9188
9204 9198 9206
9207 9205 9204
9204 9206 9207
9206 9208 9207
9206 9188 9209
9186 9209 9188
9205 9210 9197
9211 9197 9210
9208 9212 9207
9207 9212 9205
9209 9213 9206
9206 9213 9208
9211 9210 9214
9205 9214 9210
9186 9215 9209
9209 9216 9213
9215 9216 9209
9186 9217 9215
9186 9149 9217
9149 9218 9217
9217 9219 9215
9215 9219 9216
9149 9220 9218
9141 9220 9149
9141 9221 9220
9218 9220 9221
9221 9141 9123
9222 9221 9123
9223 9221 9222
9218 9221 9223
9223 9222 9224
9225 9223 9224
9225 9226 9223
9226 9218 9223
9218 9227 9217
9217 9227 9219
9225 9228 9226
9225 9229 9228
9226 9230 9218
9218 9230 9227
9228 9230 9226
9231 9228 9229
9231 9229 9232
9233 9231 9232
9228 9234 9230
9227 9230 9234
9233 9235 9231
9235 9233 9236
9237 9228 9231
9237 9234 9228
9235 9237 9231
9227 9234 9238
9227 9239 9219
9238 9239 9227
9238 9234 9240
9240 9234 9237
9241 9240 9237
9240 9241 9242
9238 9240 9242
9239 9238 9242
9235 9243 9237
9241 9237 9243
9235 9244 9243
9244 9241 9243
9235 9236 9245
9235 9245 9244
9236 9246 9245
9236 9247 9246
9247 9248 9246
9247 9249 9248
9245 9250 9244
9245 9246 9250
9244 9251 9241
9251 9244 9250
9246 9252 9250
9246 9248 9252
9251 9250 9253
9252 9253 9250
9254 9248 9249
9254 9249 9255
9256 9254 9255
9256 9255 9257
9256 9257 9258
9241 9251 9259
9253 9259 9251
9253 9260 9259
9241 9259 9261
9262 9260 9253
9252 9262 9253
9262 9263 9260
9263 9262 9264
9263 9264 9265
9264 9266 9265
9267 9241 9261
9241 9267 9242
9268 9267 9261
9267 9268 9242
9268 9261 9269
9268 9270 9242
9270 9239 9242
9271 9268 9269
9271 9270 9268
9271 9269 9272
9271 9272 9273
9274 9273 9272
9264 9275 9266
9276 9266 9275
9276 9275 9277
9278 9276 9277
9279 9239 9270
9219 9239 9279
9270 9271 9280
9280 9271 9273
9281 9275 9264
9275 9281 9277
9281 9282 9277
9264 9283 9281
9284 9277 9282
9264 9285 9283
9264 9262 9285
9283 9285 9286
9285 9262 9287
9285 9287 9286
9252 9287 9262
9288 9286 9287
9252 9288 9287
9288 9289 9286
9248 9288 9252
9290 9289 9288
9248 9290 9288
9290 9291 9289
9248 9292 9290
9292 9291 9290
9292 9248 9254
9292 9293 9291
9293 9292 9254
9293 9254 9256
9293 9256 9294
9295 9294 9256
9295 9256 9296
9256 9258 9296
9284 9295 9296
9278 9296 9258
9284 9296 9297
9278 9297 9296
9284 9297 9277
9278 9277 9297
9298 9299 9300
9298 9300 9301
9302 9301 9300
9298 9301 9303
9304 9298 9303
9305 9304 9303
9302 9306 9301
9306 9303 9301
9302 9307 9306
9305 9303 9308
9309 9305 9308
9307 9310 9306
9311 9310 9307
9306 9312 9303
9312 9308 9303
9309 9308 9313
9313 9314 9309
9311 9315 9310
9315 9311 9316
9310 9317 9306
9317 9312 9306
9315 9317 9310
9308 9318 9313
9308 9312 9318
9313 9319 9314
9318 9319 9313
9320 9318 9312
9317 9320 9312
9315 9316 9321
9321 9316 9322
9163 9321 9322
9163 9323 9321
9323 9315 9321
9163 9161 9323
9323 9324 9315
9315 9324 9317
9161 9324 9323
9317 9324 9325
9324 9161 9325
9320 9317 9325
9167 9325 9161
9325 9167 9326
9325 9326 9320
9326 9167 9165
9327 9318 9320
9327 9320 9326
9165 9327 9326
9318 9327 9319
9165 9178 9327
9319 9327 9178
9319 9178 9328
9328 9314 9319
9193 9328 9178
9328 9329 9314
9193 9330 9328
9330 9329 9328
9330 9331 9329
9330 9193 9192
9332 9331 9330
9330 9192 9333
9332 9330 9333
9192 9211 9333
9192 9334 9211
9211 9214 9333
9214 9332 9333
9214 9335 9332
9214 9336 9335
9335 9336 9337
9205 9336 9214
9338 9337 9336
9205 9339 9336
9338 9336 9339
9340 9338 9339
9205 9212 9339
9340 9339 9341
9212 9341 9339
9341 9342 9340
9212 9343 9341
9208 9343 9212
9341 9344 9342
9343 9344 9341
9345 9342 9344
9208 9346 9343
9343 9346 9344
9345 9344 9347
9348 9345 9347
9344 9346 9349
9344 9349 9347
9348 9347 9350
9349 9350 9347
9348 9350 9351
9208 9352 9346
9349 9346 9352
9350 9353 9351
9353 9354 9351
9349 9355 9350
9355 9353 9350
9353 9356 9354
9357 9354 9356
9358 9352 9208
9352 9358 9359
9358 9208 9213
9349 9352 9360
9355 9349 9360
9352 9359 9360
9355 9361 9353
9361 9356 9353
9362 9355 9360
9362 9361 9355
9362 9360 9359
9357 9356 9363
9357 9363 9364
9361 9365 9356
9362 9365 9361
9363 9356 9365
9363 9366 9364
9363 9367 9366
9368 9364 9366
9363 9365 9369
9363 9369 9367
9362 9370 9365
9370 9369 9365
9368 9366 9371
9371 9372 9368
9362 9359 9373
9373 9370 9362
9370 9374 9369
9367 9369 9374
9373 9375 9370
9374 9370 9375
9366 9376 9371
9367 9376 9366
9367 9377 9376
9376 9378 9371
9367 9379 9377
9371 9378 9380
9371 9380 9372
9380 9378 9381
9382 9379 9367
9367 9374 9382
9382 9383 9379
9384 9383 9382
9372 9380 9385
9380 9381 9385
9386 9372 9385
9387 9385 9381
9385 9388 9386
9387 9389 9385
9385 9389 9388
9390 9389 9387
9388 9389 9391
9390 9391 9389
9388 9391 9392
9390 9393 9391
9393 9392 9391
9393 9394 9392
9390 9395 9393
9393 9396 9394
9395 9397 9393
9393 9397 9396
9395 9398 9397
9399 9396 9397
9397 9398 9400
9399 9397 9400
9400 9398 9384
9400 9401 9399
9400 9384 9402
9400 9402 9401
9402 9384 9382
9402 9403 9401
9382 9404 9402
9402 9404 9403
9382 9374 9404
9374 9375 9404
9403 9404 9375
9403 9375 9405
9406 9405 9375
9406 9375 9373
9406 9373 9359
9407 9406 9359
9407 9359 9408
9409 9407 9408
9359 9358 9408
9409 9410 9407
9358 9411 9408
9411 9409 9408
9411 9358 9213
9213 9412 9411
9412 9409 9411
9216 9412 9213
9409 9413 9410
9414 9410 9413
9415 9413 9409
9414 9413 9416
9415 9416 9413
9412 9417 9409
9415 9409 9417
9418 9417 9412
9418 9415 9417
9419 9412 9216
9418 9412 9419
9420 9414 9416
9420 9421 9414
9216 9422 9419
9219 9422 9216
9279 9422 9219
9423 9422 9279
9424 9421 9420
9424 9425 9421
9419 9422 9426
9423 9426 9422
9425 9424 9427
9424 9428 9427
9425 9427 9429
9420 9430 9424
9424 9430 9428
9429 9427 9431
9429 9431 9432
9432 9431 9433
9432 9433 9434
9435 9434 9433
9420 9436 9430
9416 9436 9420
9416 9437 9436
9415 9437 9416
9430 9436 9438
9437 9438 9436
9439 9437 9415
9418 9439 9415
9435 9433 9440
9441 9435 9440
9430 9438 9442
9428 9430 9442
9437 9443 9438
9439 9443 9437
9444 9438 9443
9442 9438 9444
9444 9443 9445
9445 9443 9439
9445 9439 9446
9446 9439 9418
9442 9444 9447
9448 9446 9418
9449 9442 9447
9428 9442 9449
9449 9447 9450
9448 9418 9451
9451 9418 9419
9452 9448 9451
9452 9451 9419
9452 9453 9448
9419 9426 9452
9452 9454 9453
9455 9453 9454
9456 9452 9426
9456 9454 9452
9423 9456 9426
9450 9457 9449
9450 9458 9457
9459 9457 9458
9459 9458 9460
9459 9460 9461
9459 9461 9462
9441 9462 9461
9457 9459 9463
9462 9463 9459
9457 9463 9464
9457 9464 9465
9457 9465 9449
9465 9466 9449
9466 9428 9449
9466 9467 9428
9428 9467 9468
9428 9468 9427
9427 9468 9469
9469 9431 9427
9469 9470 9431
9433 9431 9470
9433 9470 9471
9433 9471 9472
9433 9472 9440
9472 9473 9440
9472 9474 9473
9441 9440 9473
9473 9474 9475
9441 9473 9462
9473 9475 9462
9462 9475 9463
9476 9477 9478
9479 9478 9477
9479 9480 9478
9479 9481 9480
9479 9482 9481
9479 9483 9482
9479 9484 9483
9483 9484 9485
9486 9487 9488
9489 9487 9486
9487 9489 9490
9491 9487 9490
9491 9490 9492
9491 9492 9493
9494 9491 9493
9495 9496 9497
9498 9496 9495
9498 9495 9499
9498 9499 9500
9498 9500 9501
9498 9501 9502
9498 9502 9503
9504 9503 9502
9505 9506 9507
9505 9508 9506
9509 9506 9508
9509 9508 9510
9510 9511 9509
9511 9512 9509
9511 9513 9512
9514 9512 9513
9515 9516 9517
9518 9516 9515
9518 9515 9519
9518 9519 9520
9521 9518 9520
9522 9518 9521
9522 9521 9523
9524 9522 9523
9525 9526 9527
9525 9528 9526
9528 9529 9526
9526 9529 9530
9531 9530 9529
9531 9529 9532
9533 9531 9532
9534 9528 9525
9535 9529 9528
9534 9535 9528
9525 9536 9534
9525 9537 9536
9538 9535 9534
9536 9538 9534
9536 9539 9538
9540 9538 9539
9540 9541 9538
9542 9541 9540
9542 9543 9541
9543 9544 9541
9545 9538 9541
9538 9545 9535
9544 9545 9541
9545 9546 9535
9535 9546 9529
9544 9546 9545
9529 9546 9547
9547 9546 9544
9529 9547 9548
9532 9529 9548
9549 9532 9548
9547 9549 9548
9549 9533 9532
9550 9533 9549
9551 9533 9550
9552 9551 9550
9547 9544 9553
9554 9549 9547
9554 9547 9553
9555 9550 9549
9555 9549 9554
9552 9550 9556
9556 9550 9555
9557 9553 9544
9543 9557 9544
9558 9554 9553
9557 9558 9553
9558 9559 9554
9559 9555 9554
9560 9552 9556
9560 9561 9552
9557 9562 9558
9562 9559 9558
9557 9563 9562
9557 9543 9564
9557 9564 9563
9565 9561 9560
9565 9566 9561
9559 9562 9567
9562 9563 9567
9568 9566 9565
9568 9569 9566
9570 9569 9568
9571 9570 9568
9570 9572 9569
9573 9568 9565
9571 9568 9573
9574 9565 9560
9573 9565 9574
9572 9570 9575
9576 9572 9575
9577 9576 9575
9577 9575 9578
9570 9578 9575
9577 9578 9579
9580 9578 9570
9580 9570 9571
9578 9581 9579
9581 9578 9580
9581 9582 9579
9581 9583 9582
9584 9582 9583
9585 9581 9580
9583 9581 9585
9584 9583 9586
9586 9583 9585
9585 9580 9587
9587 9580 9571
9585 9587 9588
9586 9585 9588
9588 9587 9571
9589 9584 9586
9589 9586 9588
9589 9590 9584
9591 9588 9571
9591 9589 9588
9590 9589 9592
9589 9591 9592
9590 9592 9593
9592 9594 9593
9592 9591 9594
9591 9595 9594
9596 9591 9571
9591 9596 9595
9596 9571 9573
9596 9597 9595
9598 9596 9573
9596 9598 9597
9599 9597 9598
9598 9573 9574
9599 9598 9600
9600 9598 9574
9601 9599 9600
9600 9574 9602
9574 9560 9602
9602 9560 9556
9601 9600 9603
9603 9600 9602
9602 9556 9604
9603 9602 9604
9556 9555 9604
9605 9601 9603
9605 9603 9604
9605 9604 9555
9605 9606 9601
9559 9605 9555
9605 9607 9606
9605 9559 9607
9607 9608 9606
9559 9567 9607
9609 9608 9607
9609 9607 9567
9610 9608 9609
9563 9609 9567
9563 9610 9609
9563 9611 9610
9612 9611 9563
9612 9563 9564
9612 9564 9613
9612 9613 9614
9543 9613 9564
9613 9615 9614
9613 9616 9615
9543 9616 9613
9615 9616 9617
9615 9617 9618
9618 9617 9619
9618 9619 9620
9620 9619 9621
9620 9621 9622
9623 9622 9621
9624 9619 9617
9621 9619 9624
9625 9617 9616
9624 9617 9625
9543 9626 9616
9625 9616 9626
9543 9627 9626
9542 9627 9543
9626 9628 9625
9626 9627 9628
9629 9624 9625
9625 9628 9629
9623 9621 9630
9621 9624 9631
9630 9621 9631
9629 9632 9624
9631 9624 9632
9633 9623 9630
9630 9634 9633
9633 9635 9623
9635 9633 9636
9636 9633 9634
9635 9636 9637
9637 9636 9638
9636 9634 9638
9637 9638 9639
9640 9639 9638
9640 9638 9641
9641 9638 9634
9642 9640 9641
9642 9641 9643
9641 9634 9643
9643 9644 9642
9643 9645 9644
9645 9643 9634
9645 9646 9644
9630 9647 9634
9645 9634 9647
9630 9631 9647
9648 9645 9647
9648 9647 9631
9645 9648 9646
9631 9632 9648
9632 9646 9648
9632 9649 9646
9629 9649 9632
9629 9650 9649
9629 9628 9650
9651 9650 9628
9651 9628 9652
9652 9628 9627
9653 9651 9652
9653 9652 9627
9653 9654 9651
9654 9653 9655
9654 9655 9656
9655 9657 9656
9627 9658 9653
9655 9653 9658
9627 9542 9658
9655 9659 9657
9660 9657 9659
9660 9661 9657
9655 9662 9659
9662 9660 9659
9655 9658 9663
9655 9663 9662
9661 9660 9664
9661 9664 9665
9663 9658 9666
9658 9542 9666
9667 9662 9663
9663 9666 9667
9662 9668 9660
9668 9664 9660
9665 9664 9669
9665 9669 9670
9667 9671 9662
9671 9668 9662
9668 9672 9664
9669 9664 9672
9673 9670 9669
9673 9674 9670
9675 9674 9673
9671 9676 9668
9676 9672 9668
9677 9673 9669
9669 9672 9677
9675 9673 9678
9677 9678 9673
9679 9675 9678
9679 9678 9677
9679 9680 9675
9681 9680 9679
9681 9679 9682
9679 9677 9682
9682 9683 9681
9677 9672 9684
9677 9684 9682
9682 9684 9683
9676 9684 9672
9685 9683 9684
9685 9684 9676
9686 9685 9676
9686 9676 9671
9667 9686 9671
9667 9687 9686
9688 9687 9667
9688 9667 9666
9689 9688 9666
9689 9666 9690
9690 9666 9542
9691 9689 9690
9691 9690 9542
9691 9692 9689
9542 9693 9691
9542 9540 9693
9692 9691 9694
9694 9691 9693
9692 9694 9695
9694 9696 9695
9694 9693 9697
9696 9694 9698
9698 9694 9697
9699 9696 9698
9699 9700 9696
9701 9700 9699
9693 9540 9702
9697 9693 9702
9698 9697 9703
9699 9698 9703
9697 9702 9704
9703 9697 9704
9701 9699 9705
9701 9705 9706
9701 9706 9707
9705 9699 9708
9708 9706 9705
9699 9703 9709
9709 9708 9699
9707 9706 9710
9707 9710 9711
9708 9712 9706
9710 9706 9712
9713 9711 9710
9713 9714 9711
9713 9715 9714
9713 9710 9716
9710 9712 9716
9717 9712 9708
9717 9708 9709
9709 9703 9718
9703 9704 9718
9713 9719 9715
9713 9716 9719
9716 9712 9720
9717 9720 9712
9717 9709 9721
9709 9718 9721
9722 9715 9719
9722 9723 9715
9724 9723 9722
9719 9716 9725
9722 9719 9725
9716 9720 9725
9724 9722 9726
9722 9725 9726
9720 9726 9725
9726 9727 9724
9726 9728 9727
9720 9728 9726
9729 9727 9728
9720 9717 9730
9720 9730 9728
9729 9728 9730
9717 9721 9730
9729 9730 9721
9729 9721 9731
9732 9731 9721
9732 9721 9718
9732 9718 9704
9704 9733 9732
9734 9733 9704
9734 9704 9702
9735 9734 9702
9735 9702 9736
9702 9540 9736
9737 9735 9736
9540 9737 9736
9737 9738 9735
9738 9737 9739
9738 9739 9740
9739 9741 9740
9540 9742 9737
9739 9737 9742
9540 9539 9742
9739 9743 9741
9744 9741 9743
9744 9745 9741
9746 9745 9744
9739 9747 9743
9747 9744 9743
9739 9742 9748
9739 9748 9747
9748 9742 9749
9742 9539 9749
9747 9748 9750
9748 9749 9750
9746 9744 9751
9752 9746 9751
9753 9752 9751
9752 9754 9746
9755 9754 9752
9755 9752 9753
9755 9756 9754
9751 9744 9757
9753 9751 9757
9747 9758 9744
9757 9744 9758
9759 9756 9755
9759 9760 9756
9759 9755 9761
9755 9753 9761
9762 9760 9759
9759 9761 9762
9762 9763 9760
9762 9761 9764
9764 9761 9753
9765 9763 9762
9765 9762 9764
9765 9766 9763
9767 9766 9765
9767 9765 9768
9765 9764 9768
9768 9769 9767
9764 9753 9770
9770 9768 9764
9768 9771 9769
9770 9771 9768
9772 9769 9771
9773 9770 9753
9773 9753 9757
9757 9758 9773
9770 9774 9771
9772 9771 9774
9770 9773 9774
9775 9772 9774
9773 9775 9774
9773 9758 9775
9775 9776 9772
9777 9776 9775
9758 9778 9775
9777 9775 9778
9758 9747 9778
9747 9750 9778
9777 9778 9750
9777 9750 9779
9780 9779 9750
9780 9750 9749
9781 9780 9749
9781 9749 9782
9782 9749 9539
9781 9782 9783
9783 9782 9539
9784 9781 9783
9784 9783 9785
9784 9785 9786
9786 9785 9787
9783 9539 9788
9788 9539 9536
9783 9789 9785
9783 9788 9789
9788 9536 9790
9537 9790 9536
9791 9788 9790
9791 9789 9788
9537 9792 9790
9790 9792 9791
9537 9793 9792
9792 9793 9794
9795 9789 9791
9795 9791 9792
9796 9792 9794
9795 9792 9796
9796 9794 9797
9787 9785 9798
9787 9798 9799
9798 9800 9799
9785 9789 9801
9795 9801 9789
9802 9796 9797
9802 9797 9803
9804 9802 9803
9804 9803 9805
9796 9802 9806
9804 9806 9802
9807 9795 9796
9796 9806 9807
9807 9806 9808
9795 9807 9809
9809 9801 9795
9807 9808 9809
9785 9801 9810
9798 9785 9810
9801 9809 9811
9801 9811 9810
9808 9811 9809
9812 9804 9805
9812 9805 9813
9804 9814 9806
9814 9808 9806
9812 9814 9804
9798 9810 9815
9810 9811 9815
9813 9816 9812
9813 9817 9816
9818 9816 9817
9812 9819 9814
9819 9812 9816
9818 9820 9816
9821 9820 9818
9819 9822 9814
9814 9822 9808
9819 9816 9823
9823 9816 9820
9819 9823 9822
9808 9824 9811
9815 9811 9824
9825 9822 9823
9823 9820 9825
9808 9822 9826
9825 9826 9822
9808 9826 9824
9821 9827 9820
9827 9821 9828
9829 9825 9820
9829 9826 9825
9829 9820 9827
9829 9830 9826
9830 9824 9826
9827 9830 9829
9827 9828 9831
9827 9831 9830
9800 9831 9828
9830 9832 9824
9831 9832 9830
9815 9824 9832
9800 9833 9831
9831 9833 9832
9833 9815 9832
9798 9833 9800
9833 9798 9815
9834 9835 9836
9834 9837 9835
9838 9837 9834
9838 9834 9839
9838 9839 9840
9841 9835 9837
9841 9842 9835
9841 9843 9842
9841 9844 9843
9844 9845 9843
9846 9841 9837
9838 9847 9837
9846 9837 9847
9848 9844 9841
9848 9841 9846
9849 9846 9847
9838 9849 9847
9850 9848 9846
9849 9850 9846
9851 9850 9849
9838 9852 9849
9849 9852 9851
9853 9852 9838
9851 9852 9853
9853 9838 9854
9838 9840 9854
9840 9855 9854
9853 9854 9855
9840 9856 9855
9853 9855 9857
9857 9858 9853
9851 9853 9858
9857 9859 9858
9859 9860 9858
9859 9861 9860
9862 9858 9860
9862 9851 9858
9861 9863 9860
9862 9860 9863
9861 9864 9863
9864 9865 9863
9864 9866 9865
9865 9866 9867
9865 9867 9868
9869 9868 9867
9870 9863 9865
9865 9868 9871
9865 9871 9870
9869 9872 9868
9872 9871 9868
9869 9873 9872
9869 9874 9873
9875 9873 9874
9862 9863 9876
9870 9876 9863
9872 9877 9871
9877 9872 9873
9875 9878 9873
9879 9878 9875
9880 9862 9876
9876 9870 9881
9876 9881 9880
9870 9871 9882
9870 9882 9881
9871 9877 9883
9871 9883 9882
9880 9884 9862
9884 9851 9862
9884 9885 9851
9851 9885 9850
9884 9886 9885
9886 9850 9885
9887 9884 9880
9884 9887 9886
9886 9888 9850
9850 9888 9848
9889 9880 9881
9890 9881 9882
9890 9889 9881
9891 9882 9883
9891 9890 9882
9887 9880 9892
9889 9892 9880
9893 9888 9886
9848 9888 9894
9893 9894 9888
9895 9886 9887
9895 9893 9886
9896 9887 9892
9896 9895 9887
9897 9892 9889
9897 9896 9892
9898 9889 9890
9898 9897 9889
9899 9897 9898
9900 9898 9890
9900 9899 9898
9900 9890 9891
9896 9897 9901
9899 9901 9897
9902 9894 9893
9895 9902 9893
9895 9896 9903
9896 9901 9903
9895 9903 9904
9895 9904 9902
9903 9901 9905
9905 9904 9903
9900 9891 9906
9883 9906 9891
9907 9901 9899
9905 9901 9907
9905 9908 9904
9908 9902 9904
9909 9906 9883
9877 9909 9883
9907 9899 9910
9911 9910 9899
9900 9912 9899
9911 9899 9912
9912 9900 9913
9911 9912 9913
9913 9900 9906
9914 9911 9913
9913 9906 9915
9909 9915 9906
9909 9877 9916
9877 9873 9916
9917 9916 9873
9909 9916 9917
9917 9873 9878
9914 9913 9918
9913 9915 9918
9909 9919 9915
9909 9917 9919
9919 9920 9915
9920 9919 9917
9921 9917 9878
9920 9917 9921
9915 9922 9918
9920 9922 9915
9921 9878 9923
9879 9923 9878
9924 9923 9879
9924 9921 9923
9924 9879 9925
9926 9924 9925
9926 9925 9927
9928 9926 9927
9928 9927 9929
9930 9928 9929
9930 9929 9931
9931 9932 9930
9931 9933 9932
9933 9934 9932
9933 9935 9934
9935 9936 9934
9935 9937 9936
9937 9938 9936
9937 9939 9938
9939 9940 9938
9939 9941 9940
9942 9938 9940
9943 9938 9942
9943 9936 9938
9943 9942 9944
9945 9934 9936
9943 9945 9936
9946 9932 9934
9945 9946 9934
9943 9944 9947
9944 9948 9947
9949 9947 9948
9950 9945 9943
9950 9946 9945
9950 9943 9947
9946 9951 9932
9951 9930 9932
9951 9952 9930
9952 9928 9930
9946 9953 9951
9953 9952 9951
9952 9954 9928
9954 9926 9928
9950 9955 9946
9946 9955 9953
9953 9956 9952
9956 9954 9952
9954 9957 9926
9957 9924 9926
9956 9958 9954
9958 9957 9954
9959 9956 9953
9959 9958 9956
9960 9953 9955
9959 9953 9960
9961 9955 9950
9961 9960 9955
9957 9962 9924
9924 9962 9921
9961 9950 9963
9947 9963 9950
9960 9961 9964
9963 9964 9961
9965 9962 9957
9958 9965 9957
9966 9921 9962
9965 9966 9962
9966 9920 9921
9920 9966 9967
9965 9967 9966
9920 9967 9922
9968 9965 9958
9965 9968 9967
9947 9969 9963
9970 9963 9969
9949 9969 9947
9970 9969 9949
9970 9949 9971
9970 9971 9972
9973 9968 9958
9959 9973 9958
9970 9974 9963
9963 9974 9964
9970 9975 9974
9964 9974 9975
9970 9972 9976
9970 9976 9975
9972 9977 9976
9975 9976 9977
9972 9978 9977
9977 9978 9979
9980 9968 9973
9981 9973 9959
9981 9980 9973
9980 9982 9968
9967 9968 9982
9967 9982 9983
9983 9922 9967
9984 9981 9959
9984 9959 9960
9960 9964 9984
9984 9964 9985
9964 9975 9985
9986 9981 9984
9984 9985 9986
9985 9975 9987
9975 9977 9987
9988 9982 9980
9983 9982 9988
9983 9989 9922
9989 9918 9922
9980 9981 9990
9986 9990 9981
9986 9985 9991
9985 9987 9991
9987 9977 9992
9977 9979 9992
9988 9980 9993
9980 9990 9993
9994 9990 9986
9986 9991 9994
9995 9993 9990
9994 9995 9990
9991 9996 9994
9996 9995 9994
9987 9997 9991
9991 9997 9996
9995 9998 9993
9998 9988 9993
9999 9992 9979
9999 9979 10000
9987 9992 10001
9987 10001 9997
9992 10002 10001
10001 10002 9997
9992 9999 10002
10003 9999 10000
10003 10000 10004
10003 10004 10005
10006 9999 10003
10006 10002 9999
9997 10002 10007
9997 10007 9996
10003 10005 10008
10008 10006 10003
10002 10009 10007
10002 10006 10009
10007 10010 9996
10007 10009 10010
10011 10008 10005
10011 10005 10012
10013 9996 10010
9996 10013 9995
9998 9995 10013
10014 10011 10012
10015 10011 10014
10016 10015 10014
10014 10012 10017
10018 10014 10017
10018 10016 10014
10019 10018 10017
10020 10018 10019
10021 10008 10011
10015 10021 10011
10020 10022 10018
10022 10016 10018
10021 10023 10008
10008 10023 10006
10020 10024 10022
10020 10025 10024
10025 10026 10024
10023 10021 10027
10015 10027 10021
10028 10006 10023
10023 10027 10028
10028 10009 10006
10029 10009 10028
10029 10010 10009
10030 10028 10027
10030 10029 10028
10024 10031 10022
10022 10031 10016
10026 10032 10024
10032 10026 10033
10029 10034 10010
10013 10010 10034
10035 10030 10027
10015 10035 10027
10036 10035 10015
10024 10037 10031
10032 10037 10024
10037 10032 10038
10032 10033 10039
10038 10032 10039
10039 10033 10040
10036 10015 10041
10016 10041 10015
10016 10042 10041
10036 10041 10042
10031 10043 10016
10016 10043 10042
10039 10040 10044
10038 10039 10045
10045 10039 10044
10046 10044 10040
10044 10046 10047
10046 10040 10048
10045 10044 10049
10044 10047 10049
10049 10050 10045
10038 10045 10050
10046 10048 10051
10048 10052 10051
10051 10052 10053
10054 10049 10047
10049 10054 10050
10046 10051 10055
10051 10053 10056
10055 10051 10056
10057 10056 10053
10057 10053 10058
10059 10057 10058
10047 10046 10060
10046 10055 10060
10056 10061 10055
10061 10056 10057
10060 10055 10062
10061 10062 10055
10060 10062 10063
10047 10060 10063
10061 10064 10062
10064 10063 10062
10065 10064 10061
10061 10057 10066
10065 10061 10066
10059 10067 10057
10066 10057 10067
10068 10067 10059
10068 10059 10069
10068 10069 10070
10066 10067 10071
10065 10066 10071
10068 10071 10067
10064 10072 10063
10065 10072 10064
10047 10063 10073
10072 10073 10063
10068 10070 10074
10070 10075 10074
10065 10071 10076
10068 10076 10071
10077 10065 10076
10068 10074 10078
10075 10078 10074
10068 10079 10076
10079 10077 10076
10068 10078 10079
10073 10080 10047
10054 10047 10080
10065 10081 10072
10081 10065 10077
10081 10082 10072
10082 10081 10077
10072 10083 10073
10082 10083 10072
10073 10084 10080
10083 10084 10073
10078 10085 10079
10079 10086 10077
10079 10085 10086
10085 10078 10087
10088 10085 10087
10075 10087 10078
10075 10089 10087
10089 10088 10087
10089 10075 10090
10088 10089 10090
10091 10088 10090
10085 10092 10086
10088 10092 10085
10093 10077 10086
10092 10093 10086
10094 10088 10091
10094 10091 10095
10088 10096 10092
10096 10088 10094
10093 10097 10077
10097 10082 10077
10094 10095 10098
10095 10099 10098
10100 10098 10099
10100 10099 10101
10102 10098 10100
10102 10103 10098
10094 10098 10103
10104 10103 10102
10094 10103 10105
10096 10094 10105
10104 10106 10103
10105 10103 10106
10107 10106 10104
10105 10106 10108
10096 10105 10108
10107 10109 10106
10108 10106 10109
10110 10109 10107
10110 10111 10109
10111 10110 10112
10108 10109 10113
10113 10109 10111
10096 10108 10114
10108 10113 10115
10108 10115 10114
10113 10111 10116
10115 10113 10116
10111 10112 10117
10116 10111 10117
10118 10096 10114
10118 10092 10096
10092 10118 10093
10118 10114 10119
10119 10093 10118
10114 10115 10119
10119 10120 10093
10120 10097 10093
10121 10119 10115
10120 10119 10121
10115 10116 10122
10121 10115 10122
10122 10116 10123
10116 10117 10123
10112 10124 10117
10112 10125 10124
10124 10125 10126
10117 10124 10127
10117 10127 10123
10124 10126 10128
10127 10124 10128
10128 10126 10129
10122 10123 10130
10121 10122 10130
10123 10127 10131
10123 10131 10130
10127 10128 10132
10131 10127 10132
10128 10129 10133
10128 10134 10132
10128 10133 10134
10129 10135 10133
10134 10133 10135
10129 10136 10135
10136 10137 10135
10136 10138 10137
10139 10137 10138
10131 10132 10140
10140 10132 10134
10134 10135 10141
10141 10135 10137
10140 10134 10142
10142 10134 10141
10131 10140 10143
10142 10143 10140
10131 10143 10144
10130 10131 10144
10130 10144 10145
10121 10130 10145
10143 10146 10144
10145 10144 10146
10147 10121 10145
10120 10121 10147
10145 10146 10148
10147 10145 10148
10149 10120 10147
10120 10149 10097
10149 10150 10097
10097 10150 10082
10082 10150 10083
10150 10151 10083
10083 10151 10084
10149 10152 10150
10150 10152 10151
10149 10147 10153
10152 10149 10153
10154 10147 10148
10154 10153 10147
10152 10153 10155
10151 10152 10155
10155 10153 10154
10156 10148 10146
10156 10154 10148
10084 10151 10157
10084 10157 10080
10151 10155 10158
10158 10157 10151
10155 10154 10159
10158 10155 10159
10160 10080 10157
10160 10054 10080
10154 10161 10159
10154 10156 10161
10162 10156 10146
10143 10162 10146
10163 10158 10159
10161 10163 10159
10158 10164 10157
10160 10157 10164
10158 10163 10165
10158 10165 10164
10166 10054 10160
10166 10050 10054
10167 10161 10156
10162 10167 10156
10162 10143 10168
10142 10168 10143
10169 10163 10161
10169 10165 10163
10170 10050 10166
10038 10050 10170
10171 10038 10170
10172 10167 10162
10162 10168 10172
10167 10173 10161
10173 10169 10161
10171 10174 10038
10037 10038 10174
10037 10174 10175
10171 10175 10174
10037 10175 10176
10031 10037 10176
10031 10176 10177
10031 10177 10043
10173 10167 10178
10179 10169 10173
10178 10179 10173
10172 10180 10167
10167 10180 10178
10179 10181 10169
10169 10181 10165
10182 10165 10181
10182 10164 10165
10182 10183 10164
10160 10164 10183
10184 10160 10183
10184 10166 10160
10185 10183 10182
10185 10184 10183
10182 10181 10186
10182 10186 10185
10187 10179 10178
10179 10188 10181
10187 10188 10179
10181 10188 10189
10181 10189 10186
10187 10178 10190
10180 10190 10178
10187 10191 10188
10191 10189 10188
10192 10166 10184
10193 10184 10185
10193 10192 10184
10194 10193 10185
10194 10185 10186
10192 10195 10166
10196 10195 10192
10170 10166 10195
10197 10192 10193
10197 10193 10194
10197 10196 10192
10198 10170 10195
10196 10198 10195
10198 10171 10170
10196 10199 10198
10199 10171 10198
10197 10194 10200
10201 10197 10200
10197 10201 10196
10201 10200 10202
10201 10202 10203
10204 10194 10186
10205 10194 10204
10196 10201 10206
10201 10203 10206
10203 10207 10206
10203 10208 10207
10209 10207 10208
10196 10206 10210
10207 10210 10206
10196 10210 10199
10211 10204 10186
10211 10186 10189
10205 10204 10212
10212 10213 10205
10212 10214 10213
10214 10215 10213
10216 10212 10204
10216 10204 10211
10216 10214 10212
10217 10211 10189
10191 10217 10189
10191 10218 10217
10219 10211 10217
10219 10216 10211
10218 10219 10217
10216 10220 10214
10220 10216 10219
10214 10221 10215
10215 10221 10222
10215 10222 10223
10224 10223 10222
10225 10221 10214
10225 10222 10221
10214 10220 10226
10214 10226 10225
10227 10225 10226
10228 10226 10220
10228 10227 10226
10220 10219 10229
10228 10220 10229
10218 10230 10219
10230 10229 10219
10231 10230 10218
10230 10232 10229
10231 10232 10230
10225 10233 10222
10227 10233 10225
10234 10222 10233
10227 10234 10233
10229 10235 10228
10229 10232 10235
10234 10236 10222
10234 10237 10236
10224 10222 10236
10237 10224 10236
10237 10238 10224
10227 10239 10234
10237 10234 10239
10240 10238 10237
10240 10241 10238
10241 10240 10242
10241 10242 10243
10244 10240 10237
10244 10242 10240
10237 10239 10245
10244 10237 10245
10246 10239 10227
10246 10245 10239
10246 10227 10247
10228 10247 10227
10228 10248 10247
10246 10247 10248
10228 10235 10248
10249 10248 10235
10246 10248 10250
10249 10250 10248
10246 10251 10245
10251 10246 10250
10245 10252 10244
10245 10251 10252
10244 10253 10242
10252 10253 10244
10249 10235 10254
10254 10235 10232
10253 10255 10242
10242 10255 10243
10254 10232 10256
10231 10256 10232
10257 10254 10256
10257 10256 10258
10258 10256 10231
10254 10257 10259
10254 10259 10249
10258 10231 10260
10260 10231 10261
10261 10231 10262
10262 10263 10261
10231 10218 10262
10264 10263 10262
10218 10265 10262
10262 10265 10264
10218 10266 10265
10191 10266 10218
10264 10265 10267
10266 10267 10265
10264 10267 10268
10268 10267 10269
10270 10268 10269
10271 10270 10269
10272 10266 10191
10266 10272 10267
10272 10191 10187
10273 10269 10267
10272 10273 10267
10187 10274 10272
10187 10190 10274
10275 10273 10272
10274 10275 10272
10275 10269 10273
10190 10275 10274
10275 10276 10269
10275 10277 10276
10275 10190 10277
10278 10277 10190
10180 10278 10190
10271 10269 10279
10276 10279 10269
10271 10279 10280
10280 10279 10276
10281 10271 10280
10281 10282 10271
10276 10277 10283
10277 10278 10283
10278 10180 10284
10180 10172 10284
10278 10285 10283
10278 10284 10285
10172 10286 10284
10172 10168 10286
10287 10280 10276
10287 10281 10280
10288 10281 10287
10289 10282 10281
10288 10289 10281
10290 10289 10288
10289 10291 10282
10289 10292 10291
10292 10289 10290
10292 10290 10293
10290 10294 10293
10286 10295 10284
10295 10285 10284
10290 10296 10294
10294 10296 10297
10296 10298 10297
10298 10299 10297
10300 10296 10290
10296 10300 10298
10298 10301 10299
10301 10302 10299
10300 10290 10303
10304 10300 10303
10290 10288 10303
10288 10304 10303
10298 10300 10305
10304 10305 10300
10306 10305 10304
10307 10305 10306
10298 10305 10307
10307 10301 10298
10301 10308 10302
10308 10309 10302
10307 10310 10301
10308 10301 10310
10307 10311 10310
10308 10310 10312
10311 10312 10310
10307 10306 10313
10307 10313 10311
10308 10314 10309
10314 10308 10312
10306 10315 10313
10311 10313 10315
10314 10316 10309
10309 10316 10317
10309 10317 10318
10317 10316 10319
10317 10319 10320
10314 10321 10316
10319 10316 10321
10322 10320 10319
10319 10323 10322
10322 10324 10320
10319 10321 10325
10323 10319 10325
10321 10326 10325
10327 10321 10314
10321 10327 10326
10328 10324 10322
10328 10329 10324
10330 10329 10328
10330 10331 10329
10259 10330 10328
10322 10332 10328
10259 10328 10332
10323 10325 10333
10326 10333 10325
10327 10314 10334
10314 10312 10334
10335 10334 10312
10311 10335 10312
10336 10327 10334
10335 10336 10334
10322 10337 10332
10323 10337 10322
10332 10337 10338
10337 10323 10338
10326 10327 10339
10336 10339 10327
10332 10338 10340
10340 10259 10332
10341 10259 10340
10259 10341 10249
10341 10340 10342
10342 10249 10341
10343 10340 10338
10340 10343 10342
10344 10249 10342
10249 10344 10250
10344 10342 10345
10345 10346 10344
10344 10346 10250
10345 10347 10346
10346 10348 10250
10251 10250 10348
10347 10349 10346
10346 10349 10348
10350 10348 10349
10347 10351 10349
10351 10350 10349
10351 10352 10350
10352 10353 10350
10354 10251 10348
10350 10354 10348
10350 10355 10354
10354 10252 10251
10355 10252 10354
10353 10356 10350
10350 10356 10355
10356 10353 10357
10358 10356 10357
10356 10358 10359
10355 10356 10359
10358 10360 10359
10358 10361 10360
10362 10360 10361
10363 10362 10361
10364 10362 10363
10355 10365 10252
10252 10365 10253
10355 10359 10366
10366 10359 10360
10365 10367 10253
10253 10367 10255
10368 10365 10355
10368 10355 10366
10368 10367 10365
10366 10360 10369
10369 10368 10366
10360 10362 10370
10369 10360 10370
10371 10370 10362
10371 10369 10370
10371 10362 10372
10362 10373 10372
10364 10373 10362
10374 10373 10364
10372 10373 10374
10374 10364 10375
10368 10376 10367
10369 10377 10368
10377 10376 10368
10378 10367 10376
10378 10255 10367
10369 10371 10379
10377 10369 10379
10379 10371 10380
10377 10379 10380
10377 10381 10376
10381 10378 10376
10371 10372 10382
10371 10382 10380
10377 10380 10383
10377 10383 10381
10380 10382 10384
10372 10385 10382
10385 10384 10382
10386 10383 10380
10386 10380 10384
10383 10387 10381
10381 10388 10378
10387 10388 10381
10387 10383 10389
10383 10386 10389
10387 10390 10388
10389 10390 10387
10384 10385 10391
10384 10392 10386
10384 10391 10392
10393 10385 10372
10393 10391 10385
9989 10389 10386
10392 9989 10386
9989 9983 10389
9989 10392 9918
9983 9988 10389
10389 9988 10390
9918 10392 9914
10392 10391 9914
9998 10390 9988
9914 10391 10394
10393 10394 10391
9914 10394 10395
10394 10396 10395
10390 9998 10397
10390 10397 10388
9998 10013 10397
10388 10397 10398
10013 10398 10397
10388 10398 10378
10013 10034 10398
10399 10378 10398
10399 10398 10034
10399 10255 10378
10394 10400 10396
10400 10401 10396
10399 10034 10402
10029 10402 10034
10399 10403 10255
10403 10399 10402
10243 10255 10403
10404 10402 10029
10403 10402 10404
10404 10029 10030
10243 10403 10405
10405 10403 10404
10406 10404 10030
10405 10404 10406
10407 10243 10405
10407 10405 10406
10407 10406 10408
10407 10409 10243
10406 10030 10410
10408 10406 10410
10035 10410 10030
10411 10409 10407
10407 10408 10411
10411 10412 10409
10411 10209 10412
10413 10410 10035
10408 10410 10413
10413 10035 10036
10411 10414 10209
10408 10414 10411
10209 10414 10207
10408 10413 10415
10415 10413 10036
10408 10416 10414
10207 10414 10416
10408 10415 10416
10207 10416 10417
10207 10417 10210
10416 10418 10417
10210 10417 10418
10416 10415 10418
10415 10419 10418
10210 10418 10199
10199 10418 10419
10415 10036 10420
10415 10420 10419
10036 10421 10420
10036 10042 10421
10199 10419 10422
10199 10422 10171
10171 10422 10423
10171 10423 10175
10419 10420 10424
10420 10421 10424
10421 10042 10425
10425 10042 10043
10419 10426 10422
10422 10426 10423
10423 10427 10175
10427 10176 10175
10419 10424 10428
10419 10428 10426
10429 10424 10421
10421 10425 10429
10425 10043 10430
10430 10043 10177
10431 10423 10426
10423 10431 10427
10432 10177 10176
10427 10432 10176
10429 10433 10424
10433 10428 10424
10429 10425 10434
10434 10425 10430
10429 10434 10433
10435 10426 10428
10431 10426 10435
10431 10436 10427
10436 10432 10427
10431 10435 10436
10433 10437 10428
10435 10428 10437
10433 10438 10437
10435 10437 10438
10433 10434 10438
10435 10438 10436
10434 10439 10438
10436 10438 10439
10434 10430 10440
10434 10440 10439
10430 10439 10440
10436 10441 10432
10436 10439 10441
10432 10441 10439
10430 10442 10439
10432 10439 10442
10430 10177 10442
10432 10442 10177
10443 10401 9907
9907 10401 10444
10445 9907 10444
9905 9907 10445
9908 9905 10445
9908 10445 10446
10447 10444 10401
10447 10448 10444
10400 10447 10401
10449 9908 10446
10449 10446 10450
9908 10449 9902
10449 10450 10451
10452 10448 10447
10452 10453 10448
10452 10454 10453
10447 10400 10455
10447 10455 10452
10449 10456 9902
9902 10456 9894
10449 10451 10457
10449 10457 10456
10456 10458 9894
9848 9894 10458
10458 9844 9848
10451 10459 10457
10451 10460 10459
10457 10461 10456
10457 10459 10461
10456 10461 10458
10460 10462 10459
10462 10461 10459
10460 10463 10462
10458 10464 9844
9844 10464 9845
10465 10458 10461
10465 10464 10458
10465 9845 10464
10462 10465 10461
10465 10466 9845
10466 10465 10462
10466 10462 10467
10467 10462 10463
10467 10463 10468
10469 10470 10471
10469 10472 10470
10342 10472 10469
10472 10473 10470
10342 10343 10472
10472 10474 10473
10474 10472 10343
10474 10475 10473
10474 10343 10476
10477 10474 10476
10343 10338 10476
10476 10338 10477
10474 10478 10475
10478 10474 10477
10479 10475 10478
10338 10480 10477
10338 10323 10480
10323 10481 10480
10477 10480 10481
10323 10333 10481
10482 10481 10333
10326 10482 10333
10477 10481 10483
10482 10483 10481
10484 10483 10482
10477 10483 10485
10477 10485 10478
10484 10485 10483
10326 10486 10482
10484 10482 10486
10478 10485 10487
10487 10485 10484
10479 10478 10488
10478 10487 10488
10489 10479 10488
10489 10490 10479
10491 10488 10487
10491 10489 10488
10326 10492 10486
10493 10486 10492
10326 10339 10492
10494 10492 10339
10493 10492 10494
10487 10484 10495
10495 10491 10487
10484 10486 10496
10493 10496 10486
10484 10496 10497
10484 10497 10495
10498 10489 10491
10498 10499 10489
10494 10339 10500
10336 10500 10339
10493 10501 10496
10501 10497 10496
10502 10499 10498
10502 10503 10499
10336 10504 10500
10335 10504 10336
10505 10503 10502
10505 10506 10503
10335 10507 10504
10311 10507 10335
10506 10505 10508
10509 10506 10508
10510 10509 10508
10510 10508 10511
10512 10510 10511
10311 10513 10507
10311 10315 10513
10505 10514 10508
10514 10511 10508
10512 10511 10515
10515 10516 10512
10515 10375 10516
10514 10517 10511
10517 10515 10511
10518 10517 10514
10505 10519 10514
10518 10514 10519
10520 10518 10519
10521 10520 10519
10505 10521 10519
10521 10505 10502
10522 10375 10515
10374 10375 10522
10517 10523 10515
10523 10522 10515
10523 10517 10518
10524 10374 10522
10523 10524 10522
10524 10372 10374
10524 10525 10372
10393 10372 10525
10526 10524 10523
10526 10525 10524
10525 10527 10393
10527 10394 10393
10527 10400 10394
10400 10527 10455
10525 10528 10527
10525 10526 10528
10528 10455 10527
10528 10526 10529
10526 10523 10530
10523 10518 10530
10526 10530 10529
10518 10529 10530
10528 10531 10455
10531 10528 10529
10455 10531 10532
10532 10531 10529
10452 10455 10532
10518 10533 10529
10520 10533 10518
10529 10533 10534
10529 10534 10532
10452 10532 10535
10452 10535 10454
10532 10536 10535
10536 10454 10535
10532 10534 10536
10536 10537 10454
10538 10537 10536
10538 10536 10539
10534 10539 10536
10540 10538 10539
10533 10541 10534
10534 10541 10539
10533 10520 10541
10540 10539 10542
10542 10539 10541
10542 10543 10540
10542 10541 10544
10520 10544 10541
10542 10545 10543
10545 10542 10544
10546 10543 10545
10545 10544 10547
10546 10545 10548
10547 10548 10545
10549 10546 10548
10549 10550 10546
10551 10550 10549
10520 10552 10544
10547 10544 10552
10549 10548 10553
10547 10553 10548
10551 10549 10554
10554 10555 10551
10554 10556 10555
10557 10554 10549
10549 10553 10557
10556 10554 10558
10557 10558 10554
10556 10558 10559
10559 10558 10560
10559 10560 10561
10562 10558 10557
10560 10558 10562
10553 10563 10557
10562 10557 10563
10564 10553 10547
10553 10564 10563
10565 10562 10563
10565 10563 10564
10560 10566 10561
10566 10567 10561
10560 10562 10568
10565 10568 10562
10564 10547 10569
10547 10552 10569
10569 10552 10570
10520 10570 10552
10564 10569 10571
10569 10570 10571
10565 10564 10572
10564 10571 10572
10573 10567 10566
10574 10573 10566
10573 10575 10567
10573 10576 10575
10520 10577 10570
10578 10570 10577
10521 10577 10520
10521 10578 10577
10571 10570 10579
10578 10579 10570
10571 10579 10580
10572 10571 10580
10574 10566 10581
10581 10566 10560
10560 10568 10581
10568 10582 10581
10574 10581 10582
10521 10583 10578
10521 10502 10583
10498 10583 10502
10498 10584 10583
10578 10583 10584
10491 10584 10498
10491 10585 10584
10495 10585 10491
10578 10584 10586
10586 10584 10585
10587 10585 10495
10586 10585 10587
10587 10495 10497
10578 10586 10588
10578 10588 10579
10580 10579 10588
10587 10497 10589
10501 10589 10497
10586 10587 10590
10586 10590 10588
10587 10589 10590
10580 10588 10591
10591 10588 10590
10592 10590 10589
10591 10590 10592
10501 10593 10589
10592 10589 10593
10594 10580 10591
10572 10580 10594
10501 10595 10593
10596 10593 10595
10493 10595 10501
10493 10597 10595
10597 10596 10595
10598 10591 10592
10594 10591 10598
10599 10572 10594
10599 10565 10572
10565 10599 10568
10568 10599 10582
10594 10600 10599
10582 10599 10600
10594 10598 10600
10601 10592 10593
10596 10601 10593
10582 10600 10602
10574 10582 10602
10598 10592 10603
10601 10603 10592
10598 10604 10600
10598 10603 10604
10604 10602 10600
10605 10603 10601
10605 10604 10603
10596 10605 10601
10604 10606 10602
10606 10604 10605
10574 10602 10607
10606 10607 10602
10596 10608 10605
10606 10605 10609
10608 10609 10605
10596 10610 10608
10608 10611 10609
10608 10610 10611
10611 10612 10609
10610 10612 10611
10613 10606 10609
10613 10609 10612
10606 10614 10607
10613 10614 10606
10615 10607 10614
10613 10615 10614
10574 10607 10616
10615 10616 10607
10574 10616 10617
10617 10573 10574
10617 10616 10618
10618 10616 10615
10619 10573 10617
10617 10618 10619
10573 10619 10576
10620 10576 10619
10618 10620 10619
10620 10621 10576
10622 10620 10618
10618 10615 10622
10622 10623 10620
10613 10624 10615
10622 10615 10624
10625 10623 10622
10622 10624 10625
10625 10626 10623
10627 10624 10613
10613 10612 10627
10625 10624 10628
10627 10628 10624
10629 10626 10625
10625 10628 10629
10629 10630 10626
10627 10631 10628
10629 10628 10631
10627 10632 10631
10612 10632 10627
10610 10632 10612
10630 10629 10633
10629 10631 10633
10630 10633 10634
10635 10634 10633
10635 10633 10636
10636 10633 10631
10636 10637 10635
10636 10638 10637
10638 10639 10637
10636 10631 10640
10638 10636 10640
10638 10641 10639
10641 10642 10639
10638 10640 10643
10641 10638 10643
10644 10640 10631
10644 10643 10640
10641 10643 10645
10641 10646 10642
10646 10641 10645
10644 10647 10643
10647 10645 10643
10644 10631 10648
10647 10644 10649
10649 10644 10648
10631 10650 10648
10631 10632 10650
10651 10650 10632
10651 10648 10650
10651 10632 10610
10651 10652 10648
10652 10649 10648
10610 10653 10651
10652 10651 10653
10653 10654 10652
10653 10610 10596
10597 10653 10596
10597 10654 10653
10597 10655 10654
10493 10655 10597
10493 10494 10655
10494 10656 10655
10654 10655 10656
10494 10500 10656
10657 10656 10500
10657 10500 10504
10654 10656 10658
10658 10656 10657
10659 10657 10504
10659 10504 10507
10660 10659 10507
10660 10507 10513
10661 10660 10513
10661 10513 10315
10654 10658 10662
10658 10657 10663
10662 10658 10663
10664 10657 10659
10664 10663 10657
10665 10659 10660
10665 10664 10659
10664 10666 10663
10662 10663 10666
10667 10660 10661
10667 10665 10660
10665 10668 10664
10664 10668 10666
10654 10662 10669
10654 10669 10652
10669 10670 10652
10670 10649 10652
10669 10671 10670
10671 10649 10670
10669 10662 10671
10647 10649 10671
10672 10671 10662
10672 10662 10666
10647 10671 10672
10673 10665 10667
10665 10673 10668
10666 10668 10674
10666 10674 10672
10647 10672 10675
10647 10675 10645
10672 10676 10675
10645 10675 10676
10672 10674 10676
10677 10676 10674
10678 10674 10668
10678 10668 10673
10677 10674 10678
10645 10676 10679
10677 10679 10676
10646 10645 10679
10680 10646 10679
10677 10680 10679
10680 10681 10646
10646 10681 10642
10681 10680 10682
10680 10677 10682
10642 10681 10683
10682 10683 10681
10642 10683 10684
10682 10685 10683
10682 10686 10685
10682 10687 10686
10677 10687 10682
10687 10688 10686
10677 10678 10689
10677 10689 10687
10690 10688 10687
10689 10690 10687
10691 10688 10690
10692 10689 10678
10690 10689 10692
10692 10678 10673
10691 10690 10693
10694 10691 10693
10695 10692 10673
10673 10667 10695
10690 10692 10696
10690 10696 10693
10695 10696 10692
10694 10693 10697
10697 10698 10694
10697 10699 10698
10695 10667 10700
10700 10667 10661
10695 10701 10696
10695 10700 10701
10696 10702 10693
10702 10697 10693
10696 10701 10702
10699 10697 10703
10702 10703 10697
10699 10703 10704
10703 10705 10704
10706 10702 10701
10703 10702 10706
10706 10701 10700
10700 10661 10707
10707 10661 10315
10703 10708 10705
10703 10706 10708
10700 10709 10706
10700 10707 10709
10709 10708 10706
10707 10315 10710
10709 10707 10710
10306 10710 10315
10705 10708 10711
10709 10711 10708
10705 10711 10712
10709 10710 10713
10711 10709 10713
10306 10713 10710
10714 10712 10711
10711 10713 10714
10714 10715 10712
10306 10716 10713
10714 10713 10716
10715 10714 10717
10714 10716 10717
10715 10717 10718
10719 10716 10306
10306 10304 10719
10304 10720 10719
10719 10721 10716
10721 10717 10716
10720 10721 10719
10718 10717 10722
10721 10722 10717
10718 10722 10723
10722 10724 10723
10725 10722 10721
10720 10725 10721
10722 10726 10724
10725 10726 10722
10727 10724 10726
10727 10726 10725
10727 10728 10724
10727 10729 10728
10727 10730 10729
10730 10731 10729
10727 10725 10732
10730 10727 10732
10725 10720 10733
10725 10733 10732
10733 10720 10734
10734 10732 10733
10730 10735 10731
10730 10732 10736
10736 10735 10730
10737 10731 10735
10738 10737 10735
10736 10739 10735
10737 10740 10731
10734 10741 10732
10732 10741 10736
10742 10739 10736
10742 10743 10739
10736 10741 10744
10736 10744 10742
10743 10742 10285
10744 10285 10742
10295 10743 10285
10744 10283 10285
10744 10276 10283
10745 10744 10741
10744 10745 10276
10745 10741 10734
10287 10276 10745
10745 10734 10746
10746 10287 10745
10720 10746 10734
10746 10288 10287
10746 10720 10747
10746 10747 10288
10304 10747 10720
10288 10747 10304
10295 10286 10748
10295 10748 10749
10748 10286 10750
10750 10286 10168
10142 10750 10168
10751 10750 10142
10142 10141 10751
10752 10750 10751
10752 10751 10141
10748 10750 10753
10752 10753 10750
10752 10141 10754
10141 10137 10754
10752 10754 10755
10755 10754 10137
10752 10756 10753
10755 10756 10752
10755 10137 10757
10139 10757 10137
10757 10758 10755
10758 10756 10755
10139 10759 10757
10757 10759 10758
10139 10760 10759
10761 10759 10760
10761 10758 10759
10761 10760 10762
10763 10761 10762
10763 10764 10761
10765 10764 10763
10761 10766 10758
10766 10761 10764
10758 10767 10756
10766 10767 10758
10765 10768 10764
10769 10768 10765
10769 10770 10768
10771 10770 10769
10772 10764 10768
10772 10768 10770
10772 10770 10773
10771 10774 10770
10773 10770 10774
10774 10771 10775
10766 10764 10776
10772 10776 10764
10776 10777 10766
10766 10777 10767
10778 10756 10767
10756 10778 10753
10779 10776 10772
10776 10779 10777
10780 10767 10777
10778 10767 10780
10781 10753 10778
10781 10778 10780
10748 10753 10781
10780 10777 10782
10782 10777 10779
10779 10772 10783
10783 10772 10773
10784 10748 10781
10781 10785 10784
10749 10748 10784
10749 10784 10785
10749 10785 10786
10737 10786 10785
10781 10780 10787
10787 10780 10782
10781 10787 10785
10787 10782 10788
10785 10787 10788
10782 10779 10789
10788 10782 10789
10737 10785 10790
10785 10788 10790
10791 10789 10779
10791 10779 10783
10788 10789 10792
10792 10790 10788
10792 10789 10791
10790 10793 10737
10737 10793 10740
10792 10794 10790
10794 10793 10790
10792 10791 10795
10795 10794 10792
10783 10796 10791
10795 10791 10796
10797 10740 10793
10797 10798 10740
10793 10794 10799
10795 10799 10794
10793 10799 10797
10800 10798 10797
10800 10801 10798
10800 10802 10801
10797 10799 10803
10795 10803 10799
10797 10803 10800
10783 10804 10796
10783 10773 10804
10795 10796 10805
10795 10805 10803
10796 10804 10806
10773 10806 10804
10805 10796 10807
10796 10806 10807
10803 10805 10808
10805 10807 10808
10800 10803 10809
10803 10808 10809
10800 10810 10802
10800 10809 10810
10811 10808 10807
10806 10811 10807
10802 10810 10812
10802 10812 10813
10810 10809 10814
10810 10814 10812
10809 10808 10815
10811 10815 10808
10809 10815 10814
10813 10812 10816
10816 10812 10814
10813 10816 10817
10818 10817 10816
10818 10819 10817
10820 10818 10816
10816 10814 10821
10820 10816 10821
10821 10814 10815
10821 10822 10820
10821 10815 10823
10821 10823 10822
10815 10824 10823
10824 10822 10823
10815 10811 10824
10824 10825 10822
10826 10825 10824
10811 10826 10824
10826 10827 10825
10826 10828 10827
10811 10829 10826
10806 10829 10811
10826 10830 10828
10829 10830 10826
10831 10829 10806
10773 10831 10806
10832 10828 10830
10832 10833 10828
10834 10832 10830
10834 10835 10832
10834 10836 10835
10829 10837 10830
10831 10837 10829
10834 10830 10837
10834 10837 10831
10831 10773 10838
10834 10831 10838
10773 10774 10838
10774 10834 10838
10774 10839 10834
10834 10839 10836
10774 10775 10839
10836 10839 10775
10836 10775 10840
10841 10842 10843
10841 10844 10842
10845 10844 10841
10845 10841 10846
10845 10846 10847
10848 10842 10844
10842 10848 10849
10848 10850 10849
10848 10844 10851
10845 10851 10844
10845 10847 10852
10852 10847 10853
10848 10854 10850
10854 10848 10851
10845 10855 10851
10855 10845 10852
10854 10851 10856
10856 10850 10854
10855 10856 10851
10856 10857 10850
10850 10857 10858
10855 10859 10856
10857 10856 10859
10855 10852 10860
10860 10859 10855
10852 10853 10861
10860 10852 10861
10862 10861 10853
10862 10853 10863
10864 10862 10863
10864 10865 10862
10866 10865 10864
10861 10862 10867
10867 10862 10865
10860 10861 10868
10861 10867 10868
10868 10869 10860
10860 10869 10859
10868 10870 10869
10870 10868 10867
10871 10859 10869
10870 10871 10869
10871 10872 10859
10857 10859 10872
10873 10857 10872
10873 10872 10871
10873 10858 10857
10874 10858 10873
10874 10873 10875
10876 10858 10874
10876 10874 10875
10873 10871 10877
10877 10875 10873
10870 10878 10871
10878 10877 10871
10870 10867 10879
10878 10870 10879
10880 10876 10875
10880 10881 10876
10880 10882 10881
10882 10880 10883
10882 10883 10884
10885 10884 10883
10879 10867 10886
10867 10865 10886
10887 10886 10865
10879 10886 10888
10887 10888 10886
10878 10879 10889
10889 10879 10888
10880 10875 10890
10883 10880 10890
10885 10883 10891
10892 10885 10891
10883 10890 10893
10891 10883 10893
10875 10894 10890
10893 10890 10894
10892 10891 10895
10896 10892 10895
10896 10895 10897
10891 10893 10898
10898 10895 10891
10875 10899 10894
10877 10899 10875
10900 10899 10877
10878 10900 10877
10889 10900 10878
10900 10901 10899
10901 10894 10899
10893 10894 10902
10902 10898 10893
10889 10903 10900
10901 10900 10903
10901 10904 10894
10902 10894 10904
10901 10903 10905
10905 10904 10901
10889 10906 10903
10903 10907 10905
10903 10906 10907
10889 10908 10906
10889 10888 10908
10909 10908 10888
10887 10909 10888
10887 10910 10909
10909 10911 10908
10911 10906 10908
10911 10909 10910
10911 10912 10906
10907 10906 10912
10911 10910 10913
10912 10911 10913
10912 10913 10914
10907 10912 10915
10915 10912 10914
10910 10916 10913
10916 10914 10913
10905 10907 10917
10918 10907 10915
10918 10917 10907
10915 10914 10919
10919 10918 10915
10916 10920 10914
10919 10914 10920
10905 10917 10921
10905 10921 10904
10922 10917 10918
10919 10923 10918
10922 10918 10923
10921 10917 10924
10922 10924 10917
10925 10904 10921
10921 10924 10925
10919 10920 10926
10926 10923 10919
10922 10927 10924
10927 10925 10924
10925 10928 10904
10902 10904 10928
10928 10929 10902
10902 10929 10898
10925 10930 10928
10928 10930 10929
10927 10931 10925
10925 10931 10930
10922 10923 10932
10922 10933 10927
10932 10933 10922
10932 10934 10933
10932 10935 10934
10932 10923 10935
10926 10935 10923
10926 10936 10935
10937 10936 10926
10937 10926 10920
10938 10927 10933
10931 10927 10938
10938 10933 10939
10938 10939 10940
10941 10937 10920
10941 10942 10937
10920 10916 10941
10931 10938 10943
10943 10930 10931
10938 10940 10944
10938 10944 10943
10943 10945 10930
10929 10930 10945
10946 10944 10940
10946 10940 10947
10948 10946 10947
10949 10943 10944
10949 10945 10943
10946 10949 10944
10929 10945 10950
10950 10898 10929
10948 10951 10946
10952 10951 10948
10946 10953 10949
10951 10953 10946
10954 10945 10949
10954 10950 10945
10954 10949 10953
10950 10955 10898
10954 10955 10950
10898 10955 10895
10956 10895 10955
10954 10956 10955
10956 10897 10895
10952 10957 10951
10957 10952 10958
10954 10953 10959
10956 10954 10959
10951 10960 10953
10957 10960 10951
10960 10959 10953
10897 10956 10961
10956 10959 10961
10957 10958 10962
10958 10963 10962
10960 10964 10959
10964 10961 10959
10957 10965 10960
10965 10957 10962
10964 10960 10965
10897 10961 10966
10897 10966 10967
10967 10966 10968
10967 10968 10969
10968 10970 10969
10968 10971 10970
10972 10966 10961
10964 10972 10961
10972 10968 10966
10964 10965 10973
10972 10964 10973
10973 10965 10974
10965 10962 10974
10972 10973 10975
10975 10968 10972
10975 10973 10974
10968 10976 10971
10975 10977 10968
10968 10977 10976
10978 10971 10976
10978 10976 10977
10978 10979 10971
10980 10979 10978
10975 10974 10981
10981 10977 10975
10978 10977 10982
10980 10978 10982
10981 10983 10977
10982 10977 10983
10974 10962 10984
10974 10985 10981
10974 10984 10985
10962 10986 10984
10985 10984 10986
10963 10986 10962
10987 10983 10981
10987 10981 10985
10982 10983 10988
10988 10983 10987
10980 10982 10989
10989 10982 10988
10990 10986 10963
10991 10990 10963
10991 10992 10990
10993 10990 10992
10985 10986 10994
10990 10994 10986
10987 10985 10994
10993 10995 10990
10990 10995 10994
10995 10993 10996
10995 10996 10997
10994 10995 10997
10998 10997 10996
10987 10994 10999
10994 10997 10999
10998 11000 10997
11000 10999 10997
11000 10998 11001
11000 11001 11002
11003 11000 11002
11003 11004 11000
11000 11004 10999
11005 11004 11003
11005 11006 11004
11006 10999 11004
11007 11006 11005
11008 10987 10999
11006 11008 10999
10988 10987 11008
11006 10988 11008
11007 11009 11006
11006 11009 10988
11010 11009 11007
11009 10989 10988
11010 11011 11009
11009 11011 10989
11012 11011 11010
11011 10980 10989
11012 11013 11011
11011 11013 10980
11014 11015 11016
11014 11017 11015
11018 11017 11014
11018 11019 11017
11017 11020 11015
11017 11019 11021
11017 11021 11020
11019 11022 11021
11023 11020 11021
11022 11023 11021
11024 11020 11023
11025 11023 11022
11024 11023 11025
11024 11025 11026
11026 11027 11024
11026 11025 11028
11029 11027 11026
11029 11026 11028
11030 11031 11032
11030 11032 11033
11032 11034 11033
11030 11033 11035
11036 11033 11034
11033 11037 11035
11038 11033 11036
11038 11037 11033
11039 11038 11036
11039 11036 11040
11039 11040 11041
11039 11041 11042
11043 11039 11042
11044 11035 11037
11044 11045 11035
11038 11046 11037
11044 11037 11046
11043 11047 11039
11047 11043 10942
11047 10942 10941
11048 11038 11039
11047 11048 11039
11048 11047 10941
11046 11038 11048
10941 11049 11048
11049 11046 11048
11049 10941 10916
11045 11044 11050
11051 11050 11044
11045 11050 11052
11050 11053 11052
11044 11046 11054
11049 11054 11046
11051 11044 11054
11051 11054 11049
11055 11049 10916
11051 11049 11055
10910 11055 10916
10910 11051 11055
11050 11056 11053
11051 11056 11050
11056 10866 11053
10910 11057 11051
11051 11057 11056
10887 11057 10910
10887 11056 11057
11056 11058 10866
10887 11058 11056
10866 11058 10865
10887 10865 11058
11059 11060 11061
11059 11061 11062
11063 11059 11062
11061 11064 11062
11061 11065 11064
11063 11062 11066
11066 11062 11064
11067 11063 11066
11067 11066 11068
11068 11069 11067
11065 11070 11064
11071 11070 11065
11066 11064 11072
11068 11066 11072
11068 11073 11069
11074 11069 11073
11064 11070 11075
11064 11075 11072
11071 11076 11070
11076 11075 11070
11068 11072 11077
11077 11073 11068
11071 11078 11076
11071 11079 11078
11078 11079 11080
11072 11075 11081
11072 11081 11077
11076 11082 11075
11082 11076 11078
11082 11081 11075
11077 11083 11073
11081 11083 11077
11073 11083 11084
11081 11085 11083
11084 11083 11085
11082 11086 11081
11086 11085 11081
11082 11078 11087
11087 11086 11082
11078 11080 11088
11087 11078 11088
11089 11088 11080
11089 11080 11090
11089 11090 11091
11073 11084 11092
11074 11073 11092
11093 11074 11092
11084 11093 11092
11093 11094 11074
11095 11094 11093
11087 11088 11096
11096 11088 11089
11089 11091 11097
11097 11091 11098
11096 11089 11099
11099 11089 11097
11087 11096 11100
11099 11100 11096
11097 11098 11101
11101 11098 11102
11101 11102 11103
11104 11097 11101
11099 11097 11104
11105 11101 11103
11104 11101 11105
11105 11103 11106
11107 11105 11106
11104 11105 11107
11107 11106 11108
11099 11104 11109
11104 11107 11109
11108 11110 11107
11108 11111 11110
11110 11111 11112
11099 11109 11113
11109 11114 11113
11099 11113 11100
11114 11100 11113
11115 11109 11107
11107 11110 11115
11109 11116 11114
11115 11116 11109
11115 11117 11116
11114 11116 11117
11110 11118 11115
11115 11118 11117
11110 11112 11119
11110 11119 11118
11112 11120 11119
11112 11121 11120
11119 11122 11118
11119 11120 11122
11123 11120 11121
11123 11122 11120
11123 11121 11124
11118 11122 11125
11118 11125 11117
11123 11126 11122
11126 11125 11122
11127 11123 11124
11127 11126 11123
11127 11124 11128
11128 11129 11127
11128 11130 11129
11131 11129 11130
11131 11130 11132
11131 11132 11133
11127 11134 11126
11134 11127 11129
11126 11135 11125
11134 11135 11126
11136 11129 11131
11134 11129 11136
11134 11136 11137
11134 11138 11135
11134 11137 11138
11135 11138 11139
11137 11139 11138
11140 11125 11135
11135 11139 11140
11136 11131 11141
11137 11136 11141
11140 11142 11125
11117 11125 11142
11117 11142 11143
11142 11144 11143
11114 11117 11143
11144 11114 11143
11140 11145 11142
11142 11145 11144
11144 11146 11114
11114 11146 11100
11147 11100 11146
11087 11100 11147
11087 11147 11086
11147 11146 11148
11086 11147 11148
11148 11146 11144
11086 11148 11149
11086 11149 11085
11149 11150 11085
11084 11085 11150
11151 11084 11150
11149 11152 11150
11148 11152 11149
11152 11151 11150
11148 11144 11153
11148 11153 11152
11144 11145 11154
11144 11154 11153
11153 11155 11152
11152 11155 11151
11153 11154 11155
11156 11151 11155
11154 11156 11155
11154 11157 11156
11158 11154 11145
11158 11157 11154
11140 11158 11145
11159 11158 11140
11159 11157 11158
11159 11140 11139
11159 11160 11157
11160 11156 11157
11139 11161 11159
11160 11159 11161
11139 11162 11161
11137 11162 11139
11162 11163 11161
11137 11164 11162
11162 11164 11163
11160 11161 11165
11165 11161 11163
11137 11166 11164
11137 11141 11166
11167 11164 11166
11141 11167 11166
11168 11163 11164
11167 11168 11164
11141 11169 11167
11131 11169 11141
11131 11170 11169
11131 11133 11170
11171 11170 11133
11171 11169 11170
11171 11133 11172
11173 11171 11172
11171 11173 11174
11173 11172 11175
11176 11173 11175
11176 11174 11173
11176 11175 11177
11171 11178 11169
11171 11174 11178
11169 11178 11179
11169 11179 11167
11179 11178 11174
11177 11180 11176
11177 11181 11180
11167 11179 11182
11179 11183 11182
11167 11182 11168
11184 11168 11182
11168 11184 11163
11176 11185 11174
11180 11185 11176
11174 11185 11186
11179 11174 11187
11179 11187 11183
11174 11186 11187
11186 11183 11187
11188 11180 11181
11188 11181 11189
11180 11190 11185
11190 11186 11185
11180 11188 11191
11180 11191 11190
11192 11188 11189
11191 11188 11192
11192 11189 11193
11190 11194 11186
11194 11190 11191
11186 11195 11183
11186 11194 11196
11186 11196 11195
11195 11196 11197
11183 11195 11198
11195 11197 11198
11194 11191 11199
11191 11192 11200
11199 11191 11200
11194 11199 11201
11194 11201 11196
11199 11200 11202
11202 11201 11199
11203 11202 11200
11202 11204 11201
11204 11202 11203
11192 11205 11200
11203 11200 11205
11196 11201 11206
11204 11206 11201
11207 11196 11206
11207 11197 11196
11192 11208 11205
11193 11208 11192
11209 11208 11193
11209 11205 11208
11209 11193 11210
11209 11211 11205
11211 11203 11205
11211 11212 11203
11213 11203 11212
11213 11214 11203
11204 11203 11214
11213 11215 11214
11204 11214 11215
11213 11216 11215
11216 11217 11215
11216 11218 11217
11218 11219 11217
11217 11219 11220
11204 11215 11221
11221 11215 11217
11217 11220 11222
11222 11220 11223
11204 11221 11224
11204 11224 11206
11224 11207 11206
11221 11225 11224
11224 11225 11207
11217 11226 11221
11221 11226 11225
11227 11225 11226
11217 11228 11226
11228 11217 11222
11227 11226 11228
11222 11223 11229
11228 11222 11229
11225 11230 11207
11207 11230 11197
11227 11231 11225
11225 11231 11230
11230 11231 11232
11232 11231 11227
11223 11233 11229
11223 11234 11233
11235 11233 11234
11235 11234 11236
11235 11236 11237
11235 11237 11238
11237 11239 11238
11238 11239 11240
11229 11233 11241
11241 11233 11235
11230 11232 11242
11242 11197 11230
11229 11241 11243
11228 11229 11243
11227 11228 11243
11241 11227 11243
11241 11244 11227
11235 11244 11241
11232 11227 11244
11235 11245 11244
11232 11244 11245
11235 11238 11245
11232 11245 11246
11242 11232 11246
11238 11246 11245
11238 11240 11247
11238 11248 11246
11238 11247 11248
11242 11246 11249
11248 11249 11246
11250 11247 11240
11250 11240 11251
11250 11251 11252
11250 11252 11253
11253 11252 11254
11247 11250 11255
11250 11253 11255
11249 11256 11242
11242 11256 11197
11257 11197 11256
11257 11198 11197
11249 11258 11256
11257 11256 11258
11253 11254 11259
11259 11254 11260
11259 11260 11261
11262 11259 11261
11253 11259 11262
11262 11261 11263
11257 11264 11198
11183 11198 11264
11183 11264 11265
11183 11265 11182
11184 11182 11265
11257 11266 11264
11266 11265 11264
11257 11258 11267
11266 11257 11267
11268 11262 11263
11268 11263 11269
11269 11270 11268
11269 11271 11270
11262 11268 11272
11272 11268 11270
11271 11273 11270
11271 11274 11273
11274 11275 11273
11273 11276 11270
11272 11270 11276
11262 11272 11277
11253 11262 11277
11278 11253 11277
11272 11278 11277
11278 11255 11253
11279 11273 11275
11273 11279 11276
11276 11280 11272
11272 11280 11278
11276 11281 11280
11281 11276 11279
11282 11278 11280
11281 11282 11280
11283 11255 11278
11282 11283 11278
11283 11284 11255
11247 11255 11284
11247 11284 11248
11248 11284 11283
11248 11283 11285
11248 11285 11249
11249 11285 11258
11258 11285 11283
11258 11283 11282
11267 11258 11282
11281 11286 11282
11267 11282 11286
11281 11279 11287
11286 11281 11287
11267 11286 11288
11286 11287 11288
11287 11279 11289
11279 11275 11289
11267 11288 11290
11288 11291 11290
11266 11267 11290
11291 11266 11290
11287 11292 11288
11288 11292 11291
11293 11289 11275
11289 11293 11294
11293 11275 11295
11296 11293 11295
11287 11289 11297
11287 11297 11292
11289 11294 11297
11292 11297 11294
11296 11298 11293
11294 11293 11298
11291 11299 11266
11266 11299 11265
11299 11184 11265
11299 11300 11184
11291 11300 11299
11291 11292 11301
11292 11294 11301
11296 11302 11298
11296 11303 11302
11303 11304 11302
11303 11305 11304
11095 11304 11305
11306 11184 11300
11306 11163 11184
11165 11163 11306
11291 11307 11300
11291 11301 11307
11308 11300 11307
11308 11307 11301
11308 11306 11300
11165 11306 11309
11160 11165 11309
11310 11309 11306
11310 11306 11308
11160 11309 11311
11311 11309 11310
11160 11311 11156
11308 11301 11312
11294 11312 11301
11313 11310 11308
11313 11308 11312
11314 11313 11312
11311 11310 11315
11313 11315 11310
11315 11156 11311
11294 11316 11312
11314 11312 11316
11294 11298 11316
11314 11316 11298
11313 11317 11315
11317 11313 11314
11315 11317 11318
11315 11319 11156
11315 11318 11319
11156 11319 11318
11314 11298 11320
11302 11320 11298
11320 11302 11304
11317 11314 11321
11321 11318 11317
11322 11314 11320
11320 11304 11322
11322 11321 11314
11321 11322 11323
11322 11304 11324
11322 11324 11323
11095 11324 11304
11095 11093 11324
11324 11093 11325
11324 11325 11323
11084 11325 11093
11151 11325 11084
11323 11325 11151
11321 11326 11318
11321 11323 11326
11318 11326 11323
11323 11151 11327
11318 11323 11327
11156 11327 11151
11156 11318 11327
11328 11329 11330
11331 11330 11332
11333 11331 11332
11333 11334 11331
11335 11329 11336
11335 11336 11337
11338 11335 11337
11337 11339 11338
11338 11339 11340
11338 11340 11341
11342 11341 11340
11337 11336 11343
11337 11344 11339
11337 11343 11344
11345 11339 11344
11346 11339 11345
11346 11340 11339
11347 11345 11344
11347 11344 11343
11340 11346 11348
11349 11347 11343
11340 11348 11350
11342 11340 11350
11351 11350 11348
11352 11349 11343
11336 11352 11343
11352 11353 11349
11354 11353 11352
11342 11350 11355
11342 11355 11356
11351 11357 11350
11357 11355 11350
11336 11358 11352
11358 11336 11359
11360 11354 11352
11358 11360 11352
11361 11354 11360
11362 11360 11358
11355 11363 11356
11356 11363 11364
11363 11365 11364
11366 11357 11351
11366 11351 11367
11357 11368 11355
11368 11363 11355
11368 11357 11366
11365 11363 11369
11369 11363 11368
11365 11369 11370
11362 11371 11360
11371 11361 11360
11371 11362 11372
11361 11371 11372
11362 11373 11372
11372 11373 11370
11361 11372 11374
11372 11370 11375
11374 11372 11375
11369 11375 11370
11374 11375 11376
11375 11377 11376
11378 11375 11369
11375 11378 11377
11368 11378 11369
11379 11377 11378
11380 11378 11368
11368 11366 11380
11381 11380 11366
11379 11378 11382
11380 11382 11378
11382 11380 11381
11382 11383 11379
11382 11384 11383
11382 11381 11384
11385 11383 11384
11385 11384 11386
11381 11386 11384
11387 11385 11386
11387 11388 11385
11381 11366 11389
11381 11389 11390
11389 11366 11367
11389 11367 11391
11390 11389 11391
11390 11391 11392
11393 11390 11392
11381 11394 11386
11394 11387 11386
11381 11390 11394
11390 11395 11394
11394 11395 11387
11396 11387 11395
11397 11388 11387
11396 11397 11387
11397 11398 11388
11390 11399 11395
11393 11399 11390
11396 11395 11399
11398 11397 11400
11400 11397 11396
11398 11400 11401
11400 11402 11401
11403 11399 11393
11396 11399 11403
11403 11393 11404
11404 11405 11403
11396 11403 11405
11404 11406 11405
11407 11405 11406
11407 11406 11408
11409 11407 11408
11396 11405 11410
11400 11396 11410
11407 11410 11405
11400 11411 11402
11411 11400 11410
11411 8057 11402
11411 8047 8057
11411 11410 11412
8047 11411 11412
11407 11412 11410
8047 11412 11413
11407 11413 11412
8047 11413 8049
11407 11414 11413
11409 11414 11407
11414 8049 11413
11409 11415 11414
11414 11415 8049
11409 11416 11415
7963 8049 11415
11416 11417 11415
7963 11415 11417
7955 7963 11417
11416 11418 11417
11418 7955 11417
11418 7954 7955
7954 11418 11419
7954 11419 11420
7954 11420 11421
7959 7954 11421
11421 11420 11422
7959 11421 11422
7959 11422 11423
11423 11422 11424
11423 11425 7959
7950 7959 11425
7957 7950 11425
7969 7957 11425
11423 7969 11425
11426 7969 11423
11423 11424 11426
11426 7982 7969
11427 11426 11424
11427 7982 11426
11427 11424 11428
11429 11427 11428
11427 7977 7982
11429 11430 11427
7977 11427 11430
11430 11429 11431
7977 11430 11432
7977 11432 7975
11430 11431 11433
11432 11430 11433
7975 11432 11434
11432 11433 11434
7975 11434 7980
7990 7980 11434
11433 7990 11434
11431 11435 11433
11433 11435 7990
11431 11436 11435
11437 11435 11436
7990 11435 11438
11437 11438 11435
7990 11438 11439
7992 7990 11439
11440 11438 11437
11440 11437 11441
11440 11441 11442
11441 11443 11442
11442 11443 11444
11443 11445 11444
11444 11445 11446
11445 11447 11446
11448 11446 11447
11448 11449 11446
11449 11448 11450
11451 11444 11446
11449 11451 11446
11449 11450 11452
11450 11453 11452
11449 11454 11451
11454 11449 11452
11451 11454 11455
11453 11456 11452
7993 11456 11453
11452 11457 11454
11457 11452 11456
11458 11454 11457
11458 11459 11454
11460 11458 11457
11457 11456 11460
11456 11461 11460
7993 11462 11456
11456 11462 11461
7993 7992 11462
11461 11462 7992
11461 7992 11463
11464 11463 7992
11464 7992 11439
11464 11439 11465
11439 11466 11465
11466 11439 11438
11466 11438 11467
11467 11438 11440
11467 11440 11468
11468 11440 11442
11468 11442 11469
11469 11442 11444
11469 11444 11470
11469 11470 11471
11470 11472 11471
11444 11451 11470
11451 11472 11470
11473 11451 11474
11475 11459 11474
11476 11477 11478
11476 11479 11477
11480 11479 11476
11477 11479 11481
11477 11481 11482
11483 11482 11481
11483 11484 11482
11481 11479 11485
11485 11483 11481
11484 11483 11486
11484 11486 11487
11488 11487 11486
11485 11489 11483
11486 11483 11489
11480 11490 11479
11491 11485 11479
11491 11479 11490
11480 11492 11490
11492 11491 11490
11492 11480 11493
11492 11493 11494
11492 11494 11495
11492 11495 11496
11492 11496 11491
11496 11495 11497
11498 11485 11491
11498 11489 11485
11496 11497 11499
11499 11497 11500
11496 11501 11491
11501 11498 11491
11496 11499 11501
11489 11498 11502
11489 11502 11503
11486 11489 11503
11503 11504 11486
11488 11486 11504
11502 11505 11503
11503 11505 11504
11506 11488 11504
11506 11507 11488
11507 11506 11508
11507 11508 11509
11510 11509 11508
11504 11511 11506
11504 11505 11511
11511 11508 11506
11505 11512 11511
11505 11513 11512
11502 11513 11505
11514 11513 11502
11510 11508 11515
11508 11516 11515
11517 11510 11515
11511 11518 11508
11512 11518 11511
11508 11518 11516
11517 11515 11519
11516 11519 11515
11520 11517 11519
11520 11521 11517
11520 11522 11521
11523 11513 11514
11513 11523 11512
11512 11523 11524
11512 11525 11518
11516 11518 11525
11520 11519 11526
11516 11526 11519
11527 11526 11516
11520 11528 11522
11529 11522 11528
11520 11526 11530
11527 11530 11526
11523 11514 11531
11531 11524 11523
11516 11525 11532
11527 11516 11532
11533 11528 11520
11533 11520 11530
11529 11528 11534
11528 11533 11535
11528 11535 11534
11536 11529 11534
11535 11536 11534
11536 11537 11529
11538 11537 11536
11530 11539 11533
11535 11533 11539
11538 11536 11540
11540 11541 11538
11535 11542 11536
11542 11540 11536
11530 11543 11539
11527 11543 11530
11535 11539 11544
11542 11535 11544
11545 11539 11543
11545 11544 11539
11545 11543 11546
11527 11546 11543
11527 11547 11546
11527 11548 11547
11527 11532 11548
11532 11549 11548
11545 11550 11544
11532 11525 11549
11550 11551 11544
11542 11544 11551
11550 11552 11551
11551 11552 11553
11554 11549 11525
11554 11555 11549
11554 11525 11512
11556 11555 11554
11551 11553 11557
11542 11551 11557
11558 11557 11553
11559 11554 11512
11556 11554 11559
11560 11556 11559
11512 11524 11559
11560 11559 11561
11561 11559 11524
11562 11560 11561
11542 11557 11563
11542 11563 11540
11557 11564 11563
11564 11540 11563
11558 11565 11557
11557 11565 11564
11566 11565 11558
11566 11558 11567
11568 11566 11567
11565 11566 11569
11565 11569 11564
11564 11570 11540
11540 11570 11541
11570 11571 11541
11564 11572 11570
11570 11572 11571
11564 11569 11572
11573 11571 11572
11573 11572 11569
11573 11574 11571
11568 11575 11566
11569 11566 11575
11574 11573 11576
11574 11576 11577
11576 11578 11577
11576 11579 11578
11576 11580 11579
11573 11580 11576
11579 11580 11581
11573 11569 11582
11569 11575 11582
11573 11582 11580
11580 11582 11575
11568 11583 11575
11580 11575 11583
11583 11581 11580
11568 11584 11583
11583 11585 11581
11583 11584 11585
11586 11587 11588
11586 11589 11587
11590 11589 11586
11590 11586 11591
11590 11591 11592
11590 11592 11593
11593 11594 11590
11589 11590 11594
11593 11595 11594
11587 11589 11596
11589 11594 11596
11587 11596 11597
11596 11598 11597
11596 11599 11598
11594 11599 11596
11600 11598 11599
11601 11600 11599
11599 11602 11601
11595 11603 11594
11594 11603 11599
11599 11603 11602
11595 11604 11603
11604 11602 11603
11604 11605 11602
11606 11607 11608
11606 11609 11607
11610 11609 11606
11610 11606 11611
11612 11607 11609
11612 11613 11607
11614 11609 11610
11614 11612 11609
11615 11610 11611
11615 11614 11610
11615 11611 11616
11617 11615 11616
11617 11618 11615
11619 11615 11618
11615 11619 11614
11619 11618 11620
11619 11620 11621
11619 11621 11622
11614 11619 11622
11614 11622 11623
11612 11614 11623
11612 11623 11624
11613 11612 11624
11613 11624 11625
11626 11627 11628
11626 11628 11629
11629 11630 11626
11628 11631 11629
11632 11629 11631
11628 11633 11631
11633 11634 11631
11634 11632 11631
11633 11635 11634
11629 11636 11630
11632 11636 11629
11630 11636 11637
11637 11636 11632
11630 11637 11638
11637 11632 11639
11632 11640 11639
11635 11641 11634
11635 11642 11641
11634 11643 11632
11641 11643 11634
11632 11643 11640
11641 11644 11643
11640 11643 11644
11640 11644 11645
11646 11647 11648
11649 11648 11647
11650 11648 11649
11648 11650 11651
11652 11651 11650
11653 11652 11650
11654 11652 11653
11650 11649 11655
11653 11650 11655
11649 11656 11655
11657 11655 11656
11657 11653 11655
11649 11658 11656
8027 11653 11657
11658 11649 11659
11649 11647 11659
11658 11659 11660
8027 11661 11653
11654 11653 11661
8025 11661 8027
8025 11654 11661
8025 11662 11654
11663 11662 8025
11664 11659 11647
11664 11660 11659
11664 11665 11660
11664 8001 11665
11666 11664 11647
11664 11667 8001
11664 11666 11667
8000 8001 11667
8000 11667 11666
8000 11666 11668
11669 8000 11668
11669 7996 8000
11670 7996 11669
11663 8025 11671
8025 8024 11671
8024 8028 11671
11672 11663 11671
8028 11672 11671
11663 11672 11673
11672 11670 11673
11670 11674 7996
11670 11672 11674
11674 11672 8028
7985 7996 11674
7985 11674 8028
11675 11666 11676
11677 11675 11676
11678 11677 11676
11679 11678 11680
11679 11680 11651
11681 11682 11683
11681 11684 11682
11685 11684 11681
11684 11685 11686
11685 11681 11687
11685 11687 11688
11685 11688 11689
11686 11685 11689
11686 11689 11690
11691 11686 11690
11682 11684 11692
11684 11686 11692
11682 11692 11693
11692 11694 11693
11692 11695 11694
11686 11695 11692
11695 11696 11694
11695 11697 11696
11686 11698 11695
11697 11695 11698
11691 11698 11686
11697 11698 11699
11699 11698 11691
11699 11691 11700
11701 11702 11703
11701 11703 11704
11705 11701 11704
11705 11706 11701
11707 11706 11705
11707 11705 11708
11708 11705 11709
11709 11705 11704
11708 11709 11710
11709 11711 11710
11703 11712 11704
11709 11704 11712
11703 11713 11712
11709 11714 11711
11714 11709 11712
11715 11711 11714
11716 11715 11714
11713 11717 11712
11714 11712 11717
11716 11714 11717
11713 11718 11717
11716 11717 11719
11719 11717 11718
11719 11718 11720
11721 11722 11723
11721 11724 11722
11725 11724 11721
11726 11722 11724
11725 11727 11724
11728 11727 11725
11726 11724 11729
11727 11729 11724
11728 11730 11727
11731 11730 11728
11732 11726 11729
11732 11733 11726
11733 11732 11734
11733 11734 11735
11734 11736 11735
11727 11730 11737
11731 11738 11730
11737 11730 11738
11727 11739 11729
11727 11737 11739
11729 11739 11740
11729 11740 11732
11740 11739 11737
11732 11741 11734
11732 11740 11741
11742 11738 11731
11742 11731 11743
11742 11743 11744
11734 11745 11736
11734 11746 11745
11734 11741 11746
11747 11736 11745
11746 11747 11745
11747 11748 11736
11749 11748 11747
11750 11749 11747
11749 11751 11748
11749 11752 11751
11749 11753 11752
11753 11749 11750
11754 11752 11753
11746 11755 11747
11750 11747 11755
11741 11756 11746
11755 11746 11756
11750 11755 11757
11755 11756 11757
11741 11758 11756
11758 11741 11740
11757 11756 11759
11759 11756 11758
11758 11740 11760
11740 11737 11760
11759 11758 11761
11761 11758 11760
11760 11737 11762
11737 11738 11762
11760 11762 11763
11761 11760 11763
11764 11762 11738
11764 11763 11762
11764 11738 11742
11757 11759 11765
11761 11766 11759
11766 11765 11759
11767 11761 11763
11761 11767 11766
11764 11768 11763
11767 11763 11768
11742 11769 11764
11769 11768 11764
11768 11770 11767
11766 11767 11770
11765 11771 11757
11750 11757 11771
11742 11772 11769
11742 11744 11772
11773 11772 11744
11773 11744 11774
11775 11773 11774
11768 11776 11770
11769 11776 11768
11777 11769 11772
11777 11772 11773
11778 11776 11769
11770 11776 11778
11778 11769 11777
11775 11779 11773
11773 11780 11777
11773 11779 11780
11781 11779 11775
11781 11780 11779
11781 11775 11782
11777 11783 11778
11777 11780 11783
11784 11770 11778
11783 11784 11778
11785 11781 11782
11785 11782 11786
11787 11770 11784
11766 11770 11787
11788 11785 11786
11788 11786 11789
11788 11789 11790
11788 11790 11791
11792 11788 11791
11793 11785 11788
11792 11793 11788
11794 11781 11785
11793 11794 11785
11795 11793 11792
11795 11792 11796
11797 11795 11796
11794 11798 11781
11781 11798 11780
11793 11799 11794
11798 11794 11799
11793 11795 11799
11795 11800 11799
11801 11780 11798
11798 11799 11801
11801 11799 11800
11801 11783 11780
11797 11802 11795
11795 11802 11800
11797 11803 11802
11803 11800 11802
11797 11804 11803
11805 11783 11801
11801 11800 11805
11804 11806 11803
11804 11807 11806
11806 11807 11808
11803 11809 11800
11806 11809 11803
11805 11810 11783
11783 11810 11784
11811 11805 11800
11811 11800 11809
11812 11810 11805
11784 11810 11812
11812 11805 11811
11784 11812 11813
11787 11784 11813
11814 11813 11812
11814 11787 11813
11815 11812 11811
11814 11812 11815
11816 11811 11809
11815 11811 11816
11806 11817 11809
11816 11809 11817
11815 11816 11818
11818 11816 11817
11819 11817 11806
11806 11808 11819
11819 11820 11817
11818 11817 11820
11821 11819 11808
11821 11820 11819
11821 11808 11822
11823 11821 11822
11821 11824 11820
11824 11818 11820
11815 11818 11825
11825 11814 11815
11823 11826 11821
11824 11821 11826
11824 11827 11818
11827 11825 11818
11823 11828 11826
11823 11829 11828
11830 11828 11829
11824 11826 11831
11827 11824 11831
11826 11828 11832
11826 11832 11831
11825 11833 11814
11827 11834 11825
11834 11833 11825
11835 11814 11833
11814 11835 11787
11787 11835 11836
11787 11836 11766
11766 11836 11765
11837 11836 11835
11837 11765 11836
11835 11833 11838
11837 11835 11838
11838 11833 11839
11834 11839 11833
11834 11840 11839
11838 11839 11841
11841 11837 11838
11840 11841 11839
11842 11834 11827
11834 11842 11840
11837 11843 11765
11765 11843 11771
11841 11844 11837
11843 11837 11844
11845 11771 11843
11843 11844 11845
11845 11846 11771
11846 11750 11771
11842 11827 11847
11827 11831 11847
11831 11848 11847
11842 11847 11848
11831 11832 11848
11840 11842 11849
11842 11848 11849
11850 11848 11832
11828 11850 11832
11844 11851 11845
11846 11845 11851
11846 11852 11750
11753 11750 11852
11853 11852 11846
11846 11851 11853
11854 11753 11852
11853 11854 11852
11849 11848 11855
11850 11855 11848
11850 11828 11856
11830 11856 11828
11830 11857 11856
11830 11858 11857
11859 11857 11858
11850 11856 11860
11857 11860 11856
11861 11855 11850
11861 11850 11860
11862 11861 11860
11849 11855 11863
11863 11855 11861
11857 11864 11860
11862 11860 11864
11865 11864 11857
11865 11862 11864
11859 11866 11857
11865 11857 11866
11867 11866 11859
11867 11859 11868
11866 11869 11865
11866 11867 11869
11868 11870 11867
11868 11871 11870
11863 11872 11849
11849 11872 11840
11865 11873 11862
11869 11873 11865
11867 11874 11869
11867 11870 11874
11875 11870 11871
11875 11871 11876
11877 11875 11876
11869 11878 11873
11874 11878 11869
11879 11874 11870
11879 11870 11875
11877 11880 11875
11881 11880 11877
11862 11873 11882
11882 11873 11878
11874 11883 11878
11879 11883 11874
11875 11884 11879
11875 11880 11884
11881 11885 11880
11886 11885 11881
11880 11885 11887
11880 11887 11884
11884 11888 11879
11879 11888 11883
11883 11889 11878
11882 11878 11889
11886 11890 11885
11887 11885 11890
11886 11891 11890
11886 11892 11891
11893 11891 11892
11887 11894 11884
11884 11894 11888
11888 11895 11883
11883 11895 11889
11887 11890 11896
11896 11890 11891
11893 11897 11891
11898 11897 11893
11898 11899 11897
11897 11899 11900
11897 11900 11901
11901 11891 11897
11901 11900 11902
11887 11903 11894
11896 11903 11887
11896 11891 11904
11901 11904 11891
11901 11902 11905
11905 11902 11906
11901 11907 11904
11896 11904 11907
11901 11905 11907
11905 11906 11908
11908 11906 11909
11896 11907 11910
11896 11910 11903
11905 11911 11907
11905 11908 11911
11910 11907 11911
11903 11912 11894
11910 11913 11903
11903 11913 11912
11910 11911 11914
11910 11914 11913
11908 11915 11911
11914 11911 11915
11908 11909 11916
11908 11916 11915
11909 11917 11916
11909 11918 11917
11919 11917 11918
11916 11917 11920
11916 11920 11915
11919 11921 11917
11921 11920 11917
11894 11912 11922
11894 11922 11888
11888 11922 11895
11919 11923 11921
11919 11924 11923
11923 11924 11925
11923 11925 11926
11923 11926 11927
11928 11926 11925
11928 11929 11926
11929 11927 11926
11929 11928 11930
11921 11923 11931
11923 11927 11931
11929 11930 11932
11933 11932 11930
11921 11931 11934
11935 11934 11931
11921 11934 11920
11935 11920 11934
11936 11931 11927
11935 11931 11936
11933 11937 11932
11938 11937 11933
11935 11939 11920
11939 11915 11920
11939 11940 11915
11914 11915 11940
11940 11939 11941
11935 11941 11939
11914 11940 11942
11940 11941 11942
11914 11942 11913
11913 11942 11943
11913 11943 11912
11942 11941 11944
11942 11944 11943
11935 11945 11941
11945 11944 11941
11912 11943 11946
11912 11946 11922
11935 11947 11945
11935 11936 11947
11943 11944 11948
11943 11948 11946
11949 11922 11946
11949 11895 11922
11950 11946 11948
11950 11949 11946
11951 11948 11944
11951 11950 11948
11945 11952 11944
11951 11944 11952
11895 11949 11953
11895 11953 11889
11945 11954 11952
11945 11947 11954
11949 11950 11955
11949 11955 11953
11956 11889 11953
11956 11882 11889
11952 11957 11951
11952 11954 11957
11958 11953 11955
11958 11956 11953
11955 11959 11958
11950 11960 11955
11955 11960 11959
11959 11960 11961
11951 11962 11950
11950 11962 11960
11951 11963 11962
11962 11963 11960
11951 11957 11963
11960 11963 11961
11956 11958 11964
11958 11959 11964
11957 11965 11963
11963 11965 11961
11954 11966 11957
11957 11966 11965
11956 11964 11967
11882 11956 11967
11959 11968 11964
11968 11967 11964
11882 11967 11969
11862 11882 11969
11970 11969 11967
11968 11970 11967
11862 11969 11971
11970 11971 11969
11862 11971 11861
11863 11861 11971
11863 11971 11970
11863 11970 11872
11972 11872 11970
11972 11970 11968
11872 11972 11840
11959 11973 11968
11973 11972 11968
11972 11974 11840
11840 11974 11841
11844 11841 11974
11975 11973 11959
11959 11961 11975
11973 11976 11972
11972 11976 11974
11973 11977 11976
11977 11974 11976
11844 11974 11978
11977 11978 11974
11844 11978 11851
11977 11851 11978
11975 11979 11973
11973 11979 11977
11977 11980 11851
11853 11851 11980
11979 11975 11981
11961 11981 11975
11977 11979 11982
11977 11982 11980
11979 11981 11982
11853 11980 11983
11982 11983 11980
11984 11853 11983
11984 11854 11853
11982 11985 11983
11986 11985 11982
11986 11982 11981
11987 11986 11981
11983 11985 11988
11983 11988 11984
11986 11988 11985
11961 11989 11981
11987 11981 11989
11990 11989 11961
11987 11989 11990
11990 11961 11965
11990 11965 11966
11991 11854 11984
11992 11984 11988
11992 11991 11984
11986 11993 11988
11993 11992 11988
11991 11994 11854
11854 11994 11753
11754 11753 11994
11994 11991 11995
11995 11754 11994
11995 11991 11992
11995 11996 11754
11995 11997 11996
11995 11998 11997
11995 11992 11998
11998 11999 11997
11998 11992 12000
11993 12000 11992
11998 12001 11999
11998 12000 12001
12002 12001 12000
12003 11999 12001
12002 12003 12001
12002 12004 12003
12002 12005 12004
12006 12000 11993
12002 12000 12006
12002 12007 12005
12007 12008 12005
12006 11993 12009
12010 12006 12009
12009 11993 11986
12009 11986 11987
11987 12010 12009
12002 12006 12011
12002 12011 12007
12010 12011 12006
12012 12007 12011
12012 12011 12010
12007 12013 12008
12012 12013 12007
12014 12008 12013
12014 12015 12008
12016 12015 12014
12017 12013 12012
12017 12014 12013
12016 12014 12018
12017 12018 12014
12016 12018 12019
12016 12019 12020
12012 12010 12021
12017 12012 12021
12017 12022 12018
12022 12019 12018
12020 12019 12023
12020 12023 12024
12025 12024 12023
12025 12023 12026
12027 12025 12026
12027 12026 12028
12019 12029 12023
12026 12023 12029
12030 12028 12026
12026 12029 12030
12030 12031 12028
12031 12030 12032
12031 12032 11938
11938 12032 11937
12030 12033 12032
11937 12032 12033
12030 12029 12033
12019 12034 12029
12022 12034 12019
12029 12034 12035
12029 12035 12033
11937 12033 12036
11932 11937 12036
12034 12022 12037
12034 12037 12035
12038 12033 12035
12038 12036 12033
12038 12035 12037
11932 12036 12039
11929 11932 12039
12022 12040 12037
12022 12017 12040
12017 12021 12040
12038 12037 12041
12041 12037 12040
12042 12036 12038
12042 12039 12036
12042 12038 12041
11929 12039 12043
11929 12043 11927
12044 12043 12039
12044 12039 12042
12044 11927 12043
12045 12040 12021
12041 12040 12045
12042 12041 12046
12044 12042 12046
12046 12041 12045
12044 12047 11927
11936 11927 12047
12045 12021 12048
12048 12021 12010
12046 12045 12049
12049 12045 12048
12044 12046 12050
12050 12047 12044
12050 12046 12049
11936 12047 12051
12050 12051 12047
11936 12051 11947
11947 12051 12052
12050 12052 12051
11947 12052 11954
11954 12052 11966
12048 12010 12053
11987 12053 12010
12049 12048 12054
12054 12048 12053
12050 12049 12055
12050 12055 12052
12055 12049 12054
12056 11966 12052
12056 12052 12055
12055 12054 12056
11990 11966 12056
11987 11990 12057
12053 11987 12057
12054 12053 12057
12056 12054 12057
12056 12057 11990
12058 12059 12060
12058 12061 12059
12061 12058 12062
12061 12062 12063
12063 12062 12064
12063 12064 12065
12065 12064 12066
12065 12066 12067
12067 12066 12068
12067 12068 12069
12070 12069 12068
12070 12071 12069
12072 12071 12070
12072 12073 12071
12074 12073 12072
12074 12075 12073
12076 12075 12074
12076 12077 12075
12077 12076 12078
12077 12078 12079
12080 12079 12078
12080 12081 12079
12082 12081 12080
12082 12083 12081
12084 12082 12080
12084 12085 12082
12085 12086 12082
12085 12087 12086
12085 12088 12087
12088 12089 12087
12088 12090 12089
12091 12092 12093
12091 12093 12094
12093 12095 12094
12093 12096 12095
12097 12098 12099
12097 12100 12098
12100 12097 12101
12100 12101 12102
12102 12101 12103
12102 12103 12104
12104 12103 12105
12104 12105 12106
12106 12105 12107
12106 12107 12108
12109 12108 12107
12109 12110 12108
12111 12110 12109
12111 12112 12110
12113 12112 12111
12113 12114 12112
12115 12114 12113
12115 12116 12114
12116 12115 12117
12116 12117 12118
12119 12118 12117
12119 12120 12118
12121 12120 12119
12121 12119 12122
12123 12121 12122
12123 12122 12124
12125 12123 12124
12125 12124 12126
12127 12125 12126
12127 12126 12128
12129 12127 12128
12129 12128 12130
12131 12132 12133
12131 12134 12132
12135 12134 12131
12135 12131 12136
12137 12135 12136
12137 12136 12138
12139 12137 12138
12139 12138 12140
12139 12140 12141
12139 12141 12142
12143 12142 12141
12143 12144 12142
12145 12144 12143
12145 12146 12144
12147 12146 12145
12147 12148 12146
12149 12148 12147
12149 12150 12148
12151 12150 12149
12151 12149 12152
12153 12151 12152
12153 12154 12151
12154 12153 12155
12154 12155 12156
12157 12154 12156
12157 12158 12154
12157 12156 12159
12157 12159 12160
12157 12160 12161
12160 12162 12161
12160 12163 12162
12164 12165 12166
12164 12166 12167
12168 12169 12170
12168 12171 12169
12172 12171 12168
12169 12171 12173
12169 12173 12174
12173 12175 12174
12172 12176 12171
12172 12177 12176
12171 12178 12173
12171 12176 12178
12173 12179 12175
12178 12179 12173
12176 12177 12180
12181 12180 12177
12175 12179 12182
12175 12182 12183
12178 12184 12179
12179 12184 12182
12176 12185 12178
12176 12180 12185
12181 12186 12180
12187 12186 12181
12182 12188 12183
12188 12189 12183
12178 12190 12184
12185 12190 12178
12182 12184 12191
12188 12182 12191
12190 12191 12184
12192 12188 12191
12189 12188 12193
12192 12193 12188
12189 12193 12194
12180 12195 12185
12180 12186 12195
12190 12185 12196
12196 12185 12195
12196 12195 12197
12190 12198 12191
12196 12198 12190
12199 12194 12193
12199 12200 12194
12201 12200 12199
12201 12202 12200
12203 12202 12201
12186 12204 12195
12197 12195 12204
12191 12198 12205
12191 12205 12192
12193 12206 12199
12193 12192 12206
12186 12207 12204
12187 12207 12186
12208 12207 12187
12209 12207 12208
12209 12204 12207
12197 12204 12209
12197 12209 12210
12197 12210 12211
12212 12199 12206
12212 12201 12199
12197 12211 12213
12213 12211 12214
12215 12197 12213
12196 12197 12215
12196 12215 12198
12215 12205 12198
12213 12214 12216
12213 12216 12215
12216 12214 12217
12212 12206 12218
12218 12206 12192
12201 12212 12219
12201 12219 12220
12221 12201 12220
12221 12220 12222
12203 12201 12221
12215 12216 12223
12223 12205 12215
12216 12217 12224
12224 12217 12225
12226 12223 12216
12205 12223 12226
12216 12224 12226
12227 12192 12205
12205 12226 12227
12228 12224 12225
12226 12224 12228
12221 12222 12229
12229 12222 12230
12227 12231 12192
12218 12192 12231
12227 12226 12232
12226 12228 12232
12225 12233 12228
12225 12234 12233
12228 12233 12235
12228 12235 12232
12234 12236 12233
12233 12236 12235
12234 12237 12236
12227 12232 12238
12231 12227 12238
12237 12239 12236
12240 12239 12237
12241 12239 12240
12241 12240 12242
12243 12241 12242
12236 12239 12244
12236 12244 12235
12235 12244 12245
12232 12235 12246
12232 12246 12238
12235 12245 12246
12244 12239 12247
12247 12239 12241
12247 12245 12244
12231 12238 12248
12246 12249 12238
12238 12249 12248
12231 12248 12250
12249 12250 12248
12231 12250 12218
12246 12251 12249
12245 12251 12246
12249 12252 12250
12251 12252 12249
12218 12250 12253
12250 12252 12254
12250 12254 12253
12251 12255 12252
12254 12252 12255
12256 12251 12245
12256 12255 12251
12218 12253 12257
12257 12212 12218
12258 12212 12257
12258 12257 12259
12260 12258 12259
12260 12259 12261
12262 12260 12261
12262 12261 12263
12259 12257 12264
12257 12253 12265
12265 12264 12257
12253 12266 12265
12253 12254 12266
12265 12267 12264
12267 12230 12264
12268 12267 12265
12268 12265 12266
12230 12267 12269
12268 12269 12267
12229 12230 12269
12266 12254 12270
12254 12271 12270
12270 12271 12272
12254 12255 12271
12272 12271 12255
12272 12255 12273
12256 12273 12255
12268 12266 12274
12266 12270 12275
12274 12266 12275
12275 12270 12276
12275 12276 12277
12274 12275 12278
12275 12277 12278
12277 12279 12278
12280 12268 12274
12278 12280 12274
12270 12272 12281
12270 12281 12282
12283 12282 12281
12283 12281 12284
12285 12283 12284
12285 12284 12286
12277 12287 12279
12288 12287 12277
12272 12288 12289
12290 12287 12288
12279 12287 12290
12272 12291 12288
12291 12290 12288
12292 12291 12272
12292 12272 12273
12290 12291 12293
12293 12291 12292
12293 12292 12294
12290 12293 12295
12292 12296 12294
12273 12297 12292
12292 12297 12296
12273 12256 12297
12297 12298 12296
12290 12295 12299
12279 12290 12299
12295 12300 12299
12301 12299 12300
12301 12302 12299
12279 12299 12302
12303 12302 12301
12304 12297 12256
12297 12304 12298
12303 12305 12302
12305 12303 12306
12279 12302 12307
12307 12302 12305
12305 12306 12308
12309 12308 12306
12304 12256 12310
12245 12310 12256
12311 12298 12304
12311 12312 12298
12313 12311 12304
12313 12304 12310
12312 12311 12314
12314 12311 12313
12312 12314 12315
12245 12316 12310
12316 12245 12247
12310 12317 12313
12310 12316 12317
12318 12316 12247
12318 12317 12316
12247 12241 12318
12315 12314 12319
12315 12319 12320
12320 12319 12321
12314 12313 12322
12317 12322 12313
12322 12319 12314
12317 12318 12323
12323 12322 12317
12324 12318 12241
12323 12318 12324
12325 12319 12322
12323 12325 12322
12321 12319 12326
12325 12326 12319
12321 12326 12327
12321 12327 12328
12329 12327 12326
12329 12326 12325
12329 12325 12330
12330 12325 12331
12331 12325 12323
12332 12330 12331
12333 12331 12323
12332 12331 12333
12333 12323 12324
12333 12334 12332
12335 12333 12324
12241 12335 12324
12243 12335 12241
12333 12336 12334
12335 12336 12333
12243 12336 12335
12336 12337 12334
12243 12337 12336
12338 12339 12340
12341 12340 12339
12341 12339 12342
12341 12342 12343
12341 12343 12344
12341 12344 12345
12341 12345 12346
12345 12347 12346
12348 12349 12350
12351 12348 12350
12350 12352 12351
12353 12352 12350
12353 12354 12352
12353 12355 12354
12356 12355 12353
12357 12358 12359
12360 12357 12359
12360 12361 12357
12360 12362 12361
12360 12363 12362
12360 12364 12363
12360 12365 12364
12366 12364 12365
12367 12368 12369
12367 12369 12370
12371 12370 12369
12371 12372 12370
12372 12371 12373
12373 12371 12374
12373 12374 12375
12376 12375 12374
12377 12378 12379
12380 12377 12379
12380 12381 12377
12380 12382 12381
12383 12382 12380
12384 12383 12380
12384 12385 12383
12386 12385 12384
12387 12388 12389
12387 12389 12390
12390 12389 12391
12389 12392 12391
12393 12391 12392
12393 12394 12391
12395 12394 12393
12396 12387 12390
12397 12390 12391
12396 12390 12397
12387 12396 12398
12387 12398 12399
12400 12396 12397
12398 12396 12400
12398 12400 12401
12402 12401 12400
12402 12400 12403
12404 12402 12403
12404 12403 12405
12405 12403 12406
12407 12403 12400
12400 12397 12407
12406 12403 12407
12407 12397 12408
12397 12391 12408
12406 12407 12408
12391 12409 12408
12409 12406 12408
12391 12410 12409
12394 12410 12391
12411 12410 12394
12409 12410 12411
12411 12394 12395
12412 12411 12395
12413 12412 12395
12414 12412 12413
12409 12415 12406
12416 12409 12411
12416 12415 12409
12417 12411 12412
12417 12416 12411
12414 12418 12412
12418 12417 12412
12419 12406 12415
12405 12406 12419
12420 12415 12416
12419 12415 12420
12420 12416 12421
12421 12416 12417
12422 12418 12414
12422 12414 12423
12419 12420 12424
12424 12420 12421
12419 12424 12425
12419 12426 12405
12419 12425 12426
12427 12422 12423
12427 12423 12428
12421 12429 12424
12424 12429 12425
12430 12427 12428
12430 12428 12431
12432 12430 12431
12433 12430 12432
12432 12431 12434
12435 12427 12430
12433 12435 12430
12436 12422 12427
12435 12436 12427
12434 12437 12432
12438 12437 12434
12439 12437 12438
12439 12440 12437
12432 12437 12440
12439 12441 12440
12442 12432 12440
12442 12433 12432
12440 12441 12443
12443 12442 12440
12443 12441 12444
12443 12444 12445
12446 12445 12444
12447 12442 12443
12445 12447 12443
12446 12448 12445
12448 12447 12445
12447 12449 12442
12449 12433 12442
12447 12450 12449
12448 12450 12447
12450 12433 12449
12451 12448 12446
12451 12450 12448
12451 12446 12452
12453 12433 12450
12453 12450 12451
12452 12454 12451
12451 12454 12453
12452 12455 12454
12454 12455 12456
12454 12456 12453
12453 12456 12457
12458 12433 12453
12453 12457 12458
12458 12435 12433
12458 12457 12459
12460 12435 12458
12458 12459 12460
12461 12460 12459
12460 12436 12435
12461 12462 12460
12462 12436 12460
12463 12462 12461
12462 12464 12436
12436 12464 12422
12464 12418 12422
12463 12465 12462
12465 12464 12462
12464 12466 12418
12465 12466 12464
12418 12466 12417
12467 12465 12463
12467 12466 12465
12467 12417 12466
12467 12463 12468
12421 12417 12467
12467 12468 12469
12467 12469 12421
12469 12468 12470
12421 12469 12429
12471 12469 12470
12471 12429 12469
12472 12471 12470
12425 12429 12471
12425 12471 12472
12425 12472 12473
12474 12425 12473
12474 12426 12425
12474 12475 12426
12474 12476 12475
12405 12426 12475
12475 12476 12477
12475 12477 12478
12405 12475 12478
12477 12479 12478
12477 12480 12479
12480 12481 12479
12480 12482 12481
12482 12483 12481
12482 12484 12483
12485 12483 12484
12486 12479 12481
12483 12486 12481
12487 12478 12479
12486 12487 12479
12405 12478 12488
12487 12488 12478
12405 12488 12489
12404 12405 12489
12488 12487 12490
12488 12490 12489
12491 12487 12486
12487 12491 12490
12485 12492 12483
12483 12493 12486
12492 12493 12483
12491 12486 12494
12493 12494 12486
12495 12492 12485
12492 12495 12496
12495 12485 12497
12497 12498 12495
12498 12496 12495
12497 12499 12498
12499 12500 12498
12498 12500 12496
12499 12501 12500
12502 12500 12501
12502 12503 12500
12503 12496 12500
12504 12503 12502
12504 12505 12503
12503 12505 12496
12505 12504 12506
12505 12506 12507
12507 12496 12505
12507 12506 12508
12492 12496 12509
12507 12509 12496
12492 12509 12493
12510 12509 12507
12510 12493 12509
12507 12508 12510
12493 12510 12494
12494 12510 12508
12494 12508 12511
12491 12494 12511
12491 12511 12512
12491 12512 12490
12513 12490 12512
12513 12514 12490
12514 12489 12490
12515 12514 12513
12515 12489 12514
12515 12513 12516
12516 12517 12515
12516 12518 12517
12517 12518 12519
12489 12515 12520
12517 12520 12515
12489 12520 12404
12517 12519 12521
12522 12521 12519
12522 12519 12523
12517 12521 12524
12524 12521 12522
12517 12525 12520
12517 12524 12525
12523 12526 12522
12523 12527 12526
12525 12528 12520
12520 12528 12404
12529 12525 12524
12525 12529 12528
12524 12522 12530
12530 12522 12526
12527 12531 12526
12527 12532 12531
12529 12524 12533
12533 12524 12530
12530 12526 12534
12531 12534 12526
12535 12531 12532
12535 12532 12536
12537 12535 12536
12533 12530 12538
12538 12530 12534
12539 12531 12535
12531 12539 12534
12537 12540 12535
12539 12535 12540
12541 12540 12537
12541 12539 12540
12541 12537 12542
12543 12541 12542
12543 12544 12541
12541 12544 12539
12544 12543 12545
12539 12546 12534
12539 12544 12546
12544 12545 12546
12538 12534 12546
12547 12546 12545
12547 12538 12546
12548 12538 12547
12548 12533 12538
12529 12533 12548
12529 12548 12549
12550 12529 12549
12550 12528 12529
12551 12528 12550
12551 12552 12528
12552 12404 12528
12553 12552 12551
12553 12404 12552
12553 12551 12554
12404 12553 12555
12404 12555 12402
12554 12556 12553
12556 12555 12553
12554 12557 12556
12556 12557 12558
12556 12559 12555
12558 12560 12556
12560 12559 12556
12561 12560 12558
12561 12558 12562
12563 12561 12562
12555 12564 12402
12559 12564 12555
12560 12565 12559
12561 12565 12560
12559 12566 12564
12565 12566 12559
12563 12567 12561
12563 12568 12567
12563 12569 12568
12567 12570 12561
12570 12567 12568
12561 12571 12565
12571 12561 12570
12569 12572 12568
12569 12573 12572
12570 12568 12574
12572 12574 12568
12575 12572 12573
12575 12573 12576
12575 12576 12577
12575 12578 12572
12572 12578 12574
12579 12570 12574
12579 12571 12570
12571 12580 12565
12565 12580 12566
12575 12577 12581
12575 12581 12578
12578 12582 12574
12579 12574 12582
12579 12583 12571
12571 12583 12580
12584 12581 12577
12584 12577 12585
12586 12584 12585
12581 12587 12578
12584 12587 12581
12578 12587 12582
12586 12588 12584
12584 12588 12587
12582 12587 12588
12588 12586 12589
12588 12589 12590
12582 12588 12590
12591 12590 12589
12582 12592 12579
12582 12590 12592
12591 12592 12590
12579 12592 12583
12591 12583 12592
12591 12593 12583
12594 12583 12593
12594 12580 12583
12594 12566 12580
12566 12594 12595
12596 12566 12595
12596 12564 12566
12597 12564 12596
12597 12598 12564
12564 12598 12402
12599 12598 12597
12402 12598 12599
12599 12597 12600
12600 12601 12599
12600 12602 12601
12601 12602 12603
12402 12599 12604
12601 12604 12599
12402 12604 12401
12601 12603 12605
12606 12605 12603
12606 12603 12607
12608 12606 12607
12601 12605 12609
12609 12605 12606
12601 12610 12604
12601 12609 12610
12610 12611 12604
12604 12611 12401
12609 12612 12610
12610 12612 12611
12608 12613 12606
12614 12613 12608
12615 12613 12614
12614 12608 12616
12617 12614 12616
12617 12615 12614
12617 12616 12618
12613 12619 12606
12615 12619 12613
12609 12606 12620
12619 12620 12606
12621 12617 12618
12621 12618 12622
12621 12623 12617
12617 12623 12615
12624 12621 12622
12621 12624 12623
12624 12622 12625
12624 12626 12623
12626 12615 12623
12627 12624 12625
12627 12626 12624
12627 12625 12628
12629 12627 12628
12629 12630 12627
12627 12630 12626
12630 12629 12631
12626 12632 12615
12632 12626 12630
12630 12631 12633
12632 12630 12633
12634 12633 12631
12635 12615 12632
12635 12619 12615
12619 12635 12620
12632 12633 12636
12634 12636 12633
12632 12636 12635
12637 12636 12634
12635 12636 12637
12635 12637 12620
12637 12634 12638
12639 12637 12638
12620 12637 12640
12639 12640 12637
12620 12640 12609
12609 12640 12612
12639 12612 12640
12639 12641 12612
12642 12612 12641
12642 12611 12612
12643 12611 12642
12643 12644 12611
12644 12401 12611
12643 12645 12644
12645 12401 12644
12646 12645 12643
12646 12647 12645
12646 12648 12647
12648 12649 12647
12645 12650 12401
12650 12398 12401
12649 12651 12647
12649 12652 12651
12651 12652 12653
12645 12647 12654
12645 12654 12650
12650 12655 12398
12399 12398 12655
12656 12655 12650
12656 12650 12654
12399 12655 12657
12655 12656 12657
12399 12657 12658
12657 12659 12658
12660 12656 12654
12660 12657 12656
12661 12659 12657
12660 12661 12657
12661 12662 12659
12647 12663 12654
12660 12654 12663
12664 12662 12661
12664 12665 12662
12666 12665 12664
12666 12667 12665
12661 12668 12664
12666 12664 12668
12669 12661 12660
12661 12669 12668
12669 12670 12668
12660 12671 12669
12671 12660 12663
12669 12671 12670
12647 12672 12663
12651 12672 12647
12663 12673 12671
12663 12672 12673
12670 12671 12673
12674 12667 12666
12674 12675 12667
12666 12668 12676
12676 12668 12670
12674 12666 12676
12651 12677 12672
12672 12677 12673
12675 12674 12678
12675 12678 12679
12680 12679 12678
12674 12676 12681
12681 12678 12674
12680 12678 12682
12683 12680 12682
12681 12676 12684
12676 12670 12684
12681 12685 12678
12685 12682 12678
12681 12684 12685
12670 12673 12686
12677 12686 12673
12687 12685 12684
12685 12687 12682
12670 12688 12684
12687 12684 12688
12670 12686 12688
12683 12682 12689
12689 12690 12683
12691 12682 12687
12691 12687 12688
12691 12689 12682
12691 12688 12692
12692 12688 12686
12689 12691 12692
12689 12693 12690
12689 12692 12693
12653 12690 12693
12692 12686 12694
12693 12692 12694
12677 12694 12686
12653 12693 12695
12693 12694 12695
12695 12694 12677
12651 12653 12695
12695 12677 12651
12696 12697 12698
12696 12698 12699
12700 12699 12698
12700 12701 12699
12701 12700 12702
12701 12702 12703
12702 12704 12703
12704 12702 12705
12704 12705 12706
12707 12706 12705
12707 12705 12708
12709 12707 12708
12709 12708 12710
12711 12709 12710
12711 12712 12709
12711 12713 12712
12711 12714 12713
12713 12714 12715
12713 12715 12716
12716 12715 12717
12716 12717 12718
12718 12717 12719
12718 12719 12720
12720 12719 12721
12719 12722 12721
12719 12723 12722
12723 12724 12722
12723 12725 12724
12726 12724 12725
12726 12725 12727
12728 12729 12730
12728 12730 12731
12732 12728 12731
12732 12733 12728
12732 12734 12733
12735 12731 12730
12730 12736 12735
12735 12736 12737
12735 12738 12731
12732 12731 12738
12732 12739 12734
12739 12740 12734
12735 12737 12741
12741 12738 12735
12732 12738 12742
12742 12739 12732
12741 12743 12738
12743 12741 12737
12742 12738 12743
12743 12737 12744
12745 12744 12737
12742 12743 12746
12744 12746 12743
12742 12747 12739
12747 12742 12746
12739 12748 12740
12747 12748 12739
12749 12740 12748
12749 12750 12740
12751 12750 12749
12751 12749 12752
12753 12751 12752
12748 12754 12749
12754 12752 12749
12747 12755 12748
12748 12755 12754
12755 12747 12756
12747 12746 12756
12755 12756 12757
12757 12754 12755
12758 12756 12746
12757 12756 12758
12758 12746 12759
12744 12759 12746
12760 12759 12744
12760 12758 12759
12760 12744 12745
12760 12745 12761
12762 12760 12761
12761 12745 12763
12764 12761 12763
12764 12762 12761
12760 12765 12758
12765 12760 12762
12757 12758 12766
12766 12758 12765
12757 12767 12754
12766 12767 12757
12768 12762 12764
12768 12764 12769
12768 12769 12770
12770 12771 12768
12770 12772 12771
12773 12771 12772
12767 12774 12754
12754 12774 12752
12775 12752 12774
12767 12776 12774
12775 12774 12776
12766 12777 12767
12777 12776 12767
12768 12778 12762
12771 12778 12768
12773 12779 12771
12780 12779 12773
12771 12781 12778
12779 12781 12771
12762 12778 12782
12781 12782 12778
12780 12783 12779
12784 12783 12780
12784 12785 12783
12779 12786 12781
12786 12779 12783
12762 12782 12787
12765 12762 12787
12788 12765 12787
12766 12765 12788
12777 12766 12788
12788 12787 12789
12789 12787 12782
12781 12790 12782
12790 12781 12786
12777 12788 12791
12789 12791 12788
12789 12782 12792
12790 12792 12782
12789 12793 12791
12793 12789 12792
12777 12791 12794
12791 12793 12795
12791 12795 12794
12777 12794 12796
12777 12796 12776
12797 12776 12796
12775 12776 12797
12775 12797 12798
12797 12796 12799
12799 12796 12794
12799 12798 12797
12799 12794 12800
12795 12800 12794
12799 12801 12798
12800 12801 12799
12800 12802 12801
12795 12803 12800
12803 12802 12800
12798 12801 12804
12804 12801 12802
12793 12805 12795
12806 12803 12795
12806 12795 12805
12803 12807 12802
12807 12803 12806
12804 12802 12808
12807 12808 12802
12793 12809 12805
12793 12792 12809
12810 12806 12805
12807 12806 12811
12810 12811 12806
12809 12812 12805
12810 12805 12812
12813 12809 12792
12809 12813 12812
12807 12814 12808
12814 12807 12811
12810 12812 12815
12815 12812 12813
12813 12792 12816
12790 12816 12792
12816 12790 12817
12790 12786 12817
12813 12816 12818
12816 12817 12818
12815 12813 12819
12813 12818 12819
12810 12820 12811
12810 12815 12821
12820 12810 12821
12820 12821 12822
12820 12822 12823
12820 12823 12811
12814 12811 12823
12814 12823 12824
12825 12814 12824
12825 12808 12814
12826 12821 12815
12819 12826 12815
12826 12827 12821
12826 12828 12827
12829 12808 12825
12829 12825 12830
12808 12829 12804
12819 12831 12826
12831 12819 12818
12826 12832 12828
12826 12831 12832
12831 12818 12833
12817 12833 12818
12834 12828 12832
12834 12835 12828
12836 12835 12834
12837 12832 12831
12837 12831 12833
12834 12832 12837
12817 12838 12833
12838 12817 12786
12836 12834 12839
12840 12836 12839
12834 12837 12841
12839 12834 12841
12842 12837 12833
12842 12833 12838
12842 12841 12837
12838 12786 12843
12842 12838 12843
12786 12783 12843
12844 12843 12783
12842 12843 12844
12844 12783 12785
12840 12839 12845
12845 12846 12840
12842 12847 12841
12844 12847 12842
12839 12841 12848
12845 12839 12848
12848 12841 12847
12785 12849 12844
12844 12849 12847
12845 12850 12846
12846 12850 12851
12848 12847 12852
12852 12847 12849
12845 12848 12853
12853 12850 12845
12852 12853 12848
12785 12854 12849
12785 12855 12854
12856 12854 12855
12856 12857 12854
12857 12856 12858
12857 12858 12859
12860 12849 12854
12852 12849 12860
12860 12854 12857
12852 12861 12853
12860 12861 12852
12861 12862 12853
12853 12862 12850
12860 12863 12861
12863 12860 12857
12863 12862 12861
12857 12859 12864
12863 12857 12865
12857 12864 12865
12866 12864 12859
12866 12865 12864
12866 12859 12867
12868 12866 12867
12863 12869 12862
12869 12863 12865
12866 12870 12865
12868 12870 12866
12869 12865 12871
12870 12871 12865
12862 12872 12850
12862 12869 12873
12862 12873 12872
12850 12872 12874
12873 12874 12872
12851 12850 12874
12875 12869 12871
12875 12873 12869
12876 12871 12870
12876 12875 12871
12868 12877 12870
12877 12876 12870
12878 12851 12874
12879 12851 12878
12879 12878 12880
12881 12880 12878
12873 12882 12874
12878 12874 12882
12875 12882 12873
12881 12878 12883
12878 12882 12883
12883 12884 12881
12883 12885 12884
12882 12885 12883
12886 12884 12885
12875 12887 12882
12882 12887 12885
12886 12885 12888
12888 12885 12887
12888 12889 12886
12888 12890 12889
12891 12890 12888
12891 12888 12892
12888 12887 12892
12893 12891 12892
12893 12892 12894
12894 12892 12887
12895 12893 12894
12896 12887 12875
12894 12887 12896
12876 12896 12875
12894 12896 12876
12895 12894 12897
12894 12876 12897
12898 12895 12897
12897 12876 12877
12898 12897 12899
12897 12877 12899
12900 12898 12899
12899 12877 12868
12900 12899 12901
12899 12868 12901
12902 12903 12904
12902 12904 12905
12906 12902 12905
12906 12905 12907
12905 12904 12908
12905 12909 12907
12905 12908 12909
12907 12909 12910
12911 12909 12908
12909 12911 12910
12912 12911 12908
12910 12911 12913
12912 12913 12911
12912 12914 12913
12914 12912 12915
12914 12916 12913
12916 12917 12913
12918 12914 12915
12918 12916 12914
12917 12916 12918
12919 12918 12915
12917 12918 12920
12920 12918 12919
12920 12919 12921
12922 12923 12924
12922 12925 12923
12923 12925 12926
12922 12927 12925
12928 12926 12925
12925 12927 12929
12930 12928 12925
12930 12925 12929
12931 12928 12930
12931 12932 12928
12931 12933 12932
12931 12934 12933
12935 12934 12931
12936 12929 12927
12936 12927 12937
12930 12929 12938
12936 12938 12929
12935 12931 12939
12939 12830 12935
12939 12829 12830
12940 12931 12930
12939 12931 12940
12940 12829 12939
12938 12940 12930
12829 12940 12941
12941 12940 12938
12804 12829 12941
12937 12942 12936
12943 12936 12942
12937 12944 12942
12942 12944 12945
12936 12946 12938
12941 12938 12946
12943 12946 12936
12943 12941 12946
12947 12804 12941
12943 12947 12941
12798 12804 12947
12798 12947 12943
12942 12945 12948
12943 12942 12948
12948 12945 12753
12798 12943 12949
12943 12948 12949
12775 12798 12949
12775 12949 12948
12948 12753 12950
12775 12948 12950
12753 12752 12950
12775 12950 12752
12951 12952 12953
12951 12954 12952
12955 12954 12951
12952 12954 12956
12952 12956 12957
12955 12958 12954
12958 12956 12954
12959 12958 12955
12959 12960 12958
12960 12959 12961
12957 12956 12962
12963 12957 12962
12958 12964 12956
12960 12964 12958
12960 12961 12965
12966 12965 12961
12956 12967 12962
12956 12964 12967
12963 12962 12968
12968 12962 12967
12960 12969 12964
12969 12960 12965
12964 12970 12967
12964 12969 12970
12963 12968 12971
12972 12971 12968
12963 12971 12973
12971 12974 12973
12968 12967 12975
12975 12967 12970
12975 12972 12968
12971 12976 12974
12972 12976 12971
12977 12974 12976
12977 12978 12974
12977 12979 12978
12969 12965 12980
12970 12969 12980
12965 12981 12980
12975 12970 12982
12972 12975 12982
12970 12980 12983
12981 12983 12980
12982 12970 12983
12972 12984 12976
12984 12977 12976
12977 12985 12979
12985 12986 12979
12984 12987 12977
12987 12985 12977
12972 12988 12984
12987 12984 12988
12985 12989 12986
12989 12990 12986
12989 12991 12990
12992 12989 12985
12987 12992 12985
12993 12991 12989
12992 12993 12989
12993 12994 12991
12995 12994 12993
12992 12995 12993
12995 12996 12994
12987 12997 12992
12992 12997 12995
12996 12995 12998
12996 12998 12999
12998 13000 12999
12987 12988 13001
12987 13001 12997
13002 13001 12988
12997 13001 13002
13003 12995 12997
12995 13003 12998
12997 13002 13004
13003 12997 13004
13003 13004 13005
13002 13005 13004
12998 13003 13006
13003 13005 13006
12998 13007 13000
12998 13006 13007
13000 13007 13008
13000 13008 13009
13007 13006 13010
13007 13010 13008
13011 13009 13008
13011 13008 13010
13011 13012 13009
13006 13013 13010
13006 13005 13013
13011 13010 13014
13014 13010 13013
13015 13012 13011
13015 13011 13014
13015 13016 13012
13016 13015 13017
13016 13017 13018
13019 13018 13017
13019 13020 13018
13019 13021 13020
13015 13014 13022
13022 13017 13015
13014 13013 13023
13022 13014 13023
13024 13019 13017
13022 13024 13017
13022 13025 13024
13022 13023 13026
13022 13026 13025
13023 13027 13026
13025 13026 13027
13028 13023 13013
13023 13028 13027
13024 13029 13019
13025 13029 13024
13028 13013 13030
13005 13030 13013
13005 13031 13030
13030 13031 13032
13002 13031 13005
13032 13031 13002
13028 13030 13033
13030 13032 13033
13032 13002 13034
13002 12988 13034
13035 13034 12988
12972 13035 12988
12972 12982 13035
13035 13036 13034
12982 13036 13035
13036 13032 13034
12982 13037 13036
12982 12983 13037
13037 12983 13038
12981 13038 12983
13039 13038 12981
13037 13038 13040
13036 13037 13040
13040 13038 13039
13036 13041 13032
13036 13040 13041
13032 13042 13033
13032 13041 13042
13041 13040 13043
13040 13039 13043
13041 13043 13042
13044 13043 13039
13042 13043 13044
13042 13044 13045
13046 13033 13042
13046 13042 13045
13028 13033 13046
13047 13028 13046
13047 13046 13045
13047 13027 13028
13047 13045 13048
13048 13045 13044
13027 13047 13049
13048 13049 13047
13027 13049 13050
13025 13027 13050
13050 13049 13051
13025 13050 13052
13050 13051 13052
13048 13053 13049
13053 13051 13049
13025 13052 13054
13025 13054 13029
13055 13054 13052
13029 13054 13055
13056 13052 13051
13055 13052 13056
13029 13055 13057
13019 13029 13057
13019 13057 13058
13019 13058 13021
13059 13021 13058
13059 13058 13057
13059 13060 13021
13061 13060 13059
13059 13062 13061
13061 13063 13060
13064 13063 13061
13064 13061 13062
13064 13065 13063
13059 13057 13066
13059 13066 13062
13057 13067 13066
13057 13055 13067
13067 13062 13066
13055 13056 13068
13055 13068 13067
13067 13068 13069
13065 13064 13070
13065 13070 13071
13072 13068 13056
13056 13051 13072
13064 13062 13073
13070 13064 13073
13062 13074 13073
13067 13075 13062
13067 13069 13075
13062 13075 13074
13074 13075 13069
13076 13071 13070
13076 13077 13071
13070 13073 13078
13078 13073 13074
13070 13079 13076
13070 13078 13079
13080 13077 13076
13079 13080 13076
13080 13081 13077
13078 13074 13082
13082 13079 13078
13074 13069 13083
13074 13084 13082
13074 13083 13084
13083 13085 13084
13069 13086 13083
13083 13086 13085
13082 13087 13079
13079 13088 13080
13087 13088 13079
13082 13089 13087
13082 13084 13089
13087 13090 13088
13090 13087 13089
13091 13088 13090
13090 13089 13092
13092 13091 13090
13080 13088 13093
13091 13093 13088
13084 13094 13089
13092 13089 13094
13095 13094 13084
13095 13084 13085
13080 13093 13096
13081 13080 13096
13097 13081 13096
13097 13096 13093
13097 13098 13081
13097 13093 13099
13099 13093 13091
13099 13091 13100
13101 13100 13091
13101 13091 13102
13092 13102 13091
13101 13102 13103
13092 13103 13102
13101 13103 13104
13104 13103 13105
13104 13105 13106
13106 13105 13107
13105 13108 13107
13092 13109 13103
13109 13105 13103
13105 13110 13108
13110 13111 13108
13092 13112 13109
13092 13094 13112
13112 13094 13095
13109 13112 13113
13112 13095 13113
13105 13109 13114
13109 13113 13114
13115 13114 13113
13105 13114 13116
13116 13110 13105
13115 13116 13114
13110 13117 13111
13116 13117 13110
13113 13095 13118
13095 13085 13118
13115 13113 13119
13113 13118 13119
13118 13120 13119
13120 13115 13119
13111 13117 13121
13111 13121 13122
13123 13122 13121
13123 13124 13122
13123 13125 13124
13123 13126 13125
13126 13127 13125
13126 13128 13127
13117 13129 13121
13129 13123 13121
13118 13130 13120
13130 13118 13085
13117 13131 13129
13116 13131 13117
13115 13131 13116
13129 13131 13115
13129 13115 13132
13123 13129 13132
13120 13132 13115
13123 13132 13133
13120 13133 13132
13123 13133 13126
13120 13134 13133
13130 13134 13120
13126 13133 13134
13130 13085 13135
13130 13136 13134
13136 13130 13135
13126 13134 13137
13137 13134 13136
13138 13135 13085
13138 13085 13086
13136 13135 13139
13138 13139 13135
13126 13137 13140
13126 13140 13128
13138 13086 13141
13069 13141 13086
13069 13142 13141
13069 13068 13142
13072 13142 13068
13138 13141 13143
13143 13141 13142
13137 13136 13144
13136 13139 13144
13137 13144 13145
13139 13145 13144
13138 13146 13139
13143 13146 13138
13140 13137 13147
13137 13145 13147
13140 13147 13148
13145 13148 13147
13139 13149 13145
13146 13149 13139
13150 13142 13072
13143 13142 13150
13151 13143 13150
13150 13072 13152
13151 13150 13152
13140 13148 13153
13153 13148 13154
13153 13128 13140
13153 13155 13128
13153 13156 13155
13153 13154 13156
13154 13157 13156
13151 13158 13143
13143 13158 13146
13146 13158 13159
13159 13158 13151
13160 13152 13072
13160 13072 13051
13053 13160 13051
13154 13161 13157
13161 13162 13157
13161 13163 13162
13164 13163 13161
13154 13164 13161
13164 13165 13163
13146 13159 13166
13146 13166 13149
13053 13167 13160
13048 13167 13053
13048 13168 13167
13048 13044 13168
13169 13160 13167
13168 13169 13167
13170 13165 13164
13170 13171 13165
13171 13170 13172
13171 13172 13173
13164 13174 13170
13174 13172 13170
13173 13172 13175
13173 13175 13176
13176 13175 13177
13175 13172 13178
13174 13178 13172
13179 13168 13044
13168 13179 13169
13164 13180 13174
13154 13180 13164
13181 13180 13154
13174 13180 13181
13181 13154 13148
13145 13181 13148
13149 13181 13145
13174 13181 13182
13149 13182 13181
13178 13174 13182
13183 13182 13149
13178 13182 13183
13183 13149 13166
13183 13184 13178
13175 13178 13184
13184 13177 13175
13166 13185 13183
13183 13185 13184
13166 13159 13185
13184 13186 13177
13185 13186 13184
13185 13159 13187
13159 13151 13187
13188 13177 13186
13186 13189 13188
13188 13190 13177
13191 13190 13188
13185 13192 13186
13185 13187 13192
13186 13192 13189
13187 13189 13192
13151 13193 13187
13187 13193 13189
13191 13188 13194
13189 13194 13188
13151 13195 13193
13151 13152 13195
13196 13195 13152
13196 13193 13195
13196 13152 13160
13169 13196 13160
13189 13193 13197
13196 13197 13193
13198 13196 13169
13198 13197 13196
13199 13197 13198
13198 13169 13179
13189 13197 13200
13189 13200 13194
13199 13200 13197
13199 13194 13200
13191 13194 13201
13191 13201 13202
13201 13194 13203
13199 13203 13194
13202 13201 13204
13203 13204 13201
13202 13204 13205
13206 13205 13204
13203 13207 13204
13207 13203 13199
13208 13199 13198
13198 13179 13208
13179 13209 13208
13208 13210 13199
13207 13199 13210
13210 13208 13209
13210 13211 13207
13207 13212 13204
13206 13204 13212
13207 13211 13212
13179 13213 13209
13179 13044 13213
13044 13209 13213
13210 13214 13211
13210 13209 13214
13209 13211 13214
13044 13215 13209
13209 13215 13211
13044 13039 13215
13211 13215 13039
13211 13039 13216
13212 13211 13216
13039 12981 13216
13206 13212 13217
13212 13216 13217
12981 13217 13216
13206 13217 13218
13217 12966 13218
12981 13219 13217
13217 13219 12966
12965 13219 12981
12966 13219 12965
13220 13221 13222
13221 13223 13222
13224 13225 13226
13224 13227 13225
13227 13228 13225
13229 13230 13231
13229 13231 13232
13233 13229 13232
13233 13234 13229
13233 13235 13234
13233 13236 13235
13236 13233 13237
13232 13237 13233
13236 13237 13238
13231 13239 13232
13232 13239 13237
13231 13240 13239
13239 13240 13241
13239 13241 13242
13237 13239 13242
13243 13242 13241
13244 13242 13243
13242 13244 13245
13238 13237 13246
13237 13242 13246
13242 13245 13246
13238 13246 13247
13247 13246 13245
13247 13245 13248
13249 13250 13251
13249 13251 13252
13253 13249 13252
13253 13254 13249
13255 13252 13251
13255 13251 13256
13257 13253 13252
13257 13252 13255
13258 13254 13253
13258 13253 13257
13258 13259 13254
13260 13259 13258
13260 13258 13261
13262 13261 13258
13258 13257 13262
13262 13263 13261
13262 13264 13263
13262 13265 13264
13257 13265 13262
13257 13266 13265
13255 13266 13257
13255 13267 13266
13256 13267 13255
13256 13268 13267
13269 13270 13271
13272 13270 13269
13273 13272 13269
13273 13269 13274
13275 13273 13274
13275 13274 13276
13277 13272 13273
13275 13277 13273
13275 13278 13277
13277 13279 13272
13280 13278 13275
13279 13281 13272
13272 13281 13270
13282 13281 13279
13282 13283 13281
13281 13283 13270
13282 13284 13283
13276 13285 13275
13276 13286 13285
13280 13275 13287
13287 13275 13285
13270 13283 13288
13289 13283 13284
13289 13284 13290
13289 13290 13291
13283 13292 13288
13283 13289 13292
13293 13288 13292
13289 13291 13294
13289 13294 13292
13295 13294 13291
13285 13286 13296
13286 13297 13296
13296 13297 13298
13294 13299 13292
13300 13292 13299
13295 13301 13294
13294 13301 13299
13302 13301 13295
13302 13299 13301
13303 13299 13302
13302 13295 13304
13305 13303 13302
13304 13306 13302
13305 13302 13306
13304 13307 13306
13308 13306 13307
13305 13309 13298
13305 13306 13309
13298 13309 13296
13308 13310 13306
13310 13309 13306
13310 13308 13311
13312 13296 13309
13312 13309 13310
13312 13285 13296
13287 13285 13312
13310 13313 13312
13313 13287 13312
13310 13311 13314
13310 13314 13313
13315 13314 13311
13313 13314 13315
13315 13311 13316
13315 13316 13317
13313 13318 13287
13318 13280 13287
13318 13319 13280
13318 13320 13319
13313 13315 13321
13318 13313 13321
13315 13317 13322
13322 13321 13315
13322 13317 13323
13318 13324 13320
13318 13321 13324
13322 13325 13321
13325 13324 13321
13320 13324 13326
13325 13326 13324
13320 13326 13327
13322 13323 13328
13328 13325 13322
13329 13326 13325
13328 13329 13325
13327 13326 13330
13329 13330 13326
13327 13330 13331
13330 13332 13331
13330 13333 13332
13329 13333 13330
13333 13334 13332
13335 13328 13323
13335 13323 13336
13337 13335 13336
13338 13329 13328
13338 13328 13335
13329 13338 13333
13337 13339 13335
13339 13338 13335
13339 13337 13340
13333 13341 13334
13341 13342 13334
13343 13333 13338
13343 13341 13333
13339 13343 13338
13341 13344 13342
13343 13344 13341
13345 13342 13344
13339 13340 13346
13347 13346 13340
13348 13343 13339
13343 13348 13344
13348 13339 13346
13345 13344 13349
13349 13344 13348
13347 13350 13346
13346 13350 13348
13351 13345 13349
13351 13352 13345
13353 13352 13351
13353 13354 13352
13347 13355 13350
13347 13356 13355
13357 13355 13356
13349 13348 13358
13350 13358 13348
13359 13351 13349
13359 13353 13351
13360 13354 13353
13360 13361 13354
13357 13362 13355
13362 13357 13363
13358 13364 13349
13359 13349 13364
13365 13361 13360
13365 13366 13361
13367 13366 13365
13367 13365 13368
13365 13369 13368
13368 13370 13367
13368 13371 13370
13369 13371 13368
13371 13372 13370
13360 13373 13365
13365 13373 13369
13360 13374 13373
13375 13373 13374
13353 13374 13360
13369 13373 13376
13375 13376 13373
13353 13377 13374
13375 13374 13377
13353 13378 13377
13375 13377 13379
13379 13377 13378
13353 13380 13378
13359 13380 13353
13381 13380 13359
13378 13380 13381
13382 13381 13359
13382 13359 13364
13379 13378 13383
13381 13384 13378
13384 13383 13378
13385 13375 13379
13385 13379 13383
13385 13386 13375
13385 13383 8329
13375 13386 13387
8329 13383 8328
13384 8328 13383
13375 13387 13376
8298 8328 13384
13388 13376 13387
8298 13384 8293
13381 13389 13384
8293 13384 13389
13381 13382 13389
13388 13390 13376
13390 13388 13391
13369 13376 13390
8293 13389 13392
8281 8293 13392
8281 13392 13389
8281 13389 13382
8281 13382 8280
13364 8280 13382
13390 13391 13393
13369 13390 13393
13391 13394 13393
13391 13395 13394
13394 13395 13396
13369 13393 13397
13394 13397 13393
13369 13397 13371
13364 13398 8280
13358 13398 13364
8280 13398 13399
13399 13398 13358
13399 13358 13350
8280 13399 8283
13400 13399 13350
8283 13399 13400
13400 13350 13355
13401 13371 13397
13394 13401 13397
13402 13401 13394
13401 13403 13371
13402 13403 13401
13371 13403 13372
13372 13403 13404
13402 13404 13403
13372 13404 13405
13406 13405 13404
13406 13404 13402
13406 13407 13405
8283 13400 13408
8283 13408 8277
13409 13400 13355
13400 13409 13408
13408 13409 8277
13409 8276 8277
13409 13355 13362
13409 13410 8276
13362 13410 13409
8243 8276 13410
13411 8243 13410
13362 13411 13410
13411 8230 8243
13407 13406 13412
13407 13412 13413
13411 13362 13414
13362 13363 13414
13363 13415 13414
13363 13416 13415
13417 13415 13416
13418 8230 13411
8232 8230 13418
13411 13414 13419
13419 13414 13415
13418 13411 13419
8232 13418 13420
8232 13420 13421
13418 13419 13422
13419 13415 13422
13418 13422 13420
13423 13421 13420
13423 13424 13421
13420 13422 13425
13425 13422 13415
13420 13425 13423
13417 13426 13415
13425 13415 13426
13424 13423 13427
13424 13427 13428
13423 13425 13429
13426 13429 13425
13423 13429 13427
13430 13426 13417
13426 13430 13429
13430 13417 13431
13431 13432 13430
13429 13430 13432
13431 13433 13432
13432 13433 13434
13435 13428 13427
13435 13436 13428
13437 13427 13429
13429 13432 13437
13437 13435 13427
13432 13434 13438
13437 13432 13438
13439 13436 13435
13439 13440 13436
13441 13435 13437
13437 13438 13441
13441 13439 13435
13438 13442 13441
13439 13441 13442
13434 13443 13438
13438 13443 13442
13434 13444 13443
13443 13444 13445
13440 13439 13446
13439 13442 13446
13447 13446 13442
13440 13446 13448
13448 13446 13447
13448 13447 13449
13447 13450 13449
13451 13442 13443
13443 13445 13451
13445 13452 13451
13445 13453 13452
13452 13453 13454
13451 13455 13442
13447 13442 13455
13447 13456 13450
13456 13457 13450
13452 13458 13451
13451 13458 13455
13447 13455 13459
13447 13459 13456
13455 13458 13460
13459 13455 13460
13456 13461 13457
13461 13462 13457
13463 13456 13459
13463 13459 13460
13463 13464 13456
13464 13461 13456
13460 13465 13463
13464 13466 13461
13467 13465 13460
13460 13458 13467
13467 13458 13452
13467 13452 13468
13461 13466 13469
13452 13470 13468
13461 13471 13462
13461 13469 13471
13472 13462 13471
13472 13471 13469
13472 13473 13462
13472 13474 13473
13452 13475 13470
13452 13454 13475
13470 13475 13476
13454 13476 13475
13470 13476 13477
13454 13478 13476
13469 13479 13472
13472 13480 13474
13472 13479 13480
13481 13474 13480
13481 13480 13482
13482 13480 13479
13482 13483 13481
13478 13483 13484
13478 13484 13476
13482 13484 13483
13476 13485 13477
13476 13484 13485
13485 13484 13482
13477 13485 13486
13482 13479 13487
13485 13482 13487
13487 13486 13485
13488 13487 13479
13489 13486 13490
13489 13490 13491
13491 13492 13493
13493 13492 13494
13494 13492 13469
13495 13496 13497
13495 13498 13496
13498 13495 13499
13496 13498 13500
13501 13500 13498
13496 13500 13502
13502 13500 13503
13503 13500 13501
13502 13503 13504
13498 13499 13505
13501 13498 13505
13499 13506 13505
13506 13501 13505
13499 13507 13506
13506 13508 13501
13501 13508 13509
13504 13503 13510
13504 13510 13511
13503 13501 13512
13510 13503 13512
13501 13509 13512
13510 13512 13513
13509 13513 13512
13509 13514 13513
13515 13516 13517
13515 13517 13518
13519 13515 13518
13518 13520 13519
13519 13521 13515
13519 13522 13521
13519 13523 13522
13520 13523 13519
13520 13524 13523
13525 13524 13520
13517 13526 13518
13518 13526 13520
13517 13527 13526
13526 13527 13528
13526 13528 13529
13520 13526 13529
13529 13528 13530
13529 13530 13531
13520 13529 13532
13531 13532 13529
13525 13520 13532
13531 13533 13532
13533 13525 13532
13533 13534 13525
13535 13536 13537
13535 13538 13536
13539 13538 13535
13539 13535 13540
13541 13539 13540
13541 13542 13539
13542 13543 13539
13543 13538 13539
13542 13544 13543
13543 13544 13545
13536 13538 13546
13543 13546 13538
13536 13546 13547
13543 13545 13548
13548 13546 13543
13549 13548 13545
13550 13548 13549
13547 13546 13551
13548 13551 13546
13550 13551 13548
13547 13551 13552
13550 13553 13551
13553 13552 13551
13553 13554 13552
13555 13556 13557
13555 13557 13558
13555 13558 13559
13555 13559 13560
13561 13558 13557
13559 13558 13561
13561 13557 13562
13560 13559 13563
13560 13563 13564
13565 13561 13562
13566 13561 13565
13565 13562 13567
13565 13567 13568
13559 13561 13569
13569 13563 13559
13566 13569 13561
13565 13568 13570
13570 13566 13565
13571 13570 13568
13572 13564 13563
13572 13573 13564
13569 13574 13563
13566 13574 13569
13574 13572 13563
13573 13572 13575
13573 13575 13576
13575 13577 13576
13574 13578 13572
13575 13572 13578
13575 13579 13577
13579 13580 13577
13566 13581 13574
13578 13574 13581
13579 13575 13582
13575 13578 13582
13583 13582 13578
13578 13581 13584
13583 13578 13584
13579 13582 13585
13583 13585 13582
13579 13586 13580
13587 13586 13579
13587 13579 13585
13580 13586 13588
13587 13588 13586
13580 13588 13589
13588 13590 13589
13588 13591 13590
13591 13592 13590
13587 13593 13588
13593 13591 13588
13594 13584 13581
13584 13595 13583
13584 13594 13595
13594 13581 13596
13596 13581 13566
13595 13594 13597
13596 13597 13594
13596 13566 13598
13570 13598 13566
13599 13596 13598
13596 13599 13597
13600 13598 13570
13599 13598 13600
13600 13570 13601
13571 13601 13570
13602 13601 13571
13602 13571 13603
13602 13603 13604
13605 13600 13601
13601 13602 13605
13602 13604 13606
13606 13604 13607
13605 13608 13600
13608 13599 13600
13602 13609 13605
13602 13606 13609
13609 13608 13605
13606 13607 13610
13611 13610 13607
13612 13610 13611
13612 13611 13613
13612 13613 13614
13606 13610 13615
13606 13615 13609
13612 13615 13610
13612 13614 13616
13616 13614 13617
13608 13618 13599
13609 13619 13608
13618 13608 13619
13620 13609 13615
13620 13619 13609
13612 13621 13615
13621 13620 13615
13612 13616 13622
13612 13622 13621
13623 13621 13622
13621 13624 13620
13623 13624 13621
13625 13624 13623
13624 13626 13620
13626 13619 13620
13624 13625 13626
13627 13622 13616
13627 13623 13622
13599 13618 13628
13599 13628 13597
13629 13597 13628
13618 13619 13630
13626 13630 13619
13631 13628 13618
13631 13618 13630
13626 13631 13630
13629 13628 13631
13626 13632 13631
13625 13632 13626
13627 13616 13633
13616 13617 13633
13634 13633 13617
13634 13617 13635
13636 13634 13635
13637 13627 13633
13637 13633 13634
13636 13638 13634
13637 13634 13638
13636 13639 13638
13636 13640 13639
13641 13631 13632
13629 13631 13641
13637 13642 13627
13627 13642 13623
13637 13638 13643
13643 13638 13639
13640 13644 13639
13640 13645 13644
13646 13644 13645
13646 13647 13644
13648 13647 13646
13648 13649 13647
13639 13644 13650
13647 13650 13644
13651 13647 13649
13647 13651 13650
13651 13649 13652
13652 13653 13651
13652 13654 13653
13651 13653 13655
13651 13655 13650
13654 13656 13653
13656 13655 13653
13654 13657 13656
13639 13650 13658
13643 13639 13658
13657 13659 13656
13657 13660 13659
13650 13661 13658
13650 13655 13661
13658 13662 13643
13658 13661 13662
13656 13663 13655
13659 13663 13656
13664 13661 13655
13664 13662 13661
13664 13655 13663
13665 13659 13660
13665 13660 13666
13643 13662 13667
13643 13667 13637
13637 13667 13642
13664 13668 13662
13668 13667 13662
13659 13669 13663
13665 13669 13659
13670 13664 13663
13670 13668 13664
13670 13663 13669
13671 13642 13667
13668 13671 13667
13670 13672 13668
13672 13671 13668
13673 13670 13669
13673 13672 13670
13671 13674 13642
13674 13623 13642
13672 13675 13671
13675 13674 13671
13674 13676 13623
13625 13623 13676
13677 13676 13674
13675 13677 13674
13678 13675 13672
13673 13678 13672
13673 13669 13679
13673 13679 13680
13665 13679 13669
13665 13680 13679
13676 13681 13625
13677 13681 13676
13682 13677 13675
13678 13682 13675
13683 13681 13677
13682 13683 13677
13625 13681 13684
13683 13684 13681
13683 13682 13685
13678 13685 13682
13678 13673 13686
13673 13680 13686
13678 13686 13687
13678 13687 13685
13688 13687 13686
13688 13686 13680
13625 13684 13689
13684 13690 13689
13625 13689 13632
13690 13632 13689
13684 13683 13691
13683 13685 13691
13692 13685 13687
13688 13692 13687
13693 13692 13688
13692 13694 13685
13694 13691 13685
13684 13691 13695
13684 13695 13690
13696 13695 13691
13694 13696 13691
13697 13694 13692
13693 13697 13692
13690 13698 13632
13699 13698 13690
13641 13632 13698
13698 13700 13641
13698 13699 13700
13700 13629 13641
13701 13690 13695
13696 13701 13695
13702 13696 13694
13697 13702 13694
13702 13703 13696
13703 13701 13696
13704 13690 13701
13699 13690 13704
13697 13705 13702
13703 13702 13705
13703 13706 13701
13706 13704 13701
13703 13707 13706
13707 13704 13706
13708 13699 13704
13707 13708 13704
13697 13709 13705
13693 13709 13697
13703 13710 13707
13703 13705 13710
13707 13710 13711
13712 13710 13705
13712 13711 13710
13713 13708 13707
13707 13711 13713
13714 13705 13709
13714 13712 13705
13715 13711 13712
13713 13711 13716
13715 13716 13711
13717 13712 13714
13717 13715 13712
13713 13718 13708
13713 13716 13719
13719 13718 13713
13720 13708 13718
13708 13720 13699
13721 13714 13709
13722 13717 13714
13722 13714 13721
13721 13709 13723
13693 13723 13709
13723 13724 13721
13722 13721 13724
13693 13725 13723
13723 13725 13724
13720 13718 13726
13720 13727 13699
13726 13727 13720
13699 13727 13728
13699 13728 13700
13726 13718 13729
13719 13729 13718
13726 13730 13727
13728 13727 13730
13726 13729 13731
13731 13730 13726
13700 13728 13732
13728 13730 13733
13732 13728 13733
13731 13734 13730
13733 13730 13734
13735 13734 13731
13700 13732 13736
13700 13736 13629
13629 13736 13737
13732 13737 13736
13732 13738 13737
13733 13734 13739
13735 13739 13734
13732 13733 13740
13740 13738 13732
13741 13733 13739
13741 13740 13733
13629 13737 13742
13629 13742 13597
13595 13597 13742
13595 13742 13737
13595 13737 13743
13738 13743 13737
13743 13583 13595
13743 13744 13583
13583 13744 13585
13744 13743 13745
13738 13745 13743
13585 13744 13746
13744 13745 13746
13585 13746 13587
13747 13746 13745
13747 13745 13738
13748 13587 13746
13747 13748 13746
13748 13593 13587
13747 13738 13749
13750 13748 13747
13749 13750 13747
13593 13748 13751
13750 13751 13748
13738 13752 13749
13752 13738 13740
13741 13752 13740
13593 13751 13753
13593 13753 13591
13753 13754 13591
13591 13754 13592
13751 13755 13753
13753 13755 13754
13756 13592 13754
13756 13757 13592
13758 13757 13756
13758 13756 13759
13760 13756 13754
13759 13756 13760
13760 13754 13755
13759 13760 13761
13760 13762 13761
13763 13760 13755
13760 13763 13762
13751 13764 13755
13763 13755 13764
13765 13762 13763
13765 13763 13764
13765 13766 13762
13767 13766 13765
13768 13764 13751
13765 13764 13768
13768 13751 13750
13767 13765 13769
13768 13769 13765
13750 13770 13768
13768 13770 13769
13767 13769 13771
13767 13771 13772
13773 13772 13771
13750 13774 13770
13749 13774 13750
13749 13775 13774
13770 13774 13775
13749 13752 13775
13769 13770 13776
13769 13776 13771
13770 13775 13776
13752 13777 13775
13752 13741 13777
13778 13776 13775
13771 13776 13778
13778 13775 13777
13741 13779 13777
13779 13778 13777
13741 13739 13779
13735 13779 13739
13778 13780 13771
13773 13771 13780
13773 13780 13781
13773 13781 13782
13783 13782 13781
13779 13784 13778
13778 13784 13780
13735 13784 13779
13781 13780 13784
13735 13785 13784
13781 13784 13785
13786 13785 13735
13786 13781 13785
13783 13781 13787
13786 13787 13781
13786 13735 13788
13735 13731 13788
13789 13783 13787
13789 13790 13783
13787 13786 13791
13791 13786 13788
13787 13791 13789
13731 13792 13788
13791 13788 13792
13731 13729 13792
13790 13789 13793
13790 13793 13794
13789 13791 13795
13795 13791 13792
13789 13795 13793
13796 13792 13729
13795 13792 13796
13796 13729 13719
13797 13794 13793
13797 13798 13794
13799 13798 13797
13800 13793 13795
13800 13795 13796
13800 13797 13793
13801 13796 13719
13800 13796 13801
13801 13719 13716
13799 13797 13802
13803 13799 13802
13797 13800 13804
13804 13800 13801
13797 13804 13802
13805 13801 13716
13804 13801 13805
13805 13716 13715
13803 13802 13806
13807 13803 13806
13802 13804 13808
13808 13804 13805
13802 13808 13806
13809 13805 13715
13808 13805 13809
13809 13715 13717
13807 13806 13810
13808 13810 13806
13807 13810 13811
13807 13811 13812
13813 13812 13811
13808 13814 13810
13814 13808 13809
13814 13811 13810
13815 13809 13717
13814 13809 13815
13815 13717 13722
13815 13722 13816
13722 13724 13816
13814 13815 13817
13815 13816 13817
13813 13811 13818
13819 13813 13818
13819 13818 13820
13818 13821 13820
13818 13822 13821
13822 13818 13811
13822 13823 13821
13814 13824 13811
13814 13817 13824
13822 13811 13824
13822 13824 13817
13822 13825 13823
13822 13817 13825
13825 13817 13816
13825 13826 13823
13825 13816 13827
13825 13827 13826
13827 13816 13724
13827 13828 13826
13827 13724 13829
13827 13829 13828
13829 13724 13725
13828 13829 13830
13829 13725 13830
13828 13830 13831
13832 13831 13830
13833 13830 13725
13832 13830 13833
13833 13725 13834
13693 13834 13725
13693 13835 13834
13833 13834 13835
13693 13688 13835
13688 13680 13835
13832 13833 13836
13833 13835 13836
13836 13835 13680
13832 13836 13837
13836 13838 13837
13836 13680 13839
13836 13839 13838
13665 13839 13680
13666 13838 13839
13666 13839 13665
13840 13841 13842
13840 13842 13843
13844 13840 13843
13845 13843 13842
13844 13843 13846
13847 13844 13846
13845 13848 13843
13846 13843 13848
13847 13846 13849
13850 13847 13849
13851 13848 13845
13851 13845 13852
13852 13853 13851
13853 13854 13851
13851 13854 13855
13851 13855 13856
13848 13851 13856
13857 13856 13855
13846 13848 13858
13848 13856 13858
13846 13858 13859
13846 13859 13849
13856 13859 13858
13857 13860 13856
13856 13860 13859
13861 13860 13857
13859 13862 13849
13850 13849 13862
13861 13863 13860
13864 13863 13861
13860 13865 13859
13859 13865 13862
13860 13863 13865
13866 13850 13862
13866 13867 13850
13866 13868 13867
13869 13862 13865
13869 13865 13863
13869 13866 13862
13864 13870 13863
13869 13863 13870
13870 13864 13871
13866 13869 13872
13872 13869 13870
13866 13873 13868
13866 13872 13873
13870 13871 13874
13872 13870 13874
13875 13874 13871
13875 13872 13874
13876 13875 13871
13877 13868 13873
13877 13878 13868
13879 13878 13877
13880 13873 13872
13875 13880 13872
13880 13877 13873
13881 13875 13876
13880 13875 13881
13881 13876 13882
13883 13881 13882
13877 13880 13884
13880 13881 13884
13883 13885 13881
13885 13884 13881
13885 13883 13886
13879 13877 13887
13877 13884 13887
13888 13879 13887
13888 13887 13884
13888 13889 13879
13885 13890 13884
13888 13884 13890
13885 13886 13891
13890 13885 13891
13892 13889 13888
13892 13893 13889
13894 13888 13890
13890 13891 13894
13894 13892 13888
13895 13891 13886
13895 13886 13896
13897 13895 13896
13897 13898 13895
13895 13898 13899
13900 13894 13891
13900 13891 13895
13900 13892 13894
13895 13899 13900
13901 13893 13892
13900 13901 13892
13899 13901 13900
13901 13902 13893
13899 13903 13901
13901 13904 13902
13901 13903 13904
13905 13906 13907
13905 13907 13908
13908 13909 13905
13908 13910 13909
13910 13911 13909
13910 13912 13911
13912 13913 13911
13912 13914 13913
13914 13915 13913
13914 13916 13915
13917 13915 13916
13917 13916 13918
13919 13917 13918
13919 13918 13920
13921 13919 13920
13921 13920 13922
13923 13921 13922
13923 13922 13924
13924 13925 13923
13924 13926 13925
13927 13925 13926
13927 13926 13928
13929 13927 13928
13929 13928 13930
13931 13927 13929
13931 13929 13932
13932 13929 13933
13932 13933 13934
13932 13934 13935
13935 13934 13936
13935 13936 13937
13938 13939 13940
13940 13941 13938
13940 13942 13941
13943 13942 13940
13938 13941 13944
13945 13938 13944
13941 13942 13946
13941 13946 13947
13948 13941 13947
13944 13941 13948
13946 13942 13949
13950 13944 13948
13949 13942 13951
13943 13951 13942
13949 13951 13952
13952 13951 13953
13943 13953 13951
13954 13952 13953
13955 13944 13950
13945 13944 13955
13950 13956 13955
13955 13956 13945
13950 13957 13956
13945 13956 13958
13956 13959 13958
13957 13960 13956
13956 13960 13959
13957 13961 13960
13960 13961 13413
13960 13413 13412
13962 13959 13960
13412 13962 13960
13963 13959 13962
13963 13962 13964
13964 13965 13963
13966 13965 13964
13967 13962 13412
13962 13967 13964
13968 13966 13964
13967 13968 13964
13969 13966 13968
13970 13967 13412
13970 13412 13406
13406 13402 13970
13967 13970 13971
13402 13971 13970
13972 13968 13967
13967 13971 13972
13969 13968 13973
13972 13973 13968
13402 13974 13971
13402 13394 13974
13394 13396 13974
13974 13396 13975
13974 13975 13971
13971 13975 13976
13971 13976 13972
13976 13973 13972
13976 13977 13973
13969 13973 13978
13978 13973 13977
13969 13978 13979
13978 13977 13954
13954 13953 13978
13980 13979 13978
13980 13978 13953
13943 13980 13953
13980 13943 13981
13981 13943 13982
13981 13982 13983
13982 13984 13983
13985 13986 13984
13987 13986 13985
13987 13985 13945
13988 13989 13990
13988 13991 13989
13989 13991 13992
13989 13992 13993
13994 13995 13996
13994 13996 13997
13997 13998 13994
13997 13999 13998
13999 14000 13998
13999 14001 14000
14001 14002 14000
14001 14003 14002
14003 14004 14002
14003 14005 14004
14006 14004 14005
14006 14005 14007
14008 14006 14007
14008 14007 14009
14010 14008 14009
14010 14009 14011
14012 14010 14011
14012 14011 14013
14013 14014 14012
14013 14015 14014
14016 14014 14015
14016 14015 14017
14018 14016 14017
14018 14019 14016
14020 14019 14018
14020 14021 14019
14022 14021 14020
14022 14023 14021
14024 14023 14022
14024 14025 14023
14026 14025 14024
14026 14027 14025
14028 14029 14030
14028 14030 14031
14032 14028 14031
14032 14033 14028
14034 14033 14032
14034 14035 14033
14036 14035 14034
14036 14037 14035
14036 14038 14037
14036 14039 14038
14040 14038 14039
14040 14039 14041
14042 14040 14041
14042 14041 14043
14044 14042 14043
14044 14043 14045
14046 14044 14045
14046 14045 14047
14048 14046 14047
14048 14049 14046
14050 14049 14048
14050 14048 14051
14051 14052 14050
14051 14053 14052
14054 14053 14051
14054 14051 14055
14054 14056 14053
14054 14057 14056
14054 14058 14057
14057 14058 14059
14057 14059 14060
14061 14062 14063
14061 14063 14064
14065 14066 14067
14065 14067 14068
14069 14065 14068
14070 14068 14067
14070 14071 14068
14069 14068 14072
14071 14072 14068
14072 14073 14069
14071 14074 14072
14072 14075 14073
14075 14072 14074
14075 14074 14076
14077 14075 14076
14075 14078 14073
14077 14079 14075
14075 14079 14078
14079 14077 14080
14079 14080 14081
14078 14079 14081
14081 14080 14082
14078 14081 14083
14084 14078 14083
14081 14082 14085
14081 14085 14083
14086 14083 14085
14087 14085 14082
14088 14086 14085
14087 14089 14085
14088 14085 14089
14090 14088 14089
14089 14091 14090
14092 14089 14087
14089 14093 14091
14092 14093 14089
14093 14092 14094
14093 14095 14091
14093 14094 14095
14092 14096 14094
14096 14097 14094
14094 14098 14095
14094 14097 14099
14094 14100 14098
14094 14099 14100
14101 14098 14100
14100 14099 14102
14101 14100 14103
14100 14102 14103
14104 14101 14103
14102 14105 14103
14104 14103 14105
14102 14106 14105
14107 14105 14106
14108 14104 14105
14108 14105 14107
14107 14106 14109
14107 14110 14108
14107 14109 14111
14107 14112 14110
14113 14110 14112
14107 14111 14114
14107 14114 14112
14114 14111 14115
14113 14112 14116
14117 14113 14116
14118 14116 14112
14118 14112 14114
14117 14116 14119
14116 14118 14119
14120 14117 14119
14121 14114 14115
14121 14115 14122
14123 14121 14122
14123 14124 14121
14125 14121 14124
14126 14114 14121
14125 14126 14121
14126 14118 14114
14127 14126 14125
14127 14128 14126
14128 14118 14126
14129 14128 14127
14128 14130 14118
14118 14130 14119
14129 14131 14128
14131 14130 14128
14131 14129 14132
14131 14132 14133
14134 14133 14132
14134 14135 14133
14136 14131 14133
14135 14136 14133
14131 14137 14130
14136 14137 14131
14130 14138 14119
14130 14137 14138
14138 14139 14119
14120 14119 14139
14140 14120 14139
14137 14141 14138
14141 14139 14138
14137 14136 14141
14140 14139 14142
14141 14142 14139
14143 14140 14142
14143 14142 14144
14145 14142 14141
14136 14145 14141
14145 14144 14142
14136 14146 14145
14135 14146 14136
14146 14147 14145
14147 14144 14145
14148 14146 14135
14146 14148 14147
14147 14149 14144
14144 14149 14150
14144 14150 14151
14149 14152 14150
14153 14149 14147
14148 14153 14147
14149 14154 14152
14153 14154 14149
14155 14152 14154
14155 14154 14156
14156 14154 14153
14156 14157 14155
14156 14158 14157
14158 14159 14157
14158 14160 14159
14161 14160 14158
14161 14162 14160
14163 14159 14160
14163 14160 14162
14164 14163 14162
14156 14165 14158
14161 14158 14165
14166 14156 14153
14156 14166 14165
14164 14162 14167
14168 14164 14167
14168 14167 14169
14170 14168 14169
14166 14153 14171
14148 14171 14153
14172 14167 14162
14172 14169 14167
14172 14162 14173
14162 14174 14173
14161 14174 14162
14175 14174 14161
14172 14176 14169
14177 14175 14161
14170 14169 14178
14176 14178 14169
14179 14170 14178
14176 14180 14178
14179 14178 14181
14181 14178 14180
14181 14180 14182
14183 14179 14181
14182 14184 14181
14183 14181 14185
14184 14185 14181
14184 14186 14185
14187 14183 14185
14188 14185 14186
14187 14185 14189
14188 14189 14185
14187 14189 14190
14191 14189 14188
14189 14192 14190
14191 14192 14189
14192 14193 14190
14192 14194 14193
14195 14192 14191
14194 14192 14195
14196 14194 14195
14195 14191 14197
14196 14195 14198
14199 14195 14197
14195 14199 14198
14199 14197 14200
14199 14201 14198
14202 14199 14200
14199 14203 14201
14202 14203 14199
14204 14201 14203
14202 14205 14203
14204 14203 14205
14202 14206 14205
14207 14204 14205
14205 14206 14208
14207 14205 14209
14205 14208 14209
14210 14207 14209
14210 14209 14067
14208 14067 14209
14208 14211 14067
14212 14213 14214
14215 14212 14214
14214 14216 14215
14217 14215 14216
14217 14218 14215
14219 14218 14217
14219 14220 14218
14221 14220 14219
14221 14219 14222
14221 14222 14223
14224 14221 14223
14225 14223 14222
14226 14224 14223
14225 14226 14223
14226 14227 14224
14225 14228 14226
14229 14227 14226
14228 14230 14226
14231 14229 14226
14230 14232 14226
14233 14231 14226
14232 14234 14226
14234 14233 14226
14235 14236 14237
14235 14238 14236
14235 14239 14238
14240 14238 14239
14240 14241 14238
14242 14241 14240
14242 14243 14241
14244 14243 14242
14244 14245 14243
14246 14245 14244
14246 14247 14245
14248 14247 14246
14248 14246 14249
14250 14248 14249
14250 14249 14251
14252 14250 14251
14252 14253 14250
14254 14253 14252
14254 14252 14255
14256 14254 14255
14256 14257 14254
14258 14257 14256
14258 14259 14257
14259 14258 14260
14261 14259 14260
14261 14260 14262
14263 14261 14262
14263 14264 14261
14263 14265 14264
14265 14266 14264
14265 14267 14266
14267 14268 14266
14267 14269 14268
14270 14271 14272
14273 14270 14272
14273 14274 14270
14275 14274 14273
14275 14276 14274
14275 14277 14276
14275 14278 14277
14279 14277 14278
14279 14280 14277
14279 14281 14280
14279 14282 14281
14283 14284 14285
14283 14285 14286
14286 14287 14283
14288 14287 14286
14288 14286 14289
14289 14290 14288
14289 14291 14290
14292 14290 14291
14292 14291 14293
14294 14292 14293
14294 14293 14295
14295 14296 14294
14295 14297 14296
14297 14298 14296
14297 14299 14298
14300 14298 14299
14300 14301 14298
14300 14302 14301
14300 14303 14302
14303 14304 14302
14303 14305 14304
14306 14304 14305
14306 14305 14307
14308 14306 14307
14308 14307 14309
14310 14308 14309
14310 14309 14311
14312 14310 14311
14312 14313 14310
14312 14314 14313
14312 14315 14314
14315 14316 14314
14315 14317 14316
14317 14318 14316
14317 14319 14318
14320 14321 14177
14320 14177 14322
14177 14161 14322
14322 14161 14165
14320 14322 14323
14322 14165 14323
14320 14323 14324
14323 14165 14166
14324 14323 14325
14323 14166 14325
14324 14325 14326
14325 14166 14171
14326 14325 14327
14325 14171 14327
14326 14327 14328
14327 14171 14148
14328 14327 14329
14327 14148 14329
14328 14329 14330
14148 14135 14329
14135 14330 14329
14135 14331 14330
14332 14333 14334
14332 14335 14333
14335 14336 14333
14335 14332 14337
14335 14338 14336
14338 14339 14336
14338 14340 14339
14340 14341 14339
14340 14342 14341
14338 14335 14343
14340 14338 14343
14342 14340 14344
14340 14343 14344
14342 14344 14345
14335 14337 14346
14335 14346 14343
14337 14347 14346
14347 14343 14346
14337 14348 14347
14349 14345 14344
14349 14350 14345
14351 14344 14343
14347 14351 14343
14351 14349 14344
14348 14352 14347
14352 14351 14347
14348 14353 14352
14354 14350 14349
14354 14355 14350
14356 14349 14351
14352 14356 14351
14356 14354 14349
14353 14357 14352
14357 14356 14352
14353 14358 14357
14359 14355 14354
14359 14360 14355
14361 14354 14356
14357 14361 14356
14361 14359 14354
14358 14362 14357
14362 14361 14357
14358 14363 14362
14364 14360 14359
14364 14365 14360
14366 14359 14361
14362 14366 14361
14366 14364 14359
14363 14367 14362
14367 14366 14362
14363 14368 14367
14369 14365 14364
14369 14370 14365
14371 14364 14366
14367 14371 14366
14371 14369 14364
14368 14372 14367
14372 14371 14367
14368 14373 14372
14372 14373 14374
14375 14370 14369
14375 14376 14370
14377 14376 14375
14378 14369 14371
14372 14378 14371
14378 14375 14369
14377 14375 14379
14375 14378 14379
14380 14377 14379
14372 14374 14381
14378 14372 14381
14374 14382 14381
14374 14383 14382
14382 14383 14384
14382 14384 14385
14378 14381 14386
14382 14386 14381
14378 14386 14379
14387 14382 14385
14382 14387 14386
14387 14379 14386
14387 14385 14388
14380 14379 14389
14387 14389 14379
14389 14387 14388
14390 14380 14389
14389 14388 14391
14390 14389 14391
14392 14393 14394
14392 14395 14393
14396 14395 14392
14397 14393 14395
14397 14395 14398
14396 14399 14395
14398 14395 14399
14399 14396 14400
14398 14399 14401
14399 14400 14402
14402 14401 14399
14402 14403 14401
14404 14403 14402
14402 14400 14405
14404 14402 14406
14402 14405 14406
14406 14407 14404
14406 14408 14407
14405 14408 14406
14408 14409 14407
14405 14410 14408
14411 14410 14405
14408 14412 14409
14408 14410 14412
14413 14412 14410
14414 14409 14412
14415 14412 14413
14414 14412 14416
14415 14416 14412
14417 14416 14415
14416 14417 14418
14419 14414 14416
14416 14418 14420
14419 14416 14420
14420 14421 14419
14420 14418 14422
14420 14422 14421
14421 14423 14419
14423 14421 14424
14421 14422 14425
14421 14426 14424
14421 14425 14427
14421 14427 14426
14428 14427 14425
14427 14429 14426
14428 14430 14427
14427 14430 14429
14431 14430 14428
14429 14430 14432
14431 14432 14430
14429 14432 14433
14434 14433 14432
14435 14432 14431
14435 14434 14432
14434 14436 14433
14434 14435 14437
14434 14438 14436
14434 14437 14439
14440 14439 14437
14434 14441 14438
14434 14439 14441
14442 14438 14441
14440 14443 14439
14444 14443 14440
14445 14439 14443
14445 14441 14439
14444 14446 14443
14443 14446 14445
14447 14446 14444
14448 14442 14441
14448 14449 14442
14450 14449 14448
14450 14448 14451
14452 14451 14448
14453 14448 14441
14452 14448 14453
14453 14441 14445
14454 14452 14453
14454 14453 14455
14455 14453 14445
14456 14454 14455
14455 14445 14457
14446 14457 14445
14456 14455 14458
14458 14455 14457
14458 14459 14456
14458 14460 14459
14461 14459 14460
14461 14460 14462
14463 14460 14458
14462 14460 14463
14458 14457 14464
14463 14458 14464
14457 14446 14465
14457 14465 14464
14465 14446 14466
14447 14466 14446
14467 14466 14447
14464 14465 14468
14468 14465 14466
14464 14468 14463
14467 14469 14466
14468 14466 14469
14470 14469 14467
14470 14471 14469
14472 14468 14469
14463 14468 14472
14472 14469 14471
14463 14472 14473
14462 14463 14473
14473 14472 14474
14474 14472 14471
14475 14462 14473
14473 14474 14475
14474 14471 14476
14471 14477 14476
14471 14478 14477
14476 14477 14479
14480 14474 14476
14475 14474 14480
14476 14479 14481
14480 14476 14481
14482 14481 14479
14482 14483 14481
14483 14480 14481
14483 14482 14484
14483 14484 14485
14485 14484 14486
14485 14486 14487
14488 14485 14487
14488 14487 14489
14490 14487 14486
14490 14489 14487
14491 14489 14490
14483 14485 14492
14488 14492 14485
14493 14480 14483
14483 14492 14493
14491 14494 14489
14495 14494 14491
14495 14496 14494
14497 14496 14495
14493 14498 14480
14475 14480 14498
14499 14489 14494
14499 14494 14496
14499 14500 14489
14489 14500 14501
14488 14489 14501
14488 14501 14502
14499 14496 14503
14504 14488 14502
14497 14505 14496
14503 14496 14505
14506 14505 14497
14503 14505 14507
14506 14508 14505
14508 14507 14505
14508 14509 14507
14509 14508 14510
14511 14508 14506
14510 14508 14512
14511 14512 14508
14510 14512 14513
14514 14513 14512
14515 14512 14511
14514 14512 14515
14516 14515 14511
14516 14517 14515
14518 14514 14515
14515 14517 14519
14518 14515 14519
14519 14517 14520
14519 14520 14521
14522 14518 14519
14521 14522 14519
14523 14522 14521
14522 14524 14518
14523 14525 14522
14526 14524 14522
14525 14526 14522
14526 14527 14524
14526 14525 14528
14529 14527 14526
14526 14528 14530
14529 14526 14530
14531 14530 14528
14529 14530 14532
14531 14532 14530
14529 14532 14533
14534 14532 14531
14532 14535 14533
14534 14536 14532
14532 14536 14535
14537 14536 14534
14537 14393 14536
14535 14536 14393
14535 14393 14538
14539 14540 14541
14539 14541 14542
14542 14543 14539
14544 14543 14542
14544 14542 14545
14546 14544 14545
14546 14545 14547
14548 14546 14547
14548 14549 14546
14549 14548 14550
14548 14551 14550
14552 14549 14550
14550 14551 14553
14552 14550 14554
14550 14553 14554
14552 14554 14555
14554 14553 14556
14554 14557 14555
14554 14556 14558
14554 14559 14557
14554 14558 14560
14554 14561 14559
14554 14560 14561
14562 14563 14564
14562 14564 14565
14562 14565 14566
14567 14566 14565
14567 14565 14568
14569 14567 14568
14569 14568 14570
14571 14569 14570
14571 14570 14572
14573 14571 14572
14573 14572 14574
14575 14573 14574
14575 14576 14573
14577 14576 14575
14577 14578 14576
14579 14578 14577
14579 14577 14580
14581 14579 14580
14581 14582 14579
14583 14582 14581
14583 14581 14584
14585 14583 14584
14585 14584 14586
14587 14585 14586
14588 14587 14586
14588 14586 14589
14590 14588 14589
14590 14589 14591
14590 14591 14592
14591 14593 14592
14591 14594 14593
14594 14595 14593
14594 14596 14595
14597 14598 14599
14600 14598 14597
14600 14597 14601
14602 14600 14601
14602 14601 14603
14602 14603 14604
14602 14604 14605
14606 14605 14604
14606 14604 14607
14606 14607 14608
14606 14608 14609
14610 14611 14612
14613 14610 14612
14612 14614 14613
14615 14613 14614
14615 14616 14613
14616 14615 14617
14616 14617 14618
14619 14618 14617
14619 14620 14618
14621 14620 14619
14621 14622 14620
14622 14621 14623
14622 14623 14624
14624 14623 14625
14624 14625 14626
14627 14626 14625
14627 14625 14628
14627 14628 14629
14627 14629 14630
14630 14629 14631
14630 14631 14632
14633 14632 14631
14633 14634 14632
14635 14634 14633
14635 14636 14634
14637 14636 14635
14637 14638 14636
14639 14638 14637
14639 14637 14640
14639 14640 14641
14639 14641 14642
14641 14643 14642
14641 14644 14643
14643 14644 14645
14643 14645 14646
14647 14504 14648
14647 14649 14504
14504 14649 14488
14649 14492 14488
14647 14650 14649
14649 14650 14492
14647 14651 14650
14650 14493 14492
14651 14652 14650
14650 14652 14493
14651 14653 14652
14652 14498 14493
14653 14654 14652
14652 14654 14498
14653 14655 14654
14654 14475 14498
14655 14656 14654
14654 14656 14475
14655 14657 14656
14475 14656 14462
14462 14656 14657
14462 14657 14658
14659 14660 14661
14659 14661 14662
14662 14661 14663
14662 14664 14659
14662 14663 14665
14665 14663 14666
14665 14666 14667
14667 14666 14668
14667 14668 14669
14665 14670 14662
14667 14670 14665
14669 14671 14667
14667 14671 14670
14669 14672 14671
14662 14673 14664
14662 14670 14673
14664 14673 14674
14674 14673 14670
14664 14674 14675
14676 14671 14672
14676 14672 14677
14678 14670 14671
14674 14670 14678
14678 14671 14676
14675 14674 14679
14679 14674 14678
14675 14679 14680
14681 14676 14677
14681 14677 14682
14683 14678 14676
14679 14678 14683
14683 14676 14681
14680 14679 14684
14684 14679 14683
14680 14684 14685
14686 14681 14682
14686 14682 14687
14688 14683 14681
14684 14683 14688
14688 14681 14686
14685 14684 14689
14689 14684 14688
14685 14689 14690
14691 14686 14687
14691 14687 14692
14693 14688 14686
14689 14688 14693
14693 14686 14691
14690 14689 14694
14694 14689 14693
14690 14694 14695
14696 14691 14692
14696 14692 14697
14698 14693 14691
14694 14693 14698
14698 14691 14696
14695 14694 14699
14699 14694 14698
14695 14699 14700
14699 14701 14700
14702 14696 14697
14702 14697 14703
14704 14702 14703
14705 14698 14696
14699 14698 14705
14705 14696 14702
14704 14706 14702
14702 14706 14705
14707 14706 14704
14699 14708 14701
14705 14708 14699
14701 14708 14709
14701 14709 14710
14709 14711 14710
14709 14712 14711
14705 14713 14708
14709 14708 14713
14705 14706 14713
14714 14712 14709
14709 14713 14714
14714 14713 14706
14714 14715 14712
14707 14716 14706
14714 14706 14716
14716 14715 14714
14717 14716 14707
14716 14718 14715
14717 14718 14716
14719 14720 14721
14722 14719 14721
14722 14723 14719
14722 14721 14724
14721 14725 14724
14726 14722 14724
14726 14724 14727
14726 14727 14728
14726 14728 14729
14730 14729 14728
14730 14731 14729
14730 14728 14732
14732 14733 14730
14728 14734 14732
14735 14736 14737
14735 14737 14738
14739 14735 14738
14739 14738 14740
14741 14739 14740
14741 14740 14742
14743 14741 14742
14743 14742 14744
14745 14743 14744
14745 14744 14746
14747 14745 14746
14747 14746 14748
14749 14747 14748
14749 14748 14750
14751 14749 14750
14751 14750 14752
14753 14751 14752
14753 14752 14754
14755 14753 14754
14755 14754 14756
14757 14755 14756
14757 14756 14758
14759 14757 14758
14759 14758 14760
14759 14760 14761
14760 14762 14761
14762 14763 14761
14759 14761 14764
14765 14759 14764
14763 14766 14761
14766 14763 14767
14766 14767 14768
14761 14766 14769
14761 14769 14764
14769 14766 14768
14765 14764 14770
14769 14770 14764
14770 14769 14768
14771 14765 14770
14770 14768 14772
14772 14771 14770
14773 14774 14775
14773 14775 14776
14777 14773 14776
14777 14776 14778
14779 14777 14778
14779 14780 14777
14781 14780 14779
14781 14782 14780
14783 14782 14781
14783 14784 14782
14785 14784 14783
14785 14786 14784
14787 14786 14785
14787 14788 14786
14789 14788 14787
14789 14790 14788
14791 14790 14789
14791 14792 14790
14793 14792 14791
14793 14794 14792
14795 14794 14793
14795 14796 14794
14797 14796 14795
14797 14798 14796
14799 14798 14797
14799 14800 14798
14799 14801 14800
14800 14801 14802
14802 14801 14803
14799 14804 14801
14805 14804 14799
14801 14806 14803
14806 14807 14803
14808 14807 14806
14801 14809 14806
14801 14804 14809
14809 14808 14806
14805 14810 14804
14809 14804 14810
14810 14808 14809
14811 14810 14805
14810 14812 14808
14812 14810 14811
14813 14814 14815
14813 14816 14814
14816 14817 14818
14816 14818 14819
14817 14820 14818
14817 14821 14820
14821 14822 14820
14821 14823 14822
14822 14823 14824
14823 14825 14824
14825 14826 14824
14825 14827 14826
14826 14827 14828
14822 14824 14829
14829 14824 14826
14820 14822 14830
14830 14822 14829
14818 14820 14831
14820 14830 14831
14818 14831 14832
14832 14819 14818
14832 14833 14819
14833 14834 14819
14833 14835 14834
14836 14831 14830
14837 14836 14830
14837 14830 14838
14830 14829 14838
14839 14837 14838
14838 14829 14840
14829 14826 14840
14839 14838 14841
14838 14840 14841
14842 14839 14841
14842 14841 14843
14840 14843 14841
14844 14842 14843
14840 14826 14845
14840 14845 14843
14844 14843 14846
14846 14843 14845
14847 14844 14846
14826 14848 14845
14826 14828 14848
14848 14828 14849
14845 14848 14850
14848 14849 14850
14845 14850 14851
14846 14845 14851
14850 14849 14852
14851 14850 14852
14849 14853 14852
14852 14853 14854
14847 14846 14855
14856 14847 14855
14846 14851 14857
14851 14852 14857
14846 14857 14855
14852 14854 14858
14857 14852 14858
14858 14854 14859
14856 14855 14860
14855 14857 14860
14857 14858 14860
14860 14858 14859
14861 14856 14860
14860 14859 14862
14861 14860 14862
14863 14861 14862
14862 14859 14864
14863 14862 14865
14862 14864 14865
14866 14863 14865
14864 14867 14865
14866 14865 14867
14864 14868 14867
14869 14866 14867
14867 14868 14870
14869 14867 14871
14867 14870 14871
14872 14869 14871
14871 14870 14873
14872 14871 14874
14871 14873 14874
14875 14872 14874
14875 14874 14876
14873 14876 14874
14873 14877 14876
14878 14879 14880
14878 14880 14881
14878 14881 14882
14883 14884 14885
14883 14885 14886
14887 14883 14886
14888 14889 14890
14889 14888 14891
14889 14891 14892
14893 14894 14895
14896 14895 14894
14896 14897 14895
14898 14899 14900
14898 14901 14899
14902 14901 14898
14903 14904 14905
14906 14903 14905
14906 14905 14907
14908 14909 14910
14911 14908 14910
14911 14910 14912
14913 14914 14915
14913 14915 14916
14916 14915 14917
14916 14917 14918
14917 14919 14918
14919 14920 14918
14919 14921 14920
14918 14920 14922
14923 14918 14922
14923 14924 14918
14925 14924 14923
14925 14923 14926
14927 14925 14926
14927 14928 14925
14929 14928 14927
14930 14920 14921
14929 14927 14931
14930 14921 14932
14932 14921 14933
14934 14930 14932
14935 14932 14933
14936 14929 14931
14937 14929 14936
14931 14938 14936
14937 14936 14939
14931 14940 14938
14941 14937 14939
14940 14942 14938
14941 14939 14943
14940 14944 14942
14945 14941 14943
14944 14946 14942
14945 14943 14947
14948 14945 14947
14948 14947 14949
14944 14950 14946
14950 14951 14946
14950 14952 14951
14952 14953 14951
14952 14954 14953
14954 14955 14953
14954 14956 14955
14957 14958 14959
14957 14959 14960
14959 14961 14960
14959 14962 14961
14962 14963 14961
14962 14964 14963
14964 14965 14963
14964 14966 14965
14966 14967 14965
14966 14968 14967
14968 14969 14967
14968 14970 14969
14970 14971 14969
14970 14972 14971
14973 14971 14972
14973 14972 14974
14974 14972 14975
14974 14975 14976
14977 14973 14974
14978 14974 14976
14977 14974 14978
14978 14976 14979
14980 14977 14978
14978 14979 14981
14982 14977 14980
14979 14983 14981
14982 14980 14984
14979 14985 14983
14985 14986 14983
14985 14987 14986
14987 14988 14986
14987 14989 14988
14989 14990 14988
14989 14991 14990
14992 14982 14984
14992 14984 14934
14934 14932 14992
14932 14993 14992
14935 14993 14932
14993 14935 14994
14993 14994 14995
14994 14996 14995
14994 14997 14996
14997 14998 14996
14997 14999 14998
14999 15000 14998
14999 15001 15000
15001 15002 15000
15001 15003 15002
15004 15005 15006
15004 15007 15005
15007 15008 15005
15007 15009 15008
15008 15009 15010
15010 15009 15011
15010 15011 15012
15009 15013 15011
15014 15013 15009
15014 15009 15015
15016 15014 15015
15016 15017 15014
15018 15017 15016
15018 15016 15019
15020 15018 15019
15021 15012 15011
15020 15022 15018
15021 15023 15012
15023 15024 15012
15025 15023 15021
15026 15024 15023
15027 15022 15020
15028 15027 15020
15022 15027 15029
15028 15030 15027
15022 15029 15031
15032 15030 15028
15031 15029 15033
15032 15034 15030
15031 15033 15035
15036 15034 15032
15035 15033 15037
15036 15038 15034
15039 15038 15036
15039 15040 15038
15035 15037 15041
15041 15037 15042
15041 15042 15043
15043 15042 15044
15043 15044 15045
15045 15044 15046
15045 15046 15047
15048 15049 15050
15048 15051 15049
15049 15051 15052
15049 15052 15053
15053 15052 15054
15053 15054 15055
15055 15054 15056
15055 15056 15057
15057 15056 15058
15057 15058 15059
15059 15058 15060
15059 15060 15061
15061 15060 15062
15061 15062 15063
15064 15063 15062
15064 15065 15063
15065 15066 15063
15065 15067 15066
15068 15065 15064
15069 15067 15065
15068 15069 15065
15069 15070 15067
15071 15069 15068
15069 15072 15070
15073 15071 15068
15070 15072 15074
15073 15075 15071
15070 15074 15076
15076 15074 15077
15076 15077 15078
15078 15077 15079
15078 15079 15080
15080 15079 15081
15080 15081 15082
15083 15075 15073
15083 15025 15075
15025 15083 15023
15023 15083 15084
15026 15023 15084
15084 15085 15026
15084 15086 15085
15085 15086 15087
15085 15087 15088
15088 15087 15089
15088 15089 15090
15090 15089 15091
15090 15091 15092
15092 15091 15093
15092 15093 15094
15095 15096 15097
15095 15097 15098
15098 15099 15095
15098 15100 15099
15100 15101 15099
15100 15102 15101
15103 15101 15102
15103 15102 15104
15105 15106 15107
15105 15108 15106
15109 15106 15108
15109 15110 15106
15111 15110 15109
15111 15109 15112
15111 15112 15113
15111 15113 15114
15115 15116 15117
15118 15117 15116
15118 15119 15117
15120 15119 15118
15120 15121 15119
15120 15122 15121
15120 15123 15122
15121 15122 15124
15124 15122 15125
15122 15123 15126
15122 15126 15125
15127 15125 15126
15127 15126 15128
15128 15129 15127
15128 15130 15129
15131 15129 15130
15132 15133 15134
15135 15134 15133
15135 15136 15134
15137 15136 15135
15137 15138 15136
15137 15139 15138
15137 15140 15139
15138 15139 15141
15141 15139 15142
15139 15140 15143
15139 15143 15142
15143 15144 15142
15143 15145 15144
15145 15146 15144
15145 15147 15146
15147 15148 15146
15149 15150 15151
15152 15151 15150
15152 15153 15151
15154 15153 15152
15154 15155 15153
15154 15156 15155
15154 15157 15156
15156 15158 15155
15158 15156 15159
15156 15157 15160
15156 15160 15159
15160 15161 15159
15160 15162 15161
15162 15163 15161
15162 15164 15163
15164 15165 15163
15166 15167 15168
15169 15166 15168
15169 15168 15170
15171 15169 15170
15171 15170 15172
15173 15171 15172
15173 15174 15171
15175 15173 15172
15173 15175 15176
15177 15174 15173
15177 15173 15176
15177 15176 15178
15177 15178 15179
15179 15178 15180
15179 15180 15181
15182 15181 15180
15183 15184 15185
15186 15183 15185
15186 15187 15183
15188 15187 15186
15188 15186 15189
15189 15190 15188
15189 15191 15190
15190 15192 15188
15192 15190 15193
15190 15191 15194
15190 15194 15193
15194 15195 15193
15194 15196 15195
15196 15197 15195
15196 15198 15197
15198 15199 15197
15200 15201 15202
15200 15202 15203
15200 15203 15204
15204 15203 15205
15204 15205 15206
15207 15206 15205
15205 15208 15207
15207 15209 15206
15207 15210 15209
15207 15211 15210
15207 15208 15212
15211 15213 15210
15211 15214 15213
15211 15215 15214
15215 15216 15214
15217 15216 15215
15218 15217 15215
15218 15215 15211
15219 15218 15211
15220 15219 15211
15220 15211 15207
15221 15220 15207
15222 15221 15207
15221 15222 15223
15221 15223 15224
15224 15223 15225
15224 15225 15226
15225 15227 15226
15207 15228 15222
15229 15228 15207
15229 15207 15230
15230 15207 15212
15230 15231 15229
15212 15232 15230
15233 15229 15231
15234 15232 15212
15233 15235 15229
15234 15236 15232
15237 15235 15233
15237 15238 15235
15237 15239 15238
15240 15236 15234
15240 15241 15236
15240 15242 15241
15243 15244 15245
15243 15246 15244
15246 15243 15247
15246 15247 15248
15248 15247 15249
15248 15249 15250
15251 15250 15249
15251 15252 15250
15253 15254 15255
15253 15255 15256
15257 15256 15255
15257 15255 15258
15259 15257 15258
15259 15260 15257
15259 15261 15260
15259 15262 15261
15263 15264 15265
15266 15265 15264
15266 15264 15267
15268 15266 15267
15268 15267 15269
15268 15269 15270
15268 15270 15271
15269 15272 15270
15272 15273 15270
15270 15274 15271
15270 15273 15274
15275 15274 15273
15275 15276 15274
15276 15275 15277
15276 15277 15278
15279 15278 15277
15280 15281 15282
15283 15282 15281
15283 15281 15284
15285 15283 15284
15285 15284 15286
15285 15286 15287
15285 15287 15288
15286 15289 15287
15289 15290 15287
15287 15291 15288
15287 15290 15291
15291 15290 15292
15291 15292 15293
15293 15292 15294
15293 15294 15295
15295 15294 15296
15297 15298 15299
15300 15299 15298
15300 15298 15301
15302 15300 15301
15302 15301 15303
15302 15303 15304
15302 15304 15305
15304 15303 15306
15306 15307 15304
15304 15308 15305
15304 15307 15308
15308 15307 15309
15308 15309 15310
15310 15309 15311
15310 15311 15312
15312 15311 15313
15314 15315 15316
15317 15315 15314
15317 15318 15315
15319 15318 15317
15319 15320 15318
15321 15320 15319
15321 15319 15322
15323 15320 15321
15321 15324 15323
15325 15321 15322
15325 15324 15321
15325 15326 15324
15325 15327 15326
15327 15328 15326
15327 15329 15328
15330 15328 15329
15331 15332 15333
15334 15332 15331
15334 15331 15335
15336 15334 15335
15336 15337 15334
15337 15336 15338
15337 15338 15339
15338 15336 15340
15340 15341 15338
15338 15342 15339
15338 15341 15342
15342 15341 15343
15342 15343 15344
15344 15343 15345
15344 15345 15346
15346 15345 15347
15348 15349 15350
15348 15351 15349
15348 15352 15351
15352 15353 15351
15352 15354 15353
15353 15354 15355
15355 15356 15353
15354 15357 15355
15355 15357 15358
15355 15358 15359
15360 15356 15355
15359 15358 15361
15359 15361 15362
15359 15362 15363
15363 15362 15364
15365 15363 15364
15366 15363 15365
15366 15359 15363
15367 15359 15366
15368 15359 15367
15368 15355 15359
15355 15368 15369
15355 15369 15370
15369 15371 15370
15369 15372 15371
15372 15373 15371
15372 15374 15373
15373 15374 15375
15370 15376 15355
15355 15376 15377
15378 15355 15377
15360 15355 15378
15377 15379 15378
15378 15380 15360
15381 15379 15377
15382 15360 15380
15381 15377 15383
15382 15380 15384
15385 15381 15383
15385 15383 15386
15385 15386 15387
15388 15382 15384
15388 15384 15389
15388 15389 15390
15391 15392 15393
15394 15393 15392
15394 15395 15393
15396 15395 15394
15396 15397 15395
15398 15397 15396
15398 15396 15399
15400 15398 15399
15400 15401 15398
15400 15402 15401
15400 15403 15402
15401 15402 15404
15403 15405 15402
15402 15405 15406
15404 15402 15407
15402 15406 15408
15402 15408 15407
15409 15407 15408
15409 15408 15410
15411 15409 15410
15411 15410 15412
15412 15413 15411
15412 15414 15413
15413 15414 15415
15413 15415 15416
15417 15416 15415
15418 15419 15420
15421 15420 15419
15421 15419 15422
15423 15421 15422
15423 15424 15421
15425 15424 15423
15425 15423 15426
15427 15425 15426
15427 15428 15425
15427 15429 15428
15427 15430 15429
15428 15429 15431
15430 15432 15429
15429 15432 15433
15431 15429 15434
15429 15433 15435
15429 15435 15434
15435 15436 15434
15435 15437 15436
15437 15438 15436
15437 15439 15438
15439 15440 15438
15439 15441 15440
15440 15441 15442
15440 15442 15443
15442 15444 15443
15445 15446 15447
15448 15447 15446
15448 15446 15449
15450 15448 15449
15450 15451 15448
15452 15451 15450
15452 15450 15453
15454 15452 15453
15454 15455 15452
15454 15456 15455
15454 15457 15456
15456 15458 15455
15457 15459 15456
15456 15459 15460
15458 15456 15461
15456 15460 15462
15456 15462 15461
15462 15463 15461
15462 15464 15463
15464 15465 15463
15464 15466 15465
15466 15467 15465
15466 15468 15467
15468 15469 15467
15468 15470 15469
15470 15471 15469
15472 15473 15474
15475 15472 15474
15475 15474 15476
15477 15475 15476
15477 15476 15478
15479 15477 15478
15479 15478 15480
15481 15479 15480
15481 15480 15482
15483 15481 15482
15483 15484 15481
15485 15483 15482
15483 15486 15484
15487 15486 15483
15483 15485 15488
15489 15487 15483
15489 15483 15488
15489 15488 15490
15489 15490 15491
15490 15492 15491
15490 15493 15492
15492 15493 15494
15492 15494 15495
15494 15496 15495
15494 15497 15496
15498 15496 15497
15499 15500 15501
15502 15499 15501
15502 15503 15499
15504 15503 15502
15504 15505 15503
15506 15505 15504
15506 15504 15507
15508 15506 15507
15508 15507 15509
15509 15510 15508
15509 15511 15510
15510 15512 15508
15511 15513 15510
15510 15513 15514
15512 15510 15515
15510 15514 15516
15510 15516 15515
15516 15517 15515
15516 15518 15517
15518 15519 15517
15518 15520 15519
15520 15521 15519
15520 15522 15521
15522 15523 15521
15522 15524 15523
15524 15525 15523
15526 15527 15528
15529 15526 15528
15529 15528 15530
15531 15529 15530
15531 15530 15532
15533 15531 15532
15533 15532 15534
15535 15533 15534
15535 15534 15536
15537 15535 15536
15537 15536 15538
15539 15537 15538
15539 15540 15537
15541 15540 15539
15541 15542 15540
15543 15542 15541
15543 15544 15542
15545 15544 15543
15545 15546 15544
15547 15546 15545
15547 15548 15546
15549 15548 15547
15550 15551 15552
15553 15550 15552
15553 15552 15554
15555 15553 15554
15555 15554 15556
15557 15555 15556
15557 15556 15558
15559 15557 15558
15559 15558 15560
15561 15559 15560
15561 15560 15562
15561 15562 15563
15561 15563 15564
15563 15565 15564
15563 15566 15565
15566 15567 15565
15566 15568 15567
15568 15569 15567
15568 15570 15569
15570 15571 15569
15570 15572 15571
15572 15573 15571
15574 15575 15561
15574 15576 15575
15577 15574 15561
15576 15578 15575
15577 15561 15579
15576 15580 15578
15581 15577 15579
15580 15582 15578
15581 15579 15583
15580 15584 15582
15585 15581 15583
15584 15586 15582
15585 15583 15587
15584 15588 15586
15589 15585 15587
15588 15590 15586
15588 15591 15590
15591 15592 15590
15589 15587 15593
15594 15589 15593
15594 15593 15595
15594 15595 15596
15597 15598 15599
15599 15598 15600
15599 15600 15601
15601 15600 15602
15601 15602 15603
15603 15602 15604
15603 15604 15605
15605 15604 15606
15605 15606 15607
15608 15607 15606
15608 15606 15609
15608 15609 15610
15608 15610 15611
15611 15610 15612
15611 15612 15613
15613 15612 15614
15613 15614 15615
15615 15614 15616
15615 15616 15617
15617 15616 15618
15617 15618 15619
15619 15618 15620
15621 15622 15623
15623 15622 15624
15623 15624 15625
15625 15624 15626
15625 15626 15627
15627 15626 15628
15627 15628 15629
15629 15628 15630
15629 15630 15631
15631 15630 15632
15631 15632 15633
15632 15634 15633
15632 15635 15634
15635 15636 15634
15635 15637 15636
15637 15638 15636
15637 15639 15638
15639 15640 15638
15639 15641 15640
15641 15642 15640
15641 15643 15642
15643 15644 15642
15645 15646 15647
15645 15648 15646
15648 15649 15646
15649 15650 15646
15648 15651 15649
15652 15650 15649
15651 15653 15649
15652 15649 15653
15651 15654 15653
15655 15652 15653
15654 15655 15653
15655 15656 15652
15656 15657 15652
15657 15656 15658
15657 15658 15659
15656 15660 15658
15656 15655 15660
15655 15661 15660
15654 15662 15655
15655 15662 15661
15654 15663 15662
15662 15663 15661
15663 15664 15661
15665 15666 15667
15665 15668 15666
15668 15669 15666
15668 15670 15669
15669 15670 15671
15672 15669 15671
15670 15673 15671
15674 15672 15671
15673 15674 15671
15674 15675 15672
15675 15676 15672
15677 15676 15675
15677 15675 15678
15675 15679 15678
15675 15674 15679
15674 15680 15679
15673 15681 15674
15674 15681 15680
15673 15682 15681
15681 15683 15680
15681 15682 15683
15684 15685 15686
15684 15686 15687
15688 15684 15687
15688 15687 15689
15689 15690 15688
15690 15689 15691
15692 15688 15690
15693 15690 15691
15694 15693 15691
15693 15694 15695
15693 15695 15696
15693 15697 15690
15697 15693 15696
15697 15692 15690
15697 15696 15698
15697 15699 15692
15699 15697 15698
15699 15700 15692
15699 15698 15701
15700 15699 15701
15700 15701 15702
15703 15704 15705
15703 15705 15706
15703 15706 15707
15708 15703 15707
15706 15709 15707
15710 15708 15707
15711 15707 15709
15710 15707 15711
15711 15709 15712
15713 15711 15712
15714 15713 15712
15713 15714 15715
15713 15715 15716
15713 15717 15711
15717 15713 15716
15717 15710 15711
15717 15716 15718
15717 15719 15710
15719 15717 15718
15719 15720 15710
15719 15718 15721
15720 15719 15721
15722 15720 15721
15723 15724 15725
15726 15723 15725
15726 15725 15727
15728 15726 15727
15728 15727 15729
15730 15728 15729
15730 15729 15731
15732 15730 15731
15732 15731 15733
15734 15732 15733
15734 15733 15735
15736 15734 15735
15736 15735 15737
15738 15736 15737
15738 15737 15739
15740 15738 15739
15740 15741 15738
15740 15742 15741
15743 15744 15745
15743 15745 15746
15743 15746 15747
15746 15748 15747
15746 15749 15748
15749 15750 15748
15749 15751 15750
15751 15752 15750
15751 15753 15752
15753 15754 15752
15753 15755 15754
15755 15756 15754
15755 15757 15756
15757 15758 15756
15757 15759 15758
15759 15760 15758
15759 15761 15760
15761 15762 15760
15763 15764 15765
15763 15765 15766
15766 15765 15767
15763 15766 15768
15763 15768 15769
15768 15770 15769
15766 15767 15771
15771 15767 15772
15768 15773 15770
15774 15770 15773
15774 15773 15775
15766 15776 15768
15776 15773 15768
15766 15771 15776
15775 15773 15777
15776 15777 15773
15775 15777 15778
15771 15772 15779
15779 15772 15780
15771 15781 15776
15781 15777 15776
15771 15779 15781
15778 15777 15782
15781 15782 15777
15778 15782 15783
15779 15780 15784
15784 15780 15785
15779 15786 15781
15786 15782 15781
15779 15784 15786
15784 15787 15786
15783 15782 15788
15786 15788 15782
15787 15788 15786
15783 15788 15789
15784 15785 15790
15784 15790 15787
15790 15785 15791
15790 15791 15792
15787 15790 15792
15787 15792 15793
15794 15787 15793
15787 15795 15788
15789 15788 15795
15794 15795 15787
15789 15795 15796
15796 15795 15794
15796 15794 15797
15798 15799 15800
15798 15801 15799
15801 15802 15799
15802 15803 15799
15801 15804 15802
15805 15803 15802
15804 15806 15802
15805 15802 15806
15804 15807 15806
15808 15805 15806
15807 15809 15806
15810 15808 15806
15809 15810 15806
15808 15810 15811
15810 15809 15811
15808 15811 15812
15809 15813 15811
15814 15815 15816
15814 15817 15815
15818 15815 15817
15818 15817 15819
15820 15818 15819
15821 15818 15820
15822 15821 15820
15819 15823 15820
15823 15822 15820
15822 15824 15821
15823 15825 15822
15826 15824 15822
15822 15825 15827
15826 15822 15828
15822 15827 15828
15829 15830 15831
15829 15831 15832
15833 15829 15832
15833 15832 15834
15835 15833 15834
15835 15834 15836
15837 15833 15835
15838 15835 15836
15839 15837 15835
15838 15839 15835
15839 15838 15840
15839 15841 15837
15839 15840 15842
15841 15839 15842
15841 15842 15843
15844 15845 15846
15844 15846 15847
15844 15847 15848
15849 15844 15848
15847 15850 15848
15851 15849 15848
15852 15848 15850
15851 15848 15852
15852 15850 15853
15854 15852 15853
15855 15851 15852
15854 15856 15852
15856 15855 15852
15856 15854 15857
15856 15857 15858
15855 15856 15858
15859 15855 15858
15860 15861 15862
15863 15860 15862
15863 15862 15864
15865 15863 15864
15865 15864 15866
15867 15865 15866
15867 15866 15868
15869 15867 15868
15869 15868 15870
15871 15869 15870
15871 15870 15872
15873 15871 15872
15873 15872 15874
15875 15873 15874
15875 15874 15876
15877 15875 15876
15877 15878 15875
15877 15879 15878
15880 15881 15882
15880 15882 15883
15880 15883 15884
15883 15885 15884
15883 15886 15885
15886 15887 15885
15886 15888 15887
15888 15889 15887
15888 15890 15889
15890 15891 15889
15890 15892 15891
15892 15893 15891
15893 15894 15891
15893 15895 15894
15893 15896 15895
15896 15897 15895
15896 15898 15897
15898 15899 15897
15900 15901 15902
15900 15903 15901
15903 15904 15901
15904 15905 15901
15903 15906 15904
15907 15905 15904
15906 15908 15904
15907 15904 15908
15906 15909 15908
15910 15907 15908
15909 15911 15908
15912 15910 15908
15911 15912 15908
15910 15912 15913
15912 15911 15913
15910 15913 15914
15911 15915 15913
15916 15917 15918
15916 15919 15917
15920 15917 15919
15920 15919 15921
15922 15920 15921
15923 15920 15922
15924 15923 15922
15921 15925 15922
15925 15924 15922
15924 15926 15923
15925 15927 15924
15928 15926 15924
15924 15927 15929
15928 15924 15930
15924 15929 15930
15931 15932 15933
15931 15933 15934
15935 15931 15934
15935 15934 15936
15937 15935 15936
15937 15936 15938
15939 15935 15937
15940 15937 15938
15941 15939 15937
15940 15941 15937
15941 15940 15942
15941 15943 15939
15941 15942 15944
15943 15941 15944
15943 15944 15945
15946 15947 15948
15946 15948 15949
15946 15949 15950
15951 15946 15950
15949 15952 15950
15953 15951 15950
15954 15950 15952
15953 15950 15954
15954 15952 15955
15956 15954 15955
15957 15953 15954
15956 15958 15954
15958 15957 15954
15958 15956 15959
15958 15959 15960
15957 15958 15960
15961 15957 15960
15962 15963 15964
15965 15962 15964
15965 15964 15966
15967 15965 15966
15967 15966 15968
15969 15967 15968
15969 15968 15970
15971 15969 15970
15971 15970 15972
15973 15971 15972
15973 15972 15974
15975 15973 15974
15975 15974 15976
15977 15975 15976
15977 15976 15978
15979 15977 15978
15979 15980 15977
15979 15981 15980
15982 15983 15984
15982 15984 15985
15982 15985 15986
15985 15987 15986
15985 15988 15987
15988 15989 15987
15988 15990 15989
15990 15991 15989
15990 15992 15991
15992 15993 15991
15992 15994 15993
15994 15995 15993
15995 15996 15993
15995 15997 15996
15995 15998 15997
15998 15999 15997
15998 16000 15999
16000 16001 15999
16002 16003 16004
16002 16004 16005
16004 16006 16005
16004 16007 16006
16006 16008 16005
16007 16009 16006
16006 16010 16008
16009 16011 16006
16012 16010 16006
16011 16013 16006
16012 16006 16013
16011 16014 16013
16014 16012 16013
16011 16015 16014
16014 16015 16016
16014 16017 16012
16014 16016 16018
16017 16014 16018
16017 16018 16019
16020 16021 16022
16020 16022 16023
16020 16023 16024
16023 16025 16024
16026 16020 16024
16024 16027 16026
16024 16028 16027
16024 16029 16028
16028 16030 16027
16031 16032 16033
16031 16034 16032
16032 16034 16035
16032 16035 16036
16037 16038 16039
16037 16039 16040
16039 16041 16040
16039 16042 16041
16043 16044 16045
16043 16045 16046
16047 16043 16046
16047 16048 16043
16047 16046 16049
16049 16050 16047
16051 16047 16050
16051 16052 16047
16053 16051 16050
16054 16055 16056
16054 16056 16057
16054 16057 16058
16059 16054 16058
16057 16060 16058
16061 16059 16058
16060 16062 16058
16063 16061 16058
16064 16058 16062
16063 16058 16064
16064 16062 16065
16066 16064 16065
16067 16063 16064
16066 16067 16064
16067 16068 16063
16067 16066 16069
16070 16068 16067
16067 16069 16071
16070 16067 16071
16072 16073 16074
16072 16074 16075
16076 16072 16075
16076 16075 16077
16078 16076 16077
16079 16078 16077
16079 16080 16078
16079 16081 16080
16082 16083 16084
16085 16082 16084
16085 16084 16086
16087 16085 16086
16088 16087 16086
16088 16086 16089
16090 16088 16089
16090 16089 16091
16092 16093 16094
16092 16094 16095
16096 16092 16095
16096 16095 16097
16098 16099 16100
16098 16100 16101
16100 16102 16101
16102 16103 16101
16102 16104 16103
16102 16105 16104
16105 16106 16104
16105 16107 16106
16107 16108 16106
16107 16109 16108
16110 16108 16109
16110 16109 16111
16111 16112 16110
16111 16113 16112
16113 16114 16112
16113 16115 16114
16115 16116 16114
16115 16117 16116
16117 16118 16116
16117 16119 16118
16120 16121 16122
16120 16123 16121
16121 16123 16124
16121 16124 16125
16124 16123 16126
16124 16127 16125
16124 16126 16128
16127 16124 16129
16130 16124 16128
16124 16131 16129
16130 16131 16124
16129 16131 16132
16132 16131 16130
16129 16132 16133
16132 16134 16133
16132 16130 16135
16132 16136 16134
16135 16136 16132
16135 16137 16136
16138 16139 16140
16138 16141 16139
16142 16141 16138
16142 16143 16141
16142 16138 16144
16144 16145 16142
16142 16145 16146
16142 16146 16147
16146 16145 16148
16149 16150 16151
16149 16151 16152
16151 16153 16152
16151 16154 16153
16155 16156 16157
16155 16158 16156
16156 16158 16159
16156 16159 16160
16161 16162 16163
16161 16164 16162
16164 16161 16165
16161 16166 16165
16167 16164 16165
16165 16168 16167
16169 16168 16165
16169 16165 16170
16171 16168 16169
16172 16173 16174
16172 16175 16173
16172 16176 16175
16176 16172 16177
16175 16176 16178
16179 16176 16177
16176 16180 16178
16181 16176 16179
16182 16180 16176
16181 16182 16176
16182 16183 16180
16184 16183 16182
16185 16182 16181
16184 16182 16185
16185 16181 16186
16185 16187 16184
16188 16185 16186
16185 16189 16187
16188 16189 16185
16190 16191 16192
16193 16191 16190
16193 16194 16191
16195 16194 16193
16196 16194 16195
16196 16195 16197
16198 16196 16197
16198 16199 16196
16200 16201 16202
16200 16203 16201
16204 16203 16200
16204 16205 16203
16206 16207 16208
16206 16209 16207
16207 16209 16210
16210 16209 16211
16210 16211 16212
16210 16212 16213
16212 16214 16213
16212 16215 16214
16214 16215 16216
16214 16216 16217
16218 16217 16216
16218 16219 16217
16219 16218 16220
16219 16220 16221
16220 16222 16221
16220 16223 16222
16222 16223 16224
16222 16224 16225
16225 16224 16226
16225 16226 16227
16228 16229 16230
16228 16231 16229
16228 16232 16231
16231 16232 16233
16233 16232 16234
16233 16234 16235
16234 16236 16235
16234 16237 16236
16238 16239 16240
16238 16240 16241
16242 16243 16244
16242 16244 16245
16246 16247 16248
16246 16248 16249
16250 16251 16252
16250 16252 16253
16254 16255 16256
16254 16256 16257
16258 16259 16260
16258 16260 16261
16262 16263 16264
16262 16264 16265
16266 16267 16268
16266 16268 16269
16270 16271 16272
16270 16272 16273
16274 16275 16276
16274 16276 16277
16278 16279 16280
16278 16281 16279
16278 16282 16281
16278 16283 16282
16284 16282 16283
16284 16283 16285
16286 16287 16288
16286 16289 16287
16290 16289 16286
16290 16291 16289
16292 16291 16290
16292 16290 16293
16294 16295 16296
16294 16296 16297
16298 16299 16300
16298 16300 16301
16302 16303 16304
16302 16304 16305
16306 16307 16308
16306 16308 16309
16310 16311 16312
16310 16312 16313
16314 16315 16316
16314 16316 16317
16318 16319 16320
16318 16320 16321
16322 16323 16324
16322 16324 16325
16326 16327 16328
16326 16328 16329
16330 16331 16332
16330 16332 16333
16334 16335 16336
16334 16336 16337
16338 16339 16340
16338 16340 16341
16342 16343 16344
16342 16344 16345
16346 16347 16348
16346 16348 16349
16350 16351 16352
16350 16352 16353
16354 16355 16356
16354 16356 16357
16358 16359 16360
16358 16360 16361
16362 16363 16364
16362 16364 16365
16366 16367 16368
16366 16368 16369
16370 16371 16372
16370 16372 16373
16374 16375 16376
16374 16376 16377
16378 16379 16380
16378 16380 16381
16382 16383 16384
16382 16384 16385
16386 16387 16388
16386 16388 16389
16390 16391 16392
16390 16392 16393
16394 16395 16396
16394 16396 16397
16398 16399 16400
16398 16400 16401
16402 16403 16404
16402 16404 16405
16406 16407 16408
16406 16408 16409
16410 16411 16412
16410 16412 16413
16414 16415 16416
16414 16416 16417
16418 16419 16420
16418 16420 16421
16422 16423 16424
16422 16424 16425
16426 16427 16428
16426 16428 16429
16430 16431 16432
16430 16432 16433
16434 16435 16436
16434 16436 16437
16438 16439 16440
16438 16440 16441
16438 16441 16442
16438 16442 16443
16444 16443 16442
16444 16445 16443
16446 16447 16448
16446 16448 16449
16450 16446 16449
16450 16449 16451
16452 16450 16451
16452 16453 16450
16454 16455 16456
16454 16456 16457
16458 16459 16460
16458 16460 16461
16462 16463 16464
16462 16464 16465
16466 16467 16468
16466 16468 16469
16470 16471 16472
16470 16472 16473
16474 16475 16476
16474 16476 16477
16478 16479 16480
16478 16480 16481
16482 16483 16484
16482 16484 16485
16486 16487 16488
16486 16488 16489
16490 16491 16492
16490 16492 16493
16494 16495 16496
16494 16496 16497
16498 16499 16500
16498 16500 16501
16502 16503 16504
16502 16504 16505
16506 16507 16508
16506 16508 16509
16510 16511 16512
16510 16512 16513
16514 16515 16516
16514 16516 16517
16518 16519 16520
16518 16520 16521
16522 16523 16524
16522 16524 16525
16526 16527 16528
16526 16528 16529
16530 16531 16532
16530 16532 16533
16534 16535 16536
16534 16536 16537
16538 16539 16540
16538 16540 16541
16542 16543 16544
16542 16544 16545
16546 16547 16548
16546 16548 16549
16550 16551 16552
16550 16552 16553
16554 16555 16556
16554 16556 16557
16558 16559 16560
16561 16558 16560
16561 16560 16562
16563 16564 16565
16563 16565 16566
16565 16567 16566
16568 16569 16570
16568 16570 16571
16571 16572 16568
16571 16573 16572
16572 16574 16568
16573 16575 16572
16575 16574 16572
16573 16576 16575
16575 16577 16574
16576 16578 16575
16578 16577 16575
16576 16579 16578
16578 16580 16577
16579 16581 16578
16581 16580 16578
16579 16582 16581
16581 16583 16580
16583 16581 16584
16581 16582 16585
16581 16585 16584
16585 16586 16584
16585 16587 16586
16588 16589 16590
16588 16590 16591
16592 16588 16591
16592 16591 16593
16594 16592 16593
16594 16593 16595
16594 16595 16596
16594 16596 16597
16598 16597 16596
16598 16599 16597
16600 16599 16598
16600 16601 16599
16602 16601 16600
16602 16600 16603
16604 16602 16603
16605 16604 16603
16604 16606 16602
16607 16604 16605
16608 16606 16604
16607 16608 16604
16608 16609 16606
16610 16608 16607
16611 16609 16608
16610 16611 16608
16611 16612 16609
16611 16610 16613
16614 16612 16611
16614 16611 16613
16614 16613 16615
16616 16614 16615
16613 16617 16615
16618 16616 16615
16619 16615 16617
16620 16618 16615
16619 16620 16615
16621 16622 16623
16621 16623 16624
16625 16626 16627
16625 16627 16628
16629 16628 16627
16629 16630 16628
16629 16631 16630
16629 16632 16631
16632 16633 16631
16632 16634 16633
16634 16635 16633
16634 16636 16635
16637 16635 16636
16637 16638 16635
16639 16638 16637
16639 16640 16638
16641 16640 16639
16641 16639 16642
16643 16640 16641
16642 16644 16641
16644 16643 16641
16642 16645 16644
16644 16646 16643
16647 16648 16649
16647 16649 16650
16651 16652 16653
16651 16653 16654
16653 16655 16654
16653 16656 16655
16656 16657 16655
16656 16658 16657
16658 16659 16657
16658 16660 16659
16660 16661 16659
16660 16662 16661
16662 16663 16661
16662 16664 16663
16665 16666 16667
16665 16667 16668
16669 16665 16668
16669 16668 16670
16668 16671 16670
16667 16672 16668
16668 16672 16671
16667 16673 16672
16672 16674 16671
16673 16675 16672
16672 16675 16674
16673 16676 16675
16675 16677 16674
16676 16678 16675
16675 16678 16677
16676 16679 16678
16678 16680 16677
16679 16681 16678
16678 16681 16680
16681 16682 16680
16679 16683 16681
16681 16684 16682
16683 16684 16681
16683 16685 16684
16686 16687 16688
16686 16688 16689
16688 16690 16689
16688 16691 16690
16691 16692 16690
16691 16693 16692
16693 16694 16692
16693 16695 16694
16695 16696 16694
16695 16697 16696
16697 16698 16696
16697 16699 16698
16700 16701 16702
16700 16702 16703
16704 16700 16703
16704 16703 16705
16703 16706 16705
16702 16707 16703
16703 16707 16706
16702 16708 16707
16707 16709 16706
16708 16710 16707
16707 16710 16709
16708 16711 16710
16710 16712 16709
16711 16713 16710
16710 16713 16712
16711 16714 16713
16713 16715 16712
16714 16716 16713
16713 16716 16715
16716 16717 16715
16714 16718 16716
16716 16719 16717
16718 16719 16716
16718 16720 16719
16721 16722 16723
16721 16723 16724
16723 16725 16724
16723 16726 16725
16726 16727 16725
16726 16728 16727
16728 16729 16727
16728 16730 16729
16730 16731 16729
16730 16732 16731
16732 16733 16731
16732 16734 16733
16735 16736 16737
16735 16737 16738
16739 16735 16738
16739 16738 16740
16738 16741 16740
16737 16742 16738
16738 16742 16741
16737 16743 16742
16742 16744 16741
16743 16745 16742
16742 16745 16744
16743 16746 16745
16745 16747 16744
16746 16748 16745
16745 16748 16747
16746 16749 16748
16748 16750 16747
16749 16751 16748
16748 16751 16750
16751 16752 16750
16749 16753 16751
16751 16754 16752
16753 16754 16751
16753 16755 16754
16756 16757 16758
16756 16758 16759
16758 16760 16759
16758 16761 16760
16761 16762 16760
16761 16763 16762
16763 16764 16762
16763 16765 16764
16765 16766 16764
16765 16767 16766
16767 16768 16766
16767 16769 16768
16770 16771 16772
16770 16772 16773
16774 16770 16773
16774 16773 16775
16773 16776 16775
16772 16777 16773
16773 16777 16776
16772 16778 16777
16777 16779 16776
16778 16780 16777
16777 16780 16779
16778 16781 16780
16780 16782 16779
16781 16783 16780
16780 16783 16782
16781 16784 16783
16783 16785 16782
16784 16786 16783
16783 16786 16785
16786 16787 16785
16784 16788 16786
16786 16789 16787
16788 16789 16786
16788 16790 16789
16791 16792 16793
16791 16793 16794
16793 16795 16794
16793 16796 16795
16796 16797 16795
16796 16798 16797
16798 16799 16797
16798 16800 16799
16800 16801 16799
16800 16802 16801
16802 16803 16801
16802 16804 16803
16805 16806 16807
16805 16807 16808
16809 16805 16808
16809 16808 16810
16808 16811 16810
16807 16812 16808
16808 16812 16811
16807 16813 16812
16812 16814 16811
16813 16815 16812
16812 16815 16814
16813 16816 16815
16815 16817 16814
16816 16818 16815
16815 16818 16817
16816 16819 16818
16818 16820 16817
16819 16821 16818
16818 16821 16820
16821 16822 16820
16819 16823 16821
16821 16824 16822
16823 16824 16821
16823 16825 16824
16826 16827 16828
16826 16828 16829
16828 16830 16829
16828 16831 16830
16831 16832 16830
16831 16833 16832
16833 16834 16832
16833 16835 16834
16835 16836 16834
16835 16837 16836
16837 16838 16836
16837 16839 16838
16840 16841 16842
16840 16842 16843
16844 16840 16843
16844 16843 16845
16843 16846 16845
16842 16847 16843
16843 16847 16846
16842 16848 16847
16847 16849 16846
16848 16850 16847
16847 16850 16849
16848 16851 16850
16850 16852 16849
16851 16853 16850
16850 16853 16852
16851 16854 16853
16853 16855 16852
16854 16856 16853
16853 16856 16855
16856 16857 16855
16854 16858 16856
16856 16859 16857
16858 16859 16856
16858 16860 16859
16861 16862 16863
16861 16863 16864
16863 16865 16864
16863 16866 16865
16866 16867 16865
16866 16868 16867
16868 16869 16867
16868 16870 16869
16870 16871 16869
16870 16872 16871
16872 16873 16871
16872 16874 16873
16875 16876 16877
16875 16877 16878
16879 16875 16878
16879 16878 16880
16878 16881 16880
16877 16882 16878
16878 16882 16881
16877 16883 16882
16882 16884 16881
16883 16885 16882
16882 16885 16884
16883 16886 16885
16885 16887 16884
16886 16888 16885
16885 16888 16887
16886 16889 16888
16888 16890 16887
16889 16891 16888
16888 16891 16890
16891 16892 16890
16889 16893 16891
16891 16894 16892
16893 16894 16891
16893 16895 16894
16896 16897 16898
16896 16898 16899
16900 16896 16899
16900 16899 16901
16902 16900 16901
16902 16901 16903
16904 16902 16903
16904 16903 16905
16906 16904 16905
16906 16905 16907
16908 16909 16910
16908 16910 16911
16911 16910 16912
16913 16908 16911
16911 16912 16914
16913 16911 16915
16915 16911 16914
16916 16913 16915
16915 16914 16917
16916 16915 16918
16918 16915 16917
16919 16916 16918
16918 16917 16920
16919 16918 16921
16921 16918 16920
16922 16919 16921
16921 16920 16923
16922 16921 16924
16924 16921 16923
16924 16923 16925
16926 16927 16928
16926 16928 16929
16928 16930 16929
16928 16931 16930
16931 16932 16930
16931 16933 16932
16933 16934 16932
16933 16935 16934
16935 16936 16934
16935 16937 16936
16937 16938 16936
16937 16939 16938
16940 16941 16942
16940 16942 16943
16944 16940 16943
16944 16943 16945
16943 16946 16945
16942 16947 16943
16943 16947 16946
16942 16948 16947
16947 16949 16946
16948 16950 16947
16947 16950 16949
16948 16951 16950
16950 16952 16949
16951 16953 16950
16950 16953 16952
16951 16954 16953
16953 16955 16952
16954 16956 16953
16953 16956 16955
16956 16957 16955
16954 16958 16956
16956 16959 16957
16958 16959 16956
16958 16960 16959
16961 16962 16963
16961 16963 16964
16963 16965 16964
16963 16966 16965
16966 16967 16965
16966 16968 16967
16968 16969 16967
16968 16970 16969
16970 16971 16969
16970 16972 16971
16972 16973 16971
16972 16974 16973
16975 16976 16977
16975 16977 16978
16979 16975 16978
16979 16978 16980
16978 16981 16980
16977 16982 16978
16978 16982 16981
16977 16983 16982
16982 16984 16981
16983 16985 16982
16982 16985 16984
16983 16986 16985
16985 16987 16984
16986 16988 16985
16985 16988 16987
16986 16989 16988
16988 16990 16987
16989 16991 16988
16988 16991 16990
16991 16992 16990
16989 16993 16991
16991 16994 16992
16993 16994 16991
16993 16995 16994
16996 16997 16998
16996 16998 16999
16998 17000 16999
16998 17001 17000
17001 17002 17000
17001 17003 17002
17003 17004 17002
17003 17005 17004
17005 17006 17004
17005 17007 17006
17007 17008 17006
17007 17009 17008
17010 17011 17012
17010 17012 17013
17014 17010 17013
17014 17013 17015
17013 17016 17015
17012 17017 17013
17013 17017 17016
17012 17018 17017
17017 17019 17016
17018 17020 17017
17017 17020 17019
17018 17021 17020
17020 17022 17019
17021 17023 17020
17020 17023 17022
17021 17024 17023
17023 17025 17022
17024 17026 17023
17023 17026 17025
17026 17027 17025
17024 17028 17026
17026 17029 17027
17028 17029 17026
17028 17030 17029
17031 17032 17033
17031 17033 17034
17033 17035 17034
17033 17036 17035
17036 17037 17035
17036 17038 17037
17038 17039 17037
17038 17040 17039
17040 17041 17039
17040 17042 17041
17042 17043 17041
17042 17044 17043
17045 17046 17047
17045 17047 17048
17049 17045 17048
17049 17048 17050
17048 17051 17050
17047 17052 17048
17048 17052 17051
17047 17053 17052
17052 17054 17051
17053 17055 17052
17052 17055 17054
17053 17056 17055
17055 17057 17054
17056 17058 17055
17055 17058 17057
17056 17059 17058
17058 17060 17057
17059 17061 17058
17058 17061 17060
17061 17062 17060
17059 17063 17061
17061 17064 17062
17063 17064 17061
17063 17065 17064
17066 17067 17068
17066 17068 17069
17068 17070 17069
17068 17071 17070
17071 17072 17070
17071 17073 17072
17073 17074 17072
17073 17075 17074
17075 17076 17074
17075 17077 17076
17077 17078 17076
17077 17079 17078
17080 17081 17082
17080 17082 17083
17084 17080 17083
17084 17083 17085
17083 17086 17085
17082 17087 17083
17083 17087 17086
17082 17088 17087
17087 17089 17086
17088 17090 17087
17087 17090 17089
17088 17091 17090
17090 17092 17089
17091 17093 17090
17090 17093 17092
17091 17094 17093
17093 17095 17092
17094 17096 17093
17093 17096 17095
17096 17097 17095
17094 17098 17096
17096 17099 17097
17098 17099 17096
17098 17100 17099
17101 17102 17103
17101 17103 17104
17103 17105 17104
17103 17106 17105
17106 17107 17105
17106 17108 17107
17108 17109 17107
17108 17110 17109
17110 17111 17109
17110 17112 17111
17112 17113 17111
17112 17114 17113
17115 17116 17117
17115 17117 17118
17119 17115 17118
17119 17118 17120
17118 17121 17120
17117 17122 17118
17118 17122 17121
17117 17123 17122
17122 17124 17121
17123 17125 17122
17122 17125 17124
17123 17126 17125
17125 17127 17124
17126 17128 17125
17125 17128 17127
17126 17129 17128
17128 17130 17127
17129 17131 17128
17128 17131 17130
17131 17132 17130
17129 17133 17131
17131 17134 17132
17133 17134 17131
17133 17135 17134
17136 17137 17138
17136 17138 17139
17138 17140 17139
17138 17141 17140
17141 17142 17140
17141 17143 17142
17143 17144 17142
17143 17145 17144
17145 17146 17144
17145 17147 17146
17147 17148 17146
17147 17149 17148
17150 17151 17152
17150 17152 17153
17154 17150 17153
17154 17153 17155
17153 17156 17155
17152 17157 17153
17153 17157 17156
17152 17158 17157
17157 17159 17156
17158 17160 17157
17157 17160 17159
17158 17161 17160
17160 17162 17159
17161 17163 17160
17160 17163 17162
17161 17164 17163
17163 17165 17162
17164 17166 17163
17163 17166 17165
17166 17167 17165
17164 17168 17166
17166 17169 17167
17168 17169 17166
17168 17170 17169
17171 17172 17173
17171 17173 17174
17173 17175 17174
17173 17176 17175
17176 17177 17175
17176 17178 17177
17178 17179 17177
17178 17180 17179
17180 17181 17179
17180 17182 17181
17182 17183 17181
17182 17184 17183
17185 17186 17187
17185 17187 17188
17189 17185 17188
17189 17188 17190
17188 17191 17190
17187 17192 17188
17188 17192 17191
17187 17193 17192
17192 17194 17191
17193 17195 17192
17192 17195 17194
17193 17196 17195
17195 17197 17194
17196 17198 17195
17195 17198 17197
17196 17199 17198
17198 17200 17197
17199 17201 17198
17198 17201 17200
17201 17202 17200
17199 17203 17201
17201 17204 17202
17203 17204 17201
17203 17205 17204
17206 17207 17208
17206 17208 17209
17208 17210 17209
17208 17211 17210
17211 17212 17210
17211 17213 17212
17213 17214 17212
17213 17215 17214
17215 17216 17214
17215 17217 17216
17217 17218 17216
17217 17219 17218
17220 17221 17222
17220 17222 17223
17224 17220 17223
17224 17223 17225
17223 17226 17225
17222 17227 17223
17223 17227 17226
17222 17228 17227
17227 17229 17226
17228 17230 17227
17227 17230 17229
17228 17231 17230
17230 17232 17229
17231 17233 17230
17230 17233 17232
17231 17234 17233
17233 17235 17232
17234 17236 17233
17233 17236 17235
17236 17237 17235
17234 17238 17236
17236 17239 17237
17238 17239 17236
17238 17240 17239
17241 17242 17243
17241 17243 17244
17243 17245 17244
17243 17246 17245
17246 17247 17245
17246 17248 17247
17248 17249 17247
17248 17250 17249
17250 17251 17249
17250 17252 17251
17252 17253 17251
17252 17254 17253
17255 17256 17257
17255 17257 17258
17259 17255 17258
17259 17258 17260
17258 17261 17260
17257 17262 17258
17258 17262 17261
17257 17263 17262
17262 17264 17261
17263 17265 17262
17262 17265 17264
17263 17266 17265
17265 17267 17264
17266 17268 17265
17265 17268 17267
17266 17269 17268
17268 17270 17267
17269 17271 17268
17268 17271 17270
17271 17272 17270
17269 17273 17271
17271 17274 17272
17273 17274 17271
17273 17275 17274
17276 17277 17278
17276 17278 17279
17278 17280 17279
17278 17281 17280
17281 17282 17280
17281 17283 17282
17283 17284 17282
17283 17285 17284
17285 17286 17284
17285 17287 17286
17287 17288 17286
17287 17289 17288
17290 17291 17292
17290 17292 17293
17294 17290 17293
17294 17293 17295
17293 17296 17295
17292 17297 17293
17293 17297 17296
17292 17298 17297
17297 17299 17296
17298 17300 17297
17297 17300 17299
17298 17301 17300
17300 17302 17299
17301 17303 17300
17300 17303 17302
17301 17304 17303
17303 17305 17302
17304 17306 17303
17303 17306 17305
17306 17307 17305
17304 17308 17306
17306 17309 17307
17308 17309 17306
17308 17310 17309
17311 17312 17313
17311 17313 17314
17313 17315 17314
17313 17316 17315
17316 17317 17315
17316 17318 17317
17318 17319 17317
17318 17320 17319
17320 17321 17319
17320 17322 17321
17322 17323 17321
17322 17324 17323
17325 17326 17327
17325 17327 17328
17329 17325 17328
17329 17328 17330
17328 17331 17330
17327 17332 17328
17328 17332 17331
17327 17333 17332
17332 17334 17331
17333 17335 17332
17332 17335 17334
17333 17336 17335
17335 17337 17334
17336 17338 17335
17335 17338 17337
17336 17339 17338
17338 17340 17337
17339 17341 17338
17338 17341 17340
17341 17342 17340
17339 17343 17341
17341 17344 17342
17343 17344 17341
17343 17345 17344
17346 17347 17348
17346 17348 17349
17348 17350 17349
17348 17351 17350
17351 17352 17350
17351 17353 17352
17353 17354 17352
17353 17355 17354
17355 17356 17354
17355 17357 17356
17357 17358 17356
17357 17359 17358
17360 17361 17362
17360 17362 17363
17364 17360 17363
17364 17363 17365
17363 17366 17365
17362 17367 17363
17363 17367 17366
17362 17368 17367
17367 17369 17366
17368 17370 17367
17367 17370 17369
17368 17371 17370
17370 17372 17369
17371 17373 17370
17370 17373 17372
17371 17374 17373
17373 17375 17372
17374 17376 17373
17373 17376 17375
17376 17377 17375
17374 17378 17376
17376 17379 17377
17378 17379 17376
17378 17380 17379
17381 17382 17383
17381 17383 17384
17383 17385 17384
17383 17386 17385
17386 17387 17385
17386 17388 17387
17388 17389 17387
17388 17390 17389
17390 17391 17389
17390 17392 17391
17392 17393 17391
17392 17394 17393
17395 17396 17397
17395 17397 17398
17399 17395 17398
17399 17398 17400
17398 17401 17400
17397 17402 17398
17398 17402 17401
17397 17403 17402
17402 17404 17401
17403 17405 17402
17402 17405 17404
17403 17406 17405
17405 17407 17404
17406 17408 17405
17405 17408 17407
17406 17409 17408
17408 17410 17407
17409 17411 17408
17408 17411 17410
17411 17412 17410
17409 17413 17411
17411 17414 17412
17413 17414 17411
17413 17415 17414
17416 17417 17418
17416 17418 17419
17418 17420 17419
17418 17421 17420
17421 17422 17420
17421 17423 17422
17423 17424 17422
17423 17425 17424
17425 17426 17424
17425 17427 17426
17427 17428 17426
17427 17429 17428
17430 17431 17432
17430 17432 17433
17434 17430 17433
17434 17433 17435
17433 17436 17435
17432 17437 17433
17433 17437 17436
17432 17438 17437
17437 17439 17436
17438 17440 17437
17437 17440 17439
17438 17441 17440
17440 17442 17439
17441 17443 17440
17440 17443 17442
17441 17444 17443
17443 17445 17442
17444 17446 17443
17443 17446 17445
17446 17447 17445
17444 17448 17446
17446 17449 17447
17448 17449 17446
17448 17450 17449
17451 17452 17453
17451 17453 17454
17453 17455 17454
17453 17456 17455
17456 17457 17455
17456 17458 17457
17458 17459 17457
17458 17460 17459
17460 17461 17459
17460 17462 17461
17462 17463 17461
17462 17464 17463
17465 17466 17467
17465 17467 17468
17469 17465 17468
17469 17468 17470
17468 17471 17470
17467 17472 17468
17468 17472 17471
17467 17473 17472
17472 17474 17471
17473 17475 17472
17472 17475 17474
17473 17476 17475
17475 17477 17474
17476 17478 17475
17475 17478 17477
17476 17479 17478
17478 17480 17477
17479 17481 17478
17478 17481 17480
17481 17482 17480
17479 17483 17481
17481 17484 17482
17483 17484 17481
17483 17485 17484
17486 17487 17488
17486 17488 17489
17488 17490 17489
17488 17491 17490
17491 17492 17490
17491 17493 17492
17493 17494 17492
17493 17495 17494
17495 17496 17494
17495 17497 17496
17497 17498 17496
17497 17499 17498
17500 17501 17502
17500 17502 17503
17504 17500 17503
17504 17503 17505
17503 17506 17505
17502 17507 17503
17503 17507 17506
17502 17508 17507
17507 17509 17506
17508 17510 17507
17507 17510 17509
17508 17511 17510
17510 17512 17509
17511 17513 17510
17510 17513 17512
17511 17514 17513
17513 17515 17512
17514 17516 17513
17513 17516 17515
17516 17517 17515
17514 17518 17516
17516 17519 17517
17518 17519 17516
17518 17520 17519
17521 17522 17523
17521 17523 17524
17523 17525 17524
17523 17526 17525
17526 17527 17525
17526 17528 17527
17528 17529 17527
17528 17530 17529
17530 17531 17529
17530 17532 17531
17532 17533 17531
17532 17534 17533
17535 17536 17537
17535 17537 17538
17539 17535 17538
17539 17538 17540
17538 17541 17540
17537 17542 17538
17538 17542 17541
17537 17543 17542
17542 17544 17541
17543 17545 17542
17542 17545 17544
17543 17546 17545
17545 17547 17544
17546 17548 17545
17545 17548 17547
17546 17549 17548
17548 17550 17547
17549 17551 17548
17548 17551 17550
17551 17552 17550
17549 17553 17551
17551 17554 17552
17553 17554 17551
17553 17555 17554
17556 17557 17558
17556 17558 17559
17560 17556 17559
17560 17559 17561
17562 17560 17561
17562 17561 17563
17564 17562 17563
17564 17563 17565
17566 17564 17565
17566 17565 17567
17568 17569 17570
17568 17570 17571
17571 17570 17572
17573 17568 17571
17571 17572 17574
17573 17571 17575
17575 17571 17574
17576 17573 17575
17575 17574 17577
17576 17575 17578
17578 17575 17577
17579 17576 17578
17578 17577 17580
17579 17578 17581
17581 17578 17580
17582 17579 17581
17581 17580 17583
17582 17581 17584
17584 17581 17583
17584 17583 17585
17586 17587 17588
17586 17588 17589
17588 17590 17589
17588 17591 17590
17591 17592 17590
17591 17593 17592
17593 17594 17592
17593 17595 17594
17595 17596 17594
17595 17597 17596
17597 17598 17596
17597 17599 17598
17600 17601 17602
17600 17602 17603
17604 17600 17603
17604 17603 17605
17603 17606 17605
17602 17607 17603
17603 17607 17606
17602 17608 17607
17607 17609 17606
17608 17610 17607
17607 17610 17609
17608 17611 17610
17610 17612 17609
17611 17613 17610
17610 17613 17612
17611 17614 17613
17613 17615 17612
17614 17616 17613
17613 17616 17615
17614 17617 17616
17616 17618 17615
17617 17619 17616
17616 17620 17618
17619 17620 17616
17621 17622 17623
17621 17623 17624
17623 17625 17624
17623 17626 17625
17626 17627 17625
17626 17628 17627
17628 17629 17627
17628 17630 17629
17630 17631 17629
17630 17632 17631
17632 17633 17631
17632 17634 17633
17635 17636 17637
17635 17637 17638
17639 17635 17638
17639 17638 17640
17638 17641 17640
17637 17642 17638
17638 17642 17641
17637 17643 17642
17642 17644 17641
17643 17645 17642
17642 17645 17644
17643 17646 17645
17645 17647 17644
17646 17648 17645
17645 17648 17647
17646 17649 17648
17648 17650 17647
17649 17651 17648
17648 17651 17650
17651 17652 17650
17649 17653 17651
17651 17654 17652
17653 17654 17651
17653 17655 17654
17656 17657 17658
17656 17658 17659
17660 17656 17659
17660 17659 17661
17662 17660 17661
17662 17661 17663
17664 17662 17663
17664 17663 17665
17666 17664 17665
17666 17665 17667
17668 17669 17670
17668 17670 17671
17671 17670 17672
17673 17668 17671
17671 17672 17674
17673 17671 17675
17675 17671 17674
17676 17673 17675
17675 17674 17677
17676 17675 17678
17678 17675 17677
17679 17676 17678
17678 17677 17680
17679 17678 17681
17681 17678 17680
17682 17679 17681
17681 17680 17683
17682 17681 17684
17684 17681 17683
17684 17683 17685
17686 17687 17688
17686 17688 17689
17690 17686 17689
17690 17689 17691
17692 17690 17691
17692 17691 17693
17694 17692 17693
17694 17693 17695
17696 17694 17695
17696 17695 17697
17698 17699 17700
17698 17700 17701
17701 17700 17702
17703 17698 17701
17701 17702 17704
17703 17701 17705
17705 17701 17704
17706 17703 17705
17705 17704 17707
17706 17705 17708
17708 17705 17707
17709 17706 17708
17708 17707 17710
17709 17708 17711
17711 17708 17710
17712 17709 17711
17711 17710 17713
17712 17711 17714
17714 17711 17713
17714 17713 17715
17716 17717 17718
17716 17718 17719
17718 17720 17719
17718 17721 17720
17721 17722 17720
17721 17723 17722
17723 17724 17722
17723 17725 17724
17725 17726 17724
17725 17727 17726
17727 17728 17726
17727 17729 17728
17730 17731 17732
17730 17732 17733
17734 17730 17733
17734 17733 17735
17733 17736 17735
17732 17737 17733
17733 17737 17736
17732 17738 17737
17737 17739 17736
17738 17740 17737
17737 17740 17739
17738 17741 17740
17740 17742 17739
17741 17743 17740
17740 17743 17742
17741 17744 17743
17743 17745 17742
17744 17746 17743
17743 17746 17745
17746 17747 17745
17744 17748 17746
17746 17749 17747
17748 17749 17746
17748 17750 17749
17751 17752 17753
17751 17753 17754
17753 17755 17754
17753 17756 17755
17756 17757 17755
17756 17758 17757
17758 17759 17757
17758 17760 17759
17760 17761 17759
17760 17762 17761
17762 17763 17761
17762 17764 17763
17765 17766 17767
17765 17767 17768
17769 17765 17768
17769 17768 17770
17768 17771 17770
17767 17772 17768
17768 17772 17771
17767 17773 17772
17772 17774 17771
17773 17775 17772
17772 17775 17774
17773 17776 17775
17775 17777 17774
17776 17778 17775
17775 17778 17777
17776 17779 17778
17778 17780 17777
17779 17781 17778
17778 17781 17780
17781 17782 17780
17779 17783 17781
17781 17784 17782
17783 17784 17781
17783 17785 17784
17786 17787 17788
17786 17788 17789
17788 17790 17789
17788 17791 17790
17791 17792 17790
17791 17793 17792
17793 17794 17792
17793 17795 17794
17795 17796 17794
17795 17797 17796
17797 17798 17796
17797 17799 17798
17800 17801 17802
17800 17802 17803
17804 17800 17803
17804 17803 17805
17803 17806 17805
17802 17807 17803
17803 17807 17806
17802 17808 17807
17807 17809 17806
17808 17810 17807
17807 17810 17809
17808 17811 17810
17810 17812 17809
17811 17813 17810
17810 17813 17812
17811 17814 17813
17813 17815 17812
17814 17816 17813
17813 17816 17815
17816 17817 17815
17814 17818 17816
17816 17819 17817
17818 17819 17816
17818 17820 17819
17821 17822 17823
17821 17823 17824
17825 17821 17824
17825 17824 17826
17827 17825 17826
17827 17826 17828
17829 17827 17828
17829 17828 17830
17831 17829 17830
17831 17830 17832
17833 17834 17835
17833 17835 17836
17836 17835 17837
17838 17833 17836
17836 17837 17839
17838 17836 17840
17840 17836 17839
17841 17838 17840
17840 17839 17842
17841 17840 17843
17843 17840 17842
17844 17841 17843
17843 17842 17845
17844 17843 17846
17846 17843 17845
17847 17844 17846
17846 17845 17848
17847 17846 17849
17849 17846 17848
17849 17848 17850
17851 17852 17853
17851 17853 17854
17855 17851 17854
17855 17854 17856
17857 17855 17856
17857 17856 17858
17859 17857 17858
17859 17858 17860
17861 17859 17860
17861 17860 17862
17863 17864 17865
17863 17865 17866
17866 17865 17867
17868 17863 17866
17866 17867 17869
17868 17866 17870
17870 17866 17869
17871 17868 17870
17870 17869 17872
17871 17870 17873
17873 17870 17872
17874 17871 17873
17873 17872 17875
17874 17873 17876
17876 17873 17875
17877 17874 17876
17876 17875 17878
17877 17876 17879
17879 17876 17878
17879 17878 17880
17881 17882 17883
17881 17883 17884
17885 17881 17884
17885 17886 17881
17887 17881 17886
17887 17888 17881
17888 17889 17881
17888 17890 17889
17888 17887 17891
17892 17885 17884
17892 17893 17885
17894 17893 17892
17895 17892 17884
17895 17884 17896
17888 17891 17897
17897 17891 17898
17899 17888 17897
17899 17900 17888
17897 17898 17901
17902 17897 17901
17902 17901 17903
17898 17904 17901
17898 17905 17904
17904 17906 17901
17904 17907 17906
17904 17905 17908
17904 17908 17909
17910 17904 17909
17910 17909 17911
17908 17912 17909
17908 17913 17912
17912 17914 17909
17912 17915 17914
17912 17913 17894
17912 17894 17916
17917 17912 17916
17917 17916 17918
17894 17892 17916
17892 17919 17916
17892 17920 17919
17921 17922 17923
17921 17923 17924
17925 17926 17927
17925 17927 17928
17929 17930 17931
17929 17931 17932
17933 17934 17935
17933 17935 17936
17937 17938 17939
17937 17939 17940
17941 17942 17943
17941 17943 17944
17945 17946 17947
17945 17947 17948
17949 17950 17951
17949 17951 17952
17953 17954 17955
17953 17955 17956
17957 17958 17959
17957 17959 17960
17961 17962 17963
17961 17963 17964
17965 17961 17964
17965 17964 17966
17961 17965 17967
17968 17966 17964
17969 17968 17964
17969 17970 17968
17968 17971 17966
17961 17967 17972
17972 17967 17973
17974 17961 17972
17974 17975 17961
17971 17968 17976
17971 17976 17977
17968 17978 17976
17968 17979 17978
17980 17977 17976
17981 17980 17976
17981 17982 17980
17980 17983 17977
17972 17973 17984
17985 17972 17984
17985 17984 17986
17973 17987 17984
17973 17988 17987
17987 17989 17984
17987 17990 17989
17991 17987 17988
17991 17992 17987
17992 17993 17987
17992 17994 17993
17992 17991 17995
17983 17996 17995
17992 17995 17996
17983 17980 17996
17997 17992 17996
17997 17998 17992
17980 17999 17996
17980 18000 17999
18001 18002 18003
18001 18003 18004
18005 18001 18004
18005 18006 18001
18007 18001 18006
18007 18008 18001
18008 18009 18001
18008 18010 18009
18008 18007 18011
18012 18005 18004
18012 18013 18005
18014 18013 18012
18015 18012 18004
18015 18004 18016
18008 18011 18017
18017 18011 18018
18019 18008 18017
18019 18020 18008
18017 18018 18021
18022 18017 18021
18022 18021 18023
18018 18024 18021
18018 18025 18024
18024 18026 18021
18024 18027 18026
18024 18025 18028
18024 18028 18029
18030 18024 18029
18030 18029 18031
18028 18032 18029
18028 18033 18032
18032 18034 18029
18032 18035 18034
18032 18033 18014
18032 18014 18036
18037 18032 18036
18037 18036 18038
18014 18012 18036
18012 18039 18036
18012 18040 18039
18041 18042 18043
18041 18043 18044
18045 18046 18047
18045 18047 18048
18049 18050 18051
18049 18051 18052
18053 18054 18055
18053 18055 18056
18057 18058 18059
18057 18059 18060
18061 18062 18063
18061 18063 18064
18065 18066 18067
18065 18067 18068
18069 18070 18071
18069 18071 18072
18073 18074 18075
18073 18075 18076
18077 18078 18079
18077 18079 18080
18081 18082 18083
18081 18083 18084
18085 18081 18084
18085 18084 18086
18081 18085 18087
18088 18086 18084
18089 18088 18084
18089 18090 18088
18088 18091 18086
18081 18087 18092
18092 18087 18093
18094 18081 18092
18094 18095 18081
18091 18088 18096
18091 18096 18097
18088 18098 18096
18088 18099 18098
18100 18097 18096
18101 18100 18096
18101 18102 18100
18100 18103 18097
18092 18093 18104
18105 18092 18104
18105 18104 18106
18093 18107 18104
18093 18108 18107
18107 18109 18104
18107 18110 18109
18111 18107 18108
18111 18112 18107
18112 18113 18107
18112 18114 18113
18112 18111 18115
18103 18116 18115
18112 18115 18116
18103 18100 18116
18117 18112 18116
18117 18118 18112
18100 18119 18116
18100 18120 18119
18121 18122 18123
18121 18123 18124
18125 18121 18124
18125 18126 18121
18127 18121 18126
18127 18128 18121
18128 18129 18121
18128 18130 18129
18128 18127 18131
18132 18125 18124
18132 18133 18125
18134 18133 18132
18135 18132 18124
18135 18124 18136
18128 18131 18137
18137 18131 18138
18139 18128 18137
18139 18140 18128
18137 18138 18141
18142 18137 18141
18142 18141 18143
18138 18144 18141
18138 18145 18144
18144 18146 18141
18144 18147 18146
18144 18145 18148
18144 18148 18149
18150 18144 18149
18150 18149 18151
18148 18152 18149
18148 18153 18152
18152 18154 18149
18152 18155 18154
18152 18153 18134
18152 18134 18156
18157 18152 18156
18157 18156 18158
18134 18132 18156
18132 18159 18156
18132 18160 18159
18161 18162 18163
18161 18163 18164
18165 18166 18167
18165 18167 18168
18169 18170 18171
18169 18171 18172
18173 18174 18175
18173 18175 18176
18177 18178 18179
18177 18179 18180
18181 18182 18183
18181 18183 18184
18185 18186 18187
18185 18187 18188
18189 18190 18191
18189 18191 18192
18193 18194 18195
18193 18195 18196
18197 18198 18199
18197 18199 18200
18201 18202 18203
18201 18203 18204
18205 18201 18204
18205 18204 18206
18201 18205 18207
18208 18206 18204
18209 18208 18204
18209 18210 18208
18208 18211 18206
18201 18207 18212
18212 18207 18213
18214 18201 18212
18214 18215 18201
18211 18208 18216
18211 18216 18217
18208 18218 18216
18208 18219 18218
18220 18217 18216
18221 18220 18216
18221 18222 18220
18220 18223 18217
18212 18213 18224
18225 18212 18224
18225 18224 18226
18213 18227 18224
18213 18228 18227
18227 18229 18224
18227 18230 18229
18231 18227 18228
18231 18232 18227
18232 18233 18227
18232 18234 18233
18232 18231 18235
18223 18236 18235
18232 18235 18236
18223 18220 18236
18237 18232 18236
18237 18238 18232
18220 18239 18236
18220 18240 18239
18241 18242 18243
18241 18243 18244
18245 18241 18244
18245 18246 18241
18247 18241 18246
18247 18248 18241
18248 18249 18241
18248 18250 18249
18248 18247 18251
18252 18245 18244
18252 18253 18245
18254 18253 18252
18255 18252 18244
18255 18244 18256
18248 18251 18257
18257 18251 18258
18259 18248 18257
18259 18260 18248
18257 18258 18261
18262 18257 18261
18262 18261 18263
18258 18264 18261
18258 18265 18264
18264 18266 18261
18264 18267 18266
18264 18265 18268
18264 18268 18269
18270 18264 18269
18270 18269 18271
18268 18272 18269
18268 18273 18272
18272 18274 18269
18272 18275 18274
18272 18273 18254
18272 18254 18276
18277 18272 18276
18277 18276 18278
18254 18252 18276
18252 18279 18276
18252 18280 18279
18281 18282 18283
18281 18283 18284
18285 18286 18287
18285 18287 18288
18289 18290 18291
18289 18291 18292
18293 18294 18295
18293 18295 18296
18297 18298 18299
18297 18299 18300
18301 18302 18303
18301 18303 18304
18305 18306 18307
18305 18307 18308
18309 18310 18311
18309 18311 18312
18313 18314 18315
18313 18315 18316
18317 18318 18319
18317 18319 18320
18321 18322 18323
18321 18323 18324
18325 18321 18324
18325 18324 18326
18321 18325 18327
18328 18326 18324
18329 18328 18324
18329 18330 18328
18328 18331 18326
18321 18327 18332
18332 18327 18333
18334 18321 18332
18334 18335 18321
18331 18328 18336
18331 18336 18337
18328 18338 18336
18328 18339 18338
18340 18337 18336
18341 18340 18336
18341 18342 18340
18340 18343 18337
18332 18333 18344
18345 18332 18344
18345 18344 18346
18333 18347 18344
18333 18348 18347
18347 18349 18344
18347 18350 18349
18351 18347 18348
18351 18352 18347
18352 18353 18347
18352 18354 18353
18352 18351 18355
18343 18356 18355
18352 18355 18356
18343 18340 18356
18357 18352 18356
18357 18358 18352
18340 18359 18356
18340 18360 18359
18361 18362 18363
18361 18363 18364
18365 18361 18364
18365 18366 18361
18367 18361 18366
18367 18368 18361
18368 18369 18361
18368 18370 18369
18368 18367 18371
18372 18365 18364
18372 18373 18365
18374 18373 18372
18375 18372 18364
18375 18364 18376
18368 18371 18377
18377 18371 18378
18379 18368 18377
18379 18380 18368
18377 18378 18381
18382 18377 18381
18382 18381 18383
18378 18384 18381
18378 18385 18384
18384 18386 18381
18384 18387 18386
18384 18385 18388
18384 18388 18389
18390 18384 18389
18390 18389 18391
18388 18392 18389
18388 18393 18392
18392 18394 18389
18392 18395 18394
18392 18393 18374
18392 18374 18396
18397 18392 18396
18397 18396 18398
18374 18372 18396
18372 18399 18396
18372 18400 18399
18401 18402 18403
18401 18403 18404
18405 18406 18407
18405 18407 18408
18409 18410 18411
18409 18411 18412
18413 18414 18415
18413 18415 18416
18417 18418 18419
18417 18419 18420
18421 18422 18423
18421 18423 18424
18425 18426 18427
18425 18427 18428
18429 18430 18431
18429 18431 18432
18433 18434 18435
18433 18435 18436
18437 18438 18439
18437 18439 18440
18441 18442 18443
18441 18443 18444
18445 18441 18444
18445 18444 18446
18441 18445 18447
18448 18446 18444
18449 18448 18444
18449 18450 18448
18448 18451 18446
18441 18447 18452
18452 18447 18453
18454 18441 18452
18454 18455 18441
18451 18448 18456
18451 18456 18457
18448 18458 18456
18448 18459 18458
18460 18457 18456
18461 18460 18456
18461 18462 18460
18460 18463 18457
18452 18453 18464
18465 18452 18464
18465 18464 18466
18453 18467 18464
18453 18468 18467
18467 18469 18464
18467 18470 18469
18471 18467 18468
18471 18472 18467
18472 18473 18467
18472 18474 18473
18472 18471 18475
18463 18476 18475
18472 18475 18476
18463 18460 18476
18477 18472 18476
18477 18478 18472
18460 18479 18476
18460 18480 18479
18481 18482 18483
18481 18484 18482
18484 18481 18485
18484 18485 18486
18484 18487 18482
18487 18488 18482
18487 18489 18488
18489 18490 18488
18491 18487 18484
18491 18492 18487
18493 18491 18484
18493 18484 18486
18493 18494 18491
18495 18493 18486
18495 18486 18496
18497 18495 18496
18498 18499 18500
18501 18498 18500
18501 18502 18498
18503 18502 18501
18501 18504 18503
18501 18505 18504
18502 18503 18506
18502 18506 18507
18504 18508 18503
18504 18509 18508
18506 18503 18510
18503 18508 18510
18506 18510 18511
18512 18510 18508
18512 18508 18513
18514 18512 18513
18515 18516 18517
18515 18517 18518
18519 18515 18518
18519 18520 18515
18521 18522 18523
18521 18523 18524
18523 18525 18524
18523 18526 18525
18527 18528 18529
18527 18529 18530
18529 18531 18530
18529 18532 18531
18533 18534 18535
18533 18535 18536
18535 18537 18536
18535 18538 18537
18539 18540 18541
18539 18541 18542
18543 18539 18542
18543 18544 18539
18545 18546 18547
18545 18547 18548
18547 18549 18548
18547 18550 18549
18551 18552 18553
18551 18553 18554
18553 18555 18554
18553 18556 18555
18557 18558 18559
18557 18559 18560
18559 18561 18560
18559 18562 18561
18563 18564 18565
18563 18565 18566
18567 18563 18566
18567 18568 18563
18567 18569 18568
18569 18570 18568
18571 18566 18565
18571 18565 18572
18573 18567 18566
18574 18567 18573
18574 18573 18575
18576 18574 18575
18577 18573 18566
18571 18577 18566
18577 18578 18573
18577 18579 18578
18579 18580 18578
18581 18577 18571
18581 18571 18582
18583 18581 18582
18584 18585 18586
18587 18584 18586
18587 18588 18584
18589 18588 18587
18589 18590 18588
18588 18590 18591
18588 18591 18592
18587 18593 18589
18587 18594 18593
18594 18595 18593
18596 18597 18598
18597 18599 18598
18597 18600 18599
18601 18599 18600
18602 18599 18601
18602 18601 18603
18604 18602 18603
18601 18600 18605
18606 18605 18600
18606 18600 18607
18608 18609 18610
18608 18610 18611
18612 18613 18614
18612 18614 18615
18616 18617 18618
18616 18618 18619
18620 18621 18622
18620 18622 18623
18624 18625 18626
18624 18626 18627
18628 18629 18630
18628 18630 18631
18632 18633 18634
18632 18634 18635
18636 18637 18638
18636 18638 18639
18640 18641 18642
18640 18642 18643
18642 18644 18643
18642 18645 18644
18646 18647 18648
18646 18648 18649
18648 18650 18649
18648 18651 18650
18652 18653 18654
18652 18654 18655
18656 18657 18658
18656 18658 18659
18660 18661 18662
18660 18662 18663
18664 18665 18666
18664 18666 18667
18668 18669 18670
18668 18670 18671
18672 18673 18674
18672 18674 18675
18676 18677 18678
18676 18678 18679
18680 18681 18682
18680 18682 18683
18684 18685 18686
18684 18686 18687
18688 18684 18687
18688 18687 18689
18687 18690 18689
18686 18691 18687
18687 18691 18690
18686 18692 18691
18691 18692 18693
18690 18691 18694
18691 18693 18694
18690 18694 18695
18694 18693 18696
18695 18694 18697
18694 18696 18697
18695 18697 18698
18697 18696 18699
18698 18697 18700
18697 18699 18700
18698 18700 18701
18700 18699 18702
18701 18700 18703
18700 18702 18703
18701 18703 18704
18703 18702 18705
18704 18703 18706
18703 18705 18706
18704 18706 18707
18706 18705 18708
18707 18706 18709
18706 18708 18709
18707 18709 18710
18709 18708 18711
18710 18709 18712
18709 18711 18712
18710 18712 18713
18712 18711 18714
18713 18712 18715
18712 18714 18715
18713 18715 18716
18715 18714 18717
18716 18715 18718
18715 18717 18718
18716 18718 18719
18718 18717 18720
18719 18718 18721
18718 18720 18721
18719 18721 18722
18721 18720 18723
18722 18721 18724
18721 18723 18724
18722 18724 18725
18724 18723 18726
18725 18724 18727
18724 18726 18727
18725 18727 18728
18727 18726 18729
18728 18727 18730
18727 18729 18730
18728 18730 18731
18730 18729 18732
18731 18730 18733
18730 18732 18733
18731 18733 18734
18733 18732 18735
18734 18733 18736
18733 18735 18736
18734 18736 18737
18736 18735 18738
18735 18739 18738
18736 18738 18740
18736 18740 18741
18737 18736 18741
18737 18741 18742
18743 18744 18745
18743 18746 18744
18747 18746 18743
18746 18748 18744
18747 18749 18746
18750 18749 18747
18746 18751 18748
18749 18751 18746
18751 18752 18748
18750 18753 18749
18754 18753 18750
18749 18755 18751
18753 18755 18749
18751 18756 18752
18755 18756 18751
18756 18757 18752
18756 18758 18757
18759 18758 18756
18755 18759 18756
18759 18760 18758
18754 18761 18753
18762 18761 18754
18753 18763 18755
18763 18759 18755
18761 18763 18753
18764 18760 18759
18763 18764 18759
18764 18765 18760
18762 18766 18761
18767 18766 18762
18761 18768 18763
18768 18764 18763
18766 18768 18761
18769 18765 18764
18768 18769 18764
18769 18770 18765
18767 18771 18766
18772 18771 18767
18766 18773 18768
18773 18769 18768
18771 18773 18766
18774 18770 18769
18773 18774 18769
18774 18775 18770
18772 18776 18771
18777 18776 18772
18771 18778 18773
18778 18774 18773
18776 18778 18771
18779 18775 18774
18778 18779 18774
18779 18780 18775
18777 18781 18776
18782 18781 18777
18776 18783 18778
18783 18779 18778
18781 18783 18776
18784 18780 18779
18783 18784 18779
18784 18785 18780
18782 18786 18781
18787 18786 18782
18781 18788 18783
18788 18784 18783
18786 18788 18781
18789 18785 18784
18788 18789 18784
18789 18790 18785
18787 18791 18786
18792 18791 18787
18786 18793 18788
18793 18789 18788
18791 18793 18786
18794 18790 18789
18793 18794 18789
18794 18795 18790
18792 18796 18791
18797 18796 18792
18791 18798 18793
18798 18794 18793
18796 18798 18791
18799 18795 18794
18798 18799 18794
18799 18800 18795
18797 18801 18796
18802 18801 18797
18796 18803 18798
18803 18799 18798
18801 18803 18796
18804 18800 18799
18803 18804 18799
18804 18805 18800
18802 18806 18801
18807 18806 18802
18801 18808 18803
18808 18804 18803
18806 18808 18801
18809 18805 18804
18808 18809 18804
18809 18810 18805
18807 18811 18806
18812 18811 18807
18806 18813 18808
18813 18809 18808
18811 18813 18806
18814 18810 18809
18813 18814 18809
18814 18815 18810
18811 18816 18813
18816 18814 18813
18817 18815 18814
18816 18817 18814
18817 18818 18815
18812 18819 18811
18819 18816 18811
18820 18817 18816
18819 18820 18816
18821 18818 18817
18820 18821 18817
18821 18822 18818
18822 18821 18823
18823 18821 18820
18822 18823 18824
18825 18824 18823
18826 18819 18812
18826 18812 18827
18828 18820 18819
18823 18820 18828
18828 18819 18826
18825 18823 18829
18829 18823 18828
18830 18826 18827
18830 18827 18831
18832 18830 18831
18832 18833 18830
18834 18828 18826
18834 18826 18830
18833 18834 18830
18829 18828 18834
18833 18835 18834
18835 18829 18834
18835 18836 18829
18836 18825 18829
18836 18837 18825
18838 18839 18840
18838 18840 18841
18842 18841 18840
18842 18843 18841
18844 18843 18842
18844 18845 18843
18844 18846 18845
18844 18847 18846
18848 18847 18844
18848 18844 18849
18850 18842 18840
18850 18840 18851
18852 18844 18842
18852 18842 18850
18853 18849 18844
18853 18854 18849
18855 18850 18851
18855 18851 18856
18857 18855 18856
18858 18850 18855
18858 18852 18850
18857 18859 18855
18859 18858 18855
18860 18859 18857
18861 18844 18852
18861 18853 18844
18862 18854 18853
18862 18863 18854
18862 18864 18863
18862 18865 18864
18866 18862 18853
18866 18853 18861
18867 18866 18861
18868 18861 18852
18867 18861 18868
18868 18852 18858
18859 18869 18858
18869 18868 18858
18870 18867 18868
18869 18870 18868
18870 18871 18867
18872 18869 18859
18860 18872 18859
18873 18870 18869
18872 18873 18869
18874 18871 18870
18873 18874 18870
18874 18875 18871
18876 18875 18874
18876 18874 18877
18877 18874 18873
18877 18873 18878
18878 18873 18872
18878 18872 18879
18879 18872 18860
18879 18860 18880
18881 18882 18883
18881 18883 18884
18881 18884 18885
18881 18885 18886
18887 18881 18886
18888 18886 18885
18888 18885 18889
18890 18888 18889
18891 18888 18890
18888 18891 18892
18888 18892 18893
18888 18893 18894
18887 18886 18895
18888 18895 18886
18896 18887 18895
18888 18894 18897
18888 18898 18895
18898 18888 18897
18896 18895 18899
18898 18899 18895
18900 18897 18894
18900 18894 18901
18902 18900 18901
18903 18900 18902
18900 18904 18897
18898 18897 18904
18900 18905 18904
18906 18898 18904
18898 18906 18899
18905 18907 18904
18906 18904 18907
18905 18908 18907
18909 18907 18908
18909 18910 18907
18910 18906 18907
18911 18910 18909
18912 18899 18906
18910 18912 18906
18911 18913 18910
18913 18912 18910
18912 18914 18899
18914 18896 18899
18914 18915 18896
18916 18915 18914
18917 18913 18911
18917 18911 18918
18919 18913 18917
18913 18920 18912
18919 18920 18913
18920 18914 18912
18921 18920 18919
18922 18916 18914
18920 18922 18914
18921 18922 18920
18923 18916 18922
18923 18922 18921
18924 18925 18926
18924 18926 18927
18924 18927 18928
18929 18930 18931
18932 18930 18929
18933 18930 18932
18934 18930 18933
18935 18930 18934
18936 18930 18935
18937 18930 18938
18939 18930 18937
18940 18930 18939
18941 18930 18940
18942 18930 18941
18943 18930 18942
18944 18930 18945
18946 18930 18944
18947 18930 18946
18948 18930 18947
18949 18930 18948
18950 18930 18949
18951 18930 18952
18953 18930 18951
18954 18930 18953
18955 18930 18954
18956 18930 18955
18957 18930 18956
18958 18959 18960
18961 18959 18958
18961 18962 18959
18963 18964 18965
18964 18966 18965
18964 18967 18966
18968 18969 18970
18968 18971 18969
18968 18972 18971
18973 18974 18975
18976 18973 18975
18977 18976 18975
18978 18979 18980
18978 18981 18979
18981 18982 18979
18983 18984 18985
18983 18986 18984
18986 18987 18984
18988 18989 18990
18988 18991 18989
18991 18992 18989
18993 18994 18995
18993 18996 18994
18996 18997 18994
18998 18999 19000
18998 19001 18999
19001 19002 18999
19003 19004 19005
19003 19006 19004
19006 19007 19004
19008 19009 19010
19008 19011 19009
19011 19012 19009
19013 19014 19015
19013 19016 19014
19016 19017 19014
19018 19019 19020
19021 19018 19020
19021 19022 19018
19021 19020 19023
19020 19024 19023
19025 19021 19023
19025 19023 19026
19025 19026 19027
19025 19027 19028
19029 19028 19027
19029 19030 19028
19029 19027 19031
19031 19032 19029
19027 19033 19031
19034 19035 19036
19034 19036 19037
19038 19034 19037
19039 19040 19041
19039 19042 19040
19042 19043 19040
19044 19045 19046
19044 19046 19047
19048 19044 19047
19049 19050 19051
19049 19052 19050
19052 19053 19050
19054 19055 19056
19054 19057 19055
19057 19058 19055
19059 19060 19061
19059 19061 19062
19063 19059 19062
19064 19065 19066
19064 19066 19067
19068 19064 19067
19069 19070 19071
19069 19072 19070
19072 19073 19070
19074 19075 19076
19074 19077 19075
19075 19077 19078
19075 19078 19079
19078 19080 19079
19078 19081 19080
19080 19081 19082
19080 19082 19083
19082 19084 19083
19082 19085 19084
19085 19086 19084
19085 19087 19086
19086 19087 19088
19086 19088 19089
19088 19090 19089
19088 19091 19090
19091 19092 19090
19091 19093 19092
19093 19094 19092
19093 19095 19094
19094 19095 19096
19094 19096 19097
19096 19098 19097
19096 19099 19098
19100 19101 19102
19100 19102 19103
19102 19104 19103
19102 19105 19104
19104 19105 19106
19104 19106 19107
19106 19108 19107
19106 19109 19108
19108 19109 19110
19108 19110 19111
19111 19110 19112
19111 19112 19113
19112 19114 19113
19112 19115 19114
19114 19115 19116
19114 19116 19117
19117 19116 19118
19117 19118 19119
19119 19118 19120
19119 19120 19121
19120 19122 19121
19120 19123 19122
19122 19123 19124
19122 19124 19125
19126 19127 19128
19126 19128 19129
19128 19130 19129
19128 19131 19130
19131 19132 19130
19131 19133 19132
19133 19134 19132
19133 19135 19134
19135 19136 19134
19135 19137 19136
19137 19138 19136
19137 19139 19138
19139 19140 19138
19139 19141 19140
19141 19142 19140
19141 19143 19142
19143 19144 19142
19143 19145 19144
19145 19146 19144
19145 19147 19146
19146 19147 19148
19146 19148 19149
19148 19150 19149
19148 19151 19150
19151 19152 19150
19151 19153 19152
19153 19154 19152
19153 19155 19154
19155 19156 19154
19155 19157 19156
19156 19157 19158
19156 19158 19159
19158 19160 19159
19158 19161 19160
19161 19162 19160
19161 19163 19162
19163 19164 19162
19163 19165 19164
19165 19166 19164
19165 19167 19166
19167 19168 19166
19167 19169 19168
19169 19170 19168
19169 19171 19170
19171 19172 19170
19171 19173 19172
19173 19174 19172
19173 19175 19174
19175 19176 19174
19175 19177 19176
19176 19177 19178
19176 19178 19179
19178 19180 19179
19178 19181 19180
19181 19182 19180
19181 19183 19182
19184 19182 19183
19184 19183 19185
19186 19184 19185
19186 19185 19187
19188 19186 19187
19188 19187 19189
19190 19188 19189
19190 19189 19191
19192 19190 19191
19192 19193 19190
19194 19193 19192
19194 19192 19195
19196 19194 19195
19196 19195 19197
19198 19196 19197
19198 19199 19196
19200 19199 19198
19200 19198 19201
19202 19200 19201
19202 19203 19200
19204 19203 19202
19204 19202 19205
19206 19204 19205
19206 19205 19207
19208 19206 19207
19208 19207 19209
19210 19208 19209
19210 19209 19211
19212 19210 19211
19212 19213 19210
19214 19213 19212
19214 19212 19215
19216 19214 19215
19216 19215 19217
19218 19216 19217
19218 19217 19219
19220 19218 19219
19220 19219 19221
19222 19220 19221
19222 19223 19220
19224 19223 19222
19224 19222 19225
19226 19224 19225
19226 19225 19227
19228 19226 19227
19228 19229 19226
19230 19229 19228
19230 19228 19231
19232 19230 19231
19232 19233 19230
19234 19233 19232
19234 19232 19235
19236 19234 19235
19236 19235 19237
19238 19236 19237
19238 19237 19239
19240 19241 19242
19240 19242 19243
19243 19242 19244
19240 19243 19245
19240 19245 19246
19247 19246 19245
19247 19245 19248
19248 19245 19249
19243 19249 19245
19248 19249 19250
19243 19244 19251
19243 19251 19249
19251 19244 19252
19250 19249 19253
19251 19253 19249
19250 19253 19254
19251 19252 19255
19251 19255 19253
19255 19252 19256
19254 19253 19257
19255 19257 19253
19254 19257 19258
19255 19256 19259
19255 19259 19257
19259 19256 19260
19258 19257 19261
19259 19261 19257
19258 19261 19262
19259 19260 19263
19259 19263 19261
19263 19260 19264
19262 19261 19265
19263 19265 19261
19262 19265 19266
19263 19264 19267
19263 19267 19265
19267 19264 19268
19266 19265 19269
19267 19269 19265
19266 19269 19270
19267 19268 19271
19267 19271 19269
19271 19268 19272
19271 19272 19273
19274 19271 19273
19274 19269 19271
19270 19269 19274
19270 19274 19275
19276 19277 19278
19276 19278 19279
19280 19281 19282
19280 19282 19283
19284 19285 19286
19284 19286 19287
19288 19289 19290
19288 19290 19291
19292 19293 19294
19292 19294 19295
19296 19297 19298
19296 19298 19299
19300 19301 19302
19300 19302 19303
19304 19305 19306
19304 19306 19307
19308 19309 19310
19308 19310 19311
19312 19313 19314
19312 19314 19315
19316 19317 19318
19316 19318 19319
19320 19321 19322
19320 19322 19323
19324 19325 19326
19324 19326 19327
19328 19329 19330
19328 19330 19331
19332 19333 19334
19332 19334 19335
19336 19337 19338
19336 19338 19339
19340 19341 19342
19340 19342 19343
19344 19345 19346
19344 19346 19347
19348 19349 19350
19348 19350 19351
19352 19353 19354
19352 19354 19355
19356 19357 19358
19356 19358 19359
19360 19361 19362
19360 19362 19363
19364 19365 19366
19364 19366 19367
19368 19369 19370
19368 19370 19371
19372 19373 19374
19372 19374 19375
19376 19377 19378
19376 19378 19379
19380 19381 19382
19380 19382 19383
19384 19385 19386
19384 19386 19387
19388 19389 19390
19388 19390 19391
19392 19393 19394
19392 19394 19395
19396 19397 19398
19396 19398 19399
19400 19401 19402
19400 19402 19403
19404 19405 19406
19404 19406 19407
19408 19409 19410
19408 19410 19411
19412 19413 19414
19412 19414 19415
19416 19417 19418
19416 19418 19419
19420 19421 19422
19420 19422 19423
19424 19425 19426
19424 19426 19427
19428 19429 19430
19428 19430 19431
19432 19433 19434
19432 19434 19435
19436 19437 19438
19436 19438 19439
19440 19441 19442
19440 19442 19443
19444 19445 19446
19444 19446 19447
19448 19449 19450
19448 19450 19451
19452 19453 19454
19452 19454 19455
19456 19457 19458
19456 19458 19459
19460 19461 19462
19460 19462 19463
19464 19465 19466
19464 19466 19467
19468 19469 19470
19468 19470 19471
19472 19473 19474
19472 19474 19475
19476 19477 19478
19476 19478 19479
19480 19481 19482
19480 19482 19483
19484 19485 19486
19484 19486 19487
19488 19489 19490
19488 19490 19491
19492 19493 19494
19492 19494 19495
19496 19497 19498
19496 19498 19499
19500 19501 19502
19500 19502 19503
19504 19505 19506
19504 19506 19507
19508 19509 19510
19508 19510 19511
19512 19513 19514
19512 19514 19515
19516 19517 19518
19516 19518 19519
19520 19521 19522
19520 19522 19523
19524 19525 19526
19524 19526 19527
19528 19529 19530
19528 19530 19531
19532 19533 19534
19532 19534 19535
19536 19537 19538
19536 19538 19539
19540 19541 19542
19540 19542 19543
19544 19545 19546
19544 19546 19547
19548 19549 19550
19548 19550 19551
19552 19553 19554
19552 19554 19555
19556 19557 19558
19556 19558 19559
19560 19561 19562
19560 19562 19563
19564 19565 19566
19564 19566 19567
19568 19569 19570
19568 19570 19571
19572 19573 19574
19572 19574 19575
19576 19577 19578
19576 19578 19579
19580 19581 19582
19580 19582 19583
19584 19585 19586
19584 19586 19587
19588 19589 19590
19588 19590 19591
19592 19593 19594
19592 19594 19595
19596 19597 19598
19596 19598 19599
19600 19601 19602
19600 19602 19603
19604 19605 19606
19604 19606 19607
19608 19609 19610
19608 19610 19611
19612 19613 19614
19612 19614 19615
19616 19617 19618
19616 19618 19619
19620 19621 19622
19620 19622 19623
19624 19625 19626
19624 19626 19627
19628 19629 19630
19628 19630 19631
19632 19633 19634
19632 19634 19635
19636 19637 19638
19636 19638 19639
19640 19641 19642
19640 19642 19643
19644 19645 19646
19644 19646 19647
19648 19649 19650
19648 19650 19651
19652 19653 19654
19652 19654 19655
19656 19657 19658
19656 19658 19659
19660 19661 19662
19660 19662 19663
19664 19665 19666
19664 19666 19667
19668 19669 19670
19668 19670 19671
19672 19673 19674
19672 19674 19675
19676 19677 19678
19676 19678 19679
19680 19681 19682
19680 19682 19683
19684 19685 19686
19684 19686 19687
19688 19689 19690
19688 19690 19691
19692 19693 19694
19692 19694 19695
19696 19697 19698
19696 19698 19699
19700 19701 19702
19700 19702 19703
19704 19705 19706
19704 19706 19707
19708 19709 19710
19708 19710 19711
19712 19713 19714
19712 19714 19715
19716 19717 19718
19716 19718 19719
19720 19721 19722
19720 19722 19723
19724 19725 19726
19724 19726 19727
19728 19729 19730
19728 19730 19731
19732 19733 19734
19732 19734 19735
19736 19737 19738
19736 19738 19739
19740 19741 19742
19740 19742 19743
19744 19745 19746
19744 19746 19747
19748 19749 19750
19748 19750 19751
19752 19753 19754
19752 19754 19755
19756 19757 19758
19756 19758 19759
19760 19761 19762
19760 19762 19763
19764 19765 19766
19764 19766 19767
19768 19769 19770
19768 19770 19771
19772 19773 19774
19772 19774 19775
19776 19777 19778
19776 19778 19779
19780 19781 19782
19780 19782 19783
19784 19785 19786
19784 19786 19787
19788 19789 19790
19788 19790 19791
19792 19793 19794
19792 19794 19795
19796 19797 19798
19796 19798 19799
19800 19801 19802
19800 19802 19803
19804 19805 19806
19804 19806 19807
19808 19809 19810
19808 19810 19811
19812 19813 19814
19812 19814 19815
19816 19817 19818
19816 19818 19819
19820 19821 19822
19820 19822 19823
19824 19825 19826
19824 19826 19827
19828 19829 19830
19828 19830 19831
19832 19833 19834
19832 19834 19835
19836 19837 19838
19836 19838 19839
19840 19841 19842
19840 19842 19843
19844 19845 19846
19844 19846 19847
19848 19849 19850
19848 19850 19851
19852 19853 19854
19852 19854 19855
19856 19857 19858
19856 19858 19859
19860 19861 19862
19860 19862 19863
19864 19865 19866
19864 19866 19867
19868 19869 19870
19868 19870 19871
19872 19873 19874
19872 19874 19875
19876 19877 19878
19876 19878 19879
19880 19881 19882
19880 19882 19883
19884 19885 19886
19884 19886 19887
19888 19889 19890
19888 19890 19891
19892 19893 19894
19892 19894 19895
19896 19897 19898
19896 19898 19899
19900 19901 19902
19900 19902 19903
19904 19905 19906
19904 19906 19907
19908 19909 19910
19908 19910 19911
19912 19913 19914
19912 19914 19915
19916 19917 19918
19916 19918 19919
19920 19921 19922
19920 19922 19923
19924 19925 19926
19924 19926 19927
19928 19929 19930
19928 19930 19931
19932 19933 19934
19932 19934 19935
19936 19937 19938
19936 19938 19939
19940 19941 19942
19940 19942 19943
19944 19945 19946
19944 19946 19947
19948 19949 19950
19948 19950 19951
19952 19953 19954
19952 19954 19955
19956 19957 19958
19956 19958 19959
19960 19961 19962
19960 19962 19963
19964 19965 19966
19964 19966 19967
19968 19969 19970
19968 19970 19971
19972 19973 19974
19972 19974 19975
19976 19977 19978
19976 19978 19979
19980 19981 19982
19980 19982 19983
19984 19985 19986
19984 19986 19987
19988 19989 19990
19988 19990 19991
19992 19993 19994
19992 19994 19995
19996 19997 19998
19996 19998 19999
20000 20001 20002
20000 20002 20003
20004 20005 20006
20004 20006 20007
20008 20009 20010
20008 20010 20011
20012 20013 20014
20012 20014 20015
20016 20017 20018
20016 20018 20019
20020 20021 20022
20020 20022 20023
20024 20025 20026
20024 20026 20027
20028 20029 20030
20028 20030 20031
20032 20033 20034
20032 20034 20035
20036 20037 20038
20036 20038 20039
20040 20041 20042
20040 20042 20043
20044 20045 20046
20044 20046 20047
20048 20049 20050
20048 20050 20051
20052 20053 20054
20052 20054 20055
20056 20057 20058
20056 20058 20059
20060 20061 20062
20060 20062 20063
20064 20065 20066
20064 20066 20067
20068 20069 20070
20068 20070 20071
20072 20073 20074
20072 20074 20075
20076 20077 20078
20076 20078 20079
20078 20080 20079
20078 20081 20080
20081 20082 20080
20081 20083 20082
20083 20084 20082
20083 20085 20084
20086 20082 20084
20085 20087 20084
20087 20086 20084
20085 20088 20087
20087 20089 20086
20088 20090 20087
20090 20089 20087
20088 20091 20090
20090 20092 20089
20093 20094 20095
20093 20095 20096
20097 20093 20096
20097 20096 20098
20099 20098 20096
20095 20100 20096
20099 20096 20100
20095 20101 20100
20102 20099 20100
20101 20103 20100
20103 20102 20100
20103 20104 20102
20103 20105 20104
20105 20106 20104
20105 20107 20106
20107 20108 20106
20107 20109 20108
20109 20110 20108
20111 20110 20109
20111 20112 20110
20113 20114 20115
20113 20116 20114
20114 20116 20117
20114 20117 20118
20118 20117 20119
20118 20119 20120
20120 20119 20121
20120 20121 20122
20123 20121 20119
20122 20121 20124
20124 20121 20123
20122 20124 20125
20124 20123 20126
20125 20124 20127
20127 20124 20126
20125 20127 20128
20127 20126 20129
20130 20131 20132
20130 20133 20131
20134 20133 20130
20134 20135 20133
20136 20133 20135
20131 20133 20137
20136 20137 20133
20131 20137 20138
20139 20137 20136
20138 20137 20140
20140 20137 20139
20140 20139 20141
20140 20141 20142
20142 20141 20143
20142 20143 20144
20144 20143 20145
20144 20145 20146
20146 20145 20147
20148 20146 20147
20148 20147 20149
20150 20151 20152
20150 20152 20153
20154 20153 20152
20155 20150 20153
20155 20156 20150
20154 20157 20153
20157 20155 20153
20157 20158 20155
20159 20158 20157
20157 20154 20160
20159 20157 20161
20157 20160 20161
20162 20159 20161
20160 20163 20161
20162 20161 20163
20160 20164 20163
20165 20163 20164
20165 20166 20163
20166 20162 20163
20166 20167 20162
20168 20169 20170
20168 20170 20171
20172 20173 20174
20172 20174 20175
20176 20177 20178
20176 20178 20179
20180 20181 20182
20180 20182 20183
20184 20185 20186
20184 20187 20185
20187 20188 20185
20187 20189 20188
20190 20191 20192
20190 20192 20193
20194 20195 20196
20194 20196 20197
20198 20199 20200
20198 20200 20201
20202 20203 20204
20202 20204 20205
20206 20207 20208
20206 20208 20209
20210 20211 20212
20210 20212 20213
20214 20215 20216
20214 20216 20217
20218 20219 20220
20218 20220 20221
20222 20223 20224
20222 20224 20225
20226 20227 20228
20226 20228 20229
20230 20231 20232
20230 20232 20233
20234 20235 20236
20234 20236 20237
20238 20239 20240
20238 20240 20241
20242 20243 20244
20242 20244 20245
20246 20247 20248
20246 20248 20249
20250 20251 20252
20250 20252 20253
20254 20255 20256
20254 20256 20257
20258 20259 20260
20258 20260 20261
20262 20263 20264
20262 20264 20265
20266 20267 20268
20266 20268 20269
20270 20271 20272
20270 20272 20273
20274 20270 20273
20274 20273 20275
20276 20274 20275
20276 20275 20277
20278 20276 20277
20278 20277 20279
20280 20278 20279
20280 20279 20281
20282 20280 20281
20282 20281 20283
20284 20285 20286
20284 20287 20285
20288 20285 20287
20289 20287 20284
20289 20284 20290
20288 20287 20291
20291 20287 20289
20291 20289 20292
20293 20291 20292
20291 20294 20288
20293 20295 20291
20291 20295 20294
20296 20295 20293
20294 20295 20297
20296 20297 20295
20294 20297 20298
20299 20298 20297
20299 20297 20300
20300 20297 20296
20300 20296 20301
20302 20303 20304
20302 20304 20305
20306 20307 20308
20306 20308 20309
20310 20311 20312
20310 20312 20313
20314 20315 20316
20314 20316 20317
20318 20319 20320
20318 20320 20321
20321 20320 20322
20321 20322 20323
20324 20325 20326
20324 20326 20327
20328 20329 20330
20328 20330 20331
20332 20333 20334
20332 20334 20335
20336 20337 20338
20336 20338 20339
20340 20341 20342
20340 20342 20343
20344 20345 20346
20344 20346 20347
20348 20349 20350
20348 20350 20351
20352 20353 20354
20352 20354 20355
20356 20357 20358
20356 20358 20359
20360 20361 20362
20360 20362 20363
20364 20365 20366
20364 20366 20367
20368 20369 20370
20368 20370 20371
20372 20373 20374
20372 20374 20375
20376 20377 20378
20376 20378 20379
20380 20381 20382
20380 20382 20383
20384 20385 20386
20384 20386 20387
20388 20389 20390
20388 20390 20391
20392 20393 20394
20392 20394 20395
20396 20397 20398
20396 20398 20399
20400 20401 20402
20400 20402 20403
20404 20405 20406
20404 20407 20405
20408 20407 20404
20408 20409 20407
20410 20409 20408
20410 20411 20409
20412 20411 20410
20412 20413 20411
20414 20413 20412
20414 20415 20413
20416 20415 20414
20416 20417 20415
20418 20419 20420
20418 20421 20419
20421 20422 20419
20421 20423 20422
20424 20423 20421
20425 20421 20418
20424 20421 20425
20425 20418 20426
20427 20425 20426
20428 20424 20425
20427 20428 20425
20428 20429 20424
20428 20427 20430
20431 20429 20428
20428 20430 20432
20431 20428 20432
20433 20432 20430
20434 20431 20432
20433 20434 20432
20434 20433 20435
20434 20436 20431
20436 20434 20435
20433 20437 20435
20438 20436 20435
20435 20437 20439
20440 20438 20435
20435 20439 20441
20440 20435 20441
20442 20443 20444
20442 20444 20445
20446 20442 20445
20446 20445 20447
20445 20444 20448
20447 20445 20449
20445 20448 20449
20448 20450 20449
20447 20449 20451
20450 20451 20449
20448 20452 20450
20450 20453 20451
20450 20452 20454
20455 20453 20450
20450 20454 20456
20455 20450 20456
20457 20456 20454
20458 20455 20456
20457 20458 20456
20458 20459 20455
20458 20457 20460
20459 20458 20460
20457 20461 20460
20461 20462 20460
20459 20460 20463
20462 20463 20460
20461 20464 20462
20462 20465 20463
20464 20466 20462
20467 20465 20462
20466 20468 20462
20468 20467 20462
20469 20470 20471
20469 20471 20472
20473 20469 20472
20473 20472 20474
20475 20473 20474
20475 20474 20476
20477 20475 20476
20477 20476 20478
20479 20477 20478
20479 20478 20480
20481 20479 20480
20481 20480 20482
20483 20481 20482
20483 20482 20484
20485 20483 20484
20485 20484 20486
20487 20485 20486
20487 20486 20488
20489 20487 20488
20489 20488 20490
20491 20492 20493
20491 20493 20494
20495 20496 20497
20495 20497 20498
20499 20500 20501
20499 20501 20502
20503 20504 20505
20503 20505 20506
20507 20508 20509
20507 20509 20510
20511 20512 20513
20511 20513 20514
20515 20511 20514
20513 20516 20514
20513 20517 20516
20515 20514 20518
20516 20518 20514
20519 20515 20518
20516 20520 20518
20519 20518 20521
20520 20521 20518
20520 20522 20521
20523 13270 20524
20523 20524 20525
20525 20524 20526
20526 20527 20528
13300 20528 20527
20529 20530 20531
20530 20532 20531
20530 20533 20532
20534 20532 20533
20529 20535 20530
20533 20530 20536
20535 20536 20530
20529 20537 20535
20529 20538 20537
20538 20539 20537
20537 20539 20540
20539 20541 20540
20540 20541 20542
20537 20540 20542
20537 20542 20543
20535 20537 20543
20535 20543 20544
20535 20544 20536
20544 20543 20545
20536 20544 20545
20536 20545 20546
20533 20536 20547
20547 20536 20546
20548 20533 20547
20534 20533 20548
20547 20546 20549
20548 20547 20549
20550 20534 20548
20550 20551 20534
20550 20552 20551
20553 20549 20546
20554 20553 20546
20554 20555 20553
20556 20555 20554
20557 20555 20556
20553 20555 20558
20557 20558 20555
20559 20557 20556
20559 20556 20560
20559 20560 20561
20558 20557 20562
20558 20562 20563
20564 20562 20557
20564 20557 20559
20558 20563 20565
20564 20559 20566
20559 20561 20566
20564 20566 20567
20566 20568 20567
20561 20569 20566
20566 20569 20568
20561 20570 20569
20569 20571 20568
20570 20572 20569
20569 20572 20571
20570 20573 20572
20572 20573 20574
20571 20572 20575
20572 20574 20575
20571 20575 20576
20575 20574 20577
20577 20576 20575
20558 20565 20578
20553 20558 20578
20578 20579 20553
20579 20549 20553
20549 20579 20580
20549 20580 20581
20548 20549 20581
20582 20579 20578
20582 20578 20565
20580 20579 20582
20583 20548 20581
20580 20583 20581
20583 20550 20548
20582 20565 20584
20584 20580 20582
20584 20565 20585
20585 20565 20586
20585 20586 20587
20587 20586 20588
20587 20588 20589
20589 20588 20590
20589 20590 20591
20591 20590 20592
20591 20592 20593
20594 20593 20592
20594 20595 20593
20595 20591 20593
20595 20596 20591
20597 20591 20596
20597 20589 20591
20598 20589 20597
20598 20587 20589
20599 20587 20598
20599 20585 20587
20585 20599 20600
20585 20600 20601
20601 20600 20602
20584 20585 20601
20601 20602 20603
20584 20601 20603
20604 20603 20602
20584 20603 20605
20584 20605 20580
20604 20606 20603
20606 20605 20603
20580 20605 20607
20606 20607 20605
20604 20608 20606
20609 20608 20604
20580 20607 20610
20580 20610 20583
20611 20607 20606
20606 20608 20611
20609 20612 20608
20609 20613 20612
20610 20607 20614
20611 20614 20607
20608 20615 20611
20608 20612 20615
20615 20614 20611
20612 20616 20615
20613 20617 20612
20612 20617 20616
20613 20618 20617
20619 20617 20618
20619 20616 20617
20619 20620 20616
20616 20620 20621
20616 20621 20622
20616 20623 20615
20616 20622 20623
20615 20623 20614
20622 20624 20623
20624 20625 20623
20614 20623 20625
20625 20624 20626
20626 20627 20625
20626 20628 20627
20627 20628 20629
20627 20629 20630
20627 20630 20631
20614 20625 20632
20632 20625 20627
20610 20614 20632
20583 20610 20632
20583 20632 20633
20632 20627 20633
20550 20583 20633
20550 20633 20634
20550 20634 20552
20633 20635 20634
20633 20627 20635
20635 20552 20634
20627 20631 20636
20635 20627 20636
20635 20637 20552
20637 20635 20636
20631 20638 20636
20631 20639 20638
20639 20640 20638
20639 20641 20640
20640 20641 20642
20636 20643 20637
20643 20552 20637
20644 20636 20638
20636 20644 20643
20645 20644 20638
20644 20645 20643
20640 20646 20638
20645 20638 20646
20640 20642 20647
20647 20642 20648
20643 20649 20552
20645 20650 20643
20650 20649 20643
20651 20552 20649
20651 20551 20552
20650 20652 20649
20652 20651 20649
20652 20653 20651
20654 20551 20651
20653 20654 20651
20654 20655 20551
20653 20656 20654
20657 20655 20654
20656 20657 20654
20657 20658 20655
20656 20659 20657
20660 20658 20657
20659 20660 20657
20645 20661 20650
20650 20661 20662
20650 20662 20663
20663 20662 20664
20663 20664 20665
20665 20664 20666
20664 20667 20666
20662 20667 20664
20662 20668 20667
20661 20668 20662
20661 20669 20668
20670 20669 20661
20645 20670 20661
20670 20671 20669
20645 20672 20670
20672 20671 20670
20672 20673 20671
20645 20646 20672
20674 20673 20672
20646 20675 20672
20675 20674 20672
20640 20675 20646
20676 20674 20675
20640 20676 20675
20640 20647 20676
20676 20647 20677
20647 20648 20677
20678 20677 20648
20678 20648 20679
20680 20678 20679
20680 20681 20678
20678 20681 20682
20678 20682 20683
20683 20684 20678
20684 20677 20678
20683 20685 20684
20684 20685 20686
20677 20684 20687
20677 20687 20676
20684 20686 20687
20688 20676 20687
20686 20688 20687
20686 20689 20688
20688 20690 20676
20688 20689 20691
20690 20688 20692
20688 20691 20692
20690 20692 20693
20692 20691 20694
20693 20692 20695
20692 20694 20695
20693 20695 20696
20695 20694 20697
20696 20695 20697
20698 20699 20700
20701 20698 20700
20700 20699 20702
20701 20700 20703
20703 20700 20702
20703 20702 20704
20705 20701 20703
20706 20703 20704
20705 20703 20706
20707 20705 20706
20706 20704 20708
20709 20706 20708
20707 20706 20709
20709 20708 20710
20711 20709 20710
20707 20709 20711
20711 20710 20712
20713 20711 20712
20714 20711 20713
8715 20714 20713
8707 20714 8715
20715 20711 20714
20707 20711 20715
8707 20716 20714
20716 20715 20714
8706 20716 8707
8706 20715 20716
8706 20717 20715
20707 20715 20717
8716 20717 8706
20718 20717 8716
20707 20717 20718
20718 8716 8729
20718 20719 20707
8729 20719 20718
20707 20719 20705
8729 20720 20719
20720 8729 8771
20719 20720 20721
8771 20721 20720
20719 20721 20722
20705 20719 20722
20705 20722 20723
20723 20722 20724
20724 20722 20721
20723 20724 20725
20725 20724 20726
20725 20726 20727
8771 20728 20721
8765 20728 8771
20729 20728 8765
20729 20721 20728
20729 8765 8772
20724 20721 20730
20726 20724 20730
20727 20726 20731
20727 20731 20732
20732 20731 20733
20733 20731 20734
20731 20726 20735
20731 20735 20734
20726 20730 20735
20734 20735 20736
20735 20737 20736
20735 20730 20737
20730 20721 20737
20721 20738 20737
20729 20738 20721
20738 20739 20737
20738 20740 20739
20729 20740 20738
20739 20740 20741
20729 20742 20740
8772 20742 20729
20741 20740 20743
20743 20744 20741
8772 20745 20742
8763 20745 8772
20746 20745 8763
20742 20745 20746
20746 8763 8787
8787 8795 20746
20747 20740 20742
20742 20746 20747
20743 20740 20747
20747 20746 8795
20743 20748 20744
20749 20744 20748
20750 20743 20747
20747 8795 20750
20750 20748 20743
20749 20748 20751
20751 20748 20750
20749 20751 20752
20753 20750 8795
20751 20750 20753
20752 20751 20753
20753 8795 20754
20753 20754 20755
20753 20755 20756
20752 20753 20756
20756 20755 20757
20752 20756 20758
20756 20757 20758
20752 20758 20759
20758 20757 20760
20759 20758 20760
20761 20762 20763
20763 20762 20764
20763 20764 20765
20766 20765 20764
20761 20763 20767
20765 20768 20763
20767 20763 20768
20761 20767 20769
20761 20769 20770
20770 20769 20771
20769 20772 20771
20771 20772 20773
20772 20774 20773
20769 20774 20772
20769 20775 20774
20767 20775 20769
20767 20776 20775
20767 20768 20776
20776 20777 20775
20768 20777 20776
20768 20778 20777
20765 20779 20768
20779 20778 20768
20780 20779 20765
20766 20780 20765
20779 20781 20778
20780 20781 20779
20782 20780 20766
20782 20766 20783
20782 20783 20784
20785 20778 20781
20786 20778 20785
20786 20785 20787
20788 20786 20787
20789 20788 20787
20785 20790 20787
20789 20787 20790
20791 20788 20789
20791 20792 20788
20791 20793 20792
20790 20794 20789
20790 20795 20794
20796 20789 20794
20796 20791 20789
20790 20797 20795
20796 20798 20791
20791 20798 20793
20796 20799 20798
20798 20799 20800
20793 20798 20801
20798 20800 20801
20793 20801 20802
20801 20800 20803
20802 20801 20804
20801 20803 20804
20802 20804 20805
20804 20806 20805
20803 20807 20804
20804 20807 20806
20803 20808 20807
20807 20809 20806
20809 20807 20808
20810 20811 20812
20810 20812 20813
20814 20810 20813
20814 20815 20810
20810 20815 20816
20811 20810 20817
20811 20817 20818
20817 20819 20818
20810 20816 20820
20817 20810 20820
20817 20821 20819
20820 20821 20817
20822 20820 20816
20822 20816 20823
20824 20822 20823
20824 20823 20825
20826 20824 20825
20827 20820 20822
20820 20827 20821
20824 20827 20822
20819 20821 20828
20828 20821 20827
20819 20828 20829
20828 20830 20829
20828 20831 20830
20831 20832 20830
20828 20827 20833
20833 20831 20828
20833 20834 20831
20831 20835 20832
20834 20835 20831
20835 20836 20832
20834 20837 20835
20837 20836 20835
20824 20838 20827
20827 20838 20839
20838 20840 20839
20839 20840 20841
20840 20842 20841
20824 20843 20838
20843 20840 20838
20844 20840 20843
20840 20845 20842
20844 20845 20840
20845 20846 20842
20824 20847 20843
20844 20843 20847
20826 20847 20824
20848 20847 20826
20845 20849 20846
20844 20849 20845
20849 20850 20846
20849 20851 20850
20851 20852 20850
20844 20853 20849
20853 20851 20849
20851 20854 20852
20854 20855 20852
20856 20855 20854
20857 20856 20854
20857 20854 20851
20853 20857 20851
20848 20858 20847
20859 20858 20848
20859 20848 20860
20859 20860 20861
20859 20861 20862
20863 20859 20862
20864 20847 20858
20844 20847 20864
20864 20865 20844
20844 20865 20853
20858 20865 20864
20863 20866 20859
20866 20863 20867
20853 20865 20868
20853 20868 20869
20869 20868 20870
20869 20870 20871
20865 20784 20868
20870 20868 20784
20858 20872 20865
20865 20872 20784
20872 20858 20873
20873 20858 20859
20873 20784 20872
20871 20870 20874
20871 20874 20875
20870 20784 20783
20874 20870 20783
20874 20783 20876
20875 20874 20877
20877 20874 20876
20875 20877 20878
20877 20876 20879
20878 20877 20880
20880 20877 20879
20873 20881 20784
20782 20784 20881
20882 20881 20873
20782 20881 20882
20882 20873 20859
20782 20882 20883
20883 20780 20782
20884 20882 20859
20883 20882 20884
20884 20859 20866
20883 20885 20780
20886 20885 20883
20886 20883 20887
20883 20884 20887
20780 20885 20781
20781 20885 20886
20888 20884 20866
20887 20884 20888
20781 20886 20889
20889 20785 20781
20890 20785 20889
20785 20890 20790
20790 20890 20797
20891 20890 20889
20886 20891 20889
20891 20797 20890
20891 20892 20797
20892 20891 20886
20886 20887 20893
20887 20888 20893
20888 20866 20894
20867 20894 20866
20895 20894 20867
20896 20894 20895
20896 20895 20897
20896 20897 20898
20899 20896 20898
20900 20888 20894
20896 20900 20894
20899 20901 20896
20899 20902 20901
20903 20901 20902
20904 20896 20901
20903 20904 20901
20904 20900 20896
20905 20904 20903
20905 20906 20904
20906 20900 20904
20905 20907 20906
20900 20908 20888
20906 20908 20900
20908 20893 20888
20909 20908 20906
20907 20909 20906
20908 20909 20893
20907 20910 20909
20907 20911 20910
20909 20912 20893
20909 20910 20912
20886 20893 20912
20892 20886 20912
20892 20912 20910
20913 20910 20911
20892 20910 20913
20913 20911 20914
20892 20913 20915
20915 20913 20914
20892 20915 20797
20915 20914 20916
20915 20917 20797
20916 20918 20915
20915 20918 20917
20916 20919 20918
20918 20920 20917
20919 20921 20918
20918 20921 20920
20919 20922 20921
20921 20923 20920
20922 20924 20921
20921 20924 20923
20922 20925 20924
20924 20926 20923
20927 20924 20925
20924 20928 20926
20927 20928 20924
20929 20926 20928
20929 20928 20927
20930 20931 20932
20933 20931 20930
20931 20934 20932
20933 20935 20931
20935 20934 20931
20935 20936 20934
20937 20935 20933
20938 20936 20935
20937 20938 20935
20939 20938 20937
20938 20940 20936
20941 20940 20938
20939 20941 20938
20941 20942 20940
20943 20942 20941
20939 20943 20941
20943 20944 20942
20945 20944 20943
20946 20945 20943
8840 20945 20946
8832 8840 20946
20947 20946 20943
20939 20947 20943
8832 20946 20948
20948 20946 20947
8831 8832 20948
8831 20948 20947
8831 20947 20949
20939 20949 20947
8841 8831 20949
20950 8841 20949
20939 20950 20949
20950 8854 8841
20950 20939 20951
8854 20950 20951
20939 20937 20951
8854 20951 20952
20952 8896 8854
20951 20953 20952
8896 20952 20953
20951 20954 20953
20937 20954 20951
20937 20955 20954
20955 20956 20954
20956 20953 20954
20955 20957 20956
20957 20958 20956
20957 20959 20958
8896 20953 20960
8890 8896 20960
20961 8890 20960
20961 20960 20953
20961 8897 8890
20956 20962 20953
20958 20962 20956
20959 20963 20958
20959 20964 20963
20964 20965 20963
20965 20966 20963
20963 20967 20958
20963 20966 20967
20958 20967 20962
20966 20968 20967
20967 20968 20969
20967 20969 20962
20962 20969 20953
20953 20969 20970
20961 20953 20970
20970 20969 20971
20970 20971 20972
20961 20970 20972
20971 20973 20972
20961 20972 20974
8897 20961 20974
20973 20975 20972
20975 20973 20976
8897 20974 20977
8888 8897 20977
20978 8888 20977
20974 20978 20977
20978 8912 8888
8912 20978 8920
20979 20974 20972
20974 20979 20978
20975 20979 20972
20979 8920 20978
20975 20976 20980
20981 20980 20976
20982 20979 20975
20979 20982 8920
20982 20975 20980
20981 20983 20980
20983 20982 20980
20981 20984 20983
20985 8920 20982
20983 20985 20982
20984 20985 20983
20985 20986 8920
20985 20987 20986
20985 20988 20987
20984 20988 20985
20988 20989 20987
20984 20990 20988
20988 20990 20989
20984 20991 20990
20990 20992 20989
20991 20992 20990
20993 20994 20995
20996 20994 20993
20993 20995 20997
20995 20998 20997
20997 20998 20999
20999 20998 21000
20999 21000 21001
21000 21002 21001
21001 21002 21003
21001 21003 21004
21003 21005 21004
21005 21006 21004
21006 21005 21007
21008 21006 21007
21008 21007 21009
21010 21008 21009
21011 20993 20997
21011 20997 21012
21012 20997 20999
21012 20999 21013
20993 21011 21014
20999 9274 21013
20993 21014 21015
20996 20993 21015
21015 21014 21016
20999 21017 9274
9274 21017 9273
21001 21017 20999
20996 21015 21018
21015 21016 21018
20996 21018 21019
21018 21010 21019
21018 21016 21020
21018 21021 21010
21018 21020 21021
21010 21021 21008
21020 21008 21021
21020 21022 21008
21023 21008 21022
21023 21006 21008
21024 21006 21023
21024 21004 21006
21004 21024 21025
21004 21025 21026
21026 21001 21004
21027 21026 21025
21026 21028 21001
21001 21028 21017
21027 21029 21026
21028 21026 21029
21017 21028 21030
21028 21029 21030
21017 21030 9273
9280 9273 21030
21027 21031 21029
21029 21031 21030
21031 9280 21030
21027 21032 21031
9280 21031 21033
21032 21033 21031
21033 9270 9280
9279 9270 21033
21033 21032 21034
21033 21035 9279
21035 21033 21034
21035 9423 9279
9423 21035 21034
21036 9423 21034
21036 21037 9423
21037 21036 21038
9423 21037 9456
21037 21038 21039
21039 9456 21037
21040 21039 21038
21039 21041 9456
9454 9456 21041
21040 21042 21039
21041 21039 21042
21042 21040 21043
9454 21041 21044
9455 9454 21044
21044 21041 21045
21041 21042 21045
9455 21044 21046
21044 21045 21046
9455 21046 21047
21048 21045 21042
21046 21045 21048
21049 21047 21046
21046 21048 21049
21049 21050 21047
21042 21043 21051
21048 21042 21051
21043 21052 21051
21043 21053 21052
21054 21048 21051
21049 21048 21054
21054 21051 21052
21055 21050 21049
21049 21054 21055
21055 21056 21050
21057 21052 21053
21057 21053 21058
21057 21058 21059
21056 21055 21060
21056 21060 21061
21057 21059 21062
21062 21059 21063
21061 21060 21064
21061 21064 21065
21065 21064 21066
21065 21066 21067
21067 21066 21068
21067 21068 21069
21063 21069 21068
21062 21063 21070
21063 21068 21070
21064 21071 21066
21068 21066 21071
21064 21072 21071
21068 21071 21073
21064 21074 21072
21064 21060 21074
21068 21073 21075
21068 21075 21070
21060 21076 21074
21077 21070 21075
21077 21062 21070
21076 21060 21055
21062 21077 21078
21055 21079 21076
21062 21078 21057
21054 21079 21055
21078 21080 21057
21054 21081 21079
21057 21080 21052
21081 21054 21052
21080 21082 21052
21081 21052 21082
21083 21084 21085
21085 21084 21086
21085 21086 21087
21083 21085 21088
21089 21088 21085
21088 21090 21083
21089 21090 21088
21089 21091 21090
21089 21092 21091
21092 21089 21093
21089 21094 21093
21089 21095 21094
21089 21085 21095
21094 21095 21096
21085 21096 21095
21094 21096 21097
21098 21097 21096
21096 21099 21098
21096 21100 21099
21101 21085 21087
21085 21101 21096
21096 21101 21100
21101 21087 21102
21100 21101 21102
21103 21104 21105
21106 21105 21104
21103 21107 21104
21108 21107 21103
21106 21104 21109
21110 21104 21107
21109 21104 21110
21106 21109 21111
21106 21111 21112
21111 21113 21112
21108 21114 21107
21115 21114 21108
21115 21108 21116
21117 21115 21116
21117 21116 21118
21119 21117 21118
21119 21118 21120
21121 21119 21120
21121 21120 21122
21123 21121 21122
21124 21117 21119
21121 21124 21119
21115 21117 21125
21124 21125 21117
21126 21125 21124
21114 21115 21127
21115 21125 21127
21107 21114 21128
21114 21127 21128
21107 21128 21129
21110 21107 21129
21127 21130 21128
21130 21129 21128
21131 21127 21125
21127 21131 21130
21121 21132 21124
21132 21126 21124
21110 21129 21133
21130 21133 21129
21131 21125 21134
21126 21134 21125
21135 21131 21134
21135 21134 21126
21135 21136 21131
21136 21130 21131
21136 21137 21130
21137 21133 21130
21135 21126 21138
21137 21139 21133
21126 21140 21138
21141 21133 21139
21126 21142 21140
21132 21142 21126
21142 21143 21140
21141 21144 21133
21110 21133 21144
21145 21144 21141
21146 21142 21132
21142 21146 21143
21144 21147 21110
21144 21148 21147
21149 21148 21144
21145 21149 21144
21109 21110 21147
21150 21149 21145
21148 21149 21150
21150 21145 21151
21150 21151 21152
21109 21147 21153
21153 21147 21148
21109 21153 21111
21111 21153 21154
21111 21154 21155
21111 21155 21113
21113 21155 21156
21156 21155 21154
21113 21156 21157
21158 21157 21156
21158 21159 21157
21158 21160 21159
21150 21152 21161
21161 21152 21162
21163 21148 21150
21161 21163 21150
21153 21148 21164
21164 21154 21153
21156 21154 21165
21158 21156 21165
21158 21166 21160
21167 21160 21166
21167 21166 21168
21168 21169 21167
21158 21170 21166
21168 21166 21170
21171 21158 21165
21158 21171 21170
21163 21172 21148
11514 21164 21148
11514 21148 21172
21164 11514 21173
11514 11502 21173
11514 21172 11531
11498 21173 11502
21164 21173 21174
21164 21174 21154
11498 21175 21173
21174 21173 21175
11501 21175 11498
21154 21174 21176
21174 21175 21176
21177 21175 11501
21177 21176 21175
11501 11499 21177
21154 21176 21178
21178 21176 21177
21178 21165 21154
21178 21177 21179
11499 21179 21177
21179 21165 21178
21172 21180 11531
21172 21163 21180
11499 21181 21179
11499 11500 21181
11500 21182 21181
21182 21179 21181
21183 21182 11500
21179 21184 21165
21182 21184 21179
21171 21165 21184
21171 21184 21182
21183 21185 21182
21171 21182 21185
21186 21185 21183
21171 21185 21186
21186 21183 21187
21171 21186 21170
21188 21186 21187
21188 21187 21189
21190 21188 21189
21191 21170 21186
21191 21186 21188
21168 21170 21191
21190 21192 21188
21191 21188 21192
21193 21192 21190
21194 21168 21191
21191 21192 21194
21193 21195 21192
21194 21192 21195
21196 21195 21193
21194 21197 21168
21168 21197 21169
21194 21195 21198
21197 21194 21198
21199 21169 21197
21197 21198 21199
21199 21200 21169
21201 21200 21199
21201 21199 21202
21202 21199 21198
21203 21201 21202
21196 21204 21195
21204 21198 21195
21203 21202 21205
21206 21203 21205
21202 21198 21207
21204 21207 21198
21205 21202 21207
21196 21208 21204
21196 21209 21208
21210 21208 21209
21204 21211 21207
21205 21207 21211
21204 21208 21211
21206 21205 21212
21212 21205 21211
21212 21213 21206
21210 21214 21208
21211 21208 21214
21212 21211 21215
21211 21214 21215
21214 21216 21215
21212 21217 21213
21217 21212 21215
21217 21215 21216
21218 21213 21217
21219 21214 21210
21214 21219 21216
21219 21210 21220
21219 21220 21221
21222 21218 21217
21222 21217 21216
21222 21223 21218
21219 21221 21224
21224 21216 21219
21224 21221 21225
21222 21226 21223
21222 21216 21226
21225 21223 21226
21227 21224 21225
21224 21227 21216
21225 21226 21227
21227 21226 21216
21121 21228 21132
21146 21132 21228
21121 21229 21228
21123 21229 21121
21123 21230 21229
21228 21229 21230
21123 21231 21230
21232 21146 21228
21228 21230 21232
21231 21233 21230
21231 21234 21233
21232 21235 21146
21143 21146 21235
21143 21235 21236
21237 21236 21235
21232 21237 21235
21237 21238 21236
21230 21239 21232
21230 21233 21239
21232 21239 21237
21234 21240 21233
21234 21241 21240
21242 21239 21233
21237 21239 21242
21242 21233 21240
21243 21238 21237
21237 21242 21243
21243 21244 21238
21243 21245 21244
21241 21246 21240
21242 21240 21246
21241 21247 21246
21246 21247 21248
21246 21248 21249
21242 21246 21250
21246 21249 21250
21243 21242 21250
21251 21250 21249
21250 21251 21252
21243 21253 21245
21243 21250 21253
21250 21252 21253
21253 21252 21245
21254 21255 21256
21256 21255 21257
21254 21256 21258
21259 21254 21258
21259 21258 21180
21260 21259 21180
21180 21258 11531
21258 21256 11531
11531 21256 11524
21260 21180 21261
21262 21260 21261
21163 21261 21180
21256 21257 21263
21263 11524 21256
21262 21261 21264
21265 21262 21264
21163 21266 21261
21264 21261 21266
21161 21266 21163
21161 21267 21266
21264 21266 21267
21161 21268 21267
21161 21162 21268
21269 21264 21267
21268 21269 21267
21162 21270 21268
21268 21270 21269
21162 21271 21270
21270 21271 21272
21265 21264 21273
21269 21273 21264
21269 21270 21274
21270 21272 21274
21275 21265 21273
21275 21276 21265
21276 21275 21277
21276 21277 21278
21277 21279 21278
21280 21273 21269
21280 21275 21273
21269 21274 21280
21277 21275 21280
21272 21281 21274
21272 21282 21281
21283 21280 21274
21283 21274 21281
21277 21280 21283
21282 21284 21281
21284 21283 21281
21282 21285 21284
21286 21284 21285
21277 21287 21279
21288 21279 21287
21289 21277 21283
21284 21289 21283
21289 21287 21277
21286 21290 21284
21289 21284 21290
21291 21290 21286
21291 21286 21292
21291 21292 21293
21288 21287 21294
21289 21294 21287
21288 21294 21295
21288 21295 21296
21297 21296 21295
21289 21290 21298
21289 21298 21294
21291 21298 21290
21298 21295 21294
21297 21295 21299
21300 21297 21299
21298 21301 21295
21291 21301 21298
21302 21295 21301
21302 21299 21295
21291 21302 21301
21291 21293 21303
21291 21303 21302
21300 21299 21304
21304 21299 21302
21305 21303 21293
21305 21293 21306
21307 21305 21306
21308 21302 21303
21304 21302 21308
21308 21303 21305
21300 21304 21309
21308 21309 21304
21300 21309 21310
21309 21311 21310
21312 21311 21309
21307 21313 21305
21308 21305 21313
21313 21307 21314
21315 21313 21314
21312 21309 21316
21308 21316 21309
21312 21316 21315
21308 21313 21316
21315 21316 21313
21263 21317 11524
11561 11524 21317
21263 21318 21317
21318 11561 21317
21263 21319 21318
21257 21319 21263
21257 21320 21319
21321 21319 21320
21321 21322 21319
21322 21318 21319
21318 21323 11561
11562 11561 21323
21324 11562 21323
21323 21318 21325
21322 21325 21318
21326 21322 21321
21326 21321 21327
21326 21327 21328
21324 21323 21329
21323 21325 21329
21330 21324 21329
21325 21330 21329
21330 21331 21324
21332 21331 21330
21322 21333 21325
21325 21333 21330
21322 21326 21333
21332 21330 21334
21334 21330 21333
21335 21332 21334
21336 21333 21326
21334 21333 21336
21326 21328 21337
21336 21326 21337
21328 21338 21337
21338 21336 21337
21328 21339 21338
21335 21334 21340
21341 21335 21340
21342 21334 21336
21342 21340 21334
21338 21342 21336
21343 21338 21339
21343 21339 21344
21341 21340 21345
21345 21340 21342
21346 21342 21338
21346 21338 21343
21345 21342 21346
21344 21347 21343
21344 21348 21347
21343 21349 21346
21345 21346 21349
21343 21347 21349
21341 21345 21350
21345 21349 21350
21341 21350 21351
21350 21352 21351
21348 21353 21347
21348 21354 21353
21355 21350 21349
21350 21355 21352
21347 21356 21349
21355 21349 21356
21347 21353 21356
21352 21355 21357
21356 21357 21355
21352 21357 21358
21359 21358 21357
21360 21353 21354
21360 21354 21361
21362 21356 21353
21356 21362 21357
21362 21353 21360
21363 21359 21357
21363 21357 21362
21363 21364 21359
21365 21360 21361
21362 21360 21365
21365 21361 21366
21365 21366 21367
21368 21364 21363
21363 21362 21368
21362 21365 21368
21367 21368 21365
21368 21369 21364
21367 21370 21368
21369 21368 21370
12269 12268 21371
12280 21371 12268
12269 21371 21372
12269 21372 21373
12269 21373 12229
12229 21373 21374
12229 21374 21375
12229 21375 12221
12221 21375 21376
21374 21376 21375
21376 12203 12221
21377 12203 21376
21378 21377 21376
21374 21378 21376
21378 21379 21377
21380 21379 21378
21380 21378 21381
21381 21378 21374
21380 21381 21382
21380 21382 21383
21381 21374 21384
21382 21381 21384
21374 21373 21385
21374 21385 21384
21386 21383 21382
21386 21387 21383
21388 21387 21386
21382 21384 21389
21385 21389 21384
21388 21386 21390
21390 21391 21388
21392 21386 21382
21392 21382 21389
21390 21386 21392
21373 21393 21385
21373 21372 21393
21372 21394 21393
21372 21371 21394
21371 21395 21394
21371 12280 21395
12280 21396 21395
12280 21397 21396
12278 21397 12280
21397 12278 12279
21397 12279 12307
21396 21397 12307
21396 12307 21398
12307 12305 21398
21398 12305 12308
21396 21398 21399
21398 12308 21399
21396 21399 21400
12308 21401 21399
21401 21400 21399
21402 21395 21396
21402 21396 21400
21400 21403 21402
12308 21404 21401
12309 21404 12308
21405 21404 12309
21405 21406 21404
21401 21404 21406
21405 21407 21406
21401 21408 21400
21400 21408 21403
21406 21407 21409
21409 21407 21410
21401 21406 21411
21411 21408 21401
21411 21406 21409
21409 21410 21412
21413 21412 21410
21414 21408 21411
21414 21403 21408
21411 21409 21415
21415 21409 21412
21414 21411 21415
21413 21416 21412
21413 21417 21416
21415 21412 21418
21414 21415 21418
21416 21418 21412
21416 21417 21419
21416 21419 21420
21421 21419 21417
21416 21422 21418
21416 21420 21422
21414 21418 21423
21423 21418 21422
21421 21424 21419
21424 21421 21425
21420 21426 21422
21423 21422 21426
21427 21414 21423
21414 21427 21403
21427 21423 21428
21426 21428 21423
21419 21424 21429
21420 21419 21429
21420 21429 21430
21429 21424 21431
21420 21430 21432
21424 21433 21431
21424 21425 21433
21433 21434 21431
21435 21420 21432
21420 21435 21426
21435 21432 21436
21437 21435 21436
21438 21433 21425
21433 21438 21434
21439 21438 21425
21440 21434 21438
21438 21439 21441
21440 21438 21442
21438 21441 21442
21443 21440 21442
21441 21444 21442
21443 21442 21444
21441 21445 21444
21443 21444 21446
21446 21444 21445
21446 21445 21447
21443 21446 21448
21446 21447 21449
21448 21446 21450
21446 21449 21450
21448 21450 21451
21452 21450 21449
21450 21453 21451
21452 21453 21450
21453 21437 21451
21453 21452 21454
21453 21455 21437
21453 21454 21455
21455 21435 21437
21455 21454 21456
21435 21455 21457
21455 21456 21457
21435 21457 21426
21426 21457 21428
21456 21428 21457
21456 21458 21428
21459 21428 21458
21459 21427 21428
21459 21403 21427
21460 21403 21459
21460 21461 21403
21462 21461 21460
21403 21461 21402
21462 21460 21463
21402 21461 21464
21464 21461 21462
21464 21395 21402
21395 21464 21465
21465 21464 21462
21394 21395 21465
21462 21463 21466
21467 21466 21463
21468 21462 21466
21467 21469 21466
21468 21466 21469
21465 21462 21470
21468 21470 21462
21471 21465 21470
21471 21470 21468
21472 21394 21465
21471 21472 21465
21473 21469 21467
21473 21467 21474
21394 21472 21475
21393 21394 21475
21476 21473 21474
21476 21474 21477
21477 21478 21476
21476 21478 21479
21477 21480 21478
21473 21476 21481
21476 21479 21481
21469 21473 21482
21473 21481 21482
21469 21482 21483
21468 21469 21483
21481 21484 21482
21483 21482 21484
21485 21468 21483
21471 21468 21485
21480 21486 21478
21480 21487 21486
21487 21488 21486
21487 21489 21488
21490 21488 21489
21481 21491 21484
21479 21491 21481
21483 21484 21492
21485 21483 21492
21493 21492 21484
21491 21493 21484
21493 21494 21492
21494 21485 21492
21494 21495 21485
21495 21471 21485
21491 21496 21493
21497 21471 21495
21498 21496 21491
21479 21498 21491
21498 21499 21496
21497 21500 21471
21500 21472 21471
21501 21500 21497
21501 21472 21500
21501 21497 21502
21499 21498 21503
21499 21503 21504
21472 21501 21505
21472 21505 21475
21506 21475 21505
21501 21502 21507
21508 21507 21502
21509 21505 21501
21506 21505 21509
21509 21501 21507
21510 21504 21503
21510 21511 21504
21510 21512 21511
21510 21513 21512
21514 21512 21513
21506 21515 21475
21515 21393 21475
21503 21516 21510
21513 21510 21516
21503 21517 21516
21503 21518 21517
21503 21498 21518
21518 21498 21519
21519 21498 21479
21519 21479 21520
21479 21521 21520
21479 21478 21521
21478 21522 21521
21522 21478 21486
21522 21486 21523
21488 21523 21486
21488 21524 21523
21488 21525 21524
21488 21526 21525
21490 21526 21488
21514 21526 21490
21525 21526 21527
21514 21527 21526
21525 21527 21528
21514 21513 21527
21527 21529 21528
21527 21513 21529
21513 21516 21529
21393 21515 21530
21385 21393 21530
21531 21385 21530
21385 21531 21389
21531 21532 21389
21532 21392 21389
21533 21392 21532
21532 21534 21533
21531 21534 21532
21530 21534 21531
21515 21535 21530
21535 21534 21530
21533 21536 21392
21390 21392 21536
21390 21536 21537
21537 21536 21533
21390 21537 21538
21390 21538 21391
21391 21538 21539
21391 21539 21540
21540 21539 21541
21540 21541 21542
21538 21537 21543
21538 21543 21539
21537 21533 21544
21544 21543 21537
21539 21543 21545
21539 21545 21541
21544 21546 21543
21545 21543 21546
21547 21542 21541
21547 21548 21542
21549 21548 21547
21549 21550 21548
21549 21551 21550
21533 21552 21544
21546 21544 21552
21546 21552 21553
21533 21554 21552
21555 21546 21553
21545 21546 21555
21555 21553 21556
21556 21557 21555
21556 21558 21557
21557 21558 21559
21560 21554 21533
21533 21534 21560
21561 21554 21560
21560 21534 21561
21561 21562 21554
21561 21534 21535
21563 21562 21561
21563 21561 21535
21563 21564 21562
21563 21565 21564
21566 21564 21565
21535 21567 21563
21567 21565 21563
21557 21559 21568
21569 21568 21559
21569 21570 21568
21571 21570 21569
21572 21567 21535
21515 21572 21535
21557 21568 21573
21568 21570 21573
21573 21570 21574
21573 21575 21557
21576 21574 21570
21575 21577 21557
21557 21577 21555
21575 21578 21577
21577 21579 21555
21577 21578 21579
21545 21555 21579
21580 21579 21578
21545 21579 21580
21580 21578 21581
21541 21545 21580
21582 21580 21581
21541 21580 21582
21582 21581 21583
21541 21582 21584
21584 21582 21583
21584 21547 21541
21584 21583 21585
21585 21547 21584
21585 21549 21547
21585 21586 21549
21587 21549 21586
21587 21588 21549
21549 21588 21551
21576 21588 21587
21571 21551 21588
21576 21589 21588
21571 21588 21589
21576 21570 21589
21571 21589 21570
21590 21591 21592
21593 21590 21592
21590 21594 21591
21591 21594 21595
21594 21596 21595
21596 21597 21595
21596 21598 21597
21597 21598 21599
21598 21600 21599
21598 21601 21600
21600 21601 21602
21602 21601 21603
21603 21604 21602
21605 21604 21603
21605 21606 21604
21607 21606 21605
21608 21594 21590
21608 21609 21594
21609 21596 21594
21609 21610 21596
21590 21611 21608
21596 21610 21566
21590 21612 21611
21593 21612 21590
21612 21613 21611
21596 21566 21614
21566 21565 21614
21598 21596 21614
21593 21615 21612
21612 21615 21613
21593 21616 21615
21615 21616 21607
21615 21617 21613
21615 21607 21618
21615 21618 21617
21607 21605 21618
21617 21618 21605
21617 21605 21619
21620 21619 21605
21620 21605 21603
21621 21620 21603
21621 21603 21601
21601 21622 21621
21601 21623 21622
21623 21601 21598
21624 21622 21623
21623 21598 21625
21598 21614 21625
21624 21623 21626
21625 21626 21623
21614 21627 21625
21625 21627 21626
21614 21565 21627
21567 21627 21565
21624 21626 21628
21626 21627 21628
21628 21627 21567
21624 21628 21629
21567 21572 21628
21629 21628 21572
21572 21630 21629
21631 21630 21572
21572 21515 21631
21631 21515 21506
21506 21630 21631
21632 21630 21506
21632 21506 21633
21633 21634 21632
21506 21509 21633
21633 21635 21634
21635 21633 21509
21636 21634 21635
21635 21509 21637
21507 21637 21509
21636 21635 21638
21637 21638 21635
21638 21639 21636
21507 21640 21637
21508 21640 21507
21640 21641 21637
21637 21641 21638
21508 21642 21640
21640 21642 21641
21508 21643 21642
21644 21638 21641
21642 21644 21641
21645 21642 21643
21642 21645 21644
21645 21643 21646
21638 21647 21639
21644 21647 21638
21639 21647 21648
21639 21648 21649
21650 21647 21644
21645 21650 21644
21650 21648 21647
21651 21645 21646
21645 21651 21650
21651 21646 21652
21653 21649 21648
21653 21654 21649
21653 21655 21654
21652 21656 21651
21652 21657 21656
21653 21658 21655
21658 21659 21655
21657 21660 21656
21657 21661 21660
21661 21662 21660
21661 21663 21662
21663 21664 21662
21663 21665 21664
21659 21664 21665
21658 21666 21659
21659 21666 21664
21660 21662 21667
21664 21667 21662
21660 21667 21668
21664 21669 21667
21660 21668 21670
21660 21670 21656
21664 21671 21669
21664 21666 21671
21656 21670 21672
21673 21671 21666
21673 21666 21658
21672 21651 21656
21658 21674 21673
21651 21672 21675
21658 21653 21674
21650 21651 21675
21674 21653 21676
21650 21675 21677
21653 21648 21676
21677 21648 21650
21676 21648 21678
21677 21678 21648
21679 21680 21681
21680 21682 21681
21680 21683 21682
21679 21684 21680
21685 21680 21684
21684 21679 21686
21685 21684 21686
21685 21686 21687
21685 21687 21688
21688 21689 21685
21685 21689 21690
21685 21690 21691
21685 21691 21680
21690 21692 21691
21680 21691 21692
21690 21693 21692
21694 21692 21693
21692 21694 21695
21692 21695 21696
21680 21692 21697
21692 21696 21697
21697 21683 21680
21696 21698 21697
21697 21698 21683
21699 21700 21701
21699 21701 21702
21699 21702 21703
21704 21699 21703
21699 21705 21700
21705 21706 21700
21699 21704 21707
21699 21707 21705
21705 21708 21706
21708 21709 21706
21705 21707 21710
21705 21710 21708
21707 21704 21711
21710 21707 21712
21712 21707 21711
21704 21713 21711
21714 21713 21704
21715 21713 21714
21715 21716 21713
21716 21717 21713
21717 21711 21713
21716 21718 21717
21719 21717 21718
21711 21717 21719
21719 21718 21720
21711 21719 21721
21712 21711 21721
21720 21722 21719
21722 21721 21719
21720 21723 21722
21724 21722 21723
21722 21725 21721
21724 21726 21722
21725 21722 21726
21721 21725 21727
21721 21727 21712
21728 21726 21724
21728 21724 21729
21729 21730 21728
21729 21731 21730
21732 21730 21731
21725 21726 21733
21727 21725 21733
21726 21728 21734
21734 21728 21730
21726 21734 21733
21733 21734 21735
21733 21735 21736
21727 21733 21736
21737 21727 21736
21712 21727 21738
21737 21738 21727
21732 21739 21730
21730 21739 21740
21741 21739 21732
21734 21730 21742
21735 21734 21742
21730 21740 21742
21741 21743 21739
21740 21739 21743
21744 21743 21741
21744 21741 21745
21744 21745 21746
21712 21738 21747
21710 21712 21747
21735 21742 21748
21740 21748 21742
21744 21749 21743
21740 21743 21749
21750 21740 21749
21744 21746 21751
21752 21751 21746
21744 21753 21749
21750 21749 21753
21754 21710 21747
21710 21754 21708
21740 21755 21748
21750 21755 21740
21756 21744 21751
21756 21753 21744
21752 21757 21751
21751 21758 21756
21751 21757 21758
21759 21757 21752
21758 21757 21759
21759 21752 21760
21761 21759 21760
21753 21756 21762
21758 21762 21756
21761 21763 21759
21763 21761 21764
21758 21759 21765
21765 21759 21763
21753 21762 21766
21750 21753 21766
21758 21767 21762
21765 21767 21758
21768 21766 21762
21768 21762 21767
21768 21769 21766
21750 21766 21769
21750 21769 21770
21750 21770 21771
21750 21771 21755
21755 21771 21772
21768 21767 21773
21755 21772 21748
21773 21767 21774
21765 21774 21767
21773 21774 21775
21774 21776 21775
21777 21748 21772
21777 21772 21778
21779 21777 21778
21777 21735 21748
21774 21780 21776
21765 21780 21774
21781 21776 21780
21779 21782 21777
21782 21735 21777
21735 21782 21783
21784 21782 21779
21784 21785 21782
21785 21783 21782
21786 21785 21784
21765 21787 21780
21765 21763 21787
21780 21787 21788
21788 21787 21763
21781 21780 21789
21780 21788 21789
21790 21781 21789
21790 21791 21781
21792 21791 21790
21789 21793 21790
21789 21788 21793
21788 21763 21794
21763 21764 21794
21794 21764 21795
21788 21794 21796
21794 21795 21796
21788 21796 21793
21797 21796 21795
21797 21793 21796
21797 21795 21798
21792 21790 21799
21793 21799 21790
21798 21800 21797
21798 21801 21800
21800 21801 21802
21800 21802 21803
21800 21803 21804
21797 21800 21804
21803 21805 21804
21797 21806 21793
21793 21806 21799
21797 21804 21806
21804 21799 21806
21792 21799 21807
21804 21807 21799
21807 21804 21805
21792 21807 21808
21807 21805 21809
21807 21809 21808
21810 21811 21812
21813 21812 21811
21810 21812 21814
21815 21810 21814
21813 21816 21812
21817 21814 21812
21816 21817 21812
21813 21818 21816
21813 21819 21818
21818 21819 21820
21815 21814 21821
21822 21815 21821
21822 21823 21815
21824 21823 21822
21824 21825 21823
21826 21825 21824
21826 21827 21825
21828 21827 21826
21828 21829 21827
21830 21829 21828
21831 21826 21824
21828 21826 21831
21822 21832 21824
21831 21824 21832
21833 21831 21832
21821 21834 21822
21822 21834 21832
21814 21835 21821
21821 21835 21834
21814 21836 21835
21817 21836 21814
21834 21835 21837
21837 21835 21836
21838 21832 21834
21834 21837 21838
21828 21831 21839
21839 21831 21833
21817 21840 21836
21837 21836 21840
21838 21841 21832
21833 21832 21841
21842 21841 21838
21842 21833 21841
21842 21838 21843
21843 21838 21837
21843 21837 21844
21844 21837 21840
21842 21845 21833
21844 21840 21846
21833 21845 21847
21848 21846 21840
21833 21847 21849
21839 21833 21849
21849 21847 21850
21848 21840 21851
21817 21851 21840
21852 21848 21851
21853 21839 21849
21849 21850 21853
21851 21817 21854
21851 21854 21855
21856 21851 21855
21852 21851 21856
21816 21854 21817
21857 21852 21856
21855 21857 21856
21857 21858 21852
21857 21859 21858
21816 21860 21854
21860 21855 21854
21816 21818 21860
21818 21861 21860
21818 21862 21861
21818 21820 21862
21820 21863 21862
21863 21861 21862
21820 21864 21863
21865 21863 21864
21865 21864 21866
21865 21866 21867
21857 21868 21859
21868 21869 21859
21870 21860 21861
21860 21870 21855
21863 21871 21861
21865 21871 21863
21865 21867 21872
21873 21872 21867
21873 21874 21872
21874 21873 21875
21865 21872 21876
21874 21876 21872
21877 21871 21865
21865 21876 21877
21874 21875 21878
21879 21878 21875
21879 21875 21880
21881 21879 21880
21881 21882 21879
21883 21882 21881
21878 21879 21884
21882 21884 21879
21885 21874 21878
21878 21884 21885
21874 21886 21876
21885 21886 21874
21883 21887 21882
21888 21887 21883
21877 21876 21889
21886 21889 21876
21882 21890 21884
21887 21890 21882
21888 21891 21887
21891 21888 21892
21887 21893 21890
21891 21893 21887
21894 21884 21890
21894 21890 21893
21885 21884 21895
21894 21895 21884
21886 21885 21896
21885 21895 21896
21891 21892 21897
21898 21897 21892
21891 21899 21893
21897 21899 21891
21897 21900 21899
21901 21897 21898
21901 21900 21897
21901 21898 21902
21901 21902 21903
21901 21903 21900
21904 21903 21902
21893 21899 21905
21905 21899 21900
21904 21906 21903
21906 21900 21903
21906 21904 21907
21907 21900 21906
21907 21904 21908
21907 21909 21900
21909 21907 21908
21905 21900 21909
21909 21908 21910
21909 21910 21911
21909 21911 21905
21893 21905 21912
21911 21912 21905
21911 21913 21912
21894 21893 21912
21914 21912 21913
21914 21894 21912
21914 21895 21894
21914 21915 21895
21915 21896 21895
21915 21916 21896
21916 21917 21896
21916 21918 21917
21886 21896 21917
21917 21918 21919
21886 21917 21889
21917 21919 21889
21889 21919 21920
21889 21920 21921
21877 21889 21921
21920 21922 21921
21877 21921 21922
21920 21709 21922
21877 21922 21923
21877 21923 21871
21709 21924 21922
21708 21924 21709
21922 21925 21923
21922 21924 21925
21708 21925 21924
21925 21871 21923
21708 21754 21925
21925 21926 21871
21926 21925 21754
21926 21861 21871
21926 21754 21927
21861 21926 21927
21754 21747 21927
21861 21927 21928
21928 21927 21747
21928 21747 21738
21870 21861 21928
21870 21928 21738
21870 21738 21737
21737 21855 21870
21737 21929 21855
21930 21855 21929
21930 21857 21855
21868 21857 21930
21737 21931 21929
21929 21932 21930
21929 21931 21932
21933 21931 21737
21933 21737 21736
21736 21735 21933
21735 21783 21933
21931 21933 21783
21868 21930 21934
21930 21932 21935
21930 21935 21934
21868 21934 21936
21937 21934 21935
21937 21936 21934
21868 21936 21938
21868 21938 21869
21938 21936 21939
21939 21936 21937
21869 21938 21940
21938 21939 21940
21869 21940 21941
21940 21942 21941
21940 21943 21942
21939 21943 21940
21942 21943 21944
21942 21944 21945
21945 21944 21946
21945 21946 21947
21948 21947 21946
21949 21944 21943
21946 21944 21949
21939 21950 21943
21949 21943 21950
21951 21949 21950
21946 21949 21952
21952 21949 21951
21948 21946 21953
21952 21953 21946
21954 21948 21953
21954 21955 21948
21954 21956 21955
21950 21939 21957
21939 21937 21957
21950 21957 21958
21951 21950 21958
21959 21957 21937
21958 21957 21959
21959 21937 21960
21958 21959 21961
21961 21951 21958
21960 21937 21935
21960 21935 21962
21961 21963 21951
21962 21935 21932
21951 21963 21964
21962 21932 21965
21951 21964 21966
21952 21951 21966
21967 21966 21964
21965 21932 21968
21965 21968 21969
21932 21931 21968
21969 21968 21970
21968 21931 21970
21969 21970 21971
21931 21783 21970
21970 21972 21971
21952 21966 21973
21967 21973 21966
21967 21974 21973
21967 21975 21974
21976 21974 21975
21952 21973 21977
21977 21973 21974
21952 21977 21953
21954 21953 21977
21978 21970 21783
21970 21978 21972
21976 21979 21974
21980 21979 21976
21977 21974 21981
21954 21977 21981
21982 21981 21974
21982 21974 21979
21954 21981 21982
21980 21983 21979
21983 21982 21979
21954 21982 21984
21954 21984 21956
21980 21985 21983
21980 21986 21985
21985 21986 21987
21988 21985 21987
21983 21989 21982
21989 21984 21982
21989 21983 21985
21990 21956 21984
21989 21990 21984
21990 21991 21956
21992 21991 21990
21988 21993 21985
21989 21985 21993
21988 21994 21993
21992 21990 21995
21989 21995 21990
21989 21993 21995
21994 21995 21993
21995 21996 21992
21994 21996 21995
21828 21839 21997
21853 21997 21839
21828 21997 21998
21830 21828 21998
21830 21998 21999
21997 21999 21998
21830 21999 22000
22001 21997 21853
21997 22001 21999
22000 21999 22002
22000 22002 22003
22001 21853 22004
21850 22004 21853
21850 22005 22004
22006 22004 22005
22001 22004 22006
22006 22005 22007
21999 22001 22008
21999 22008 22002
22001 22006 22008
22003 22002 22009
22003 22009 22010
22011 22002 22008
22006 22011 22008
22011 22009 22002
22012 22006 22007
22006 22012 22011
22012 22007 22013
22012 22013 22014
22010 22009 22015
22011 22015 22009
22010 22015 22016
22015 22017 22016
22015 22018 22017
22011 22019 22015
22015 22019 22018
22012 22019 22011
22020 22018 22019
22019 22021 22020
22012 22014 22022
22012 22022 22019
22019 22022 22021
22022 22014 22021
21978 21783 22023
21785 22023 21783
21978 22023 22024
22024 22023 21785
21978 22024 22025
21972 21978 22025
21972 22025 22026
22027 22026 22025
22027 22025 22028
22028 22025 22024
22024 21785 22029
21786 22029 21785
22030 22029 21786
22029 22031 22024
22028 22024 22031
22032 22027 22028
22032 22033 22027
22032 22034 22033
22030 22035 22029
22029 22035 22031
22036 22035 22030
22031 22035 22036
22036 22030 22037
22038 22036 22037
22028 22031 22039
22031 22036 22039
22028 22039 22032
22038 22040 22036
22040 22039 22036
22041 22040 22038
22042 22032 22039
22040 22042 22039
22032 22043 22034
22042 22043 22032
22034 22043 22044
22044 22043 22042
22034 22044 22045
22041 22046 22040
22047 22046 22041
22048 22042 22040
22048 22040 22046
22044 22042 22048
22049 22045 22044
22049 22050 22045
22047 22051 22046
22051 22048 22046
22052 22044 22048
22052 22049 22044
22051 22052 22048
22050 22049 22053
22050 22053 22054
22049 22052 22055
22051 22055 22052
22049 22055 22053
22047 22056 22051
22051 22056 22055
22047 22057 22056
22056 22057 22058
22054 22053 22059
22054 22059 22060
22061 22055 22056
22056 22058 22061
22053 22055 22062
22061 22062 22055
22053 22062 22059
22058 22063 22061
22062 22061 22063
22058 22064 22063
22065 22063 22064
22066 22060 22059
22066 22067 22060
22068 22059 22062
22062 22063 22068
22068 22066 22059
22069 22063 22065
22069 22068 22063
22069 22065 22070
22071 22067 22066
22068 22071 22066
22071 22072 22067
22071 22073 22072
22074 22069 22070
22069 22074 22068
22068 22074 22071
22073 22071 22074
22074 22070 22075
22073 22074 22076
22075 22076 22074
22077 22078 22079
22080 22079 22078
22080 22078 22081
22078 22082 22081
22083 22080 22081
22083 22081 22084
22082 22084 22081
22085 22083 22084
22086 22085 22084
22086 22084 22087
22087 22084 22082
22088 22086 22087
22088 22087 22089
22089 22087 22082
22090 22088 22089
22091 22090 22089
22091 22089 22092
22089 22082 22092
22093 22091 22092
22082 22094 22092
22093 22092 22094
22078 22095 22082
22082 22095 22094
22095 22078 22096
22094 22095 22096
22093 22094 22097
22094 22096 22097
22093 22097 22098
22097 22099 22098
22097 22100 22099
22096 22100 22097
22099 22100 22101
22099 22101 22102
22100 22103 22101
22103 22100 22096
22104 22102 22101
22103 22104 22101
22104 22105 22102
22106 22096 22078
22077 22106 22078
22105 22104 22107
22105 22107 22108
22109 22108 22107
22106 22077 22110
22077 22111 22110
22110 22111 22112
22113 22106 22110
22113 22110 22112
22114 22096 22106
22113 22114 22106
22114 22115 22096
22103 22096 22115
22104 22103 22116
22103 22115 22117
22103 22117 22116
22118 22115 22114
22118 22117 22115
22107 22104 22119
22104 22116 22119
22120 22114 22113
22120 22118 22114
22113 22112 22121
22122 22113 22121
22122 22120 22113
22123 22121 22112
22121 22123 22122
22123 22112 22124
22125 22123 22124
22126 22117 22118
22118 22120 22127
22118 22127 22126
22128 22116 22117
22126 22128 22117
22120 22122 22129
22120 22129 22127
22125 22130 22123
22123 22131 22122
22123 22130 22131
22125 22132 22130
22130 22132 22131
22125 22133 22132
22134 22122 22131
22134 22129 22122
22133 22135 22132
22133 22136 22135
22132 22137 22131
22137 22134 22131
22132 22135 22137
22135 22136 22138
22136 22139 22138
22135 22138 22140
22137 22135 22140
22139 22141 22138
22138 22141 22140
22139 22142 22141
22141 22142 22143
22142 22144 22143
22145 22140 22141
22145 22141 22143
22145 22143 22146
22137 22140 22147
22140 22145 22147
22137 22148 22134
22148 22137 22147
22143 22144 22149
22143 22149 22146
22144 22150 22149
22150 22146 22149
22144 22151 22150
22151 22152 22150
22152 22153 22150
22150 22153 22146
22152 22154 22153
22154 22155 22153
22154 22156 22155
22156 22157 22155
22155 22157 22158
22153 22155 22159
22155 22158 22159
22153 22159 22146
22158 22160 22159
22160 22146 22159
22158 22161 22160
22160 22162 22146
22162 22145 22146
22162 22163 22145
22145 22163 22147
22161 22164 22160
22161 22165 22164
22166 22164 22165
22160 22167 22162
22162 22167 22163
22168 22147 22163
22148 22147 22168
22166 22169 22164
22169 22166 22170
22164 22171 22160
22160 22171 22167
22169 22171 22164
22169 22170 22172
22172 22170 22173
22169 22174 22171
22174 22167 22171
22174 22169 22172
22175 22163 22167
22168 22163 22175
22172 22173 22176
22176 22173 22177
22174 22172 22178
22178 22172 22176
22167 22174 22179
22175 22167 22179
22179 22174 22178
22180 22168 22175
22181 22175 22179
22180 22175 22181
22182 22168 22180
22182 22148 22168
22148 22182 22183
22148 22183 22134
22183 22129 22134
22183 22184 22129
22184 22127 22129
22184 22185 22127
22185 22126 22127
22186 22184 22183
22186 22185 22184
22182 22187 22183
22186 22183 22187
22185 22188 22126
22188 22128 22126
22186 22189 22185
22188 22185 22189
22190 22182 22180
22182 22190 22187
22191 22186 22187
22191 22189 22186
22190 22192 22187
22191 22187 22192
22193 22191 22192
22194 22193 22192
22190 22194 22192
22193 22195 22191
22191 22195 22189
22193 22194 22196
22196 22194 22190
22190 22180 22197
22196 22190 22197
22198 22189 22195
22188 22189 22198
22199 22197 22180
22199 22180 22181
22200 22196 22197
22193 22196 22200
22200 22197 22199
22199 22181 22201
22181 22179 22201
22200 22199 22202
22199 22201 22202
22201 22179 22203
22179 22178 22203
22198 22195 22204
22193 22204 22195
22205 22198 22204
22193 22205 22204
22193 22200 22206
22200 22202 22206
22202 22201 22207
22201 22203 22207
22206 22202 22208
22202 22207 22208
22193 22206 22209
22206 22208 22209
22193 22209 22210
22210 22209 22208
22193 22211 22205
22193 22212 22211
22205 22213 22198
22188 22198 22213
22205 22211 22214
22212 22214 22211
22205 22214 22213
22215 22208 22207
22210 22208 22215
22188 22213 22216
22188 22216 22128
22213 22214 22217
22213 22217 22216
22216 22218 22128
22216 22217 22218
22128 22218 22116
22218 22219 22116
22217 22219 22218
22219 22119 22116
22220 22217 22214
22212 22220 22214
22215 22207 22221
22221 22207 22203
22217 22222 22219
22220 22222 22217
22219 22222 22223
22222 22220 22223
22119 22219 22224
22219 22223 22224
22225 22220 22212
22193 22225 22212
22220 22226 22223
22225 22226 22220
22119 22224 22227
22228 22227 22224
22227 22107 22119
22229 22107 22227
22228 22229 22227
22109 22107 22229
22109 22229 22230
22228 22230 22229
22109 22230 22231
22232 22231 22230
22232 22233 22231
22232 22234 22233
22235 22224 22223
22226 22235 22223
22228 22236 22230
22230 22236 22232
22232 22236 22237
22235 22238 22224
22238 22228 22224
22228 22239 22236
22237 22236 22239
22240 22228 22238
22240 22239 22228
22241 22238 22235
22241 22240 22238
22242 22235 22226
22242 22241 22235
22243 22242 22226
22243 22226 22225
22193 22243 22225
22244 22241 22242
22243 22244 22242
22237 22239 22245
22239 22240 22245
22246 22240 22241
22244 22246 22241
22240 22247 22245
22246 22247 22240
22193 22248 22243
22243 22248 22244
22249 22237 22245
22247 22249 22245
22244 22250 22246
22248 22251 22244
22244 22251 22250
22246 22252 22247
22246 22250 22252
22193 22253 22248
22248 22253 22251
22193 22254 22253
22254 22251 22253
22251 22255 22250
22255 22252 22250
22247 22256 22249
22247 22252 22256
22193 22257 22254
22193 22210 22257
22210 22258 22257
22258 22254 22257
22210 22215 22258
22254 22259 22251
22258 22259 22254
22251 22259 22255
22215 22260 22258
22260 22259 22258
22260 22255 22259
22255 22260 22261
22215 22221 22260
22261 22260 22221
22255 22262 22252
22255 22261 22262
22252 22262 22263
22252 22263 22256
22261 22263 22262
22261 22221 22264
22221 22203 22264
22203 22265 22264
22261 22264 22265
22203 22178 22265
22265 22178 22176
22266 22261 22265
22266 22265 22176
22261 22266 22263
22267 22263 22266
22267 22268 22263
22268 22256 22263
22269 22268 22267
22266 22176 22270
22267 22266 22270
22176 22177 22270
22271 22270 22177
22267 22270 22271
22271 22177 22272
22273 22271 22272
22273 22267 22271
22267 22273 22274
22267 22274 22275
22269 22267 22275
22276 22275 22274
22276 22277 22275
22277 22269 22275
22278 22277 22276
22269 22279 22268
22268 22279 22256
22256 22279 22280
22280 22279 22269
22256 22280 22249
22280 22281 22249
22249 22281 22237
22280 22269 22282
22281 22280 22282
22237 22281 22283
22283 22281 22282
22284 22282 22269
22277 22284 22269
22284 22283 22282
22237 22283 22285
22232 22237 22285
22284 22286 22283
22285 22283 22286
22232 22285 22287
22285 22286 22287
22232 22287 22234
22277 22288 22284
22288 22286 22284
22234 22287 22289
22234 22289 22290
22289 22291 22290
22287 22286 22292
22287 22292 22289
22288 22292 22286
22289 22293 22291
22292 22293 22289
22294 22291 22293
22294 22295 22291
22295 22294 22296
22297 22293 22292
22297 22292 22288
22294 22293 22297
22298 22288 22277
22278 22298 22277
22299 22288 22298
22278 22299 22298
22299 22297 22288
22300 22297 22299
22278 22301 22299
22301 22300 22299
22301 22302 22300
22300 22302 22303
22294 22304 22296
22294 22305 22304
22306 22296 22304
22306 22304 22305
22307 22306 22305
22308 22307 22305
22309 22294 22297
22300 22309 22297
22294 22309 22305
22309 22300 22305
22300 22303 22310
22303 22308 22310
22308 22305 22310
22300 22310 22305
22311 22312 22313
22314 22311 22313
22313 22312 22315
22314 22313 22316
22317 22314 22316
22313 22315 22318
22316 22313 22318
22317 22316 22319
22320 22317 22319
22321 22320 22319
22319 22316 22322
22321 22319 22322
22316 22318 22322
22323 22321 22322
22323 22322 22324
22318 22324 22322
22325 22323 22324
22315 22326 22318
22318 22326 22324
22315 22327 22326
22326 22327 22328
22326 22328 22329
22324 22326 22329
22330 22329 22328
22325 22324 22331
22324 22329 22331
22330 22331 22329
22332 22325 22331
22330 22332 22331
22332 22330 22333
22332 22333 22334
22335 22334 22333
22335 22336 22334
22337 22336 22335
22337 22338 22336
22338 22337 22339
22337 22340 22339
22338 22339 22341
22338 22341 22342
22343 22339 22340
22341 22339 22343
22343 22340 22344
22345 22343 22344
22346 22342 22341
22346 22341 22343
22346 22347 22342
22345 22348 22343
22348 22346 22343
22348 22345 22349
22347 22346 22350
22347 22350 22351
22346 22348 22352
22348 22349 22352
22346 22352 22350
22350 22353 22351
22353 22354 22351
22355 22354 22353
22356 22355 22353
22357 22353 22350
22356 22353 22357
22352 22357 22350
22358 22356 22357
22349 22359 22352
22352 22359 22357
22358 22357 22359
22349 22360 22359
22360 22358 22359
22361 22362 22363
22364 22363 22362
22361 22363 22365
22366 22361 22365
22366 22365 22367
22367 22368 22366
22369 22363 22364
22364 22370 22369
22364 22371 22370
22371 22372 22370
22371 22373 22372
22374 22372 22373
22374 22373 22375
22369 22376 22363
22365 22363 22376
22369 22377 22376
22365 22376 22378
22378 22376 22377
22367 22365 22378
22378 22377 22379
22375 22380 22374
22374 22380 22381
22378 22382 22367
22367 22382 22368
22379 22383 22378
22378 22383 22382
22379 22384 22383
22375 22385 22380
22375 22386 22385
22381 22380 22387
22387 22380 22385
22381 22387 22388
22389 22385 22386
22387 22385 22389
22389 22386 22390
22391 22389 22390
22368 22382 22392
22368 22392 22393
22393 22392 22394
22382 22395 22392
22394 22392 22395
22382 22383 22395
22394 22395 22396
22395 22383 22397
22396 22395 22397
22383 22384 22397
22396 22397 22398
22384 22399 22397
22398 22397 22399
22391 22400 22389
22400 22387 22389
22401 22400 22391
22401 22391 22402
22403 22401 22402
22404 22401 22403
22404 22405 22401
22405 22400 22401
22406 22405 22404
22400 22407 22387
22405 22407 22400
22388 22387 22407
22388 22407 22408
22406 22409 22405
22409 22407 22405
22408 22407 22409
22410 22409 22406
22408 22409 22410
22411 22412 22413
22414 22413 22412
22414 22415 22413
22413 22415 22416
22417 22415 22414
22417 22418 22415
22416 22415 22418
22419 22418 22417
22420 22418 22419
22420 22421 22418
22421 22416 22418
22422 22421 22420
22422 22423 22421
22423 22416 22421
22424 22423 22422
22425 22423 22424
22425 22426 22423
22423 22426 22416
22427 22426 22425
22416 22426 22428
22427 22428 22426
22413 22416 22429
22416 22428 22429
22429 22430 22413
22428 22430 22429
22427 22431 22428
22428 22431 22430
22427 22432 22431
22431 22432 22433
22431 22433 22434
22430 22431 22434
22433 22435 22434
22433 22436 22435
22434 22435 22437
22437 22430 22434
22438 22435 22436
22437 22435 22438
22438 22436 22439
22440 22413 22430
22411 22413 22440
22439 22441 22438
22439 22442 22441
22443 22441 22442
22440 22444 22411
22411 22444 22445
22444 22446 22445
22447 22444 22440
22447 22446 22444
22448 22440 22430
22447 22440 22448
22448 22430 22449
22437 22449 22430
22438 22450 22437
22437 22451 22449
22437 22450 22451
22452 22448 22449
22452 22449 22451
22453 22438 22441
22438 22453 22450
22454 22447 22448
22454 22448 22452
22447 22455 22446
22456 22455 22447
22456 22447 22454
22457 22446 22455
22455 22456 22457
22457 22458 22446
22459 22458 22457
22460 22452 22451
22452 22461 22454
22452 22460 22461
22462 22451 22450
22460 22451 22462
22454 22463 22456
22454 22461 22463
22459 22457 22464
22457 22456 22465
22457 22465 22464
22459 22464 22466
22464 22465 22466
22459 22466 22467
22468 22465 22456
22468 22456 22463
22466 22465 22469
22469 22465 22468
22467 22466 22470
22466 22469 22470
22467 22470 22471
22470 22472 22471
22471 22472 22473
22470 22474 22472
22469 22474 22470
22473 22472 22475
22472 22474 22475
22473 22475 22476
22475 22477 22476
22476 22477 22478
22479 22475 22474
22479 22477 22475
22479 22480 22477
22469 22481 22474
22474 22481 22479
22469 22468 22482
22482 22481 22469
22477 22483 22478
22477 22480 22483
22478 22483 22484
22484 22483 22480
22478 22484 22485
22485 22484 22486
22486 22484 22487
22484 22480 22487
22486 22487 22488
22488 22487 22489
22488 22489 22490
22490 22489 22491
22489 22492 22491
22487 22493 22489
22489 22493 22492
22487 22480 22493
22492 22493 22494
22494 22493 22480
22492 22494 22495
22494 22480 22496
22496 22480 22479
22496 22479 22497
22479 22481 22497
22495 22494 22498
22495 22498 22499
22500 22499 22498
22494 22496 22501
22496 22497 22501
22502 22497 22481
22482 22502 22481
22494 22503 22498
22494 22501 22503
22498 22503 22504
22504 22503 22501
22500 22498 22505
22498 22504 22505
22506 22500 22505
22504 22506 22505
22506 22507 22500
22508 22501 22497
22502 22508 22497
22501 22509 22504
22508 22509 22501
22510 22507 22506
22510 22511 22507
22504 22512 22506
22509 22512 22504
22510 22506 22512
22513 22511 22510
22513 22514 22511
22515 22514 22513
22515 22513 22516
22517 22515 22516
22517 22516 22518
22513 22518 22516
22518 22519 22517
22520 22513 22510
22513 22520 22518
22521 22510 22512
22520 22510 22521
22520 22521 22522
22523 22521 22512
22509 22523 22512
22518 22524 22519
22525 22524 22518
22526 22519 22524
22526 22524 22527
22527 22524 22525
22528 22526 22527
22518 22520 22529
22522 22529 22520
22522 22521 22530
22523 22530 22521
22525 22518 22531
22518 22529 22531
22522 22530 22532
22532 22530 22523
22528 22527 22533
22528 22533 22534
22528 22534 22535
22535 22534 22536
22535 22536 22537
22536 22538 22537
22533 22527 22539
22534 22533 22539
22536 22540 22538
22536 22541 22540
22538 22540 22542
22542 22540 22541
22542 22541 22543
22543 22541 22544
22536 22534 22545
22534 22539 22545
22546 22539 22527
22546 22527 22525
22541 22547 22544
22548 22547 22541
22544 22547 22549
22549 22547 22548
22550 22549 22548
22548 22551 22550
22552 22541 22536
22536 22545 22552
22548 22541 22552
22552 22545 22548
22548 22553 22551
22545 22553 22548
22545 22539 22554
22545 22554 22553
22555 22551 22553
22554 22555 22553
22555 22556 22551
22557 22556 22555
22539 22558 22554
22539 22546 22558
22559 22555 22554
22557 22555 22559
22559 22554 22558
22560 22557 22559
22560 22561 22557
22560 22562 22561
22563 22559 22558
22560 22559 22563
22560 22563 22564
22563 22558 22565
22546 22565 22558
22564 22563 22565
22560 22566 22562
22443 22562 22566
22546 22567 22565
22546 22525 22567
22565 22567 22568
22564 22565 22568
22569 22567 22525
22568 22567 22569
22566 22560 22570
22560 22564 22570
22571 22566 22570
22443 22566 22572
22571 22572 22566
22443 22572 22441
22573 22441 22572
22571 22573 22572
22573 22453 22441
22453 22573 22574
22574 22573 22571
22569 22525 22575
22525 22531 22575
22531 22576 22575
22576 22569 22575
22531 22529 22576
22564 22577 22570
22571 22570 22577
22453 22574 22578
22450 22453 22578
22576 22579 22569
22569 22579 22568
22579 22564 22568
22564 22580 22577
22579 22580 22564
22581 22571 22577
22577 22580 22581
22582 22580 22579
22582 22579 22576
22581 22580 22582
22583 22576 22529
22582 22576 22583
22584 22574 22571
22581 22584 22571
22585 22581 22582
22585 22582 22583
22586 22584 22581
22585 22586 22581
22587 22574 22584
22586 22587 22584
22583 22529 22588
22522 22588 22529
22589 22583 22588
22589 22588 22522
22585 22583 22590
22589 22590 22583
22591 22586 22585
22591 22585 22590
22587 22592 22574
22578 22574 22592
22593 22587 22586
22591 22593 22586
22593 22594 22587
22594 22592 22587
22589 22522 22595
22522 22532 22595
22596 22590 22589
22591 22590 22596
22597 22593 22591
22597 22594 22593
22595 22598 22589
22596 22589 22598
22599 22591 22596
22597 22591 22599
22600 22597 22599
22600 22599 22601
22599 22596 22601
22600 22602 22597
22597 22602 22594
22600 22601 22603
22603 22601 22596
22603 22596 22598
22595 22604 22598
22604 22603 22598
22605 22595 22532
22605 22604 22595
22602 22606 22594
22606 22592 22594
22604 22607 22603
22600 22603 22607
22608 22607 22604
22608 22604 22605
22600 22607 22608
22605 22532 22609
22532 22523 22609
22608 22605 22610
22605 22609 22610
22611 22609 22523
22611 22523 22509
22600 22612 22602
22602 22612 22606
22600 22608 22613
22608 22610 22613
22614 22610 22609
22614 22609 22611
22615 22613 22610
22600 22613 22615
22615 22610 22614
22600 22615 22616
22616 22615 22614
22600 22617 22612
22600 22618 22617
22612 22617 22619
22612 22619 22606
22618 22619 22617
22620 22611 22509
22620 22509 22508
22621 22614 22611
22621 22611 22620
22616 22614 22621
22622 22620 22508
22621 22620 22622
22622 22508 22502
22616 22621 22623
22621 22622 22623
22624 22622 22502
22624 22502 22482
22616 22623 22625
22600 22616 22625
22626 22623 22622
22625 22623 22626
22626 22622 22624
22482 22627 22624
22482 22468 22627
22627 22468 22463
22600 22625 22628
22625 22626 22628
22624 22629 22626
22624 22627 22629
22626 22630 22628
22628 22630 22600
22626 22629 22630
22627 22463 22631
22631 22463 22461
22632 22630 22629
22600 22630 22632
22633 22629 22627
22633 22627 22631
22632 22629 22633
22631 22461 22634
22633 22631 22634
22634 22461 22460
22632 22633 22635
22633 22634 22635
22634 22460 22636
22636 22635 22634
22636 22460 22462
22600 22632 22637
22632 22635 22637
22600 22637 22638
22600 22638 22618
22639 22637 22635
22639 22638 22637
22618 22638 22639
22636 22639 22635
22618 22639 22640
22636 22640 22639
22618 22640 22619
22636 22462 22641
22636 22641 22640
22640 22642 22619
22640 22641 22642
22606 22619 22642
22641 22462 22643
22641 22643 22642
22462 22450 22643
22643 22450 22578
22642 22643 22578
22606 22642 22644
22642 22578 22644
22644 22592 22606
22578 22592 22644
22645 22646 22647
22648 22645 22647
22649 22647 22646
22650 22648 22647
22649 22651 22647
22650 22647 22652
22651 22652 22647
22653 22650 22652
22651 22654 22652
22653 22652 22655
22654 22655 22652
22656 22653 22655
22654 22657 22655
22656 22655 22658
22657 22658 22655
22659 22656 22658
22657 22660 22658
22659 22658 22661
22660 22661 22658
22662 22659 22661
22660 22663 22661
22662 22661 22664
22663 22664 22661
22665 22662 22664
22663 22666 22664
22666 22665 22664
22667 22668 22669
22667 22669 22670
22671 22670 22669
22672 22671 22669
22673 22672 22669
22668 22674 22669
22673 22669 22674
22668 22675 22674
22676 22673 22674
22675 22677 22674
22676 22674 22677
22675 22678 22677
22679 22676 22677
22678 22680 22677
22679 22677 22680
22678 22681 22680
22682 22679 22680
22681 22683 22680
22682 22680 22683
22681 22684 22683
22685 22682 22683
22684 22686 22683
22685 22683 22686
22684 22687 22686
22688 22685 22686
22687 22688 22686
22689 22690 22691
22692 22690 22689
22690 22693 22691
22692 22694 22690
22695 22694 22692
22690 22696 22693
22694 22696 22690
22695 22697 22694
22698 22697 22695
22699 22697 22698
22697 22700 22694
22699 22700 22697
22694 22700 22696
22701 22700 22699
22701 22702 22700
22696 22700 22702
22703 22702 22701
22693 22696 22704
22696 22702 22704
22703 22704 22702
22693 22704 22705
22704 22706 22705
22703 22706 22704
22707 22706 22703
22707 22708 22706
22709 22708 22707
22709 22707 22710
22711 22709 22710
22711 22710 22712
22713 22711 22712
22713 22714 22711
22715 22714 22713
22715 22713 22716
22716 22717 22715
22715 22717 22718
22719 22718 22717
22716 22720 22717
22721 22720 22716
22719 22717 22722
22722 22717 22720
22722 22723 22719
22724 22720 22721
22722 22720 22724
22724 22721 22725
22722 22726 22723
22724 22726 22722
22727 22723 22726
22725 22728 22724
22724 22728 22726
22725 22729 22728
22727 22726 22730
22730 22726 22728
22727 22730 22731
22732 22728 22729
22730 22728 22732
22731 22730 22732
22732 22729 22733
22734 22732 22733
22731 22732 22734
22734 22735 22731
22734 22736 22735
22737 22735 22736
22737 22736 22738
22739 22737 22738
22739 22740 22737
22739 22741 22740
22740 22741 22742
22741 22743 22742
22739 22744 22741
22739 22745 22744
22741 22746 22743
22744 22746 22741
22745 22747 22744
22744 22747 22746
22745 22748 22747
22747 22748 22749
22743 22746 22750
22743 22750 22751
22751 22750 22752
22746 22753 22750
22752 22750 22753
22746 22747 22753
22752 22753 22754
22747 22749 22755
22753 22747 22755
22754 22753 22755
22756 22755 22749
22754 22755 22756
22757 22758 22759
22760 22757 22759
22759 22758 22761
22760 22759 22762
22763 22760 22762
22759 22761 22764
22762 22759 22764
22763 22762 22765
22766 22763 22765
22767 22766 22765
22765 22762 22768
22767 22765 22768
22762 22764 22768
22769 22767 22768
22769 22768 22770
22764 22770 22768
22771 22769 22770
22761 22772 22764
22764 22772 22770
22771 22770 22772
22761 22773 22772
22772 22773 22774
22771 22772 22774
22775 22771 22774
22775 22774 22776
22777 22775 22776
22777 22776 22778
22779 22777 22778
22779 22780 22777
22781 22780 22779
22781 22779 22782
22783 22781 22782
22783 22784 22781
22784 22783 22785
22783 22786 22785
22787 22785 22786
22784 22785 22788
22789 22784 22788
22787 22790 22785
22790 22788 22785
22790 22787 22791
22792 22789 22788
22790 22792 22788
22792 22793 22789
22790 22791 22794
22792 22790 22794
22795 22794 22791
22793 22792 22796
22792 22794 22796
22793 22796 22797
22795 22798 22794
22798 22796 22794
22795 22799 22798
22800 22797 22796
22798 22800 22796
22799 22800 22798
22800 22801 22797
22802 22801 22800
22799 22802 22800
22802 22799 22803
22802 22803 22804
22805 22804 22803
22805 22806 22804
22807 22806 22805
22807 22805 22808
22807 22808 22809
22808 22810 22809
22809 22810 22811
22807 22809 22812
22807 22812 22813
22809 22811 22814
22812 22809 22814
22813 22812 22815
22812 22814 22815
22813 22815 22816
22815 22817 22816
22811 22818 22814
22811 22819 22818
22819 22820 22818
22814 22818 22821
22820 22821 22818
22814 22821 22815
22820 22822 22821
22815 22823 22817
22821 22823 22815
22822 22823 22821
22824 22817 22823
22822 22824 22823
22825 22826 22827
22826 22825 22828
22829 22828 22825
22830 22825 22827
22829 22825 22830
22830 22827 22831
22832 22829 22830
22832 22830 22831
22832 22833 22829
22832 22831 22834
22835 22833 22832
22836 22832 22834
22835 22832 22836
22837 22835 22836
22836 22834 22838
22837 22836 22838
22837 22839 22835
22837 22840 22839
22840 22841 22839
22837 22838 22842
22843 22837 22842
22844 22843 22842
22841 22840 22845
22840 22846 22845
22846 22847 22845
22843 22844 22848
22837 22849 22840
22843 22849 22837
22849 22850 22840
22843 22850 22849
22840 22850 22851
22840 22851 22846
22851 22850 22852
22846 22851 22852
22846 22853 22847
22853 22854 22847
22853 22855 22854
22855 22856 22854
22846 22857 22853
22857 22855 22853
22846 22858 22857
22846 22852 22858
22857 22859 22855
22852 22860 22858
22855 22859 22861
22860 22852 22862
22852 22863 22862
22863 22864 22862
22855 22865 22856
22855 22861 22865
22865 22866 22856
22861 22867 22865
22865 22867 22866
22861 22868 22867
22867 22869 22866
22869 22867 22868
22852 22870 22863
22863 22870 22871
22852 22850 22870
22870 22850 22871
22863 22872 22864
22872 22873 22864
22873 22874 22864
22873 22875 22874
22863 22876 22872
22876 22873 22872
22863 22877 22876
22863 22871 22877
22876 22878 22873
22877 22871 22879
22873 22878 22880
22879 22871 22881
22871 22882 22881
22882 22883 22881
22873 22884 22875
22873 22880 22884
22884 22885 22875
22880 22886 22884
22884 22886 22885
22880 22887 22886
22886 22888 22885
22888 22886 22887
22871 22889 22882
22882 22889 22890
22871 22850 22889
22889 22850 22890
22882 22891 22883
22891 22892 22883
22891 22893 22892
22893 22894 22892
22882 22895 22891
22895 22893 22891
22882 22896 22895
22882 22890 22896
22895 22897 22893
22896 22890 22898
22893 22897 22899
22898 22890 22900
22893 22899 22901
22893 22901 22894
22901 22899 22902
22894 22901 22903
22901 22902 22903
22894 22903 22904
22905 22903 22902
22903 22905 22904
22890 22906 22900
22907 22900 22906
22890 22908 22906
22890 22850 22908
22908 22850 22843
22906 22908 22843
22906 22843 22848
22907 22906 22909
22848 22909 22906
22910 22907 22909
22848 22911 22909
22910 22909 22912
22911 22912 22909
22911 22913 22912
22912 22913 22914
22912 22915 22910
22912 22914 22916
22912 22916 22915
22916 22914 22917
22915 22916 22918
22916 22917 22918
22915 22918 22919
22917 22920 22918
22920 22919 22918
22921 22922 22923
22924 22922 22921
22923 22922 22925
22923 22925 22926
22927 22923 22926
22924 22927 22926
22928 22922 22924
22928 22924 22926
22925 22922 22929
22925 22929 22926
22929 22922 22930
22929 22931 22926
22930 22922 22932
22932 22922 22928
22931 22932 22926
22932 22928 22926
22933 22934 22935
22936 22934 22933
22935 22934 22937
22938 22934 22936
22937 22934 22939
22939 22934 22938
22940 22941 22942
22943 22941 22940
22942 22941 22944
22945 22941 22943
22944 22941 22946
22946 22941 22945
22947 22948 22949
22950 22947 22949
22947 22951 22948
22950 22952 22947
22951 22953 22948
22951 22954 22953
22952 22950 22955
22952 22955 22956
22953 22954 22957
22953 22957 22958
22959 22956 22955
22959 22955 22960
22961 22958 22957
22961 22957 22962
22961 22962 22963
22961 22963 22964
22964 22963 22965
22964 22965 22966
22959 22960 22967
22959 22967 22968
22969 22966 22965
22969 22968 22967
22969 22970 22966
22969 22967 22970
22971 22972 22973
22974 22972 22971
22971 22973 22975
22974 22971 22976
22975 22973 22977
22975 22977 22978
22976 22979 22974
22976 22980 22979
22977 22981 22978
22977 22982 22981
22983 22979 22980
22983 22984 22979
22985 22981 22982
22985 22986 22981
22985 22987 22986
22985 22988 22987
22988 22989 22987
22988 22990 22989
22983 22991 22984
22983 22992 22991
22993 22989 22990
22993 22991 22992
22993 22990 22994
22993 22994 22991
22995 22996 22997
22998 22996 22995
22997 22996 22999
23000 22996 22998
22999 22996 23001
23002 22996 23000
23001 22996 23003
23003 22996 23002
23004 23005 23006
23005 23007 23006
23007 23008 23006
23004 23006 23009
23008 23010 23006
23011 23009 23006
23010 23011 23006
23011 23012 23009
23010 23013 23011
23014 23012 23011
23013 23014 23011
23014 23015 23012
23013 23016 23014
23017 23015 23014
23016 23017 23014
23017 23018 23015
23016 23019 23017
23020 23018 23017
23019 23020 23017
23020 23021 23018
23019 23022 23020
23023 23021 23020
23022 23023 23020
23022 23024 23023
23025 23021 23023
23022 23026 23024
23026 23027 23024
23027 23028 23024
23029 23025 23023
23028 23030 23024
23029 23023 23031
23024 23031 23023
23032 23029 23031
23033 23032 23031
23033 23034 23032
23035 23034 23033
23030 23036 23024
23024 23036 23031
23036 23033 23031
23030 23037 23036
23037 23038 23036
23038 23033 23036
23037 23039 23038
23039 23040 23038
23040 23033 23038
23039 23041 23040
23040 23041 23042
23035 23033 23043
23043 23033 23040
23044 23035 23043
23040 23042 23045
23043 23040 23045
23045 23042 23046
23045 23046 23047
23044 23043 23048
23048 23043 23045
23049 23045 23047
23048 23045 23049
23049 23047 23050
23044 23048 23051
23051 23048 23049
23052 23044 23051
23050 23053 23049
23053 23051 23049
23050 23054 23053
23054 23055 23053
23055 23056 23053
23056 23057 23053
23057 23051 23053
23052 23051 23058
23057 23058 23051
23058 23057 23059
23060 23052 23058
23059 23060 23058
23057 23061 23059
23061 23062 23059
23059 23062 23063
23063 23064 23059
23059 23064 23065
23059 23065 23066
23065 23067 23066
23065 23068 23067
23068 23065 23064
23068 23069 23067
23068 23064 23070
23064 23071 23070
23070 23071 23072
23070 23072 23073
23074 23070 23073
23070 23074 23075
23068 23070 23075
23075 23074 23076
23075 23076 23077
23076 23078 23077
23077 23078 23079
23077 23079 23080
23068 23081 23069
23081 23068 23075
23081 23082 23069
23083 23081 23075
23081 23083 23082
23083 23075 23077
23084 23083 23077
23083 23085 23082
23083 23084 23085
23084 23086 23085
23077 23080 23087
23084 23077 23087
23087 23080 23088
23087 23088 23089
23084 23087 23089
23089 23088 23090
23089 23090 23091
23084 23089 23091
23090 23092 23091
23084 23093 23086
23093 23084 23091
23093 23094 23086
23093 23095 23094
23093 23096 23095
23096 23093 23091
23096 23097 23095
23092 23098 23091
23096 23091 23098
23092 23099 23098
23099 23100 23098
23098 23100 23101
23102 23098 23101
23096 23098 23102
23097 23096 23103
23096 23102 23103
23104 23097 23103
23103 23102 23105
23104 23103 23106
23103 23105 23106
23107 23104 23106
23106 23105 23108
23107 23106 23109
23106 23108 23109
23110 23107 23109
23109 23108 23111
23110 23109 23112
23109 23111 23112
23113 23110 23112
23112 23111 23114
23113 23112 23115
23112 23114 23115
23116 23113 23115
23115 23114 23117
23116 23115 23118
23115 23117 23119
23115 23119 23118
23120 23121 23122
23123 23121 23120
23122 23121 23124
23125 23121 23123
23124 23121 23126
23127 23121 23125
23126 23121 23128
23128 23121 23127
23129 23130 23131
23132 23130 23129
23131 23130 23133
23134 23130 23132
23133 23130 23135
23136 23130 23134
23135 23130 23137
23137 23130 23136
23138 23139 23140
23141 23139 23138
23138 23140 23142
23143 23141 23138
23144 23138 23142
23138 23145 23143
23138 23144 23146
23147 23145 23138
23138 23146 23148
23147 23138 23149
23138 23148 23150
23149 23138 23150
23151 23152 23153
23154 23152 23151
23153 23152 23155
23156 23152 23154
23155 23152 23157
23158 23152 23156
23157 23152 23159
23159 23152 23158
23160 23161 23162
23163 23161 23160
23162 23161 23164
23165 23161 23163
23164 23161 23166
23167 23161 23165
23166 23161 23168
23168 23161 23167
23169 23170 23171
23170 23172 23171
23170 23173 23172
23174 23173 23170
23169 23175 23170
23175 23169 23176
23176 23177 23175
23170 23175 23177
23176 23178 23177
23177 23178 23179
23177 23179 23180
23174 23170 23181
23170 23177 23181
23182 23174 23181
23177 23182 23181
23182 23183 23174
23184 23183 23182
23184 23182 23185
23182 23186 23185
23180 23187 23177
23177 23187 23182
23182 23187 23186
23180 23188 23187
23186 23187 23188
23189 23190 23191
23190 23192 23191
23193 23192 23190
23194 23193 23190
23189 23195 23190
23190 23195 23196
23195 23189 23197
23198 23195 23197
23198 23196 23195
23196 23198 23199
23200 23196 23199
23194 23190 23201
23190 23196 23201
23202 23194 23201
23196 23202 23201
23202 23203 23194
23204 23203 23202
23202 23205 23204
23202 23206 23205
23207 23196 23200
23196 23207 23202
23202 23207 23206
23207 23200 23208
23206 23207 23208
23209 23210 23211
23210 23212 23211
23212 23213 23211
23214 23210 23209
23212 23215 23213
23210 23214 23216
23212 23210 23216
23214 23217 23216
23216 23217 23218
23216 23218 23219
23216 23219 23220
23212 23216 23220
23219 23221 23220
23221 23212 23220
23219 23222 23221
23221 23222 23223
23221 23223 23224
23215 23212 23225
23221 23225 23212
23224 23225 23221
23226 23215 23225
23225 23224 23226
23227 23228 23229
23228 23230 23229
23227 23231 23228
23227 23232 23231
23233 23231 23232
23233 23234 23231
23235 23231 23234
23235 23228 23231
23235 23234 23236
23235 23236 23237
23238 23230 23228
23235 23238 23228
23238 23239 23230
23238 23240 23239
23235 23237 23241
23238 23235 23241
23242 23241 23237
23242 23243 23241
23241 23243 23244
23240 23238 23245
23238 23241 23245
23241 23244 23245
23240 23245 23246
23245 23244 23246
23247 23248 23249
23249 23248 23250
23249 23250 23251
23252 23249 23251
23247 23249 23253
23253 23254 23247
23254 23253 23255
23249 23255 23253
23254 23255 23256
23255 23257 23256
23255 23258 23257
23252 23259 23249
23249 23259 23255
23260 23259 23252
23255 23259 23260
23260 23252 23261
23262 23260 23261
23262 23263 23260
23260 23263 23264
23258 23255 23265
23255 23260 23265
23260 23264 23265
23258 23265 23266
23264 23266 23265
23267 23268 23269
23269 23268 23270
23271 23269 23270
23272 23269 23271
23267 23269 23273
23269 23274 23273
23273 23275 23267
23276 23275 23273
23276 23273 23274
23274 23277 23276
23278 23277 23274
23272 23279 23269
23269 23279 23274
23280 23279 23272
23274 23279 23280
23280 23272 23281
23282 23280 23281
23280 23282 23283
23280 23283 23284
23285 23278 23274
23274 23280 23285
23280 23284 23285
23285 23286 23278
23284 23286 23285
23287 23288 23289
23289 23288 23290
23290 23288 23291
23292 23287 23289
23290 23291 23293
23289 23294 23292
23290 23294 23289
23292 23294 23295
23294 23296 23295
23294 23297 23296
23294 23298 23297
23290 23298 23294
23297 23298 23299
23299 23298 23290
23297 23299 23300
23299 23301 23300
23299 23302 23301
23293 23303 23290
23299 23290 23303
23302 23299 23303
23304 23303 23293
23303 23304 23302
23305 23306 23307
23307 23306 23308
23305 23307 23309
23305 23309 23310
23311 23310 23309
23311 23309 23312
23313 23312 23309
23313 23309 23307
23313 23314 23312
23313 23315 23314
23316 23307 23308
23313 23307 23316
23316 23308 23317
23316 23317 23318
23313 23319 23315
23316 23319 23313
23320 23315 23319
23320 23319 23321
23319 23322 23321
23318 23323 23316
23316 23323 23319
23319 23323 23322
23318 23324 23323
23323 23324 23322
23325 23326 23327
23328 23325 23327
23327 23326 23329
23328 23327 23330
23330 23327 23329
23331 23328 23330
23330 23329 23332
23331 23330 23333
23333 23330 23332
23334 23331 23333
23333 23332 23335
23334 23333 23336
23336 23333 23335
23337 23334 23336
23336 23335 23338
23337 23336 23339
23339 23336 23338
23339 23338 23340
23341 23337 23339
23342 23339 23340
23341 23339 23342
23342 23340 23343
23342 23343 23344
23345 23341 23342
23345 23346 23341
23342 23344 23347
23342 23347 23348
23342 23348 23349
23342 23349 23350
23344 23351 23347
23351 23348 23347
23344 23352 23351
23351 23353 23348
23352 23354 23351
23354 23353 23351
23352 23355 23354
23354 23356 23353
23355 23357 23354
23357 23356 23354
23355 23358 23357
23357 23359 23356
23358 23360 23357
23360 23359 23357
23358 23361 23360
23360 23362 23359
23361 23363 23360
23363 23362 23360
23364 23365 23346
23364 23346 23345
23366 23365 23364
23366 23367 23365
23368 23367 23366
23368 23369 23367
23370 23369 23368
23370 23371 23369
23372 23371 23370
23373 23372 23370
23374 23373 23370
23374 23370 23368
23375 23374 23368
23375 23368 23366
23376 23375 23366
23376 23366 23364
23377 23376 23364
23377 23364 23345
23378 23377 23345
23378 23345 23342
23379 23378 23342
23379 23380 23378
23381 23380 23379
23381 23382 23380
23383 23382 23381
23383 23384 23382
23385 23384 23383
23385 23386 23384
23387 23386 23385
23387 23388 23386
23389 23388 23387
23390 23389 23387
23391 23390 23387
23391 23387 23385
23392 23391 23385
23392 23385 23383
23393 23392 23383
23393 23383 23381
23394 23393 23381
23394 23381 23379
23395 23394 23379
23395 23379 23342
23396 23395 23342
23396 23342 23397
23342 23350 23397
23398 23396 23397
23397 23350 23399
23398 23397 23400
23397 23399 23400
23401 23398 23400
23400 23399 23402
23401 23400 23403
23400 23402 23403
23404 23401 23403
23403 23402 23405
23404 23403 23406
23403 23405 23406
23407 23404 23406
23406 23405 23408
23407 23406 23409
23406 23408 23409
23407 23409 23410
23409 23408 23410
23411 23412 23413
23414 23411 23413
23412 23415 23413
23416 23414 23413
23415 23417 23413
23418 23416 23413
23417 23419 23413
23419 23418 23413
23420 23421 23422
23423 23420 23422
23421 23424 23422
23425 23423 23422
23424 23426 23422
23427 23425 23422
23426 23428 23422
23428 23427 23422
23429 23430 23431
23432 23429 23431
23433 23431 23430
23434 23432 23431
23433 23435 23431
23435 23434 23431
23436 23437 23438
23436 23438 23439
23437 23440 23438
23438 23441 23439
23438 23440 23442
23438 23442 23441
23443 23444 23445
23443 23446 23444
23444 23447 23445
23446 23448 23444
23444 23449 23447
23444 23448 23449
23450 23451 23452
23450 23453 23451
23450 23452 23454
23455 23453 23450
23456 23450 23454
23456 23455 23450
23457 23458 23459
23460 23457 23459
23457 23461 23458
23460 23462 23457
23457 23463 23461
23462 23463 23457
23464 23465 23466
23464 23467 23465
23468 23464 23466
23464 23469 23467
23468 23470 23464
23470 23469 23464
23471 23472 23473
23474 23472 23471
23475 23473 23472
23476 23472 23474
23475 23472 23477
23477 23472 23476
23478 23479 23480
23478 23481 23479
23480 23479 23482
23479 23481 23483
23479 23484 23482
23479 23483 23484
23485 23486 23487
23485 23487 23488
23487 23486 23489
23488 23487 23490
23487 23489 23491
23487 23491 23490
23492 23493 23494
23492 23494 23495
23492 23496 23493
23497 23492 23495
23498 23496 23492
23498 23492 23497
23499 23500 23501
23502 23500 23499
23499 23501 23503
23502 23499 23504
23499 23503 23505
23504 23499 23505
23506 23507 23508
23506 23508 23509
23510 23507 23506
23506 23509 23511
23510 23506 23512
23512 23506 23511
23513 23514 23515
23513 23515 23516
23516 23517 23513
23516 23515 23518
23519 23514 23513
23513 23517 23519
23516 23518 23520
23520 23517 23516
23519 23521 23514
23519 23517 23522
23522 23521 23519
23520 23518 23523
23524 23517 23520
23520 23523 23524
23522 23517 23525
23526 23517 23524
23525 23517 23526
23525 23527 23522
23522 23527 23521
23526 23528 23525
23525 23528 23527
23526 23529 23528
23524 23529 23526
23524 23523 23529
23521 23530 23514
23527 23531 23521
23521 23531 23530
23531 23532 23530
23514 23530 23533
23530 23532 23533
23514 23533 23534
23527 23535 23531
23535 23532 23531
23536 23535 23527
23534 23533 23537
23533 23532 23537
23534 23537 23518
23536 23538 23535
23529 23538 23536
23538 23532 23535
23518 23537 23539
23518 23539 23523
23537 23532 23539
23523 23540 23529
23529 23540 23538
23540 23532 23538
23523 23539 23540
23539 23532 23540
23541 23542 23543
23541 23544 23542
23543 23542 23545
23546 23544 23541
23543 23545 23547
23546 23548 23544
23547 23545 23549
23550 23548 23546
23547 23549 23551
23550 23552 23548
23551 23549 23553
23554 23552 23550
23551 23553 23555
23554 23556 23552
23555 23553 23557
23558 23556 23554
23555 23557 23559
23558 23560 23556
23559 23557 23561
23562 23560 23558
23559 23561 23563
23562 23564 23560
23563 23561 23565
23566 23564 23562
23563 23565 23567
23566 23568 23564
23567 23565 23569
23570 23568 23566
23567 23569 23571
23570 23572 23568
23571 23569 23572
23571 23572 23570
23573 23574 23575
23573 23575 23576
23577 23574 23573
23576 23575 23578
23577 23579 23574
23576 23578 23580
23581 23579 23577
23580 23578 23582
23581 23583 23579
23580 23582 23584
23585 23583 23581
23584 23582 23586
23585 23587 23583
23584 23586 23588
23589 23587 23585
23588 23586 23590
23589 23591 23587
23588 23590 23592
23593 23591 23589
23592 23590 23594
23593 23595 23591
23592 23594 23596
23597 23595 23593
23596 23594 23598
23597 23599 23595
23596 23598 23600
23601 23599 23597
23600 23598 23602
23601 23603 23599
23600 23602 23604
23604 23603 23601
23604 23602 23603
23605 23606 23607
23605 23608 23606
23607 23606 23609
23610 23608 23605
23607 23609 23611
23610 23612 23608
23611 23609 23613
23614 23612 23610
23611 23613 23615
23614 23616 23612
23615 23613 23617
23618 23616 23614
23615 23617 23619
23618 23620 23616
23619 23617 23621
23622 23620 23618
23619 23621 23623
23622 23624 23620
23623 23621 23625
23626 23624 23622
23623 23625 23627
23626 23628 23624
23627 23625 23629
23630 23628 23626
23627 23629 23631
23630 23632 23628
23631 23629 23633
23634 23632 23630
23631 23633 23635
23634 23636 23632
23635 23633 23636
23635 23636 23634
23637 23638 23639
23637 23639 23640
23641 23638 23637
23640 23639 23642
23641 23643 23638
23640 23642 23644
23645 23643 23641
23644 23642 23646
23645 23647 23643
23644 23646 23648
23649 23647 23645
23648 23646 23650
23649 23651 23647
23648 23650 23652
23653 23651 23649
23652 23650 23654
23653 23655 23651
23652 23654 23656
23657 23655 23653
23656 23654 23658
23657 23659 23655
23656 23658 23660
23661 23659 23657
23660 23658 23662
23661 23663 23659
23660 23662 23664
23665 23663 23661
23664 23662 23666
23665 23667 23663
23664 23666 23668
23668 23667 23665
23668 23666 23667
23669 23670 23671
23669 23672 23670
23671 23670 23673
23674 23672 23669
23671 23673 23675
23674 23676 23672
23675 23673 23677
23678 23676 23674
23675 23677 23679
23678 23680 23676
23679 23677 23681
23682 23680 23678
23679 23681 23683
23682 23684 23680
23683 23681 23685
23686 23684 23682
23683 23685 23687
23686 23688 23684
23687 23685 23689
23690 23688 23686
23687 23689 23691
23690 23692 23688
23691 23689 23693
23694 23692 23690
23691 23693 23695
23694 23696 23692
23695 23693 23697
23698 23696 23694
23695 23697 23699
23698 23700 23696
23699 23697 23700
23699 23700 23698
23701 23702 23703
23701 23703 23704
23705 23702 23701
23704 23703 23706
23705 23707 23702
23704 23706 23708
23709 23707 23705
23708 23706 23710
23709 23711 23707
23708 23710 23712
23713 23711 23709
23712 23710 23714
23713 23715 23711
23712 23714 23716
23717 23715 23713
23716 23714 23718
23717 23719 23715
23716 23718 23720
23721 23719 23717
23720 23718 23722
23721 23723 23719
23720 23722 23724
23725 23723 23721
23724 23722 23726
23725 23727 23723
23724 23726 23728
23729 23727 23725
23728 23726 23730
23729 23731 23727
23728 23730 23732
23732 23731 23729
23732 23730 23731
23733 23734 23735
23733 23735 23736
23734 23737 23735
23738 23733 23736
23734 23739 23737
23738 23736 23740
23739 23741 23737
23742 23738 23740
23739 23743 23741
23742 23740 23744
23743 23745 23741
23746 23742 23744
23743 23747 23745
23746 23744 23748
23747 23749 23745
23750 23746 23748
23747 23751 23749
23750 23748 23752
23751 23753 23749
23754 23750 23752
23751 23755 23753
23754 23752 23756
23755 23757 23753
23758 23754 23756
23755 23759 23757
23758 23756 23760
23759 23761 23757
23762 23758 23760
23759 23763 23761
23762 23760 23764
23763 23762 23764
23763 23764 23761
23765 23766 23767
23765 23767 23768
23766 23769 23767
23770 23765 23768
23766 23771 23769
23770 23768 23772
23771 23773 23769
23774 23770 23772
23771 23775 23773
23774 23772 23776
23775 23777 23773
23778 23774 23776
23775 23779 23777
23778 23776 23780
23779 23781 23777
23782 23778 23780
23779 23783 23781
23782 23780 23784
23783 23785 23781
23786 23782 23784
23783 23787 23785
23786 23784 23788
23787 23789 23785
23790 23786 23788
23787 23791 23789
23790 23788 23792
23791 23793 23789
23794 23790 23792
23791 23795 23793
23794 23792 23796
23795 23794 23796
23795 23796 23793
23797 23798 23799
23797 23800 23798
23799 23798 23801
23802 23800 23797
23799 23801 23803
23802 23804 23800
23803 23801 23805
23806 23804 23802
23803 23805 23807
23806 23808 23804
23807 23805 23809
23810 23808 23806
23807 23809 23811
23810 23812 23808
23811 23809 23813
23814 23812 23810
23811 23813 23815
23814 23816 23812
23815 23813 23817
23818 23816 23814
23815 23817 23819
23818 23820 23816
23819 23817 23821
23822 23820 23818
23819 23821 23823
23822 23824 23820
23823 23821 23825
23826 23824 23822
23823 23825 23827
23826 23828 23824
23827 23825 23828
23827 23828 23826
23829 23830 23831
23829 23831 23832
23833 23830 23829
23832 23831 23834
23833 23835 23830
23832 23834 23836
23837 23835 23833
23836 23834 23838
23837 23839 23835
23836 23838 23840
23841 23839 23837
23840 23838 23842
23841 23843 23839
23840 23842 23844
23845 23843 23841
23844 23842 23846
23845 23847 23843
23844 23846 23848
23849 23847 23845
23848 23846 23850
23849 23851 23847
23848 23850 23852
23853 23851 23849
23852 23850 23854
23853 23855 23851
23852 23854 23856
23857 23855 23853
23856 23854 23858
23857 23859 23855
23856 23858 23860
23860 23859 23857
23860 23858 23859
23861 23862 23863
23861 23864 23862
23863 23862 23865
23866 23864 23861
23863 23865 23867
23866 23868 23864
23867 23865 23869
23870 23868 23866
23867 23869 23871
23870 23872 23868
23871 23869 23873
23874 23872 23870
23871 23873 23875
23874 23876 23872
23875 23873 23877
23878 23876 23874
23875 23877 23879
23878 23880 23876
23879 23877 23881
23882 23880 23878
23879 23881 23883
23882 23884 23880
23883 23881 23885
23886 23884 23882
23883 23885 23887
23886 23888 23884
23887 23885 23889
23890 23888 23886
23887 23889 23891
23890 23892 23888
23891 23889 23892
23891 23892 23890
23893 23894 23895
23893 23895 23896
23897 23894 23893
23896 23895 23898
23897 23899 23894
23896 23898 23900
23901 23899 23897
23900 23898 23902
23901 23903 23899
23900 23902 23904
23905 23903 23901
23904 23902 23906
23905 23907 23903
23904 23906 23908
23909 23907 23905
23908 23906 23910
23909 23911 23907
23908 23910 23912
23913 23911 23909
23912 23910 23914
23913 23915 23911
23912 23914 23916
23917 23915 23913
23916 23914 23918
23917 23919 23915
23916 23918 23920
23921 23919 23917
23920 23918 23922
23921 23923 23919
23920 23922 23924
23924 23923 23921
23924 23922 23923
23925 23926 23927
23925 23928 23926
23927 23926 23929
23930 23928 23925
23927 23929 23931
23930 23932 23928
23931 23929 23933
23934 23932 23930
23931 23933 23935
23934 23936 23932
23935 23933 23937
23938 23936 23934
23935 23937 23939
23938 23940 23936
23939 23937 23941
23942 23940 23938
23939 23941 23943
23942 23944 23940
23943 23941 23945
23946 23944 23942
23943 23945 23947
23946 23948 23944
23947 23945 23949
23950 23948 23946
23947 23949 23951
23950 23952 23948
23951 23949 23953
23954 23952 23950
23951 23953 23955
23954 23956 23952
23955 23953 23956
23955 23956 23954
23957 23958 23959
23957 23959 23960
23961 23958 23957
23960 23959 23962
23961 23963 23958
23960 23962 23964
23965 23963 23961
23964 23962 23966
23965 23967 23963
23964 23966 23968
23969 23967 23965
23968 23966 23970
23969 23971 23967
23968 23970 23972
23973 23971 23969
23972 23970 23974
23973 23975 23971
23972 23974 23976
23977 23975 23973
23976 23974 23978
23977 23979 23975
23976 23978 23980
23981 23979 23977
23980 23978 23982
23981 23983 23979
23980 23982 23984
23985 23983 23981
23984 23982 23986
23985 23987 23983
23984 23986 23988
23988 23987 23985
23988 23986 23987
23989 23990 23991
23989 23992 23990
23991 23990 23993
23994 23992 23989
23991 23993 23995
23994 23996 23992
23995 23993 23997
23998 23996 23994
23995 23997 23999
23998 24000 23996
23999 23997 24001
24002 24000 23998
23999 24001 24003
24002 24004 24000
24003 24001 24005
24006 24004 24002
24003 24005 24007
24006 24008 24004
24007 24005 24009
24010 24008 24006
24007 24009 24011
24010 24012 24008
24011 24009 24013
24014 24012 24010
24011 24013 24015
24014 24016 24012
24015 24013 24017
24018 24016 24014
24015 24017 24019
24018 24020 24016
24019 24017 24020
24019 24020 24018
24021 24022 24023
24021 24024 24022
24023 24022 24025
24026 24024 24021
24023 24025 24027
24026 24028 24024
24027 24025 24029
24030 24028 24026
24027 24029 24031
24030 24032 24028
24031 24029 24033
24034 24032 24030
24031 24033 24035
24034 24036 24032
24035 24033 24037
24038 24036 24034
24035 24037 24039
24038 24040 24036
24039 24037 24041
24042 24040 24038
24039 24041 24043
24042 24044 24040
24043 24041 24045
24046 24044 24042
24043 24045 24047
24046 24048 24044
24047 24045 24049
24050 24048 24046
24047 24049 24051
24050 24052 24048
24051 24049 24052
24051 24052 24050
24053 24054 24055
24053 24055 24056
24054 24057 24055
24058 24053 24056
24054 24059 24057
24058 24056 24060
24059 24061 24057
24062 24058 24060
24059 24063 24061
24062 24060 24064
24063 24065 24061
24066 24062 24064
24063 24067 24065
24066 24064 24068
24067 24069 24065
24070 24066 24068
24067 24071 24069
24070 24068 24072
24071 24073 24069
24074 24070 24072
24071 24075 24073
24074 24072 24076
24075 24077 24073
24078 24074 24076
24075 24079 24077
24078 24076 24080
24079 24081 24077
24082 24078 24080
24079 24083 24081
24082 24080 24084
24083 24082 24084
24083 24084 24081
24085 24086 24087
24085 24087 24088
24086 24089 24087
24090 24085 24088
24086 24091 24089
24090 24088 24092
24091 24093 24089
24094 24090 24092
24091 24095 24093
24094 24092 24096
24095 24097 24093
24098 24094 24096
24095 24099 24097
24098 24096 24100
24099 24101 24097
24102 24098 24100
24099 24103 24101
24102 24100 24104
24103 24105 24101
24106 24102 24104
24103 24107 24105
24106 24104 24108
24107 24109 24105
24110 24106 24108
24107 24111 24109
24110 24108 24112
24111 24113 24109
24114 24110 24112
24111 24115 24113
24114 24112 24116
24115 24114 24116
24115 24116 24113
24117 24118 24119
24117 24119 24120
24118 24121 24119
24122 24117 24120
24118 24123 24121
24122 24120 24124
24123 24125 24121
24126 24122 24124
24123 24127 24125
24126 24124 24128
24127 24129 24125
24130 24126 24128
24127 24131 24129
24130 24128 24132
24131 24133 24129
24134 24130 24132
24131 24135 24133
24134 24132 24136
24135 24137 24133
24138 24134 24136
24135 24139 24137
24138 24136 24140
24139 24141 24137
24142 24138 24140
24139 24143 24141
24142 24140 24144
24143 24145 24141
24146 24142 24144
24143 24147 24145
24146 24144 24148
24147 24146 24148
24147 24148 24145
24149 24150 24151
24149 24151 24152
24153 24150 24149
24152 24151 24154
24153 24155 24150
24152 24154 24156
24157 24155 24153
24156 24154 24158
24157 24159 24155
24156 24158 24160
24161 24159 24157
24160 24158 24162
24161 24163 24159
24160 24162 24164
24165 24163 24161
24164 24162 24166
24165 24167 24163
24164 24166 24168
24169 24167 24165
24168 24166 24170
24169 24171 24167
24168 24170 24172
24173 24171 24169
24172 24170 24174
24173 24175 24171
24172 24174 24176
24177 24175 24173
24176 24174 24178
24177 24179 24175
24176 24178 24180
24180 24179 24177
24180 24178 24179
24181 24182 24183
24181 24183 24184
24182 24185 24183
24186 24181 24184
24182 24187 24185
24186 24184 24188
24187 24189 24185
24190 24186 24188
24187 24191 24189
24190 24188 24192
24191 24193 24189
24194 24190 24192
24191 24195 24193
24194 24192 24196
24195 24197 24193
24198 24194 24196
24195 24199 24197
24198 24196 24200
24199 24201 24197
24202 24198 24200
24199 24203 24201
24202 24200 24204
24203 24205 24201
24206 24202 24204
24203 24207 24205
24206 24204 24208
24207 24209 24205
24210 24206 24208
24207 24211 24209
24210 24208 24212
24211 24210 24212
24211 24212 24209
24213 24214 24215
24213 24215 24216
24214 24217 24215
24218 24213 24216
24214 24219 24217
24218 24216 24220
24219 24221 24217
24222 24218 24220
24219 24223 24221
24222 24220 24224
24223 24225 24221
24226 24222 24224
24223 24227 24225
24226 24224 24228
24227 24229 24225
24230 24226 24228
24227 24231 24229
24230 24228 24232
24231 24233 24229
24234 24230 24232
24231 24235 24233
24234 24232 24236
24235 24237 24233
24238 24234 24236
24235 24239 24237
24238 24236 24240
24239 24241 24237
24242 24238 24240
24239 24243 24241
24242 24240 24244
24243 24242 24244
24243 24244 24241
24245 24246 24247
24245 24247 24248
24246 24249 24247
24250 24245 24248
24246 24251 24249
24250 24248 24252
24251 24253 24249
24254 24250 24252
24251 24255 24253
24254 24252 24256
24255 24257 24253
24258 24254 24256
24255 24259 24257
24258 24256 24260
24259 24261 24257
24262 24258 24260
24259 24263 24261
24262 24260 24264
24263 24265 24261
24266 24262 24264
24263 24267 24265
24266 24264 24268
24267 24269 24265
24270 24266 24268
24267 24271 24269
24270 24268 24272
24271 24273 24269
24274 24270 24272
24271 24275 24273
24274 24272 24276
24275 24274 24276
24275 24276 24273
