byte offset: 0
first index: 0
index count: 26667
topology: trianglelist
format: DXGI_FORMAT_R16_UINT

0 1 2
3 4 2
3 5 4
6 4 5
6 7 4
8 7 6
8 9 7
9 8 10
9 10 11
12 11 10
13 8 6
10 8 13
10 14 12
14 15 12
16 15 14
17 15 16
18 17 16
18 19 17
20 19 18
20 21 19
20 22 21
23 22 20
23 24 22
23 25 24
23 26 25
27 26 23
28 14 10
29 16 14
29 14 28
16 30 18
16 29 30
31 20 18
31 18 30
32 23 20
31 32 20
27 23 33
32 33 23
27 33 34
27 34 35
34 36 35
28 10 37
10 13 37
32 38 33
33 38 34
32 39 38
39 32 40
40 32 31
34 38 41
36 34 42
34 41 42
41 43 42
36 42 44
42 45 44
46 44 45
46 47 44
44 48 36
47 48 44
47 49 48
40 31 50
51 40 50
50 31 30
51 52 40
49 47 53
54 49 53
50 30 55
55 30 29
46 56 47
47 56 53
57 53 56
58 54 53
57 58 53
59 58 57
58 60 54
59 60 58
59 61 60
59 62 61
63 50 55
51 50 63
55 29 64
64 29 28
64 28 65
65 28 37
66 55 64
66 64 65
65 37 67
13 67 37
63 55 68
55 66 68
69 68 66
70 66 65
70 65 67
69 66 70
71 63 68
69 71 68
72 51 63
71 72 63
13 73 67
70 67 74
73 74 67
73 13 75
13 6 75
75 6 76
6 5 76
5 77 76
5 3 77
73 75 78
73 79 74
79 73 78
75 80 78
80 75 76
80 76 81
76 82 81
76 77 82
78 80 83
79 78 83
83 80 84
85 74 79
85 79 83
86 83 84
85 83 86
86 84 87
85 88 74
70 74 88
89 85 86
89 88 85
82 90 84
84 90 87
91 90 82
91 87 90
82 77 92
91 82 92
70 88 93
69 70 93
89 86 94
94 86 87
77 95 92
92 96 91
92 95 96
77 97 95
77 3 97
98 97 3
99 98 3
97 98 100
97 100 95
100 96 95
100 101 96
101 102 96
91 96 102
101 103 102
91 104 87
91 102 104
103 105 102
103 106 105
102 107 104
107 87 104
102 105 107
106 108 105
106 109 108
107 110 87
94 87 110
105 111 107
105 108 111
110 107 111
112 108 109
112 109 113
114 111 108
114 108 112
115 112 113
115 113 116
117 114 112
117 112 115
111 114 118
117 118 114
110 111 119
111 118 119
110 120 94
110 119 120
116 121 115
116 122 121
94 120 123
94 123 89
119 124 120
119 118 124
115 125 117
115 121 125
126 121 122
126 122 127
120 124 128
120 128 129
130 125 121
130 121 126
131 126 127
131 127 132
133 130 126
133 126 131
118 134 124
118 135 134
124 134 136
124 136 128
117 135 118
117 137 135
117 125 137
135 137 138
139 125 130
139 137 125
130 140 139
130 133 140
141 140 133
142 141 133
142 133 131
142 143 141
136 144 128
128 144 129
136 145 144
142 131 146
146 131 147
146 147 148
149 145 136
138 149 136
150 142 146
142 150 143
149 151 145
151 152 145
151 153 152
149 154 151
149 155 154
149 156 155
138 156 149
156 157 155
138 158 156
137 158 138
137 159 158
156 160 157
160 156 158
160 161 157
162 158 159
160 158 162
162 159 163
160 164 161
162 164 160
164 165 161
163 166 162
162 166 164
163 167 166
164 168 165
168 169 166
170 166 167
170 167 171
168 166 172
173 170 171
168 172 174
173 174 170
165 168 175
168 174 175
176 174 173
175 174 176
176 173 177
176 177 178
179 176 178
165 175 180
180 175 176
180 176 179
181 180 179
182 165 183
184 185 186
187 188 189
190 191 192
193 194 195
196 195 197
196 197 198
199 196 198
200 199 198
201 200 198
198 202 201
198 203 202
204 199 200
201 205 200
204 200 205
204 206 199
207 199 206
205 201 208
206 204 209
204 205 210
204 210 209
207 206 211
206 209 212
211 206 212
210 213 209
209 213 214
209 214 212
210 215 213
212 214 216
217 215 210
205 217 210
217 218 215
212 216 219
211 212 219
219 216 220
221 211 219
207 211 221
207 221 222
219 220 223
221 219 223
223 220 224
225 221 223
223 224 226
225 223 226
227 226 224
228 225 226
227 228 226
225 228 229
230 228 227
229 228 230
230 227 231
232 230 231
232 231 233
229 230 234
234 230 232
235 232 233
235 233 236
234 232 237
235 237 232
238 235 236
238 236 239
238 239 240
235 241 237
241 235 238
242 234 237
241 242 237
243 229 234
242 243 234
238 240 244
244 240 245
241 238 246
246 238 244
244 245 247
247 245 248
243 249 229
250 229 249
241 251 242
251 241 246
246 244 252
252 244 247
247 248 253
253 248 254
252 247 255
255 247 253
253 254 256
256 254 257
256 257 258
258 257 259
258 259 260
260 259 261
262 253 256
255 253 262
262 256 263
263 256 264
265 255 262
265 262 263
265 266 255
266 252 255
265 263 267
266 268 252
269 267 263
268 246 252
263 264 270
269 263 270
270 264 271
272 269 270
268 273 246
268 274 273
251 246 273
270 271 275
272 270 275
275 271 261
272 275 261
273 276 251
251 276 277
277 242 251
277 278 242
278 243 242
278 279 243
249 243 279
249 279 280
250 249 280
250 280 281
281 282 250
280 279 283
280 283 284
281 280 284
285 283 279
285 279 278
278 286 285
287 286 278
287 278 277
288 287 277
288 277 276
281 284 289
290 288 276
289 291 281
289 292 291
281 291 282
290 276 293
294 290 293
293 276 273
294 293 295
295 293 273
296 294 295
295 273 297
296 295 298
297 298 295
299 296 298
300 298 297
299 298 301
300 301 298
302 299 301
303 301 300
302 301 303
303 300 304
305 302 303
304 306 303
305 303 306
304 307 306
308 305 306
309 306 307
308 306 309
309 307 310
309 310 311
309 311 312
312 311 313
312 313 314
315 314 313
316 317 308
316 318 317
317 318 319
317 319 320
320 319 315
321 322 315
323 322 321
323 324 322
325 324 323
325 326 324
327 326 325
327 325 328
329 327 328
329 330 327
331 330 329
331 332 330
333 334 331
333 335 334
274 335 333
333 336 337
338 339 340
340 341 342
340 343 341
342 341 344
342 344 345
345 344 346
345 346 347
347 346 348
347 348 349
349 348 350
349 350 351
351 350 352
351 352 353
353 352 354
353 354 355
355 354 356
357 341 343
357 343 358
358 343 359
360 341 357
360 344 341
361 344 360
361 346 344
362 346 361
362 348 346
363 348 362
363 350 348
364 350 363
364 352 350
365 352 364
365 354 352
366 354 365
366 367 354
368 367 366
369 370 371
372 369 373
372 373 374
369 372 375
374 373 376
374 376 377
378 377 376
378 376 379
369 375 380
375 381 380
382 383 379
382 379 384
385 384 386
385 386 387
387 386 388
387 388 389
389 388 390
389 390 391
391 390 392
392 390 393
388 393 390
388 394 393
386 394 388
386 395 394
394 395 396
394 396 397
386 398 395
386 399 398
398 399 379
398 400 395
398 379 401
401 400 398
401 402 400
401 379 403
404 402 401
401 403 404
404 405 402
403 406 404
406 407 404
406 408 407
403 409 406
410 406 409
410 411 406
410 412 411
410 409 413
414 415 413
416 417 410
416 418 417
419 410 420
419 420 421
421 422 419
422 423 419
422 424 423
421 425 422
380 425 421
380 426 425
425 427 422
426 428 425
425 428 427
426 429 428
429 430 428
429 431 430
430 431 432
430 432 433
430 433 434
430 434 435
428 430 436
428 436 437
436 438 437
436 439 438
434 439 436
434 440 439
427 441 442
427 442 443
444 445 395
446 447 448
449 450 446
449 451 450
452 451 449
451 453 450
452 454 451
455 454 452
451 456 453
456 451 454
455 457 454
458 457 455
456 454 459
457 459 454
457 460 459
458 461 457
461 460 457
462 461 458
462 463 461
461 464 460
465 464 461
466 465 462
465 467 464
466 468 465
469 467 465
470 468 466
469 471 467
470 472 468
473 471 469
473 474 471
475 474 473
472 470 476
472 476 475
477 475 476
478 477 479
480 478 479
480 481 478
482 481 480
482 483 481
484 483 482
484 485 483
486 485 484
486 487 485
488 487 486
488 489 487
490 489 488
490 491 489
492 491 490
492 456 491
493 456 492
493 453 456
494 453 493
494 495 453
495 496 453
497 494 498
499 500 501
501 502 503
501 504 502
503 502 505
503 505 506
506 505 507
506 507 508
507 509 508
509 510 508
511 505 502
512 505 511
513 512 511
513 514 512
511 502 515
515 502 504
515 504 516
516 504 517
518 517 504
516 517 519
519 517 520
510 521 522
510 522 523
523 522 524
523 524 525
525 524 526
526 527 528
528 527 529
528 529 530
530 529 531
530 531 532
533 534 535
536 534 537
536 537 538
538 537 539
538 539 540
540 539 541
540 541 542
542 541 543
542 543 544
545 542 544
544 543 546
544 546 547
545 544 547
547 546 548
547 548 549
549 548 550
549 550 551
551 550 552
553 540 542
545 553 542
554 538 540
553 554 540
555 553 545
556 555 545
557 554 553
558 556 545
545 547 559
558 545 559
559 547 560
558 559 561
559 560 561
558 561 562
554 563 538
563 536 538
557 564 554
564 563 554
564 557 565
564 565 566
566 567 564
564 567 563
566 568 567
563 569 536
567 569 563
569 570 536
571 567 568
567 571 569
571 568 572
569 573 570
571 573 569
573 574 570
571 572 575
571 575 573
572 576 575
573 577 574
575 577 573
577 578 574
575 576 579
579 577 575
576 580 579
580 581 579
579 581 577
580 582 581
577 583 578
581 583 577
583 584 578
581 582 585
581 585 583
583 585 584
582 586 585
585 587 584
586 587 585
588 589 590
591 592 593
591 594 595
591 596 594
591 597 596
591 598 597
597 598 599
600 599 598
596 597 601
597 599 602
601 597 602
601 602 603
599 600 604
599 604 605
606 604 600
606 600 607
608 606 607
600 609 607
610 608 607
609 610 607
611 596 601
612 596 611
612 594 596
613 601 603
614 611 601
613 614 601
615 611 614
613 615 614
612 611 616
615 616 611
617 616 615
618 613 603
619 618 603
619 603 620
619 620 621
622 613 618
615 613 622
622 618 623
617 615 624
615 622 624
622 623 625
623 626 625
622 627 624
627 622 625
625 626 628
626 629 628
630 628 629
631 625 628
630 631 628
631 627 625
627 631 632
631 630 633
631 633 634
632 631 635
624 627 636
627 632 636
632 637 636
636 638 624
636 637 638
617 624 638
635 633 639
635 639 640
641 638 637
641 617 638
641 637 642
642 637 643
644 643 637
637 645 644
632 645 637
646 644 645
646 645 647
647 645 632
647 632 648
632 635 648
648 649 647
649 650 647
648 651 649
635 651 648
652 649 651
635 653 651
635 640 653
652 651 654
655 652 654
651 653 656
651 656 654
657 655 654
656 657 654
657 658 655
657 659 658
656 653 660
660 657 656
660 653 640
661 659 657
660 661 657
661 662 659
662 661 663
662 663 664
665 664 663
661 660 666
661 666 663
663 666 667
660 640 668
660 668 666
665 663 669
663 667 669
669 670 665
670 671 665
669 672 670
667 672 669
672 673 670
672 674 673
674 675 673
667 676 672
676 667 677
667 678 677
667 679 678
666 679 667
666 668 679
680 679 668
680 668 681
640 681 668
640 682 681
683 680 681
633 681 682
684 683 681
633 684 681
684 633 685
686 684 685
684 687 683
688 687 684
687 689 690
691 692 693
602 691 621
599 694 695
696 697 698
699 698 700
701 702 700
703 704 705
706 707 704
706 704 708
709 707 706
709 710 707
708 711 706
712 711 708
709 706 713
711 713 706
714 710 709
714 715 710
712 716 711
716 712 717
709 713 718
714 709 718
719 715 714
719 720 715
721 719 714
714 718 721
721 722 719
722 723 719
722 724 723
725 713 711
726 711 716
726 725 711
727 726 716
726 728 725
725 728 729
725 730 713
725 729 730
718 713 730
730 729 731
718 730 732
730 731 732
721 718 732
732 731 733
721 732 734
732 733 734
734 722 721
734 733 735
734 736 722
734 735 736
736 735 737
736 737 738
736 724 722
736 738 724
739 740 724
740 741 720
740 720 742
743 744 740
743 745 744
746 745 743
746 747 745
748 747 746
748 749 747
750 749 748
750 751 749
752 751 750
752 753 751
754 753 752
754 755 753
756 755 754
756 757 755
758 757 756
758 759 757
760 761 758
760 762 761
763 764 762
763 762 765
766 767 764
768 767 766
766 764 769
769 765 770
769 770 771
772 769 771
768 772 773
772 771 773
768 773 774
774 773 775
774 775 776
775 777 776
773 778 775
773 771 778
778 779 775
778 780 779
771 781 778
781 780 778
771 770 781
781 782 780
765 783 770
765 784 783
785 783 784
785 784 786
770 783 787
770 787 788
787 789 781
787 790 789
791 787 783
791 790 787
791 792 790
791 783 793
794 793 786
795 792 791
795 796 792
797 791 793
794 797 793
797 795 791
798 796 795
797 798 795
798 799 796
794 800 797
797 800 798
794 801 800
801 802 800
801 803 802
804 799 798
800 804 798
804 805 799
800 806 804
807 806 803
807 803 808
809 805 804
809 804 806
809 810 805
809 806 811
812 811 808
809 811 812
812 808 813
809 812 814
814 810 809
814 815 810
816 815 814
816 817 815
814 818 816
814 819 818
819 813 739
819 739 818
739 820 821
821 820 822
821 822 823
822 824 823
822 825 824
826 716 827
153 828 829
828 129 152
828 830 129
89 129 831
830 831 123
89 831 832
89 832 88
831 830 833
833 832 831
88 832 834
833 834 832
834 93 88
830 835 833
830 836 835
834 837 93
69 93 837
836 838 835
836 839 838
839 840 838
839 841 840
842 840 841
842 841 843
844 842 843
844 843 845
844 845 846
835 838 847
838 848 847
838 840 848
849 848 840
849 840 842
850 849 842
850 842 844
835 847 851
844 852 850
833 835 851
844 853 852
844 846 853
854 852 853
855 853 846
854 853 855
855 846 856
855 856 857
854 855 858
855 857 858
854 858 859
857 860 858
858 860 859
833 851 861
834 833 861
834 861 862
862 861 851
834 862 837
862 851 863
863 851 864
837 862 865
865 862 863
863 864 866
866 864 867
837 865 868
69 837 868
868 869 69
71 69 869
870 869 868
870 868 865
71 869 871
870 871 869
871 72 71
865 863 872
863 866 873
863 873 872
866 867 874
873 866 874
870 865 875
865 872 875
870 876 871
875 877 870
878 877 876
877 879 876
880 879 877
880 881 879
880 882 881
880 883 882
883 884 882
883 885 884
886 877 875
885 887 884
875 872 888
886 875 888
872 873 888
888 889 886
885 889 890
888 890 889
885 890 891
885 892 887
892 893 887
888 873 894
888 894 895
896 895 894
873 874 894
896 894 874
896 897 895
898 897 896
892 899 893
899 900 893
899 901 900
902 899 892
902 901 903
904 900 901
902 892 905
905 892 906
905 906 891
902 907 901
904 901 908
908 909 907
908 910 904
908 907 911
911 910 912
913 914 915
916 915 914
916 917 915
918 917 916
918 919 917
920 919 918
920 921 919
922 921 920
922 923 921
924 923 922
924 925 923
926 925 924
926 927 925
928 923 925
928 925 929
923 928 930
923 930 931
931 930 932
931 932 933
934 933 932
934 932 935
936 934 935
935 937 936
938 936 937
935 939 937
932 939 935
932 940 939
930 940 932
930 941 940
928 941 930
928 942 941
929 942 928
929 943 942
929 944 943
945 946 947
946 945 948
946 948 949
950 946 949
949 948 951
949 951 952
952 951 953
952 953 954
954 953 955
954 955 956
956 955 957
956 957 958
958 957 959
958 959 960
960 959 961
960 961 962
961 963 962
964 958 960
965 956 958
965 958 964
966 954 956
966 956 965
967 952 954
967 954 966
968 965 964
966 965 968
968 964 969
966 968 970
969 964 971
972 966 970
972 967 966
969 971 973
973 971 974
973 974 975
974 976 975
977 967 972
978 952 967
977 978 967
978 949 952
979 978 977
979 980 978
981 949 978
982 981 979
982 983 981
981 984 949
984 981 985
984 985 986
987 985 981
983 987 988
989 990 991
989 991 992
993 989 992
993 992 994
992 991 995
994 992 996
992 995 997
992 997 996
996 998 999
996 1000 998
1000 995 1001
1000 1001 998
1002 1001 1003
1002 1003 1004
1005 1002 1004
1005 1004 1006
1004 1003 1007
1004 1007 1008
1009 1004 1008
1009 1008 1010
1008 1007 1011
1008 1011 1012
1013 1008 1012
1012 1011 1014
1013 1012 1015
1012 1014 1016
1015 1012 1016
1016 1014 1017
1015 1016 1018
1016 1017 1019
1018 1016 1019
1017 1020 1019
1018 1019 1021
1019 1020 1021
1022 1023 1024
1022 1024 1025
1022 1025 1026
1022 1026 1027
1024 1028 1025
1028 1026 1025
1024 1029 1028
1028 1030 1026
1026 1030 1031
1027 1026 1032
1026 1031 1032
1027 1032 1033
1032 1031 1034
1033 1032 1035
1032 1034 1035
1033 1035 1036
1035 1034 1037
1036 1035 1038
1035 1037 1038
1036 1038 1039
1038 1037 1040
1039 1038 1041
1038 1040 1041
1039 1041 1042
1040 1043 1041
1041 1043 1042
1044 1045 1046
1044 1046 1047
1047 1046 1048
1046 1049 1048
1046 1050 1049
1050 1046 1051
1050 1051 1052
1053 1050 1052
1053 1052 1054
1050 1053 1055
1050 1055 1049
1049 1055 1056
1057 1053 1054
1057 1054 1058
1059 1053 1057
1059 1057 1060
1049 1056 1061
1049 1061 1048
1056 1062 1061
1063 1048 1061
1062 1063 1061
1063 150 1048
1047 1048 150
150 146 1047
1047 146 1064
1047 1064 1065
150 1063 143
1063 1066 143
1062 1066 1063
1066 1067 143
1062 1067 1066
1062 1068 1067
1062 1069 1070
1071 1062 1070
1071 1072 1062
1073 1072 1071
1071 1070 1074
1075 1073 1071
1071 1074 1075
1075 1076 1073
1077 1075 1074
1077 1076 1075
1077 1078 1076
1077 1074 1079
1077 1079 1080
1077 1080 1081
1081 1082 1077
1081 1083 1082
1081 1080 1084
1085 1083 1081
1081 1084 1085
1085 1086 1083
1084 1087 1085
1084 1088 1087
1089 1085 1087
1089 1090 1085
1088 1091 1087
1091 1089 1087
1088 1092 1091
1091 1093 1089
1091 1092 1094
1094 1093 1091
1094 1095 1093
1096 1095 1094
1096 1097 1098
1096 1098 1099
1100 1098 1097
1101 1099 1098
1100 1101 1098
1101 1102 1099
1103 1102 1101
1104 1101 1100
1103 1101 1104
1104 1100 1105
1106 1104 1105
1107 1103 1104
1106 1107 1104
1107 1108 1103
1109 1107 1106
1110 1108 1107
1109 1111 1107
1111 1110 1107
1112 1110 1111
1109 1113 1111
1109 1114 1113
1114 1115 1113
1114 1116 1115
1115 1116 1117
1115 1117 1069
1057 1110 1118
1110 1057 1119
1120 1121 1122
1120 1123 1121
1121 1123 1124
1121 1124 1125
1125 1124 1126
1127 1120 1128
1127 1129 1120
1130 1131 1126
1132 1131 1130
1132 1133 1131
1134 1133 1132
1134 1132 1135
1136 1134 1135
1136 1137 1134
1138 1139 1127
1140 1139 1138
1141 1140 1138
1141 1142 1140
1141 1143 1142
1144 1142 1143
1144 1145 1142
1146 1145 1144
1146 1147 1145
1148 1147 1146
1148 1149 1147
1150 1149 1148
1150 1151 1149
1152 1151 1150
1152 1153 1151
1154 1153 1152
1154 1155 1153
1156 1155 1154
1156 1157 1155
1157 1158 1155
1157 1159 1158
1155 1160 1153
1155 1158 1160
1161 1160 1158
1159 1162 1158
1161 1158 1162
1159 1163 1162
1153 1164 1151
1153 1165 1164
1151 1164 1166
1151 1166 1149
1149 1166 1167
1149 1167 1147
1147 1167 1168
1147 1168 1145
1145 1168 1169
1145 1169 1142
1142 1169 1170
1142 1170 1140
1140 1170 1171
1140 1171 1172
1172 1171 1129
1172 1129 1173
1174 1168 1167
1175 1168 1174
1175 1176 1168
1177 1176 1175
1177 1178 1169
1174 1167 1179
1180 1178 1177
1181 1180 1177
1180 1181 1182
1180 1182 1136
1179 1167 1166
1179 1166 1183
1183 1166 1184
1166 1164 1184
1184 1164 1185
1164 1186 1185
1186 1161 1185
1187 1188 1189
1187 1189 1190
1190 1189 1191
1190 1191 1192
1191 1193 1192
1191 1194 1193
1193 1194 1195
1193 1195 1196
1193 1196 1197
1196 1198 1197
1198 1199 1197
1199 1198 1200
1199 1201 1197
1199 1200 1202
1203 1199 1202
1203 1202 1204
1205 1197 1203
1205 1206 1197
1207 1206 1205
1208 1207 1205
1208 1209 1207
1208 1205 1210
1205 1211 1210
1210 1211 1212
1208 1210 1213
1211 1214 1212
1215 1208 1213
1211 1216 1214
1217 1209 1208
1215 1217 1208
1217 1218 1209
1219 1217 1215
1220 1218 1217
1219 1220 1217
1220 1221 1218
1222 1220 1219
1221 1220 1223
1222 1223 1220
1221 1223 1224
1214 1216 1225
1214 1225 1226
1227 1225 1216
1227 1216 1228
1226 1225 1229
1226 1229 1230
1231 1227 1228
1231 1228 1232
1233 1227 1231
1234 1225 1227
1233 1234 1227
1234 1229 1225
1235 1234 1233
1235 1236 1234
1236 1229 1234
1237 1236 1235
1230 1229 1238
1236 1238 1229
1230 1238 1239
1237 1240 1236
1240 1238 1236
1241 1240 1237
1239 1238 1242
1240 1242 1238
1239 1242 1243
1241 1244 1240
1244 1242 1240
1245 1244 1241
1243 1242 1246
1244 1246 1242
1243 1246 1247
1248 1246 1244
1247 1246 1248
1200 1232 1249
1250 1251 1252
1253 1251 1250
1254 1253 1250
1254 1250 1255
1256 1254 1255
1256 1255 1257
1257 1258 1256
1254 1256 1259
1254 1259 1260
1260 1259 1261
1260 1261 1262
1262 1261 1263
1262 1263 1264
1263 1265 1264
1263 1266 1265
1264 1265 1267
1260 1262 1268
1268 1262 1264
1264 1267 1269
1269 1267 1270
1271 1268 1264
1271 1264 1269
1269 1270 1272
1272 1270 1273
1271 1269 1274
1274 1269 1272
1274 1272 1275
1272 1273 1276
1275 1272 1276
1276 1273 1277
1276 1277 1278
1275 1276 1278
1279 1278 1277
1280 1278 1279
1280 1281 1278
1281 1275 1278
1282 1281 1280
1281 1224 1275
1224 1283 1275
1282 1284 1281
1224 1281 1284
1285 1284 1282
1224 1223 1283
1271 1283 1223
1224 1284 1221
1271 1223 1222
1285 1286 1284
1286 1221 1284
1287 1286 1285
1288 1271 1222
1288 1289 1271
1287 1290 1286
1291 1290 1287
1292 1288 1222
1292 1222 1293
1294 1292 1293
1288 1295 1289
1295 1288 1292
1295 1292 1296
1294 1297 1292
1296 1292 1297
1298 1297 1294
1296 1297 1299
1298 1300 1297
1299 1297 1300
1301 1300 1298
1299 1300 1302
1301 1303 1300
1302 1300 1303
1304 1303 1301
1302 1303 1305
1304 1306 1303
1305 1303 1306
1305 1306 1307
1308 1306 1304
1307 1306 1309
1308 1309 1306
1307 1309 1310
1311 1309 1308
1310 1309 1311
1311 1308 1312
1310 1311 1313
1314 1311 1312
1311 1314 1313
1315 1316 1317
1317 1316 1318
1317 1318 1319
1319 1318 1320
1319 1320 1321
1321 1320 1322
1321 1322 1323
1323 1322 1324
1323 1324 1325
1325 1324 1326
1325 1326 1327
1327 1326 1328
1327 1328 1329
1329 1328 1330
1329 1330 1331
1332 1331 1330
1332 1333 1331
1332 1334 1333
1334 1332 1268
1334 1268 1289
1268 1335 1289
1260 1268 1332
1330 1260 1332
1330 1253 1260
1328 1253 1330
1328 1336 1253
1251 1328 1326
1251 1326 1337
1251 1337 1338
1339 1326 1324
1339 1324 1340
1341 1339 1340
1341 1340 1342
1343 1324 1322
1343 1322 1344
1345 1343 1344
1344 1322 1346
1345 1344 1347
1344 1346 1348
1347 1344 1348
1348 1346 1349
1347 1348 1350
1348 1349 1351
1351 1349 1352
1351 1352 1353
1353 1352 1354
1350 1355 1356
1350 1356 1357
1357 1356 1358
1359 1358 1354
1357 1358 1359
1360 1361 1362
1360 1362 1363
1364 1365 1363
1366 1365 1364
1366 1364 1367
1364 1368 1367
1368 1369 1367
1364 1370 1368
1371 1368 1370
1371 1372 1368
1373 1374 1372
1373 1372 1375
1376 1373 1375
1376 1375 1377
1377 1375 1378
1377 1378 1379
1379 1378 1380
1379 1380 1381
1381 1380 1382
1381 1382 1383
1383 1382 1384
1383 1384 1385
1385 1384 1386
1385 1386 1387
1386 1388 1387
1386 1389 1388
1388 1389 1390
1388 1390 1391
1390 1392 1391
1393 1394 1395
1393 1395 1396
1396 1395 1397
1393 1396 1398
1393 1398 1399
1398 1400 1399
1401 1399 1400
1396 1402 1398
1396 1397 1403
1396 1403 1402
1398 1404 1400
1402 1404 1398
1401 1400 1405
1401 1405 1406
1401 1406 1407
1408 1405 1400
1408 1406 1405
1407 1406 1409
1407 1409 1410
1411 1400 1404
1408 1400 1411
1412 1406 1408
1406 1412 1409
1410 1409 1413
1410 1413 1414
1411 1415 1408
1415 1412 1408
1415 1416 1412
1411 1417 1415
1412 1416 1418
1412 1419 1409
1412 1418 1419
1413 1409 1419
1419 1418 1420
1421 1417 1411
1421 1422 1417
1411 1404 1421
1423 1422 1421
1419 1420 1424
1413 1419 1424
1424 1420 1425
1413 1424 1426
1424 1425 1426
1414 1413 1426
1426 1425 1427
1414 1426 1428
1426 1427 1429
1428 1426 1429
1427 1430 1429
1428 1429 1431
1429 1430 1431
1421 1404 1432
1402 1432 1404
1421 1432 1433
1423 1421 1433
1433 1434 1423
1432 1435 1433
1433 1435 1434
1436 1423 1434
1423 1436 1437
1432 1402 1438
1439 1435 1432
1432 1438 1439
1439 1440 1435
1434 1435 1440
1441 1439 1438
1402 1442 1438
1402 1403 1442
1434 1440 1443
1443 1440 1444
57 1441 1438
57 1438 1442
1403 59 1442
1442 59 57
1403 1397 59
1397 1445 59
57 1446 1441
57 56 1446
1447 1441 1446
46 1446 56
1447 1446 1448
46 1448 1446
1449 1447 1448
1449 1448 1450
46 1450 1448
46 1451 1450
1452 1449 1450
1452 1450 1451
1452 1444 1449
1453 1444 1452
1443 1444 1453
1451 46 1454
46 1455 1454
1454 1455 41
1456 1452 1451
1453 1452 1456
1457 1451 1454
1457 1454 52
51 1457 52
1451 1457 51
1451 51 1458
1456 1451 1458
72 1458 51
1459 1458 72
1459 1456 1458
871 1459 72
1456 1459 1460
1460 1459 871
1456 1460 1453
1461 1460 871
1462 1460 1461
1453 1460 1462
1462 1461 1463
1453 1462 1464
1464 1462 1463
1465 1464 1463
1453 1464 1443
1466 1464 1465
1443 1464 1466
1467 1466 1465
1443 1466 1468
1443 1468 1434
1436 1434 1468
1469 1466 1467
1468 1466 1469
1468 1469 1436
1469 1467 1470
1436 1469 1471
1436 1471 1437
1437 1471 1472
1437 1472 1473
1473 1472 1474
1475 1437 1473
1476 1437 1475
1476 1475 1477
1475 1473 1478
1473 1474 1479
1478 1473 1479
1478 1479 1480
1479 1474 1481
1480 1479 1482
1479 1481 1482
1481 1483 1482
1480 1482 1484
1484 1482 1483
1484 1483 1485
1483 1486 1485
1483 1487 1486
1487 1488 1486
1489 1488 1487
1483 1489 1487
1481 1490 1483
1483 1490 1489
1491 1490 1481
1492 1491 1481
1491 1493 1490
1489 1490 1493
1489 1493 1494
1495 1489 1494
1492 1496 1491
1496 1492 1497
1496 1497 1498
1498 1497 1499
1498 1499 1500
1500 1499 1469
1500 1469 1501
1502 1503 1504
1502 1504 1505
1506 1374 1507
1506 1508 1374
1508 1506 1509
1508 1509 1510
1509 1511 1510
1509 1512 1511
1513 1512 1509
1513 1509 1506
1513 1506 1514
1514 1506 1515
1506 1516 1515
1516 1376 1515
1517 1518 1519
1518 1520 1519
1518 1521 1520
1519 1520 1397
1520 1522 1397
1523 1524 1525
1523 1526 1524
1527 1526 1523
1528 1524 1526
1527 1529 1526
1529 1528 1526
1530 1529 1527
1528 1529 1531
1530 1531 1529
1528 1531 1532
1533 1531 1530
1532 1531 1534
1533 1534 1531
1532 1534 1535
1536 1534 1533
1535 1534 1537
1536 1537 1534
1535 1537 1538
1539 1537 1536
1538 1537 1540
1539 1541 1537
1538 1540 1542
1543 1541 1539
1543 1544 1541
1545 1544 1543
1542 1540 1546
1547 1546 1545
1542 1546 1547
1548 1549 1550
1548 1550 1551
1552 1553 1550
1552 1554 1553
1555 1554 1552
1555 1556 1554
1557 1556 1555
1557 1558 1556
1559 1558 1557
1559 1560 1558
1561 1560 1559
1561 1562 1560
1563 1562 1561
1563 1564 1562
1565 1564 1563
1565 1563 1566
976 1565 1566
1567 1568 1569
1570 1569 1568
1570 1571 1569
1571 1570 1572
1571 1572 1573
1574 1573 1572
1575 1572 1570
1575 1570 1576
1574 1572 1577
1577 1572 1575
1578 1574 1577
1578 1577 1579
1580 1578 1579
1577 1575 1581
1579 1577 1581
1580 1579 1582
1583 1580 1582
1579 1581 1584
1582 1579 1584
1583 1582 1585
1586 1583 1585
1582 1584 1587
1585 1582 1587
1586 1585 1588
1589 1586 1588
1585 1587 1590
1588 1585 1590
1589 1588 1591
1592 1589 1591
1592 1591 1593
1594 1592 1593
1594 1593 1595
1594 1595 1596
1596 1595 1597
1597 1595 1593
1596 1597 1598
1597 1593 1599
1598 1597 1599
1599 1593 1591
1598 1599 1600
1599 1591 1601
1600 1599 1601
1601 1591 1588
1600 1601 1602
1601 1588 1603
1602 1601 1603
1588 1590 1603
1602 1603 1604
1604 1603 1590
1604 1590 1605
1605 1590 1587
1605 1587 1606
1606 1587 1584
1606 1584 1607
1607 1584 1581
1607 1581 1608
1608 1581 1575
1608 1575 1609
1609 1575 1576
1609 1576 1610
1576 1611 1610
1576 1612 1611
1611 1612 1613
1614 1615 1616
1614 1617 1615
1617 1618 1615
1619 1617 1614
1619 1614 1620
1621 1617 1619
1617 1622 1618
1621 1622 1617
1622 1623 1618
1624 1622 1621
1622 1625 1623
1624 1625 1622
1626 1625 1624
1625 1627 1623
1626 1628 1625
1625 1628 1627
1629 1628 1626
1630 1627 1628
1629 1630 1628
1630 1631 1627
1630 1632 1631
1629 1633 1630
1630 1633 1632
1629 1634 1633
1633 1635 1632
1634 1636 1633
1633 1636 1635
1634 1637 1636
1636 1637 1638
1635 1636 1639
1636 1638 1639
1635 1639 1640
1639 1638 1641
1640 1639 1642
1639 1641 1642
1640 1642 1643
1642 1641 1644
1643 1642 1645
1642 1644 1645
1643 1645 1646
1645 1644 1647
1646 1645 1648
1645 1647 1648
1646 1648 1649
1648 1647 1650
1649 1648 1650
1651 1652 1653
1651 1654 1652
1655 1654 1651
1655 1651 1656
1657 1654 1655
1658 1652 1654
1657 1658 1654
1658 1659 1652
1658 1660 1659
1657 1661 1658
1658 1661 1660
1657 1662 1661
1663 1661 1662
1664 1660 1661
1663 1664 1661
1664 1665 1660
1664 1666 1665
1663 1667 1664
1664 1667 1666
1663 1668 1667
1667 1668 1669
1666 1667 1670
1667 1669 1670
1666 1670 1671
1670 1669 1672
1671 1670 1673
1670 1672 1673
1671 1673 1674
1672 1675 1673
1673 1675 1674
1676 1677 1678
1679 1677 1676
1679 1680 1677
1681 1680 1679
1682 1677 1680
1683 1677 1682
1682 1680 1684
1681 1685 1680
1684 1680 1685
1686 1685 1681
1684 1685 1687
1686 1688 1685
1687 1685 1688
1689 1688 1686
1687 1688 1690
1689 1691 1688
1690 1688 1691
1690 1691 1692
1693 1691 1689
1692 1691 1694
1693 1694 1691
1692 1694 1695
1696 1694 1693
1695 1694 1696
1696 1693 1697
1695 1696 1698
1699 1696 1697
1696 1699 1698
1700 1701 1702
1700 1703 1701
1704 1703 1700
1704 1700 1705
1706 1701 1703
1706 1707 1701
1706 1708 1707
1709 1706 1703
1706 1710 1708
1709 1710 1706
1704 1711 1703
1709 1703 1711
1708 1710 1712
1708 1712 1713
1713 1712 1714
1713 1714 1715
1715 1714 1716
1715 1716 1717
1717 1716 1718
1717 1718 1719
1719 1718 1720
1719 1720 1721
1721 1720 1722
1721 1722 1723
1723 1722 1724
1723 1724 1725
1725 1724 1726
1725 1726 1727
1727 1726 1728
1724 1729 1726
1726 1729 1728
1722 1730 1724
1724 1730 1729
1720 1731 1722
1722 1731 1730
1718 1732 1720
1720 1732 1731
1730 1733 1729
1729 1733 1728
1731 1734 1730
1730 1734 1733
1718 1735 1732
1716 1735 1718
1732 1736 1731
1731 1736 1734
1732 1737 1736
1735 1737 1732
1734 1736 1738
1737 1738 1736
1733 1734 1739
1734 1738 1739
1733 1740 1728
1733 1739 1740
1716 1741 1735
1714 1741 1716
1714 1742 1741
1712 1742 1714
1743 1735 1741
1742 1743 1741
1735 1744 1737
1743 1744 1735
1737 1745 1738
1744 1745 1737
1739 1738 1746
1738 1745 1746
1740 1739 1747
1739 1746 1747
1712 1748 1742
1710 1748 1712
1710 1749 1748
1709 1749 1710
1750 1742 1748
1749 1750 1748
1751 1749 1709
1751 1709 1711
1740 1747 1752
1740 1752 1728
1750 1753 1742
1742 1753 1743
1749 1754 1750
1751 1754 1749
1755 1753 1750
1754 1755 1750
1753 1756 1743
1756 1744 1743
1755 1757 1753
1753 1757 1756
1756 1758 1744
1744 1758 1745
1757 1759 1756
1759 1758 1756
1758 1760 1745
1745 1760 1746
1758 1761 1760
1759 1761 1758
1746 1760 1762
1761 1762 1760
1746 1762 1763
1747 1746 1763
1747 1763 1764
1752 1747 1764
1752 1764 1765
1752 1765 1728
1765 1766 1728
1766 1767 1728
1766 1768 1767
1765 1769 1766
1766 1769 1768
1764 1769 1765
1769 1770 1768
1764 1771 1769
1769 1771 1770
1764 1763 1771
1771 1772 1770
1763 1773 1771
1763 1762 1773
1771 1773 1772
1774 1773 1762
1761 1774 1762
1775 1772 1773
1774 1775 1773
1775 1776 1772
1777 1776 1775
1778 1774 1761
1778 1761 1759
1779 1775 1774
1777 1775 1779
1779 1774 1778
1780 1778 1759
1757 1780 1759
1781 1777 1779
1781 1782 1777
1783 1782 1781
1784 1779 1778
1784 1781 1779
1780 1784 1778
1785 1780 1757
1785 1757 1755
1783 1781 1786
1786 1781 1784
1787 1784 1780
1787 1780 1785
1786 1784 1787
1788 1783 1786
1788 1789 1783
1790 1789 1788
1791 1786 1787
1791 1788 1786
1792 1787 1785
1792 1791 1787
1785 1755 1793
1785 1793 1792
1790 1788 1794
1794 1788 1791
1755 1795 1793
1754 1795 1755
1796 1793 1795
1796 1795 1754
1792 1793 1797
1796 1754 1751
1798 1791 1792
1794 1791 1798
1798 1792 1797
1790 1794 1799
1790 1799 1800
1801 1800 1799
1794 1798 1802
1794 1802 1799
1798 1797 1803
1798 1803 1802
1801 1799 1804
1804 1799 1802
1796 1751 1805
1751 1711 1805
1803 1797 1806
1797 1807 1806
1806 1807 1796
1808 1802 1803
1804 1802 1808
1801 1804 1809
1801 1809 1810
1811 1810 1809
1804 1812 1809
1804 1808 1812
1811 1809 1813
1813 1809 1812
1814 1811 1813
1808 1803 1815
1815 1803 1806
1806 1796 1816
1796 1805 1816
1817 1806 1816
1815 1806 1817
1808 1815 1818
1808 1818 1812
1819 1816 1805
1817 1816 1819
1815 1817 1820
1815 1820 1818
1819 1805 1821
1821 1805 1711
1821 1711 1704
1822 1817 1819
1822 1820 1817
1821 1704 1823
1704 1705 1823
1819 1821 1824
1819 1824 1822
1821 1823 1824
1825 1823 1705
1824 1823 1825
1825 1705 1826
1827 1820 1822
1827 1822 1824
1818 1820 1828
1827 1828 1820
1829 1828 1827
1818 1828 1830
1830 1828 1829
1812 1818 1830
1827 1824 1831
1824 1825 1831
1832 1825 1826
1832 1826 1833
1812 1830 1834
1835 1827 1831
1829 1827 1835
1831 1825 1836
1835 1831 1836
1836 1825 1832
1837 1832 1833
1837 1833 1838
1834 1830 1839
1830 1829 1839
1840 1835 1836
1829 1835 1840
1841 1836 1832
1841 1832 1837
1840 1836 1841
1842 1837 1838
1842 1838 1843
1844 1837 1842
1844 1841 1837
1845 1841 1844
1845 1840 1841
1845 1846 1840
1829 1840 1846
1847 1846 1845
1829 1846 1848
1829 1848 1839
1848 1846 1847
1849 1839 1848
1834 1839 1849
1850 1834 1849
1851 1850 1849
1852 1848 1847
1849 1848 1852
1852 1847 1853
1851 1849 1854
1854 1849 1852
1855 1852 1853
1854 1852 1855
1855 1853 1856
1856 1857 1855
1814 1855 1857
1814 1854 1855
1814 1813 1854
1813 1851 1854
1813 1812 1851
1858 1859 1860
1861 1860 1859
1861 1859 1862
1863 1861 1862
1863 1862 1864
1864 1862 1865
1866 1863 1864
1864 1865 1867
1866 1864 1868
1868 1864 1867
1868 1867 1869
1870 1868 1869
1871 1866 1868
1870 1872 1868
1871 1868 1872
1873 1872 1870
1871 1872 1874
1873 1874 1872
1871 1874 1875
1876 1874 1873
1875 1874 1877
1876 1877 1874
1875 1877 1878
1879 1877 1876
1878 1877 1880
1879 1880 1877
1878 1880 1881
1882 1880 1879
1881 1880 1882
1883 1884 1885
1883 1886 1884
1887 1886 1883
1886 1888 1884
1887 1889 1886
1890 1889 1887
1886 1891 1888
1891 1886 1889
1890 1892 1889
1893 1892 1890
1889 1892 1894
1894 1892 1893
1891 1889 1894
1894 1893 1895
1895 1896 1894
1891 1894 1896
1895 1897 1896
1898 1896 1897
1891 1899 1888
1899 1900 1888
1899 1901 1900
1898 1902 1896
1903 1902 1898
1891 1896 1904
1891 1904 1899
1902 1904 1896
1899 1905 1901
1904 1905 1899
1905 1906 1901
1903 1907 1902
1908 1907 1903
1902 1909 1904
1904 1909 1905
1909 1902 1907
1908 1910 1907
1911 1910 1908
1909 1907 1912
1912 1905 1909
1912 1907 1910
1905 1913 1906
1912 1913 1905
1911 1914 1910
1915 1914 1911
1912 1910 1916
1916 1913 1912
1916 1910 1914
1917 1906 1913
1916 1917 1913
1917 1918 1906
1919 1917 1916
1916 1914 1919
1920 1918 1917
1919 1920 1917
1920 1921 1918
1915 1922 1914
1923 1922 1915
1914 1924 1919
1924 1920 1919
1914 1922 1924
1925 1921 1920
1924 1925 1920
1925 1926 1921
1923 1927 1922
1928 1927 1923
1922 1929 1924
1929 1925 1924
1922 1927 1929
1930 1926 1925
1929 1930 1925
1930 1931 1926
1928 1932 1927
1932 1929 1927
1932 1928 1933
1934 1930 1929
1932 1934 1929
1935 1931 1930
1934 1935 1930
1935 1936 1931
1932 1933 1937
1934 1932 1937
1938 1937 1933
1934 1937 1939
1935 1934 1939
1939 1937 1938
1940 1936 1935
1935 1939 1940
1940 1939 1938
1940 1941 1936
1938 1941 1940
1942 1943 1944
1945 1943 1942
1945 1946 1943
1947 1946 1945
1948 1943 1946
1949 1943 1948
1948 1946 1950
1947 1951 1946
1950 1946 1951
1952 1951 1947
1950 1951 1953
1952 1954 1951
1953 1951 1954
1955 1954 1952
1953 1954 1956
1955 1957 1954
1956 1954 1957
1956 1957 1958
1958 1959 1960
1960 1959 1961
1958 1962 1959
1961 1959 1963
1963 1959 1962
1963 1962 1964
1965 1966 1967
1968 1966 1965
1969 1968 1965
1970 1968 1969
1971 1966 1968
1972 1966 1971
1971 1968 1973
1970 1974 1968
1973 1968 1974
1975 1974 1970
1973 1974 1976
1975 1977 1974
1976 1974 1977
1976 1977 1978
1979 1977 1975
1978 1977 1980
1979 1980 1977
1978 1980 1981
1982 1980 1979
1981 1980 1982
1982 1979 1983
1981 1982 1984
1985 1982 1983
1982 1985 1984
201 1986 1987
201 1988 1986
1988 1989 1986
1990 1989 1988
1990 1988 1991
1988 203 1991
1992 1990 1991
1991 203 1993
1992 1991 1994
1991 1993 1994
292 1992 1994
292 1994 291
1994 1993 1995
291 1994 1995
291 1995 282
282 1995 207
282 207 1996
1995 1997 207
1995 196 1997
1998 1999 2000
2000 2001 1998
2000 2002 2001
2003 2002 2000
2004 2003 2000
2005 2003 2004
2004 2000 2006
2006 2007 2004
2008 2005 2004
2008 2009 2005
2009 2010 2005
2005 2010 2011
2005 2012 2003
2003 2012 2002
2005 2011 2013
2005 2013 2012
2012 2014 2002
2013 2014 2012
2013 2011 2015
2013 2015 2014
2011 2016 2015
2002 2014 2017
2017 2001 2002
2018 2015 2016
2018 2016 2019
2015 2020 2014
2017 2014 2020
2015 2018 2020
2001 2017 2021
2021 2017 2020
2001 2021 2022
2023 2018 2019
2023 2019 2024
2018 2025 2020
2025 2021 2020
2018 2023 2025
2023 2024 2026
2026 2025 2023
2026 2024 218
2026 218 217
2021 2027 2022
2025 2027 2021
2026 2028 2025
2028 2026 217
2028 2027 2025
2029 2022 2027
2029 2027 2028
2029 2030 2022
2028 217 2031
2029 2028 2031
205 2031 217
2029 2031 208
205 208 2031
208 1986 2030
208 2030 2032
2033 2034 2035
2033 2035 2036
2037 2033 2036
2037 2036 2038
2036 2035 2039
2036 2040 2038
2036 2039 2041
2036 2041 2040
2041 2039 2042
2040 2041 2043
2041 2042 2043
2040 2043 2044
2045 2043 2042
2046 2044 2043
2045 2046 2043
2046 2047 2044
2048 2046 2045
2047 2046 2049
2048 2049 2046
2047 2049 2050
2049 2048 2051
2050 2049 2052
2049 2051 2052
2050 2052 2053
2052 2051 2054
2052 2055 2053
2052 2054 2056
2052 2056 2055
2056 2054 2057
2055 2056 2058
2056 2057 2058
2055 2058 2059
2058 2057 2060
2061 2059 2058
2058 2060 2061
2061 2062 2059
2061 2060 2063
2062 2061 2063
2064 2065 2066
2064 2067 2065
2068 2067 2064
2068 2069 2067
2070 2071 2072
2070 2073 2074
2074 2073 2075
2070 2074 2076
2074 2075 2077
2078 2077 2075
2078 2079 2077
2080 2079 2078
2080 2081 2079
2082 2081 2080
2082 2083 2081
2084 2083 2082
2084 2085 2083
2086 2085 2084
2081 2083 2087
2087 2083 2085
2088 2079 2081
2081 2087 2088
2079 2089 2077
2088 2089 2079
2090 2074 2077
2089 2090 2077
2087 2085 2091
2091 2085 2086
2088 2087 2092
2091 2092 2087
2090 2093 2074
2076 2074 2093
2089 2094 2090
2094 2093 2090
2095 2089 2088
2088 2092 2095
2076 2093 2096
2096 2072 2076
2094 2097 2093
2093 2097 2096
2089 2098 2094
2095 2098 2089
2096 2099 2072
2099 2100 2072
2099 2101 2100
2096 2102 2099
2102 2101 2099
2096 2097 2102
2102 2103 2101
2104 2103 2102
2105 2104 2102
2105 2102 2097
2105 2097 2106
2097 2107 2106
2097 2094 2107
2107 2094 2098
2107 2098 2108
2108 2098 2095
2108 2095 2109
2109 2095 2092
2109 2092 2110
2110 2092 2111
2110 2111 2112
2091 2111 2092
2112 2111 2113
2113 2111 2091
2112 2113 2114
2115 2114 2113
2113 2091 2116
2091 2086 2116
2115 2113 2117
2116 2117 2113
2086 2118 2116
2116 2118 2117
2086 2119 2118
2120 2115 2117
2118 2120 2117
2120 2121 2115
2119 2122 2118
2118 2122 2120
2119 2123 2122
2122 2123 2124
2125 2121 2120
2122 2125 2120
2125 2126 2121
2122 2124 2127
2122 2127 2125
2128 2126 2125
2128 2125 2127
2128 2129 2126
2130 2129 2128
2131 2127 2124
2128 2127 2131
2131 2130 2128
2131 2124 2132
2131 2133 2130
2132 2133 2131
2132 2134 2133
2133 2134 2135
2133 2136 2130
2135 2137 2133
2133 2137 2136
2135 2138 2137
2139 2137 2138
2140 2136 2137
2139 2140 2137
2140 2141 2136
2140 2139 2142
2140 2143 2141
2140 2142 2144
2140 2144 2143
2144 2142 2145
2146 2143 2144
2144 2145 2146
2146 2147 2143
2146 2145 2148
2147 2146 2149
2146 2148 2149
2147 2149 2150
2149 2148 2151
2150 2149 2152
2149 2151 2152
2150 2152 2153
2152 2154 2153
2151 2155 2152
2152 2155 2154
2151 2156 2155
2154 2155 2157
2156 2157 2155
2154 2157 2158
2156 2159 2157
2157 2160 2158
2159 2160 2157
2159 2161 2160
2160 2161 2162
2163 2164 2165
2163 2166 2164
2167 2164 2166
2168 2166 2163
2167 2166 2169
2168 2170 2166
2170 2169 2166
2171 2170 2168
2170 2172 2169
2173 2172 2170
2174 2173 2171
2171 2175 2170
2174 2171 2176
2177 2174 2176
2175 2178 2172
2179 2178 2175
2179 2175 2180
2181 2178 2179
2182 2179 2180
2182 2181 2179
2182 2183 2181
2184 2183 2182
2184 2185 2183
2186 2185 2184
2186 2187 2185
2186 2188 2187
2186 2189 2188
2190 2188 2189
2190 2191 2188
2192 2193 2191
2192 2194 2193
2195 2196 2197
2195 2198 2196
2199 2198 2195
2199 2200 2198
2201 2200 2199
2201 2202 2200
2203 2200 2202
2203 2202 2204
2205 2198 2200
2205 2200 2203
2206 2198 2205
2206 2196 2198
2207 2203 2204
2207 2204 2208
2209 2203 2207
2209 2210 2203
2206 2210 2209
2196 2206 2211
2211 2212 2196
2211 2213 2212
2212 2214 2196
2212 2215 2214
2212 2213 2216
2215 2212 2217
2212 2216 2217
2217 2216 2218
2217 2218 2219
2219 2218 2220
2216 2221 2218
2218 2221 2222
2223 2224 2225
2225 2226 2227
2225 2228 2226
2229 2228 2223
2230 2227 2226
2229 2231 2228
2232 2231 2229
2232 2233 2231
2234 2233 2232
2234 2235 2233
2236 2235 2234
2236 2237 2235
2238 2237 2236
2238 2239 2237
2240 2239 2238
2240 2241 2239
2242 2241 2240
2243 2226 2228
2243 2228 2244
2243 2244 2245
2245 2244 2246
2245 2246 2247
2247 2246 2248
2247 2248 2249
2249 2248 2250
2249 2250 2251
2251 2250 2252
2251 2252 2253
2253 2252 2254
2253 2254 2255
2255 2254 2242
2243 2256 2226
2257 2226 2256
2257 2258 2226
2230 2226 2258
2259 2230 2258
2257 2259 2258
2259 2260 2230
2261 2260 2259
2261 2262 2260
2263 2262 2261
2264 2263 2261
2264 2265 2263
2266 2264 2261
2267 2261 2259
2266 2261 2267
2267 2259 2257
2268 2266 2267
2268 2267 2269
2270 2268 2269
2270 2269 2271
2269 2267 2272
2271 2269 2272
2272 2267 2257
2271 2272 2273
2272 2257 2274
2273 2272 2274
2273 2274 2275
2274 2257 2256
2275 2274 2276
2274 2256 2276
2275 2276 2277
2278 2276 2256
2277 2276 2278
2279 2278 2256
2277 2278 2280
2281 2278 2279
2280 2278 2282
2281 2282 2278
2280 2282 2283
2284 2282 2281
2283 2282 2285
2284 2285 2282
2283 2285 2286
2287 2285 2284
2287 2288 2285
2289 2288 2287
2289 2290 2288
2291 2290 2289
2291 2292 2290
2293 2292 2291
2286 2294 2295
2286 2295 2296
2296 2295 2297
2296 2297 2298
2298 2297 2299
2298 2299 2300
2300 2299 2301
2302 2303 2304
2302 2304 2305
2306 2302 2305
2306 2305 2307
2308 2306 2307
2309 2310 2306
2310 2309 2311
2310 2311 2312
2312 2311 2313
2312 2313 2314
2313 2315 2314
2313 2316 2315
2315 2316 2317
2315 2317 2318
2319 2318 2317
2319 2317 2320
2321 2322 2323
2321 2324 2322
2325 2324 2321
2325 2326 2324
2327 2326 2325
2327 2325 2328
2329 2327 2328
2329 2328 2330
2172 2329 2330
2331 2322 2332
2331 2332 2333
2334 2333 2332
2334 2335 2333
2335 2334 2336
2335 2336 2337
2338 2339 2340
2341 2340 2339
2341 2339 2342
2343 2341 2342
2343 2344 2341
2344 2343 2345
2344 2345 2346
2346 2345 2347
2346 2347 2348
2348 2347 2349
2348 2349 2350
2350 2349 2351
2350 2351 2352
2353 2352 2351
2353 2351 2354
2355 2356 2357
2355 2357 2358
2358 2357 2359
2358 2359 2360
2361 2355 2358
2361 2358 2360
2361 2362 2355
2361 2360 2363
2364 2362 2361
2364 2361 2363
2364 2363 2365
2364 2366 2362
2366 2364 2367
2366 2367 2368
2369 2367 2364
2369 2364 2370
2371 2367 2369
2371 2372 2367
2373 2367 2372
2372 2371 2374
2373 2372 2375
2372 2374 2376
2375 2372 2376
2375 2376 2377
2378 2376 2374
2378 2379 2376
2380 2376 2379
2381 2379 2378
2380 2379 2382
2381 2383 2379
2382 2379 2383
2382 2383 2384
2385 2383 2381
2384 2383 2386
2385 2386 2383
2384 2386 2387
2386 2388 2387
2389 2386 2385
2386 2389 2388
2389 2385 2390
2389 2391 2388
2391 2389 2390
2392 2393 2394
2395 2393 2392
2395 2396 2393
2397 2396 2395
2398 2393 2396
2399 2393 2398
2398 2396 2400
2397 2401 2396
2400 2396 2401
2402 2401 2397
2400 2401 2403
2402 2404 2401
2403 2401 2404
2405 2404 2402
2403 2404 2406
2405 2407 2404
2406 2404 2407
2408 2407 2405
2406 2407 2409
2408 2410 2407
2409 2407 2410
2411 2410 2408
2409 2410 2412
2411 2413 2410
2412 2410 2413
2414 2413 2411
2412 2413 2415
2414 2416 2413
2415 2413 2416
2415 2416 2417
2418 2416 2414
2417 2416 2419
2418 2419 2416
2417 2419 2420
2420 2419 2421
2420 2421 2422
2421 2423 2422
2424 2425 2418
2424 2418 2426
2427 2424 2426
2428 2429 2430
2428 2430 2431
2432 2428 2431
2432 2431 2433
2434 2428 2432
2434 2435 2428
2435 2436 2428
2437 2435 2434
2435 2438 2436
2437 2439 2435
2439 2438 2435
2440 2439 2437
2439 2441 2438
2440 2442 2439
2442 2441 2439
2443 2442 2440
2442 2444 2441
2443 2445 2442
2445 2444 2442
2446 2445 2443
2445 2447 2444
2446 2448 2445
2448 2447 2445
2449 2448 2446
2448 2450 2447
2449 2451 2448
2451 2450 2448
2451 2452 2450
2453 2452 2451
2454 2453 2451
2453 2455 2452
2454 2456 2453
2457 2455 2453
2456 2457 2453
2456 2458 2457
2457 2459 2455
2460 2457 2458
2461 2459 2457
2460 2461 2457
2461 2462 2459
2463 2461 2460
2464 2462 2461
2463 2464 2461
2464 2465 2462
2466 2464 2463
2467 2465 2464
2466 2467 2464
2467 2468 2465
2469 2467 2466
2469 2468 2467
2470 2471 2472
2472 2471 2473
2472 2473 2474
2475 2474 2473
2475 2473 2476
2476 2477 2475
2476 2478 2477
2477 2478 2479
2477 2479 2480
2479 2481 2480
2482 2483 2478
2484 2483 2482
2482 2485 2484
2486 2484 2485
2486 2487 2484
2488 2487 2486
2488 2489 2487
2490 2489 2488
2490 2491 2489
2492 2491 2490
2492 2493 2491
2493 2492 2494
2493 2494 2495
2494 2496 2495
2497 2492 2490
2497 2494 2492
2497 2490 2498
2498 2490 2499
2498 2499 2500
2500 2499 2501
2500 2501 2502
2501 2503 2502
2501 2504 2503
2504 2505 2503
2504 2506 2505
2506 2507 2505
2506 2508 2507
2507 2508 2509
2507 2509 2510
2509 2481 2510
2497 2511 2494
2511 2512 2494
2511 2513 2512
2494 2512 2496
2514 2512 2513
2512 2515 2496
2514 2515 2512
2516 2517 2518
2516 2518 2519
2519 2520 2516
2521 2516 2520
2521 2522 2516
2522 2523 2516
2522 2524 2523
2524 2522 2525
2524 2525 2526
2525 2527 2526
2522 2528 2525
2522 2521 2528
2525 2529 2527
2528 2529 2525
2530 2527 2529
2530 2529 2531
2531 2529 2532
2528 2532 2529
2531 2532 2533
2534 2532 2528
2535 2532 2534
2534 2528 2536
2536 2528 2521
2536 2521 2537
2537 2521 2520
2537 2520 2538
2538 2520 2539
2538 2539 2540
2519 2539 2520
2540 2539 2541
2540 2541 2542
2539 2519 2543
2539 2543 2541
2519 2544 2543
2519 2545 2544
2541 2543 2546
2543 2547 2546
2543 2548 2547
2546 2547 2549
2541 2546 2550
2551 2541 2550
2551 2550 2552
2546 2549 2553
2550 2546 2553
2553 2549 2554
2550 2553 2555
2556 2550 2555
2556 2555 2557
2553 2554 2558
2558 2555 2553
2558 2554 2559
2558 2560 2555
2561 2555 2560
2561 2560 2562
2558 2559 2563
2560 2558 2563
2563 2559 2564
2562 2560 2565
2560 2563 2565
2562 2565 2566
2563 2564 2567
2565 2563 2567
2567 2564 2568
2566 2565 2569
2565 2567 2569
2567 2568 2569
2566 2569 2570
2570 2569 2568
2571 2572 2573
2571 2574 2572
2575 2572 2574
2576 2574 2571
2575 2574 2577
2576 2578 2574
2577 2574 2578
2579 2578 2576
2577 2578 2580
2579 2581 2578
2580 2578 2581
2582 2581 2579
2580 2581 2583
2582 2584 2581
2583 2581 2584
2585 2584 2582
2583 2584 2586
2585 2587 2584
2586 2584 2587
2588 2587 2585
2586 2587 2589
2588 2590 2587
2589 2587 2590
2591 2590 2588
2589 2590 2592
2591 2593 2590
2592 2590 2593
2594 2593 2591
2592 2593 2595
2594 2596 2593
2595 2593 2596
2597 2596 2594
2595 2596 2598
2597 2599 2596
2598 2596 2599
2600 2599 2597
2598 2599 2601
2600 2602 2599
2601 2599 2602
2603 2602 2600
2601 2602 2604
2603 2605 2602
2604 2602 2605
2606 2605 2603
2604 2605 2607
2607 2605 2606
2608 2609 2610
2608 2610 2611
2611 2610 2612
2611 2612 2613
2610 2614 2612
2615 2611 2613
2615 2613 2616
2615 2617 2611
2618 2615 2616
2615 2619 2617
2618 2620 2615
2619 2615 2620
2621 2620 2618
2619 2620 2622
2621 2623 2620
2622 2620 2623
2622 2623 2624
2625 2623 2621
2623 2626 2624
2625 2627 2623
2623 2627 2626
2628 2627 2625
2626 2627 2628
2628 2625 2629
2626 2628 2630
2628 2631 2630
2632 2628 2629
2628 2633 2631
2632 2633 2628
2633 2634 2631
2633 2635 2634
2632 2635 2633
2632 2636 2635
2637 2638 2639
2637 2639 2640
2640 2639 2641
2640 2641 2642
2641 2643 2642
2641 2644 2643
2644 2645 2643
2644 2646 2645
2645 2646 2647
2645 2647 2648
2648 2647 2649
2650 2644 2651
2650 2651 2652
2653 2652 2651
2654 2650 2652
2654 2652 2655
2655 2652 2656
2653 2656 2652
2655 2656 2657
2653 2658 2656
2657 2656 2658
2657 2658 2659
2659 2658 2660
2653 2661 2658
2660 2658 2661
2659 2660 2662
2660 2663 2662
2660 2661 2664
2664 2661 2665
2664 2665 2666
2667 2664 2666
2667 2668 2664
2668 2660 2664
2669 2668 2667
2660 2670 2663
2668 2670 2660
2669 2671 2668
2671 2670 2668
2672 2671 2669
2663 2670 2673
2671 2673 2670
2663 2673 2674
2672 2675 2671
2673 2671 2675
2675 2672 2676
2674 2673 2677
2673 2675 2677
2674 2677 2678
2679 2678 2677
2675 2676 2680
2677 2675 2680
2681 2680 2676
2681 2679 2682
2679 2677 2682
2681 2682 2680
2677 2680 2682
2683 2684 2685
2684 2686 2685
2684 2650 2686
2610 2687 2688
2610 2688 2689
2610 2689 2614
2690 2689 2688
2691 2614 2689
2690 2691 2689
2691 2692 2614
2691 2690 2693
2692 2691 2694
2691 2693 2694
2692 2694 2695
2693 2696 2694
2694 2696 2695
2697 2698 2699
2698 2697 2700
2697 2701 2700
2700 2702 2698
2698 2702 2703
2704 2705 2706
2707 2708 2704
2708 2709 2706
2707 2710 2708
2711 2710 2707
2711 2712 2710
2713 2709 2708
2710 2713 2708
2712 2713 2710
2713 2714 2709
2712 2715 2713
2715 2714 2713
2715 2716 2714
2717 2716 2715
2718 2717 2715
2718 2719 2717
2720 2718 2715
2720 2715 2721
2722 2719 2718
2722 2723 2719
2724 2720 2721
2724 2721 2725
2720 2724 2726
2718 2720 2727
2720 2726 2727
2718 2727 2722
2727 2726 2728
2727 2728 2729
2722 2727 2729
2729 2728 2730
2731 2723 2722
2722 2729 2731
2731 2732 2723
2729 2730 2733
2731 2729 2733
2733 2730 2734
2733 2734 2735
2736 2732 2731
2731 2733 2736
2736 2733 2735
2736 2737 2732
2736 2735 2738
2737 2736 2738
2737 2738 2739
2740 2741 2742
2743 2740 2742
2743 2742 2744
2744 2742 2745
2742 2746 2745
2744 2745 2747
2744 2747 2748
2743 2744 2749
2744 2748 2749
2743 2749 2750
2751 2749 2748
2752 2750 2749
2751 2752 2749
2752 2753 2750
2752 2754 2753
2755 2752 2751
2752 2755 2754
2755 2751 2756
2757 2755 2756
2758 2754 2755
2757 2758 2755
2758 2759 2754
2760 2759 2758
2761 2758 2757
2760 2758 2761
2761 2757 2762
2763 2761 2762
2764 2760 2761
2763 2764 2761
2764 2765 2760
2764 2766 2765
2767 2764 2763
2767 2763 2768
2764 2769 2766
2769 2770 2766
2769 2771 2770
2772 2771 2769
2772 2773 2771
2774 2775 2776
2777 2775 2774
2777 2778 2775
2779 2778 2777
2779 2780 2778
2781 2780 2779
2781 2782 2780
2783 2782 2781
2783 2784 2782
2785 2784 2783
2785 2786 2784
2787 2786 2785
2787 2788 2786
2789 2788 2787
2789 2790 2788
2791 2790 2789
2791 2792 2790
2793 2792 2791
2794 2782 2784
2795 2782 2794
2794 2784 2796
2796 2784 2786
2795 2797 2782
2796 2786 2798
2798 2786 2788
2799 2797 2795
2798 2788 2800
2800 2788 2790
2799 2801 2797
2800 2790 2802
2802 2790 2792
2802 2792 2803
2803 2792 2804
2805 2801 2799
2805 2806 2801
2807 2806 2805
2808 2809 2810
2811 2809 2808
2811 2812 2809
2813 2812 2811
2813 2814 2812
2815 2814 562
2815 2816 2814
561 2817 562
2818 2816 2817
2818 2819 2816
561 2820 2817
2818 2817 2820
560 2820 561
560 551 2820
2820 551 2821
551 552 2821
2821 552 2822
2820 2821 2823
2818 2820 2823
2821 2822 2824
2823 2821 2824
2822 2825 2824
2823 2824 2826
2818 2823 2826
2825 2826 2824
2827 2819 2818
2818 2826 2827
2825 2827 2826
2827 2828 2819
2825 2828 2827
2829 2830 2831
2829 2831 2832
2832 2831 2833
2832 2833 2834
2835 2834 2833
2836 2837 2829
2836 2838 2837
2839 2838 2836
2839 2840 2838
2841 2840 2839
2841 2842 2840
2843 2842 2841
2843 2844 2842
2845 2844 2843
2845 2846 2844
2847 2846 2845
2847 2848 2846
2849 2848 2847
2849 2850 2848
2851 2850 2849
2851 2852 2850
2853 2852 2851
2853 2854 2852
2855 2854 2853
2855 2856 2854
2857 2856 2855
2858 2859 2860
2858 2861 2859
2862 2861 2858
2862 2863 2861
2862 2858 2864
2865 2866 2863
2865 2867 2866
2868 2866 2867
2868 2867 2869
2870 2871 2864
2871 2870 2872
2871 2872 2873
2874 2875 2864
2874 2876 2875
2877 2876 2874
2878 2875 2876
2877 2879 2876
2878 2876 2880
2880 2876 2879
2878 2880 2881
2880 2879 2882
2881 2880 2883
2880 2882 2883
2884 2885 2886
2884 2887 2885
2888 2885 2887
2888 2887 2889
2889 2890 2891
2889 2892 2890
2890 2892 2893
2890 2893 2894
2895 2896 2897
2895 2898 2896
2899 2896 2898
2899 2898 2900
2901 2898 2895
2900 2898 2901
2902 2901 2895
2900 2901 2903
2904 2905 2906
2904 2907 2905
2908 2907 2904
2908 2904 2909
2910 2911 2912
2911 2913 2912
2911 2914 2913
2911 2915 2914
2916 2913 2914
2916 2917 2913
2917 2912 2913
2917 2918 2912
2919 2920 2921
2919 2921 2922
2923 2919 2922
2923 2922 2924
2921 2925 2922
2921 2926 2925
2927 2928 2924
2927 2924 2929
2930 2931 2932
2931 2933 2934
2931 2934 2935
2931 2935 2936
2935 2934 2937
2932 2935 2938
2935 2937 2938
2939 2938 2937
2932 2938 2940
2939 2941 2938
2941 2940 2942
2941 2943 2940
2943 2944 2945
2944 2946 2945
2944 2947 2946
2948 2943 2949
2948 2949 2950
2948 2950 2951
2949 2952 2950
2949 2953 2952
2954 2951 2955
2954 2955 2956
2957 2956 2955
2957 2958 2956
2959 2960 2961
2959 2961 2962
2963 2959 2962
2963 2964 2959
2965 2966 2967
2965 2968 2966
2969 2968 2965
2969 2970 2968
2971 2966 2968
2971 2968 2972
2970 2972 2968
2966 2971 2973
2970 2974 2972
2966 2973 2975
2976 2966 2975
2977 2975 2973
2976 2975 2978
2975 2977 2978
2979 2974 2970
2979 2980 2974
2981 2979 2970
2981 2970 2982
2983 2979 2981
2980 2979 2984
2983 2984 2979
2980 2984 2985
2986 2984 2983
2987 2985 2984
2986 2987 2984
2987 2988 2985
2989 2987 2986
2990 2988 2987
2989 2990 2987
2990 2991 2988
2989 2992 2990
2991 2990 2992
2991 2992 2993
2989 2994 2992
2992 2995 2993
2994 2996 2992
2992 2996 2995
2994 2997 2996
2996 2998 2995
2997 2999 2996
2996 2999 2998
3000 2998 2999
2997 3001 2999
3000 2999 3002
3002 2999 3001
3002 3001 3003
3004 3005 3006
3007 3005 3004
3007 3008 3005
3009 3008 3007
3010 3005 3008
3011 3005 3010
3010 3008 3012
3009 3013 3008
3012 3008 3013
3014 3013 3009
3012 3013 3015
3014 3016 3013
3015 3013 3016
3017 3016 3014
3015 3016 3018
3017 3019 3016
3018 3016 3019
3020 3019 3017
3018 3019 3021
3020 3022 3019
3021 3019 3022
3023 3022 3020
3021 3022 3024
3023 3025 3022
3024 3022 3025
3026 3025 3023
3024 3025 3027
3026 3028 3025
3027 3025 3028
3029 3028 3026
3027 3028 3030
3029 3031 3028
3030 3028 3031
3032 3031 3029
3030 3031 3033
3032 3034 3031
3033 3031 3035
3036 3034 3032
3033 3035 3037
3036 3038 3034
3039 3038 3036
3039 3040 3038
3037 3035 3041
3037 3041 3042
3042 3041 3043
3042 3043 3044
3045 3046 3047
3048 3046 3045
3048 3049 3046
3050 3049 3048
3051 3046 3049
3052 3046 3051
3051 3049 3053
3050 3054 3049
3053 3049 3054
3055 3054 3050
3053 3054 3056
3055 3057 3054
3056 3054 3057
3056 3057 3058
3059 3057 3055
3058 3057 3060
3059 3060 3057
3061 3060 3059
3058 3060 3062
3062 3060 3061
3061 3059 3063
3062 3061 3064
3061 3063 3065
3061 3066 3064
3061 3065 3067
3061 3067 3066
3068 3067 3065
3066 3067 3069
3068 3069 3067
3066 3069 3070
3071 3069 3068
3070 3069 3072
3071 3072 3069
3070 3072 3073
3074 3072 3071
3073 3072 3075
3074 3075 3072
3073 3075 3076
3077 3075 3074
3076 3075 3077
3077 3074 3078
3076 3077 3079
3080 3077 3078
3077 3080 3079
3081 3082 3083
3082 3084 3083
3082 3085 3084
3085 3086 3084
3085 3087 3086
3087 3088 3086
3089 3085 3082
3089 3082 3090
3090 3082 3091
3092 3085 3089
3092 3087 3085
3093 3087 3092
3087 3094 3088
3093 3094 3087
3095 3088 3094
3095 3094 3093
3095 3096 3088
3095 3093 3097
3096 3095 3098
3098 3095 3097
3096 3098 3099
3098 3097 3100
3101 3099 3098
3100 3102 3098
3101 3098 3102
3103 3102 3100
3104 3101 3102
3105 3102 3103
3104 3102 3105
3105 3103 3106
3107 3104 3105
3108 3105 3106
3107 3105 3108
3108 3106 3109
3110 3107 3108
3109 3111 3108
3110 3108 3111
3112 3111 3109
3111 3113 3110
3111 3112 3114
3111 3115 3113
3111 3114 3115
3113 3115 3116
3114 3116 3115
3117 3118 3119
3119 3118 3120
3118 3121 3120
3118 3122 3121
3123 3122 3118
3124 3123 3118
3120 3121 3125
3119 3120 3126
3120 3125 3127
3127 3126 3120
3125 3128 3127
3125 3129 3128
3125 3130 3129
3130 3131 3129
3131 3132 3129
3130 3133 3131
3132 3131 3134
3135 3127 3128
3134 3135 3128
3127 3135 3126
3133 3136 3131
3133 3137 3136
3136 3137 3138
3136 3138 3139
3139 3138 3140
3131 3141 3134
3134 3141 3135
3131 3136 3142
3142 3136 3139
3131 3143 3141
3131 3142 3143
3144 3126 3135
3145 3135 3141
3144 3135 3145
3146 3141 3143
3145 3141 3146
3143 3142 3147
3146 3143 3147
3126 3144 3148
3126 3148 3119
3119 3148 3149
3119 3149 3150
3148 3151 3149
3148 3152 3151
3144 3152 3148
3144 3153 3152
3153 3144 3145
3154 3153 3145
3155 3154 3145
3155 3145 3146
3156 3155 3146
3156 3146 3147
3157 3156 3147
3142 3157 3147
3157 3158 3156
3159 3157 3142
3142 3139 3159
3160 3158 3157
3159 3160 3157
3160 3161 3158
3162 3161 3160
3162 3160 3163
3163 3160 3159
3159 3139 3164
3139 3140 3164
3165 3162 3163
3165 3166 3162
3167 3166 3165
3163 3159 3168
3159 3164 3168
3169 3163 3168
3164 3169 3168
3169 3165 3163
3140 3170 3164
3164 3170 3169
3140 3171 3170
3170 3171 3172
3165 3169 3173
3173 3169 3170
3167 3165 3174
3165 3173 3174
3170 3172 3175
3173 3170 3175
3176 3167 3174
3176 3177 3167
3178 3177 3176
3179 3174 3173
3179 3176 3174
3175 3179 3173
3179 3178 3176
3180 3175 3172
3175 3180 3179
3179 3180 3178
3180 3172 3181
3180 3181 3178
3182 3183 3184
3182 3184 3185
3186 3182 3185
3186 3185 3187
3188 3187 3185
3184 3189 3185
3188 3185 3189
3184 3190 3189
3191 3188 3189
3192 3189 3190
3191 3189 3192
3192 3190 3193
3191 3192 3194
3193 3194 3192
3191 3194 3195
3193 3196 3194
3195 3194 3197
3196 3197 3194
3195 3197 3198
3196 3199 3197
3197 3200 3198
3199 3200 3197
3201 3202 3203
3201 3204 3202
3205 3202 3204
3206 3204 3201
3205 3204 3207
3206 3208 3204
3207 3204 3208
3209 3208 3206
3207 3208 3210
3209 3211 3208
3210 3208 3211
3212 3211 3209
3210 3211 3213
3212 3214 3211
3213 3211 3214
3215 3214 3212
3213 3214 3216
3215 3217 3214
3216 3214 3217
3218 3217 3215
3216 3217 3219
3219 3217 3218
3220 3221 3222
3223 3220 3222
3223 3224 3220
3225 3224 3223
3226 3223 3222
3225 3223 3227
3228 3225 3227
3226 3229 3223
3227 3223 3229
3226 3230 3229
3231 3230 3226
3231 3226 3232
3231 3232 3233
3233 3232 3234
3233 3234 3235
3235 3234 3236
3235 3236 3237
3237 3236 3238
3237 3238 3239
3239 3238 3240
3227 3229 3241
3242 3227 3241
3242 3241 3243
3228 3227 3242
3242 3243 3244
3245 3228 3242
3242 3244 3245
3245 3246 3228
3245 3247 3246
3248 3245 3244
3245 3248 3247
3248 3244 3249
3250 3247 3248
3251 3248 3249
3250 3248 3251
3251 3249 3252
3251 3252 3253
3250 3251 3254
3251 3253 3254
3250 3254 3255
3254 3253 3256
3256 3255 3254
3257 3258 3259
3257 3259 3260
3260 3259 3261
3262 3257 3260
3262 3263 3257
3260 3261 3264
3262 3260 3264
3264 3261 3265
3266 3263 3262
3266 3267 3263
3262 3264 3268
3262 3268 3266
3264 3265 3269
3268 3264 3269
3269 3265 3270
3270 3265 3271
3272 3267 3266
3272 3273 3267
3268 3269 3274
3274 3269 3270
3275 3273 3272
3275 3276 3273
3277 3276 3275
3277 3278 3276
3279 3278 3277
3279 3280 3278
3281 3280 3279
3275 3282 3277
3282 3279 3277
3272 3283 3275
3275 3283 3282
3272 3284 3283
3266 3284 3272
3266 3285 3284
3268 3285 3266
3286 3285 3268
3286 3268 3274
3285 3287 3284
3285 3286 3287
3288 3284 3287
3288 3283 3284
3286 3289 3287
3290 3289 3286
3274 3290 3286
3290 3291 3289
3274 3292 3290
3274 3270 3292
3283 3293 3282
3283 3288 3293
3294 3291 3290
3290 3292 3294
3292 3270 3295
3270 3271 3295
3294 3292 3296
3292 3295 3296
3295 3271 3297
3297 3271 3298
3299 3296 3295
3299 3295 3297
3300 3297 3298
3300 3298 3301
3300 3301 3302
3302 3301 3303
3304 3297 3300
3304 3300 3302
3305 3299 3297
3304 3305 3297
3294 3296 3306
3296 3299 3307
3296 3307 3306
3299 3305 3308
3299 3308 3307
3309 3305 3304
3309 3308 3305
3306 3310 3294
3294 3310 3291
3311 3291 3310
3291 3311 3288
3288 3311 3312
3288 3312 3293
3306 3307 3313
3307 3308 3314
3307 3314 3313
3306 3315 3310
3306 3313 3315
3311 3310 3316
3316 3310 3315
3315 3313 3317
3316 3315 3317
3311 3316 3318
3311 3318 3312
3313 3319 3317
3313 3314 3319
3316 3317 3320
3316 3320 3318
3319 3320 3317
3321 3314 3308
3321 3308 3309
3312 3318 3322
3320 3322 3318
3323 3319 3314
3323 3314 3321
3324 3323 3321
3325 3319 3323
3324 3325 3323
3319 3326 3320
3325 3326 3319
3327 3321 3309
3324 3321 3327
3328 3327 3309
3328 3324 3327
3312 3322 3329
3293 3312 3329
3320 3330 3322
3326 3330 3320
3331 3322 3330
3331 3332 3322
3329 3322 3332
3293 3329 3333
3333 3282 3293
3326 3334 3330
3334 3331 3330
3329 3332 3335
3333 3329 3336
3333 3337 3282
3282 3337 3279
3333 3336 3338
3338 3337 3333
3338 3336 3339
3335 3332 3340
3335 3340 3341
3342 3332 3331
3342 3340 3332
3343 3340 3342
3341 3340 3344
3343 3344 3340
3341 3344 3345
3344 3343 3346
3345 3344 3347
3344 3346 3347
3345 3347 3348
3349 3347 3346
3348 3347 3350
3349 3350 3347
3348 3350 3351
3352 3350 3349
3353 3351 3350
3352 3353 3350
3353 3354 3351
3353 3352 3355
3353 3356 3354
3353 3355 3357
3353 3357 3356
3358 3357 3355
3358 3356 3357
3359 3360 3361
3362 3359 3361
3362 3363 3359
3364 3363 3362
3364 3365 3363
3366 3365 3364
3366 3367 3365
3368 3367 3366
3368 3366 3369
3368 3369 3370
3368 3370 3371
3371 3370 3372
3373 3374 3375
3376 3373 3375
3376 3375 3377
3376 3377 3378
3376 3378 3379
3281 3379 3378
3281 3380 3379
3281 3279 3380
3380 3279 3337
3380 3337 3381
3381 3379 3380
3338 3381 3337
3381 3338 3382
3338 3339 3382
3381 3383 3379
3381 3382 3383
3379 3383 3384
3384 3383 3382
3379 3384 3385
3384 3386 3385
3387 3382 3339
3384 3382 3387
3387 3339 3388
3387 3388 3389
3387 3389 3390
3390 3384 3387
3391 3390 3389
3384 3392 3386
3390 3392 3384
3392 3393 3386
3391 3394 3390
3394 3392 3390
3394 3391 3395
3392 3396 3393
3394 3396 3392
3397 3393 3396
3394 3395 3398
3398 3396 3394
3397 3396 3398
3395 3399 3398
3397 3398 3399
3400 3401 3331
3400 3331 3402
3403 3400 3402
3403 3402 3404
3405 3403 3404
3406 3402 3331
3404 3402 3406
3406 3331 3407
3331 3334 3407
3408 3406 3407
3334 3409 3407
3408 3407 3409
3404 3406 3410
3406 3408 3410
3334 3411 3409
3411 3334 3326
3411 3326 3325
3412 3411 3325
3409 3411 3412
3409 3412 3413
3414 3409 3413
3414 3408 3409
3415 3408 3414
3415 3410 3408
3416 3410 3415
3417 3404 3410
3416 3417 3410
3412 3325 3418
3419 3412 3418
3418 3325 3324
3419 3418 3324
3417 3420 3404
3405 3404 3420
3405 3420 3421
3420 3417 3421
3405 3421 3422
3423 3422 3421
3416 3424 3417
3417 3424 3421
3416 3425 3424
3423 3421 3426
3426 3421 3424
3427 3423 3426
3425 3428 3424
3428 3426 3424
3425 3429 3428
3428 3429 3430
3427 3426 3431
3431 3426 3428
3428 3430 3432
3431 3428 3432
3427 3431 3433
3433 3431 3432
3427 3433 3434
3433 3435 3434
3436 3432 3430
3433 3432 3436
3435 3433 3436
3436 3430 3437
3435 3436 3437
3438 3439 3440
3441 3439 3438
3441 3442 3439
3443 3442 3441
3443 3444 3442
3445 3444 3443
3445 3446 3444
3447 3446 3445
3447 3448 3446
3449 3448 3447
3449 3450 3448
3451 3450 3449
3451 3452 3450
3453 3452 3451
3454 3455 3456
3456 3455 3457
3456 3457 3458
3458 3457 3459
3458 3459 3460
3460 3459 3461
3460 3461 3462
3463 3462 3461
3463 3464 3462
3465 3464 3463
3465 3466 3464
3467 3466 3465
3467 3468 3466
3469 3468 3467
3469 3470 3468
3471 3470 3469
3471 3472 3470
3473 3472 3471
3473 3474 3472
3475 3474 3473
3475 3476 3474
3477 3476 3475
3466 3478 3464
3466 3479 3478
3479 3480 3478
3480 3481 3478
3464 3478 3482
3478 3481 3482
3464 3482 3462
3483 3482 3481
3484 3462 3482
3483 3484 3482
3484 3460 3462
3485 3484 3483
3486 3460 3484
3485 3486 3484
3486 3458 3460
3487 3486 3485
3488 3458 3486
3487 3488 3486
3488 3456 3458
3489 3488 3487
3490 3456 3488
3489 3490 3488
3490 3491 3456
3492 3490 3489
3493 3491 3490
3492 3493 3490
3493 3494 3491
3495 3493 3492
3496 3494 3493
3495 3496 3493
3496 3497 3494
3498 3496 3495
3498 3497 3496
3499 3500 3501
3502 3500 3499
3502 3503 3500
3504 3503 3502
3504 3505 3503
3506 3505 3504
3506 3507 3505
3508 3507 3506
3508 3509 3507
3510 3509 3508
3510 3511 3509
3512 3511 3510
3512 3513 3511
3514 3510 3508
3514 3512 3510
3515 3508 3506
3514 3508 3515
3303 3513 3512
3303 3516 3513
3516 3517 3513
3302 3303 3512
3514 3302 3512
3304 3302 3514
3515 3304 3514
3515 3309 3304
3328 3309 3515
3515 3506 3328
3518 3328 3506
3328 3518 3324
3518 3506 3504
3419 3324 3518
3504 3419 3518
3504 3502 3419
3419 3502 3519
3502 3499 3519
3419 3519 3520
3419 3520 3412
3521 3412 3520
3499 3522 3519
3520 3519 3522
3499 3523 3522
3521 3520 3524
3520 3522 3524
3525 3522 3523
3524 3522 3525
3525 3523 3526
3525 3526 3527
3521 3524 3528
3524 3525 3528
3521 3528 3529
3525 3527 3530
3528 3525 3530
3530 3527 3531
3529 3528 3532
3528 3530 3532
3529 3532 3533
3534 3533 3532
3530 3534 3532
3534 3535 3533
3530 3531 3536
3530 3536 3534
3536 3531 3537
3536 3537 3538
3534 3536 3538
3538 3537 3539
3535 3534 3540
3534 3538 3540
3535 3540 3541
3538 3539 3542
3540 3538 3542
3543 3542 3539
3541 3540 3544
3540 3542 3544
3541 3544 3545
3543 3546 3542
3546 3544 3542
3547 3546 3543
3545 3544 3548
3546 3548 3544
3548 3546 3547
3545 3548 3549
3548 3547 3549
3550 3551 3552
3550 3553 3551
3553 3554 3551
3555 3553 3550
3553 3556 3554
3555 3557 3553
3557 3556 3553
3557 3555 3558
3557 3559 3556
3557 3558 3560
3559 3557 3560
3560 3558 3561
3559 3560 3562
3560 3561 3563
3562 3560 3563
3563 3561 3564
3562 3563 3565
3563 3564 3566
3565 3563 3566
3565 3566 3567
3566 3564 3568
3567 3566 3569
3566 3568 3569
3567 3569 3570
3569 3568 3571
3570 3569 3571
3568 3572 3571
3570 3571 3573
3571 3572 3574
3573 3571 3575
3571 3574 3575
3573 3575 3576
3574 3577 3575
3575 3577 3576
3578 3579 3580
3578 3580 3581
3582 3578 3581
3582 3581 3583
3581 3584 3583
3581 3580 3585
3581 3586 3584
3581 3585 3586
3586 3587 3584
3585 3588 3586
3586 3588 3587
3585 3589 3588
3590 3588 3589
3591 3588 3590
3592 3587 3588
3591 3592 3588
3592 3593 3587
3592 3594 3593
3591 3595 3592
3592 3595 3594
3591 3596 3595
3595 3597 3594
3596 3598 3595
3595 3598 3597
3596 3599 3598
3600 3597 3598
3599 3600 3598
3601 3602 3603
3601 3603 3604
3605 3604 3603
3605 3606 3604
3606 3607 3604
3608 3606 3605
3606 3609 3607
3608 3610 3606
3610 3609 3606
3611 3610 3608
3610 3612 3609
3611 3613 3610
3613 3612 3610
3614 3613 3611
3613 3615 3612
3614 3616 3613
3616 3615 3613
3617 3616 3614
3616 3618 3615
3617 3619 3616
3619 3618 3616
3620 3619 3617
3619 3621 3618
3620 3622 3619
3622 3621 3619
3623 3622 3620
3622 3624 3621
3623 3624 3622
3625 3626 3627
3625 3627 3628
3628 3627 3629
3628 3629 3630
3630 3629 3631
3630 3631 3632
3632 3631 3633
3633 3631 3634
3631 3635 3634
3634 3635 3636
3635 3637 3636
3636 3637 3638
3636 3638 3639
3639 3638 3640
3639 3640 3641
3641 3640 3642
3641 3642 3643
3643 3642 3644
3643 3644 3645
3644 3646 3645
3644 3647 3646
3648 3649 3650
3649 3651 3650
3649 3652 3651
3652 3653 3651
3651 3653 3654
3655 3650 3651
3651 3654 3655
3655 3656 3650
3655 3654 3657
3658 3656 3655
3655 3657 3658
3658 3659 3656
3658 3657 3660
3659 3658 3661
3658 3660 3661
3659 3661 3662
3663 3661 3660
3664 3662 3661
3663 3664 3661
3664 3665 3662
3664 3666 3665
3663 3667 3664
3664 3667 3666
3663 3668 3667
3667 3669 3666
3668 3670 3667
3667 3670 3669
3668 3671 3670
3672 3670 3671
3673 3669 3670
3672 3673 3670
3673 3674 3669
3672 3675 3673
3673 3675 3674
3676 3677 3678
3679 3677 3676
3679 3680 3677
3681 3680 3679
3682 3677 3680
3683 3677 3682
3682 3680 3684
3681 3685 3680
3684 3680 3685
3686 3685 3681
3684 3685 3687
3686 3688 3685
3687 3685 3688
3689 3688 3686
3687 3688 3690
3689 3691 3688
3690 3688 3691
3692 3691 3689
3690 3691 3693
3692 3694 3691
3693 3691 3694
3695 3694 3692
3693 3694 3696
3695 3697 3694
3696 3694 3697
3698 3697 3695
3696 3697 3699
3698 3700 3697
3699 3697 3700
3701 3700 3698
3699 3700 3702
3702 3700 3701
3703 3704 3705
3703 3705 3706
3706 3705 3707
3703 3706 3708
3709 3703 3708
3710 3709 3708
3706 3707 3711
3708 3706 3711
3711 3707 3712
3711 3712 3713
3713 3712 3714
3708 3711 3715
3715 3711 3713
3710 3708 3716
3716 3708 3715
3713 3714 3717
3717 3714 3718
3715 3713 3719
3719 3713 3717
3717 3718 3720
3720 3718 3721
3722 3710 3716
3722 3723 3710
3716 3715 3724
3724 3715 3719
3719 3717 3725
3725 3717 3720
3720 3721 3726
3726 3721 3727
3728 3716 3724
3728 3722 3716
3724 3719 3729
3729 3719 3725
3728 3724 3729
3723 3722 3730
3723 3730 3731
3730 3732 3731
3725 3720 3733
3733 3720 3726
3726 3727 3734
3734 3727 3735
3734 3735 3736
3722 3737 3730
3722 3728 3737
3730 3738 3732
3737 3738 3730
3739 3726 3734
3733 3726 3739
3740 3734 3736
3739 3734 3740
3740 3736 3741
3742 3740 3741
3742 3741 3743
3742 3743 3744
3745 3739 3740
3745 3740 3742
3742 3744 3746
3745 3742 3746
3746 3744 3747
3748 3733 3739
3748 3739 3745
3745 3746 3749
3749 3748 3745
3746 3747 3750
3749 3746 3750
3751 3733 3748
3751 3725 3733
3729 3725 3751
3749 3752 3748
3752 3751 3748
3753 3729 3751
3752 3753 3751
3752 3749 3754
3749 3750 3754
3747 3755 3750
3747 3756 3755
3755 3756 3757
3750 3755 3758
3750 3758 3754
3752 3754 3759
3753 3752 3759
3753 3760 3729
3760 3728 3729
3755 3757 3761
3758 3755 3761
3754 3758 3762
3754 3762 3759
3753 3759 3763
3760 3753 3763
3728 3760 3764
3760 3763 3764
3728 3764 3737
3759 3765 3763
3759 3762 3765
3766 3762 3758
3758 3761 3766
3767 3761 3757
3767 3757 3768
3767 3768 3769
3764 3770 3737
3737 3770 3738
3763 3771 3764
3763 3765 3771
3764 3771 3770
3772 3765 3762
3766 3772 3762
3773 3766 3761
3773 3761 3767
3767 3769 3774
3773 3767 3774
3775 3771 3765
3772 3775 3765
3776 3770 3771
3775 3776 3771
3777 3738 3770
3776 3777 3770
3778 3772 3766
3778 3766 3773
3779 3775 3772
3776 3775 3779
3779 3772 3778
3777 3780 3738
3780 3732 3738
3780 3781 3732
3782 3781 3780
3783 3778 3773
3773 3774 3783
3784 3777 3776
3780 3777 3784
3782 3780 3785
3780 3784 3785
3786 3782 3785
3786 3787 3782
3788 3787 3786
3783 3789 3778
3789 3779 3778
3776 3779 3790
3784 3776 3790
3791 3785 3784
3791 3786 3785
3792 3790 3779
3789 3792 3779
3793 3784 3790
3793 3791 3784
3792 3793 3790
3786 3791 3794
3794 3791 3793
3788 3786 3795
3786 3794 3795
3796 3793 3792
3794 3793 3796
3797 3792 3789
3796 3792 3797
3788 3795 3798
3788 3798 3799
3800 3799 3798
3795 3794 3801
3795 3801 3798
3794 3796 3802
3794 3802 3801
3800 3798 3803
3803 3798 3801
3800 3803 3804
3800 3804 3805
3803 3801 3806
3806 3801 3802
3804 3803 3806
3796 3807 3802
3796 3797 3807
3805 3804 3808
3805 3808 3809
3808 3810 3809
3806 3802 3811
3811 3802 3807
3804 3806 3812
3808 3804 3812
3812 3806 3811
3808 3813 3810
3814 3810 3813
3808 3812 3815
3813 3808 3815
3812 3811 3816
3815 3812 3816
3811 3807 3817
3816 3811 3817
3797 3818 3807
3817 3807 3818
3814 3813 3819
3820 3814 3819
3813 3815 3821
3819 3813 3821
3815 3816 3822
3821 3815 3822
3816 3817 3823
3822 3816 3823
3820 3819 3824
3825 3820 3824
3819 3821 3826
3824 3819 3826
3821 3822 3827
3826 3821 3827
3817 3818 3828
3823 3817 3828
3822 3823 3829
3827 3822 3829
3825 3824 3830
3831 3825 3830
3831 3830 3832
3833 3831 3832
3833 3832 3834
3832 3835 3834
3824 3836 3830
3836 3832 3830
3832 3837 3835
3836 3837 3832
3835 3837 3838
3837 3839 3838
3837 3840 3839
3837 3836 3840
3824 3841 3836
3824 3826 3841
3836 3842 3840
3836 3841 3842
3842 3843 3840
3841 3826 3844
3841 3844 3842
3826 3827 3844
3842 3845 3843
3842 3844 3845
3844 3827 3846
3844 3846 3845
3827 3829 3846
3843 3845 3847
3846 3847 3845
3847 3848 3843
3846 3849 3847
3849 3848 3847
3846 3829 3850
3846 3850 3849
3829 3851 3850
3829 3823 3851
3823 3828 3851
3852 3849 3850
3851 3852 3850
3849 3853 3848
3852 3853 3849
3851 3854 3852
3828 3854 3851
3855 3853 3852
3854 3855 3852
3853 3856 3848
3855 3856 3853
3848 3856 3857
3848 3857 3858
3848 3858 3859
3860 3857 3856
3860 3856 3855
3861 3860 3855
3854 3861 3855
3861 3862 3860
3828 3863 3854
3863 3861 3854
3864 3862 3861
3863 3864 3861
3864 3865 3862
3864 3866 3865
3828 3867 3863
3828 3818 3867
3863 3868 3864
3864 3868 3866
3863 3867 3868
3869 3867 3818
3797 3869 3818
3797 3789 3869
3869 3789 3783
3869 3870 3867
3869 3783 3870
3870 3868 3867
3870 3783 3774
3871 3866 3868
3870 3871 3868
3870 3774 3871
3871 3872 3866
3871 3774 3769
3871 3769 3872
3873 3874 3875
3876 3874 3873
3876 3877 3874
3878 3877 3876
3878 3876 3879
3880 3878 3879
3880 3879 3881
3882 3880 3881
3882 3883 3880
3884 3883 3882
3878 3880 3885
3880 3883 3885
3877 3878 3886
3878 3885 3886
3884 3887 3883
3888 3887 3884
3877 3886 3889
3886 3890 3889
3891 3877 3889
3891 3889 3892
3892 3889 3890
3893 3891 3892
3886 3885 3894
3883 3894 3885
3893 3892 3895
3896 3893 3895
3886 3897 3890
3886 3894 3897
3895 3892 3898
3892 3890 3898
3895 3898 3899
3895 3899 3900
3895 3900 3901
3896 3895 3901
3902 3901 3900
3896 3901 3903
3902 3903 3901
3896 3903 3904
3905 3903 3902
3904 3903 3905
3897 3894 3906
3890 3897 3907
3897 3906 3907
3890 3908 3898
3890 3907 3909
3890 3909 3908
3898 3908 3910
3898 3910 3911
3911 3910 3912
3912 3910 3913
3913 3910 3908
3913 3908 3914
3914 3908 3909
3914 3909 3915
3915 3909 3907
3915 3907 3916
3907 3917 3916
3907 3906 3917
3906 3918 3917
3906 3919 3918
3894 3919 3906
3919 3920 3918
3921 3919 3894
3883 3921 3894
3883 3922 3921
3922 3919 3921
3883 3887 3922
3919 3923 3920
3922 3923 3919
3923 3924 3920
3925 3923 3922
3923 3925 3924
3925 3922 3887
3926 3924 3925
3887 3927 3925
3888 3927 3887
3926 3925 3928
3927 3928 3925
3888 3929 3927
3927 3929 3928
3888 3930 3929
3931 3926 3928
3929 3931 3928
3931 3932 3926
3931 3933 3932
3930 3934 3929
3929 3934 3931
3930 3935 3934
3931 3936 3933
3934 3936 3931
3937 3933 3936
3935 3938 3934
3934 3938 3936
3935 3939 3938
3940 3938 3939
3937 3936 3941
3938 3941 3936
3941 3938 3940
3942 3937 3941
3942 3941 3943
3944 3942 3943
3941 3945 3943
3941 3940 3945
3944 3943 3946
3943 3945 3946
3944 3946 3947
3944 3947 3948
3948 3947 3949
3950 3945 3940
3946 3945 3951
3950 3951 3945
3952 3950 3940
3952 3940 3953
3952 3953 3954
3953 3955 3954
3954 3955 3956
3954 3956 3957
3956 3958 3957
3957 3958 3959
3952 3954 3960
3960 3954 3957
3961 3950 3952
3961 3952 3960
3957 3959 3962
3962 3959 3963
3960 3957 3964
3962 3964 3957
3961 3965 3950
3950 3965 3951
3961 3960 3966
3966 3960 3964
3967 3965 3961
3967 3961 3966
3967 3968 3965
3951 3965 3968
3967 3966 3969
3951 3968 3970
3971 3969 3966
3972 3951 3970
3972 3970 3973
3946 3951 3972
3972 3973 3974
3946 3972 3975
3972 3974 3975
3946 3975 3947
3974 3976 3975
3947 3975 3976
3974 3977 3976
3947 3976 3949
3977 3978 3976
3949 3976 3978
3949 3978 3979
3978 3980 3979
3978 3981 3980
3981 3982 3980
3983 3984 3985
3983 3985 3986
3987 3983 3986
3987 3988 3983
3989 3988 3987
3989 3990 3988
3989 3963 3990
3989 3991 3963
3962 3963 3991
3992 3962 3991
3962 3992 3964
3993 3991 3989
3992 3991 3993
3987 3994 3989
3993 3989 3994
3987 3995 3994
3995 3987 3986
3996 3993 3994
3995 3996 3994
3992 3997 3964
3997 3966 3964
3971 3966 3997
3997 3998 3971
3992 3998 3997
3998 3999 3971
4000 3992 3993
4000 3998 3992
3999 3998 4000
3996 4000 3993
3999 4000 4001
4001 4000 3996
3996 4002 4001
4002 3996 4003
3995 4003 3996
4002 4003 4004
4004 4003 4005
4004 4005 4006
4007 4006 4005
4007 4008 4006
4008 4007 4009
4003 3995 4010
4003 4010 4011
3995 3986 4010
4012 4011 4010
3986 4012 4010
4012 4013 4011
3986 3985 4012
4014 4013 4012
3985 4014 4012
4014 4015 4013
4016 4014 3985
4015 4014 4017
4016 4018 4014
4014 4018 4017
4019 4020 4021
4022 4020 4019
4023 4022 4019
4024 4023 4019
4025 4023 4024
4025 4026 4023
4027 4026 4025
4027 4028 4026
4029 4028 4027
4029 4030 4028
4031 4030 4029
4031 4032 4030
4032 4031 4033
4034 4032 4033
4034 4035 4032
4036 4035 4034
4036 4037 4035
4038 4037 4036
4035 4039 4032
4037 4039 4035
4038 4040 4037
4037 4040 4041
4040 4038 4042
4042 4041 4040
4037 4043 4039
4037 4041 4043
4042 4044 4041
4045 4044 4042
4045 4046 4044
4047 4046 4045
4048 4046 4047
4048 4047 4049
4050 4046 4048
4050 4044 4046
4041 4044 4050
4041 4050 4051
4052 4041 4051
4052 4043 4041
4053 4043 4052
4053 4039 4043
4054 4039 4053
4055 4039 4054
4056 4055 4054
4039 4055 4032
4056 4057 4055
4032 4055 4057
4058 4057 4056
4032 4057 4030
4058 4059 4057
4030 4057 4059
4060 4059 4058
4030 4059 4028
4060 4061 4059
4061 4028 4059
4062 4061 4060
4061 4026 4028
4062 4063 4061
4064 4063 4062
4065 4026 4061
4063 4065 4061
4023 4026 4065
4064 4066 4063
4065 4063 4066
4067 4066 4064
4023 4065 4068
4023 4068 4022
4069 4022 4068
4069 4020 4022
4065 4066 4070
4071 4020 4069
4067 4072 4066
4070 4066 4072
4073 4072 4067
4070 4072 4074
4074 4072 4073
4071 4075 4020
4076 4075 4071
4077 4020 4075
4078 4075 4076
4077 4075 4078
4079 4080 4081
4079 4081 4082
4082 4081 4083
4082 4083 4084
4084 4083 4085
4084 4085 4086
4085 4087 4086
4087 4088 4086
4089 4090 4091
4089 4092 4090
4092 4089 4093
4092 4093 4094
4094 4093 4095
4093 4096 4095
4094 4095 4097
4098 4095 4096
4097 4095 4099
4098 4099 4095
4100 4099 4098
4097 4099 4101
4100 4102 4099
4101 4099 4102
4103 4102 4100
4101 4102 4104
4105 4101 4104
4105 4104 4106
4103 4107 4102
4104 4102 4107
4108 4107 4103
4106 4104 4109
4104 4107 4109
4106 4109 4110
4108 4111 4107
4112 4111 4108
4109 4107 4113
4107 4111 4113
4110 4109 4114
4109 4113 4114
4110 4114 4115
4112 4116 4111
4113 4111 4116
4117 4116 4112
4115 4114 4118
4115 4118 4119
4114 4113 4120
4113 4116 4120
4114 4120 4118
4117 4121 4116
4120 4116 4121
4122 4121 4117
4119 4118 4123
4119 4123 4124
4118 4120 4125
4120 4121 4125
4118 4125 4123
4122 4126 4121
4125 4121 4126
4127 4126 4122
4124 4123 4128
4124 4128 4129
4123 4125 4130
4125 4126 4130
4123 4130 4128
4126 4131 4130
4131 4128 4130
4127 4132 4126
4126 4132 4131
4133 4132 4127
4129 4128 4134
4131 4134 4128
4129 4134 4135
4133 4136 4132
4137 4136 4133
4135 4134 4138
4135 4138 4139
4136 4140 4132
4132 4140 4131
4137 4141 4136
4141 4140 4136
4142 4141 4137
4143 4141 4142
4144 4141 4143
4141 4144 4140
4145 4134 4131
4145 4138 4134
4139 4138 4146
4146 4138 4145
4139 4146 4147
4140 4148 4131
4144 4148 4140
4148 4145 4131
4149 4148 4144
4150 4149 4144
4151 4149 4150
4152 4145 4148
4152 4148 4149
4146 4145 4152
4151 4153 4149
4152 4149 4153
4154 4153 4151
4146 4152 4155
4152 4153 4156
4147 4146 4157
4157 4146 4155
4147 4157 4158
4159 4157 4155
4158 4157 4159
4154 4160 4153
4156 4153 4160
4160 4154 4161
4156 4160 4162
4160 4161 4163
4162 4160 4163
4164 4163 4161
4162 4163 4165
4165 4163 4164
4166 4167 4168
4166 4169 4167
4170 4169 4166
4170 4171 4169
4169 4172 4167
4171 4173 4169
4169 4173 4172
4171 4174 4173
4173 4174 4175
4172 4173 4176
4173 4175 4176
4172 4176 4177
4175 4178 4176
4176 4178 4177
4175 4179 4178
4178 4180 4177
4178 4179 4181
4180 4178 4182
4178 4181 4182
4180 4182 4183
4182 4184 4183
4181 4185 4182
4182 4185 4184
4181 4186 4185
4184 4185 4187
4185 4186 4187
4184 4187 4188
4187 4189 4188
4186 4190 4187
4187 4190 4189
4186 4191 4190
4192 4189 4190
4191 4193 4190
4192 4190 4193
4191 4194 4193
4193 4194 4195
4192 4193 4196
4193 4195 4196
4192 4196 4197
4195 4198 4196
4198 4197 4196
4199 4200 4201
4199 4202 4200
4202 4203 4200
4202 4199 4204
4202 4205 4203
4206 4203 4205
4206 4205 4207
4207 4208 4206
4209 4205 4202
4205 4210 4207
4205 4209 4210
4207 4211 4208
4210 4211 4207
4209 4202 4212
4212 4202 4204
4213 4208 4211
4213 4214 4208
4215 4210 4209
4215 4209 4212
4215 4216 4210
4215 4212 4217
4210 4218 4211
4216 4218 4210
4218 4213 4211
4216 4219 4218
4217 4212 4220
4212 4204 4220
4217 4220 4221
4219 4222 4218
4218 4222 4213
4219 4223 4222
4221 4220 4224
4220 4204 4224
4221 4224 4225
4225 4224 4226
4225 4226 4227
4228 4224 4204
4228 4204 4229
4230 4224 4228
4230 4231 4224
4232 4213 4222
4232 4214 4213
4232 4233 4214
4234 4233 4232
4232 4222 4235
4223 4235 4222
4223 4236 4235
4234 4232 4237
4237 4232 4235
4238 4235 4236
4237 4235 4238
4238 4236 4239
4240 4238 4239
4240 4241 4238
4241 4237 4238
4242 4234 4237
4242 4243 4234
4244 4242 4237
4241 4244 4237
4245 4243 4242
4244 4245 4242
4245 4246 4243
4247 4246 4245
4240 4248 4241
4240 4249 4248
4241 4250 4244
4244 4250 4245
4241 4248 4250
4247 4245 4251
4250 4251 4245
4249 4252 4248
4249 4253 4252
4248 4254 4250
4250 4254 4251
4248 4252 4254
4255 4247 4251
4254 4255 4251
4255 4256 4247
4257 4256 4255
4253 4258 4252
4253 4259 4258
4252 4260 4254
4254 4260 4255
4252 4258 4260
4257 4255 4261
4261 4255 4260
4259 4262 4258
4259 4263 4262
4258 4264 4260
4261 4260 4264
4258 4262 4264
4265 4257 4261
4261 4264 4265
4265 4266 4257
4267 4266 4265
4263 4268 4262
4263 4269 4268
4262 4270 4264
4262 4268 4270
4269 4271 4268
4270 4268 4271
4269 4272 4271
4264 4273 4265
4270 4273 4264
4274 4270 4271
4275 4274 4271
4276 4273 4270
4272 4277 4271
4275 4271 4277
4272 4278 4277
4276 4275 4279
4280 4277 4278
4273 4281 4265
4273 4276 4281
4276 4279 4281
4267 4265 4281
4279 4267 4281
4279 4282 4267
4283 4282 4279
4283 4284 4282
4285 4283 4279
4286 4284 4283
4287 4285 4277
4285 4287 4283
4280 4288 4277
4287 4277 4288
4286 4283 4289
4289 4283 4287
4280 4290 4288
4280 4291 4290
4288 4292 4287
4289 4287 4292
4288 4290 4292
4293 4286 4289
4294 4286 4293
4291 4295 4290
4291 4296 4295
4297 4289 4292
4297 4293 4289
4290 4298 4292
4290 4295 4298
4298 4297 4292
4296 4299 4295
4298 4295 4299
4296 4300 4299
4293 4297 4301
4301 4297 4298
4293 4301 4294
4301 4298 4302
4298 4299 4302
4300 4303 4299
4300 4304 4303
4301 4305 4294
4305 4301 4302
4299 4306 4302
4299 4303 4306
4305 4302 4306
4304 4307 4303
4306 4303 4307
4304 4308 4307
4309 4307 4308
4309 4308 4310
4311 4309 4310
4311 4312 4309
4309 4312 4313
4314 4294 4305
4314 4305 4306
4314 4315 4294
4306 4307 4316
4307 4309 4316
4314 4306 4316
4309 4313 4317
4309 4317 4316
4317 4314 4316
4315 4314 4317
4318 4317 4313
4318 4315 4317
4319 4320 4321
4319 4322 4320
4323 4320 4322
4323 4322 4324
4325 4322 4319
4324 4322 4326
4325 4326 4322
4324 4326 4327
4328 4326 4325
4328 4327 4326
4329 4328 4325
4328 4330 4327
4331 4328 4329
4332 4330 4328
4331 4332 4328
4332 4333 4330
4334 4332 4331
4335 4333 4332
4334 4335 4332
4335 4336 4333
4337 4336 4335
4338 4335 4334
4337 4335 4338
4338 4334 4339
4340 4337 4338
4340 4338 4339
4340 4341 4337
4340 4339 4342
4343 4341 4340
4343 4344 4341
4340 4342 4345
4340 4345 4343
4346 4344 4343
4346 4347 4344
4348 4345 4342
4348 4342 4349
4343 4345 4350
4343 4350 4346
4347 4346 4351
4347 4351 4352
4348 4353 4345
4353 4350 4345
4346 4350 4354
4346 4354 4351
4352 4351 4355
4352 4355 4356
4356 4355 4357
4356 4357 4358
4357 4359 4358
4360 4355 4351
4360 4351 4354
4357 4355 4360
4350 4361 4354
4350 4362 4361
4362 4350 4353
4353 4363 4362
4354 4361 4364
4354 4364 4360
4365 4363 4353
4365 4353 4348
4366 4360 4364
4357 4360 4366
4367 4357 4366
4366 4364 4368
4367 4366 4368
4367 4368 4369
4370 4367 4369
4365 4348 4371
4365 4371 4372
4371 4373 4372
4348 4349 4371
4371 4374 4373
4349 4374 4371
4375 4373 4374
4349 4376 4374
4349 4377 4376
4376 4377 4378
4375 4374 4379
4379 4374 4376
4380 4375 4379
4376 4378 4381
4379 4376 4381
4382 4381 4378
4382 4379 4381
4382 4378 4383
4382 4383 4384
4380 4379 4385
4385 4379 4382
4386 4380 4385
4382 4384 4387
4387 4385 4382
4388 4387 4384
4386 4385 4389
4387 4389 4385
4390 4386 4389
4388 4391 4387
4391 4388 4392
4391 4392 4393
4394 4391 4393
4395 4387 4391
4387 4395 4389
4394 4395 4391
4390 4389 4396
4395 4396 4389
4396 4395 4394
4397 4390 4396
4398 4396 4394
4397 4396 4398
4399 4400 4401
4402 4401 4400
4402 4400 4403
4404 4402 4403
4405 4402 4404
4406 4404 4403
4405 4404 4407
4407 4404 4406
4406 4403 4408
4408 4403 4409
4410 4405 4407
4410 4411 4405
4412 4411 4410
4408 4409 4413
4413 4409 4414
4413 4414 4415
4416 4415 4414
4416 4417 4415
4417 4416 4418
4417 4418 4419
4417 4419 4420
4421 4417 4420
4421 4415 4417
4421 4422 4415
4422 4423 4415
4423 4413 4415
4423 4424 4413
4408 4413 4424
4408 4424 4425
4425 4426 4408
4426 4406 4408
4426 4427 4406
4427 4428 4406
4427 4429 4428
4407 4406 4428
4429 4430 4428
4430 4407 4428
4429 4431 4430
4430 4410 4407
4432 4430 4431
4432 4431 4433
4434 4432 4433
4435 4410 4430
4435 4430 4432
4412 4410 4435
4434 4436 4432
4436 4435 4432
4437 4412 4435
4436 4437 4435
4437 4438 4412
4437 4439 4438
4437 4440 4439
4440 4437 4436
4440 4441 4439
4434 4442 4436
4440 4436 4442
4434 4443 4442
4443 4444 4442
4444 4440 4442
4443 4445 4444
4440 4446 4441
4444 4446 4440
4447 4441 4446
4448 4444 4445
4448 4446 4444
4448 4445 4449
4450 4448 4449
4447 4446 4451
4448 4451 4446
4450 4452 4448
4451 4448 4452
4453 4452 4450
4447 4451 4454
4451 4452 4454
4447 4454 4455
4456 4455 4454
4453 4457 4452
4454 4452 4457
4458 4457 4453
4456 4454 4459
4454 4457 4459
4370 4456 4459
4370 4459 4460
4460 4459 4457
4370 4460 4367
4458 4461 4457
4460 4457 4461
4367 4460 4461
4359 4461 4458
4367 4461 4462
4359 4462 4461
4367 4462 4357
4357 4462 4359
4463 4464 4465
4466 4463 4465
4466 4465 4467
4468 4466 4467
4468 4469 4466
4470 4469 4468
4470 4468 4471
4470 4471 4472
4470 4472 4473
4473 4472 4474
4473 4474 4475
4476 4475 4474
4473 4477 4470
4477 4473 4475
4477 4478 4470
4479 4470 4478
4479 4478 4480
4481 4479 4480
4482 4481 4480
4482 4480 4483
4484 4482 4483
4477 4485 4478
4486 4480 4478
4486 4478 4485
4487 4483 4480
4487 4480 4486
4484 4483 4488
4488 4483 4487
4484 4488 4489
4484 4489 4490
4489 4491 4490
4477 4492 4485
4492 4477 4475
4486 4485 4493
4493 4485 4492
4487 4486 4494
4486 4493 4494
4488 4487 4495
4488 4495 4489
4487 4494 4496
4495 4487 4496
4495 4496 4497
4498 4495 4497
4495 4498 4489
4499 4498 4497
4498 4499 4500
4498 4500 4501
4489 4498 4501
4501 4500 4502
4489 4501 4503
4489 4503 4491
4491 4503 4504
4504 4503 4501
4491 4504 4505
4504 4506 4505
4501 4502 4507
4504 4501 4507
4504 4508 4506
4508 4504 4507
4508 4509 4506
4502 4510 4507
4508 4507 4510
4509 4508 4510
4502 4511 4510
4511 4509 4510
4512 4513 4514
4512 4515 4513
4516 4513 4515
4516 4517 4513
4518 4517 4516
4518 4519 4517
4519 4518 4520
4519 4520 4521
4521 4520 4522
4521 4522 4523
4523 4522 4524
4523 4524 4525
4525 4524 4526
4527 4528 4524
4529 4528 4527
4529 4530 4528
4531 4530 4529
4531 4532 4530
4532 4531 4533
4532 4533 4534
4534 4533 4535
4534 4535 4536
4535 4537 4536
4535 4538 4537
4539 4540 4541
4541 4540 4542
4541 4542 4543
4540 4544 4542
4542 4544 4545
4543 4542 4546
4542 4545 4547
4542 4547 4546
4547 4545 4548
4546 4547 4549
4547 4548 4549
4546 4549 4550
4549 4548 4551
4550 4549 4552
4550 4552 4553
4549 4551 4554
4549 4554 4552
4554 4551 4555
4554 4555 4556
4552 4554 4556
4557 4556 4555
4553 4552 4558
4552 4556 4558
4553 4558 4559
4557 4560 4556
4561 4560 4557
4559 4558 4562
4559 4562 4563
4556 4564 4558
4560 4564 4556
4564 4562 4558
4564 4565 4562
4561 4566 4560
4564 4560 4566
4567 4566 4561
4563 4562 4568
4562 4565 4568
4563 4568 4569
4564 4570 4565
4565 4570 4571
4564 4566 4572
4565 4571 4573
4567 4574 4566
4572 4566 4574
4575 4574 4567
4572 4574 4576
4569 4568 4577
4568 4565 4577
4569 4577 4578
4565 4573 4579
4577 4565 4579
4579 4573 4580
4578 4577 4581
4578 4581 4582
4582 4581 4583
4582 4583 4584
4584 4583 4585
4586 4577 4579
4576 4574 4587
4576 4587 4588
4575 4587 4574
4588 4587 4589
4589 4587 4575
4579 4580 4590
4586 4579 4590
4590 4580 4591
4592 4586 4590
4590 4591 4593
4592 4590 4593
4593 4591 4594
4592 4593 4595
4593 4594 4595
4592 4595 4596
4594 4597 4595
4597 4596 4595
4594 4598 4597
4597 4599 4596
4598 4600 4597
4600 4599 4597
4598 4601 4600
4600 4602 4599
4601 4603 4600
4603 4602 4600
4604 4605 4606
4604 4607 4605
4607 4604 4608
4609 4605 4607
4609 4610 4605
4611 4610 4609
4611 4612 4610
4613 4609 4607
4611 4609 4613
4607 4608 4614
4614 4613 4607
4615 4612 4611
4615 4616 4612
4615 4617 4616
4618 4614 4608
4619 4618 4608
4620 4611 4613
4615 4611 4620
4621 4615 4620
4615 4622 4617
4615 4621 4622
4622 4623 4617
4624 4613 4614
4624 4614 4618
4620 4613 4624
4625 4618 4619
4625 4619 4626
4627 4625 4626
4628 4624 4618
4628 4620 4624
4628 4618 4625
4627 4629 4625
4629 4628 4625
4627 4630 4629
4628 4631 4620
4631 4621 4620
4631 4628 4632
4629 4632 4628
4621 4631 4633
4633 4631 4632
4630 4634 4629
4629 4635 4632
4629 4634 4635
4630 4636 4634
4630 4637 4636
4634 4636 4638
4634 4638 4635
4635 4638 4639
4632 4635 4640
4635 4639 4640
4632 4640 4633
4641 4640 4639
4642 4633 4640
4642 4621 4633
4641 4643 4640
4642 4640 4643
4641 4644 4643
4644 4642 4643
4641 4645 4644
4644 4645 4646
4644 4646 4647
4647 4646 4648
4644 4649 4642
4649 4621 4642
4649 4644 4647
4649 4650 4621
4647 4650 4649
4621 4650 4622
4622 4650 4651
4647 4651 4650
4622 4651 4652
4622 4652 4623
4652 4653 4623
4651 4654 4652
4652 4654 4653
4647 4655 4651
4655 4654 4651
4647 4648 4656
4647 4656 4655
4648 4657 4656
4657 4655 4656
4648 4658 4657
4657 4658 4659
4654 4660 4653
4660 4661 4653
4662 4654 4655
4657 4662 4655
4662 4660 4654
4657 4659 4663
4663 4659 4664
4662 4657 4665
4657 4663 4665
4665 4660 4662
4665 4663 4664
4661 4660 4666
4665 4666 4660
4665 4664 4667
4666 4665 4667
4664 4668 4667
4669 4661 4666
4669 4666 4667
4669 4670 4661
4671 4669 4667
4671 4670 4669
4667 4668 4671
4671 4672 4670
4668 4673 4671
4673 4672 4671
4673 4668 4674
4673 4675 4672
4673 4674 4676
4676 4675 4673
4677 4676 4674
4676 4678 4675
4677 4679 4676
4679 4678 4676
4679 4680 4678
4681 4679 4677
4682 4680 4679
4681 4682 4679
4682 4683 4680
4684 4683 4682
4685 4682 4681
4684 4682 4685
4685 4681 4686
4687 4685 4686
4688 4684 4685
4687 4688 4685
4688 4689 4684
4690 4688 4687
4691 4689 4688
4690 4691 4688
4691 4692 4689
4691 4690 4693
4691 4694 4692
4691 4693 4695
4691 4695 4694
4696 4695 4693
4697 4694 4695
4696 4698 4695
4698 4697 4695
4699 4700 4701
4699 4701 4702
4703 4699 4702
4702 4701 4704
4701 4705 4704
4706 4704 4705
4703 4702 4707
4708 4703 4707
4708 4707 4709
4706 4710 4704
4711 4710 4706
4712 4710 4711
4702 4704 4713
4713 4707 4702
4710 4713 4704
4714 4709 4707
4713 4714 4707
4714 4715 4709
4712 4716 4710
4717 4716 4712
4710 4718 4713
4716 4718 4710
4714 4713 4719
4718 4719 4713
4715 4714 4720
4714 4719 4720
4715 4720 4721
4717 4722 4716
4723 4722 4717
4724 4719 4718
4720 4719 4724
4721 4720 4725
4720 4724 4725
4721 4725 4726
4716 4727 4718
4722 4727 4716
4724 4718 4727
4723 4728 4722
4729 4728 4723
4722 4730 4727
4724 4727 4730
4728 4730 4722
4725 4724 4731
4724 4730 4731
4726 4725 4732
4725 4731 4732
4726 4732 4733
4733 4732 4734
4732 4731 4734
4733 4734 4735
4734 4731 4736
4737 4734 4736
4735 4734 4738
4737 4738 4734
4735 4738 4739
4740 4738 4737
4739 4738 4741
4740 4741 4738
4739 4741 4742
4743 4741 4740
4742 4741 4743
4731 4744 4745
4746 4747 4744
4746 4730 4747
4728 4747 4730
4748 4747 4728
4749 4747 4748
4748 4728 4750
4729 4750 4728
4750 4729 4751
4750 4751 4752
4752 4751 4753
4752 4753 4754
4754 4753 4755
4756 4748 4750
4756 4757 4748
4758 4757 4756
4759 4748 4757
4760 4748 4759
4761 4760 4759
4761 4736 4760
4762 4761 4759
4762 4759 4763
4759 4757 4763
4762 4763 4764
4764 4763 4765
4763 4757 4766
4758 4766 4757
4763 4766 4765
4767 4766 4758
4765 4766 4767
4767 4758 4768
4765 4767 4769
4770 4767 4768
4767 4771 4769
4770 4772 4767
4767 4772 4771
4773 4772 4770
4771 4772 4773
4774 4775 4776
4777 4775 4774
4777 4778 4775
4779 4778 4777
4778 4780 4775
4779 4781 4778
4781 4780 4778
4781 4782 4780
4781 4779 4783
4784 4782 4781
4781 4783 4785
4784 4781 4785
4785 4783 4786
4787 4784 4785
4785 4786 4788
4787 4785 4788
4789 4788 4786
4788 4790 4787
4789 4791 4788
4788 4791 4790
4791 4789 4792
4793 4790 4791
4791 4792 4794
4793 4791 4794
4794 4792 4795
4793 4794 4796
4794 4795 4796
4793 4796 4797
4795 4798 4796
4799 4797 4796
4798 4800 4796
4800 4799 4796
4798 4801 4800
4802 4799 4800
4803 4804 4805
4805 4804 4806
4805 4806 4807
4804 4808 4806
4806 4808 4809
4807 4806 4810
4806 4809 4811
4806 4811 4810
4811 4809 4812
4810 4811 4813
4811 4812 4813
4810 4813 4814
4813 4812 4815
4814 4813 4816
4813 4815 4816
4814 4816 4817
4816 4815 4818
4817 4816 4819
4816 4818 4819
4817 4819 4820
4819 4818 4821
4820 4819 4822
4819 4821 4822
4820 4822 4823
4822 4821 4824
4823 4822 4825
4822 4824 4825
4823 4825 4826
4825 4824 4827
4826 4825 4828
4825 4827 4828
4826 4828 4829
4828 4827 4830
4829 4828 4831
4828 4830 4831
4829 4831 4832
4831 4830 4833
4832 4831 4834
4831 4833 4834
4834 4833 4835
4834 4835 4836
4832 4834 4837
4834 4836 4838
4837 4834 4838
4837 4838 4839
4840 4841 4842
4843 4840 4842
4843 4844 4840
4845 4844 4843
4846 4845 4843
4847 4846 4843
4848 4846 4847
4847 4843 4849
4849 4843 4850
4851 4848 4847
4851 4847 4849
4851 4852 4848
4851 4849 4853
4848 4852 4854
4849 4850 4855
4853 4849 4855
4856 4855 4850
4853 4855 4857
4855 4856 4857
4845 4846 4858
4848 4859 4846
4846 4859 4858
4848 4854 4860
4861 4859 4848
4861 4848 4860
4858 4859 4862
4859 4861 4862
4845 4858 4863
4862 4863 4858
4863 4862 4864
4854 4865 4860
4854 4866 4865
4867 4861 4860
4867 4862 4861
4865 4867 4860
4845 4863 4868
4868 4869 4845
4866 4870 4865
4866 4871 4870
4867 4872 4862
4864 4862 4872
4873 4867 4865
4873 4865 4870
4872 4867 4873
4871 4874 4870
4871 4875 4874
4874 4875 4876
4868 4863 4877
4877 4863 4864
4878 4873 4870
4874 4878 4870
4872 4873 4879
4864 4872 4880
4880 4872 4879
4878 4881 4873
4881 4879 4873
4874 4876 4882
4883 4878 4874
4883 4874 4882
4884 4881 4878
4883 4884 4878
4879 4881 4885
4885 4881 4884
4880 4879 4886
4879 4885 4886
4876 4887 4882
4876 4888 4887
4889 4883 4882
4889 4882 4887
4888 4890 4887
4888 4891 4890
4890 4891 4892
4890 4892 4893
4894 4887 4890
4894 4890 4893
4894 4889 4887
4894 4893 4895
4896 4883 4889
4894 4896 4889
4896 4884 4883
4895 4897 4894
4894 4897 4896
4895 4898 4897
4897 4898 4899
4897 4899 4900
4896 4897 4900
4899 4901 4900
4884 4896 4902
4896 4900 4902
4884 4902 4903
4885 4884 4903
4902 4904 4903
4904 4885 4903
4900 4905 4902
4902 4905 4904
4901 4906 4900
4900 4906 4905
4901 4907 4906
4901 4908 4907
4907 4908 4909
4906 4910 4905
4906 4907 4910
4907 4909 4911
4910 4907 4911
4909 4912 4911
4911 4912 4913
4905 4910 4914
4905 4914 4904
4910 4911 4915
4911 4913 4915
4914 4910 4915
4915 4913 4916
4913 4917 4916
4916 4917 4918
4916 4918 4919
4919 4918 4920
4915 4916 4921
4915 4921 4922
4914 4915 4922
4923 4921 4916
4923 4922 4921
4923 4916 4919
4924 4914 4922
4923 4924 4922
4925 4904 4914
4924 4925 4914
4925 4926 4904
4904 4926 4885
4885 4926 4886
4927 4926 4925
4926 4927 4886
4928 4925 4924
4927 4925 4928
4923 4929 4924
4929 4928 4924
4930 4923 4919
4929 4923 4930
4931 4886 4927
4931 4880 4886
4864 4880 4931
4932 4927 4928
4929 4932 4928
4932 4931 4927
4933 4864 4931
4933 4931 4932
4934 4932 4929
4934 4929 4930
4935 4864 4933
4935 4877 4864
4936 4933 4932
4932 4934 4936
4936 4935 4933
4930 4919 4937
4919 4920 4937
4937 4920 4938
4920 4939 4938
4938 4939 4940
4941 4930 4937
4938 4941 4937
4942 4941 4938
4930 4941 4943
4934 4930 4943
4942 4943 4941
4936 4934 4944
4934 4943 4944
4938 4940 4945
4945 4942 4938
4940 4946 4945
4946 4942 4945
4940 4947 4946
4946 4947 4948
4946 4948 4949
4948 4950 4949
4949 4950 4951
4952 4949 4951
4952 4946 4949
4946 4952 4942
4943 4942 4953
4944 4943 4953
4936 4944 4954
4936 4954 4935
4954 4944 4955
4935 4954 4955
4944 4953 4955
4956 4953 4942
4956 4942 4957
4956 4957 4958
4959 4956 4958
4935 4955 4960
4877 4935 4960
4868 4877 4960
4953 4961 4955
4953 4956 4961
4961 4960 4955
4956 4959 4962
4961 4956 4962
4959 4963 4962
4964 4868 4960
4961 4964 4960
4962 4963 4965
4963 4966 4965
4961 4962 4967
4964 4961 4967
4968 4967 4962
4968 4962 4965
4966 4969 4965
4966 4970 4969
4969 4970 4971
4972 4965 4969
4971 4972 4969
4972 4968 4965
4973 4972 4971
4974 4972 4973
4968 4972 4974
4974 4973 4975
4976 4974 4975
4976 4968 4974
4976 4975 4977
4968 4978 4967
4976 4978 4968
4964 4967 4978
4976 4964 4978
4977 4979 4976
4976 4979 4964
4977 4869 4979
4964 4979 4868
4868 4979 4869
4980 4981 4982
4980 4983 4981
4983 4984 4981
4983 4985 4984
4986 4985 4983
4987 4983 4980
4986 4983 4987
4987 4980 4988
4989 4987 4988
4990 4986 4987
4989 4990 4987
4990 4991 4986
4990 4992 4991
4989 4993 4990
4990 4993 4992
4989 4994 4993
4993 4995 4992
4994 4996 4993
4993 4996 4995
4994 4997 4996
4996 4998 4995
4997 4999 4996
4996 4999 4998
4997 5000 4999
4999 5001 4998
5000 5002 4999
5000 5003 5002
4999 5004 5001
5001 5004 5005
5001 5005 5006
5005 5007 5006
5004 5008 5005
5004 5009 5008
5005 5010 5007
5008 5010 5005
5008 5011 5010
5012 5010 5011
5010 5013 5007
5012 5014 5010
5010 5014 5013
5015 5013 5014
5015 5016 5013
5014 5017 5015
5014 5018 5017
5019 5015 5017
5020 5016 5015
5019 5020 5015
5020 5021 5016
5020 5022 5021
5019 5023 5020
5020 5023 5022
5019 5024 5023
5023 5025 5022
5024 5026 5023
5023 5026 5025
5024 5027 5026
5028 5026 5027
5029 5025 5026
5028 5029 5026
5029 5030 5025
5029 5031 5030
5028 5032 5029
5029 5032 5031
5028 5033 5032
5032 5034 5031
5033 5035 5032
5032 5035 5034
5035 5036 5034
5033 5037 5035
5037 5038 5035
5039 5040 5041
5039 5042 5040
5043 5042 5039
5043 5044 5042
5045 5044 5043
5045 5046 5044
5047 5046 5045
5048 5042 5044
5048 5044 5046
5047 5049 5046
5050 5049 5047
5048 5046 5051
5051 5046 5049
5050 5052 5049
5053 5052 5050
5053 5054 5052
5055 5054 5053
5056 5049 5052
5056 5052 5054
5055 5057 5054
5058 5057 5055
5059 5054 5057
5056 5054 5059
5060 5057 5058
5059 5057 5060
5060 5058 5061
5056 5062 5049
5051 5049 5062
5063 5056 5059
5063 5062 5056
5064 5060 5061
5064 5061 5065
5066 5064 5065
5067 5064 5066
5068 5059 5060
5068 5060 5064
5067 5068 5064
5063 5059 5068
5069 5068 5067
5069 5063 5068
5070 5063 5069
5070 5071 5063
5063 5071 5062
5072 5071 5070
5073 5062 5071
5072 5073 5071
5073 5051 5062
5074 5073 5072
5075 5051 5073
5074 5075 5073
5075 5048 5051
5076 5075 5074
5075 5077 5048
5048 5077 5042
5076 5078 5075
5075 5078 5077
5079 5078 5076
5079 5080 5078
5077 5078 5080
5081 5080 5079
5042 5077 5082
5077 5080 5082
5042 5082 5040
5080 5083 5082
5083 5040 5082
5081 5084 5080
5080 5084 5083
5085 5084 5081
5083 5084 5085
5085 5081 5086
5087 5085 5086
5083 5088 5040
5089 5040 5088
5089 5088 5090
5088 5083 5091
5083 5085 5091
5090 5088 5092
5088 5091 5092
5090 5092 5093
5092 5094 5093
5091 5095 5092
5092 5095 5094
5094 5095 5096
5094 5096 5097
5096 5098 5097
5091 5099 5095
5085 5099 5091
5096 5095 5099
5085 5100 5099
5087 5100 5085
5101 5099 5100
5096 5099 5101
5102 5100 5087
5101 5100 5102
5102 5087 5103
5104 5102 5103
5105 5101 5102
5104 5105 5102
5106 5096 5101
5105 5106 5101
5096 5107 5098
5106 5107 5096
5098 5107 5108
5108 5107 5106
5098 5108 5109
5108 5110 5109
5111 5105 5104
5111 5104 5112
5113 5111 5112
5114 5106 5105
5114 5105 5111
5108 5106 5114
5113 5115 5111
5115 5114 5111
5116 5108 5114
5115 5116 5114
5108 5117 5110
5116 5117 5108
5110 5117 5118
5116 5118 5117
5110 5118 5119
5118 5120 5119
5121 5115 5113
5121 5113 5122
5123 5121 5122
5115 5124 5116
5116 5124 5118
5115 5121 5124
5118 5125 5120
5124 5125 5118
5120 5125 5126
5124 5127 5125
5127 5126 5125
5121 5127 5124
5127 5128 5126
5123 5129 5121
5121 5129 5127
5129 5128 5127
5130 5129 5123
5129 5130 5128
5131 5132 5133
5131 5134 5132
5131 5135 5134
5136 5137 5132
5136 5138 5137
5139 5138 5140
5141 5139 5140
5140 5142 5141
5140 5143 5142
5144 5143 5140
5144 5140 5145
5146 5144 5145
5146 5147 5144
5135 5147 5146
5135 5148 5147
5135 5149 5148
5135 5150 5149
5149 5150 5151
5149 5151 5152
5152 5151 5153
5141 5142 5154
5152 5153 5155
5141 5154 5156
5157 5141 5156
5156 5154 5158
5157 5156 5159
5160 5156 5158
5159 5156 5160
5155 5153 5161
5155 5161 5162
5161 5163 5162
5161 5164 5163
5164 5165 5163
5166 5164 5161
5161 5167 5166
5161 5168 5167
5153 5169 5167
5153 5170 5169
5170 5171 5169
5166 5172 5164
5172 5173 5164
5164 5173 5165
5172 5174 5173
5165 5173 5175
5175 5173 5174
5165 5175 5176
5175 5174 5177
5178 5179 5170
5178 5180 5179
5181 5182 5178
5182 5181 5183
5184 5185 5186
5184 5187 5185
5187 5188 5185
5187 5189 5188
5187 5184 5190
5191 5189 5187
5187 5190 5192
5191 5187 5192
5193 5192 5190
5194 5191 5192
5193 5194 5192
5194 5195 5191
5196 5194 5193
5197 5195 5194
5196 5197 5194
5197 5198 5195
5197 5196 5199
5197 5199 5200
5201 5198 5197
5201 5197 5202
5202 5199 5203
5204 5201 5202
5202 5203 5205
5204 5202 5206
5205 5203 5207
5208 5205 5207
5208 5207 5209
5210 5208 5209
5209 5211 5210
5212 5204 5206
5212 5206 5213
5214 5212 5213
5214 5215 5212
5214 5216 5215
5214 5217 5216
5217 5218 5216
5217 5219 5218
5218 5219 5220
5218 5220 5221
5220 5222 5221
5220 5223 5222
5223 5224 5222
5223 5220 5225
5220 5226 5225
5223 5227 5224
5228 5227 5223
5227 5229 5224
5228 5230 5227
5231 5229 5227
5230 5231 5227
5232 5233 5226
5232 5234 5233
5235 5233 5234
5235 5234 5236
5235 5236 5210
5237 5238 5239
5240 5238 5237
5240 5241 5238
5242 5241 5240
5242 5240 5243
5244 5242 5243
5244 5243 5245
5246 5244 5245
5246 5245 5247
5248 5246 5247
5248 5247 5249
5249 5211 5248
5250 5251 5252
5251 5253 5254
5251 5254 5255
5255 5254 5256
5255 5257 5251
5255 5256 5258
5258 5256 5259
5258 5259 5260
5250 5257 5261
5257 5262 5261
5263 5250 5261
5263 5261 5264
5265 5266 5264
5267 5264 5266
5265 5268 5266
5265 5269 5268
5257 5270 5269
5270 5271 5269
5271 5270 5272
5273 5271 5272
5272 5260 5273
5260 5274 5273
5269 5275 5268
5269 5276 5275
5276 5277 5275
5277 5274 5278
5279 5266 5268
5279 5268 5275
5279 5280 5266
5279 5275 5281
5282 5266 5280
5277 5283 5275
5281 5275 5283
5277 5278 5283
5281 5283 5284
5284 5283 5278
5284 5278 5285
5282 5286 5266
5287 5286 5282
5267 5266 5286
5287 5288 5286
5288 5267 5286
5289 5288 5287
5285 5278 5290
5285 5290 5291
5288 5292 5267
5289 5293 5288
5294 5293 5289
5292 5288 5295
5288 5293 5295
5294 5296 5293
5297 5296 5294
5298 5293 5296
5298 5296 5297
5298 5295 5293
5298 5297 5299
5299 5297 5300
5301 5290 5278
5301 5278 5302
5303 5301 5302
5303 5304 5301
5259 5304 5303
5259 5305 5304
5306 5295 5298
5299 5306 5298
5306 5307 5295
5307 5308 5295
5308 5309 5295
5299 5310 5306
5310 5311 5306
5310 5312 5311
5310 5299 5313
5299 5300 5313
5314 5312 5310
5310 5313 5314
5314 5315 5312
5316 5315 5314
5316 5314 5317
5313 5317 5314
5318 5316 5317
5300 5319 5313
5313 5319 5317
5300 5320 5319
5319 5320 5321
5319 5321 5322
5317 5319 5322
5322 5321 5323
5318 5317 5324
5317 5322 5324
5322 5323 5325
5322 5325 5324
5325 5318 5324
5326 5325 5323
5325 5327 5318
5328 5325 5326
5328 5327 5325
5329 5330 5331
5329 5331 5332
5329 5333 5334
5329 5334 5335
5334 5333 5336
5337 5334 5336
5335 5334 5338
5334 5337 5338
5339 5337 5336
5339 5336 5340
5341 5331 5335
5335 5338 5342
5341 5335 5342
5342 5343 5341
5342 5344 5343
5338 5344 5342
5338 5345 5344
5346 5345 5338
5337 5346 5338
5346 5347 5345
5348 5346 5337
5348 5347 5346
5348 5337 5339
5348 5349 5347
5350 5349 5348
5350 5351 5349
5348 5339 5352
5348 5352 5350
5353 5351 5350
5353 5350 5352
5353 5354 5351
5339 5355 5352
5340 5355 5339
5356 5354 5353
5356 5357 5354
5358 5357 5356
5358 5359 5357
5360 5359 5358
5360 5361 5359
5362 5361 5360
5362 5360 5363
5358 5363 5360
5362 5363 5364
5356 5365 5358
5358 5365 5363
5353 5366 5356
5356 5366 5365
5363 5367 5364
5365 5367 5363
5353 5368 5366
5353 5352 5368
5366 5369 5365
5365 5369 5367
5364 5367 5370
5364 5370 5371
5370 5372 5371
5370 5373 5372
5367 5374 5370
5374 5373 5370
5369 5374 5367
5374 5375 5373
5376 5375 5374
5352 5377 5368
5352 5355 5377
5368 5378 5366
5366 5378 5369
5368 5377 5378
5369 5379 5374
5369 5378 5379
5376 5374 5379
5379 5378 5377
5380 5376 5379
5379 5377 5380
5380 5381 5376
5377 5355 5382
5380 5377 5382
5382 5355 5340
5383 5381 5380
5380 5382 5383
5383 5384 5381
5382 5340 5385
5383 5382 5385
5385 5340 5386
5385 5386 5387
5388 5384 5383
5388 5383 5385
5387 5388 5385
5388 5389 5384
5390 5389 5388
5390 5388 5391
5387 5391 5388
5391 5392 5390
5393 5391 5387
5391 5394 5392
5393 5394 5391
5395 5392 5394
5395 5394 5393
5395 5396 5392
5397 5396 5395
5398 5393 5387
5399 5398 5387
5397 5395 5400
5401 5400 5395
5401 5395 5402
5403 5395 5393
5398 5403 5393
5401 5402 5404
5401 5404 5405
5399 5406 5398
5406 5403 5398
5406 5404 5403
5407 5406 5399
5408 5404 5406
5408 5406 5409
5410 5405 5404
5410 5404 5411
5412 5405 5410
5412 5413 5405
5291 5413 5412
5291 5290 5413
5405 5413 5414
5405 5414 5415
5414 5416 5415
5414 5417 5416
5417 5397 5416
5417 5418 5397
5290 5419 5413
5290 5420 5419
5421 5419 5420
5421 5305 5418
5421 5422 5419
5421 5418 5422
5423 5424 5425
5423 5425 5426
5425 5427 5426
5425 5428 5427
5428 5429 5427
5428 5430 5429
5429 5430 5431
5427 5432 5426
5427 5433 5432
5433 5427 5429
5426 5432 5434
5426 5434 5423
5435 5423 5434
5433 5429 5436
5435 5434 5437
5435 5438 5423
5435 5439 5438
5440 5436 5429
5435 5437 5441
5435 5442 5439
5429 5431 5443
5440 5429 5443
5431 5444 5443
5440 5443 5444
5431 5445 5444
5446 5440 5444
5444 5445 5447
5446 5444 5448
5444 5447 5448
5449 5448 5447
5449 5450 5448
5451 5450 5449
5435 5441 5452
5435 5452 5442
5441 5453 5452
5442 5452 5453
5441 5454 5453
5442 5453 5455
5453 5454 5456
5453 5456 5457
5455 5453 5458
5458 5456 5459
5455 5458 5460
5458 5459 5461
5460 5458 5461
5461 5459 5462
5460 5461 5463
5463 5461 5464
5463 5464 5465
5464 5466 5465
5464 5467 5466
5468 5469 5466
5468 5470 5469
5469 5470 5471
5469 5471 5472
5473 5474 5472
5473 5472 5475
5476 5477 5478
5479 5477 5476
5480 5477 5479
5481 5482 5476
5481 5483 5479
5483 5484 5479
5484 5485 5479
5483 5486 5484
5484 5487 5485
5487 5488 5480
5489 5488 5487
5489 5487 5484
5489 5490 5488
5486 5491 5484
5489 5484 5491
5491 5486 5492
5493 5491 5492
5494 5489 5491
5495 5494 5492
5495 5492 5496
5497 5490 5489
5494 5497 5489
5497 5498 5490
5499 5497 5494
5500 5499 5496
5501 5498 5497
5499 5501 5497
5501 5502 5498
5500 5503 5499
5503 5501 5499
5504 5503 5500
5505 5502 5501
5503 5505 5501
5505 5506 5502
5504 5507 5503
5505 5503 5507
5508 5507 5504
5508 5331 5507
5341 5507 5331
5509 5506 5505
5505 5507 5509
5341 5509 5507
5509 5510 5506
5341 5510 5509
5341 5511 5510
5512 5513 5514
5515 5513 5512
5515 5516 5513
5517 5516 5515
5517 5518 5516
5519 5518 5517
5519 5520 5518
5521 5520 5519
5521 5522 5520
5523 5522 5521
5523 5524 5522
5525 5524 5523
5525 5526 5524
5527 5526 5528
5527 5529 5526
5530 5529 5527
5530 5531 5529
5532 5531 5530
5533 5532 5530
5534 5532 5533
5534 5535 5532
5536 5535 5534
5536 5537 5535
5538 5537 5536
5538 5539 5537
5540 5539 5538
5540 5541 5539
5541 5540 5542
5541 5542 5543
5543 5542 5544
5543 5544 5545
5545 5544 5546
5545 5546 5547
5548 5545 5547
5548 5543 5545
5548 5547 5549
5548 5550 5543
5550 5541 5543
5550 5551 5541
5541 5551 5552
5541 5552 5539
5539 5552 5553
5539 5553 5537
5537 5553 5554
5537 5554 5535
5555 5535 5554
5555 5556 5535
5556 5555 5557
5556 5557 5558
5558 5557 5559
5558 5559 5560
5560 5559 5561
5560 5561 5562
5562 5561 5563
5562 5563 5564
5564 5563 5565
5564 5565 5566
5566 5565 5567
5566 5567 5568
5568 5567 5569
5568 5569 5570
5571 5570 5569
5571 5572 5570
5573 5572 5571
5573 5574 5572
5574 5573 5575
5573 5576 5575
5577 5574 5575
5576 5577 5575
5576 5578 5577
5577 5579 5574
5580 5577 5578
5580 5581 5577
5581 5579 5582
5581 5580 5583
5581 5584 5579
5581 5583 5585
5584 5581 5585
5585 5583 5586
5584 5585 5587
5585 5586 5588
5587 5585 5588
5587 5588 5589
5588 5586 5590
5589 5588 5591
5588 5590 5591
5589 5591 5592
5590 5593 5591
5592 5591 5594
5592 5594 5595
5590 5596 5593
5593 5594 5597
5593 5596 5598
5593 5598 5599
5594 5600 5599
5598 5601 5599
5598 5602 5601
5601 5602 5603
5601 5603 5604
5605 5604 5606
5605 5607 5604
5608 5607 5605
5609 5610 5611
5609 5612 5610
5613 5612 5609
5613 5614 5612
5615 5614 5613
5615 5616 5614
5617 5616 5615
5617 5618 5616
5619 5610 5620
5619 5620 5621
5622 5621 5620
5622 5620 5623
5624 5622 5623
5624 5625 5622
5626 5625 5624
5627 5621 5622
5625 5627 5622
5625 5628 5627
5627 5629 5621
5626 5630 5625
5630 5628 5625
5630 5631 5628
5632 5630 5626
5630 5633 5631
5632 5634 5630
5630 5634 5633
5635 5634 5632
5635 5633 5634
5621 5629 5636
5621 5636 5619
5629 5637 5636
5629 5638 5637
5636 5637 5639
5619 5636 5640
5636 5639 5640
5619 5640 5641
5640 5639 5642
5641 5640 5643
5640 5642 5643
5641 5643 5644
5643 5642 5645
5644 5643 5646
5643 5645 5646
5644 5646 5647
5646 5645 5648
5647 5646 5649
5646 5648 5649
5649 5648 5650
5647 5649 5651
5649 5650 5652
5651 5649 5652
5652 5650 5653
5651 5652 5654
5652 5653 5655
5654 5652 5655
5654 5655 5656
5655 5653 5657
5656 5655 5658
5655 5657 5658
5658 5657 5659
5660 5659 5657
5661 5659 5660
5662 5658 5659
5661 5663 5659
5664 5658 5662
5665 5663 5661
5665 5666 5663
5667 5666 5665
5664 5668 5658
5668 5664 5669
5668 5669 5670
5670 5669 5618
5670 5618 5651
5671 5672 5673
5674 5671 5673
5674 5673 5675
5674 5675 5676
5677 5676 5675
5677 5675 5678
5679 5677 5678
5679 5311 5677
5671 5680 5263
5680 5681 5263
5682 5681 5680
5682 5680 5253
5683 5263 5684
5683 5684 5267
5292 5308 5683
5292 5683 5685
5686 5687 5688
5689 5686 5688
5690 5686 5689
5688 5691 5689
5690 5689 5692
5691 5692 5689
5690 5693 5686
5686 5693 5694
5686 5694 5695
5688 5695 5696
5695 5694 5697
5695 5697 5696
5691 5698 5692
5699 5690 5692
5698 5699 5692
5700 5694 5693
5701 5697 5694
5701 5694 5700
5700 5702 5701
5703 5697 5701
5696 5697 5704
5703 5704 5697
5705 5701 5702
5705 5703 5701
5706 5703 5705
5706 5707 5703
5707 5704 5703
5707 5706 5708
5702 5709 5705
5709 5710 5705
5696 5704 5711
5712 5696 5711
5688 5696 5712
5704 5713 5711
5704 5714 5713
5707 5714 5704
5714 5715 5713
5716 5714 5707
5707 5708 5716
5714 5717 5715
5716 5717 5714
5717 5718 5715
5717 5719 5718
5719 5720 5718
5717 5716 5721
5717 5721 5719
5712 5711 5722
5722 5711 5723
5708 5724 5716
5724 5721 5716
5719 5721 5725
5719 5725 5720
5720 5725 5726
5721 5727 5725
5721 5724 5727
5727 5726 5725
5728 5727 5724
5728 5726 5727
5708 5729 5724
5729 5728 5724
5708 5730 5729
5710 5730 5708
5731 5728 5729
5730 5731 5729
5710 5732 5730
5732 5710 5709
5732 5733 5730
5709 5733 5732
5730 5734 5731
5730 5733 5734
5735 5728 5731
5735 5731 5734
5736 5726 5728
5735 5736 5728
5709 5737 5733
5733 5738 5734
5733 5737 5738
5739 5737 5709
5702 5739 5709
5736 5740 5726
5741 5736 5735
5740 5736 5741
5735 5734 5742
5734 5738 5743
5743 5742 5734
5741 5735 5744
5744 5735 5742
5745 5738 5737
5739 5746 5737
5745 5737 5746
5738 5747 5743
5738 5745 5747
5748 5726 5740
5740 5741 5749
5748 5740 5749
5726 5748 5750
5720 5726 5750
5751 5742 5743
5743 5747 5752
5743 5752 5751
5751 5753 5742
5744 5742 5753
5751 5754 5753
5744 5753 5754
5755 5741 5744
5754 5755 5744
5749 5741 5756
5755 5756 5741
5748 5749 5757
5757 5749 5756
5752 5758 5751
5751 5758 5754
5755 5754 5759
5760 5756 5755
5759 5760 5755
5760 5759 5761
5759 5754 5762
5758 5762 5754
5759 5762 5763
5761 5759 5763
5758 5764 5762
5762 5764 5763
5758 5752 5765
5765 5764 5758
5760 5766 5756
5757 5756 5767
5767 5756 5766
5760 5761 5768
5760 5768 5766
5764 5769 5763
5763 5769 5770
5769 5771 5770
5772 5769 5764
5765 5772 5764
5772 5771 5769
5761 5763 5773
5773 5763 5770
5765 5774 5772
5775 5771 5772
5775 5772 5774
5774 5765 5776
5765 5752 5776
5777 5776 5752
5777 5752 5747
5774 5776 5778
5777 5778 5776
5775 5774 5779
5779 5774 5778
5747 5780 5777
5747 5745 5780
5780 5745 5781
5746 5781 5745
5782 5777 5780
5782 5780 5781
5777 5783 5778
5782 5783 5777
5779 5778 5784
5784 5778 5783
5775 5779 5785
5785 5779 5784
5746 5786 5781
5786 5746 5739
5784 5783 5787
5782 5787 5783
5782 5781 5788
5786 5788 5781
5789 5775 5785
5789 5771 5775
5789 5790 5771
5791 5790 5789
5785 5791 5789
5785 5784 5792
5787 5792 5784
5786 5739 5793
5793 5739 5702
5782 5794 5787
5788 5794 5782
5785 5795 5791
5795 5785 5792
5787 5796 5792
5787 5794 5797
5787 5797 5796
5795 5792 5798
5798 5792 5796
5786 5793 5799
5786 5800 5788
5800 5786 5799
5788 5801 5794
5802 5788 5800
5802 5801 5788
5794 5801 5803
5794 5803 5797
5803 5801 5802
5804 5800 5799
5804 5802 5800
5796 5797 5805
5798 5796 5806
5796 5805 5806
5807 5797 5803
5807 5805 5797
5808 5803 5802
5809 5802 5804
5809 5808 5802
5803 5808 5810
5807 5803 5810
5808 5809 5811
5808 5811 5810
5812 5809 5804
5811 5809 5812
5799 5813 5804
5814 5812 5804
5814 5804 5813
5811 5812 5815
5812 5814 5815
5799 5816 5813
5793 5816 5799
5811 5815 5817
5810 5811 5818
5811 5817 5818
5814 5819 5815
5815 5819 5817
5820 5816 5793
5813 5816 5821
5816 5820 5821
5820 5793 5822
5793 5702 5822
5702 5823 5822
5700 5823 5702
5822 5823 5824
5822 5824 5820
5824 5823 5700
5820 5825 5821
5820 5824 5825
5824 5700 5826
5824 5826 5825
5693 5826 5700
5827 5813 5821
5827 5821 5825
5828 5826 5693
5828 5825 5826
5827 5829 5813
5829 5814 5813
5830 5814 5829
5830 5829 5827
5830 5819 5814
5827 5825 5831
5828 5831 5825
5828 5693 5832
5690 5832 5693
5832 5690 5833
5699 5833 5690
5834 5828 5832
5832 5833 5834
5830 5827 5835
5835 5827 5831
5836 5831 5828
5834 5836 5828
5837 5835 5831
5836 5837 5831
5830 5835 5838
5838 5835 5837
5830 5838 5839
5839 5819 5830
5839 5840 5819
5840 5817 5819
5840 5841 5817
5841 5818 5817
5834 5833 5842
5843 5836 5834
5834 5842 5843
5844 5837 5836
5843 5844 5836
5845 5838 5837
5844 5845 5837
5838 5845 5846
5846 5845 5844
5839 5838 5847
5838 5846 5847
5848 5840 5839
5839 5847 5848
5849 5842 5833
5849 5833 5699
5848 5850 5840
5850 5848 5851
5850 5841 5840
5852 5848 5847
5848 5852 5851
5852 5847 5853
5853 5847 5846
5699 5854 5849
5698 5854 5699
5698 5855 5854
5849 5854 5856
5854 5855 5856
5856 5855 5857
5856 5858 5849
5858 5842 5849
5851 5852 5859
5859 5852 5853
5860 5856 5857
5856 5860 5858
5858 5861 5842
5861 5843 5842
5860 5857 5862
5863 5860 5862
5860 5864 5858
5863 5864 5860
5861 5858 5864
5864 5863 5865
5864 5865 5866
5861 5867 5843
5867 5844 5843
5868 5861 5864
5864 5866 5868
5868 5867 5861
5866 5869 5868
5868 5869 5867
5869 5866 5870
5867 5871 5844
5871 5867 5869
5871 5846 5844
5871 5869 5872
5846 5871 5872
5869 5870 5872
5853 5846 5872
5853 5872 5870
5853 5870 5873
5859 5853 5873
5874 5859 5873
5859 5874 5875
5859 5875 5876
5875 5877 5876
5851 5859 5876
5851 5876 5877
5875 5878 5877
5878 5879 5877
5880 5877 5879
5880 5879 5881
5882 5880 5881
5882 5883 5880
5883 5882 5884
5884 5885 5883
5884 5886 5885
5886 5887 5885
5888 5885 5887
5888 5887 5889
5888 5889 5890
5891 5888 5890
5890 5892 5891
5892 5893 5891
5892 5894 5893
5893 5894 5895
5893 5895 5896
5896 5895 5897
5896 5897 5898
5897 5899 5898
5898 5899 5900
5901 5898 5900
5902 5901 5900
5903 5901 5902
5903 5904 5901
5904 5903 5905
5906 5904 5905
5907 5906 5905
5908 5906 5907
5909 5893 5896
5910 5896 5898
5909 5896 5910
5911 5898 5901
5910 5898 5911
5912 5901 5904
5911 5901 5912
5906 5913 5904
5912 5904 5913
5893 5909 5914
5893 5914 5891
5914 5915 5891
5909 5916 5914
5888 5891 5915
5917 5916 5915
5918 5909 5910
5909 5918 5916
5919 5910 5911
5918 5910 5919
5920 5911 5912
5919 5911 5920
5921 5912 5913
5920 5912 5921
5888 5915 5922
5916 5923 5915
5922 5915 5923
5918 5924 5916
5924 5923 5916
5919 5925 5918
5918 5925 5924
5888 5922 5926
5885 5888 5926
5885 5926 5927
5927 5883 5885
5922 5928 5926
5928 5927 5926
5927 5929 5883
5880 5883 5929
5922 5923 5930
5922 5930 5928
5923 5931 5930
5930 5931 5928
5928 5932 5927
5932 5929 5927
5880 5929 5933
5877 5880 5933
5924 5934 5923
5923 5934 5931
5935 5932 5928
5931 5935 5928
5933 5929 5936
5932 5936 5929
5877 5933 5937
5851 5877 5937
5938 5851 5937
5933 5938 5937
5938 5850 5851
5850 5938 5841
5933 5939 5938
5933 5936 5939
5939 5841 5938
5940 5936 5932
5936 5940 5939
5939 5941 5841
5940 5941 5939
5841 5941 5818
5941 5942 5818
5941 5940 5942
5810 5818 5942
5810 5942 5943
5940 5943 5942
5810 5943 5807
5940 5932 5944
5940 5944 5943
5935 5944 5932
5944 5935 5943
5943 5945 5807
5935 5945 5943
5945 5805 5807
5935 5946 5945
5945 5946 5805
5935 5931 5946
5946 5806 5805
5931 5947 5946
5946 5947 5806
5931 5934 5947
5947 5948 5806
5948 5947 5934
5948 5798 5806
5948 5934 5924
5948 5949 5798
5949 5948 5924
5949 5924 5925
5949 5795 5798
5949 5925 5950
5919 5950 5925
5949 5951 5795
5949 5950 5951
5952 5950 5919
5951 5950 5952
5920 5952 5919
5953 5795 5951
5951 5952 5953
5953 5791 5795
5954 5952 5920
5953 5952 5954
5921 5954 5920
5953 5954 5955
5956 5954 5921
5921 5913 5956
5955 5954 5957
5956 5957 5954
5956 5913 5958
5906 5958 5913
5957 5956 5959
5956 5958 5959
5958 5906 5960
5908 5960 5906
5955 5957 5961
5957 5959 5962
5961 5957 5962
5963 5955 5961
5964 5955 5963
5791 5964 5963
5791 5963 5965
5965 5963 5771
5771 5963 5966
5963 5961 5966
5771 5966 5770
5961 5770 5966
5961 5962 5967
5961 5967 5770
5959 5968 5962
5967 5962 5968
5770 5967 5969
5967 5968 5969
5969 5773 5770
5959 5970 5968
5970 5959 5958
5969 5968 5971
5970 5971 5968
5773 5969 5972
5969 5971 5972
5761 5773 5972
5761 5972 5973
5971 5973 5972
5974 5761 5973
5974 5768 5761
5971 5975 5973
5975 5974 5973
5970 5958 5976
5970 5976 5977
5958 5960 5976
5977 5976 5960
5970 5978 5971
5978 5975 5971
5970 5977 5978
5978 5979 5975
5977 5979 5978
5980 5974 5975
5980 5975 5979
5977 5960 5981
5981 5960 5908
5768 5974 5982
5974 5980 5983
5974 5983 5982
5980 5984 5983
5984 5980 5979
5768 5982 5985
5768 5985 5766
5986 5766 5985
5985 5982 5986
5986 5767 5766
5983 5987 5982
5983 5984 5987
5986 5982 5988
5982 5987 5988
5979 5989 5984
5987 5984 616
5989 616 5984
5989 5979 5990
5977 5990 5979
612 616 5989
5989 5990 612
617 5987 616
5991 5990 5977
612 5990 5991
5991 5977 5981
612 5991 594
5987 5992 5988
5992 5987 617
5986 5988 5993
5993 5988 5992
5986 5993 5994
5993 5992 5995
5994 5767 5986
5994 5996 5767
5767 5996 5997
5998 5995 5992
5767 5997 5757
5992 617 5999
5998 5992 5999
641 5999 617
641 5998 5999
6000 5757 5997
5748 5757 6000
6001 6000 5997
6001 5997 6002
6003 6000 6001
5748 6000 6004
6003 6004 6000
5750 5748 6004
6005 6004 6003
5750 6004 6005
6006 6005 6003
6005 6006 6007
6005 6007 6008
6009 6008 6007
5750 6005 6010
6010 6005 6008
5750 6010 6011
6010 6008 6011
6011 6008 6012
6009 6013 6008
6013 6012 6008
6009 6014 6013
6013 6015 6012
6014 6015 6013
6014 6016 6015
6015 6016 6017
6015 6017 6018
6017 6019 6018
6017 6020 6019
6021 6019 6020
6021 6020 6022
6023 6019 6021
6024 6023 6021
6024 6025 6022
6026 6024 6022
6027 6024 6026
6028 6018 6019
6023 6028 6019
6024 6029 6023
6027 6029 6024
6030 6018 6028
6030 6031 6018
6032 6030 6028
6033 6028 6023
6029 6033 6023
6032 6028 6034
6033 6034 6028
5720 6032 6034
5750 6032 5720
5720 6034 6035
6035 6034 6033
6035 6033 6036
6037 6036 6033
6029 6037 6033
6037 6038 6036
5722 6038 6037
6039 6037 6029
6027 6039 6029
5722 6037 6040
6039 6040 6037
5712 5722 6040
6041 5712 6040
6040 6039 6041
5712 6041 5688
6042 6039 6027
6039 6042 6041
6041 6043 5688
5688 6043 5691
6044 6043 6041
6044 5691 6043
6044 6041 6042
6045 6042 6027
6044 6046 5691
5691 6046 5698
6046 6044 6047
6047 6044 6048
6044 6042 6048
6042 6049 6048
6046 6050 5698
6046 6051 6050
5698 6050 5855
6051 6052 6050
5855 6050 6052
6051 6053 6052
6053 6054 6052
6055 6052 6054
6055 5855 6052
5855 6055 6056
5857 5855 6056
5857 6056 6057
6058 5857 6057
6051 6059 6060
6060 6048 6061
6060 6061 6062
6062 6053 6063
6060 6062 6063
6048 6064 6061
6048 6045 6064
6045 6065 6064
6045 6066 6065
6027 6067 6065
6068 6069 5857
6068 5857 6070
6071 6072 6073
6071 6073 6074
6074 6075 6071
6074 6076 6075
6077 6075 6076
6077 6076 6078
6079 6077 6078
6080 6076 6074
6078 6076 6080
6080 6074 6081
6074 6073 6081
6073 6082 6081
6083 6078 6080
6073 6084 6082
6073 6085 6084
6086 6084 6085
6087 6078 6083
6079 6078 6087
6088 6087 6083
6079 6087 6089
6088 6089 6087
6088 6090 6089
6079 6089 6091
6089 6090 6092
6091 6089 6092
6091 6092 6093
6093 6092 6094
6093 6094 6095
6092 6096 6094
6092 6097 6096
6094 6096 6098
6095 6094 6099
6094 6098 6100
6095 6099 6101
6101 6099 6102
6101 6102 6103
6100 6098 6104
6103 6104 6105
6098 6106 6104
6104 6107 6105
6104 6106 6108
6104 6108 6107
6108 6106 6109
6107 6108 6110
6108 6109 6110
6107 6110 6111
6110 6109 6112
6111 6110 6113
6110 6112 6113
6114 6113 6112
6115 6116 6117
6118 6115 6117
6118 6117 6119
6120 6118 6119
6120 6121 6118
6122 6121 6120
6122 6120 6073
594 6123 6124
594 5991 6123
5991 6125 6123
5991 5981 6125
5981 5908 6125
5908 6126 6125
6126 6123 6125
6127 6126 5908
6127 5908 6128
6126 6129 6123
6129 6130 6123
6123 6130 6131
6132 6133 6134
6132 6135 6133
6136 6135 6132
6135 6137 6133
6135 6138 6137
6136 6139 6135
6140 6138 6135
6139 6140 6135
6140 6141 6138
6142 6141 6140
6143 6142 6140
6143 6140 6139
6144 6143 6139
6145 6144 6139
6145 6139 6146
6147 6148 6149
6147 6149 6150
6150 6149 6151
6152 6150 6151
6152 6153 6154
6154 6153 6155
6155 6153 6156
6156 6153 6157
6153 6158 6157
6152 6158 6153
6157 6158 6159
6160 6159 6158
6160 6158 6152
6152 6161 6160
6162 6163 6161
6161 6164 6162
6161 6165 6164
6162 6164 6166
6162 6166 6167
6166 6164 6168
6169 6170 6165
6170 6171 6168
6169 6171 6170
6171 6172 6168
6173 6171 6169
6174 6172 6171
6173 6174 6171
6175 6173 6169
6175 6169 6176
6174 6177 6172
6177 6178 6172
6177 6179 6178
6180 6179 6177
6177 6181 6180
6182 6177 6174
6177 6182 6181
6183 6173 6175
6184 6183 6175
6185 6183 6184
6185 6186 6183
6186 6187 6183
6183 6187 6173
6186 6188 6187
6189 6174 6173
6189 6173 6187
6188 6189 6187
6182 6174 6189
6188 6190 6189
6191 6189 6190
6191 6182 6189
6182 6192 6181
6182 6191 6192
6191 6193 6192
6192 6194 6181
6192 6195 6194
6195 6196 6194
6197 6198 6199
6200 6197 6199
6200 6199 6201
6201 6199 6202
6201 6202 6203
6204 6201 6203
6204 6203 6205
6206 6205 6203
6206 6207 6205
6204 6208 6201
6208 6200 6201
6204 6209 6208
6210 6208 6209
6210 6209 6211
6212 6200 6208
6212 6208 6210
6213 6210 6211
6213 6212 6210
6213 6211 6214
6213 6215 6212
6215 6216 6212
6216 6217 6212
6217 6200 6212
6217 6218 6200
6219 6207 6220
6219 6220 6221
6222 6219 6221
6223 6221 6220
6223 6220 6224
6223 6224 6202
6223 6225 6221
6221 6225 6226
6221 6226 6227
6228 6229 6227
6228 6230 6229
6231 6229 6230
6231 6232 6229
6233 6232 6231
6234 6230 6228
6234 6235 6230
6235 6231 6230
6236 6234 6228
6236 6228 6237
6236 6237 6238
6236 6238 6239
6235 6240 6231
6240 6241 6231
6233 6231 6241
6240 6242 6241
6243 6233 6241
6242 6243 6241
6243 6244 6233
6242 6245 6243
6246 6238 6247
6246 6247 6248
6249 6248 6247
6249 6250 6248
6251 6252 6253
6251 6253 6254
6254 6253 6255
6251 6254 6256
6251 6256 6257
6257 6256 6258
6258 6256 6259
6254 6255 6260
6256 6254 6260
6261 6260 6255
6259 6256 6262
6256 6260 6262
6259 6262 6263
6261 6264 6260
6260 6264 6262
6261 6265 6264
6261 6266 6265
6264 6267 6262
6262 6267 6268
6267 6269 6268
6264 6270 6267
6264 6271 6270
6272 6271 6266
6272 6266 6273
6274 6272 6273
6275 6271 6272
6275 6276 6271
6274 6277 6272
6278 6277 6274
6279 6272 6277
6280 6276 6279
6280 6281 6276
6282 6276 6281
6282 6281 6283
6277 6278 6284
6284 6278 6285
6279 6277 6286
6277 6284 6286
6287 6279 6286
6287 6286 6284
6287 6288 6279
6287 6284 6289
6289 6284 6290
6284 6285 6290
6289 6290 6291
6292 6290 6285
6291 6290 6292
6292 6285 6293
6291 6292 6294
6295 6292 6293
6294 6292 6296
6295 6296 6292
6294 6296 6297
6298 6296 6295
6297 6296 6298
6298 6295 6299
6297 6298 6300
6301 6302 6303
6301 6304 6302
6301 6305 6304
6306 6302 6304
6307 6304 6305
6306 6304 6307
6307 6305 6308
6309 6306 6307
6310 6307 6308
6309 6307 6311
6310 6311 6307
6312 6309 6311
6313 6311 6310
6312 6311 6314
6313 6314 6311
6315 6312 6314
6316 6314 6313
6315 6314 6316
6316 6313 6317
6318 6315 6316
6319 6316 6317
6318 6316 6320
6319 6320 6316
6321 6318 6320
6319 6322 6320
6321 6320 6322
6319 6323 6322
6324 6321 6322
6323 6325 6322
6324 6322 6325
6323 6326 6325
6327 6325 6326
6328 6324 6325
6327 6328 6325
6328 6329 6324
6330 6329 6328
6331 6328 6327
6330 6328 6331
6331 6327 6332
6331 6332 6333
6331 6334 6330
6331 6333 6335
6331 6335 6334
6335 6333 6336
6334 6335 6337
6335 6336 6337
6334 6337 6338
6337 6336 6339
6338 6337 6340
6337 6339 6340
6338 6340 6341
6342 6340 6339
6342 6341 6340
6343 6344 6345
6345 6344 6346
6345 6346 6347
6347 6346 6348
6347 6348 6349
6349 6348 6350
6349 6350 6351
6351 6350 6352
6351 6352 6353
6353 6352 6354
6353 6354 6355
6355 6354 6356
6355 6356 6357
6357 6356 6358
6357 6358 6359
6359 6358 6360
6359 6360 6361
6361 6360 6362
6361 6362 6363
6363 6362 6364
6363 6364 6365
6365 6364 6366
6365 6366 6367
6367 6366 6368
6367 6368 6369
6369 6368 6370
6370 6368 6371
6371 6368 6366
6371 6366 6372
6372 6366 6364
6372 6364 6373
6373 6364 6362
6373 6362 6374
6374 6362 6360
6374 6360 6375
6375 6360 6358
6375 6358 6376
6376 6358 6356
6376 6356 6377
6377 6356 6354
6377 6354 6378
6378 6354 6352
6378 6352 6379
6379 6352 6350
6379 6350 6380
6380 6350 6348
6380 6348 6381
6381 6348 6346
6381 6346 6382
6382 6346 6344
6382 6344 6383
6383 6344 6384
6385 6386 6387
6385 6387 6388
6388 6387 6389
6388 6389 6390
6390 6389 6391
6390 6391 6392
6392 6391 6393
6392 6393 6394
6395 6394 6393
6395 6393 6396
6397 6395 6396
6397 6396 6398
6399 6397 6398
6399 6398 6400
6401 6399 6400
6401 6400 6402
6403 6401 6402
6403 6402 6404
6405 6403 6404
6405 6404 6406
6407 6405 6406
6407 6406 6408
6409 6407 6408
6409 6408 6410
6411 6409 6410
6411 6410 6412
6413 6411 6412
6413 6412 6414
6415 6413 6414
6415 6414 6416
6417 6415 6416
6417 6416 6418
6419 6417 6418
6419 6418 6420
6421 6419 6420
6421 6420 6422
6421 6422 6423
6424 6425 6426
6424 6426 6427
6427 6426 6428
6427 6428 6429
6429 6428 6430
6429 6430 6431
6431 6430 6432
6431 6432 6433
6433 6432 6434
6433 6434 6435
6434 6436 6435
6437 6438 392
6439 6438 6437
6439 397 6438
1221 6440 1187
1221 6441 6440
6441 1221 6442
1221 6443 6442
1221 1286 6443
6443 1286 1290
6442 6443 6444
6443 1290 6444
6442 6444 6445
6444 1290 6446
1291 6446 1290
6447 6446 1291
6445 6444 6448
6444 6446 6448
6445 6448 6449
6447 6450 6446
6448 6446 6450
6451 6450 6447
6449 6448 6452
6448 6450 6452
6449 6452 6453
6451 6454 6450
6452 6450 6454
6455 6454 6451
6453 6452 6456
6452 6454 6456
6453 6456 6457
6455 6458 6454
6456 6454 6458
6455 6459 6458
6457 6456 6460
6456 6458 6460
6460 6458 6459
6457 6460 6461
6459 6461 6460
867 6462 6463
6462 6464 6463
867 6463 874
6462 6465 6464
896 874 6463
6464 896 6463
6466 6464 6465
6464 6467 896
898 896 6467
6468 898 6467
6469 6468 6467
6469 6467 6470
6470 6467 6464
6469 6470 6471
6471 6470 6472
6471 6472 6473
6473 6472 6474
6472 6475 6474
6476 6475 6472
6470 6464 6477
6466 6477 6464
6472 6470 6477
6466 6478 6477
6472 6477 6478
6476 6472 6478
6466 6479 6478
6476 6478 6480
6479 6480 6478
6479 6481 6480
6480 6481 6482
6480 6483 6476
6480 6482 6484
6480 6484 6483
6484 6482 6485
6486 6483 6484
6484 6485 6486
6486 6487 6483
6485 6488 6486
6487 6486 6488
6485 6489 6488
6487 6488 6490
6488 6489 6491
6492 6490 6488
6488 6491 6492
6492 6493 6490
6492 6491 6494
6494 6493 6492
6495 6496 6497
6495 6498 6496
6499 6495 6497
6500 6498 6495
6500 6501 6498
6502 6500 6495
6499 6502 6495
6502 6503 6500
6504 6503 6502
6505 6502 6499
6504 6502 6505
6505 6499 6506
6507 6504 6505
6505 6506 6508
6507 6505 6509
6505 6508 6509
6510 6507 6509
6509 6508 6511
6510 6509 6512
6512 6509 6511
6513 6501 6514
6513 6514 6515
6516 6513 6515
6515 6514 6517
6516 6515 6518
6518 6515 6517
6519 6520 6521
6519 6522 6520
6519 6521 6523
6523 6521 6524
6519 6525 6522
6525 6526 6522
6523 6524 6527
6527 6524 6528
6527 6528 6529
6530 6527 6529
6530 6531 6527
6532 6527 6531
6532 6523 6527
6533 6523 6532
6533 6519 6523
6533 6525 6519
6533 6534 6525
6534 6535 6525
6525 6535 6526
6534 6536 6535
6535 6536 6537
6526 6535 6538
6535 6537 6538
6526 6538 6539
6537 6540 6538
6538 6540 6539
6541 6542 6543
6544 6543 6542
6541 6545 6542
6546 6545 6541
6544 6542 6547
6548 6542 6545
6547 6542 6548
6549 6544 6547
6549 6550 6544
6550 6549 6551
6550 6551 6552
6551 6553 6552
6554 6553 6551
6555 6553 6554
6555 6554 6556
6554 6551 6557
6556 6554 6557
6557 6551 6549
6556 6557 6558
6557 6549 6559
6559 6558 6557
6559 6549 6547
6559 6560 6558
6559 6547 6561
6560 6559 6561
6547 6548 6561
6560 6561 6562
6561 6563 6562
6548 6564 6561
6561 6564 6563
6564 6548 6565
6548 6545 6565
6563 6564 6566
6564 6565 6566
6563 6566 6567
6565 6545 6568
6546 6568 6545
6566 6565 6569
6565 6568 6569
6567 6566 6570
6566 6569 6570
6567 6570 6571
6572 6568 6546
6569 6568 6572
6572 6546 6573
6574 6572 6573
6571 6570 6575
6571 6575 6576
6570 6569 6577
6569 6572 6577
6570 6577 6575
6574 6578 6572
6572 6578 6577
6579 6576 6575
6579 6580 6576
6579 6581 6580
6582 6578 6574
6582 6574 6583
6584 6582 6583
6577 6578 6585
6582 6585 6578
6575 6577 6586
6575 6586 6579
6577 6585 6586
6584 6587 6582
6587 6585 6582
6588 6586 6585
6587 6588 6585
6589 6579 6586
6588 6589 6586
6579 6590 6581
6589 6590 6579
6587 6584 6591
6584 6592 6591
6591 6592 6593
6594 6588 6587
6594 6587 6591
6589 6588 6595
6594 6595 6588
6591 6593 6596
6594 6591 6596
6593 6597 6596
6593 6598 6597
6597 6598 6599
6600 6597 6599
6597 6600 6601
6597 6601 6596
6594 6596 6601
6601 6595 6594
6589 6595 6602
6590 6589 6602
6601 6603 6595
6602 6595 6603
6604 6603 6601
6604 6605 6603
6605 6604 6606
6602 6603 6607
6607 6603 6605
6590 6602 6608
6608 6602 6607
6605 6606 6609
6610 6609 6606
6590 6608 6611
6581 6590 6611
6581 6611 6612
6607 6605 6613
6613 6605 6609
6608 6607 6614
6611 6608 6614
6614 6607 6613
6614 6613 6615
6610 6616 6609
6616 6610 6617
6613 6609 6618
6618 6609 6616
6615 6613 6618
6619 6616 6617
6618 6616 6619
6620 6619 6617
6621 6619 6620
6622 6618 6619
6621 6622 6619
6615 6618 6622
6622 6621 6623
6622 6623 6615
6623 6624 6615
6615 6624 6625
6626 6615 6625
6626 6614 6615
6611 6614 6626
6626 6627 6611
6627 6612 6611
6627 6626 6628
6627 6629 6612
6627 6628 6630
6629 6627 6630
6630 6628 6631
6629 6630 6632
6630 6631 6633
6632 6630 6633
6633 6631 6634
6632 6633 6635
6635 6633 6634
6636 6637 6638
6636 6639 6637
6637 6639 6640
6641 6638 6637
6637 6640 6641
6641 6642 6638
6641 6640 6643
6641 6644 6642
6641 6643 6645
6644 6641 6645
6646 6647 6648
6646 6648 6649
6648 6650 6649
6651 6648 6647
6648 6651 6650
6651 6647 6652
6651 6653 6650
6651 6652 6654
6651 6655 6653
6654 6655 6651
6656 6657 6658
6659 6657 6656
6659 6660 6657
6661 6660 6659
6661 6659 6662
6663 6661 6662
6663 6662 6664
6665 6661 6663
6665 6666 6661
6665 6667 6666
6668 6666 6667
6668 6669 6658
6668 6667 6669
6665 6663 6670
6663 6671 6670
6672 6663 6664
6663 6672 6671
6672 6664 6673
6671 6672 6674
6672 6673 6674
6675 6676 6677
6677 6676 6678
6675 6679 6676
6680 6679 6675
6680 6681 6679
6682 6680 6675
6683 6681 6680
6682 6684 6680
6684 6685 6680
6683 6680 6685
6684 6686 6685
6687 6683 6685
6686 6687 6685
6687 6688 6683
6686 6689 6687
6690 6688 6687
6689 6690 6687
6691 6692 6678
6691 6682 6693
6691 6693 6692
6694 6695 6696
6696 6695 6697
6694 6696 6698
6699 6694 6698
6698 6700 6699
6700 6701 6699
6700 6702 6701
6702 6700 6703
6698 6703 6700
6704 6702 6703
6705 6704 6703
6706 6704 6705
6707 6706 6705
6698 6708 6703
6708 6705 6703
6707 6705 6709
6708 6709 6705
6707 6709 6710
6708 6698 6711
6709 6708 6711
6698 6696 6711
6710 6709 6712
6709 6711 6712
6710 6712 6713
6712 6714 6713
6711 6714 6712
6715 6713 6714
6696 6716 6711
6711 6716 6714
6715 6714 6717
6717 6714 6716
6718 6715 6717
6716 6696 6719
6696 6697 6719
6716 6719 6720
6717 6716 6720
6697 6721 6719
6721 6720 6719
6697 6722 6721
6721 6722 6723
6718 6717 6724
6718 6724 6725
6726 6717 6720
6721 6726 6720
6726 6724 6717
6721 6723 6727
6726 6721 6727
6723 6728 6727
6727 6728 6729
6724 6730 6725
6730 6731 6725
6732 6731 6730
6724 6726 6733
6726 6727 6733
6724 6733 6730
6727 6729 6734
6734 6733 6727
6734 6729 6735
6736 6730 6733
6734 6736 6733
6732 6730 6737
6736 6737 6730
6734 6735 6738
6738 6736 6734
6732 6737 6739
6732 6739 6740
6741 6740 6739
6742 6737 6736
6738 6742 6736
6742 6739 6737
6743 6738 6735
6743 6742 6738
6743 6735 6744
6741 6739 6745
6745 6739 6742
6743 6745 6742
6745 6746 6741
6745 6747 6746
6747 6745 6743
6747 6748 6746
6744 6749 6743
6747 6743 6749
6748 6747 6749
6744 6750 6749
6750 6748 6749
6751 6752 6753
6751 6753 6754
6753 4476 6754
6753 6752 6755
6753 6756 4476
4476 6756 4475
6757 6756 6753
4475 6756 6757
6753 6755 6758
6757 6753 6758
6755 6759 6758
6759 6757 6758
6755 6760 6759
6761 6759 6760
6761 6762 6759
6762 6763 6759
6759 6763 6757
6762 6764 6763
6763 6764 6765
4475 6757 6766
6766 6757 6763
4492 4475 6766
6763 6765 6767
6766 6763 6767
4492 6766 6767
6767 6765 6768
4492 6767 6769
6767 6768 6769
4493 4492 6769
6768 6770 6769
6770 4493 6769
6768 6771 6770
6770 6771 6772
4494 4493 6770
6770 6772 6773
4494 6770 6773
6773 6772 6774
6775 4494 6773
6774 6775 6773
6775 4496 4494
6774 6776 6775
6777 4496 6775
6776 6777 6775
6776 6778 6777
6777 6779 4496
6777 6778 6780
6779 6777 6781
6777 6780 6781
6779 6781 6782
6780 6783 6781
6783 6782 6781
6784 6785 6786
6787 6785 6784
6788 6785 6787
6786 6785 6789
6788 6789 6785
6786 6789 6790
6791 6789 6788
6790 6789 6792
6791 6792 6789
6790 6792 6793
6794 6792 6791
6795 6794 6791
6796 6794 6795
6793 6792 6797
6794 6797 6792
6793 6797 6798
6796 6799 6794
6799 6797 6794
6798 6797 6800
6799 6800 6797
6798 6800 6801
6802 6799 6796
6802 6800 6799
6803 6802 6796
6804 6802 6803
6801 6800 6805
6802 6805 6800
6801 6805 6806
6804 6807 6802
6807 6805 6802
6808 6807 6804
6806 6805 6809
6807 6809 6805
6806 6809 6810
6808 6811 6807
6811 6809 6807
6812 6811 6808
6810 6809 6813
6811 6813 6809
6810 6813 6814
6814 6813 6815
6812 6816 6811
6816 6813 6811
6817 6816 6812
6815 6813 6818
6816 6818 6813
6815 6818 6819
6817 6820 6816
6820 6818 6816
6821 6820 6817
6819 6818 6822
6820 6822 6818
6819 6822 6823
6821 6824 6820
6824 6822 6820
6825 6824 6821
6823 6822 6826
6823 6826 6827
6825 6828 6824
6829 6828 6825
6824 6830 6822
6822 6830 6826
6827 6826 6831
6827 6831 6832
6829 6833 6828
6834 6833 6829
6828 6835 6824
6835 6830 6824
6835 6828 6833
6826 6836 6831
6826 6830 6836
6832 6831 6837
6837 6831 6836
6832 6837 6838
6838 6837 6839
6839 6837 6840
6840 6837 6836
6834 6841 6833
6842 6841 6834
6843 6841 6842
6844 6841 6843
6844 6833 6841
6835 6833 6844
6845 6830 6835
6836 6830 6845
6846 6845 6835
6836 6845 6846
6846 6835 6847
6848 6846 6847
6846 6848 6849
6836 6846 6850
6851 6846 6849
6850 6846 6852
6851 6852 6846
6850 6852 6853
6854 6852 6851
6853 6852 6855
6854 6855 6852
6853 6855 6856
6857 6855 6854
6856 6855 6857
6858 6859 6860
6861 6859 6858
6859 6862 6860
6863 6859 6861
6862 6859 6863
